{
"type": "FeatureCollection",
"name": "GUL",
"crs": { "type": "name", "properties": { "name": "urn:ogc:def:crs:EPSG::7844" } },
"features": [
{"type":"Feature","properties":{"Region":"Goulburn","IATA":"GUL","Channels":"#nsw","Status":"Future","Scopes":"au, au-nsw, ?au-nsw-gul?"},"geometry":{"type":"MultiPolygon","coordinates":[[[[150.083104116596814,-34.582318117142499],[150.083534109525743,-34.582374115181125],[150.083806104462752,-34.582548115206514],[150.084036110397534,-34.582787112228615],[150.084796095191962,-34.583501111301118],[150.085398107006768,-34.584238102359741],[150.08610810780678,-34.584966103427902],[150.086348108708989,-34.585444098452534],[150.087326105439928,-34.586397094546093],[150.087597105378507,-34.586560095571322],[150.087870103326452,-34.5866490895962],[150.088457092251048,-34.586559091647807],[150.088737082222764,-34.586457080672012],[150.08873737822276,-34.586456847672054],[150.088744558222459,-34.586450823672649],[150.089002066212316,-34.586235078694067],[150.089403071242828,-34.585543076724996],[150.090069051262788,-34.584630067777951],[150.090319039255149,-34.584403063798632],[150.091317018221559,-34.583523050881361],[150.091896011187174,-34.583127048930159],[150.092110994185077,-34.582898045947722],[150.092460994222506,-34.582211036974122],[150.092387991264019,-34.581975041966011],[150.092113989337179,-34.581725036939915],[150.091933992394189,-34.5814920449223],[150.091786975569903,-34.580309041901074],[150.091932962577516,-34.580084035912527],[150.092214970536048,-34.580081032937585],[150.092491966489348,-34.58012403296253],[150.092899962430295,-34.580113024998752],[150.094028949258615,-34.580145017099426],[150.094598942166925,-34.580200011150524],[150.095459933040644,-34.580189011227077],[150.095745920011467,-34.580087001251812],[150.096324911931191,-34.580044001303051],[150.096882901869719,-34.579879996351579],[150.097159888831129,-34.579860992376091],[150.097618898763926,-34.57985399141689],[150.097981894659995,-34.580238985451849],[150.098161891602984,-34.580471986469469],[150.098266895557344,-34.580702988480411],[150.09854691027175,-34.582578988518229],[150.098679918219204,-34.5828309935318],[150.098755914147461,-34.583295991541767],[150.098888832065171,-34.583776837556904],[150.099090923940025,-34.584507993579919],[150.09910722890794,-34.584736126582939],[150.099029376887131,-34.584984689577723],[150.096559262171922,-34.585612768362211],[150.095404073293849,-34.585993074262021],[150.094309310374058,-34.586625242168957],[150.093357486417688,-34.587375277089421],[150.093124942391512,-34.587841951071923],[150.093126610365175,-34.588042323073445],[150.0933507092642,-34.588562808096981],[150.094160049032695,-34.589419208174881],[150.094918472780051,-34.590496194249766],[150.095489037596764,-34.591253884305772],[150.095989899389593,-34.59227464035736],[150.096165251242894,-34.593201784379325],[150.096310404181821,-34.593505744394349],[150.096533400012078,-34.594555651421409],[150.096595949913251,-34.595244004431699],[150.0966264718611,-34.595609627436929],[150.096898500737922,-34.596245729465515],[150.097063616651468,-34.596721878483471],[150.09748607950246,-34.597385060525639],[150.097421081449767,-34.597864069523162],[150.097453090382544,-34.598344072529308],[150.097396088359886,-34.598583070525876],[150.097233105353354,-34.598819073513006],[150.096945101368931,-34.599028078488807],[150.096641105398334,-34.599149091462579],[150.095502132503327,-34.599641089364603],[150.09525813251318,-34.599844096344285],[150.095158139496107,-34.600089091337068],[150.095098142411558,-34.60080709733667],[150.09545514922624,-34.601824096375431],[150.095439157168443,-34.602286100377178],[150.095270167102427,-34.602986106366956],[150.094878180070197,-34.603681111336847],[150.094360187057134,-34.604372118295508],[150.094073196072571,-34.604581122271412],[150.093500209114154,-34.604915130222722],[150.093046219126308,-34.605340140185241],[150.092790225133854,-34.605574145164077],[150.092656232122891,-34.60581114315378],[150.092555243012299,-34.606776152151426],[150.092205260843656,-34.608471161131938],[150.092142269794834,-34.608918168129399],[150.091878279679946,-34.610102176114069],[150.091728293539234,-34.61135417610933],[150.09152730250517,-34.611845196094826],[150.091190310491697,-34.612333187068188],[150.090574332486199,-34.613078201018496],[150.09016234645398,-34.613796207986795],[150.090086350432216,-34.61405021098178],[150.090068350403669,-34.614290212981821],[150.090244348315537,-34.614766209000742],[150.09046834925141,-34.615003208022316],[150.090773348186445,-34.615154206050491],[150.09104934913168,-34.615260205075771],[150.091336340074179,-34.615374200102089],[150.091615344028554,-34.615406201127129],[150.091914337981166,-34.615429194153876],[150.09221233592973,-34.615484197180777],[150.092823329808908,-34.615715190236727],[150.093756318650748,-34.615865184320775],[150.094647311484437,-34.616126179401867],[150.094974299428287,-34.616184176431354],[150.097044279065216,-34.616611157618493],[150.097599274961283,-34.61677615766903],[150.099022251751705,-34.616762146795573],[150.099583244670868,-34.616743143845376],[150.099827244664027,-34.616517125865528],[150.099831242693654,-34.616285137864303],[150.100023232694696,-34.616058133879825],[150.10030222764621,-34.616112132905045],[150.100577224586743,-34.6162551259305],[150.100801225522588,-34.61649212495206],[150.100909232475942,-34.616727133963295],[150.101007234400697,-34.617193134975217],[150.1009482333493,-34.617655129973144],[150.1006442463339,-34.618120136949265],[150.100485252327843,-34.618348144936689],[150.100076252329472,-34.618802143903416],[150.099815274308639,-34.619260149883338],[150.09952528131717,-34.619525151859342],[150.098488300357388,-34.620399167773051],[150.098306304365451,-34.620545172757843],[150.09775531540069,-34.620903175711284],[150.097201331436366,-34.621261179664437],[150.096975331447652,-34.621432185645503],[150.09688934730417,-34.622632193646098],[150.097036355198981,-34.623272194663564],[150.097033890191511,-34.623332584663764],[150.097032922190209,-34.623343619663771],[150.09703213318889,-34.623354653663768],[150.097031505187545,-34.623365715663788],[150.097031057186143,-34.623376776663818],[150.097030779184763,-34.623387838663874],[150.097030690183146,-34.623400190663951],[150.09703082418153,-34.623412561664047],[150.097031003180632,-34.623419194664102],[150.097031165179857,-34.623424922664164],[150.097031703178175,-34.623437283664302],[150.097032411176457,-34.623449618664438],[150.097032886175441,-34.623457112664539],[150.097033388174367,-34.623464614664634],[150.09703397917329,-34.62347210866475],[150.097034714172196,-34.623479575664867],[150.097035656171101,-34.623487024664989],[150.09703667817007,-34.623493685665132],[150.097037825169082,-34.623500327665269],[150.097039107168001,-34.623506951665433],[150.097040523166925,-34.623513549665603],[150.097042065165823,-34.623520102665786],[150.097067119148846,-34.623622273668715],[150.097102410130503,-34.623722580672556],[150.097146853111497,-34.623817939677167],[150.0971993550923,-34.623905194682429],[150.097246022077542,-34.623965531686999],[150.097299008062322,-34.624021860692103],[150.097356260046894,-34.624075124697562],[150.097415727031375,-34.62412625570321],[150.09747535601602,-34.624176193708855],[150.097623027980688,-34.624278965722709],[150.097785419945495,-34.624364060737747],[150.09795318891031,-34.62444286275322],[150.098116951875028,-34.624526774768377],[150.098267349839574,-34.624627189782437],[150.098351296818038,-34.624696991790394],[150.098432895796378,-34.624770218798162],[150.098511832774705,-34.624846537805709],[150.098587757753108,-34.624925635813007],[150.098660347731681,-34.625007181820031],[150.099239347548234,-34.625755180876709],[150.099406355474059,-34.626134177894166],[150.099400357410474,-34.626629186897041],[150.099613359328799,-34.627013185918635],[150.09963436129479,-34.627250183922122],[150.099177368324149,-34.627546183883503],[150.098098390409774,-34.628120200791408],[150.097326403486846,-34.628409217724681],[150.096583414599593,-34.628391217658439],[150.095910425685673,-34.628498220599283],[150.095169434737983,-34.628942224536402],[150.094601449782175,-34.629251231487977],[150.093991458816703,-34.629682246436651],[150.093261475837409,-34.630356247376334],[150.09241649386351,-34.631120265306407],[150.091777512864468,-34.631842269254506],[150.091462517846736,-34.632338273229884],[150.091519922776399,-34.632812673238256],[150.091075172717353,-34.633773908205285],[150.0902829347188,-34.634667231140938],[150.090025049736965,-34.634822048119055],[150.08929293476541,-34.635439550058159],[150.088135594845824,-34.636143320960052],[150.08711862192709,-34.636680334873269],[150.086528630998004,-34.636809335821667],[150.085620795136407,-34.636783088740735],[150.084700239294449,-34.636620840657727],[150.082827036537708,-34.636891534492982],[150.082227552616359,-34.636971923440214],[150.08095418275235,-34.637381757329791],[150.080208218770849,-34.638091623268323],[150.079800662809077,-34.638263597233262],[150.079246751827554,-34.638754411187385],[150.078393774849616,-34.63955942111707],[150.077934792805394,-34.64042343208218],[150.077814800733023,-34.641116437076263],[150.077930803608609,-34.641939438092244],[150.077833813550114,-34.642499445087466],[150.078016821395209,-34.643480444110466],[150.078567828146618,-34.644760447168252],[150.078822835998693,-34.645605445196729],[150.07936083584562,-34.646166447248433],[150.080301829617497,-34.64684344233676],[150.080701820514264,-34.647179439374632],[150.081012825400393,-34.647698435405879],[150.081300829226421,-34.648705440438391],[150.081546836107378,-34.649338440464618],[150.082001830012473,-34.64954743550652],[150.082830827862608,-34.649751429581649],[150.083847827616381,-34.65048042467712],[150.084730824407245,-34.651077416759762],[150.085210818297156,-34.651374411804483],[150.085758822138871,-34.651963407857266],[150.086764813895996,-34.65267940595168],[150.087156817802224,-34.65295139998841],[150.087507811727988,-34.653120398020818],[150.087663883692414,-34.653215291035345],[150.087794533662617,-34.653294685047513],[150.087846811650707,-34.653326399052375],[150.087951026627024,-34.653388923062074],[150.087951501626947,-34.653389201062119],[150.088036811607594,-34.653440394070067],[150.088175798575975,-34.653524395083011],[150.08829580854885,-34.653595399094172],[150.088597804526188,-34.653424393119863],[150.09108877809075,-34.653922369344897],[150.092622765822654,-34.65422835548349],[150.094079753577091,-34.654449344614648],[150.098488706842659,-34.655051303011156],[150.097616762484648,-34.658793333959252],[150.096806812151783,-34.662271357911038],[150.095395903572324,-34.66832739482706],[150.095353907555364,-34.668505392824549],[150.093619026843157,-34.675949457721266],[150.093594330833184,-34.676054067719789],[150.093577021826235,-34.676127446718752],[150.09257646541522,-34.680422179659203],[150.092678843397607,-34.680440447668438],[150.092791090378313,-34.680460473678558],[150.101363988924277,-34.681819404450856],[150.101579509887614,-34.681854606470282],[150.102808983678329,-34.68205539958111],[150.103258087601859,-34.682128662621579],[150.103899972492599,-34.682233388679464],[150.112613870014286,-34.683617320464862],[150.112095906809998,-34.685773337433524],[150.111997912770931,-34.686184335427619],[150.111715933659866,-34.68735734441055],[150.115049880096024,-34.68787232571102],[150.115235874064695,-34.687900328727778],[150.114284952576185,-34.692727351676204],[150.114333958567926,-34.692734352680624],[150.118005899957552,-34.693219331011036],[150.11798970194917,-34.693302167010138],[150.117970895939408,-34.693398333009135],[150.117445940672638,-34.696040349980507],[150.117404948651739,-34.696247345978271],[150.116744002315187,-34.699578370942255],[150.116757000313783,-34.699574363943384],[150.116896999299712,-34.699522372955492],[150.118067972160333,-34.699253355057969],[150.118344968122898,-34.699224356082439],[150.118920957035613,-34.699235355133823],[150.119481949968474,-34.699109348182944],[150.119529933991998,-34.698874349185594],[150.119861932003147,-34.698410337211989],[150.120090916998919,-34.698181334230824],[150.120374913975297,-34.698038332255138],[150.120922908855505,-34.698330333305961],[150.121518905748133,-34.698472332360041],[150.121788891685441,-34.69864432438527],[150.122163900535412,-34.699365324423631],[150.122448901464452,-34.699583328450515],[150.123003888359392,-34.699754325501154],[150.123287885311868,-34.699794322526735],[150.123504876279014,-34.69979832054608],[150.123637892258785,-34.699801314557959],[150.123858881224834,-34.69980931957771],[150.124396873118258,-34.700011313627023],[150.124944867994003,-34.700337306678094],[150.125951854824393,-34.700487300768863],[150.125986849843343,-34.700302302770709],[150.13053078109175,-34.700872268179594],[150.132181085812931,-34.701124147328407],[150.13395953051247,-34.701395586488808],[150.135018714333455,-34.701557242584343],[150.139345637609296,-34.702165206974293],[150.14340457992995,-34.702735182340149],[150.143404104907233,-34.702909451341313],[150.143403970900664,-34.702959596341643],[150.143403585881856,-34.703104185342596],[150.14327492581819,-34.703737517335476],[150.143194241778303,-34.704134684331009],[150.142402394387318,-34.708027077287092],[150.142378846375919,-34.708141027285777],[150.141787379076476,-34.711104805253363],[150.141228791795811,-34.713887897222634],[150.140948319655138,-34.715282979207203],[150.141059069635759,-34.715305102217236],[150.141162334617661,-34.715325737226586],[150.151288982930623,-34.71668148913912],[150.158670836705909,-34.717630883804311],[150.159256076608813,-34.717706144857054],[150.159210916578104,-34.717992042854995],[150.159427477541868,-34.718022411874522],[150.161964436117074,-34.718378148103398],[150.165842370467772,-34.718922127453283],[150.166101366424442,-34.718958126476657],[150.170348302713251,-34.71955410585992],[150.170702299654067,-34.719603103891856],[150.170683107644464,-34.719698542890796],[150.170666300636015,-34.719782104889887],[150.169990348293709,-34.723165119852723],[150.170886334142807,-34.723297114933636],[150.170776338088501,-34.723837113927516],[150.170165383788458,-34.726823122893443],[150.176314297771484,-34.727587087447802],[150.176275295748326,-34.72780808544583],[150.178464263382097,-34.728112072643434],[150.177191361641832,-34.735209107578406],[150.178516346422185,-34.735377101697907],[150.177905393057728,-34.738853109667176],[150.177868399035447,-34.739065116665323],[150.179176389723665,-34.739955105788255],[150.179512386643637,-34.74018310481982],[150.17815140286632,-34.740033109697244],[150.177443448499304,-34.743639130658728],[150.176504512012741,-34.748419145607649],[150.176360918932204,-34.749197093600152],[150.176137903969646,-34.749165164580013],[150.174496545245432,-34.748930164431812],[150.174360543268335,-34.748910165419524],[150.172915557511146,-34.748703169289051],[150.172236612123754,-34.752431190253979],[150.171265672569433,-34.757765207203853],[150.171232676550773,-34.757945213202142],[150.169194807387584,-34.769138257096884],[150.169189805385201,-34.769162253096596],[150.169187806383661,-34.769176255096511],[150.169572800335715,-34.769103252130378],[150.169863789294766,-34.769084240156253],[150.170162792241456,-34.769150241183389],[150.170413784192135,-34.769240240206422],[150.170712777144075,-34.769266244233293],[150.170990777098325,-34.769298237258347],[150.171274774055433,-34.769302235283725],[150.171565763022045,-34.769225234309189],[150.17182776299444,-34.769137244331979],[150.171984757995148,-34.768953231344739],[150.17217075098938,-34.768785228360201],[150.172404746975701,-34.768623231379983],[150.172651740959395,-34.768466227400971],[150.172893740940822,-34.768332224421641],[150.173127736922623,-34.768204219441671],[150.173312726920727,-34.768008221456853],[150.173553723905968,-34.767846215477263],[150.173766725895433,-34.76768421849517],[150.173902726900849,-34.76748820350597],[150.174094726894964,-34.767314212521924],[150.174209716908564,-34.767079212530589],[150.174387704907048,-34.766888208545168],[150.17450970491754,-34.766669209554586],[150.174659698920067,-34.766479208566665],[150.174775692932911,-34.766249201575448],[150.174897701941859,-34.766042205584924],[150.175005690952872,-34.765835200593145],[150.175030690980748,-34.765594203593729],[150.175034689012421,-34.765348205592396],[150.174989681051358,-34.765102197586693],[150.17495967808668,-34.764867198582408],[150.174956675117187,-34.764638204580571],[150.17502267713823,-34.764402200584854],[150.175180676139576,-34.764212200597647],[150.175309668147491,-34.764005194607762],[150.175487666145187,-34.763820196622397],[150.175714661132474,-34.763658190641543],[150.175934655117231,-34.763524187660273],[150.176147657104423,-34.763379186678314],[150.176374652089549,-34.763234185697584],[150.176595641074783,-34.763095180716384],[150.176829636055061,-34.762979177736476],[150.177113633016063,-34.76295318276167],[150.177344634965181,-34.763078175783157],[150.17756163591207,-34.763236174803623],[150.177777631861176,-34.763378182823878],[150.177974632810901,-34.763537176842576],[150.178184632760264,-34.763684176862348],[150.178394622708851,-34.763837173882145],[150.178617628658486,-34.763967169902962],[150.178806625608615,-34.764132169920977],[150.179065621554457,-34.764250171944916],[150.17933662050379,-34.764328166969655],[150.179587612450803,-34.76444616899289],[150.17983861340079,-34.764542165015968],[150.180110607348468,-34.764631159040867],[150.180374605299448,-34.764704153064955],[150.180659606257962,-34.764696157090356],[150.180949600221737,-34.764642167115895],[150.181198592199905,-34.764525151137335],[150.181376599196,-34.764352155152061],[150.181491580210576,-34.764110154160662],[150.181620581218482,-34.76390314917078],[150.181707585235642,-34.763673151176967],[150.181823579245474,-34.763466155185917],[150.181903573267363,-34.763208145191292],[150.182018572277485,-34.763000145200145],[150.182224564271024,-34.762815137217274],[150.182394557275785,-34.762585139230893],[150.18253155428107,-34.762389142241787],[150.182702551278993,-34.762210140255824],[150.182887549275648,-34.762025133271095],[150.183072548270729,-34.761852137286439],[150.183271539261597,-34.761695133303142],[150.183498534245985,-34.761556128322461],[150.18373353422686,-34.761434128342614],[150.183995524196291,-34.761369122365586],[150.184273524156623,-34.761355120390334],[150.184551524111583,-34.761382119415366],[150.184822515063217,-34.761442115439991],[150.185107516017951,-34.761463118465592],[150.185426507967691,-34.761483108494225],[150.185703503932643,-34.761435114518655],[150.185965502910307,-34.761307109541178],[150.18608749391845,-34.761106110550706],[150.186077498950795,-34.760871110548202],[150.18620648996108,-34.76064610555818],[150.18628748897757,-34.760428110563922],[150.186360490999874,-34.760175102568709],[150.186468480013104,-34.759951101576831],[150.186479479042276,-34.759716101576217],[150.186573475056235,-34.759503099583135],[150.186758474060355,-34.759261098598024],[150.186901467065383,-34.759060099609414],[150.186960459087516,-34.758824104613055],[150.187027447106914,-34.75860009461752],[150.187017461139874,-34.758360084614978],[150.186869456190436,-34.758143093600268],[150.186617461243543,-34.758025100576944],[150.186346462291226,-34.757970097552345],[150.186046061346332,-34.757891734524961],[150.185862469386279,-34.757796106507904],[150.185827465411052,-34.757647098503767],[150.185930461414415,-34.757504104511987],[150.186104461394535,-34.757458101527213],[150.186764443303872,-34.757398096585781],[150.187090445264261,-34.757329083614437],[150.188132427122696,-34.757222080706811],[150.18900429998925,-34.757247564784905],[150.189871403850304,-34.757320074862882],[150.190204397799278,-34.757330069892717],[150.190760397721675,-34.757289068942129],[150.19103138769421,-34.75719006196568],[150.191107384698597,-34.757070060971643],[150.191071385720534,-34.756944062967563],[150.190876382770654,-34.756784064949031],[150.190389387870852,-34.756574065904076],[150.190235394904988,-34.756489068889728],[150.190040392955098,-34.756329070871196],[150.189865398005253,-34.7561460708543],[150.189467397138003,-34.755587068814911],[150.189327406188937,-34.755358074800817],[150.189235391230369,-34.75514707179115],[150.189185398271661,-34.754889069784923],[150.189185398286611,-34.754775075784131],[150.189267382300699,-34.754574066790084],[150.189461381296582,-34.754385070806109],[150.189514206291165,-34.754366156810718],[150.18970437627172,-34.754298065827243],[150.189878376249567,-34.754269067842593],[150.190225372197887,-34.7542680728736],[150.190517365148395,-34.75431306290001],[150.191269363002732,-34.754568051968967],[150.191756348913742,-34.754692051013336],[150.192118350852382,-34.754748049046079],[150.192396341812469,-34.754736046070839],[150.192570341794124,-34.754678049086003],[150.192729335787703,-34.754546046099307],[150.192763335790119,-34.754489035101955],[150.192763335802965,-34.754391041101279],[150.19263733785391,-34.75414604608833],[150.192043339026554,-34.753506045030853],[150.19190333907369,-34.753306050016967],[150.191728335147076,-34.752946047998869],[150.191706337176555,-34.752746051995523],[150.19181632519178,-34.752505047003716],[150.191920325189727,-34.752402051012297],[150.192107322176923,-34.752287043028218],[150.192350318152108,-34.752200039049335],[150.192836309087312,-34.752141038092368],[150.193044309063879,-34.752083041110566],[150.193308298040989,-34.751957034133312],[150.193516298034893,-34.751767034150589],[150.193702292048471,-34.751452039165059],[150.193942069033568,-34.751292750185385],[150.193943261033496,-34.751292131185501],[150.193944444033377,-34.7512914861856],[150.193945628033305,-34.751290849185693],[150.193946793033234,-34.7512902041858],[150.193947958033135,-34.751289540185894],[150.193949321033017,-34.751288743186016],[150.193952019032849,-34.751287093186242],[150.193953355032761,-34.751286260186362],[150.193957720032472,-34.751283597186742],[150.193958733032389,-34.751282988186823],[150.193959764032286,-34.751282405186892],[150.193961368032177,-34.751281536187037],[150.193963000032028,-34.751280702187181],[150.193964658031888,-34.751279895187317],[150.193967993031606,-34.751278300187607],[150.193969033031493,-34.751277807187698],[150.193970063031429,-34.751277296187787],[150.193971103031345,-34.751276803187871],[150.193971776031276,-34.751276498187934],[150.19397216103124,-34.751276328187977],[150.193973237031145,-34.751275888188069],[150.193974411031007,-34.751275485188167],[150.193975594030917,-34.751275126188254],[150.193978015030609,-34.75127445418849],[150.193979207030509,-34.751274087188591],[150.193980560030326,-34.751273594188696],[150.193981905030199,-34.751273065188819],[150.193983241030082,-34.751272527188938],[150.193984576029976,-34.751272007189051],[150.19398593902983,-34.751271514189163],[150.193987230029677,-34.751271093189295],[150.193988529029554,-34.751270689189397],[150.19398983802941,-34.751270304189504],[150.193991156029227,-34.751269927189625],[150.193992473029084,-34.751269569189745],[150.193994356028895,-34.751269067189895],[150.193996256028669,-34.751268601190063],[150.193998166028422,-34.751268161190247],[150.194001993027968,-34.751267319190582],[150.194004145027719,-34.751266880190762],[150.194006305027443,-34.751266467190959],[150.1940106430269,-34.751265660191336],[150.194012813026632,-34.75126524819153],[150.194015574026309,-34.751264692191782],[150.194021095025619,-34.751263554192263],[150.194026608024956,-34.751262416192745],[150.194029002024649,-34.751261914192945],[150.194033771024095,-34.75126087419337],[150.194036164023771,-34.751260363193587],[150.194038557023475,-34.751259888193793],[150.194042161023049,-34.751259206194113],[150.194045782022584,-34.751258570194423],[150.19404940402211,-34.751257960194756],[150.194053043021626,-34.751257396195072],[150.194187279004154,-34.751238025206952],[150.194347276978846,-34.751249023221312],[150.194640273916491,-34.75139102224847],[150.194940280835766,-34.751665024277173],[150.195115275770689,-34.751962018294854],[150.195586280561542,-34.753020018344202],[150.196412285274874,-34.754265016426586],[150.196670278193608,-34.75459101845189],[150.197355278993996,-34.755333012518207],[150.197773287890527,-34.755646007557729],[150.19817027580882,-34.755817004594391],[150.198678264714488,-34.755958007640757],[150.19913126862221,-34.756146000682556],[150.199409259575589,-34.756185002707674],[150.199896255499368,-34.7562119937514],[150.200417250421879,-34.75620999479797],[150.200883243356287,-34.756179992839442],[150.201182237301936,-34.756253989866678],[150.201440229250807,-34.756349985890409],[150.201746233184906,-34.756503986918815],[150.202088227109186,-34.756691978950684],[150.202346228044576,-34.756890979975125],[150.202541222000519,-34.75700498399334],[150.202959211915783,-34.757174977031887],[150.203168216878709,-34.757219967050872],[150.203320209857594,-34.757207973064403],[150.203459204848912,-34.757115976076193],[150.203549203850429,-34.757001972083458],[150.203583203861911,-34.756875974085638],[150.203512199916133,-34.756543975077008],[150.203523197989682,-34.755970971074063],[150.203662193988492,-34.755821971085467],[150.203821187975393,-34.755740973099137],[150.203995187954661,-34.755700966114411],[150.204203178923763,-34.755699972133016],[150.204502172871031,-34.755761966160172],[150.204739171838753,-34.755737961181211],[150.204968165815927,-34.755651960201092],[150.205141160806761,-34.755524959215684],[150.206250139713063,-34.75497795031113],[150.206666130681299,-34.754746948346757],[150.207013117665753,-34.754470947375893],[150.207456108638127,-34.754177942413492],[150.207602104628421,-34.754085944425931],[150.207893101596454,-34.753998940451346],[150.208122095566068,-34.753969942471628],[150.208414088521153,-34.753979937497817],[150.209180079388346,-34.754120931567307],[150.209736070295918,-34.754192930617528],[150.210292061220684,-34.754133929666864],[150.211076041126518,-34.753959920735788],[150.211381041102157,-34.753798918761973],[150.21170003309382,-34.753499916788456],[150.211886026099961,-34.753241915803329],[150.212368009162134,-34.752220909839451],[150.212491998167678,-34.752037909849278],[150.212664994160747,-34.751893912863771],[150.212886996139019,-34.751806908883033],[150.213706976035866,-34.751660902955393],[150.214380968934023,-34.751670898015746],[150.214588959906905,-34.751640896034161],[150.214831955884279,-34.751536896055192],[150.214969955892997,-34.751313890066015],[150.2149899449239,-34.751055889066023],[150.214918949959326,-34.750866892058376],[150.214813945997435,-34.750695895047812],[150.214618952050586,-34.750512896029107],[150.214533946091734,-34.750295896020013],[150.214547948105405,-34.750175895020455],[150.214720944099298,-34.750025892034891],[150.214928935083378,-34.749910893052721],[150.215400915031864,-34.749766887093969],[150.215691922005902,-34.749633889119082],[150.216141912976582,-34.749345885157361],[150.216543902958108,-34.749029878191166],[150.216972891931931,-34.748741875227573],[150.217194883908689,-34.748666873246925],[150.21710987895392,-34.748418876237615],[150.217074882969769,-34.748337877233936],[150.216914885016251,-34.748165876218444],[150.216411888147519,-34.7477378731705],[150.216111872255965,-34.747252877140326],[150.216061880284542,-34.747091875134757],[150.215990875351508,-34.746662877125459],[150.215952867475238,-34.745763880115895],[150.215830947547488,-34.745352039102158],[150.215864472543132,-34.745347136105124],[150.215903376537767,-34.745343505108565],[150.215942315532203,-34.745341928112055],[150.215980789526355,-34.745342510115492],[150.216008568521971,-34.745344527118],[150.216036312517389,-34.745347889120495],[150.216063957512716,-34.745352227123],[150.216091485507974,-34.74535718412551],[150.216118843503153,-34.745362401127977],[150.216135014500338,-34.74536559212946],[150.216151149497477,-34.745368963130922],[150.216167222494647,-34.745372513132388],[150.216183240491745,-34.745376224133842],[150.216199187488854,-34.745380105135297],[150.216231028472748,-34.745466679138737],[150.216251394411387,-34.745910755143605],[150.216321359333079,-34.746427483153411],[150.216486503276087,-34.746674405169877],[150.216653018224406,-34.746878416186171],[150.216858724185585,-34.746940187205013],[150.217066276154071,-34.746944759223609],[150.217587415084182,-34.746884682269823],[150.217846832044728,-34.746890401293086],[150.217966986022702,-34.746921659304036],[150.218086672998879,-34.746967223315075],[150.21818815397404,-34.747041005324661],[150.218272791953666,-34.747100114332639],[150.218275310952976,-34.747102301332873],[150.218277981952326,-34.747104389333138],[150.218280769951633,-34.747106379333388],[150.218283682950926,-34.747108244333667],[150.218286676950299,-34.747109974333938],[150.21829118594934,-34.747112134334358],[150.21829596394835,-34.747113963334805],[150.218300920947399,-34.74711555833526],[150.218305940946465,-34.747117064335711],[150.218310915945523,-34.747118579336181],[150.21831724494433,-34.74712042633675],[150.218323662943163,-34.747122084337327],[150.218330107941966,-34.747123680337921],[150.218336525940799,-34.747125356338508],[150.218342836939627,-34.747127230339089],[150.218350590938115,-34.747130017339799],[150.218358182936583,-34.747133155340499],[150.218365730935005,-34.747136391341201],[150.218373331933464,-34.747139501341906],[150.218381094931942,-34.747142253342616],[150.218390094930271,-34.747144871343423],[150.218399246928584,-34.74714714834429],[150.21840849792693,-34.74714920034512],[150.218417793925283,-34.747151154345964],[150.218427070923667,-34.747153109346812],[150.218432987922625,-34.747154372347346],[150.218438903921566,-34.747155610347875],[150.218444837920543,-34.747156811348425],[150.218450771919464,-34.747157994348967],[150.218456714918432,-34.747159132349502],[150.218631404880341,-34.74725111236576],[150.219040978795476,-34.74743185340364],[150.219281733753235,-34.747480079425529],[150.219679518692743,-34.747488828461179],[150.220061850642139,-34.74744000149505],[150.220150154636229,-34.747384693502582],[150.220413704613065,-34.747261699525332],[150.220449210611406,-34.747233857528308],[150.220694088585446,-34.747153378549676],[150.220799227575071,-34.74711275355881],[150.220990850551601,-34.747074047575687],[150.221013905548403,-34.747072164577737],[150.221036988545194,-34.747070425579778],[150.221060079541957,-34.747068812581851],[150.221083188538699,-34.747067324583917],[150.221106297535471,-34.747065970585957],[150.221161049527666,-34.747062743590845],[150.221188443523744,-34.747061399593278],[150.221215828519803,-34.747060583595733],[150.221243177515703,-34.747060574598166],[150.22126548851233,-34.74706117560018],[150.221287809508851,-34.74706219760219],[150.221310102505328,-34.747063622604188],[150.221332351501786,-34.747065468606195],[150.221354501498183,-34.747067718608193],[150.221630762454282,-34.747088103633047],[150.221838305422722,-34.747092665651657],[150.222098646386911,-34.747069762674805],[150.222108748385295,-34.747070390675709],[150.22211890438362,-34.747071537676618],[150.22212898038191,-34.747073178677546],[150.22213891238016,-34.747075293678442],[150.222148548378385,-34.747077875679324],[150.222154124377312,-34.747079757679835],[150.222159565376217,-34.747081926680337],[150.222164961375114,-34.747084203680842],[150.222170393374,-34.747086408681341],[150.222175942372957,-34.747088354681843],[150.222186574370966,-34.747091276682816],[150.22219748336903,-34.74709358068381],[150.222208571367077,-34.747095507684811],[150.222219722365224,-34.747097246685826],[150.222230820363336,-34.747099012686824],[150.222243271361208,-34.747100876687959],[150.222255793359182,-34.747102454689085],[150.222268334357096,-34.747103960690218],[150.222280830355004,-34.747105618691364],[150.222293218352888,-34.747107662692471],[150.22230253235125,-34.747109464693324],[150.222311818349652,-34.747111400694166],[150.222321060347952,-34.747113471695002],[150.22233024834631,-34.747115667695844],[150.222339400344623,-34.747117989696676],[150.222357311341511,-34.747121386698304],[150.222375167338356,-34.747124998699938],[150.222392960335242,-34.747128835701552],[150.222410682332026,-34.747132878703162],[150.222428314328852,-34.747137127704761],[150.222446601325515,-34.747142030706449],[150.222464717322111,-34.747147408708095],[150.222482788318644,-34.747152894709757],[150.222500940315285,-34.747158138711413],[150.222519299311898,-34.747162791713087],[150.222541449307982,-34.747167586715108],[150.222563805304105,-34.747171880717119],[150.222586313300212,-34.747175654719165],[150.222608912296437,-34.747178917721222],[150.222631582292706,-34.747181651723253],[150.222653884288917,-34.747185192725283],[150.22266502628699,-34.747186975726294],[150.222687311283181,-34.747190570728321],[150.222700291280972,-34.747192766729498],[150.222713235278718,-34.74719504373067],[150.22272618727655,-34.747197302731834],[150.222739167274284,-34.747199426733005],[150.222752192272111,-34.747201291734207],[150.222766122269832,-34.74720290473546],[150.222780106267578,-34.74720422273672],[150.222808127263107,-34.747206571739234],[150.222822102260835,-34.747207924740493],[150.22283572725857,-34.747209403741728],[150.22284933525637,-34.747210963742958],[150.222862933254106,-34.747212559744185],[150.222876522251909,-34.747214226745413],[150.222890094249635,-34.747215947746632],[150.223044830222335,-34.7472479757607],[150.223148149204746,-34.747264550770062],[150.223304257182889,-34.747253668783955],[150.223563684143443,-34.747259369807232],[150.223600570137563,-34.747262237810538],[150.223639071131913,-34.747261547813984],[150.223677777126682,-34.747257450817429],[150.223715238122026,-34.747250082820734],[150.223750045118237,-34.747239612823762],[150.223772670116148,-34.74722957382572],[150.223794049114616,-34.747217238827552],[150.223814809113264,-34.747203720829319],[150.223835597111986,-34.747190131831097],[150.223857048110403,-34.747177599832916],[150.223888251107866,-34.7471615998356],[150.223919993105113,-34.74714627083835],[150.223952173102276,-34.747131507841118],[150.223984668099291,-34.747117236843927],[150.22401737709626,-34.747103378846752],[150.22405321509288,-34.747088282849873],[150.224089286089509,-34.747073321852994],[150.224125743085892,-34.74705911485615],[150.224162746082044,-34.747046322859369],[150.224200449077841,-34.747035574862679],[150.224228963074381,-34.747029640865186],[150.224258051070592,-34.747025248867757],[150.224287337066755,-34.747021393870362],[150.224316469062984,-34.747017108872946],[150.224345109059442,-34.747011416875466],[150.22437918105561,-34.747001870878449],[150.224412572052131,-34.746990432881354],[150.224445712048805,-34.746978232884238],[150.224479004045378,-34.746966399887128],[150.224512852041698,-34.746956055890095],[150.22456499603561,-34.74694306689468],[150.224617973029183,-34.746931825899331],[150.224671533022445,-34.746922234904069],[150.224725415015484,-34.746914193908836],[150.224779369008331,-34.746907587913626],[150.224832320000928,-34.746903669918332],[150.224885672993139,-34.746902325923102],[150.22493917898521,-34.746901850927898],[150.224992550977419,-34.746900559932662],[150.225045527970053,-34.746896740937373],[150.225089863964229,-34.746890466941288],[150.225133912958768,-34.746882183945182],[150.225177880953368,-34.746873416949065],[150.225221938947783,-34.746865689952941],[150.225266310941834,-34.746860526956887],[150.225308638935758,-34.746858688960657],[150.225351172929408,-34.746858894964468],[150.225393831922872,-34.746860158968296],[150.225436518916325,-34.746861485972126],[150.225479142909933,-34.746861880975942],[150.225520250903827,-34.74686163797962],[150.225561386897709,-34.746861404983314],[150.22560250489164,-34.746860804986987],[150.225643541885717,-34.746859432990647],[150.225684426879951,-34.74685692299429],[150.225730707873595,-34.746852691998399],[150.225776925867422,-34.746847314002501],[150.225822973861369,-34.746840788006573],[150.225868725855577,-34.74683315101062],[150.225914065849963,-34.746824402014603],[150.22612251382202,-34.746800361033117],[150.226469796774865,-34.746765043063967],[150.226783383736603,-34.746700377091585],[150.22695862071933,-34.746632663106801],[150.227223066699764,-34.746481046129432],[150.227365539695086,-34.746355371141334],[150.227474335699213,-34.746200339150008],[150.227623199719801,-34.745874463161094],[150.227625691721613,-34.745858148161211],[150.227636457721331,-34.745848333162108],[150.227647034721031,-34.745838365162982],[150.227657424720775,-34.745828263163851],[150.227667589720596,-34.745818026164677],[150.227677575720463,-34.74580765416551],[150.227686028720399,-34.745798520166197],[150.227694274720449,-34.745789260166873],[150.227702405720436,-34.745779902167541],[150.227718513720532,-34.745761140168845],[150.227732389720586,-34.745744871169983],[150.227746086720657,-34.74572850217109],[150.227759685720798,-34.7457120711722],[150.227773229720952,-34.7456956141733],[150.227786792721076,-34.745679156174404],[150.227812706721323,-34.745647827176505],[150.227838585721599,-34.745616462178603],[150.227864321721881,-34.745585043180682],[150.227889886722238,-34.745553499182769],[150.227915173722636,-34.745521829184817],[150.227940801723065,-34.745489272186887],[150.22796622372357,-34.745456607188956],[150.227991412724094,-34.745423817190968],[150.228016323724745,-34.745390883192982],[150.228040920725391,-34.745357788194944],[150.228061860726086,-34.745328584196628],[150.228082262726957,-34.745299119198243],[150.228102619727764,-34.745269610199863],[150.228123344728544,-34.745240306201509],[150.228144893729109,-34.745211442203257],[150.228162543729439,-34.74518896120469],[150.228180498729699,-34.745166649206126],[150.228198793729888,-34.745144526207618],[150.228217411729958,-34.745122564209133],[150.228236334730013,-34.74510081821068],[150.228377436719853,-34.745018053222736],[150.228573613714474,-34.744836300239058],[150.228735197714371,-34.74465380225228],[150.228753869717167,-34.744611286253651],[150.228789824717325,-34.74456913825658],[150.228900439728704,-34.744356906265033],[150.228957342740728,-34.74420073626905],[150.228978291752583,-34.744086705270149],[150.228877266779222,-34.74399862526051],[150.228794439806876,-34.74388232625229],[150.228746670831072,-34.743752483247128],[150.228720754870693,-34.743480014242941],[150.228592900933393,-34.743148060229217],[150.228428635994106,-34.74287255221261],[150.228295987038223,-34.742687365199465],[150.228293656039114,-34.74268327819923],[150.228284360042636,-34.742666918198282],[150.228279520044453,-34.742658421197795],[150.228274706046307,-34.742649914197301],[150.228272322047246,-34.742645647197072],[150.228270843047795,-34.742643029196906],[150.228269337048374,-34.742640412196771],[150.228267849048905,-34.742637794196618],[150.22826642304949,-34.742635150196456],[150.22826510605006,-34.742632470196327],[150.228263376050819,-34.742628526196157],[150.228261816051571,-34.742624510195981],[150.228260409052353,-34.742620440195822],[150.228259127053036,-34.742616353195686],[150.228257952053781,-34.742612238195548],[150.228257056054304,-34.742609038195447],[150.228256169054873,-34.742605820195337],[150.22825538905542,-34.742602575195257],[150.228254788055921,-34.742599330195183],[150.22825443005641,-34.74259607619512],[150.228254412056913,-34.742592060195093],[150.228254779057409,-34.742588017195096],[150.228255416057863,-34.742583966195127],[150.228256213058273,-34.742579923195166],[150.228257065058671,-34.742575907195224],[150.228258499059194,-34.742570421195317],[150.228260319059586,-34.742564989195429],[150.228262309060028,-34.74255959319558],[150.228264236060454,-34.742554178195711],[150.228265885060921,-34.742548719195824],[150.228267069061388,-34.742543709195907],[150.228268082061902,-34.74253866219594],[150.228269023062438,-34.742533606195998],[150.228269973062964,-34.742528559196046],[150.228271013063448,-34.742523522196109],[150.228271981063898,-34.742519273196159],[150.228272976064289,-34.742515042196224],[150.228274007064698,-34.742510811196304],[150.228275038065107,-34.742506580196356],[150.228276104065486,-34.742502358196425],[150.228277637065986,-34.742496710196512],[150.22827930406649,-34.74249109019663],[150.228280954066975,-34.742485461196736],[150.228282469067494,-34.742479822196835],[150.228283706068055,-34.742474139196915],[150.228284566068595,-34.742469101196939],[150.22828530106915,-34.742464046196986],[150.22828588406972,-34.742458963197016],[150.228286323070336,-34.742453880196997],[150.228286628070975,-34.742448789196985],[150.228542612062057,-34.742225792218385],[150.228769042040341,-34.742134100238019],[150.228771400040074,-34.742133580238232],[150.228773757039789,-34.742133042238443],[150.228776106039504,-34.742132486238646],[150.228778445039211,-34.74213191223884],[150.228784469038544,-34.742130397239379],[150.228788189038113,-34.742129456239702],[150.228791864037674,-34.742128461240036],[150.228795495037303,-34.74212736824034],[150.228799054036926,-34.742126140240657],[150.228801438036726,-34.742125127240861],[150.228803778036479,-34.74212401524106],[150.228806099036291,-34.742122877241265],[150.228808457036081,-34.742121810241464],[150.228810886035831,-34.742120914241681],[150.228813387035586,-34.7421201612419],[150.228815951035273,-34.742119479242135],[150.228818550034958,-34.742118924242355],[150.228821168034614,-34.742118520242585],[150.228823776034233,-34.742118341242815],[150.228826367033861,-34.742118359243051],[150.22882901103344,-34.742118547243294],[150.228831647033019,-34.742118915243516],[150.228834210032574,-34.742119461243753],[150.228836622032105,-34.742120188243973],[150.228840763031201,-34.742122420244357],[150.228844411030195,-34.742125736244709],[150.228847692029206,-34.74212969824503],[150.228853608027265,-34.742137981245619],[150.228855939026431,-34.742141414245857],[150.228858001025685,-34.742144991246072],[150.228859955024859,-34.742148612246261],[150.228861963024087,-34.742152225246478],[150.228864159023317,-34.742155730246687],[150.228866902022389,-34.742159575246966],[150.228869779021494,-34.742163358247247],[150.228872773020584,-34.74216708724753],[150.228875857019631,-34.742170762247838],[150.228878994018658,-34.742174393248135],[150.228883001017465,-34.742178857248526],[150.228887125016286,-34.742183258248936],[150.228891383015082,-34.742187579249347],[150.228895730013875,-34.742191819249754],[150.228900194012652,-34.74219597825018],[150.229605552818953,-34.742869729317945],[150.230317768652384,-34.743328962384865],[150.231234794443424,-34.743878553470743],[150.231794102311341,-34.744248569523364],[150.23204759524836,-34.74444015654737],[150.232332937169247,-34.744718308574825],[150.232585972104431,-34.744924193598898],[150.233299586943303,-34.745340516665642],[150.233385604928344,-34.745356705673458],[150.233555821891173,-34.745446300689302],[150.233607705883315,-34.745447430693972],[150.233795214843525,-34.745537393711366],[150.234276275757196,-34.745648098755211],[150.234409650736893,-34.745651020767184],[150.234552993715141,-34.745654158780034],[150.234744150689806,-34.745629713796987],[150.235286211631887,-34.745455525844335],[150.235531985609555,-34.745346416865594],[150.23584829758218,-34.745195911892878],[150.236094520561693,-34.745072495914087],[150.236124414557963,-34.745066776916715],[150.236154148554448,-34.745059820919337],[150.236183505551139,-34.745051680921911],[150.236212297548036,-34.745042430924428],[150.236240319545232,-34.745032112926872],[150.236273073542264,-34.745017339929703],[150.236304438539889,-34.745000200932395],[150.236335059537709,-34.744981770934999],[150.236365581535608,-34.744963107937622],[150.236396650533322,-34.744945314940274],[150.236424259531191,-34.744930093942635],[150.236451743529102,-34.744914657944989],[150.236479424526976,-34.744899499947365],[150.236507580524716,-34.744885094949794],[150.236536479522101,-34.744871917952288],[150.236568131519164,-34.744858489955043],[150.236600509516052,-34.744845330957844],[150.236633488512695,-34.74483358796072],[150.236666923508892,-34.744824408963652],[150.236700682504562,-34.744818931966634],[150.236731320500155,-34.744817784969378],[150.236762497495306,-34.744819541972156],[150.236793898490106,-34.744823314975008],[150.236825191484797,-34.744828227977834],[150.236856072479497,-34.744833408980647],[150.236886048474361,-34.744838562983368],[150.23691599746914,-34.744844380986095],[150.23694565846381,-34.744851076988795],[150.236974782458418,-34.744858902991453],[150.237003100453023,-34.744868090994046],[150.237033550446796,-34.744880926996871],[150.237062719440416,-34.744896156999587],[150.237091323434015,-34.744912489002267],[150.237120089427634,-34.744928633004932],[150.237149750421253,-34.7449432810077],[150.237187148413568,-34.744959299011157],[150.237225236405919,-34.74497440301468],[150.237263889398292,-34.744988567018233],[150.237302999390693,-34.74500174402182],[150.237342485383238,-34.745013908025449],[150.237462163359368,-34.745059454036479],[150.237718408307273,-34.745165229060156],[150.238114831241347,-34.745216826095998],[150.238858510128324,-34.745233069162722],[150.239275389072446,-34.745184923199737],[150.2394688230562,-34.74508897321639],[150.239477141055175,-34.745087539217131],[150.239485424054124,-34.745085952217877],[150.23949366205315,-34.745084213218597],[150.239501846052178,-34.745082340219312],[150.239509985051228,-34.745080305220021],[150.239517999050321,-34.745078136220727],[150.239525950049455,-34.745075769221422],[150.23953384804858,-34.745073277222112],[150.239541718047747,-34.745070722222799],[150.239549579046951,-34.745068159223486],[150.239561735045669,-34.745064071224554],[150.239573809044401,-34.745059822225606],[150.239585839043173,-34.74505546622666],[150.239597859041965,-34.745051109227695],[150.239622313039462,-34.745042423229826],[150.2396346740382,-34.745037959230913],[150.239647063036898,-34.745033558231981],[150.239659541035621,-34.745029363233073],[150.239672162034253,-34.745025508234171],[150.239690619032103,-34.745020686235797],[150.239709371029846,-34.745016526237457],[150.239728303027533,-34.745012824239119],[150.239747334025139,-34.745009364240801],[150.239766328022768,-34.745005940242478],[150.239782840020666,-34.745003036243943],[150.239799397018572,-34.745000311245398],[150.239815989016449,-34.744997684246876],[150.239832581014326,-34.744995111248336],[150.239849182012193,-34.744992503249819],[150.239864215010243,-34.744990038251139],[150.23987924800835,-34.744987519252476],[150.239894289006429,-34.744985045253792],[150.239909367004515,-34.744982696255128],[150.239924471002553,-34.744980563256469],[150.239941332000313,-34.744978456257961],[150.239958210998026,-34.744976538259465],[150.239975143995707,-34.744974817260989],[150.239992103993387,-34.744973293262476],[150.24000905499102,-34.744971967263986],[150.240613926897225,-34.744999477318352],[150.241272940804521,-34.744956621377099],[150.241551478769736,-34.744905455401685],[150.241725791748877,-34.744866318417031],[150.241796329743835,-34.744824931423068],[150.241953351725584,-34.744785418436862],[150.242147224711147,-34.744675161453465],[150.242377956700579,-34.744494152472896],[150.242789815696256,-34.744059498506807],[150.242936348707843,-34.743805109518199],[150.242939979722337,-34.743690693517735],[150.24297910673522,-34.74354844452025],[150.243035534745474,-34.743406562524356],[150.243144294749612,-34.743251512533028],[150.243217108753612,-34.74313862053878],[150.243273536763837,-34.742996738542857],[150.243293095770298,-34.74292560954413],[150.24333041277589,-34.74284055954687],[150.243338578808533,-34.742583140545847],[150.243271177897782,-34.741980618535678],[150.243227925940118,-34.741707772529928],[150.243231555954623,-34.741593365529468],[150.243156437013056,-34.741233955520279],[150.243112729053564,-34.74097540751459],[150.243086311091446,-34.740717244510449],[150.243070194095537,-34.74070459650892],[150.243098251096228,-34.740667422511166],[150.243128783096438,-34.740631190513653],[150.243161546096132,-34.740596168516355],[150.243196281095379,-34.740562616519242],[150.24323275609413,-34.740530811522284],[150.243263394092708,-34.740506878524869],[150.243295530090876,-34.740484145527589],[150.243328724088826,-34.740462291530413],[150.24336250008659,-34.7404410195333],[150.243396402084272,-34.740420017536188],[150.243431424081905,-34.740398593539176],[150.243466895079337,-34.740377581542219],[150.243502822076692,-34.740357108545275],[150.243539261073863,-34.740337306548419],[150.24357622807085,-34.740318285551595],[150.243600852068738,-34.740306219553737],[150.243625709066606,-34.740294468555859],[150.24365077306436,-34.740283012558024],[150.243676033062059,-34.740271834560232],[150.243701437059741,-34.740260924562428],[150.243735509056563,-34.740246170565371],[150.243769742053416,-34.740231334568342],[150.243804352050091,-34.740217279571354],[150.243839545046484,-34.740204855574405],[150.243875517042426,-34.740194923577569],[150.243898994039597,-34.740189679579636],[150.243922847036714,-34.740184928581733],[150.243946898033641,-34.74018108258386],[150.243970984030341,-34.74017856458601],[150.243994944026866,-34.740177775588144],[150.24401636802358,-34.740178582590069],[150.244037981020085,-34.740180572592017],[150.244059476016474,-34.74018370059396],[150.244080586012785,-34.740187931595891],[150.244101069008991,-34.740193229597764],[150.244516217923035,-34.740376327636206],[150.244702821879628,-34.740494876653742],[150.244768814856457,-34.740596491660355],[150.24474608183732,-34.740767721659473],[150.244810721808676,-34.740912238666276],[150.245051476766406,-34.740960420688161],[150.245450140709607,-34.740940484723744],[150.245797834664302,-34.740890815754554],[150.246357142603756,-34.740716950803467],[150.246585579584092,-34.740607437823186],[150.246867738563765,-34.740441854847319],[150.247186282545499,-34.740219817874348],[150.247311419543394,-34.740093738884696],[150.247420169547581,-34.739938688893375],[150.247425028547667,-34.73993243189377],[150.247429913547762,-34.739926184894166],[150.247434825547856,-34.73991995489456],[150.247439765547938,-34.739913742894956],[150.247444722548011,-34.739907538895359],[150.247456760548147,-34.739892990896337],[150.24746912254821,-34.73987861289735],[150.247481519548217,-34.739864269898355],[150.247493683548299,-34.73984979389936],[150.247505318548519,-34.7398350479003],[150.247522538549077,-34.739811489901669],[150.247538960549718,-34.739787475902979],[150.247554548550625,-34.739763057904213],[150.247569258551692,-34.739738299905369],[150.247583063552923,-34.739713262906413],[150.247689994549859,-34.739615411915338],[150.247696735549312,-34.739611871915912],[150.247703619548702,-34.739608518916512],[150.247710656548094,-34.739605354917124],[150.247717809547424,-34.739602387917735],[150.247725061546703,-34.739599644918371],[150.247739376545127,-34.739595314919626],[150.247754265543364,-34.739592069920931],[150.247769486541443,-34.739589443922277],[150.247784797539452,-34.739586978923626],[150.247799937537536,-34.73958419992497],[150.247816834535513,-34.739580685926462],[150.247833722533443,-34.739577135927952],[150.247850619531391,-34.739573603929443],[150.24786752552933,-34.739570152930931],[150.247884476527247,-34.739566827932421],[150.247901786525119,-34.739563313933957],[150.247919104523021,-34.73955966493547],[150.247936458520911,-34.739556222937011],[150.247953884518694,-34.739553363938555],[150.24797140051632,-34.739551453940109],[150.247984702514401,-34.739550656941304],[150.247998068512459,-34.739550252942493],[150.248011469510487,-34.739550252943687],[150.248024843508432,-34.739550647944888],[150.24803813750637,-34.739551435946083],[150.24817513347989,-34.739597349958679],[150.248616609378956,-34.739864548000057],[150.248753149350676,-34.739924759012723],[150.248907894323395,-34.739956752026799],[150.24902803830139,-34.739987982037768],[150.249166845282133,-34.739976688050135],[150.249171946281393,-34.739976464050599],[150.249177046280693,-34.739976141051066],[150.249182147279981,-34.739975729051508],[150.24918723027929,-34.73997522705195],[150.24919228527861,-34.73997463505242],[150.24920156327741,-34.739973210053229],[150.249210760276299,-34.73997138105404],[150.24921992127517,-34.739969292054838],[150.249229047274127,-34.739967105055648],[150.249238181273086,-34.739964972056455],[150.249247898271875,-34.739962794057305],[150.249257606270703,-34.739960588058167],[150.249267296269579,-34.739958312059017],[150.24927693226843,-34.739955909059859],[150.249286506267367,-34.739953337060705],[150.249296294266287,-34.739950495061557],[150.249306020265209,-34.739947492062413],[150.249315692264219,-34.739944346063261],[150.249325302263202,-34.739941092064093],[150.249334857262227,-34.739937730064923],[150.249347667260906,-34.739933033066052],[150.249360378259695,-34.739928139067146],[150.24937297225847,-34.739923047068245],[150.249385441257289,-34.739917750069331],[150.249397775256199,-34.739912255070379],[150.249413274254806,-34.739905066071728],[150.249428629253515,-34.739897590073056],[150.24944375225229,-34.73988978207435],[150.249458533251158,-34.739881580075625],[150.249472867250148,-34.739872948076858],[150.249494273248956,-34.739857987078672],[150.249514334248119,-34.739841574080359],[150.249533660247494,-34.739824345081971],[150.249552834246913,-34.739806955083552],[150.249572456246227,-34.739790040085204],[150.249587830245588,-34.73977724808649],[150.24960312224502,-34.739764385087774],[150.24961849524442,-34.739751593089068],[150.249634128243713,-34.739739035090381],[150.24965018324292,-34.739726880091737],[150.249665655242069,-34.739715809093049],[150.249681413241149,-34.739704981094384],[150.249697441240158,-34.739694412095744],[150.24971371123911,-34.739684121097142],[150.249730213237939,-34.739674109098544],[150.249925879230744,-34.739506635114928],[150.250000988235627,-34.739384563120822],[150.250009692235523,-34.73937553612155],[150.25001837823541,-34.739366501122248],[150.250027028235337,-34.739357438122973],[150.250035651235208,-34.739348349123695],[150.250044230235119,-34.739339250124381],[150.250054072235088,-34.73932866412521],[150.250063816235013,-34.739318015126003],[150.250073542234958,-34.739307356126794],[150.2500833222349,-34.739296734127599],[150.250093227234828,-34.739286192128411],[150.25010655623467,-34.739272137129518],[150.250119922234546,-34.739258090130619],[150.25013348423434,-34.739244178131734],[150.25014737823409,-34.739230526132886],[150.250161765233656,-34.739217250134082],[150.250180715232972,-34.739200855135671],[150.250200266232156,-34.739184864137322],[150.250220453231208,-34.739169392139019],[150.250241276230071,-34.73915456514078],[150.250262718228697,-34.7391405011426],[150.250280717227497,-34.739129439144143],[150.250299111226127,-34.739118718145711],[150.25031793622469,-34.739108508147332],[150.250337217223091,-34.739098998148997],[150.250356965221243,-34.739090392150707],[150.250380657218955,-34.739080783152751],[150.25040526321655,-34.739071424154901],[150.250430326213831,-34.739063509157099],[150.250455434210807,-34.739058140159315],[150.250480166207325,-34.739056464161514],[150.250500030204165,-34.739057978163302],[150.250520208200726,-34.73906143016513],[150.250540135197042,-34.739066611166955],[150.250559246193347,-34.739073226168713],[150.250576968189648,-34.739081079170354],[150.250596249185207,-34.739093162172168],[150.250613451180669,-34.739108159173803],[150.250629353176066,-34.739124912175356],[150.250644727171505,-34.739142231176842],[150.250660351166971,-34.739158958178365],[150.250677947161932,-34.739177540180059],[150.250694808156908,-34.73919664218171],[150.250711517151899,-34.739215843183345],[150.250728665146852,-34.739234721185007],[150.25074682614175,-34.739252864186753],[150.25077128913523,-34.739274736189103],[150.25079689912863,-34.739295847191535],[150.250823460121978,-34.739316240194057],[150.250850728115324,-34.739335960196627],[150.250878498108676,-34.739355063199255],[150.250912687100822,-34.739376236202467],[150.250948382092872,-34.739395858205803],[150.250984695084981,-34.739414870209188],[150.251020694077056,-34.739434224212545],[150.251055483069138,-34.739454859215797],[150.251082635062772,-34.739472509218359],[150.251109411056404,-34.739490598220875],[150.251135783050074,-34.739509100223373],[150.251161725043687,-34.73952799622581],[150.25118719103736,-34.739547286228238],[150.251349725985136,-34.73976038724426],[150.251954042814333,-34.740374187302628],[150.252173203756541,-34.740564824323585],[150.252512096674934,-34.740800881355561],[150.252700124636988,-34.740876331372931],[150.252733408626341,-34.740919976376219],[150.25300659456974,-34.741040130401522],[150.25326335851949,-34.741131311425164],[150.253488982489017,-34.741107306445215],[150.253974811422779,-34.741060003488435],[150.254254021391688,-34.740979820512905],[150.254686264326097,-34.740988677551712],[150.254789565308499,-34.741005135561082],[150.25497803327238,-34.74106626957839],[150.255080474251173,-34.741111322587876],[150.255782470114497,-34.741354820652475],[150.256732535966478,-34.741402930737962],[150.257134067922465,-34.741282292773121],[150.257487166900944,-34.741046109803158],[150.257667369905562,-34.74080638681766],[150.257709257931253,-34.74056383881976],[150.257645253963574,-34.740390690812816],[150.257545816997492,-34.740245464802918],[150.257390363039548,-34.740101771787991],[150.258004134094335,-34.738989691835393],[150.258341798031125,-34.73908764086633],[150.259102086913799,-34.739117535934689],[150.259431440867615,-34.739095636964073],[150.259727502832106,-34.73903011099015],[150.259902542814956,-34.738962101005377],[150.260025716805671,-34.738893025015948],[150.260259927811575,-34.73858280803482],[150.260330796808347,-34.738526981040792],[150.260453109795435,-34.738486535051479],[150.260606994764544,-34.73854695206569],[150.261049215665366,-34.738799432107072],[150.261617182567846,-34.738896952158655],[150.261981111516405,-34.738875761191132],[150.262361049456842,-34.738897849225346],[150.262811857394098,-34.738864108265531],[150.263003749372501,-34.738810764282377],[150.26321465335559,-34.738700525300537],[150.263868504318481,-34.738241372356008],[150.264013675326623,-34.738015238367474],[150.264143706346488,-34.737717204377091],[150.264131121369076,-34.73755943837488],[150.26401568241107,-34.737370934363234],[150.263852654479194,-34.737038272346332],[150.263810218527055,-34.736722399340358],[150.263884090536578,-34.736566399345918],[150.264166285518229,-34.736386026369978],[150.26434088549928,-34.736332314385272],[150.264649946442944,-34.736410229413515],[150.265043294364403,-34.736561451449823],[150.265469523273339,-34.736770617489476],[150.265692565231944,-34.736832451509912],[150.266003759184741,-34.736838806537847],[150.26635082613771,-34.736802933568725],[150.266800334069529,-34.736812112609087],[150.267008657041657,-34.736787721627621],[150.267341427010024,-34.736651325656517],[150.267552743994912,-34.736526771674626],[150.268072098995219,-34.735935982717137],[150.268275545022789,-34.735496254732368],[150.268667019012355,-34.735131949764977],[150.268795311024917,-34.734891150774828],[150.268818160045981,-34.734705470775609],[150.26868712409788,-34.734459382762161],[150.268622691128371,-34.734300558755308],[150.268180031225654,-34.734062430713962],[150.268042586250289,-34.734030993701424],[150.26751306635893,-34.73380540565239],[150.267360902397058,-34.733687762637935],[150.26731331242317,-34.733543594632678],[150.26736732042437,-34.733473101637031],[150.267541490403573,-34.733433696652391],[150.268110282309721,-34.733502575703859],[150.268473332254672,-34.733509980736478],[150.268696795215106,-34.733557489756841],[150.269159732127889,-34.733695812799319],[150.269644656058119,-34.733677060842673],[150.269958414021801,-34.733597541870253],[150.270046135014155,-34.73355637887785],[150.270100134015365,-34.73348588588221],[150.270124265015284,-34.733459155884191],[150.2701475710154,-34.733431860886093],[150.270170026015705,-34.733404044887912],[150.270191575016241,-34.733375772889652],[150.270212148016924,-34.733347105891298],[150.270230354017883,-34.733319209892748],[150.270247233019148,-34.733290695894063],[150.270263520020478,-34.733261894895321],[150.27027996002181,-34.733233155896613],[150.270297323022959,-34.733204829897964],[150.27031296502372,-34.7331814248992],[150.27032918102438,-34.73315827090051],[150.270345540024948,-34.733135188901812],[150.270361631025594,-34.733111980903097],[150.270377022026395,-34.733088477904317],[150.27038718702704,-34.733072090905118],[150.270397155027695,-34.733055606905893],[150.270406935028433,-34.733039040906654],[150.27041649902921,-34.733022403907405],[150.270425867030013,-34.733005685908132],[150.270445291036509,-34.732934484909386],[150.27041413205626,-34.732819306905789],[150.269712162192945,-34.732575889841165],[150.269627435213323,-34.732516888833167],[150.268995913344952,-34.732231958774562],[150.268775022395403,-34.732098583753853],[150.268606848441664,-34.731937644737663],[150.268473948497359,-34.73166493372387],[150.27512614039,-34.732545918326593],[150.277055178068906,-34.732801394501386],[150.277237578038552,-34.732825526517921],[150.277300711015585,-34.732928486524294],[150.277681708889276,-34.733456492562091],[150.278062715787996,-34.733794489598601],[150.278687705669057,-34.733990487656015],[150.278771706658773,-34.733973492663445],[150.279125704592502,-34.734076489695909],[150.279486703518103,-34.734232480729368],[150.280514688345136,-34.734382477822642],[150.28069568032106,-34.73436047983872],[150.280931685279853,-34.734406474860222],[150.282091673099217,-34.734465477964712],[150.283155655951731,-34.73438146905962],[150.28368365487222,-34.734387467107041],[150.284003651830488,-34.734342469135449],[150.284545642745854,-34.734371468184293],[150.285219637647486,-34.734355460244664],[150.285622632583511,-34.734385454281046],[150.286087632503694,-34.734465458323321],[150.287192626314635,-34.734650450423764],[150.287859612190886,-34.734835450484915],[150.288783604022882,-34.735065449569426],[150.289651598844245,-34.73543944664992],[150.29001259777769,-34.735536446682971],[150.29019959573688,-34.73563444070043],[150.290345592716562,-34.735623451713465],[150.290880590619452,-34.7357554377624],[150.291956575409813,-34.73612943486156],[150.292311576344019,-34.736227428894104],[150.292443742321439,-34.736249462906123],[150.292483604313901,-34.73626136690978],[150.292553649300572,-34.736283444916204],[150.292623649287208,-34.736305657922657],[150.292693855273939,-34.736327072929107],[150.29276451826081,-34.736346757935586],[150.292836176247761,-34.736364856942139],[150.292908166234781,-34.736381833948705],[150.292980434221903,-34.736397682955307],[150.293052926209185,-34.736412401961921],[150.293125579196555,-34.736425963968529],[150.293189188185977,-34.736434479974314],[150.293220992180636,-34.736438746977193],[150.29328459117005,-34.736447298982966],[150.293361619157167,-34.73645775998996],[150.293515647131443,-34.736478861003917],[150.293592675118589,-34.73648930401091],[150.293669730105762,-34.736499515017897],[150.293745861093157,-34.736509321024791],[150.293822010080532,-34.736518913031702],[150.293898186067935,-34.736528397038619],[150.2939743440553,-34.736537854045501],[150.294050520042731,-34.736547383052411],[150.294136637028373,-34.736559000060225],[150.294222692013875,-34.736571388068043],[150.294308781999462,-34.736583409075855],[150.294394970985252,-34.73659391508366],[150.294481356971346,-34.736601777091465],[150.294552297960223,-34.736605936097874],[150.294623372949275,-34.736608563104276],[150.294694520938464,-34.736610060110664],[150.294765685927786,-34.736610804117056],[150.294836814917147,-34.736611171123442],[150.294956779899252,-34.736611091134222],[150.29507684388156,-34.736609504144987],[150.295196871864164,-34.736605991155749],[150.295316728847069,-34.736600128166465],[150.295436290830395,-34.736591514177142],[150.295562647813171,-34.736579234188412],[150.295688842796352,-34.736564013199633],[150.295814768779934,-34.736546085210819],[150.295940282763922,-34.736525683221934],[150.296065249748267,-34.736503058233012],[150.296221966729206,-34.736470761246856],[150.296377922710775,-34.736434081260597],[150.296533178692954,-34.736393887274275],[150.296687735675562,-34.736351066287867],[150.296841620658483,-34.736306488301373],[150.297000560641095,-34.736258755315319],[150.29715899962406,-34.736208808329195],[150.297316577607489,-34.736156208342997],[150.297472963591531,-34.736100461356642],[150.297627816576295,-34.736041137370151],[150.297779406562057,-34.735977834383334],[150.297929355548575,-34.735910353396335],[150.298078202535663,-34.735840112409207],[150.298226475522966,-34.735768570422046],[150.298374704510309,-34.735697145434862],[150.298494911500057,-34.735638826445253],[150.298614634490065,-34.735579511455597],[150.298734214480078,-34.735519874465936],[150.298853946470047,-34.735460578476264],[150.298974162459814,-34.735402303486673],[150.299062349452186,-34.735360459494288],[150.299150689444474,-34.735318938501941],[150.299239164436784,-34.735277713509618],[150.299327746428958,-34.735236712517292],[150.299416409421099,-34.735195908524965],[150.299516572412159,-34.73515051453365],[150.299617032403091,-34.735105775542365],[150.299717527393994,-34.735061117551083],[150.299817807384983,-34.735016010559789],[150.299917603376201,-34.73496985556843],[150.300006678368476,-34.734927886576138],[150.300095628360793,-34.734885620583825],[150.300184273353238,-34.734842701591504],[150.300272407345886,-34.734798822599117],[150.300359842338793,-34.734753635606658],[150.300437317332751,-34.734711935613333],[150.300514255326959,-34.734669186619939],[150.300590772321243,-34.734625666626521],[150.300667019315654,-34.734581653633064],[150.300743115310183,-34.734537415639586],[150.300837801303544,-34.734480987647721],[150.300931735297098,-34.734423268655767],[150.301025489290794,-34.734365245663767],[150.301119665284318,-34.734307947671844],[150.301214827277448,-34.734252397680002],[150.301294579271456,-34.734207640686869],[150.301374735265341,-34.734163573693763],[150.301455312259037,-34.734120268700714],[150.30153632025258,-34.734077779707683],[150.301617749245906,-34.73403617871471],[150.301708590238576,-34.733988929722543],[150.301799485231385,-34.733940819730371],[150.30189114122382,-34.733894717738288],[150.301984295215334,-34.733853474746383],[150.302079636205548,-34.733819958754701],[150.302158358196607,-34.733799036761638],[150.302238532186891,-34.733782166768727],[150.302319647176546,-34.733768873775922],[150.302401165165747,-34.733758690783169],[150.302482568154602,-34.733751160790426],[150.302586362139863,-34.733745764799707],[150.302690900124304,-34.733745477809101],[150.302795635108112,-34.733749860818541],[150.302899994091462,-34.733758448827984],[150.30300342007439,-34.733770810837356],[150.303131014052497,-34.733792861848968],[150.303257810029663,-34.733822559860556],[150.303383682006256,-34.733857940872092],[150.303508568982494,-34.733897041883587],[150.303632387958629,-34.733937881894981],[150.303764409932853,-34.733984395907164],[150.303895185906669,-34.734034979919258],[150.304024813880289,-34.734088853931269],[150.304153384853691,-34.734145201943214],[150.304281005827022,-34.734203251955066],[150.304433088794752,-34.734276120969234],[150.304583423762239,-34.734352914983262],[150.304732414729557,-34.73443258799719],[150.304880436696749,-34.734514079011056],[150.305027894663937,-34.734596360024852],[150.305152440635965,-34.73466780303653],[150.30527591060789,-34.734741182048126],[150.305399013579773,-34.7348151980597],[150.305522483551727,-34.734888568071291],[150.305647038523716,-34.734960002082978],[150.305775734495256,-34.735030638095012],[150.305905291466814,-34.735099724107123],[150.306035368438472,-34.735167895119282],[150.306165597410114,-34.73523577113145],[150.306295656381764,-34.735303978143584],[150.306407186357234,-34.73536402715402],[150.306518312332628,-34.735424956164422],[150.306629690308057,-34.735485346174848],[150.306741982283626,-34.735543773185334],[150.306855825259419,-34.735598821195936],[150.307002548229264,-34.735661516209547],[150.30715199619948,-34.735718258223365],[150.307302761169979,-34.735772149237278],[150.307453464140337,-34.735826310251191],[150.307602715110534,-34.735883832264996],[150.307728014085285,-34.735933788276583],[150.30785367106003,-34.735983404288213],[150.307978584034686,-34.73603457129979],[150.308101678009109,-34.736089197311223],[150.308221849983283,-34.736149184322436],[150.308321295961179,-34.736204564331743],[150.308419182938877,-34.736263144340946],[150.308515500916428,-34.73632452035001],[150.308610241893888,-34.73638823635897],[150.30870340487138,-34.736453861367799],[150.308817830842941,-34.736540247378656],[150.308929127814366,-34.73663111538928],[150.309038228785738,-34.736724986399729],[150.309146110757098,-34.736820372410079],[150.309253741728469,-34.736915767420399],[150.309353483701898,-34.737004546429979],[150.309452365675327,-34.737094312439467],[150.309550512648769,-34.737184902448902],[150.309648059622191,-34.737276146458306],[150.309745121595654,-34.737367857467639],[150.309852116566077,-34.737471131477967],[150.309957882536537,-34.737575696488186],[150.310063218506968,-34.737680727498379],[150.310168931477449,-34.737785355508592],[150.310275818447877,-34.737888746518905],[150.310357552425444,-34.737966275526787],[150.310439581403045,-34.738043518534674],[150.310522014380666,-34.73812032154261],[150.310604976358235,-34.738196542550597],[150.310688575335803,-34.73827203755863],[150.310783817310607,-34.738355788567759],[150.310880127285344,-34.73843833757698],[150.311073812234866,-34.738602253595495],[150.311170122209631,-34.738684811604728],[150.311282566180012,-34.738782635615493],[150.311394679150339,-34.738880827626232],[150.311506586120686,-34.73897925163697],[150.311618421091026,-34.739077757647685],[150.311730301061374,-34.739176217658425],[150.311827480035276,-34.739264217667746],[150.311923485009146,-34.739353830677004],[150.312020035983039,-34.739442681686299],[150.312118863957011,-34.739528413695751],[150.312221681931106,-34.739608649705545],[150.312321567907134,-34.739677600714991],[150.312424536883213,-34.739742464724692],[150.312529648859396,-34.739804298734562],[150.312635970835657,-34.739864177744529],[150.312742552812011,-34.739923142754499],[150.31283812779111,-34.739973628763437],[150.31293508177032,-34.740021639772479],[150.313032404749578,-34.740068978781558],[150.313129080728771,-34.74011744679057],[150.313224099707838,-34.740168846799463],[150.313330134683639,-34.740232365809419],[150.31343417165931,-34.740299388819246],[150.31353728463489,-34.740368053828973],[150.313640522610484,-34.740436538838715],[150.313744971586146,-34.740502997848573],[150.313840106564157,-34.740562078857515],[150.313935295542194,-34.740621259866479],[150.314031057520225,-34.740679408875479],[150.314127949498413,-34.740735370884579],[150.314226508476793,-34.740788016893781],[150.314324458455872,-34.740835991902912],[150.314423833435058,-34.740881376912156],[150.314524355414449,-34.740924394921485],[150.314625729393924,-34.740965270930886],[150.3147277133736,-34.741004228940319],[150.314832502353113,-34.741041303949977],[150.314938349332778,-34.741075590959738],[150.31504486831264,-34.741108058969516],[150.315151683292527,-34.741139629979337],[150.315258409272474,-34.741171299989148],[150.315346408255692,-34.741198881997249],[150.315434309238839,-34.741227343005335],[150.315522435222107,-34.741254800013451],[150.315611098205608,-34.741279334021591],[150.315700648189704,-34.741299064029768],[150.315786236175256,-34.741311614037549],[150.315872685161338,-34.741319386045376],[150.315959573147694,-34.741324809053211],[150.316046506134029,-34.741330340061069],[150.316133044120079,-34.741338372068903],[150.316215863106407,-34.741348268076415],[150.316298645092672,-34.741358765083916],[150.316381293078848,-34.741370212091425],[150.31646371706492,-34.741382950098917],[150.316545801050779,-34.741397337106406],[150.31665098403235,-34.741418170115999],[150.31675584501366,-34.74144129712559],[150.316860212994726,-34.741466781135131],[150.316963881975624,-34.741494695144645],[150.317066671956269,-34.741525101154089],[150.317158785938773,-34.741553894162557],[150.317250756921084,-34.741584004171045],[150.317341884903215,-34.74161641817944],[150.31743145288516,-34.741652139187742],[150.317518735866855,-34.741692173195858],[150.317612696846055,-34.741743949204668],[150.317703411824823,-34.741802233213221],[150.317792352803423,-34.741864111221631],[150.317881006781931,-34.741926680230037],[150.317970808760634,-34.741987016238518],[150.318086497733702,-34.74206017124942],[150.318202805706875,-34.742132376260372],[150.318319239680022,-34.742204375271335],[150.318435341653128,-34.742276885282266],[150.318550627626252,-34.742350650293133],[150.318627440608083,-34.742401512300376],[150.31870375958988,-34.742453153307586],[150.318779989571709,-34.742504929314805],[150.318856560553513,-34.742556158322031],[150.318933901535416,-34.742606177329343],[150.31905406450781,-34.742679620340638],[150.319175903480328,-34.742750381352081],[150.319298611452837,-34.742819807363574],[150.319421319425402,-34.74288922537508],[150.319543212397917,-34.742959986386531],[150.319647132374058,-34.743023443396311],[150.319750218350123,-34.743088441406023],[150.319853420326211,-34.743153161415734],[150.319957717302373,-34.743215783425548],[150.320064066278803,-34.743274488435496],[150.3201619622576,-34.743324678444644],[150.320260969236415,-34.743373209453885],[150.320361142215404,-34.743419257463181],[150.320462561194688,-34.743461971472605],[150.320565279174275,-34.743500525482105],[150.32071799914533,-34.743547550496153],[150.320874295117079,-34.743585056510462],[150.321032841089391,-34.743615758524918],[150.321192338062104,-34.743642372539448],[150.321351476035034,-34.74366760655392],[150.321484492012502,-34.74368842156602],[150.321617929990055,-34.743707622578157],[150.321751690967915,-34.743724286590286],[150.32188566694623,-34.743737464602411],[150.322019741925089,-34.743746222614533],[150.322139428906837,-34.743749333625324],[150.322259312889031,-34.743748490636101],[150.322379304871646,-34.743745102646855],[150.322499305854336,-34.743740602657603],[150.32261922683702,-34.743736398668361],[150.322750934818089,-34.74373102968017],[150.322882624799405,-34.743723849691939],[150.323014287780751,-34.743716401703736],[150.323145959761973,-34.74371024371554],[150.323277667742786,-34.74370689972735],[150.323387727726441,-34.743706541737247],[150.323497814709867,-34.743707608747144],[150.323607910693198,-34.743709840757049],[150.323717979676331,-34.743712969766975],[150.323828021659466,-34.743716734776896],[150.323962014638965,-34.743720777788958],[150.324096250618453,-34.74372460580107],[150.324230298597683,-34.743730333813147],[150.324363781576551,-34.743740104825214],[150.324496278554676,-34.743756042837234],[150.324621980533237,-34.743776355848688],[150.324747655511345,-34.743800361860146],[150.324872371488993,-34.743828956871553],[150.324995259466192,-34.743863028882842],[150.325115403442936,-34.743903465893915],[150.325221295421585,-34.743945650903726],[150.325325699399798,-34.743992872913438],[150.325428256377705,-34.744044550923007],[150.325528626355407,-34.744100118932408],[150.325626450333061,-34.74415899394161],[150.325736636306971,-34.744232435952021],[150.325843478280575,-34.744311767962174],[150.325947299254011,-34.744395652972095],[150.326048467227423,-34.744482755981785],[150.32614730420093,-34.744571768991285],[150.326225120179686,-34.744645102998781],[150.3263010991584,-34.744720544006128],[150.326375510137126,-34.744797635013356],[150.326448638115892,-34.744875953020461],[150.326520762094702,-34.74495506102749],[150.326600372070999,-34.74504485303526],[150.326678431047299,-34.745136115042904],[150.326755010023703,-34.745228669050434],[150.326830191000084,-34.74532235105783],[150.326904036976629,-34.745416984065116],[150.32698006095211,-34.745516771072637],[150.327054873927665,-34.74561761608004],[150.327128029903292,-34.74571967208734],[150.32719910587906,-34.745823098094434],[150.327267661854989,-34.745928040101319],[150.327336738829729,-34.746041344108306],[150.327402570804708,-34.74615675611502],[150.327466268779801,-34.746273494121546],[150.327529016754966,-34.746390797127987],[150.327591971730158,-34.746507893134456],[150.327643460709766,-34.746604014139749],[150.327694179689473,-34.746700530144977],[150.32774470966919,-34.74679716115017],[150.327795625648832,-34.746893578155422],[150.327847490628471,-34.746989475160731],[150.32788260261475,-34.747053783164333],[150.32791765260103,-34.747118144167928],[150.327953122587303,-34.747182272171543],[150.327989472573449,-34.747245854175269],[150.328027174559566,-34.747308584179088],[150.328060771547484,-34.747362386182473],[150.32809498753528,-34.747415874185926],[150.328130054523115,-34.747468798189438],[150.328166251510851,-34.747520887193041],[150.328203819498498,-34.747571892196781],[150.3282441304857,-34.747623400200744],[150.32828584047283,-34.747673912204846],[150.32832877845982,-34.747723465209056],[150.328372764446897,-34.747772050213335],[150.328417629433915,-34.7478196932177],[150.328456560422893,-34.747859440221475],[150.328496306411836,-34.747898433225309],[150.32853672540071,-34.747936763229205],[150.328577681389618,-34.747974510233149],[150.328619041378545,-34.748011756237119],[150.328670297365164,-34.748055429242022],[150.328722934351731,-34.748097532247058],[150.328775974338328,-34.748139197252115],[150.32882843232494,-34.748181489257121],[150.328879338311538,-34.748225503262006],[150.328918977300816,-34.748261995265821],[150.328958114290089,-34.748299106269599],[150.328996632279342,-34.748336880273307],[150.329034442268636,-34.748375318276985],[150.329071455257946,-34.748414455280582],[150.329074942256938,-34.748418273280905],[150.329104039248392,-34.748450230283737],[150.329136023238817,-34.748486570286886],[150.32916740622926,-34.748523448289944],[150.329198161219779,-34.748560846292968],[150.32922826221025,-34.748598719295934],[150.329291118191037,-34.748673281302104],[150.329357066170843,-34.748751940308566],[150.329422279150663,-34.74883122731498],[150.329486811130494,-34.748911096321336],[150.329550671110326,-34.748991485327622],[150.329613903090262,-34.749072349333858],[150.329682765067986,-34.749163343340683],[150.329750138045767,-34.749255502347367],[150.329817046023578,-34.749348019354024],[150.329884545001363,-34.749440071360716],[150.329953683979085,-34.749530849367567],[150.330012962960183,-34.749607177373427],[150.330072367941227,-34.749683533379283],[150.330132713922268,-34.749759081385228],[150.330194806903251,-34.749832998391319],[150.330259482884202,-34.749904441397625],[150.330323054866312,-34.749968104403784],[150.330389218848381,-34.750029292410154],[150.330456726830391,-34.750089216416633],[150.330524332812416,-34.750149087423118],[150.330590764794465,-34.750210096429512],[150.330650572777955,-34.750267475435287],[150.330709896761476,-34.750325364441025],[150.330769041744986,-34.750383442446733],[150.330828329728547,-34.750441349452466],[150.330888074711993,-34.750498791458241],[150.330972524688548,-34.750581412466396],[150.331056283664992,-34.750665261474495],[150.331141137641424,-34.750747712482699],[150.331228876618013,-34.750826120491126],[150.331321286594772,-34.750897850499932],[150.331402303575658,-34.750951007507581],[150.331486520556695,-34.750999690515485],[150.331572700537805,-34.751045586523546],[150.331659615518902,-34.751090326531681],[150.331746010500069,-34.751135594539761],[150.331868924473156,-34.751200484551255],[150.331992663446357,-34.75126386956282],[150.3321169494196,-34.751326223574416],[150.332241522392877,-34.75138802158606],[150.332366104366173,-34.751449747597675],[150.332453538347664,-34.751491026605819],[150.332542058329238,-34.751530558614071],[150.332630174310822,-34.75157068962227],[150.332716417292261,-34.751613726630303],[150.332799316273565,-34.751662015638104],[150.332863839258295,-34.751704791644194],[150.332927160242861,-34.751749952650208],[150.332988806227405,-34.751797488656067],[150.333048273211944,-34.751847417661757],[150.33310511419657,-34.751899758667236],[150.333150015183719,-34.751946470671591],[150.333192441170866,-34.751995709675754],[150.333233649158046,-34.752046221679798],[150.333274910145263,-34.752096742683854],[150.333317471132432,-34.752145981688024],[150.333360274119826,-34.752192818692187],[150.333402378107621,-34.752238015696278],[150.333403535107237,-34.752239252696398],[150.333447234094649,-34.752285300700649],[150.33349136408205,-34.752330909704924],[150.333535906069443,-34.752376087709244],[150.333495766068552,-34.752428302706001],[150.333457812067053,-34.752482373702946],[150.333421607065134,-34.752537833700082],[150.333386719062901,-34.752594145697316],[150.333352719060485,-34.752650824694655],[150.333317813057675,-34.752711376691934],[150.333284368054564,-34.752772842689346],[150.333252161051178,-34.752835025686871],[150.333220993047547,-34.752897737684499],[150.333190668043727,-34.752960771682204],[150.333162190039559,-34.75302441668007],[150.333135611035033,-34.753088965678124],[150.333109526030341,-34.75315375767623],[150.333082554025907,-34.753218091674256],[150.333053268021899,-34.753281296672043],[150.333011389017372,-34.753362877668842],[150.332967062013353,-34.753443428665399],[150.332920414009806,-34.753522723661753],[150.332871533006823,-34.753600593657886],[150.332820564004351,-34.753676831653827],[150.332129594923543,-34.755069107601237],[150.331805923879728,-34.755766645576912],[150.331767261873352,-34.755858516574058],[150.331728393867053,-34.755950289571203],[150.331689319860772,-34.75604199056832],[150.331650039854509,-34.756133593565423],[150.33161056284834,-34.75622511456249],[150.331539379837182,-34.756390078557217],[150.331468008826022,-34.756554996551927],[150.331395741815101,-34.756719512546553],[150.331321869804498,-34.75688325654103],[150.331245675794378,-34.757045889535298],[150.331171928785409,-34.757196851529699],[150.331096237776904,-34.757346889523923],[150.331019093768674,-34.757496228518015],[150.330941492762065,-34.757634345511981],[150.330868534754245,-34.757775626506394],[150.33080048074541,-34.757919569501254],[150.330737580735502,-34.758065591496596],[150.330680076724605,-34.758213210492443],[150.330648801716848,-34.758307322490275],[150.330621595708266,-34.758402976488483],[150.330595429699514,-34.758498989486789],[150.330567274691077,-34.758594204484908],[150.330534116683737,-34.758687438482575],[150.330488140676096,-34.75879723847919],[150.330437987669228,-34.758905899475415],[150.330383468663257,-34.759012552471255],[150.33032435165839,-34.759116327466643],[150.330260438654733,-34.759216383461592],[150.330181761652653,-34.759320866455226],[150.33009489165255,-34.75941976644809],[150.330003575653535,-34.759515653440545],[150.329911542654628,-34.759611146432924],[150.329822548654988,-34.759708844425582],[150.329726768654439,-34.759821135417745],[150.32963212765361,-34.759934430410013],[150.329537933652659,-34.760048102402308],[150.329443516651736,-34.760161577394605],[150.32934818465111,-34.760274272386802],[150.329276571650496,-34.76035949238095],[150.32920555064976,-34.760445375375156],[150.329133847649217,-34.760530596369286],[150.329060181649197,-34.760613835363245],[150.328983280650135,-34.76069377535687],[150.328886684652701,-34.760783379348801],[150.328785553656559,-34.760868420340294],[150.328681633661176,-34.76095061933151],[150.328576665666162,-34.76103167132262],[150.328472415670916,-34.761113288313808],[150.32835961267611,-34.761201260304276],[150.32824551968173,-34.761287655294602],[150.328131273687404,-34.76137382528492],[150.32801798769276,-34.761461152275331],[150.327906807697474,-34.76155103326596],[150.327788662701323,-34.761655293256041],[150.327674040704068,-34.761763918246487],[150.327560117706639,-34.761873305236982],[150.327444034709885,-34.761979860227278],[150.327322967714707,-34.762079978217074],[150.327217900719944,-34.762159219208179],[150.327110772725746,-34.762236309199075],[150.327001438732282,-34.762310253189739],[150.326889757739707,-34.762380073180189],[150.3267756107482,-34.762444784170363],[150.326645578759098,-34.762509073159116],[150.326511755771492,-34.76256656814747],[150.326375440784858,-34.762619267135577],[150.326237933798751,-34.762669196123561],[150.326100534812753,-34.762718373111554],[150.325938474829343,-34.762776100097369],[150.325775393846328,-34.762831713083102],[150.325611236863892,-34.762884000068695],[150.325445958882256,-34.762931741054146],[150.325279489901533,-34.762973729039473],[150.32512053192093,-34.763006097025411],[150.324960085941456,-34.763032030011153],[150.324798859962527,-34.763054537996823],[150.324637499983652,-34.763076660982463],[150.324476695004392,-34.763101401968171],[150.3243522390203,-34.763121507957123],[150.324227586036358,-34.763140923946047],[150.324103122052207,-34.763161235934994],[150.323979249067719,-34.763184013924018],[150.323856353082448,-34.763210842913153],[150.32374548709538,-34.76323854090338],[150.323634997107888,-34.763268507893649],[150.323525197119977,-34.763301019884011],[150.323416429131527,-34.763336418874466],[150.323308996142458,-34.763375017865073],[150.323169741155908,-34.763430566852932],[150.323032054168408,-34.763491440840973],[150.322896502179901,-34.763557361829243],[150.322763611190396,-34.763628078817781],[150.322633921199809,-34.763703313806637],[150.322500734209484,-34.763780618795202],[150.322367808219013,-34.763858550783773],[150.322235796228199,-34.763937962772452],[150.32210534423686,-34.764019696761281],[150.321977097244826,-34.764104584750349],[150.321823016253234,-34.764214814737244],[150.321672556260438,-34.764330369724505],[150.321524337266879,-34.764449177712009],[150.321376961273018,-34.76456916969957],[150.321229039279359,-34.764688255687098],[150.321097448285059,-34.764793770675993],[150.320966548290556,-34.76490014566496],[150.320835755296031,-34.765006664653932],[150.320704496301602,-34.765112600642858],[150.320572216307511,-34.765217201631685],[150.320423925314458,-34.765332003619136],[150.320274819321668,-34.765445773606523],[150.320124907329159,-34.765558513593817],[150.319974232336932,-34.765670195581038],[150.319822793344912,-34.765780810568181],[150.319125246379741,-34.766305208509067],[150.317718658485802,-34.767091708388051],[150.31589634061902,-34.768142185231468],[150.314441601692977,-34.769226403108171],[150.313963509724204,-34.769530547067291],[150.313776643718768,-34.769782719052223],[150.313596509728995,-34.76990894903691],[150.313527468712095,-34.770115129032114],[150.313451470697771,-34.770309889026613],[150.313431122660717,-34.770613320026868],[150.313473057625743,-34.770830795032126],[150.3135011515906,-34.771065464036269],[150.313668243509795,-34.771488825054178],[150.313779739447114,-34.771837848066603],[150.314447145207851,-34.772895871133827],[150.314878238049175,-34.773610778177449],[150.314934218997763,-34.773936996184752],[150.314934406981109,-34.774062931185618],[150.314878981983327,-34.774108817180945],[150.3147969609916,-34.77413905217378],[150.314754219995848,-34.774154811170057],[150.314601652017075,-34.774166499156429],[150.314365807055253,-34.774143963135081],[150.313477555229923,-34.773824769053057],[150.312068516538147,-34.773082739921364],[150.310173627953475,-34.772078089744213],[150.308867900317296,-34.770797753618119],[150.307769660706015,-34.769093471507766],[150.305568601277173,-34.767253451297421],[150.304721114441946,-34.76696291921931],[150.302841862807298,-34.766318656046089],[150.296496187777791,-34.766138897474981],[150.294595759089702,-34.765924023302851],[150.291633034696474,-34.764674470028304],[150.29002390996493,-34.764459138882366],[150.287825714264017,-34.76467823568656],[150.286720525339263,-34.76535886859201],[150.286128818297954,-34.766342017545661],[150.284216718364149,-34.768004643385432],[150.282538892564446,-34.768384653237476],[150.279667869986383,-34.768434145980201],[150.276506369353598,-34.769228105701984],[150.269034684883934,-34.773667942062211],[150.267870200966399,-34.774361959962526],[150.266373583985228,-34.775915039838956],[150.26472500192952,-34.778206724706841],[150.263686589797913,-34.780383196628648],[150.263270983778483,-34.781001907595616],[150.261067755737741,-34.783809334417334],[150.259744394708292,-34.785533860310515],[150.259668533650967,-34.786054864307275],[150.259516424597535,-34.786633212297595],[150.259225607559472,-34.787251762275773],[150.259073399519622,-34.787727050265374],[150.258837862506539,-34.788093668246788],[150.258560938461898,-34.788746560226436],[150.258270004440504,-34.789239176203715],[150.257951335421723,-34.789743265178615],[150.257646453412889,-34.790155752154121],[150.257244392429186,-34.790488208120344],[150.256842303449247,-34.790792033086383],[150.256426321475146,-34.791067245050989],[150.255816188515723,-34.791451431998929],[150.255268318572575,-34.791640920951117],[150.254567855650748,-34.791842018889717],[150.253770266744169,-34.79203748781957],[150.253007315839966,-34.792175666752136],[150.252757560873704,-34.792202737729944],[150.251187770105503,-34.792223802589405],[150.250930055149411,-34.792182872566023],[150.250672421193315,-34.792141441542661],[150.2504148682373,-34.792099498519285],[150.250157395281377,-34.792057072495922],[150.249900003325479,-34.792014134472574],[150.249556808384682,-34.791954210441403],[150.249214034444122,-34.791891561410246],[150.248871269503553,-34.791828938379112],[150.248528110562717,-34.791769067347964],[150.248184126621283,-34.791714701316771],[150.247874510673512,-34.791669469288699],[150.247564454725534,-34.791626011260632],[150.247253969777205,-34.79158610323254],[150.246943035828167,-34.791551556204446],[150.246631662878372,-34.791524153176368],[150.246311029928762,-34.791504800147493],[150.24598974297831,-34.791493102118636],[150.245668079027212,-34.79148698808978],[150.245346317075615,-34.791484415060921],[150.245024725123812,-34.791483331032097],[150.244719384169713,-34.79148120600474],[150.244413721215608,-34.791479206977343],[150.244108202261003,-34.791481008949987],[150.243803310305367,-34.79149024192273],[150.243499493348082,-34.79151056289566],[150.243195417389217,-34.791543218868647],[150.242891923428999,-34.79158569884175],[150.242589299467511,-34.79163635381498],[150.242287858505023,-34.791693534788372],[150.241987888541701,-34.791755565761932],[150.241655189581394,-34.791831589732638],[150.241324095619774,-34.791916056703556],[150.240994579656984,-34.79200743567467],[150.240666596693245,-34.792104183645968],[150.240340101728805,-34.792204750617401],[150.240093233755289,-34.792283740595828],[150.239847243781242,-34.792365698574365],[150.239602123806719,-34.792450363552987],[150.239357863831771,-34.792537457531694],[150.239114482856394,-34.792626702510518],[150.238838526883882,-34.792731097486516],[150.23856369091078,-34.792838718462647],[150.238290002937134,-34.792949271438879],[150.238017389962977,-34.793062441415238],[150.237745861988344,-34.793177960391709],[150.237486077013813,-34.793279665369148],[150.237219927040968,-34.793375355345965],[150.236958385066629,-34.793477365323241],[150.236712422087493,-34.793598021302024],[150.236493002100332,-34.793749637283419],[150.236427798102852,-34.793804542277968],[150.236362773105157,-34.793860925272526],[150.236300393106717,-34.793919791267349],[150.236243113107093,-34.793982172262631],[150.236193408105692,-34.794049079258649],[150.236142196099905,-34.79415133125476],[150.236107506090207,-34.794264250252432],[150.23608208407839,-34.794383202250955],[150.236058661066039,-34.794503580249696],[150.236029994054888,-34.794620748247944],[150.235941610029954,-34.794910544242001],[150.235849397005722,-34.795199211235705],[150.235755077981935,-34.795487260229244],[150.235660373958211,-34.795775192222742],[150.235566986934202,-34.796063527216333],[150.235475401910691,-34.79634614321008],[150.235382624887421,-34.796628428203704],[150.235290708863971,-34.796910973197406],[150.235201678840014,-34.797194324191366],[150.235117605815049,-34.797479083185799],[150.235053889793932,-34.797712110181685],[150.234993481772165,-34.797946088177881],[150.234934973750057,-34.798180604174242],[150.234876949727862,-34.798415254170664],[150.234818020705802,-34.798649644166993],[150.234759091680559,-34.798908398163491],[150.234706652653955,-34.799170039160593],[150.234651003628045,-34.799430245157374],[150.234582429604785,-34.799684706152988],[150.234491194586269,-34.799929091146495],[150.234437822578514,-34.800048652142529],[150.234381896571165,-34.800168178138335],[150.23432132656481,-34.800285104133728],[150.234254052560175,-34.800396822128462],[150.234177983557856,-34.800500759122357],[150.233994455562822,-34.800671514107087],[150.233768499578503,-34.800808896087794],[150.233517194600807,-34.800924872066084],[150.233257624625622,-34.801031418043571],[150.23300683864872,-34.801140491021869],[150.232780023668624,-34.801246786002281],[150.232551065689336,-34.801349736982495],[150.2323197587111,-34.801447175962458],[150.232085914734199,-34.801536940942128],[150.23184930175907,-34.80161688192149],[150.231577074789811,-34.801692375897623],[150.231300329823085,-34.801753895873276],[150.231020805858009,-34.80180624584861],[150.230740205893625,-34.801854256823809],[150.230460259929117,-34.801902724799085],[150.230258355955101,-34.801934689781213],[150.230055302981896,-34.801961698763222],[150.229852448008614,-34.801989056745256],[150.229651081034348,-34.802022070727446],[150.22945252905825,-34.802066066709976],[150.229293015075712,-34.802114615696027],[150.229135859091656,-34.802172199682346],[150.228979464107056,-34.802232742668771],[150.228822263122964,-34.802290130655088],[150.228662686140524,-34.802338293641114],[150.228432742168394,-34.802387685620879],[150.228199086198714,-34.802422725600188],[150.227963289230473,-34.802449393579288],[150.227726917262601,-34.802473704558281],[150.227491541294086,-34.802501635537404],[150.227305117319247,-34.802522163520862],[150.227117393345225,-34.80253803850416],[150.226930279370862,-34.802555895487529],[150.226745684394984,-34.80258238347119],[150.226565517416418,-34.802624138455343],[150.22644374142908,-34.802666358444732],[150.226324592440164,-34.802717399434421],[150.226206402450686,-34.802771846424214],[150.226087530461541,-34.802824241413923],[150.22596631947377,-34.802869150403389],[150.225822214489568,-34.802912922390789],[150.225676047506255,-34.802952112377966],[150.225528393523859,-34.802985754364968],[150.225379841542548,-34.803012870351871],[150.225230950562207,-34.803032483338676],[150.225015330593664,-34.803038373319417],[150.224797469628584,-34.803020606299803],[150.224578479664956,-34.802993096280005],[150.224359453700771,-34.802969736260252],[150.224141503734018,-34.8029644382407],[150.223899081768138,-34.802980627219114],[150.223656542800626,-34.803009160197597],[150.223414694831689,-34.803047974176216],[150.223174352861434,-34.803094999155029],[150.222936313890017,-34.803148201134086],[150.222598998927623,-34.803245720104556],[150.222267788961005,-34.803368428075757],[150.221939106992551,-34.803502269047257],[150.221609339024639,-34.803633170018635],[150.221274920059642,-34.803747093989507],[150.220977325093571,-34.8038273659634],[150.220676547129358,-34.803896980936969],[150.220374766165804,-34.803963215910414],[150.220074167201517,-34.804033331883993],[150.219776940235278,-34.804114608857944],[150.21941989527437,-34.80422327882674],[150.219062788312698,-34.804337533795568],[150.21870989434899,-34.804462787764862],[150.218365479381873,-34.804604454734999],[150.218033839409969,-34.804767957706439],[150.21777645642868,-34.804918131684445],[150.217526020444524,-34.805082270663164],[150.217281716458075,-34.805257077642494],[150.217042718469855,-34.805439234622355],[150.216808220480459,-34.805625461602645],[150.216436232493635,-34.805947976571566],[150.216082227501175,-34.806293232542266],[150.21573992850503,-34.806652805514098],[150.215402981507339,-34.807018311486452],[150.215065128510162,-34.807381307458712],[150.214948031511824,-34.807501640449061],[150.214829384513905,-34.807620861439254],[150.214712072515624,-34.807741175429584],[150.214599036516262,-34.807864762420316],[150.21449318151511,-34.807993816411738],[150.214386204510561,-34.808150219403231],[150.214290612503163,-34.808315219395809],[150.214199475494638,-34.808483688388812],[150.214105891486668,-34.808650481381591],[150.214002931481048,-34.80881047937347],[150.213920624479186,-34.808918253366841],[150.213833180478588,-34.809022504359724],[150.213744687478169,-34.80912594035253],[150.213659198477103,-34.809231302345587],[150.213580781474377,-34.809341317339332],[150.213501037468433,-34.809477005333136],[150.213430177460452,-34.809618403327747],[150.213363772451373,-34.809762723322805],[150.213297429442321,-34.809907213317864],[150.213226721434239,-34.8100490953125],[150.21309409942188,-34.810293713302308],[150.212957308410438,-34.81053637729174],[150.212816027399981,-34.810776504280732],[150.212669896390679,-34.811013538269293],[150.212518593382583,-34.811246880257357],[150.212293839373814,-34.811569278239453],[150.212056974367869,-34.811883932220425],[150.211811298364012,-34.812192553200546],[150.211560073361596,-34.812496853180164],[150.211306598359812,-34.81279855315956],[150.21111321835798,-34.813032576143854],[150.210920107355889,-34.813268024128199],[150.210722926354947,-34.813499438112146],[150.210517292356542,-34.81372135009525],[150.210298875361957,-34.813928284077143],[150.210125046368489,-34.814076503062601],[150.209945721376414,-34.814220241047558],[150.209760713386174,-34.814356556031939],[150.209569816398158,-34.814482536015717],[150.209372850412791,-34.814595239998873],[150.209089669438072,-34.81472493997444],[150.208791572468925,-34.814829665948487],[150.208483901503769,-34.814914446921556],[150.208172007541236,-34.814984357894126],[150.207861253579836,-34.815044415866744],[150.20758463361679,-34.815078290842237],[150.207303496657204,-34.815090571817173],[150.207021757698357,-34.815098155792029],[150.206743363737417,-34.815117974767276],[150.206472211771512,-34.815166917743355],[150.206257541795566,-34.815228151724568],[150.206044136817951,-34.815300651705982],[150.205834576838271,-34.815384725687814],[150.20563141685605,-34.815480693670303],[150.205437247870861,-34.815588870653677],[150.205247981880774,-34.815728709637703],[150.205073811885143,-34.815893825623263],[150.204904400887756,-34.816066606609297],[150.204729396892532,-34.816229446594761],[150.204538454903314,-34.816364712578611],[150.204305946923455,-34.816475928558582],[150.204058316949272,-34.816561337537024],[150.203801650978562,-34.816630593514539],[150.203542045009158,-34.816693395491761],[150.203285603038836,-34.816759442469269],[150.203019686069553,-34.816828429445962],[150.202751798101474,-34.816890495422442],[150.202483407133684,-34.816950742398852],[150.202215993165339,-34.817014252375373],[150.201951035195549,-34.817086116352165],[150.201689735223937,-34.817167438329356],[150.20143025425125,-34.817255052306763],[150.201172047277794,-34.817346924284301],[150.200914592303945,-34.817441019261928],[150.20065733433006,-34.81753530223957],[150.200272349368248,-34.817682742206152],[150.199890259404953,-34.817838410173046],[150.199508635441447,-34.817995217140016],[150.199125075479003,-34.81814607210675],[150.198737176518932,-34.818283912073007],[150.198478305546445,-34.818369213050445],[150.198218448574352,-34.818452695027787],[150.197957300603065,-34.818531650004985],[150.19769453063293,-34.818603334981979],[150.197429841664416,-34.818665033958737],[150.197201394693792,-34.81870172293857],[150.196969576725451,-34.818724769917999],[150.196737579757411,-34.818745808897404],[150.196508639787623,-34.818776473877143],[150.196285919814073,-34.818828375857599],[150.195038033951931,-34.819200264748588],[150.194393040008521,-34.81950426969302],[150.193715057082613,-34.819712269633825],[150.192958066213521,-34.819578276565252],[150.19227607731753,-34.819563279504202],[150.191612088426865,-34.81948728344431],[150.19120409250263,-34.819375287407091],[150.19024309868297,-34.819097288319291],[150.189577110801139,-34.818956293258815],[150.188871124904693,-34.818972294195831],[150.188031136031697,-34.818962300120688],[150.187286157143546,-34.8189592970541],[150.186531156239312,-34.819090305987537],[150.1858711743144,-34.819270311929785],[150.18526618537868,-34.819470316877101],[150.184888191412483,-34.819643321844509],[150.18422220351178,-34.819646324785019],[150.183550209632045,-34.81949633072395],[150.182731223772493,-34.819360328649871],[150.181693247950534,-34.819187324555941],[150.180970248079859,-34.81902633149025],[150.180398256178194,-34.818929341438476],[150.180002254252685,-34.818813338402308],[150.179555265358204,-34.818519338360367],[150.179076265455734,-34.818322337316232],[150.178477274560748,-34.81820533926193],[150.177664285681743,-34.818210350189347],[150.176780301798431,-34.818329347111202],[150.175962319899526,-34.81849135403926],[150.175132335980436,-34.81882136296737],[150.17449734401805,-34.819258374913659],[150.173730367071101,-34.819728383848371],[150.172060403212441,-34.820555401704901],[150.170996422315767,-34.820981406612802],[150.170346434384413,-34.821199410556254],[150.169590448454073,-34.821530414491022],[150.168262479603101,-34.821909419375039],[150.167401480697976,-34.822168414299952],[150.166727505786866,-34.822259416240406],[150.165855516905992,-34.822346420163136],[150.164877538023603,-34.822565418077339],[150.163726563152466,-34.82289642197685],[150.162733578280893,-34.823050421889263],[150.161295595519505,-34.82287241375969],[150.160293611701917,-34.822625409668575],[150.158175639050427,-34.822385406477899],[150.157165658183345,-34.822524410388723],[150.156577666264042,-34.822580407336638],[150.156054681350611,-34.822517408289528],[150.155960676368863,-34.822485406280919],[150.155496683458409,-34.822332408238481],[150.15486268858885,-34.822061408180041],[150.154252699717404,-34.821777401123668],[150.153751703820888,-34.82156040007748],[150.153012713951483,-34.821408397010515],[150.151740735174371,-34.821160396895323],[150.150576754388254,-34.8208583897894],[150.1494337665861,-34.820654395686041],[150.148282783801534,-34.820325388581104],[150.147274793959753,-34.820269380490814],[150.146864808008445,-34.82036637945491],[150.146282813090039,-34.820408384403272],[150.145198835273305,-34.820248385305504],[150.143827849500411,-34.820081394182075],[150.142995866634266,-34.820010389107388],[150.142186877771366,-34.819888380034406],[150.141347893902605,-34.819845378959293],[150.140547904024203,-34.819831385887845],[150.13898892429529,-34.819543390746865],[150.137615947536744,-34.819269406622574],[150.136691966677944,-34.819247400540036],[150.136080972763381,-34.819293404485869],[150.135711979809969,-34.81935940645343],[150.135210991866359,-34.819501413409725],[150.134616006945691,-34.819575411357192],[150.134090010021851,-34.819595419310438],[150.133398026154396,-34.819374422247236],[150.132633031318193,-34.818998428176478],[150.131903040483422,-34.818571428108477],[150.131366044603254,-34.81827042705855],[150.130933048693748,-34.818074429018608],[150.130420057792861,-34.81790443597172],[150.12990406388397,-34.817798436925017],[150.12942707296466,-34.81772744288201],[150.128756083067259,-34.817711441822098],[150.12828909513857,-34.817700442780399],[150.12793409519594,-34.817668450748535],[150.127659107243346,-34.817620448723702],[150.127425111288346,-34.817544451702332],[150.127121116356136,-34.817374449674077],[150.126946112427277,-34.817031460656125],[150.126633108589175,-34.816153446622216],[150.126392111697299,-34.815603451596978],[150.126206118767726,-34.815278453578181],[150.125989109830215,-34.815049449557279],[150.125783108894609,-34.814793447537156],[150.125618099955716,-34.814515447520556],[150.125436105061027,-34.813919450500251],[150.125372102130513,-34.813462449491432],[150.125406103164977,-34.813160452492383],[150.125410092223973,-34.812705449489634],[150.125496093236507,-34.812511451495972],[150.125687088226812,-34.81236744551201],[150.125625085280234,-34.812030444504167],[150.125611067545634,-34.810020442489169],[150.125593058650793,-34.809238442482211],[150.125390052789101,-34.808414446458464],[150.125282054865238,-34.807956441445704],[150.124887047988921,-34.80746344040714],[150.124507056101862,-34.807035446370342],[150.12400105826876,-34.806339447320489],[150.123410062426728,-34.805808458264181],[150.12268606863293,-34.805061463194569],[150.122286069757962,-34.804563461155517],[150.121874066880622,-34.804097469115625],[150.121437063999707,-34.803687466073875],[150.120641080181684,-34.80320747199967],[150.119785091376883,-34.802694481919907],[150.119161099543476,-34.802135488860472],[150.118516105737655,-34.801389488797895],[150.118212100829737,-34.801033493768387],[150.117714106939331,-34.800765497722196],[150.11714510906765,-34.800435506669245],[150.116583120202137,-34.800050513616547],[150.115844120377233,-34.799557513547349],[150.115473127459921,-34.799349522512877],[150.114779135581216,-34.799216524450152],[150.113696151745984,-34.799195540353544],[150.11300316385055,-34.79918854029178],[150.112001186987754,-34.799285549203191],[150.111599188042561,-34.799326559167675],[150.11078820716935,-34.799284564095167],[150.110139214286761,-34.799129577036311],[150.109709211385876,-34.798863589996209],[150.109287222494146,-34.798518584956255],[150.108909220615885,-34.798020590919187],[150.108554219733378,-34.79752860388421],[150.108039211910011,-34.796767607833146],[150.107622216056484,-34.796124612791616],[150.107139209222851,-34.795405621743669],[150.106443200549535,-34.79370463467005],[150.106264189643809,-34.793188641650588],[150.106266188715864,-34.792635644646971],[150.106235173814952,-34.791913649639262],[150.106217164920594,-34.791126647632275],[150.106102157031842,-34.790407664617113],[150.105966155116562,-34.789915658601636],[150.10573414923104,-34.789305659576804],[150.105451147334605,-34.78883766854841],[150.105139147413865,-34.78858867651892],[150.104679151512727,-34.788358678476385],[150.103982156670838,-34.787946685411505],[150.103309158824061,-34.787544696348846],[150.102467170987268,-34.787259713271943],[150.101477180165773,-34.787026731182216],[150.100102194479803,-34.786197733054138],[150.098943195771113,-34.785295749944801],[150.097947207032064,-34.784438758850278],[150.097354203201036,-34.783824770793295],[150.096589207384739,-34.783294775721593],[150.096019214532589,-34.782815786667584],[150.095101211758504,-34.782137796581232],[150.093627225074698,-34.781404812445054],[150.093292222160471,-34.781131823413361],[150.092864227266546,-34.78080982837308],[150.092264230392232,-34.780534831317802],[150.091652240491669,-34.780473840262935],[150.090619256662706,-34.780346847170144],[150.089758264819181,-34.780134858092076],[150.089071272948956,-34.77992786202956],[150.08830327410206,-34.779634874959214],[150.08762328325443,-34.779246877896071],[150.087051290392878,-34.778841885842418],[150.086384288546981,-34.77842589478022],[150.085997286635802,-34.778188896744176],[150.085461293775381,-34.777733902693377],[150.084765292977664,-34.776981915626308],[150.084328290116048,-34.77642292158361],[150.083948288228129,-34.775999920546923],[150.083657299318787,-34.775638923518564],[150.083320289397022,-34.775425930487138],[150.08309428945023,-34.77527693146601],[150.082841289510156,-34.775107934442353],[150.082680287565211,-34.774870935426407],[150.082494284634265,-34.7745549374077],[150.082164284734432,-34.774165946375682],[150.081735286838949,-34.773856949335411],[150.081424289905129,-34.773705959306724],[150.080965297986154,-34.773610950265237],[150.080324310088258,-34.773562958207911],[150.080004314142627,-34.773512957179108],[150.07961732120765,-34.773457963144317],[150.079097329278596,-34.773509963098434],[150.078441345371431,-34.77354996004037],[150.077839351463922,-34.773530965986701],[150.076931371600693,-34.773522969905905],[150.076255379702673,-34.773515969845754],[150.075827385789751,-34.773338975806482],[150.07555539186896,-34.773043980780287],[150.075392390958172,-34.772546982762393],[150.07531538103683,-34.772032978752016],[150.075203376121351,-34.771513982738512],[150.075302366199793,-34.770799984742411],[150.075328352252313,-34.770367983741764],[150.075376355297919,-34.769963986743264],[150.075336349361066,-34.769525988736703],[150.07512133945653,-34.769040982714273],[150.074926346536074,-34.768654984694301],[150.074637347613617,-34.7683919906668],[150.074225353715292,-34.768084991628065],[150.07378235380969,-34.767868986587189],[150.072984371962406,-34.767612993514497],[150.072142385101813,-34.767508993438923],[150.071353401218573,-34.767517984368851],[150.070396415347602,-34.767625006284511],[150.069583435444997,-34.767810005213512],[150.069154446505564,-34.767837004175561],[150.068815446554936,-34.767847008145488],[150.068567457592792,-34.767841011123423],[150.068328459639616,-34.767756006101592],[150.068172459670109,-34.767701012087343],[150.0680584647057,-34.767559013076244],[150.067984458735168,-34.767418019068693],[150.068063457743847,-34.767261006074641],[150.067875465785789,-34.76715501605721],[150.067229475868629,-34.767260011000502],[150.066124494015412,-34.767401014903271],[150.064720519201103,-34.767586022779753],[150.063482548353647,-34.767835023671438],[150.06239857049178,-34.768018032576364],[150.061023603676688,-34.768176031455283],[150.06048361374215,-34.768293046408111],[150.059676630821031,-34.768613042338586],[150.058844647891533,-34.769026040267498],[150.058827652892859,-34.769035040266047],[150.058119668947029,-34.769431041205856],[150.057241691020891,-34.769871047130863],[150.056206720101216,-34.770441048042834],[150.055785736108504,-34.770868056008347],[150.05545774409228,-34.771368048982637],[150.055220755046577,-34.771990049965837],[150.054925768001169,-34.772676053944338],[150.054907777935881,-34.773197058946309],[150.055139774842189,-34.773649057970012],[150.055581770743771,-34.773897056010966],[150.055974769655904,-34.774120053047419],[150.056373765572516,-34.774302057084107],[150.056825756488877,-34.77442505212511],[150.057423752378725,-34.774584046179321],[150.058020736287631,-34.774598048232463],[150.058370725234283,-34.774606044263606],[150.058678728203574,-34.774488051290163],[150.058807719200246,-34.774366042300791],[150.059011713174044,-34.774333037318684],[150.059245708127946,-34.774418043340063],[150.059771706035463,-34.774524033387507],[150.061312667812388,-34.774468035524059],[150.061765662728106,-34.77459502856518],[150.062423664583264,-34.77495102362608],[150.062975657455809,-34.775295025677501],[150.063464652337387,-34.775642020723325],[150.064320641123544,-34.776300021803905],[150.065493632821244,-34.777272011914803],[150.065984634689102,-34.777722021961516],[150.066509628569463,-34.778037006010337],[150.066940625473308,-34.778279993050312],[150.067220624382571,-34.778654006077758],[150.067386620325635,-34.778900004094197],[150.06734463326157,-34.779438999094154],[150.067231642214495,-34.779929005087475],[150.067130646169119,-34.780392004081669],[150.06722465208432,-34.780934001093726],[150.067298658036577,-34.781215004102243],[150.06709566996247,-34.782015003089661],[150.066877684899225,-34.78274900007532],[150.066427703885836,-34.783367004039562],[150.066225709857179,-34.783817999024691],[150.06596972586658,-34.784039006003461],[150.065012822975149,-34.784303694920226],[150.064762217002823,-34.784378642898467],[150.064510553030999,-34.7844513758766],[150.064257930059568,-34.784521913854633],[150.064004446088546,-34.784590191832564],[150.063750165117966,-34.784656202810424],[150.063615517133485,-34.7846916647987],[150.063480923148859,-34.784727914786991],[150.063345943164535,-34.784762829775232],[150.063210121180759,-34.784794247763379],[150.063072998197867,-34.784820046751371],[150.062962992212249,-34.784835894741704],[150.062852153227169,-34.784848605731938],[150.062740793242511,-34.784858923722112],[150.062629191258054,-34.784867627712259],[150.062517653273687,-34.784875434702393],[150.062148829327384,-34.784886828669698],[150.061777863384208,-34.78487684263667],[150.061405679442743,-34.784854755603455],[150.06103317150172,-34.784829844570183],[150.060661255559751,-34.784811387536998],[150.060318911612598,-34.784798694506499],[150.059976550665652,-34.784784594475987],[150.059634179718586,-34.784771542445469],[150.059291818771044,-34.784761996414993],[150.058949456822717,-34.784758383384535],[150.058662366865207,-34.784761888359071],[150.05837529490708,-34.784770278333617],[150.05808821494864,-34.784780766308181],[150.057801115990287,-34.784790600282733],[150.057513973032371,-34.784796991257274],[150.057224418075066,-34.784801679231578],[150.056934648117789,-34.784806484205859],[150.05664494116084,-34.784808815180135],[150.056355583204493,-34.784806081154422],[150.056066880249006,-34.784795710128705],[150.055996943259998,-34.784791774122461],[150.055927051271027,-34.784787382116235],[150.055857159282084,-34.784782694109971],[150.055787293293179,-34.784777880103732],[150.055717428304234,-34.784773111097508],[150.05565951231344,-34.784769194092334],[150.055601604322618,-34.784765232087167],[150.055543688331795,-34.784761216081982],[150.055485798340982,-34.784757165076819],[150.055427900350168,-34.784753050071657],[150.054970916422434,-34.784723057030853],[150.053935925564758,-34.784819069939573],[150.052926947675218,-34.785129061852068],[150.052194966707475,-34.785721070791091],[150.051148993729385,-34.786752079705252],[150.049408042728345,-34.788756093564352],[150.048590060767594,-34.789393100496071],[150.047604083855106,-34.789853114411663],[150.046882096923639,-34.790156123349618],[150.046086103016108,-34.790360125280337],[150.045505119061147,-34.79068113423093],[150.044929129104304,-34.791011143182047],[150.044304141142078,-34.791438151129476],[150.04377715716862,-34.791839155085434],[150.042820178196507,-34.792723164006517],[150.042318186227646,-34.793060173964264],[150.041998198260131,-34.79317817593666],[150.041641207266736,-34.793537173907424],[150.041407210263259,-34.793832178888671],[150.041345215262254,-34.7939111778837],[150.04085123628073,-34.794336186842763],[150.040455234296928,-34.794666186809842],[150.040235239285636,-34.795005195792655],[150.040311245204862,-34.795537189803042],[150.04077524799672,-34.796600200851501],[150.041032244907001,-34.796993190877018],[150.04137124579637,-34.797452181910252],[150.041813250655991,-34.798021179953381],[150.042158247566249,-34.798313180986021],[150.042873242393227,-34.798819171052948],[150.043558235216835,-34.799385165117648],[150.044320228042096,-34.799850154188491],[150.044908229899391,-34.800269148243565],[150.045384226775013,-34.800676148288623],[150.045708220670804,-34.801103147320305],[150.045980224575175,-34.801524140347347],[150.0466322203456,-34.802535142412154],[150.046765236256022,-34.803069136427624],[150.046758235166607,-34.803762141431747],[150.046807241093575,-34.804265145439551],[150.046698248059812,-34.804649144432496],[150.045966266093444,-34.805231157371473],[150.04534127813011,-34.805667156318961],[150.044537297197081,-34.806076164250364],[150.043821307264068,-34.806384175188903],[150.043124321355407,-34.806484177127707],[150.042458323476097,-34.80632318406748],[150.041793329619679,-34.805986193006134],[150.040911343805476,-34.805574198925022],[150.040173347979135,-34.805090206856178],[150.039699350092235,-34.804767207811899],[150.039134358195611,-34.804623210760752],[150.038342371284557,-34.804850223692014],[150.037891375309812,-34.805174226654188],[150.037515389312603,-34.805584229623626],[150.037260408284254,-34.80609423460448],[150.036962409270302,-34.806543240581092],[150.036684417265462,-34.806899244558856],[150.036393428235982,-34.807459242536858],[150.036268434190646,-34.807950244529117],[150.03610443712958,-34.808606245519066],[150.036047453055147,-34.809242239518362],[150.036155450981568,-34.809682236530946],[150.036553451869651,-34.810083249569018],[150.037012452707899,-34.810796243614654],[150.037306462519552,-34.811902237648312],[150.03735147039248,-34.812824244658614],[150.037244466303207,-34.81363124465463],[150.037477485153971,-34.814507240681301],[150.037874490936076,-34.815721240724862],[150.038151495752857,-34.81680723475688],[150.038442502576544,-34.817824233789658],[150.038748515331804,-34.819348235827263],[150.039059520142018,-34.820445237862373],[150.039502529923681,-34.821609236909659],[150.040111533708455,-34.822559229970217],[150.040822530498275,-34.823353223038765],[150.041637528241694,-34.824383220118172],[150.042349529034993,-34.825149219186621],[150.042761531872372,-34.825922218228484],[150.043294530677173,-34.826805214281862],[150.043761536481725,-34.827766215329902],[150.043777536413643,-34.828269229334744],[150.043702543335286,-34.82895521533279],[150.043426560274156,-34.829740208313652],[150.043390570212296,-34.830255225313984],[150.043166578168155,-34.830850229298164],[150.042702593152967,-34.831499231261411],[150.042321607096426,-34.832369242233526],[150.041702626050778,-34.833429252185837],[150.04106165698974,-34.834632256137155],[150.040828665934868,-34.835320261121176],[150.040230687860628,-34.836575274076665],[150.039712713759997,-34.837940284040016],[150.039425732680655,-34.838877291020957],[150.039088750593663,-34.83993029999823],[150.038805767509956,-34.840896303979711],[150.038532787419371,-34.841903309962376],[150.038392798342954,-34.842649311955043],[150.038242803333674,-34.842892315943388],[150.03790280833843,-34.843246321915629],[150.037623822348905,-34.84348632289251],[150.037452826325875,-34.843859322879872],[150.037588828227229,-34.844458324896053],[150.037806833104582,-34.845147323920123],[150.038069836996272,-34.845674325947066],[150.038343838863142,-34.846379324976212],[150.039073839656595,-34.847122324046083],[150.039727834476764,-34.847748324108437],[150.040239839330354,-34.848281323157536],[150.040632839200867,-34.848821323196105],[150.041146834044355,-34.8494293232459],[150.041546833901577,-34.850063327285739],[150.041919833763046,-34.850695306323182],[150.04219383562986,-34.851400314352325],[150.042177852532035,-34.852167316356152],[150.041978860415412,-34.853288322346138],[150.041776884284104,-34.854525323336667],[150.04169387722078,-34.855105328333273],[150.041700896123047,-34.855845330338951],[150.041674909030377,-34.856584329341686],[150.041675912929861,-34.857352326347019],[150.041479923863875,-34.858082333334615],[150.041270937831484,-34.85857033231941],[150.041119939818685,-34.858841339307837],[150.040847954794202,-34.859341340287124],[150.040613958777698,-34.859736346269045],[150.04061396771877,-34.860187351272131],[150.040864968647242,-34.860446348296186],[150.041038967597785,-34.860625350312851],[150.04156295747481,-34.860964341361701],[150.043466933132066,-34.861401338533732],[150.04449591694393,-34.861659331626853],[150.045457895747319,-34.862059323714995],[150.046173902554926,-34.862709320783026],[150.046480901434876,-34.863275325814151],[150.04675990531797,-34.86384932584285],[150.047009911162831,-34.864749327871202],[150.046970919089176,-34.865357327871891],[150.046767930057541,-34.865832338857118],[150.046552938045011,-34.86617532684037],[150.046473948016313,-34.866485346835475],[150.046394956967617,-34.866948344831634],[150.04641220394268,-34.867119700834316],[150.046440960901037,-34.867405346838837],[150.046716961777122,-34.868036348867655],[150.04740296658079,-34.868750348933453],[150.048201952388979,-34.86930034500817],[150.049051944212522,-34.869674341086217],[150.049603936122992,-34.869725337135584],[150.050344916039904,-34.869510336199937],[150.051078904907229,-34.869682328266286],[150.051564904756077,-34.870280324313562],[150.052382913401459,-34.872053328398323],[150.052590914307473,-34.872533332420069],[150.052605749303041,-34.872550247421515],[150.052619975298626,-34.87256780742289],[150.052633528294194,-34.872585932424222],[150.052646374289822,-34.872604533425502],[150.052658421285571,-34.872623536426694],[150.05267080128084,-34.872645319427932],[150.052682131276185,-34.872667791429109],[150.052692592271626,-34.872690766430196],[150.052702354267097,-34.87271405543121],[150.052711614262648,-34.872737451432208],[150.052729398253149,-34.872790105434142],[150.052743400243941,-34.872844355435753],[150.052754587235,-34.872899627437114],[150.052763937226331,-34.872955329438319],[150.052772399217815,-34.873010861439468],[150.052780583209056,-34.87306822244058],[150.052753324167071,-34.873420336440553],[150.052726826126303,-34.873762742440555],[150.052717217118641,-34.873832330440187],[150.052708791110803,-34.873902132439909],[150.052701360102731,-34.873972060439712],[150.052694772094583,-34.874042069439625],[150.052688837086293,-34.874112105439565],[150.052684768079985,-34.874165091439565],[150.05268114607361,-34.874218113439603],[150.052677973067148,-34.874271171439688],[150.052675230060572,-34.874324255439809],[150.052672945053985,-34.87437734043997],[150.052787953003786,-34.874629345451901],[150.052860945971645,-34.874791342459496],[150.052970934882666,-34.875345343473057],[150.053061955761137,-34.876170353486778],[150.053251947663654,-34.876697355507254],[150.053299968593791,-34.877176355514791],[150.053181976518374,-34.877888364509161],[150.053131984442047,-34.878529361509116],[150.053009994402828,-34.878969368501288],[150.052813002353901,-34.879569373487882],[150.052698013324886,-34.87992337948009],[150.052480027302522,-34.880344381463601],[150.052115032314163,-34.880674391433438],[150.051971035311482,-34.880860394421916],[150.052070042268468,-34.881075395432184],[150.05221603920404,-34.881400393447372],[150.052300041147873,-34.881733397457104],[150.052755044024877,-34.882151396500383],[150.053569035867582,-34.882419383574522],[150.054307022761066,-34.882386378639843],[150.055068000681359,-34.882122370705638],[150.056145981574844,-34.881699350798527],[150.056462974532849,-34.881656358826383],[150.057886947295657,-34.88183535195413],[150.058524941149471,-34.88222034601344],[150.058823944056684,-34.882586346042508],[150.059137943954852,-34.883004345073267],[150.060800942462521,-34.884858349233696],[150.061288933332577,-34.885291345280024],[150.061929939121001,-34.886172344343002],[150.062265937018879,-34.886567351375547],[150.063588931653953,-34.887837342501797],[150.064263920460576,-34.888540343566596],[150.064917924271498,-34.889234344629457],[150.06526793216608,-34.889638342663325],[150.065762924035425,-34.890068335710261],[150.066313930921609,-34.890305334760839],[150.067126919712592,-34.890969324837634],[150.067484913626231,-34.891218325871151],[150.067923906532656,-34.89142932091162],[150.069187900261909,-34.892047316028197],[150.069707892140968,-34.892374304076661],[150.069995895072452,-34.892567308103587],[150.070446890972903,-34.892810303145332],[150.071395880749719,-34.893426290233897],[150.072021871611156,-34.893766285291875],[150.072493870508424,-34.894009281335514],[150.072988861414331,-34.894160279380543],[150.073507857314354,-34.894328273427831],[150.07382486024764,-34.894474270457025],[150.074357858121033,-34.894829270506825],[150.074651868024887,-34.895226267535683],[150.074862861933752,-34.895680266557541],[150.074984861860514,-34.896099261571258],[150.07510487079179,-34.896486263584578],[150.075169868731081,-34.896875264593],[150.075426875638783,-34.897285259618648],[150.075708872562643,-34.897543260645506],[150.076081864504602,-34.897558257678746],[150.077087855344075,-34.897630246768713],[150.077607847259145,-34.89768223781531],[150.078175840182325,-34.897617230865364],[150.078566831148606,-34.897426235898841],[150.078826823133284,-34.897245225920727],[150.07907781412257,-34.89703922394164],[150.079666792105485,-34.896494222990292],[150.080035786105896,-34.896068218020204],[150.080172773123479,-34.895777220030396],[150.080354769121755,-34.895581214045251],[150.080824751166716,-34.894699211081019],[150.081108739184344,-34.894239215103134],[150.081476728184498,-34.893816195132985],[150.081812716158936,-34.893626204161549],[150.082205706118998,-34.893480198195519],[150.082782699047584,-34.893364195246036],[150.083308696973575,-34.893326187292566],[150.083735686915844,-34.893277181330212],[150.084236674853173,-34.893181177374125],[150.084687670804726,-34.893034167413241],[150.085063664743018,-34.893074164446958],[150.085512661676376,-34.893068158486848],[150.08597465560041,-34.893118150528302],[150.086353652513765,-34.893345136563575],[150.086869654379143,-34.893781144612447],[150.087186657283809,-34.894145135643136],[150.087698652145349,-34.894615126691896],[150.087944659043501,-34.895110126717164],[150.087910667985284,-34.89559313271743],[150.087651670942819,-34.896214139698635],[150.087131688950421,-34.896752140656048],[150.086570704975315,-34.897205153609242],[150.085224745059122,-34.898108168495675],[150.084124766126365,-34.898856177402926],[150.08265379525929,-34.899528190276676],[150.081682826330848,-34.900095198194187],[150.081276838284253,-34.900916201163696],[150.080910856240052,-34.901673210136309],[150.081029871105528,-34.902563208152969],[150.081296889924118,-34.903641199184086],[150.081517895793581,-34.904384196208824],[150.081614904695783,-34.90501919622178],[150.082021904528062,-34.905832194263539],[150.082655908364131,-34.906356192323486],[150.083279900196203,-34.906922187382868],[150.083876901028731,-34.907515181440019],[150.084440895887383,-34.907947182493146],[150.084924896738613,-34.908527179540165],[150.085271901635338,-34.908917184573703],[150.085759891529364,-34.909166176618797],[150.086380888397116,-34.909463179676074],[150.086801882317729,-34.909586174714356],[150.087319874202649,-34.909870180762383],[150.087894869072557,-34.910203173815816],[150.088519854967359,-34.910289174872013],[150.089282841858875,-34.910242175939565],[150.090116823744154,-34.910161168013225],[150.090653810670688,-34.910106173060626],[150.091141809587782,-34.910179167104552],[150.091490803495617,-34.910482167137673],[150.091674807422123,-34.910831171156431],[150.091808810338961,-34.911312170171634],[150.091628813323666,-34.911635178157816],[150.091264831325759,-34.912036182128183],[150.090766837372428,-34.912251184085342],[150.089980866503367,-34.912153181014723],[150.089124869665227,-34.911900181936829],[150.088283877814547,-34.91172517886082],[150.087496894926119,-34.911776183791147],[150.086998909961778,-34.912075186748886],[150.086748922939705,-34.912530189729758],[150.086424937903843,-34.913175184705352],[150.086166953839694,-34.913960188687746],[150.08602097572529,-34.915000190681873],[150.086137982620244,-34.915667200696824],[150.086290988467823,-34.916654197717186],[150.086388991330494,-34.91758919573229],[150.086693013177552,-34.918407203764914],[150.087063011032882,-34.919086207802465],[150.087667003800846,-34.92016321286355],[150.088077006595199,-34.921261219907535],[150.088376018399941,-34.922407220941956],[150.088467029238075,-34.923537229957759],[150.088437027132642,-34.924375227960816],[150.088248048095664,-34.924874234947417],[150.08703209313515,-34.925967232846702],[150.086251107190975,-34.926437241780434],[150.085606130251875,-34.926712239724921],[150.083327173465278,-34.927698234528918],[150.082662189530396,-34.927964241471599],[150.082156208562452,-34.928300238428889],[150.081289230610338,-34.928929241356073],[150.080241251660425,-34.929749259268455],[150.078980279717854,-34.930758264163202],[150.078260283765246,-34.931222276102346],[150.07776330379204,-34.931588294060646],[150.076373330808764,-34.933055322947055],[150.075570337842748,-34.933717330880164],[150.074754354917246,-34.934085347810125],[150.073003385100691,-34.934695366658609],[150.07162940523952,-34.935213386539978],[150.069492437513304,-34.935577415352498],[150.068381450633268,-34.935937436256182],[150.067767462652341,-34.936496440205438],[150.06748747261048,-34.937137446184913],[150.067427485464208,-34.938322457187674],[150.067671493276976,-34.939470457217197],[150.067971500083445,-34.940602465251587],[150.068140505922202,-34.94163846827368],[150.068309512787692,-34.942470469294392],[150.068430517683595,-34.943125459309606],[150.068235532601676,-34.943974474298066],[150.067735548490987,-34.945392487263305],[150.067073567493338,-34.946134499209514],[150.066361576506125,-34.946854514151156],[150.065564597546768,-34.947459520084443],[150.064806603611714,-34.947834538019634],[150.063737621681526,-34.948529552929358],[150.062682650722223,-34.949430569841766],[150.061919663730237,-34.95024558577952],[150.061114680733994,-34.951141600714102],[150.060775690710159,-34.95171260668787],[150.060402699671585,-34.952435615659653],[150.059980720635224,-34.953197627627347],[150.059609728551862,-34.954259636601641],[150.059446736519277,-34.954695645590135],[150.059234739477233,-34.955259650575137],[150.058773757429975,-34.956149658540248],[150.058485772388281,-34.956798669519095],[150.058311781317968,-34.957534675508654],[150.058091797222914,-34.958512683495769],[150.05767580618317,-34.959293688464143],[150.05714383008754,-34.960634701426009],[150.056573855946567,-34.962364715387181],[150.055525895723235,-34.965272749313911],[150.055451905591212,-34.966364750314781],[150.055797913370185,-34.967652757354315],[150.056320916209984,-34.968273755405008],[150.056919907061541,-34.968717750461273],[150.057893905849511,-34.969215734551192],[150.058919895629771,-34.969712724645731],[150.059973889432001,-34.970009719741419],[150.061037878232725,-34.970306704837995],[150.062353870989114,-34.970652686957287],[150.064007850686892,-34.971056676107025],[150.065197845463018,-34.971396661215117],[150.066584832201841,-34.971794642341123],[150.067434823033267,-34.972103638418758],[150.068294817846066,-34.972542612498216],[150.069216815637475,-34.973073619583786],[150.070200809433459,-34.973498600674162],[150.071393798210295,-34.97382959478248],[150.072257800048362,-34.974071585860933],[150.074155768684165,-34.974667563033755],[150.075686753389562,-34.975154539173218],[150.076777750197181,-34.975367531271679],[150.077956736998829,-34.97552552037758],[150.078790736821958,-34.97591550645442],[150.079546731621804,-34.976572512526133],[150.080030732469851,-34.977174498573298],[150.080561740245685,-34.978272496627994],[150.081050743062349,-34.979107500677188],[150.081487736887937,-34.979934500721697],[150.082611738457132,-34.981925500835246],[150.083486739119081,-34.983495507923784],[150.08423573285387,-34.984655509998312],[150.084735734623251,-34.985837511050867],[150.085120737463058,-34.986615513090406],[150.085695740231387,-34.987719518149099],[150.085834744125322,-34.988367524165859],[150.085781749053695,-34.988973526165289],[150.085477762016922,-34.989602529142537],[150.084933790990789,-34.990425532099749],[150.0843157949827,-34.991196534050033],[150.083604816011587,-34.991792550990859],[150.082926833057968,-34.992217542933432],[150.082171850125604,-34.99256954186869],[150.081804855143901,-34.992851549837958],[150.081308869175729,-34.993178556796067],[150.080821882200581,-34.99354856375529],[150.080461888206884,-34.993913568725759],[150.080044892225487,-34.994250579690963],[150.079448902270855,-34.994589590640267],[150.078761918308629,-34.995090598582586],[150.077634933325214,-34.99625861949032],[150.077248942341242,-34.996579629458189],[150.076802946360829,-34.996942636421004],[150.07638495436214,-34.99741264738703],[150.076026958387246,-34.997632651356703],[150.075993962388708,-34.997659283353947],[150.075961126390155,-34.997686121351208],[150.075928453391526,-34.997713174348483],[150.075895976392843,-34.997740434345786],[150.075863661394123,-34.997767891343102],[150.075783585396863,-34.997839047336456],[150.075705401399006,-34.997912382330021],[150.075627934400956,-34.997986595323631],[150.075550063403,-34.998060351317207],[150.075470678405509,-34.998132341310644],[150.075382096408873,-34.99820831130328],[150.075292187412686,-34.998282766295787],[150.075201560416701,-34.998356396288237],[150.075122184420252,-34.998420668281618],[150.075110800420703,-34.998429883280664],[150.075020514424608,-34.99850391727314],[150.074934540428217,-34.998575109265985],[150.074848531431854,-34.99864625725882],[150.074762646435488,-34.998717548251669],[150.074677013438929,-34.998789143244544],[150.074591792442362,-34.998861214237458],[150.074512013445428,-34.998929412230829],[150.074432520448397,-34.998997942224229],[150.074353314451315,-34.999066786217647],[150.074274368454155,-34.999135943211101],[150.074195709456887,-34.999205414204589],[150.073916856465047,-34.999463712181544],[150.07353455948018,-34.999787313149767],[150.073067400512855,-35.000074959110194],[150.072606632540527,-35.000393585071393],[150.071741068582156,-35.001070887999056],[150.071693550584428,-35.001108069995091],[150.071343703603929,-35.001361563965709],[150.070805540620455,-35.001853964921203],[150.070455801640321,-35.002104374891829],[150.069578773701352,-35.002647126817571],[150.068935723747387,-35.003035313763043],[150.068478103786305,-35.003264612723925],[150.067581023845577,-35.003843857648143],[150.067025551883802,-35.004190979601127],[150.066732133909568,-35.004331803576008],[150.066420339939413,-35.004462937549192],[150.0660481199765,-35.00460802051709],[150.06575711301079,-35.004681103491727],[150.065304539067569,-35.004768772452096],[150.064830838132451,-35.004818934410338],[150.064540055167555,-35.004885859384949],[150.06398489823448,-35.005014179336484],[150.063300203326577,-35.0050993002762],[150.062697617405263,-35.005192562223279],[150.062200242469316,-35.005276052179674],[150.061787397528462,-35.005299950143126],[150.061276818587316,-35.005438578098705],[150.060837332635174,-35.005578927060604],[150.060424038679059,-35.005719912024837],[150.060043984716145,-35.005874029992114],[150.059583029757249,-35.006090903952639],[150.058993065811734,-35.006353942901995],[150.058661102839409,-35.006524634873671],[150.057347771960082,-35.007115271761002],[150.056943818995592,-35.007308857726436],[150.056427369047668,-35.00750587668189],[150.056018360092878,-35.007631551646419],[150.055584692147562,-35.007713464608429],[150.055195933195336,-35.007796479574473],[150.054753794247688,-35.007905921535936],[150.054477739279719,-35.007979345511913],[150.054131362325393,-35.008029480481476],[150.053858731369445,-35.008007446457107],[150.053642897407144,-35.007968310437676],[150.053336383469343,-35.007846839409623],[150.052978585543457,-35.007693313376791],[150.052721283600107,-35.007557625353002],[150.052403985665563,-35.007423568323908],[150.052109035727199,-35.00729313329682],[150.051915332760274,-35.007263776279409],[150.051719666813852,-35.007080275260776],[150.051330316914346,-35.006762645224036],[150.051005364007636,-35.006425007192867],[150.050473612142923,-35.006005296142774],[150.050017049267865,-35.005578171099316],[150.049869287325009,-35.005312631084401],[150.049397576478896,-35.004681746038202],[150.049115103556801,-35.004412925011273],[150.048162788792467,-35.003711787921908],[150.047525001953005,-35.003221681861937],[150.0467585101689,-35.002457260788645],[150.046248729312509,-35.001948697739913],[150.045684267469795,-35.001398739686032],[150.045388080554261,-35.00109568465767],[150.044910112686097,-35.000640278612124],[150.044318812845063,-35.000108149555999],[150.04369196200264,-34.999627536497066],[150.043082080110338,-34.999507884442103],[150.04259379519246,-34.999443595398297],[150.041586235330328,-34.999551529309578],[150.040946359415159,-34.999640694253372],[150.040326052486478,-34.999810454199462],[150.039799965545711,-34.999964015153793],[150.039457675591933,-35.000004972123691],[150.038871700660451,-35.000157072072703],[150.038165258717527,-35.000534267012569],[150.037654006733305,-35.001002517970363],[150.037353927708807,-35.001534475947352],[150.037153349677084,-35.002007227932772],[150.03680610263811,-35.002704445906687],[150.036499337631227,-35.003109885882239],[150.035992101674623,-35.00336252683892],[150.034956403809986,-35.003522093748082],[150.034253995908529,-35.00357887168613],[150.033238781047231,-35.003689629596771],[150.03234467818578,-35.003661590517233],[150.031910616252674,-35.003650967478634],[150.030747406461018,-35.003400612373703],[150.030364008527357,-35.003335748339239],[150.029812651621199,-35.003254454289753],[150.029445326689142,-35.003159158256516],[150.029050023754905,-35.003112500221128],[150.028667405823967,-35.003026087186576],[150.028511011850867,-35.003000683172523],[150.028275500887986,-35.002988743151548],[150.02812253091318,-35.002972671137861],[150.027535660019396,-35.002838103084883],[150.026932375122811,-35.002743193030696],[150.026518930193419,-35.002680659993601],[150.026058791264745,-35.002666298952654],[150.025654220325492,-35.002668700916793],[150.025289144374057,-35.002718298884737],[150.02486865342027,-35.002849737848315],[150.024550163440722,-35.003060722821509],[150.024316329456553,-35.003209067801755],[150.02413516745176,-35.003454232787377],[150.024071944422332,-35.003751612783788],[150.023961715365431,-35.004312838777828],[150.023853941317014,-35.004806341771626],[150.023790503232703,-35.005522796770883],[150.023819565089696,-35.00658051978067],[150.023885360046847,-35.006831752788209],[150.023910486025613,-35.006964876791358],[150.023967640993419,-35.007145016797658],[150.024121910905023,-35.007641863814719],[150.02423071484867,-35.007946540826453],[150.024309311782417,-35.008361420836252],[150.0244103706857,-35.008983296849451],[150.024471317639495,-35.009265222856776],[150.024516952594524,-35.00955601486281],[150.024485139538427,-35.010020554863146],[150.024430970513265,-35.010274996860076],[150.024367909497926,-35.010464512855776],[150.024396351447507,-35.010816518860693],[150.024425466399407,-35.011150031865554],[150.024471900303013,-35.011832224874318],[150.024455487273229,-35.012078348874539],[150.024382494250546,-35.01233541686981],[150.024343689183837,-35.012889147870148],[150.024098677106878,-35.013758320854329],[150.024013725096978,-35.013931889847974],[150.023994399084216,-35.014051593847078],[150.023947490030025,-35.014518849846091],[150.023893483018952,-35.0146654368423],[150.02383679399864,-35.014885923838769],[150.023704145958902,-35.01534183083011],[150.023471117937106,-35.015776779812398],[150.023160999919043,-35.016271473788258],[150.023010521912369,-35.016495814776448],[150.022778040892462,-35.016915372758675],[150.022532104866571,-35.017396226740125],[150.022460097847386,-35.017625578735306],[150.02237579981275,-35.017987139730309],[150.022370618781196,-35.018233541731512],[150.022263812736298,-35.018699317725208],[150.022327941687621,-35.018996732732923],[150.022469715555872,-35.019838412751234],[150.022436423521839,-35.020136509750301],[150.02237955548739,-35.020464850747494],[150.022340947421441,-35.021012422747809],[150.022341960397881,-35.02119118174911],[150.02232201536944,-35.021431057748977],[150.022408150315727,-35.021741335758726],[150.022678468209449,-35.022241032786113],[150.022896338124525,-35.022637750808144],[150.023069890062175,-35.022913185825409],[150.023163967035941,-35.023004869834388],[150.023253902995435,-35.023210466843771],[150.023465407915523,-35.023576205865027],[150.023679530831231,-35.023972824886712],[150.023988179722181,-35.024448811917338],[150.024311860624607,-35.024820385948587],[150.024687612517738,-35.025202484984518],[150.025048888428472,-35.025467119018366],[150.025387655356013,-35.025629520049542],[150.025874355254302,-35.025844844094181],[150.026310597180952,-35.025901775133278],[150.026604724129925,-35.025952125159719],[150.026953441064819,-35.026046965191313],[150.027306676001842,-35.026120344223152],[150.027532980959649,-35.026181362243641],[150.027734715913596,-35.026300323262355],[150.027956905857081,-35.026475264283256],[150.028106631806907,-35.026685407297975],[150.028309279736874,-35.026986211318004],[150.028528395656167,-35.027349046339914],[150.028568697619647,-35.027581159345075],[150.028667767570028,-35.027845525355659],[150.028771642509952,-35.028183969367177],[150.028780480486375,-35.028353675369125],[150.028843237446381,-35.028586326376278],[150.028901467404268,-35.028840446383171],[150.028997462357552,-35.02908624739338],[150.029164255271553,-35.029549497411324],[150.029223274232152,-35.029782067418147],[150.029328153175527,-35.030092813429569],[150.029434600124404,-35.030360432440837],[150.029500835069285,-35.030704111449062],[150.029574106011495,-35.031060295457991],[150.029655866956034,-35.031388950467488],[150.029754281877018,-35.031878258479537],[150.029738343794577,-35.032525009482526],[150.029727953717753,-35.033122584485682],[150.02958135662962,-35.033963360478396],[150.029473958569014,-35.034549317472852],[150.02943711652253,-35.034945946472277],[150.029417538468152,-35.035383057473517],[150.029338332437533,-35.035707759468714],[150.029283490410023,-35.035980685465695],[150.029326535342335,-35.036447063472686],[150.029413226276802,-35.036846722483105],[150.029434757229467,-35.037183140487301],[150.029314389178069,-35.037713314480222],[150.02934458812004,-35.038120826485688],[150.029247445095024,-35.038423521479125],[150.029026321087514,-35.038735503461623],[150.028684784082799,-35.039164734434245],[150.028134394113209,-35.039567252388146],[150.027797375137681,-35.039768547359614],[150.027534604162071,-35.039885366337103],[150.027355979179958,-35.039954944321721],[150.027133941196439,-35.040085083302898],[150.026846357216158,-35.040266012278614],[150.026372332253743,-35.04052556423833],[150.025989426268382,-35.040855151206607],[150.025550880279866,-35.04127273817052],[150.025372918272978,-35.041530309156492],[150.025234684254713,-35.041828908146265],[150.025033773236032,-35.042203020130984],[150.024822160220992,-35.042561453114644],[150.024802269206219,-35.042696559113807],[150.024758130188815,-35.042880374111135],[150.024554405160416,-35.043331451096137],[150.024408677143299,-35.043629870085233],[150.024353136113461,-35.043921263082304],[150.024309051082696,-35.04420677408033],[150.024295075034303,-35.044591634081698],[150.02427937896644,-35.045127447083956],[150.024257918919204,-35.045512137084678],[150.024245117888455,-35.045761434085222],[150.024360779828555,-35.046084747097694],[150.024397827780803,-35.046406151103177],[150.024590275688809,-35.046885446123511],[150.024890443563606,-35.047493724154279],[150.024968716540599,-35.047579043161811],[150.025139166490447,-35.047764849178193],[150.025521669393015,-35.048066998214196],[150.025865724297859,-35.04839592324695],[150.026229160202121,-35.04870684828132],[150.026641790087069,-35.049108336320664],[150.026906497015091,-35.049352111345797],[150.027350760901186,-35.049708152387645],[150.027641570824755,-35.049955666415144],[150.027996866727875,-35.050284859448908],[150.028339380627273,-35.050656892481818],[150.028667023529351,-35.051025473513413],[150.028941759424271,-35.051509860541096],[150.029081938367824,-35.051778313555346],[150.029233510269648,-35.052352134572708],[150.029345183195801,-35.052786295585562],[150.029280543147934,-35.053225378582816],[150.029059105125896,-35.053648299566056],[150.028819874123627,-35.053941349546811],[150.028568577133711,-35.054153984525968],[150.028230715155559,-35.054376819497499],[150.027770961202265,-35.054550442457895],[150.027202850266576,-35.054715245408595],[150.026650488331228,-35.054858857360564],[150.026120546405792,-35.054901319313842],[150.025295805529481,-35.054908812240711],[150.024454077648585,-35.054971344166461],[150.02383851072463,-35.05510107111273],[150.023335164782935,-35.055236624069003],[150.02271444384121,-35.055507963015771],[150.022390977858805,-35.055746547988704],[150.022070469873171,-35.056006771962039],[150.021682336897129,-35.056271495929415],[150.021355455916478,-35.056500739901978],[150.020960321929778,-35.056854655869337],[150.020692898938336,-35.057097695847268],[150.020410496949239,-35.057340359823868],[150.020109413949655,-35.057684261799515],[150.019802127942086,-35.058095806775057],[150.019623707920346,-35.058467372761754],[150.01948333988139,-35.058926166752428],[150.019366286855416,-35.059259178744298],[150.019059322849074,-35.059661481719814],[150.018671100859308,-35.060030966687897],[150.018311725888111,-35.060225511657343],[150.017991297902853,-35.060482643630678],[150.01758976492124,-35.060805578597254],[150.017000040951672,-35.061253301548],[150.016399308984631,-35.061694588497723],[150.015932204006276,-35.062068287458843],[150.015268581051799,-35.06248645640283],[150.014775705079018,-35.06284718436158],[150.014363029099542,-35.063166749327152],[150.01379383311999,-35.063667351280102],[150.013481652136278,-35.063903103254006],[150.013264356129014,-35.064208989236818],[150.012983890119813,-35.064602687214631],[150.012814829103462,-35.064922082201818],[150.012496131056935,-35.065644569178467],[150.012408884025945,-35.065981390173022],[150.012197197997637,-35.066441493157392],[150.011824268993394,-35.066903791127459],[150.011315616006954,-35.067387361085636],[150.010788990039373,-35.067747255041404],[150.010464502067322,-35.067908732013734],[150.010023698112377,-35.068073506975765],[150.009044247229411,-35.068311274890554],[150.008432751306515,-35.068428684837137],[150.007420690445912,-35.068533122748121],[150.006877454529075,-35.068525860699921],[150.006549713586196,-35.068468464670474],[150.006296391643531,-35.068323534647028],[150.006201274666324,-35.068259549638164],[150.006034391671079,-35.068415665624428],[150.005893845672176,-35.068569352613011],[150.005809009663125,-35.06873674560665],[150.00579192464474,-35.068896564606199],[150.005635412631335,-35.06917928859427],[150.005404813618867,-35.069540302576272],[150.005141352587657,-35.070082309556604],[150.004863352573636,-35.07050994353488],[150.004525257581861,-35.07083747850713],[150.003991201615918,-35.071194064462219],[150.003586468650582,-35.071396685427729],[150.002915756712611,-35.071697498370327],[150.002586482737684,-35.071886574342429],[150.001998382787747,-35.072183263292317],[150.001569814821266,-35.072422269255959],[150.001394639824497,-35.072599747241647],[150.001332922827572,-35.072647525236505],[150.001328064827106,-35.072656704236124],[150.001322659826741,-35.072665686235709],[150.001316742826532,-35.072674381235245],[150.001310369826371,-35.072682717234734],[150.001303610826369,-35.072690597234192],[150.001293203826577,-35.072700878233348],[150.0012817028271,-35.072710299232391],[150.001269439827865,-35.072718950231376],[150.001256720828678,-35.072726954230284],[150.001243856829632,-35.072734394229194],[150.001230930830729,-35.0727411352281],[150.001217592831949,-35.072747204226964],[150.001203940833307,-35.072752699225781],[150.00119465383429,-35.072756042224988],[150.00119009983473,-35.072757692224599],[150.001176205836231,-35.072762272223379],[150.001154485838782,-35.072768215221508],[150.001132308841534,-35.072772760219571],[150.001109827844459,-35.0727763282176],[150.001087237847457,-35.072779331215621],[150.001064702850528,-35.07278218121364],[150.001033023854831,-35.072785856210857],[150.001001183859302,-35.072788680208056],[150.000969262863833,-35.072790652205242],[150.000937315868555,-35.072791773202425],[150.000905421873313,-35.072792023199582],[150.000420685945983,-35.072797419156672],[149.999749203020656,-35.073002891098561],[149.999339342062427,-35.073157456063285],[149.998869952048182,-35.073807837026123],[149.997888189030817,-35.075073547947717],[149.996807078106002,-35.07574830085651],[149.995229775351532,-35.0756965777164],[149.99366269267199,-35.075061361573248],[149.992121876055876,-35.073911686428922],[149.991456670422195,-35.071884995356193],[149.990922498864364,-35.069128358290122],[149.990595762023645,-35.06829028825549],[149.989822017210145,-35.067760417183337],[149.988177608545584,-35.067099257033185],[149.986285846986078,-35.065922049857626],[149.984611175317781,-35.065324534705248],[149.983965526433394,-35.065187680647135],[149.982236443697701,-35.065167293493879],[149.980622037961524,-35.065018148349914],[149.978690405235824,-35.065155438179808],[149.97738986630705,-35.066114080071195],[149.977813919940189,-35.06842542712446],[149.978637800398957,-35.071605497219025],[149.979159700171977,-35.07273503827291],[149.979492234751405,-35.075561494321583],[149.980288626131227,-35.079374498418041],[149.98135266672756,-35.081225739524847],[149.981682585592665,-35.081873977558459],[149.982685001339206,-35.082650070652498],[149.983843730050779,-35.083512110760971],[149.984356620858023,-35.084390042812373],[149.984092135512668,-35.087330241808942],[149.98370858341508,-35.088518163783043],[149.981768212720397,-35.088430770610636],[149.980516597842268,-35.088947577503312],[149.980471354586228,-35.090952924512948],[149.980375493353932,-35.09283639751726],[149.980630570029632,-35.095015807554645],[149.982935155656008,-35.095202557760011],[149.984826896339001,-35.095434610929111],[149.986265400067964,-35.095839820059268],[149.987013534006451,-35.095444600122839],[149.987686927002159,-35.094699436177422],[149.988703558853871,-35.094655846267166],[149.989337768680684,-35.095243775327347],[149.990305195243479,-35.097460198428102],[149.991223749827554,-35.09957043452382],[149.994238274042999,-35.10206951880788],[149.995540310809901,-35.102342822925102],[149.997084474572688,-35.102367583062097],[149.999158554281649,-35.10219035024469],[150.000890856088176,-35.101664912394632],[150.000921011084756,-35.101656029397247],[150.000951184081345,-35.101647217399865],[150.000981384077932,-35.101638487402482],[150.001011610074471,-35.101629818405101],[150.001041855071009,-35.101621231407726],[150.00107339006729,-35.101613092410453],[150.001105212063464,-35.101605688413237],[150.001136936059652,-35.101598041415997],[150.0011681220561,-35.101589149418693],[150.001194933053284,-35.101579316421002],[150.001198384052969,-35.101578052421296],[150.001224084050676,-35.101566004423496],[150.001249084048624,-35.101552343425617],[150.001273682046843,-35.101537696427705],[150.00129807304512,-35.101522664429758],[150.001322544043376,-35.101507873431828],[150.001351059041241,-35.101491290434247],[150.001379627039029,-35.101474707436658],[150.001407971036969,-35.101457783439059],[150.001435823035081,-35.101440160441399],[150.001462912033418,-35.101421506443678],[150.001477568032612,-35.101410686444908],[150.00149206303189,-35.101399616446116],[150.001506369031205,-35.101388303447308],[150.001520479030575,-35.10137674944847],[150.001534391029992,-35.101364979449635],[150.001736108013432,-35.101258496466777],[150.002292556938329,-35.101188659515635],[150.002649161886154,-35.101174254547139],[150.002800769859647,-35.101201236560762],[150.003159284793782,-35.101289074593147],[150.003947532623073,-35.101680164665659],[150.004549419501245,-35.101913362720595],[150.005242317367816,-35.102130228783494],[150.005973016242535,-35.102241193849018],[150.006526076155751,-35.10226415189819],[150.006996300088474,-35.102233970939679],[150.007186552073051,-35.102131844955856],[150.007395951062591,-35.101969794973314],[150.007597624066108,-35.101710018989429],[150.007721597086572,-35.101411160998389],[150.007886839086638,-35.101220158011749],[150.008174100059819,-35.101092556036342],[150.008609587994926,-35.101084731074884],[150.00896550294047,-35.101088882106488],[150.009511938830883,-35.101292813156306],[150.01003116772921,-35.101468202203542],[150.010580498629565,-35.101593241253099],[150.011038397560583,-35.101590615293681],[150.011398391520089,-35.101483371324868],[150.011742967487493,-35.101333942354408],[150.012061512466857,-35.101123487381216],[150.012308847465192,-35.100850893401301],[150.012434890472491,-35.100649626411112],[150.012575393509309,-35.100207183420558],[150.01270103353562,-35.099861909429357],[150.013046899527836,-35.099522068457709],[150.013471479506649,-35.099193458493126],[150.013860319484309,-35.098915065525709],[150.014446107429052,-35.098660094575926],[150.015511692298958,-35.098421591668803],[150.015952577252705,-35.09826524270683],[150.016455242195661,-35.09811969575042],[150.016741803166582,-35.098010631775104],[150.017314763107834,-35.097797137824472],[150.01786259704383,-35.097652701872072],[150.018355141992686,-35.097474381914552],[150.018967283926628,-35.097271142967465],[150.019590199857078,-35.097082094021431],[150.020210247777641,-35.096971936075683],[150.020678177722971,-35.096848745116354],[150.021352242646799,-35.096651655174803],[150.021711196602809,-35.096572226206121],[150.022484124521696,-35.096298601272814],[150.022920689480998,-35.096104953310224],[150.023285783437956,-35.096011746341979],[150.02372276837832,-35.095962086380425],[150.023990514345428,-35.095903650403763],[150.024163456331479,-35.095810354418475],[150.024574078323496,-35.095397752452094],[150.024763712326461,-35.095156227467285],[150.025029521307346,-35.094995539489787],[150.025231533291958,-35.094879733506907],[150.025567046248597,-35.094822947536287],[150.025958584174617,-35.094934755571792],[150.026280347104091,-35.095100580601461],[150.026662033016407,-35.09532825663689],[150.026919155946729,-35.09556218066129],[150.027160941864793,-35.095907186685089],[150.027342380778151,-35.096357563704238],[150.027474518704651,-35.096764913718751],[150.027605823628221,-35.097195470733318],[150.027640711585576,-35.097479673738356],[150.027605473545265,-35.097827179737571],[150.027587859504649,-35.098156533738276],[150.027661596453584,-35.098460269746866],[150.027827125332209,-35.099193575766549],[150.027840015274705,-35.099616594770559],[150.027834528194347,-35.100234247774274],[150.027712231118102,-35.100955846768329],[150.027653311097907,-35.101177354764609],[150.027523852058124,-35.101629379756197],[150.027345755033792,-35.102019831743057],[150.027170687020003,-35.102326748729602],[150.027116741996622,-35.102566955726445],[150.027043916948685,-35.103015726723029],[150.026914028927905,-35.103323754713614],[150.026852821879373,-35.103763517711158],[150.026690061867356,-35.10404286969861],[150.026547183842496,-35.104397017688342],[150.02633680784939,-35.10458693667097],[150.025799900910499,-35.104740972624384],[150.025327542950009,-35.104984845584127],[150.024835643003541,-35.105144618541573],[150.024327977063791,-35.105271502497402],[150.023845606129868,-35.105324676454956],[150.022665336312514,-35.105295667350049],[150.022186005389131,-35.105265306307331],[150.021851800437162,-35.105284954277813],[150.021373383496552,-35.105384669236059],[150.020904064546613,-35.105544988195511],[150.020336365603328,-35.105767912146661],[150.020041763625102,-35.105941822121721],[150.019773022634382,-35.106181383099504],[150.019523831629641,-35.106505044079604],[150.019285595621938,-35.106838261060744],[150.019115968606712,-35.107149947047802],[150.018827811589659,-35.10761198402539],[150.018651013570064,-35.107965299012115],[150.01856163354671,-35.108246435006087],[150.018406062518892,-35.108637424994953],[150.018252929479132,-35.109116726984638],[150.018136387443491,-35.109522614977053],[150.017933271414535,-35.109977463962117],[150.017902381389433,-35.11020429696093],[150.01788262436196,-35.110436059960747],[150.017831520348551,-35.110597374957322],[150.017651665318425,-35.11103421494434],[150.017529870264639,-35.111583964937275],[150.017396162190181,-35.112305276930307],[150.017276384143429,-35.112799333923057],[150.01712973210573,-35.113255571913136],[150.017014015072959,-35.113638251905478],[150.01708451601084,-35.114030156914403],[150.017184443887373,-35.114854777928869],[150.017410728731505,-35.115780046955216],[150.017641710551146,-35.116886584983241],[150.017718261469128,-35.117422629993648],[150.017885070352349,-35.118118834013195],[150.01802098921047,-35.119041889031521],[150.018249372102503,-35.119600254055563],[150.018529315968834,-35.120294593085106],[150.018704211900285,-35.120614750102789],[150.019264817737167,-35.121209169156558],[150.019707889636834,-35.121461612197585],[150.02014886354965,-35.12161646523775],[150.020408173507633,-35.121636777260889],[150.021194988391954,-35.121609689330498],[150.021717167320219,-35.121552858376447],[150.022145691271589,-35.121428690413609],[150.022730834193169,-35.121350175464983],[150.023289452125027,-35.12122455551367],[150.023671095077503,-35.121145682547002],[150.024329849988362,-35.121064326604895],[150.024567180972383,-35.120912226624924],[150.024739315955486,-35.120842137639713],[150.025018615921425,-35.120779327664067],[150.025705768828431,-35.12069401772446],[150.026263687757933,-35.120586944773237],[150.026915101663832,-35.120551842830793],[150.027429768586586,-35.120545899876426],[150.027912229520439,-35.120492708918874],[150.02858850945114,-35.120239898977168],[150.029081340400495,-35.120056900019655],[150.029526968349842,-35.11992848305831],[150.030216299264509,-35.119782820118509],[150.030756926195437,-35.119684585165821],[150.031344686105683,-35.119689713218023],[150.031574666043838,-35.119895077239818],[150.031603583000873,-35.120188423244372],[150.031566238973653,-35.120438329242766],[150.03149332494587,-35.1207338162383],[150.031388373929758,-35.120977430230639],[150.031399165885347,-35.121302839233806],[150.031423366826033,-35.121726117238843],[150.03146282575824,-35.122196223245538],[150.031458449702143,-35.122628098248086],[150.031474897656864,-35.122953642251751],[150.031716351593815,-35.123154650274557],[150.03210174850031,-35.123421525310576],[150.032732176376101,-35.123639332367993],[150.03344710723502,-35.123887876433137],[150.033911693135309,-35.124110631475887],[150.034563186012463,-35.124293721534954],[150.034931749969644,-35.124194598566987],[150.03587993177112,-35.12461106465399],[150.035870991631555,-35.125682463660475],[150.035592863533083,-35.126752186643067],[150.035468432469571,-35.127378345636266],[150.035247003437917,-35.127874329619985],[150.035135418375688,-35.128476223614157],[150.034552623390283,-35.129037088566257],[150.033963391382656,-35.12977476751896],[150.032862521463244,-35.130431080425723],[150.032007014528489,-35.130921353353123],[150.030935646646583,-35.131258854260317],[150.029600611824947,-35.131442408143101],[150.028581002992553,-35.131343660051961],[150.027245191276336,-35.130725915929226],[150.026117648502691,-35.130304975826306],[150.024993771720034,-35.129948029724169],[150.023893611889747,-35.129925913626408],[150.023110364989122,-35.13007380055793],[150.022587907018334,-35.130454212514152],[150.021930692056799,-35.130919790459025],[150.020968935143742,-35.131368041376753],[150.019916534262819,-35.131676401285489],[150.019095602361546,-35.131872478214007],[150.018274124458429,-35.13208328314257],[150.017483733576341,-35.132098226072578],[150.016647484773074,-35.131566393994788],[150.015713141954649,-35.131263168909861],[150.014798824097539,-35.131230799828558],[150.014080055182433,-35.131414614766065],[150.013517850225583,-35.131735013718384],[150.013211262224019,-35.132101038693683],[150.012919079185934,-35.132727941672051],[150.012779498092584,-35.133599489665578],[150.012620544997077,-35.134509869657684],[150.012554683899424,-35.135329157657388],[150.0123987708144,-35.136156055649188],[150.01211886777574,-35.136773430628566],[150.011815111719471,-35.13755243360692],[150.011387514559658,-35.139262344580622],[150.010831449581218,-35.139740176534552],[150.009959351676315,-35.140023401459153],[150.009041437764296,-35.140413628380422],[150.007890872890329,-35.140783354280927],[150.006518538048738,-35.141162322161847],[150.005099125195727,-35.141682670039557],[150.003471478400229,-35.142006132897464],[150.002427317569783,-35.141921287804351],[150.002391990573472,-35.141934536801301],[150.002356233577245,-35.14194685279822],[150.002320135581243,-35.141958210795096],[150.002283768585386,-35.141968590791947],[150.002247213589726,-35.141977966788765],[150.002191869596601,-35.141989485783931],[150.002135790604029,-35.141998153779035],[150.00207926361162,-35.142004885774057],[150.002022575619492,-35.142010631769068],[150.001966003627359,-35.142016341764105],[150.001848808643615,-35.142027814753796],[150.001731102660301,-35.142036948743424],[150.001613181677413,-35.142042909733021],[150.001495376695004,-35.142044837722587],[150.001377992713174,-35.142041923712164],[150.001244474734875,-35.142031139700251],[150.001195324743236,-35.142024524695863],[150.001111206757457,-35.142013211688315],[150.000978226780632,-35.14199043467638],[150.000845568804067,-35.141965120664452],[150.000713259827535,-35.141939581652544],[150.00056701285348,-35.141910905639392],[150.000421096879677,-35.141880042626255],[150.000275628906081,-35.141847019613131],[150.000130699932726,-35.141811844600063],[149.999986397959503,-35.14177455458703],[149.99930812007608,-35.141670491526192],[149.998528297187221,-35.14172531445746],[149.997409519311816,-35.142069269360654],[149.996080318422997,-35.142758830247551],[149.994833864488157,-35.143702833143522],[149.992989059479726,-35.145899189994992],[149.992212111448396,-35.147035721933875],[149.991528280364122,-35.148467794883025],[149.99117860025649,-35.149691554860347],[149.991201088134289,-35.150596323868477],[149.991311075054028,-35.151080314881504],[149.991637194650906,-35.153772641928683],[149.992283447276122,-35.155879174000241],[149.993302493872989,-35.157770373103361],[149.993389081651088,-35.159359146121815],[149.993047890545455,-35.160557744099734],[149.99255292449908,-35.161482754062149],[149.992206895484458,-35.161994327034975],[149.991602748528493,-35.162357527983914],[149.99076488462984,-35.162554923911031],[149.990020855715869,-35.162760251846514],[149.986884705135168,-35.163194392571661],[149.983279109551574,-35.164193657259126],[149.978412494023843,-35.16622705884199],[149.977672983126382,-35.166301593777028],[149.976944417255226,-35.166163297711577],[149.975370494558149,-35.165677019568939],[149.973432732960276,-35.164856420391828],[149.970691970587183,-35.163252156138341],[149.968432914124605,-35.16177195192838],[149.966778864572348,-35.160274420771835],[149.966021948831497,-35.159175617697393],[149.964829421241831,-35.157428378580001],[149.963474366673154,-35.155709348448447],[149.962714215982743,-35.154229075371141],[149.962416185215972,-35.152795934335032],[149.961348509675958,-35.150524939225164],[149.960888594785331,-35.150223767182418],[149.959815596953234,-35.150185670087254],[149.958530806132359,-35.150307461974421],[149.958367670155098,-35.150322933960091],[149.958222579175327,-35.150336683947351],[149.957551499268902,-35.150400300888428],[149.954460732636107,-35.151179150620337],[149.953228246810454,-35.151276426511998],[149.952048945008642,-35.15113081440672],[149.950746075237049,-35.150897697289913],[149.948804269559474,-35.150687687116786],[149.944742239182261,-35.150642164757343],[149.944724051185062,-35.150641788755728],[149.941671239612475,-35.150917904487756],[149.938505285097278,-35.150887479207725],[149.935849033604711,-35.150093412967585],[149.934546531840567,-35.149803051850519],[149.932939872120045,-35.149531970706711],[149.931615254281127,-35.14983829659176],[149.930814237222847,-35.15121194453031],[149.930801105220013,-35.151248876529401],[149.930886188064477,-35.1523379095443],[149.931249342814056,-35.153828583586531],[149.931675100541099,-35.155418810634934],[149.933147955918258,-35.158465145785733],[149.933674173610996,-35.160200284844009],[149.933528378289566,-35.162822750848925],[149.933514966100915,-35.164277783857607],[149.93355726604517,-35.164654628863907],[149.933994016862471,-35.16554229590853],[149.934597309666856,-35.166335079967212],[149.936759053123978,-35.167970899169354],[149.938439645659969,-35.169562597328664],[149.940001411224443,-35.17107451747696],[149.941318909878675,-35.172184250600942],[149.943113453484102,-35.173113368765875],[149.945056055066658,-35.174045462943937],[149.947318402627729,-35.174770182148862],[149.949497160200735,-35.175500896346463],[149.950630339937277,-35.176195907451387],[149.951582357679712,-35.177056528541421],[149.952159206488062,-35.177848817597791],[149.952467942353934,-35.178513504629613],[149.952970899064383,-35.18013797268511],[149.953550524764665,-35.181750688747307],[149.953581046744233,-35.181871128750828],[149.953625856714211,-35.182047978755996],[149.953969846483801,-35.183405329795626],[149.953973538379415,-35.184196552801318],[149.953802844317664,-35.184864968790755],[149.953247378152412,-35.186768243754535],[149.952333940916617,-35.189623438693133],[149.951364031764456,-35.191907080622855],[149.951327591721167,-35.192279282622145],[149.951474375630397,-35.192800689638666],[149.952237260344333,-35.194096207714921],[149.952561109201071,-35.194812652748411],[149.952760286025551,-35.195919218773533],[149.952730991638674,-35.198900813791163],[149.952820268396124,-35.200645156810886],[149.953147652003764,-35.203254406857532],[149.953106815776835,-35.205030590865967],[149.953055361731117,-35.205438191864189],[149.952559163399258,-35.208541653841344],[149.952083514329559,-35.209623720806611],[149.951481922314514,-35.210435462758923],[149.951095833304919,-35.210956421728305],[149.950106665342361,-35.211817966646677],[149.949542158404654,-35.211998177597984],[149.948512670479971,-35.21261809051115],[149.947517495461938,-35.213909296431908],[149.947385365440624,-35.214224953422359],[149.946525680379267,-35.215689101356297],[149.9458877011852,-35.217907613314914],[149.94532018910698,-35.219161439273236],[149.944663324091351,-35.220042383221148],[149.943959722120837,-35.220633781162952],[149.942959188216236,-35.22106794207744],[149.941293473428487,-35.221383258932349],[149.939699496574974,-35.222116323796421],[149.93880520362984,-35.22273613772159],[149.938219872627542,-35.223433068674574],[149.937780554496527,-35.224940736645962],[149.936926927309656,-35.227354690586893],[149.935831580284372,-35.228818910500017],[149.93486375418405,-35.230706427427272],[149.933234367148913,-35.232865463297927],[149.931123515186158,-35.235031921126094],[149.92887814333011,-35.236542054937956],[149.926883028510844,-35.237481559768064],[149.924070156918503,-35.237641790520705],[149.921960520284074,-35.237306080332104],[149.920693471601794,-35.236355863213767],[149.920054591786851,-35.235687527152827],[149.919539834898615,-35.235433614105652],[149.918976824988704,-35.235401110055705],[149.918406393038538,-35.235683780007257],[149.918094249040422,-35.236031904982049],[149.917798050990484,-35.236756614960797],[149.917560924820691,-35.238326520950501],[149.916759237718679,-35.2400358168913],[149.915589158777038,-35.240950383794171],[149.91526955680726,-35.241091261766925],[149.91380132694735,-35.241729603641616],[149.912121611147057,-35.242159121496236],[149.910036453429427,-35.242429645314012],[149.90843908965644,-35.242555320173871],[149.906478299956007,-35.242550488000774],[149.904909540157689,-35.242836366864267],[149.903500034371973,-35.242841081739932],[149.901851181618696,-35.242876274594671],[149.901239479769004,-35.242440857537751],[149.901167364790354,-35.242362100530855],[149.90002075603374,-35.24183904342614],[149.898837090349531,-35.240806438314721],[149.898164541534328,-35.240178726251131],[149.897420872771988,-35.239230544179115],[149.896792572092636,-35.237514606112057],[149.896693226374168,-35.235481962089523],[149.89688805144354,-35.234726003101585],[149.897392652429943,-35.234242711142834],[149.898132010339708,-35.234071337206892],[149.898968762212206,-35.234071445280712],[149.901174716839421,-35.234350485477229],[149.903506526440765,-35.234680592685208],[149.906646662949356,-35.234778882962992],[149.909374823530271,-35.23480402720395],[149.912211871176538,-35.234204544450314],[149.914064475991125,-35.233465204608869],[149.915677958896964,-35.232308619743463],[149.916907111877777,-35.231027362843314],[149.918358758845727,-35.229584969961721],[149.919804848771776,-35.228469000081859],[149.920315966800302,-35.227657859121493],[149.920408673915148,-35.226674798123014],[149.920077124048248,-35.226045132089475],[149.919442645215099,-35.225509607029821],[149.918682895394568,-35.225023677959442],[149.91755625758347,-35.224891925859062],[149.914950076918132,-35.225367231632177],[149.913710268064108,-35.225694165524942],[149.912172729237085,-35.226161430392374],[149.91092705840552,-35.226324583283514],[149.909985589571221,-35.22615475119926],[149.907282708073353,-35.225465223956036],[149.904733692541612,-35.224855296726943],[149.902381274942513,-35.224530989517163],[149.900531091207256,-35.224661307354793],[149.899070911343301,-35.225320759230435],[149.897756386419985,-35.226264254120871],[149.897279520414571,-35.22686039408282],[149.896716759367138,-35.227876864040084],[149.896191710287098,-35.229098357002037],[149.895799516177078,-35.230393875976205],[149.895128059135772,-35.231490142924407],[149.894660963175284,-35.231731909884843],[149.890223655631331,-35.233412762504877],[149.888167290885377,-35.233866061326609],[149.886600969076966,-35.234226018190931],[149.886251284128122,-35.234242198160203],[149.885936415174797,-35.234252318132512],[149.885199746291249,-35.234220263067343],[149.885025970312739,-35.234258369052277],[149.884950449320968,-35.234283683045788],[149.884471673375828,-35.234421899004516],[149.883435938476936,-35.234855351916131],[149.882717036527083,-35.235309376855824],[149.882101658562874,-35.235751882804571],[149.881597568572744,-35.236263555763607],[149.880926092503074,-35.23757709171332],[149.880758465459309,-35.238106396702129],[149.880659009380963,-35.2388206366982],[149.880741307266192,-35.23960115771073],[149.88103511015936,-35.240074849739848],[149.882330357752721,-35.241671566864845],[149.884123985276545,-35.243219251033445],[149.885838157869586,-35.244330497192109],[149.887348882529579,-35.245167482330984],[149.88782465544034,-35.245294636373806],[149.888500781333533,-35.24532289943361],[149.889014023265133,-35.245247942478365],[149.88952557021284,-35.245051667522148],[149.890095016141998,-35.244929515571549],[149.890701788043145,-35.244977705625388],[149.89113785896572,-35.245061330664406],[149.891584560870911,-35.245264875705182],[149.891903005775447,-35.245623004735691],[149.892531532569592,-35.246462256796804],[149.892745994485892,-35.246851607818357],[149.892808348446096,-35.247082626825431],[149.892807738424978,-35.247244614826471],[149.892802646419597,-35.247291684826344],[149.892795798414426,-35.24733871882605],[149.892787228409645,-35.247385546825619],[149.892776973405091,-35.247431952825025],[149.892765069400923,-35.247477767824286],[149.892746514395924,-35.247537431823048],[149.892724704391526,-35.247596405821533],[149.892700134387638,-35.247654492819755],[149.892673242384291,-35.247711494817771],[149.892644521381357,-35.24776721481561],[149.892600902378348,-35.247841050812276],[149.892552066376453,-35.247912224808445],[149.89249972637532,-35.247981444804303],[149.892445574374705,-35.248049454799983],[149.892391342374111,-35.248116961795652],[149.892350995373562,-35.248168065792441],[149.892310415373061,-35.248219160789212],[149.892268903372809,-35.248269421785885],[149.89222578637299,-35.248318041782412],[149.892180374373879,-35.248364188778723],[149.892112051376699,-35.248422274773084],[149.892111199376728,-35.248423009773013],[149.892036619381145,-35.248476103766791],[149.891959269386348,-35.248526328760313],[149.891881748391626,-35.248576526753823],[149.891806648396141,-35.248629521747553],[149.891760447398468,-35.248665189743718],[149.89171470440067,-35.248701457739934],[149.891669158402834,-35.248737976736166],[149.89162354040505,-35.248774415732385],[149.891577591407327,-35.248810423728571],[149.891537737409465,-35.248840506725259],[149.891497480411743,-35.248870088721915],[149.891457249413946,-35.248899704718568],[149.891417503416079,-35.24892987771527],[149.891378662417907,-35.248961170712057],[149.891352084419026,-35.248983733709863],[149.89132579242002,-35.249006672707708],[149.891299815420922,-35.249029969705568],[149.891274142421707,-35.249053607703452],[149.891248819422486,-35.249077577701392],[149.891237399422749,-35.249088531700458],[149.890693813470506,-35.249356751654339],[149.889412734588177,-35.249949807545384],[149.888104127683903,-35.250742007435342],[149.887024728728107,-35.251661066346387],[149.885206947738965,-35.253694266199886],[149.884510911755626,-35.254377285143129],[149.883832472768432,-35.255069339087996],[149.883507796740162,-35.255663158063392],[149.88283383077831,-35.256156589007325],[149.881847084912721,-35.256279358921169],[149.880549253137019,-35.256078700805396],[149.879681728302586,-35.255825234727212],[149.878958460445347,-35.25557777566177],[149.87806280765534,-35.255017759579033],[149.876481966032117,-35.253982483432701],[149.875051682340569,-35.253293368301982],[149.873922535533438,-35.253135880201413],[149.871585643880792,-35.25320558399595],[149.870160039085789,-35.253300861870983],[149.868484973356544,-35.253184634722608],[149.866418404685817,-35.25307765853983],[149.864875028961052,-35.252773923401804],[149.863277125275943,-35.252230419257366],[149.8621441305053,-35.251798768154657],[149.861252446700405,-35.251347226073058],[149.860638879868844,-35.250775656015158],[149.860017684066804,-35.249986861955101],[149.859636894207028,-35.249359571917331],[149.859572990222773,-35.249313595911389],[149.859509166238581,-35.249267520905455],[149.85944541425431,-35.24922132889953],[149.85938173427013,-35.249175039893608],[149.859318135285861,-35.249128641887694],[149.859221404309778,-35.249058856878698],[149.859124280333646,-35.248989520869678],[149.859027621357512,-35.24891959286068],[149.858932280381453,-35.24884806985181],[149.858839117405381,-35.248773901843109],[149.858768060424609,-35.248709378836402],[149.858700014444025,-35.248640409829946],[149.858632013463421,-35.248571790823497],[149.858561090482539,-35.248508280816822],[149.858484278501265,-35.248454658809692],[149.858415533515966,-35.248422468803426],[149.858371636525305,-35.248401923799413],[149.858249385548874,-35.24836465078841],[149.858121361571875,-35.24833778577694],[149.857991392594556,-35.248316263765354],[149.857863324616829,-35.248295009753932],[149.857705351644114,-35.248270878739859],[149.857545980670665,-35.248253892725721],[149.857385758696637,-35.248241889711515],[149.857225231722339,-35.248232683697324],[149.857064963747916,-35.248224078683144],[149.856732229800059,-35.24821330365377],[149.856398777850728,-35.248215033624433],[149.856064949900485,-35.248223898595093],[149.85573100495003,-35.248234592565765],[149.855397266000011,-35.248241808536406],[149.855088564046611,-35.248245654509269],[149.854779862093096,-35.248249939482122],[149.854471170139675,-35.248254080454963],[149.854162468186274,-35.248257486427804],[149.853853757233139,-35.24825955740063],[149.853694073257316,-35.24826060638658],[149.853534361281504,-35.24826195037253],[149.853374668305747,-35.248262784358488],[149.853215002330188,-35.248262264344419],[149.853055389354893,-35.24825955733035],[149.852847469387484,-35.248252906311997],[149.852639550420463,-35.248243494293639],[149.852431729453713,-35.248231338275261],[149.852224123487332,-35.24821644925688],[149.852016839521269,-35.248198808238506],[149.850974328718308,-35.247908106144763],[149.850347683859013,-35.247563352087269],[149.849557169054464,-35.246991047013807],[149.848907801223675,-35.246454373953],[149.848014325493608,-35.245432793867437],[149.846875426905598,-35.243610838754854],[149.846441472094313,-35.242673852710318],[149.846037557368959,-35.241044596663734],[149.845867349451481,-35.24061236264582],[149.845773183523391,-35.240172266634559],[149.846059448532372,-35.239769676657033],[149.846062684533308,-35.239758758657239],[149.846264213591525,-35.239078177670372],[149.846348986629835,-35.23868638067519],[149.846517196661125,-35.23825109868703],[149.846516138665237,-35.238220710686718],[149.846640128730286,-35.237578809693296],[149.846727294744511,-35.237368478699537],[149.846822591747383,-35.237235211707038],[149.847210526745187,-35.236799858738223],[149.847255597752877,-35.236688014741439],[149.847268254771137,-35.2365340047415],[149.847248148840151,-35.236029556736312],[149.847359957906235,-35.235394020741836],[149.847440355920071,-35.235194428747576],[149.847558823928921,-35.234988176756609],[149.847947699943461,-35.234423607787015],[149.848269050967275,-35.23386710581152],[149.848635740962692,-35.233474322841154],[149.84875729295905,-35.233360381851071],[149.848891071953886,-35.233244127862058],[149.848952340956487,-35.233152560866834],[149.848998567964657,-35.23303633387011],[149.849056923980356,-35.23284840387398],[149.849093657985634,-35.232764707876655],[149.849331624978902,-35.232538985896078],[149.849491901971874,-35.232405951909278],[149.849646055970226,-35.232238728921708],[149.849737595972925,-35.232111350928911],[149.849745600978054,-35.232062854929275],[149.849751409985117,-35.232001881929378],[149.849738814994566,-35.231944611927894],[149.849723442000425,-35.231917781926349],[149.84961254002701,-35.231843658916084],[149.849432498067841,-35.231741093899529],[149.84936296508107,-35.231721013893292],[149.849128261125998,-35.231651076872147],[149.848817793183741,-35.231571548844286],[149.848551733234302,-35.231495004820353],[149.848335710274227,-35.231441525800975],[149.84814203431003,-35.231393568783595],[149.84791596335225,-35.231334262763291],[149.847785671378034,-35.231288896751508],[149.847660606404389,-35.23123318574013],[149.847625449412504,-35.231212290736892],[149.847490299444075,-35.231128181724429],[149.847358950476604,-35.231032311712219],[149.847289766501092,-35.230925810705401],[149.847291030511002,-35.230848666704986],[149.847324125520089,-35.230740274707173],[149.847488032536376,-35.23042473371946],[149.847627620535519,-35.230268607730693],[149.847749315531331,-35.230158700740667],[149.848158942511077,-35.229836006774526],[149.848215945507235,-35.2297989767793],[149.848292246502069,-35.229749405785675],[149.848389308495513,-35.229686361793789],[149.848462194490594,-35.229639014799886],[149.849000832450571,-35.229317010845129],[149.849046665455376,-35.229226859848552],[149.849066377462833,-35.229147098849744],[149.849165357469275,-35.228982223857351],[149.849239086468828,-35.228899719863271],[149.849322523465872,-35.228824977870111],[149.849389358473104,-35.22869197087509],[149.849400178490384,-35.228547246875067],[149.849384473506944,-35.228438988872945],[149.84934611752044,-35.22838014086917],[149.849061564597037,-35.228126307842402],[149.848820998658823,-35.227934048819925],[149.848659915705838,-35.227762128804592],[149.848447532768489,-35.227530830784318],[149.848331431806145,-35.227378048773062],[149.84821826984151,-35.227239322762166],[149.848150394864348,-35.227143927755542],[149.848110101885112,-35.227031833751241],[149.848012278971282,-35.226486805738936],[149.848028521977255,-35.226422282739925],[149.848135282980422,-35.226273866748315],[149.848369377980561,-35.225999739767069],[149.848711040969306,-35.22568712079503],[149.84895553397314,-35.225372870814418],[149.849371982962566,-35.224968308848339],[149.849654823957025,-35.224680914871293],[149.849815413957884,-35.224487283884123],[149.84985903296149,-35.224408741887423],[149.849879954973602,-35.224291877888461],[149.849878735996725,-35.224116192887173],[149.849850374033451,-35.223868437882992],[149.84981225107137,-35.223622941877984],[149.849802507109246,-35.223344457875228],[149.849790424165434,-35.222928690871356],[149.849744072207727,-35.222659143865449],[149.849729559217678,-35.222599945863756],[149.849703582227249,-35.222557088861187],[149.849668963240646,-35.222494923857717],[149.849605543259059,-35.222428115851692],[149.849539102275799,-35.222377414845482],[149.849462057292897,-35.22233658483843],[149.849341572316945,-35.222292992827533],[149.849205794342225,-35.222257799815345],[149.848918472392825,-35.222205987789707],[149.848698056431516,-35.222166743770032],[149.848611446445858,-35.222158120762344],[149.848585110449363,-35.222161992760071],[149.848493866462263,-35.22216953175208],[149.848109866512232,-35.222235022718728],[149.848037043518985,-35.222268260712546],[149.848012957521263,-35.222278909710489],[149.84798890652354,-35.222289630708445],[149.847964892525738,-35.222300441706402],[149.847940913528021,-35.222311323704353],[149.847916961530217,-35.222322277702339],[149.847895116532186,-35.22233264870048],[149.847873396534141,-35.222343342698643],[149.847851659536047,-35.222353965696811],[149.847829751538001,-35.222364174694938],[149.847807520540215,-35.222373551693039],[149.847782000542821,-35.222382954690865],[149.84775611254571,-35.222391452688647],[149.84772997354861,-35.222399331686411],[149.847703744551637,-35.222406933684134],[149.847677560554644,-35.222414561681887],[149.847655769557122,-35.22242106968001],[149.847633959559602,-35.222427559678152],[149.847612096562074,-35.222433860676254],[149.847590161564653,-35.222439848674362],[149.847568110567295,-35.22244532567246],[149.847541675570568,-35.22245125967018],[149.847515088573886,-35.222456674667875],[149.847488375577342,-35.222461523665558],[149.847461582580848,-35.222465736663224],[149.8474347355845,-35.2224692506609],[149.847400707589202,-35.222472683657919],[149.847366510594156,-35.222475059654919],[149.847332214599163,-35.22247640365191],[149.847297926604369,-35.22247673564889],[149.847198910617294,-35.222493202640287],[149.847011733644592,-35.222502498623896],[149.846618089707562,-35.22248000758907],[149.845990780811746,-35.22241417553343],[149.845359653919701,-35.222324007477269],[149.844983004983305,-35.222276695443796],[149.844407786085156,-35.222168105392434],[149.843890090174568,-35.222087474346324],[149.843640873231919,-35.221939470323392],[149.843587502261556,-35.221774658317585],[149.843587771276816,-35.221657607316821],[149.843589555342078,-35.221156189313575],[149.843611733422279,-35.220516556311189],[149.843651722460891,-35.220174750312395],[149.843793963517555,-35.219574899320854],[149.843888811536857,-35.219317014327444],[149.84405245056567,-35.218905353339061],[149.844279607597031,-35.218400887355635],[149.844603432627707,-35.217788379379982],[149.844944055671704,-35.217054642404989],[149.845180894718709,-35.216418639421512],[149.845666331766949,-35.215483571457902],[149.846051075772721,-35.214990696488442],[149.846341706810762,-35.214360762509756],[149.846333773841678,-35.214133704507503],[149.846175649889233,-35.21395415649237],[149.845936947949752,-35.213769175470112],[149.845443741065509,-35.213458233424596],[149.844891883209186,-35.213002056372936],[149.84452414530432,-35.212702812338549],[149.844099280421403,-35.212302292298446],[149.843834851497235,-35.212029850273318],[149.843618757558659,-35.211811757252825],[149.843489990595288,-35.211681788240618],[149.843144733667742,-35.21152963320921],[149.842312167824588,-35.211299878134383],[149.841618158956123,-35.211102482071965],[149.840765980108102,-35.210932542995835],[149.840474704163654,-35.21084696396963],[149.840298293197264,-35.210795124953748],[149.839890683296147,-35.210513817915974],[149.839612747377146,-35.210217602889522],[149.83933109047274,-35.209814627862002],[149.839061005550235,-35.209536026836354],[149.838460957694849,-35.209128649780801],[149.837679836895177,-35.20850586870786],[149.83685949911299,-35.207794971630868],[149.836352811245973,-35.207367578583394],[149.836288808278795,-35.207190996576578],[149.83615702032597,-35.206983669563563],[149.835839668403082,-35.206762931534165],[149.835417788490929,-35.206582432495821],[149.834775734604392,-35.206462629438526],[149.834037379731171,-35.206352999372832],[149.833572731804622,-35.206332158331826],[149.832971508903682,-35.206274842278546],[149.831780930091782,-35.206223389173481],[149.830817965225123,-35.20632524608947],[149.829856103354189,-35.206458809005781],[149.829058684457721,-35.206596441936583],[149.828349821541792,-35.206779602875486],[149.828021237584068,-35.206839159846986],[149.827696705625783,-35.206897989818863],[149.826992548727787,-35.206938246757211],[149.826323019825168,-35.206973439698572],[149.826057587862834,-35.206994773675376],[149.825783880897376,-35.207049641651686],[149.825674986912134,-35.2070633836422],[149.825572214929764,-35.207048530633053],[149.82547748294806,-35.207018653624523],[149.825399343967717,-35.206959661617248],[149.825172395032126,-35.206730676595747],[149.82491299510329,-35.206488309571299],[149.824731840145887,-35.206373383554599],[149.824490466192714,-35.206296214532848],[149.82420602724153,-35.206254390507546],[149.823719961320393,-35.206217256464569],[149.823280830391496,-35.206185096425727],[149.823095239418677,-35.206193380409474],[149.822864934445676,-35.20625539438965],[149.822513732487323,-35.206346390359386],[149.822264468518682,-35.206396644337815],[149.821948701558853,-35.206457718310467],[149.821771975576382,-35.206529314295409],[149.82154373259425,-35.206659060276223],[149.82117273661683,-35.206918956245374],[149.820676549651921,-35.20722943520385],[149.820322648676296,-35.207455814174274],[149.819894328704919,-35.207736443138529],[149.819564432718551,-35.208016785111425],[149.819434471715937,-35.208188589101155],[149.819446259690352,-35.208370970103438],[149.81962727964833,-35.2084818711201],[149.819789590596116,-35.208692174135798],[149.819778502575389,-35.208864094135983],[149.819655120576158,-35.20900230112607],[149.819213174611832,-35.20924486108887],[149.818168567729032,-35.209566100999218],[149.817442667820814,-35.209710255936393],[149.815938974968873,-35.210331532808439],[149.814959742073825,-35.21067049372467],[149.814292682154814,-35.210828569667115],[149.813743975233422,-35.21086692161915],[149.812809536375084,-35.210872368537075],[149.811294496611879,-35.210826797403627],[149.809699229861053,-35.210780015263133],[149.809083214953972,-35.210787277209057],[149.807724255153744,-35.210843070090029],[149.807136540249957,-35.210791994038047],[149.806497165365158,-35.210655437980954],[149.8055349345492,-35.210368744894467],[149.805019208646968,-35.210221547848164],[149.804528923737877,-35.210097191804266],[149.80397353183821,-35.209976770754658],[149.803089583993426,-35.20981951667595],[149.802534650101308,-35.209640506625973],[149.802020135208437,-35.209420154579298],[149.80151240532615,-35.209110782532612],[149.801002901460208,-35.208678253484912],[149.800119724649761,-35.208256382404478],[149.799713028732867,-35.208094117367679],[149.799414115801483,-35.207917241340226],[149.798941596892348,-35.207772661297732],[149.798408634025634,-35.207372967248233],[149.797723229219088,-35.206690003183397],[149.797185713370453,-35.206157114132594],[149.79694288843254,-35.205964801109964],[149.796433043558693,-35.205592842062671],[149.795955522678724,-35.205230241018285],[149.795395480816325,-35.204829138966396],[149.795107712925073,-35.204330849937733],[149.794912720994489,-35.20402635191855],[149.79430401817487,-35.203353712860554],[149.794015147269363,-35.20296654083257],[149.793697906401263,-35.202325543800363],[149.793687447438344,-35.202053047797598],[149.793778397451206,-35.201848086804198],[149.793974818453307,-35.201602311819769],[149.794276825432178,-35.201411387845006],[149.795120966349856,-35.20105661991672],[149.795558230295342,-35.200963716954497],[149.796293923183725,-35.200960283019064],[149.796833832078562,-35.201136200067666],[149.797284907996584,-35.201237860107966],[149.797698595933383,-35.201239411144307],[149.797881084910472,-35.201201950160083],[149.798030972898403,-35.201119221172675],[149.798283408884743,-35.200928996193568],[149.798398031889974,-35.200754942202451],[149.798453341910289,-35.200534294205809],[149.798476918942754,-35.200258006205999],[149.798466530983774,-35.199955301203047],[149.798367024038043,-35.199655134192277],[149.798184429102577,-35.199373611174337],[149.797432293321947,-35.198569471102836],[149.796968894470353,-35.19797225505809],[149.79678877554926,-35.197577167039583],[149.796547358621751,-35.197303372016542],[149.796383759690713,-35.196965285999873],[149.79628896079231,-35.196296455987017],[149.796331667838473,-35.195892547988038],[149.796337407891031,-35.195482373985762],[149.79627167694602,-35.19513732397764],[149.796207746968292,-35.195041094971387],[149.796098280003577,-35.194898191960803],[149.795911803045612,-35.19479354594371],[149.795206168163617,-35.194712789881216],[149.79464715524125,-35.19477013283251],[149.79413865229688,-35.194937392788994],[149.793880945331949,-35.194969492766582],[149.793599960378373,-35.19494175874172],[149.792941519512425,-35.194682278682158],[149.79264591356818,-35.194600231655642],[149.792154255650786,-35.19454088161207],[149.792004270683236,-35.194467134598398],[149.791890929709808,-35.194395485587982],[149.791646007780344,-35.194140595564747],[149.791339520869741,-35.193812388535605],[149.791032595970307,-35.193399372505866],[149.790621687079778,-35.193039245467354],[149.790207891172628,-35.192810458429477],[149.79007780619753,-35.192771357417776],[149.789987735212179,-35.192764204409833],[149.789783795240652,-35.192783889392061],[149.789186450307653,-35.192967992340868],[149.789160517310563,-35.192975988338652],[149.789070419321092,-35.193000594330904],[149.788973330332396,-35.193027110322561],[149.788619349373704,-35.19312377829214],[149.78848545338073,-35.193226514281079],[149.788375832382428,-35.193341459272247],[149.788228927336149,-35.193868416262923],[149.787811606340142,-35.194325938229369],[149.787346058356718,-35.194742620191349],[149.786745386383814,-35.195237145141981],[149.786560261402315,-35.195311573126219],[149.786320564435925,-35.195333777105333],[149.785690125543454,-35.195245294049407],[149.78535307960405,-35.195174291019335],[149.785103521646022,-35.195143669997229],[149.784571444729409,-35.195125616950392],[149.784223963784513,-35.195109374919802],[149.784122634802969,-35.195085637910736],[149.784091780820773,-35.194985178907352],[149.78413158185063,-35.194709581908995],[149.784047168894489,-35.194471175899963],[149.783776509973336,-35.194182526874243],[149.78337959306495,-35.193943233837793],[149.782959629144756,-35.193821610800114],[149.782519147212099,-35.193819621761442],[149.782154365251301,-35.193945144730286],[149.781643909314624,-35.194055849686229],[149.781479088343929,-35.194023758671563],[149.781337636373905,-35.193958806658713],[149.78126954539556,-35.19387188265214],[149.781235724413449,-35.193774399648511],[149.781306711445268,-35.193447034652515],[149.781278824467762,-35.193306856649116],[149.78120647649169,-35.193207840642096],[149.78111439751433,-35.193141748633572],[149.781012225534141,-35.193109075624392],[149.780596277599358,-35.193094661587793],[149.780198337652507,-35.19315193355326],[149.779839419696572,-35.193232895522321],[149.77953207972385,-35.193383347496358],[149.779438926727238,-35.193465977488749],[149.779400497716892,-35.193590379486224],[149.779474611679518,-35.193790625494074],[149.779734610595995,-35.194128002519172],[149.779708095575899,-35.194313323518116],[149.779599343569402,-35.194490622509775],[149.779117403604005,-35.194788486469498],[149.778505719655925,-35.19510548841798],[149.778114602677476,-35.195397229385648],[149.777491219728745,-35.195732679333219],[149.776874756771349,-35.196126530281802],[149.776100563848331,-35.196441192216007],[149.775949233863088,-35.196504845203158],[149.775744837894308,-35.196504003185225],[149.775386887957524,-35.196437365153379],[149.774685690083004,-35.196293888090885],[149.774212750157062,-35.196278479049283],[149.773835913206511,-35.196339631016635],[149.773234546273699,-35.19652710396516],[149.773031359301228,-35.196553314947515],[149.772808730339136,-35.196522729927786],[149.772558070385486,-35.196459802905373],[149.772060399482712,-35.196295474860598],[149.771557439581983,-35.196121197815302],[149.770640558746521,-35.195930121733589],[149.770169456832122,-35.195823763691543],[149.769806334892934,-35.19578157965941],[149.769205765975784,-35.195847841607183],[149.76876637902933,-35.195950801569339],[149.768479638040361,-35.196201748545896],[149.768366038049322,-35.196265634536374],[149.76816931407933,-35.196265401519113],[149.767887487131588,-35.196193627493919],[149.767821225146037,-35.196160119487871],[149.767714186176676,-35.196050114477735],[149.767680966205347,-35.195868584473594],[149.767737359225833,-35.195645130477018],[149.767835004232808,-35.195477280484454],[149.767973175229173,-35.195343672495667],[149.768115290213672,-35.195296181507814],[149.768332828191603,-35.195211408526305],[149.769030280128192,-35.194882394585242],[149.769545826090535,-35.194568458628332],[149.76990763107392,-35.19427255765806],[149.770181131063566,-35.194032206680426],[149.770272178062186,-35.193936112687759],[149.770350918070818,-35.193777674693592],[149.770372459107563,-35.193470192693404],[149.770419825126226,-35.1932711746962],[149.770663162146718,-35.19282933971455],[149.770815559152311,-35.192607723726418],[149.770993216161003,-35.192333013740139],[149.771150185167301,-35.192101187752328],[149.771179040175127,-35.192007361754222],[149.771144009191886,-35.191919559750559],[149.771023533228828,-35.191776897739025],[149.770869523263798,-35.191688163724912],[149.770736498286027,-35.19167276371315],[149.770584128310702,-35.191661737699697],[149.770001415388521,-35.191745765649166],[149.769771373422486,-35.191753842629041],[149.769527749465567,-35.191708135607371],[149.769308670518882,-35.191555003587112],[149.769245832538132,-35.191480414581093],[149.769203370558756,-35.191371753576639],[149.769177160580199,-35.191237481573431],[149.769175484595593,-35.191121317572495],[149.769211582600292,-35.191042694575124],[149.769264900602479,-35.190963677579276],[149.769352953598315,-35.190892700586517],[149.769468302589303,-35.190826878596177],[149.769825292562302,-35.190616735626072],[149.770349776527866,-35.190267436669707],[149.770793215495843,-35.189994725706747],[149.77125869846077,-35.189719486745716],[149.771442209453454,-35.189561200760735],[149.771516789460094,-35.189422733766335],[149.771551516471874,-35.18929170776849],[149.771534781492107,-35.189155714766109],[149.77145558555307,-35.188779837756606],[149.77135085960262,-35.188521701745671],[149.77123748363951,-35.188370793734713],[149.771071192685326,-35.18821352971905],[149.770817001740426,-35.188087567695909],[149.770325730821668,-35.188038221652491],[149.770202403845417,-35.188000025641408],[149.770113095871153,-35.187906585632945],[149.770001126908227,-35.187752790622078],[149.769937035956161,-35.187459381614474],[149.769968087994982,-35.187124846614921],[149.769993975999171,-35.187062367616768],[149.770054617013358,-35.186882397620877],[149.770155669018436,-35.186725258628677],[149.77083825998568,-35.186178447684831],[149.771042737980224,-35.185981006701425],[149.771169183986984,-35.185781064711158],[149.771293632009673,-35.18546111371991],[149.771354686033021,-35.185210023723563],[149.771339044064433,-35.184987466720678],[149.771182274142205,-35.184572971704128],[149.770780330291814,-35.183893448664264],[149.770451613413712,-35.183341510631699],[149.770390318469367,-35.182985425623897],[149.770235815538172,-35.182637533607988],[149.770225417562642,-35.182461660605895],[149.770292522576227,-35.182278741610524],[149.770511791598125,-35.181853624626882],[149.770828365600039,-35.181468684652032],[149.771077484606735,-35.181125695671554],[149.771113994612222,-35.18104094167419],[149.771090840628943,-35.180939576671477],[149.770831279692118,-35.180757679647471],[149.770362705786738,-35.180578553605152],[149.770249813820357,-35.180452492594405],[149.770225090844889,-35.180292889591158],[149.770236036895511,-35.179890720589384],[149.770308018938636,-35.179475016592889],[149.77043704695734,-35.179180432602202],[149.770613458947224,-35.179051978616798],[149.770697119936273,-35.179038335624057],[149.770773026924218,-35.179042252630737],[149.771202329835148,-35.179224301669635],[149.771695591737796,-35.179395620714054],[149.771797628719099,-35.179419805723164],[149.771926198701948,-35.179400954734312],[149.772113887681741,-35.179336727750353],[149.772412173662218,-35.179138013775166],[149.772807665641835,-35.178832054807764],[149.772898829639416,-35.178743903815175],[149.772943040649238,-35.178616883818187],[149.772921975679225,-35.178410962814958],[149.772874914703806,-35.178277112809909],[149.772794552732989,-35.178146893801994],[149.772667721765742,-35.178043538790156],[149.772264772853447,-35.177840693753446],[149.771613978986096,-35.17758294369461],[149.771034422145874,-35.177032708640041],[149.770871421191998,-35.176868802624632],[149.770678830248443,-35.176660596606318],[149.770609054285273,-35.176458736598832],[149.770635749304489,-35.176279663599978],[149.770659173310236,-35.176208408601539],[149.770701662314281,-35.176127858604723],[149.770804479307913,-35.176056388613247],[149.771065905274895,-35.176003948635817],[149.771450577222254,-35.175958788669256],[149.771614009202949,-35.175916011683306],[149.771664279200337,-35.175877143687458],[149.771752799194672,-35.175817363694819],[149.771792008200464,-35.17572678269763],[149.771797055216354,-35.175598866697214],[149.771725065240929,-35.175494023690185],[149.771479497314374,-35.175216884666774],[149.771240777379433,-35.174996146644332],[149.770966683453452,-35.174747935618591],[149.770595499537222,-35.174538305584626],[149.770062650652449,-35.174275814536109],[149.769516480764196,-35.174056055486716],[149.769424231782949,-35.174019787478379],[149.769353352801403,-35.173960813471766],[149.769211531838607,-35.173840858458512],[149.769061239881239,-35.173688775444305],[149.768922349925589,-35.173510178430917],[149.768739606003322,-35.173126575412283],[149.768580637052281,-35.172936325397046],[149.768374984098699,-35.172819838378224],[149.768111771167895,-35.172596009353619],[149.767975472210594,-35.172427057340521],[149.767831894251515,-35.172280613326947],[149.767622126298761,-35.172162477307744],[149.767168358391189,-35.171982993266738],[149.766941765439555,-35.171876609246134],[149.766757598488368,-35.171716379228897],[149.766418997586811,-35.17135583119677],[149.766095833677326,-35.171038042166273],[149.766013830695698,-35.170992523158766],[149.765881073721289,-35.170951343146847],[149.765826688731693,-35.170934912141973],[149.765593337765978,-35.170944503121575],[149.765189608819838,-35.171002698086561],[149.765094017821752,-35.17109959807884],[149.76496203776648,-35.171679054071191],[149.764700428747801,-35.172128865051299],[149.764569908712019,-35.17255673204275],[149.764431408708049,-35.17274933203192],[149.764199233723701,-35.172900778012597],[149.763593897786222,-35.173128398961062],[149.763378915809142,-35.173203669942723],[149.763107208843394,-35.173258582919267],[149.762788117889585,-35.173276690891413],[149.762412480959028,-35.173182425857838],[149.762143050009172,-35.173111870833743],[149.761840335078887,-35.17293026980596],[149.7613388091697,-35.172818839761227],[149.760934640239356,-35.172756073725388],[149.760563773302465,-35.17270499769252],[149.760224001380607,-35.17250165966135],[149.76004817143712,-35.172272925644378],[149.759952569477065,-35.172077547634672],[149.759896714500115,-35.171965749629017],[149.759830658519178,-35.171896493622754],[149.759768581543938,-35.171778671616522],[149.759724245564826,-35.171669974611902],[149.759637661598219,-35.171514548603263],[149.759546246628588,-35.171387852594393],[149.759432743657953,-35.171295048583801],[149.759294724695906,-35.171164640570815],[149.75913333673796,-35.171029993555763],[149.758915673781615,-35.170949102536134],[149.758681408824657,-35.17089243251521],[149.758464390865669,-35.170830607495759],[149.758166114918851,-35.1707706304692],[149.757771744976509,-35.170789149434768],[149.757326093038046,-35.170837465396026],[149.75679886811298,-35.170878090350094],[149.756372552141897,-35.171154906314591],[149.756015733161036,-35.171425366285156],[149.755709390176179,-35.171667528259945],[149.755358747176444,-35.17207598023198],[149.755250687169138,-35.172258576223747],[149.755117456167966,-35.172423674213192],[149.755114015112667,-35.172853066215808],[149.75495102311038,-35.173061406202926],[149.754475305140119,-35.173389703163451],[149.754197915120358,-35.173866487142377],[149.754103955083906,-35.17425685913679],[149.754068638063785,-35.17445274013501],[149.754001901052902,-35.174614898130272],[149.753822030055375,-35.174806422115815],[149.753553128073406,-35.174982744093441],[149.753337624074987,-35.17522288007617],[149.753125626089457,-35.17535967005854],[149.753050596057903,-35.175690324054194],[149.752932289045873,-35.175921371045391],[149.752810809022094,-35.176246566036951],[149.752101397072323,-35.176691098977784],[149.751593587135432,-35.176799786934026],[149.751330090152237,-35.176979398912152],[149.750942397192517,-35.177123664879147],[149.750676139220332,-35.17722130085648],[149.750488648235546,-35.177323920840749],[149.750352799248077,-35.177386632829268],[149.75018380027177,-35.177402292814563],[149.750009298297641,-35.177407554799316],[149.74983038632638,-35.177396009783557],[149.749660680356726,-35.177361390768446],[149.749599545369676,-35.17733313676289],[149.749426621395287,-35.177338729747788],[149.749300739411041,-35.177365137736928],[149.749137012427184,-35.177432663723053],[149.748999020444018,-35.177464897711175],[149.748638999500997,-35.177448090679512],[149.748392346538566,-35.177447857657889],[149.748089739583719,-35.177454724631424],[149.747791238632459,-35.177429625605107],[149.7475180966793,-35.177389072580908],[149.747273048723315,-35.177337261559074],[149.747028644764782,-35.177304551537446],[149.746802420803249,-35.177273554517399],[149.746557730845865,-35.177232356495693],[149.746133141910917,-35.177229246458467],[149.745955905942651,-35.177192888442704],[149.745768477975304,-35.177161012426062],[149.745571700005513,-35.177159094408808],[149.745485045013481,-35.177199316401499],[149.745290455014924,-35.177416244385917],[149.745206148003462,-35.177603044379786],[149.745294030950561,-35.177907075389555],[149.745406779906972,-35.178110593400802],[149.745360111854751,-35.1785667163998],[149.745258791842446,-35.178780282392388],[149.745173498825608,-35.179009742386469],[149.745040643820118,-35.179207783376164],[149.74489854581816,-35.179389367364962],[149.7446696778442,-35.179457054345349],[149.744409774882598,-35.17946635932266],[149.74419654891679,-35.179452707303874],[149.743905612962124,-35.179444953278335],[149.743571875020393,-35.179387422248716],[149.74319993209599,-35.17924157021514],[149.742897568161197,-35.179093835187658],[149.742479308255866,-35.178855295149404],[149.742287577311146,-35.178654726131242],[149.741944418384634,-35.178491331100076],[149.741642125446788,-35.178367369072767],[149.741396906516997,-35.178114110049563],[149.741337215550089,-35.177929013043077],[149.741262644594741,-35.177672912034808],[149.741139820642275,-35.177451269022548],[149.740992622694733,-35.1772199360081],[149.740879730735145,-35.177041238996985],[149.740747960788497,-35.176784743983703],[149.740699698834248,-35.176489264977477],[149.740528217877682,-35.176356024961557],[149.740245322934669,-35.176248949936053],[149.739823755008956,-35.176171017898604],[149.739540520065788,-35.176065708873068],[149.739319558104768,-35.176024618853432],[149.739027412147067,-35.176041425827975],[149.738769536183554,-35.176062545805522],[149.738596244192081,-35.176199801791284],[149.738449028190701,-35.176382944779633],[149.738443936185035,-35.176432622779522],[149.738443694174464,-35.176514553780052],[149.738527570147824,-35.176620982788123],[149.738582474126815,-35.176718645793592],[149.738598045108574,-35.176840743795779],[149.738602787089491,-35.176981925797158],[149.7386224260635,-35.177158865800088],[149.738472405054296,-35.177405518788611],[149.738121007051348,-35.177840361760779],[149.737712607073718,-35.178146516727082],[149.737454596090089,-35.178322874705685],[149.737010788132835,-35.178514156668115],[149.736566694176645,-35.178697102630473],[149.73620782020933,-35.178866199600186],[149.735848632243318,-35.179025758569807],[149.735703774250709,-35.179138587557887],[149.735484909256087,-35.179353553540182],[149.735211032284155,-35.179458718516912],[149.734800275340092,-35.179509732481286],[149.73444389339079,-35.179536866450263],[149.734051494451592,-35.179529032415843],[149.733787612495632,-35.17949921839255],[149.733654282515658,-35.179501101380879],[149.733566515527144,-35.179515622373295],[149.733324255562422,-35.179528056352162],[149.73288293962716,-35.179546853313632],[149.73259827863933,-35.179787276290348],[149.732491436636764,-35.179931982281978],[149.732483387634176,-35.17996143728147],[149.732429674616867,-35.18015789227811],[149.732353803589973,-35.18045369427346],[149.732168893599777,-35.180594787258237],[149.732048578611568,-35.180645200248044],[149.731483604658138,-35.180948909200637],[149.731386990664532,-35.181013100192615],[149.731315771636162,-35.181315195188425],[149.731101585598111,-35.181859012173348],[149.730998149586924,-35.182066447165703],[149.730873783592472,-35.182169417155521],[149.730532962614291,-35.182401288127238],[149.730179252642955,-35.182595286097587],[149.729976325649716,-35.182781118081088],[149.729356580623943,-35.183706120033101],[149.72892691866582,-35.183887514996719],[149.728444583739758,-35.18388408195446],[149.728018399812669,-35.183822140916739],[149.727860284864164,-35.183611066901463],[149.728154332053776,-35.181806242914973],[149.728151661074293,-35.181651604913682],[149.727964063120424,-35.181516078896351],[149.727669892172599,-35.181459417870215],[149.727233255213548,-35.181656481833315],[149.726916199245778,-35.181779646806412],[149.726329281319437,-35.181900983755867],[149.72594881338307,-35.18185681872226],[149.725651702434675,-35.181808135695931],[149.725077442532097,-35.181731412645135],[149.724781603590998,-35.181624687618516],[149.724541745649077,-35.181458621596398],[149.724465094669824,-35.181388926589221],[149.724381953692301,-35.181313324581417],[149.724349888700971,-35.181284164578436],[149.724286656716828,-35.181235902572567],[149.723936290804943,-35.180968436540077],[149.723684644857286,-35.180860330517334],[149.723418593907581,-35.180785051493523],[149.72316557594749,-35.180774465471302],[149.72286038799308,-35.180781358444648],[149.722582110032505,-35.180803867420437],[149.722303276074172,-35.180810142396076],[149.722024442115838,-35.180816408371726],[149.721744523161846,-35.180790197347044],[149.721479018210005,-35.180731161323401],[149.721211425260492,-35.180655917299482],[149.720930969308711,-35.180613464274657],[149.720399960404905,-35.180495382227377],[149.720118966455317,-35.180436695202388],[149.719867866505496,-35.180344823179794],[149.71964558655975,-35.180187291159271],[149.71945374861167,-35.180012834141309],[149.719277400661184,-35.179838010124691],[149.719223356698791,-35.17961170511844],[149.719122834743331,-35.179386432108117],[149.718976389792658,-35.179178441093882],[149.71887586783717,-35.178953176083553],[149.718806325877125,-35.178727204075948],[149.718767771912411,-35.178500541071024],[149.718621873959535,-35.17830879205696],[149.718400150011632,-35.178167502036615],[149.718133561064093,-35.178075971012653],[149.717853113112312,-35.178033517987835],[149.717602032162461,-35.177941637965247],[149.717322131208476,-35.177915408940578],[149.717056636256586,-35.177856371916945],[149.716554464356932,-35.177672619871764],[149.716288431407179,-35.177597340847967],[149.716099309448111,-35.177504061830795],[149.715858258499907,-35.177387574808918],[149.715592772548007,-35.177328520785281],[149.715327276596099,-35.177269474761651],[149.715061243646403,-35.177194177737874],[149.71478135169238,-35.177167948713205],[149.714500904740618,-35.177125486688382],[149.714442458751535,-35.177109925683169],[149.714219389793215,-35.177050539663249],[149.713716151897898,-35.176834301617752],[149.713463994952434,-35.17670992659486],[149.713227328004649,-35.176585219573319],[149.712976246054836,-35.17649333055072],[149.712739579107023,-35.176368614529167],[149.712488507157161,-35.17627673450658],[149.712251839209415,-35.176152018485041],[149.712000220261757,-35.176043886462288],[149.711763562313962,-35.175919170440743],[149.710965489464797,-35.1756932603694],[149.710728831517031,-35.175568554347862],[149.710525303555841,-35.175508101329648],[149.710294839607144,-35.175383242308641],[149.710043776657301,-35.17529135228606],[149.709777751707577,-35.175216046262292],[149.709526679757715,-35.175124157239694],[149.709260125810232,-35.175032608215759],[149.709009053860342,-35.174940718193184],[149.708757452912721,-35.174832577170442],[149.708535799956991,-35.174751453150499],[149.70850637996287,-35.17474068714786],[149.708441597970392,-35.174758266142305],[149.708299347987094,-35.174796856130129],[149.708292597987878,-35.174798684129556],[149.708245213993422,-35.1748115391255],[149.708033225006119,-35.17496254610797],[149.707754947045572,-35.174985027083785],[149.707639508090239,-35.174776328072284],[149.707709410109288,-35.174547236076847],[149.70781082912157,-35.174333687084264],[149.707943774127017,-35.174135691094556],[149.708240626133261,-35.173738991117816],[149.708342045145542,-35.173525442125246],[149.70842743616231,-35.17329600013116],[149.708528855174535,-35.173082451138576],[149.708567777198226,-35.172854049140426],[149.708513760235832,-35.172627727134177],[149.708367889282925,-35.172435970120112],[149.708298391322842,-35.172209988112506],[149.708462845321435,-35.17202752612566],[149.708723455293097,-35.171940441147861],[149.709001187255808,-35.171901726171889],[149.709262344225266,-35.171830866194249],[149.709347726242044,-35.171601424200169],[149.709232297286661,-35.171392734188643],[149.709086426333755,-35.171200967174599],[149.708925065383113,-35.171009551159202],[149.708511583487052,-35.170693759120887],[149.708380664534047,-35.170485401108017],[149.70854510953265,-35.170302957121166],[149.70880626650208,-35.170232106143523],[149.709294356458685,-35.169993646184594],[149.709442773461831,-35.169795300196235],[149.709404246497087,-35.169568628191321],[149.709273336544072,-35.169360279178477],[149.70911197559343,-35.169168871163059],[149.708935680642952,-35.168994038146458],[149.708759377692473,-35.168819214129847],[149.70862845873944,-35.168610864116985],[149.7085589607793,-35.168384883109375],[149.708551422809961,-35.168157520107172],[149.708435992854618,-35.167948821095656],[149.708259698904129,-35.167773997079053],[149.708008652954248,-35.167682099056485],[149.707757070006579,-35.167573957033746],[149.707226159102731,-35.167455811986507],[149.706947917142202,-35.167478284962321],[149.706668052188149,-35.167452047937665],[149.706388725232017,-35.167442034913172],[149.705975261335908,-35.167126234874864],[149.705829408382954,-35.166934468860823],[149.705668074432367,-35.166743051845408],[149.705376368526487,-35.166359510817308],[149.705124794578808,-35.166251369794566],[149.704872681633333,-35.166126985771683],[149.70474177968029,-35.165918626758817],[149.704595925727347,-35.165726860744762],[149.70433048277539,-35.165667779721154],[149.704051163819202,-35.165657776696662],[149.703770229869605,-35.165599035671704],[149.703519192919714,-35.165507128649118],[149.70328255997191,-35.165382395627582],[149.703015037022396,-35.165307107603688],[149.702778414074601,-35.165182373582155],[149.702276366174857,-35.164998559537004],[149.702115023224252,-35.164807133521592],[149.701999620268879,-35.164598425510093],[149.702085022285615,-35.164368992516003],[149.702201940295538,-35.164155094524773],[149.702256362316916,-35.163926351527977],[149.702155912361434,-35.163701059517678],[149.702043736392937,-35.163589799507122],[149.701837018444877,-35.16343188948796],[149.701585998494949,-35.163339982465402],[149.7013339045495,-35.163215589442515],[149.701052980599826,-35.163156848417557],[149.700494352687485,-35.163136806368577],[149.70021611772691,-35.163159261344404],[149.69995068477499,-35.163100179320786],[149.699670827820995,-35.163073915296138],[149.69940485687124,-35.162998582272373],[149.699228589920722,-35.162823740255782],[149.699190099955956,-35.162597059250892],[149.699198070984266,-35.162369356250039],[149.699275971031653,-35.161912551253756],[149.699408900037071,-35.161714555264027],[149.69944785906074,-35.161486161265906],[149.699548750075195,-35.161256379273148],[149.699650179087428,-35.161042830280564],[149.699759041130164,-35.160585344286986],[149.699828961149194,-35.160356251291553],[149.699746888188031,-35.160153343283],[149.698228165449478,-35.159919500148646],[149.698185371456844,-35.159912912144861],[149.697160589614299,-35.159901465055192],[149.695771339800359,-35.16009703293507],[149.69489222191811,-35.160220780859078],[149.694792810936832,-35.160193224850197],[149.694680402957971,-35.160162066840158],[149.693583553156799,-35.159916058742624],[149.691432536546728,-35.159433618551375],[149.690607759696206,-35.159248620478024],[149.690487337713392,-35.159257208467558],[149.690447420719096,-35.159260067464082],[149.690180131752328,-35.159317580441112],[149.689901906791789,-35.159340017416973],[149.689614320838928,-35.159313905391642],[149.68934890388698,-35.159254788368052],[149.689083216936126,-35.159187559344396],[149.688824737986295,-35.159103907321239],[149.688580682038548,-35.158987439299104],[149.688457579084286,-35.158778892286939],[149.688380667124193,-35.158561193278757],[149.688411898149042,-35.158332971279926],[149.688427917175034,-35.158113201279839],[149.688412687206807,-35.157886009276965],[149.688358742244333,-35.157659678270718],[149.68828930628419,-35.157433679263114],[149.688154011326446,-35.157266429250164],[149.688062488353495,-35.15716500224147],[149.687811476412776,-35.157002450218449],[149.687729132451892,-35.156797354209864],[149.687739853482441,-35.156548810209109],[149.687710164504637,-35.156412379205591],[149.687665335526731,-35.156294395200874],[149.687521847580342,-35.156049275186682],[149.687479483604761,-35.155910540182028],[149.687419890642332,-35.155690627175332],[149.687349405665998,-35.155590661168489],[149.687289741687778,-35.155492658162622],[149.68725331170981,-35.155365450158577],[149.687243513728703,-35.155231036156813],[149.687270943743442,-35.155084753158221],[149.687194229782108,-35.154876771150086],[149.687136599806138,-35.154758868144256],[149.687029586837951,-35.154639082134111],[149.68700575985082,-35.154567756131534],[149.686890472894078,-35.154368962120117],[149.686812440927355,-35.154203748112174],[149.686645790022908,-35.153661903093933],[149.686566969059413,-35.153472853085781],[149.686325424146816,-35.153081720062012],[149.686042024233956,-35.152742201034954],[149.685800478292748,-35.152571671012694],[149.685507326362455,-35.15237813898576],[149.685238440417265,-35.152270813961543],[149.685040405460597,-35.152168839943542],[149.685000811468853,-35.152151584939972],[149.684995540469941,-35.152149343939506],[149.684960992477102,-35.152134714936381],[149.684904223488701,-35.152111739931264],[149.684847068500289,-35.152089428926125],[149.684789689511859,-35.15206744892096],[149.684732337523428,-35.152045460915794],[149.684675173535055,-35.152023113910651],[149.684621657545961,-35.152001572905831],[149.684568312556934,-35.151979745901023],[149.68451497656784,-35.151957900896214],[149.6844615145788,-35.151936288891399],[149.684407756589678,-35.151915169886557],[149.684349212601518,-35.151892813881297],[149.684290452613254,-35.151870798876011],[149.684231469625104,-35.15184918687072],[149.684172243636823,-35.151828031865392],[149.684112784648534,-35.151807396860058],[149.68404522266178,-35.151784592853993],[149.68397738267501,-35.151762325847933],[149.68392079268591,-35.151744370842863],[149.683648884737067,-35.151669047818579],[149.683555344754666,-35.151643141810233],[149.6835376317579,-35.151638829808675],[149.683346024794815,-35.151578735791517],[149.683073695840733,-35.151544135767494],[149.682786145887889,-35.15151800574219],[149.68251328793599,-35.151467171718018],[149.68225379598735,-35.151375408694726],[149.681973991033345,-35.151349099670107],[149.681701125081418,-35.151298256645923],[149.681428527128475,-35.151255543621822],[149.681295832152443,-35.151225971610025],[149.680737289240056,-35.151205839561101],[149.680458282282757,-35.151203885536724],[149.680178737327651,-35.15118569851218],[149.679905879375752,-35.151134855487989],[149.679626612419554,-35.151124789463552],[149.679347596462264,-35.151122835439153],[149.679156177512965,-35.150956419421298],[149.679010143561044,-35.150756496407197],[149.678849166609268,-35.150573157391896],[149.67865774865993,-35.150406741374042],[149.678436424710895,-35.150273492353811],[149.678222309762845,-35.150123830334095],[149.678001523811588,-35.150006824314012],[149.677764208863863,-35.149882055292451],[149.677512981915015,-35.149781964269827],[149.677276706966069,-35.149665299248397],[149.677062869016936,-35.149523758228767],[149.676878944067539,-35.149349051211509],[149.676832770103914,-35.14912253120594],[149.676828512121375,-35.148992608204694],[149.676875260143845,-35.148764045207237],[149.676860066175578,-35.148536844204358],[149.676775454216596,-35.148319307195479],[149.676614487264828,-35.148135958180191],[149.676393172315755,-35.148002709159968],[149.676142214365825,-35.147910731137408],[149.67591343341681,-35.147785783116589],[149.675722023467472,-35.147619358098758],[149.675591497513267,-35.147419085085986],[149.675529851551914,-35.147192916079064],[149.675615575567519,-35.146971613085057],[149.675795816562726,-35.146796977099612],[149.675868981568584,-35.146665341105106],[149.675776364611892,-35.146439853095501],[149.675547583662876,-35.146314896074678],[149.675289158713042,-35.146231218051533],[149.675045155765218,-35.14611471402943],[149.674794218815293,-35.146022743006903],[149.674565170867368,-35.145889654985986],[149.674396469916729,-35.14570647697002],[149.67441999094271,-35.145478423970523],[149.674243822992111,-35.145303536953953],[149.674087346991286,-35.145493895941591],[149.674032854969994,-35.14572263793837],[149.673796564990539,-35.145841616918545],[149.673516790036501,-35.145815288893942],[149.673422552055825,-35.145776743885449],[149.673162821108264,-35.145676831862104],[149.672889985156388,-35.14562597883792],[149.672623827207644,-35.14554246081412],[149.672380096258792,-35.145434059792095],[149.672128361312133,-35.145317733769339],[149.671974890360275,-35.145126092754623],[149.672092121369076,-35.144920351763481],[149.672264356366497,-35.144737773777273],[149.672389325374127,-35.144531852786791],[149.672485733376561,-35.144399705794306],[149.672650215375143,-35.144217297807437],[149.672696981397593,-35.143988733809962],[149.672573935443324,-35.143780168797804],[149.672412988491573,-35.143596809782508],[149.672214124542279,-35.143438675764067],[149.67194850459137,-35.143371400740421],[149.671668999636267,-35.1433531947159],[149.671395634686519,-35.143286080691581],[149.671219475735967,-35.143111192675015],[149.671204301767659,-35.142883991672143],[149.671321283777559,-35.142670128680905],[149.671533533763721,-35.142527296698461],[149.671737787752164,-35.142376522715274],[149.671769064776953,-35.142148298716471],[149.671503453826091,-35.142081023692818],[149.67122580386328,-35.142119649668835],[149.670973242889431,-35.142214613647432],[149.670695063928861,-35.142236996623296],[149.670302564947463,-35.14255444659117],[149.670256911951128,-35.142579832587359],[149.670020610971676,-35.142698811567527],[149.669768847994533,-35.142818131546356],[149.669532557015117,-35.142937110526539],[149.66927999704123,-35.143032065505132],[149.669066161064507,-35.143103463486959],[149.668858429087351,-35.143171383469287],[149.668578941129056,-35.143177541444921],[149.668320538179188,-35.143093844421799],[149.6680992542301,-35.14296057640157],[149.667892923280874,-35.142810716382535],[149.667716755330304,-35.142635819365978],[149.667639936370165,-35.142418101357791],[149.667555353411188,-35.142200554348932],[149.667394156460432,-35.142009083333562],[149.667128814508487,-35.141949911309993],[149.666850635547917,-35.141972294285864],[149.66629533462239,-35.142049527237909],[149.666016617663985,-35.142055667213633],[149.665772646716164,-35.141939144191539],[149.665558587768118,-35.141789454171835],[149.665307400819273,-35.141689344149235],[149.665035111865194,-35.141654707125234],[149.664774267894614,-35.141733581103011],[149.664505151927443,-35.141796391079943],[149.664362884960241,-35.141710131066944],[149.664170744011017,-35.141543705049038],[149.664062954055481,-35.141326669038158],[149.664078768082589,-35.141098777037982],[149.664172533095922,-35.140885434044719],[149.664211573119502,-35.140657049046588],[149.664173191154646,-35.140430350041697],[149.664012271202864,-35.140246982026419],[149.663866563249854,-35.140055162012395],[149.663931741257983,-35.139915574017145],[149.663972852280779,-35.139691206019201],[149.663949959313612,-35.139464166015657],[149.663842169358077,-35.139247138004777],[149.663665760408577,-35.13906410198814],[149.663588940448449,-35.138846384979956],[149.663581538478979,-35.138619012977777],[149.663566381510662,-35.138391819974913],[149.663512365534558,-35.138270528969379],[149.660660643013614,-35.137920239718106],[149.658847006809083,-35.133901998532579],[149.658810935824903,-35.133822066528907],[149.658803164827873,-35.133808100528128],[149.658772391839733,-35.133752756525062],[149.657232557431996,-35.130983134371903],[149.656930924548021,-35.13044056034191],[149.65638535075783,-35.129459151287648],[149.655020852282576,-35.127004669151944],[149.654969463302365,-35.126912223146846],[149.654909495325427,-35.126804349140869],[149.654139449621567,-35.125419061064299],[149.654030377663503,-35.125222847053443],[149.653115638015265,-35.123577176962478],[149.653091652038682,-35.123424160959345],[149.652977771149892,-35.122697651944492],[149.652433679681224,-35.11922598187347],[149.652428202686593,-35.119191058872751],[149.65246087072552,-35.118851097873304],[149.65277149209598,-35.115618929878472],[149.652659648116298,-35.115593228868534],[149.652554734135322,-35.11556912285922],[149.648114263889568,-35.11495487746771],[149.646228611209835,-35.11469399030149],[149.644914321433106,-35.114512102185635],[149.644757971459654,-35.114490463171848],[149.644739317468463,-35.114444209169903],[149.644970014482965,-35.114060704187438],[149.644845271544824,-35.113728338174298],[149.644006508729916,-35.113282316098122],[149.643804226774563,-35.113174748079757],[149.643787320778245,-35.113165757078221],[149.643383733873662,-35.112901794041235],[149.642680255996254,-35.11278067097907],[149.642262013048025,-35.112871841943225],[149.642226811030696,-35.113047580941341],[149.642162780999115,-35.113367244937926],[149.641718529780178,-35.11558534091423],[149.641289161568608,-35.117728957891345],[149.634839582655701,-35.116902826323468],[149.634043761226792,-35.121161400282993],[149.633620859998928,-35.123424243261489],[149.633008312668835,-35.126702084230331],[149.632373115326516,-35.130100885198019],[149.632067679161963,-35.131734831182477],[149.63180975402301,-35.133114567169358],[149.631525723869999,-35.134633926154912],[149.631403232902102,-35.134529782143524],[149.631216585934141,-35.134501492127072],[149.631030198966158,-35.134473255110642],[149.615336613624663,-35.132371774729158],[149.6150568094954,-35.13370356671382],[149.611860918036626,-35.133276890432626],[149.61189505305191,-35.133118290434524],[149.610959901214073,-35.132963925352044],[149.610806243600791,-35.130147761319577],[149.610356887677028,-35.130086445280035],[149.610142710713404,-35.130057221261183],[149.607146019221943,-35.129648323997522],[149.606792306053933,-35.131368095978381],[149.605703592239934,-35.131210180882526],[149.605485812277124,-35.131178590863364],[149.605462218257401,-35.131359214862542],[149.605439530238442,-35.131532829861747],[149.60536615019501,-35.131956531858229],[149.605316300168909,-35.132217707855659],[149.603528810153023,-35.134449282715195],[149.602857072122816,-35.135475631663695],[149.602547839097866,-35.136033900640555],[149.602439849082202,-35.136282911632854],[149.602431118080887,-35.136303232632223],[149.602052442147652,-35.136232397598796],[149.601799200192289,-35.136185020576427],[149.601762788192246,-35.13622853257354],[149.60165790017939,-35.136451753565943],[149.601594837160178,-35.136675001561969],[149.601636304124327,-35.136904059567136],[149.601635954094093,-35.137138809568697],[149.601705281052546,-35.137379332576351],[149.601816488009035,-35.137585549587435],[149.601857954973156,-35.137814607592595],[149.601746128963583,-35.138020635584255],[149.601745545961336,-35.13803894058433],[149.601739700938623,-35.138221994585066],[149.601780872931613,-35.13822779458868],[149.601178285664616,-35.141008769555093],[149.601188621662828,-35.141010284556003],[149.601002509668461,-35.141186300540994],[149.600855804663468,-35.141398029529668],[149.600723055657113,-35.141604049519501],[149.600625149644685,-35.14181581451242],[149.600596903617969,-35.142056265511592],[149.600450206612976,-35.142267994500273],[149.600331361601548,-35.142496925491471],[149.600303114575581,-35.14273164849061],[149.600177349568867,-35.142931939481031],[149.599974950578286,-35.143097817464529],[149.599883964561116,-35.143338223458251],[149.599765155552632,-35.143544242449302],[149.599534904568515,-35.143692927430273],[149.599255944598411,-35.143790033406653],[149.59898400263171,-35.143852789383416],[149.598705140670489,-35.143881186359344],[149.598398454717966,-35.143875206332595],[149.598126549754198,-35.143915059309215],[149.597840776799188,-35.143903369284267],[149.597540956836781,-35.143966107258606],[149.59724816487838,-35.143988757233281],[149.596990090903688,-35.144097328211558],[149.596711228942468,-35.144125725187493],[149.596432402984192,-35.14413121916327],[149.596146549022563,-35.144171053138656],[149.595874590054393,-35.144245256115489],[149.595581762093843,-35.144285082090285],[149.595302766121591,-35.144399362066785],[149.59502385915664,-35.144456381042914],[149.594479868215899,-35.144639126996807],[149.594228785242308,-35.144730521975596],[149.593922018283877,-35.144770338949165],[149.59365023833044,-35.144730017925248],[149.593589265337272,-35.144749217920079],[149.593378252360822,-35.144815666902169],[149.593078567410146,-35.144786783875908],[149.592866424440331,-35.144803186857551],[149.592824660418756,-35.145019817855392],[149.591606220789203,-35.151340081792235],[149.59198997072491,-35.151385459825924],[149.591959232706415,-35.151564954824458],[149.590990961187401,-35.156732723775256],[149.586507222949564,-35.156117186381074],[149.580213458019529,-35.155252874827902],[149.58031223909083,-35.15458306383195],[149.572799150368098,-35.153550521171809],[149.572544495411705,-35.153513097149428],[149.57248602342159,-35.153505495144287],[149.572414868425284,-35.153560920138474],[149.572323454430062,-35.153632112131007],[149.571823708398824,-35.154465023093231],[149.571922840381831,-35.154479580101942],[149.570354877261025,-35.157270485984576],[149.568918129150347,-35.159827689877055],[149.568909838150375,-35.159837290876389],[149.563707886041641,-35.159070412419176],[149.563563919973319,-35.159770625411419],[149.563542783963328,-35.159873406410277],[149.559782810604446,-35.159343269080033],[149.559090612722457,-35.159245678019246],[149.558872993759479,-35.159215434000131],[149.559749660173594,-35.154963287047472],[149.55620005677622,-35.154482118735892],[149.556220117784704,-35.154392389737026],[149.556239917793079,-35.154303825738154],[149.555328429947821,-35.154180253658154],[149.555110667984792,-35.154150727639028],[149.547907548207718,-35.153173730006948],[149.547689795244708,-35.153144187987827],[149.542383909145514,-35.152424216522348],[149.548078828556356,-35.14249160794941],[149.549215380638401,-35.140509367034646],[149.549948231973019,-35.137041737074775],[149.550014891003457,-35.13672635507843],[149.550034254012331,-35.13663477807949],[149.550053796021217,-35.136542252080545],[149.550359275160758,-35.135096746097283],[149.550883810075419,-35.135139265143103],[149.552320227312322,-35.131598951243831],[149.552973323642732,-35.128258849277906],[149.553422927778655,-35.12667043230617],[149.557395182101033,-35.127239741655018],[149.558173396473563,-35.123424632696754],[149.559787992246527,-35.115508275783306],[149.556891929738839,-35.115105226529018],[149.556655603779006,-35.115072337508273],[149.555101910043078,-35.114856090371852],[149.555045025031291,-35.115015120368007],[149.554967415044416,-35.115004811361189],[149.551565536619933,-35.114552941062698],[149.544200015865954,-35.1135742354166],[149.544204201866108,-35.113567987416928],[149.544243965867707,-35.113508573419978],[149.544333443882863,-35.11328491342622],[149.544464783890163,-35.113072557436176],[149.544582229898879,-35.112865973444976],[149.544657733916893,-35.112636630449977],[149.544761177929161,-35.11241864445747],[149.544857674941767,-35.112206412464417],[149.544968056953763,-35.111982672472479],[149.545008699977785,-35.111747735474417],[149.545035439003186,-35.11151857147518],[149.545106138050528,-35.111066840478259],[149.543108732389499,-35.110792545303013],[149.544610455096375,-35.103517043384009],[149.549764047218417,-35.104251913836414],[149.549946643187297,-35.104277944852441],[149.550314444361589,-35.102487399872224],[149.550351160379023,-35.102308657874211],[149.552131550222754,-35.093640319969971],[149.552277412291858,-35.092930077977833],[149.552314119309216,-35.092751344979796],[149.553767387998107,-35.085674381057963],[149.553788077018197,-35.085493471058541],[149.554872488551041,-35.080066015115882],[149.556653590426293,-35.071150428210032],[149.556436168463165,-35.071120318190957],[149.555912221552035,-35.07104776614495],[149.545097473389916,-35.069522299195583],[149.544647284466436,-35.069458781156072],[149.538252166553292,-35.0685562185949],[149.539985788396137,-35.059940661686845],[149.54016730948436,-35.059038564696465],[149.541094914935371,-35.054427970745678],[149.541165909969919,-35.054075087749439],[149.541180054976763,-35.054004774750169],[149.541991263371273,-35.049972331793207],[149.543011305867338,-35.044901358847291],[149.543030408876632,-35.044806385848311],[149.543050702886461,-35.044705487849384],[149.543251550984166,-35.043706922860025],[149.543282037998978,-35.043555359861649],[149.543303901009608,-35.043446680862814],[149.543305183010261,-35.043440190862874],[149.543312713014046,-35.043401896863266],[149.544387284551561,-35.037943042919466],[149.54508740290197,-35.034384826956064],[149.547616186285495,-35.020613548081997],[149.547809638267211,-35.0205274930982],[149.548061446239245,-35.020448053119523],[149.54809567125389,-35.020293488121439],[149.548119838264256,-35.020184361122801],[149.548144390274729,-35.020073522124186],[149.548289437336763,-35.019418510132333],[149.550506043285026,-35.009407897256722],[149.549271441496018,-35.009221301148266],[149.550017525884385,-35.005311615186471],[149.550132707939781,-35.004743821192612],[149.551414480556019,-34.998425093260927],[149.552378424019423,-34.993673117312305],[149.552330413025004,-34.993686114308225],[149.55042943737277,-34.99321814213998],[149.548822452587331,-34.993442158001997],[149.548167463707728,-34.993276174944],[149.547968462744393,-34.993225161926382],[149.54706846890997,-34.992996189846686],[149.547100300916043,-34.992911470848867],[149.54713346792235,-34.992823184851154],[149.546922472961086,-34.992770190832481],[149.546887477967516,-34.992761190829377],[149.547532444305205,-34.989365200862274],[149.54716244636748,-34.989316204829819],[149.548450506019179,-34.982710946896702],[149.548601371095515,-34.981937222904541],[149.549979359860856,-34.98214120502557],[149.550484970073711,-34.979884081054117],[149.550783332199217,-34.978552212070952],[149.550616324231783,-34.978495219056072],[149.550681583261763,-34.978184438059621],[149.550899587225445,-34.978210576078723],[149.55145059447824,-34.975587723108731],[149.551342130496607,-34.975572511099216],[149.551233289515011,-34.975557210089647],[149.545138357546648,-34.974701291554695],[149.544921366583424,-34.974670293535652],[149.545038652638624,-34.974100883541965],[149.545079358657802,-34.973903290544158],[149.544962019677513,-34.973887917533851],[149.544850355696269,-34.973873297524065],[149.542702394057187,-34.973592316335711],[149.542592612075651,-34.973577723326073],[149.542484390093875,-34.973563318316586],[149.540668409399046,-34.973325345157363],[149.540527406422683,-34.973307345145017],[149.540564723440013,-34.973127914147028],[149.540777396538829,-34.972105348158514],[149.540795763547408,-34.972016461159512],[149.540814391556182,-34.971926338160515],[149.536225447332754,-34.971282406757922],[149.533637481770768,-34.970918435530905],[149.524724600279143,-34.969666533749283],[149.524734596360844,-34.969016537745738],[149.524867588403055,-34.968529542753949],[149.524748592465471,-34.968182546741275],[149.524755594520713,-34.967742550738883],[149.52476958062303,-34.966926541734544],[149.524385590687729,-34.966874550700901],[149.523221785883862,-34.966717574598903],[149.519040666588381,-34.966153609232535],[149.51911965864079,-34.965650613235958],[149.519105648649543,-34.965598604234401],[149.519335655626378,-34.965507610253702],[149.521860623458593,-34.963834597461258],[149.522229600430677,-34.963616593491771],[149.522423492411491,-34.963537539508053],[149.522879590366301,-34.96335158154632],[149.523597580295075,-34.963059578606604],[149.52502856018134,-34.962257560725234],[149.526836512300832,-34.959187555861142],[149.527178478492374,-34.957286517877854],[149.527322270468602,-34.957302463890443],[149.527539476432679,-34.957326550909443],[149.52824060282461,-34.953435237943779],[149.52862981591673,-34.95225545096951],[149.528584144943039,-34.952103843964515],[149.528510443979059,-34.951909566956793],[149.528485507004632,-34.95173888395346],[149.528458777032085,-34.951555892949905],[149.52840791708428,-34.951207784943122],[149.528606443051018,-34.951233565960521],[149.528626442066411,-34.951089567961262],[149.52866143809311,-34.950839571962597],[149.528752437224853,-34.949702569962774],[149.528841418353124,-34.948594575962936],[149.529466383672059,-34.945363559995151],[149.529793369839524,-34.943668550011978],[149.529765366851024,-34.943611557009163],[149.529827362870066,-34.943389555013027],[149.529860673880137,-34.943271473015102],[149.529882366886682,-34.943194553016468],[149.528026388321024,-34.941991567847303],[149.527987646330075,-34.941966495843758],[149.527337400482168,-34.941545573784502],[149.526468407683041,-34.941001576705432],[149.525792113855971,-34.940448193643014],[149.525208426005264,-34.939970583589137],[149.524415438170337,-34.939616596517972],[149.523887442264794,-34.939501597471384],[149.523618451311222,-34.939456598447762],[149.52377856938557,-34.938685919456397],[149.526422583943059,-34.939022551687991],[149.527090381831329,-34.939107566746472],[149.527345324992069,-34.937549382757979],[149.527538360113823,-34.936369551766688],[149.527577354130727,-34.936191553768857],[149.527827351088831,-34.936223554790757],[149.528386319349977,-34.933521540820841],[149.526042355747876,-34.933178561615215],[149.526334093894775,-34.93168501763035],[149.526369340912538,-34.931504554632177],[149.526010180972662,-34.931458802600723],[149.517232482441273,-34.930340640832007],[149.517229488441785,-34.930340640831744],[149.516798491517079,-34.93026064579383],[149.514462531910681,-34.929941669589176],[149.516143420700843,-34.921771632679238],[149.517562401460026,-34.921979608803674],[149.523766312424044,-34.922756565346859],[149.524656247918472,-34.917837539390526],[149.525424180344999,-34.913593506428207],[149.526453591916749,-34.907904315478731],[149.521347447787917,-34.907116170030584],[149.516099018683406,-34.906305806570039],[149.514305074992052,-34.906008614412521],[149.512511131300727,-34.905711404255008],[149.51223427034833,-34.905665518230691],[149.508640045966786,-34.905069547915147],[149.508424238003926,-34.905033762896203],[149.504051413756315,-34.904308693512384],[149.501199445244907,-34.903852471262205],[149.498050480784343,-34.903348747986001],[149.490973567000736,-34.902184801365216],[149.488527758600185,-34.916055859247969],[149.488494162581532,-34.916242023246312],[149.488367653603319,-34.916220778235214],[149.488278766618635,-34.916205862227422],[149.483725826384642,-34.91558990082909],[149.4813678557814,-34.915270924622831],[149.476802955549431,-34.914652961223602],[149.47320004115565,-34.914164984908545],[149.473072386177108,-34.914147925897389],[149.472983042192084,-34.914135985889565],[149.470440125619973,-34.913791425667242],[149.470223098656476,-34.91376201464827],[149.470259097674017,-34.913582008650167],[149.462231266027317,-34.912474076948321],[149.459448316496548,-34.912089095705063],[149.455516390157612,-34.911560123361546],[149.455286392196314,-34.911529125341453],[149.455180940214007,-34.91151503333225],[149.455069401232777,-34.911500135322498],[149.455034406215276,-34.911679128320692],[149.453447586381344,-34.92010617324091],[149.449446664953939,-34.920355207896826],[149.448365715483817,-34.925327206837267],[149.447818745245826,-34.927844212807138],[149.446949760391533,-34.927731228731275],[149.445581588554887,-34.928071848615367],[149.444703925706904,-34.9279195395385],[149.444724829699652,-34.927951603540535],[149.444790221685508,-34.927985057546401],[149.444973785645487,-34.928081250562919],[149.444830048643979,-34.928263855551748],[149.44470379064262,-34.92842424854193],[149.443005000931493,-34.928171603393437],[149.442902587948907,-34.928156373384489],[149.438418576711371,-34.927489506992593],[149.433148190605834,-34.926719376532176],[149.430904846986493,-34.926391572336243],[149.428812135341701,-34.926085775153467],[149.428796035335466,-34.926153659152547],[149.428348676085278,-34.92865032713091],[149.427997132888663,-34.930612186113919],[149.427779962925541,-34.930580444094943],[149.423152973710955,-34.929904002690932],[149.422664401790058,-34.929862319648464],[149.422749980815695,-34.929559364653805],[149.422266158897827,-34.92948869261155],[149.419848941304934,-34.929160457400691],[149.417096213771515,-34.928762727160446],[149.413147443441062,-34.928191058815841],[149.414103032874436,-34.923648297867366],[149.414130973880987,-34.923563354869202],[149.413963946910542,-34.92352988385457],[149.41160266331292,-34.923171366648404],[149.41149721033139,-34.923151367639164],[149.411390520350096,-34.923131135629838],[149.407943128940161,-34.922587520328754],[149.408366092145883,-34.920466521350804],[149.406569327644945,-34.918676475183652],[149.406559072645422,-34.918684884182831],[149.404424328745478,-34.920435080010627],[149.402814782928459,-34.920908951875056],[149.402579843843199,-34.921858709861269],[149.402535838827248,-34.922036599858679],[149.400350077943358,-34.92372185368167],[149.400208939951938,-34.923821989670188],[149.400125449973558,-34.923751558662495],[149.393870554192773,-34.921595257108592],[149.387359450184391,-34.921535184547039],[149.387152597220478,-34.92149732152896],[149.387127462208213,-34.921623722527656],[149.386037513676712,-34.927104749471034],[149.385132564235903,-34.931651771424015],[149.384447600901666,-34.935097782388439],[149.384416593884879,-34.935266789386922],[149.38416261575037,-34.936627793374299],[149.383826985770725,-34.936867006347008],[149.383784308773301,-34.936897430343535],[149.383757165774739,-34.93691880934135],[149.383641628780651,-34.93700980333201],[149.383469788792553,-34.937120392317958],[149.382171651882715,-34.937955818211805],[149.381685660876201,-34.938585826174226],[149.381556668874481,-34.938752825164258],[149.38046769685991,-34.940163848080033],[149.377350785818237,-34.944202892839023],[149.377494809571886,-34.945970898863472],[149.377247824543417,-34.946488901845719],[149.376016847630979,-34.947265918744975],[149.374909877668557,-34.948287931656594],[149.374748884657123,-34.948569929644648],[149.37468491765236,-34.948683503639913],[149.37465089064986,-34.948743929637402],[149.373460904843739,-34.948634942534184],[149.372890911936594,-34.948582959484739],[149.37068995115186,-34.949509974301513],[149.370574011172664,-34.949484409291351],[149.370172963244528,-34.94939596925623],[149.369180937716749,-34.946859980153562],[149.366496961169531,-34.946492002919989],[149.366428261189697,-34.946414849913545],[149.366366966207721,-34.946346005907806],[149.366315961222682,-34.946289003903026],[149.3612380200789,-34.945596059461209],[149.351851129661668,-34.944315161644766],[149.351729309678205,-34.944330176634409],[149.350715152815781,-34.944455171548],[149.350638080830663,-34.944429578541204],[149.349926161968369,-34.944193171478354],[149.349918156970006,-34.944190169477643],[149.349293143155109,-34.943476187419023],[149.348112186276722,-34.943926198320497],[149.347425176466032,-34.943253208256827],[149.345354212769593,-34.94333022807924],[149.344527233843991,-34.94373023901084],[149.34454925173614,-34.944554245018338],[149.343825268798753,-34.944924253958597],[149.343764278748239,-34.945395258956545],[149.343021291805883,-34.945827261895595],[149.341440315066535,-34.945658284758487],[149.339631351248812,-34.94637930860786],[149.338371374443255,-34.94634932749932],[149.33794040931474,-34.947877342472658],[149.336725444386246,-34.948763357374233],[149.337488355769636,-34.944829328413071],[149.337490354770466,-34.944820329413183],[149.337991307022435,-34.942235313438665],[149.342485237281892,-34.942713266828314],[149.346368917189636,-34.923036263028429],[149.333240006409881,-34.921178832886959],[149.333274052427328,-34.921000359888666],[149.334329974968966,-34.91546536394177],[149.329886027711865,-34.914903395555996],[149.329669036748214,-34.914875393537152],[149.330596982221863,-34.910028400583919],[149.327903013673023,-34.909680548350032],[149.321699131711966,-34.90887948981154],[149.320148157971659,-34.90867950467694],[149.319931158008018,-34.908651501658106],[149.316300219616068,-34.908182533343073],[149.315726265322382,-34.911188570314224],[149.315051322976728,-34.914725583280322],[149.314365382624857,-34.918324607245907],[149.314152389663917,-34.918270616227254],[149.300424619986956,-34.916313696035395],[149.300599607074872,-34.915409699044261],[149.301072569313504,-34.912957696068162],[149.301110567332785,-34.912759691070086],[149.301400545479311,-34.911254696084733],[149.291640762118732,-34.909956758238437],[149.291315787955597,-34.911635753221994],[149.291389784935035,-34.911709741228833],[149.292195770796383,-34.911842757298899],[149.292666770549971,-34.913228747348732],[149.292537411571658,-34.913211966337521],[149.292427773589992,-34.91319774132802],[149.280454043594318,-34.911661818290625],[149.281445972100528,-34.90646882634033],[149.276977078852667,-34.905861857953049],[149.27738504903607,-34.903921858974833],[149.273736131648349,-34.903440876658756],[149.274116102824422,-34.901591876678737],[149.273898107861015,-34.901562877659856],[149.274813030298844,-34.897000875707242],[149.28066791231592,-34.897778843214475],[149.281295862627161,-34.894563846246434],[149.28108587166227,-34.894536846228249],[149.281213851734265,-34.893813848234295],[149.280213873939772,-34.893382858145621],[149.279875878131918,-34.892265857109038],[149.279488875290781,-34.891470859070445],[149.279403870325581,-34.891296859061967],[149.279055879468217,-34.890583864027285],[149.279038874475447,-34.890546870025567],[149.279040873480085,-34.890507867025477],[149.279042872484297,-34.890471859025403],[149.270504035919259,-34.889322908285649],[149.271026983173499,-34.886682906312487],[149.262886097538285,-34.885611959607616],[149.262669097574872,-34.88558195658883],[149.26185407616677,-34.889791801547652],[149.257970618778216,-34.889595688213674],[149.253112584423036,-34.890302428802428],[149.25133366969024,-34.890314719650199],[149.250880917758252,-34.890317848611438],[149.250854402736422,-34.890523060610569],[149.250851408736082,-34.890529057610358],[149.250270446600041,-34.892304068572692],[149.250096456560584,-34.892825064561343],[149.250026386370649,-34.894415076566176],[149.249995989365061,-34.894495797564126],[149.249925407352066,-34.894683216559358],[149.249709617312419,-34.895256238544768],[149.249636776299042,-34.895449663539857],[149.24904266318984,-34.897027350499727],[149.248947663172373,-34.897279632493316],[149.248913671166122,-34.897369890491014],[149.248881930160309,-34.897454179488868],[149.248790569175696,-34.897441665480962],[149.24106614347653,-34.896383630812558],[149.239894696673815,-34.896223158711202],[149.240269671839485,-34.894459164731302],[149.237054724379931,-34.894026192453225],[149.236676759210695,-34.895822197433105],[149.236536948144703,-34.896513527425853],[149.23536788059269,-34.902294230365165],[149.230486974412997,-34.901640277943137],[149.229740051056325,-34.905366294904603],[149.226495669604105,-34.904912199624007],[149.226373491624742,-34.904895097613448],[149.226251313645349,-34.904877994602877],[149.225875134708872,-34.904825341570344],[149.225768140659255,-34.905347340564752],[149.217374249070332,-34.904221404839362],[149.213323304751214,-34.903678425489389],[149.212227315935507,-34.903531432394708],[149.213301279930874,-34.902278412477962],[149.213928246993873,-34.901025418523034],[149.214031224109647,-34.899982413524747],[149.214033223112011,-34.899961411524764],[149.213366214374162,-34.898680412459036],[149.214029179459658,-34.897205407505673],[149.214500620520596,-34.896155635538818],[149.214616148535526,-34.895898395546951],[149.215172101607351,-34.894660388586047],[149.216105086546037,-34.894027379661495],[149.216562077516016,-34.893717377698451],[149.216921047609105,-34.892547371721172],[149.216975045623229,-34.892370368724592],[149.217654994800256,-34.8901483577676],[149.217549004818153,-34.890133781758422],[149.217437000836981,-34.890118354748758],[149.215536027157242,-34.889856365584457],[149.205386125867477,-34.888455449707507],[149.205184130772409,-34.889453449697037],[149.204434822898833,-34.889348893632302],[149.20195214531762,-34.889002471417847],[149.201934189309497,-34.889088839416893],[149.201915149300817,-34.889180477415898],[149.201522469118572,-34.89110066739542],[149.195760480089348,-34.89030690889787],[149.195724121072459,-34.890484691895963],[149.195053971761581,-34.893761285861025],[149.195443478646496,-34.894208167897347],[149.195813372537202,-34.89463255093181],[149.196823749238604,-34.895791776026002],[149.193670723769941,-34.895357122753772],[149.191998324051781,-34.895126580609386],[149.191781334088375,-34.895096587590658],[149.190626762282932,-34.89493721049098],[149.187087426879486,-34.894448636185501],[149.187569691107313,-34.892057087210389],[149.187453411127365,-34.892037394200329],[149.187354387144438,-34.89202063119177],[149.185920425309178,-34.892434637072178],[149.185301447333558,-34.892984642023073],[149.183473477718792,-34.892118653861161],[149.182138514846429,-34.89270867575123],[149.181374519047637,-34.89202668968138],[149.180708526198771,-34.891625687621818],[149.179520534515234,-34.890536701513035],[149.179778514590652,-34.889626697528847],[149.178673533815356,-34.889167708431422],[149.178145548975067,-34.88853170738205],[149.176431096401473,-34.887201037226703],[149.175956566644118,-34.885840731176955],[149.175388569889293,-34.884572736119871],[149.175656563910849,-34.884078732139365],[149.174504584111247,-34.883869748039658],[149.174276586208265,-34.883371747016824],[149.173784593361887,-34.882740747970558],[149.172797609699614,-34.881239761876131],[149.171778634912613,-34.880769773786007],[149.170712649167569,-34.880022782689984],[149.170605352191785,-34.879958968680398],[149.170522652210451,-34.879909782673018],[149.170293663268183,-34.879725789652241],[149.170293663268836,-34.879720787652204],[149.169480678382342,-34.87979479458334],[149.168118709594069,-34.87974780846686],[149.166832733717939,-34.880308819360998],[149.165817754905106,-34.880039830272615],[149.164448798094895,-34.880175842156795],[149.16412779014783,-34.880140847129177],[149.163607802233571,-34.880083846084446],[149.163197813323535,-34.879860851047958],[149.16120384663364,-34.879790871877475],[149.161134836733993,-34.879074866866716],[149.160725850887815,-34.878341875826855],[149.160170863024149,-34.877923878776691],[149.159630867121933,-34.877794887729777],[149.159162877206711,-34.877682901689113],[149.15825789132802,-34.877805897612795],[149.158161896340914,-34.877818895604705],[149.157251906521623,-34.877474904524796],[149.156724917723494,-34.876500908473233],[149.156621900798655,-34.876025908461209],[149.156246909930161,-34.875429913425194],[149.154925928091728,-34.875732933314659],[149.153611959156621,-34.876797942209912],[149.152401980289255,-34.877197952109498],[149.151206017345032,-34.878193966014351],[149.151144021335512,-34.878343960010092],[149.15054405324463,-34.879790967968809],[149.149695066359527,-34.879897980897191],[149.149584163373959,-34.879916302887857],[149.149477070387945,-34.879933979878864],[149.148249098501026,-34.88051199577815],[149.147026120632802,-34.880935005676804],[149.146052150662911,-34.881868011600183],[149.146452173350269,-34.883878009647937],[149.146757177222071,-34.884532001678387],[149.146144204185475,-34.885562014633166],[149.146330215980555,-34.886971005658602],[149.146220237849349,-34.888149013657241],[149.146218238845762,-34.88818001165729],[149.14671024069446,-34.88879301170337],[149.1467662376551,-34.889039008709815],[149.145451261788509,-34.889560022601323],[149.144798269871586,-34.889685025546541],[149.142886310092535,-34.890228046387335],[149.14132932833175,-34.890198063254523],[149.140509337445707,-34.890278067185193],[149.140183346525731,-34.890033074155774],[149.140023349565212,-34.889911074141303],[149.138742364695162,-34.890419081035652],[149.138020375768349,-34.890706089976113],[149.137592329869022,-34.890419332937704],[149.137096390985704,-34.890087093893214],[149.135741411164872,-34.89029210977921],[149.134886419344468,-34.889891116703673],[149.134408419506713,-34.88917411665809],[149.133889952599588,-34.889058293613147],[149.133656432641459,-34.889006123592907],[149.133534038663441,-34.888978379582298],[149.13343143668186,-34.888955127573389],[149.132619873801303,-34.888981248504479],[149.13233190093419,-34.888268856475108],[149.131857227092496,-34.88757861342998],[149.130837843246411,-34.887580631343212],[149.130271827457761,-34.886577591288201],[149.128597571942521,-34.88473030913309],[149.12764846508162,-34.884765170052518],[149.127555060094807,-34.884772682044627],[149.127424464113233,-34.884783179033569],[149.124808518410731,-34.885565187816205],[149.123743546445525,-34.886572208732424],[149.123929561273115,-34.887723207756096],[149.122663592392826,-34.888295215652221],[149.121933608443669,-34.888770225593333],[149.120481617760987,-34.887990236464461],[149.120636600865424,-34.886970236470724],[149.120081590026899,-34.886351240419273],[149.119588584206241,-34.885515243371621],[149.118581581409615,-34.88510725928316],[149.117386602595417,-34.885066267181195],[149.116208584039953,-34.882940278066506],[149.115917582190775,-34.882087277035943],[149.115981562304569,-34.881102281034678],[149.115559552489003,-34.880139283992222],[149.115339537685912,-34.878833279964617],[149.113705563910884,-34.879009297826805],[149.111104611108402,-34.880571322616177],[149.110723600267931,-34.87975734157822],[149.109987317409065,-34.879519196513975],[149.111270926261199,-34.87915066062066],[149.112277334175786,-34.878617725702632],[149.11240033144901,-34.876288235697253],[149.111261556650561,-34.876053227598788],[149.11119159882071,-34.874779341584158],[149.11149304188524,-34.873899959603818],[149.111467709891457,-34.873881116601538],[149.110860473039821,-34.873429315546801],[149.110748603067151,-34.873346085536731],[149.110186265163804,-34.873252842488256],[149.10958860024104,-34.87335746143814],[149.109885623255707,-34.872882030460168],[149.109756141394257,-34.871931742442676],[149.109370206503968,-34.871521551407071],[149.109471034531794,-34.871177443413295],[149.110221266414925,-34.871205446477305],[149.11073251244818,-34.870323078514787],[149.11140119935564,-34.8702550145712],[149.112136120220839,-34.870444727635011],[149.112502981188072,-34.870263234664982],[149.112371203282521,-34.869668098649726],[149.1125271693017,-34.869327154660667],[149.11189761456211,-34.868007121598126],[149.111360619733091,-34.867289816547569],[149.111369836812429,-34.866644958543951],[149.111995947829797,-34.86575084759113],[149.112106106832869,-34.865593521599436],[149.111913694872925,-34.865505602582466],[149.111882383879447,-34.865491296579712],[149.111374385985357,-34.865258304534905],[149.110192402146424,-34.865398312435318],[149.109366399340217,-34.864847315361317],[149.108252409558389,-34.864449324263866],[149.107635410729557,-34.863826328207132],[149.107308413777332,-34.863839326179423],[149.106482425897781,-34.863874339109415],[149.105264458959141,-34.864854351012504],[149.104984445130839,-34.863820348981648],[149.104728442204731,-34.863539345957967],[149.103835447348018,-34.863472357881584],[149.10323246439421,-34.863831355832751],[149.102792465449539,-34.863920358795944],[149.101353481666195,-34.863926363673642],[149.100597485839984,-34.863450376606124],[149.099407496032313,-34.863350383504269],[149.09824051519297,-34.863475394405903],[149.098142505259602,-34.863061383394765],[149.097488510434459,-34.86245339233502],[149.097157507522923,-34.862146393304805],[149.096417511665265,-34.86190240224024],[149.096508507724678,-34.861317395243994],[149.095665721899366,-34.860939006169779],[149.095185511998892,-34.860723404127491],[149.095332499095633,-34.859772397133511],[149.094584509259079,-34.859369393067198],[149.093865515389325,-34.859196396004904],[149.093805510400131,-34.859182403999711],[149.092859534418352,-34.860179412926087],[149.092395538463791,-34.860376413888005],[149.092484534489728,-34.860061410893415],[149.092595517674255,-34.858452401891903],[149.091346529945326,-34.857793403781258],[149.090347544059767,-34.858085413698362],[149.090210551990396,-34.858805428691618],[149.089409560054008,-34.85926442862668],[149.089388558059284,-34.85924742362478],[149.088097555391045,-34.858154425507635],[149.086589558720135,-34.857344429373995],[149.085075561998877,-34.856944437242646],[149.084182574125151,-34.857013450167251],[149.084067575141518,-34.857021446157532],[149.083077579343865,-34.856599439070557],[149.08241157843571,-34.856669456014458],[149.082241584429624,-34.856923459001749],[149.081850598429469,-34.857397464971761],[149.08123060947284,-34.857799463921836],[149.079813620684575,-34.857818474801604],[149.079432605850485,-34.856951477763353],[149.079369584078535,-34.855203464746097],[149.078336579331051,-34.854431467653093],[149.077770573515664,-34.853638468599634],[149.076748566762035,-34.852902470507829],[149.075960564915192,-34.852629471439059],[149.074457587127455,-34.852747480312217],[149.073772597185439,-34.853111486256537],[149.073427619163596,-34.853703494231262],[149.072037659222133,-34.854915499121503],[149.071835656292222,-34.854598496102199],[149.071426658386372,-34.854339499065709],[149.070040679625265,-34.854103498946429],[149.069383702652658,-34.854678499894568],[149.068604708756595,-34.854788511829177],[149.067929731803758,-34.855227510774881],[149.067433729960783,-34.854570511728298],[149.066888731085925,-34.85422751167971],[149.066823715204293,-34.853358507668268],[149.065757731448429,-34.852693510573253],[149.065021736574948,-34.85257051350996],[149.065161726619294,-34.852046506518263],[149.06501671673135,-34.851324502501036],[149.064405715909828,-34.850634507444497],[149.064440701991344,-34.849939503442727],[149.065217670945287,-34.849368500504788],[149.066658661703428,-34.849562495628426],[149.06700164971204,-34.849078495654233],[149.067376630721611,-34.848548483682471],[149.067570628734387,-34.848211474696633],[149.067962604760254,-34.847530481725258],[149.06822159977736,-34.847080481744207],[149.067661594925625,-34.846570474693173],[149.067502600967629,-34.846426476678708],[149.067313578167784,-34.845052477653304],[149.067636551283982,-34.84373146667172],[149.067626548310585,-34.84353046766951],[149.067599540384492,-34.842971464663407],[149.067595551395328,-34.842889462662512],[149.067572532457007,-34.842423461657397],[149.067566535471371,-34.842315463656156],[149.0677185294754,-34.842099458667583],[149.067967521482274,-34.841743455686299],[149.067754171636807,-34.840764014661502],[149.067695054706206,-34.840279915653205],[149.067635740802814,-34.839577955643378],[149.067077250983829,-34.838803655590702],[149.06624198021899,-34.837930312513855],[149.066065489268965,-34.837743458497599],[149.066088482325426,-34.837263455496291],[149.065386487517429,-34.836574456431997],[149.063654513780648,-34.836560470284923],[149.063342513843963,-34.836430465257557],[149.062489521020069,-34.836051468182568],[149.06188453315599,-34.835694478128801],[149.061540236228666,-34.835528581098444],[149.061454218245416,-34.835498113090956],[149.061369885262991,-34.83545954108353],[149.061289532280824,-34.835414138076402],[149.06121547129834,-34.835363214069758],[149.061149963315103,-34.835308067063835],[149.061077283336942,-34.835220991057071],[149.061022316357878,-34.83511991405171],[149.060979961377967,-34.835010311047384],[149.060945136397294,-34.834897670043667],[149.060912731415897,-34.834787467040165],[149.060872546447911,-34.834579727035333],[149.060865455475721,-34.834365426033266],[149.060874446501572,-34.834147602032544],[149.060882460527608,-34.83392928403174],[149.060872474556049,-34.833713522029427],[149.060829268595143,-34.833452240023973],[149.060768152636825,-34.83319237501702],[149.060700904679379,-34.832932985009563],[149.060639321721084,-34.832673138002555],[149.06059521076034,-34.832411873997032],[149.060596214793691,-34.832143788995289],[149.060632876823632,-34.831859317996468],[149.060664994853425,-34.8315819459973],[149.060658487870285,-34.83145468499589],[149.060652373886114,-34.831335221994543],[149.060554800924848,-34.831142648984951],[149.060415527960259,-34.831027399972371],[149.060241446999214,-34.830925971956894],[149.060046203039008,-34.83084315393976],[149.059843402077036,-34.830783749922148],[149.059646679110614,-34.830752564905247],[149.059491530134011,-34.830753075892083],[149.059333531155147,-34.830774382878822],[149.059174170174998,-34.830808481865532],[149.059014934194153,-34.830847394852292],[149.058857339213461,-34.83088311583915],[149.058809453219226,-34.830894840835178],[149.058627045241224,-34.830939489819997],[149.058399575267003,-34.831007795801163],[149.0581728052926,-34.831077266782401],[149.057944609319577,-34.831137118763436],[149.057712873349601,-34.831176569744045],[149.057448203388503,-34.831185147721655],[149.057179230431586,-34.831165328698681],[149.056908392476288,-34.831134788675506],[149.056638102520026,-34.831111141652407],[149.056370796560202,-34.831112100629738],[149.056095082598461,-34.831139198606543],[149.055818876635016,-34.831180451583386],[149.055545098669512,-34.831235274560527],[149.05527670870157,-34.83130307853822],[149.055016627730822,-34.831383278516711],[149.054557573809433,-34.831308501477253],[149.05307259404546,-34.831213520350616],[149.052794595084919,-34.831233518327181],[149.052501598127549,-34.831246525302419],[149.051644616239031,-34.831389527230698],[149.050820639339861,-34.831578533162087],[149.049283660518114,-34.832009538034661],[149.048385676643704,-34.832089550959054],[149.048093684689036,-34.832079555934207],[149.046888702898741,-34.831856559830513],[149.046591699956167,-34.831755562804638],[149.046163733051571,-34.831508722766664],[149.045992117089867,-34.831409347751432],[149.045840814123636,-34.831321743738016],[149.045788707135301,-34.83129156173338],[149.04554670618927,-34.831151562711909],[149.045449304214628,-34.831066225703069],[149.045441711216597,-34.831059565702375],[149.045386699230903,-34.83101156369738],[149.045322643247516,-34.830955736691571],[149.045253790265377,-34.830895749685325],[149.045152560291655,-34.830807535676144],[149.044694706410525,-34.830408567634613],[149.044571711442472,-34.830301574623448],[149.044466706469763,-34.830209568613917],[149.04436870349744,-34.830106572604905],[149.043751703672342,-34.829450570548133],[149.043460696773167,-34.82899457352034],[149.043296691858131,-34.828511575503136],[149.043280691891368,-34.828264573500107],[149.043342678970419,-34.827555566500529],[149.043450676982417,-34.82732857150814],[149.044048655991787,-34.826529557553407],[149.0448146210544,-34.825100546608617],[149.045039618053465,-34.824835544625891],[149.045974579112624,-34.823229538694243],[149.046168569186506,-34.822402530705055],[149.046100559272446,-34.821795525695158],[149.046965512321577,-34.820354520758691],[149.047161501446766,-34.819113510766869],[149.047116493531604,-34.818487510758779],[149.046654491683142,-34.81783150871513],[149.04636148681908,-34.817095511685281],[149.046858467838376,-34.816339507722269],[149.047341455803149,-34.816037501761173],[149.047906427826291,-34.815168497803164],[149.046698426276834,-34.813016505686058],[149.046236425398774,-34.812597492644038],[149.04548242462954,-34.811658497573696],[149.045209427699746,-34.811425496548964],[149.04463643481651,-34.811182491498705],[149.044019437927631,-34.811037498445408],[149.042826453131795,-34.810843499342923],[149.041560475333455,-34.810757507235017],[149.040692487477969,-34.810648505160692],[149.040410491536704,-34.810518509135889],[149.04000949165578,-34.810048509098692],[149.039937494696034,-34.809812506090985],[149.039927485761098,-34.809302509086663],[149.040028485809302,-34.808793508091753],[149.040454465835779,-34.808065507122919],[149.041200441851373,-34.807037491179159],[149.041737423899519,-34.806001488217603],[149.042777385002381,-34.803917469291591],[149.042831376029881,-34.803631474294214],[149.042707373136665,-34.802924466278874],[149.042573372188514,-34.802670472265802],[149.042375379247289,-34.802438467247427],[149.04236937324896,-34.802432470246892],[149.042130369314009,-34.802199469225037],[149.041568379448961,-34.80179646717464],[149.041265391515878,-34.801626475147778],[149.040362404701341,-34.801230474068518],[149.038806429042126,-34.800378476930817],[149.037611444279349,-34.799920472826408],[149.036300468546273,-34.799364483711486],[149.035925474629266,-34.799152477678263],[149.035633475693714,-34.798988490652405],[149.035017488848354,-34.79849248759681],[149.034589492974305,-34.797999487557185],[149.034418491060364,-34.797515487539393],[149.034426483150582,-34.796781489535064],[149.034555477189429,-34.796313489542811],[149.034829471206137,-34.795847488562856],[149.035264458201993,-34.795354486596359],[149.035806447196506,-34.794742479638124],[149.036615419164576,-34.794019471701766],[149.0369494171496,-34.793735474728145],[149.037306364164209,-34.793186474754663],[149.037633399177508,-34.792683470778954],[149.037017239461022,-34.79115332071629],[149.036461503716652,-34.789773164659778],[149.03606139790071,-34.788779472619098],[149.034961417079074,-34.788678476525185],[149.03459041525295,-34.787731469487277],[149.033561428585301,-34.78630748039037],[149.031229470933283,-34.786335495192951],[149.031274451094333,-34.784987501187551],[149.031279310111785,-34.784841406186985],[149.031284456130265,-34.784686491186363],[149.031295448170084,-34.784353488185019],[149.026330540874852,-34.784702525766726],[149.025767549958829,-34.78470952571908],[149.025495547001668,-34.78469452869593],[149.025225552046379,-34.784662536672847],[149.024958561092859,-34.784612534649881],[149.024698561140326,-34.784545546627399],[149.02444456818904,-34.784461536605313],[149.024200569238388,-34.784360539583957],[149.023966574288096,-34.78424454556334],[149.023744573337865,-34.784113545543633],[149.023535579387527,-34.783967540524955],[149.023341573436426,-34.783809541507431],[149.023337575437523,-34.783805543507071],[149.023152577486087,-34.783639548490264],[149.022984585533436,-34.783462545474833],[149.022832584579703,-34.783274553460664],[149.022699578624156,-34.783078547448078],[149.022584580667001,-34.782873550436932],[149.022488577707719,-34.782662556427354],[149.022433584734785,-34.782511549421677],[149.022349584774076,-34.782297552413098],[149.022273580812566,-34.782080552405176],[149.022204577850061,-34.781862557397851],[149.022142574886658,-34.781643550391109],[149.022088577922318,-34.781422552385031],[149.022042575956846,-34.781200550379616],[149.022003574990464,-34.780977554374793],[149.021971575023173,-34.780753553370552],[149.021947571054653,-34.780529553366989],[149.021931572085037,-34.780304557364097],[149.021922574114541,-34.780078558361801],[149.021921571142656,-34.779853553360184],[149.021928564169627,-34.779628558359242],[149.021937565187159,-34.779476565358962],[149.022089552398313,-34.777595557359021],[149.022122542444464,-34.777184559359007],[149.024516514951898,-34.778244538569027],[149.02630048563293,-34.778647522722899],[149.030077420139691,-34.778038492038768],[149.030305418109322,-34.778006490057869],[149.030575413072597,-34.77797448908052],[149.030847406034866,-34.777948484103398],[149.031119407996272,-34.777929480126318],[149.031391400957034,-34.777915478149261],[149.031509392939626,-34.777912475159255],[149.031664397916757,-34.777908477172353],[149.03193838987562,-34.777907473195562],[149.031882392909665,-34.777701472189406],[149.0315563811088,-34.776496471153571],[149.031681371207725,-34.775550476157719],[149.031305368421584,-34.774287470117237],[149.032762342232928,-34.774039462239024],[149.033498331203617,-34.773384464296925],[149.033929327131972,-34.773438463333825],[149.035433292996402,-34.772707450456302],[149.035671282045456,-34.772025453471819],[149.036140276999078,-34.771830450510237],[149.037068260874548,-34.771708442588057],[149.036962257965286,-34.771107443574984],[149.03700025307262,-34.770199437572018],[149.037341245095178,-34.76960543959688],[149.037461232203214,-34.768592437600134],[149.037974215206873,-34.767942432639181],[149.038026209268367,-34.767385437639795],[149.037369208451111,-34.76671243057951],[149.035752230750461,-34.766263443439399],[149.034596231193007,-34.764106440326714],[149.03446822030736,-34.763342440310659],[149.03489920235171,-34.762464435341194],[149.035064191506677,-34.761019442345322],[149.035764179453821,-34.760597426401773],[149.035951168445564,-34.76043742841653],[149.036034168491568,-34.759967429420371],[149.036065157509313,-34.759787423421756],[149.036156153560199,-34.759268417425929],[149.037605128461905,-34.758305408542178],[149.03500713908528,-34.756438416309244],[149.034484147210833,-34.75606242226236],[149.033476153450778,-34.755353425172096],[149.033377021473257,-34.755292595163276],[149.033300155490679,-34.755245427156439],[149.032071170723725,-34.754859428049656],[149.03187916082129,-34.754307436029613],[149.03100416101708,-34.753792436951976],[149.030552150260348,-34.752383434904047],[149.030478592293321,-34.752207372896613],[149.030402147327607,-34.752024436888902],[149.030504138374681,-34.751522435894117],[149.030511139377978,-34.751487440894458],[149.029079155633752,-34.75116344877091],[149.028547151805668,-34.750425453720815],[149.027148165062442,-34.750053469599742],[149.026717903177087,-34.749652690560559],[149.02542616752109,-34.748449484442922],[149.025404169526894,-34.748429485440923],[149.024936169624397,-34.748211482399782],[149.024721168675313,-34.748062483380558],[149.024486178725709,-34.747941487359817],[149.024236172776114,-34.747838491337944],[149.023959177829255,-34.747746494313851],[149.023688178875034,-34.747706488290625],[149.023411183918967,-34.747688498267038],[149.023119191960745,-34.747705503242422],[149.02284219700033,-34.747722499219066],[149.022557206036907,-34.747773504195266],[149.022023214102717,-34.747890512150853],[149.022729132443402,-34.744295495186115],[149.023095097620228,-34.742430484204398],[149.025965820005922,-34.727808444347822],[149.02601381202777,-34.727574449350286],[149.025878797050268,-34.727556646338719],[149.024917651210586,-34.72742992325643],[149.023768844402127,-34.727278459158086],[149.01989788004758,-34.72676848882675],[149.019770448068869,-34.726751466815813],[149.019680880083797,-34.726739490808164],[149.012818944228115,-34.725834531220933],[149.012852944245196,-34.725655539222579],[149.01073696559979,-34.725362560041454],[149.010676951609838,-34.72535415203631],[149.010593971623791,-34.725342552029211],[149.008862977913964,-34.725101564881044],[149.003486568815106,-34.724355508420906],[149.00327102985122,-34.724325595402448],[149.00361202303705,-34.722415614418288],[149.00362535204431,-34.722340971418902],[149.003402005077078,-34.722347586400041],[149.003112997114812,-34.722393589375891],[149.002877997157867,-34.722331594355587],[149.002619000191203,-34.722376593333969],[149.002300007255087,-34.722248597306105],[149.00218600228672,-34.722131599295658],[149.002044004307464,-34.72213660128368],[149.001812007337151,-34.722178597264346],[149.001643008365903,-34.722151597249855],[149.001511013409072,-34.721963596237408],[149.001205009468606,-34.721854603210772],[149.001133010482164,-34.721832605204526],[149.001104011492231,-34.721786602201746],[149.001079010503219,-34.721728605199246],[149.001078006518753,-34.721604597198308],[149.001100003526346,-34.721516598199571],[149.001131000542017,-34.72135260220108],[149.001140000553107,-34.721252600201154],[149.001129995567027,-34.72115259819963],[149.001106994576077,-34.721107598197371],[149.001028998598088,-34.721024601190202],[149.000881002627295,-34.720968603177297],[149.000784998640142,-34.720981601169264],[149.000632000655941,-34.721039598156715],[149.000550007667243,-34.721047602149838],[149.000304008701022,-34.721073607129192],[149.000122012725768,-34.721094600113936],[148.999942014754367,-34.721082606098634],[148.999778008785569,-34.721029602084386],[148.999658015814305,-34.72094360107365],[148.999556012840429,-34.72085660606443],[148.999439013875048,-34.720719600053592],[148.999389011890713,-34.720653607048902],[148.999276010922756,-34.720532602038531],[148.999109009961245,-34.72042461302366],[148.999093009965264,-34.720411606022218],[148.998955007991583,-34.720366607010227],[148.998823012016885,-34.72032260199876],[148.998731005042259,-34.720229609990341],[148.998701002059335,-34.720128603987128],[148.998708002072789,-34.720011605986905],[148.998737001088301,-34.719851598988271],[148.99876499509341,-34.719776605990127],[148.998819998101624,-34.719643598993876],[148.998895995114481,-34.719447601998958],[148.998952988115633,-34.719369598003262],[148.99892098613384,-34.719261598999793],[148.998856992148575,-34.719220597994116],[148.998628991187445,-34.719183602974582],[148.998366989237269,-34.719099600951843],[148.998250985266111,-34.719007603941392],[148.99820898927652,-34.718974597937603],[148.998100990302675,-34.718894603927929],[148.998037990316362,-34.718860602922376],[148.99796398333433,-34.718805590915743],[148.99783198736074,-34.718752595904192],[148.997669989390431,-34.718709603890204],[148.997601988408007,-34.718650602884047],[148.997571985416812,-34.718615598881279],[148.997474985444057,-34.718513597872366],[148.997388983467175,-34.718431603864545],[148.997281988491324,-34.718366596855034],[148.997192975508938,-34.718332595847272],[148.997042989539381,-34.718268601834154],[148.996952990562136,-34.718194603826021],[148.99688898657908,-34.718135602820219],[148.996821989601045,-34.718039598813888],[148.996765981616306,-34.717984595808772],[148.9967009836339,-34.717921596802853],[148.996596982661345,-34.717826596793394],[148.996457985694008,-34.71773159578099],[148.996327980717894,-34.717696599769752],[148.996204984735641,-34.717702596759388],[148.996075983752547,-34.717722603748605],[148.995925978778729,-34.717693605735725],[148.995793983805498,-34.71763759772417],[148.995598988840385,-34.71759259870737],[148.995555987855198,-34.717525601703279],[148.995563983865026,-34.717436598703344],[148.995619981870618,-34.717323598707317],[148.995680982870653,-34.717249600711973],[148.99576498486573,-34.717187597718656],[148.995922975857241,-34.717064602731185],[148.99594697186339,-34.71698559473267],[148.995984970870836,-34.716879586735153],[148.996075972872546,-34.716755605742001],[148.996193966863501,-34.716685597751521],[148.996351966843349,-34.716656599764683],[148.996468956827357,-34.716643592774496],[148.996549964819508,-34.716608597781111],[148.996596962816426,-34.716576596784869],[148.996623962823151,-34.716489601786556],[148.996639962840845,-34.716327595786801],[148.996621953852639,-34.716254592784786],[148.996635955858011,-34.716194596785549],[148.996634960865293,-34.716136590785077],[148.996608955879736,-34.716051594782293],[148.996540954898308,-34.715984606776075],[148.996458951922023,-34.715892590768526],[148.99637095194484,-34.715815590760549],[148.996299955965327,-34.715736590754013],[148.996187950993544,-34.71564459374391],[148.996037955026395,-34.715561595730655],[148.995742958078182,-34.715501589705283],[148.9955979561079,-34.715437595692585],[148.995507957129774,-34.715370589684525],[148.995388959153871,-34.715320597674108],[148.995279957170879,-34.715315595664848],[148.995061960194221,-34.715391591646927],[148.994864949220471,-34.715418599630439],[148.994655961259724,-34.715355600612334],[148.994523966295077,-34.715230597600325],[148.994431959328239,-34.715074597591467],[148.994383957351715,-34.714943597586519],[148.994360955362737,-34.714882597584158],[148.99433682437936,-34.714777996581404],[148.994318958391659,-34.714700592579362],[148.994298960400101,-34.714656597577367],[148.994273959410805,-34.714600590574868],[148.994268356412789,-34.714591429574341],[148.994263157414764,-34.714581963573821],[148.994258379416692,-34.714572237573364],[148.994254059418523,-34.714562332572925],[148.994250231420381,-34.714552301572525],[148.994247425421861,-34.714543812572238],[148.994244951423269,-34.714535180571971],[148.994242800424701,-34.714526449571714],[148.994240944426053,-34.71451765557152],[148.994239349427403,-34.714508844571327],[148.994238013432152,-34.71447217257095],[148.994243929435953,-34.714434165571205],[148.994254310439203,-34.714395485571806],[148.994266402442179,-34.714356788572566],[148.99427741044525,-34.714318718573246],[148.994292183449573,-34.71426589357413],[148.994309008453541,-34.71421357057519],[148.994327133457261,-34.714161588576367],[148.99434583246088,-34.714109786577595],[148.994364370464524,-34.714057974578814],[148.994387864468962,-34.713993720580362],[148.99441243547318,-34.713929834582004],[148.994437238477389,-34.713866028583674],[148.994461351481704,-34.713802008585269],[148.994483950486284,-34.713737476586736],[148.99450599249127,-34.71367082958816],[148.994506826494245,-34.713645882588054],[148.99450470149776,-34.713620048587693],[148.994499789501702,-34.713594223587108],[148.994492277505941,-34.713569393586305],[148.994482354510239,-34.713546499585298],[148.994467922515184,-34.713524259583927],[148.994449528520448,-34.713503893582235],[148.994428597525967,-34.713484898580326],[148.994406581531507,-34.713466800578352],[148.994384906536993,-34.713449114576399],[148.994357333543832,-34.713427618573917],[148.994343914546931,-34.713418340572709],[148.994269234564143,-34.713370446566067],[148.99428726157285,-34.713278547566958],[148.994330727593308,-34.713060749569173],[148.994198929615237,-34.713043592557895],[148.99403193064299,-34.713022230543629],[148.994026937643838,-34.713021585543189],[148.99393183765963,-34.713009394535057],[148.993928700662423,-34.712990847534677],[148.993924630668232,-34.71294882453406],[148.993922676673719,-34.712906586533599],[148.993922022679072,-34.712864760533257],[148.993922515684488,-34.712820648532997],[148.993924800689655,-34.712776223532885],[148.993929291694428,-34.712731941532958],[148.993936355698764,-34.712688250533262],[148.993946377702571,-34.71264562753381],[148.993959706704914,-34.712610864534717],[148.99397749170646,-34.712577025535978],[148.993995921707779,-34.712543518537309],[148.994011187709674,-34.712509769538372],[148.994019460712735,-34.712475186538825],[148.994020850715572,-34.712450741538781],[148.994020240718754,-34.712425794538561],[148.994017677722212,-34.712400803538188],[148.994013230725955,-34.712376241537626],[148.994006929729835,-34.712352585536941],[148.993939923747973,-34.712287588530835],[148.993762928792421,-34.712143590514877],[148.993642927829711,-34.711988585503669],[148.993591922848054,-34.711902584498766],[148.993455919887936,-34.711745589486192],[148.993290919924647,-34.71164958447158],[148.993203923949523,-34.71155458446357],[148.993115923986437,-34.711363588454816],[148.993052925013018,-34.711225588448542],[148.992891923052753,-34.711100585434089],[148.992620923145438,-34.710681572408291],[148.99257691917191,-34.710521583403498],[148.992519917196717,-34.710390583397768],[148.99243590621964,-34.710307585390098],[148.992306914249554,-34.710222580378613],[148.992201919280348,-34.710101584368907],[148.992155915305261,-34.709956582364015],[148.99217091231526,-34.709857593364617],[148.992189907325326,-34.709753585365505],[148.992245906342447,-34.709547584368842],[148.992241908354458,-34.709455569367876],[148.992204905376411,-34.709323583363833],[148.992164907396926,-34.709206577359645],[148.992087907422899,-34.709090583352349],[148.992061902437598,-34.709003570349573],[148.992106902441122,-34.708920581352807],[148.992178901433789,-34.708892578358686],[148.992277899423129,-34.708858578366836],[148.992323894424516,-34.708791581370278],[148.992374899433088,-34.708660582373703],[148.992390891442369,-34.708566577374405],[148.992372892465767,-34.708399579371743],[148.992348895481427,-34.708302579369054],[148.992315890507172,-34.708134577365115],[148.992308889520643,-34.708034584363844],[148.992293884540516,-34.707892577361612],[148.992298886546592,-34.707837583361645],[148.992309884547154,-34.707819574362453],[148.99223688256123,-34.707794583356105],[148.99219188256987,-34.707779577352213],[148.992062890594354,-34.707738575341018],[148.991991886607735,-34.707716578334846],[148.991855894633147,-34.707676580323074],[148.99174788665394,-34.707639577313692],[148.991652895670967,-34.707617579305513],[148.991521895692387,-34.707603577294336],[148.991450891706165,-34.707578576288149],[148.991366889724588,-34.707531578280737],[148.991281893744656,-34.707472577273137],[148.991220893764535,-34.7073865772674],[148.991196896779201,-34.707297583264761],[148.991169897791309,-34.70723257626203],[148.991158889809441,-34.707099578260191],[148.991127892832679,-34.706949583256552],[148.991106889842513,-34.706895576254404],[148.991055884861765,-34.706802583249456],[148.991039892865984,-34.706787578248004],[148.990925888897664,-34.706670580237549],[148.990841887917981,-34.706608576230032],[148.990770892933824,-34.706566589223733],[148.990612892974326,-34.706431582209454],[148.990586888982079,-34.706400576207038],[148.990507889005158,-34.706310577199751],[148.990425887025395,-34.706246583192382],[148.990360889039636,-34.706210584186628],[148.990328887045308,-34.706203583183871],[148.990118896081952,-34.706162582165831],[148.989963891106214,-34.706154576152677],[148.989862893118783,-34.706175579144279],[148.98973789913299,-34.706212582133951],[148.989629901142393,-34.706267584125207],[148.989525909147744,-34.706350581116972],[148.98942290315216,-34.706439575108881],[148.989370903153684,-34.70649058010482],[148.989217914156569,-34.706652586092986],[148.989133912158792,-34.706736587086461],[148.989003916164194,-34.706850581076246],[148.988918919168526,-34.706918582069513],[148.988802916178145,-34.706981589060142],[148.98873292518519,-34.707009583054401],[148.988575920204823,-34.707041584041356],[148.988400916230404,-34.707047590026598],[148.98827793025086,-34.707031589016083],[148.988075926282932,-34.707017586998909],[148.987973934297628,-34.707022588990306],[148.987887933308201,-34.707041582983173],[148.987778930321099,-34.707069585974139],[148.987670932332406,-34.70710958296528],[148.98763593733517,-34.707129590962467],[148.987563938341651,-34.707164585956612],[148.98749894034745,-34.707196586951341],[148.987252940369672,-34.707315591931348],[148.987162941379495,-34.707345584923935],[148.987046947393821,-34.707370585914305],[148.986957944407209,-34.707370584906784],[148.986816949433091,-34.707332586894594],[148.986711953453948,-34.707291585885436],[148.986606949474066,-34.707256589876316],[148.986521952490079,-34.707230593868964],[148.986384955511767,-34.707221593857305],[148.986287956525246,-34.707230593849175],[148.986217956532528,-34.707256588843414],[148.986175959533512,-34.707299597840169],[148.986135962530483,-34.707372591837277],[148.986130960519802,-34.707464588837496],[148.986159958502697,-34.707567593840643],[148.986194963488657,-34.707638587844095],[148.986234960472331,-34.707721594848046],[148.986287964453481,-34.707809593853121],[148.986356960429305,-34.707920594859715],[148.986391964416526,-34.707981594863099],[148.986436963399711,-34.708062592867456],[148.986455967387059,-34.708141583869597],[148.986445963382465,-34.708190589869076],[148.986404962383176,-34.708234593865903],[148.986349967385848,-34.708279592861565],[148.986308966389544,-34.708299590858239],[148.986234968398549,-34.708316595852104],[148.986052972425171,-34.708322591836755],[148.985874974453537,-34.708309593821618],[148.985636979492284,-34.708285596801325],[148.985560973504448,-34.708279590794859],[148.985416976530445,-34.70824459478245],[148.985267976554212,-34.708233595769777],[148.985181984565514,-34.708246593762595],[148.985095984577327,-34.708255593755375],[148.985023985585286,-34.708278594749451],[148.984877988604012,-34.708304598737286],[148.984719990626985,-34.708310595723958],[148.984576996645416,-34.708335596712047],[148.984465996659253,-34.708358597702819],[148.98439399766832,-34.70837259969683],[148.98431899667338,-34.708422609690814],[148.984269004675099,-34.708469598686911],[148.984181999682335,-34.708516596679885],[148.984075005698031,-34.708519599670865],[148.983977002713885,-34.70851059966251],[148.983868010733119,-34.708487597653139],[148.98373400775759,-34.708452602641565],[148.983618014778131,-34.708427601631605],[148.983557014789426,-34.708410588626322],[148.98346500880632,-34.708385596618371],[148.983380012819083,-34.708385605611191],[148.983300017829777,-34.708396604604502],[148.983215021839698,-34.708419596597466],[148.983153017843676,-34.708462605592516],[148.983082023845412,-34.708534604587001],[148.983043020843326,-34.708598607584157],[148.982986027840752,-34.708688614579934],[148.98291402983844,-34.708794604574585],[148.982866027834348,-34.70888560657113],[148.982831031826862,-34.708988602568887],[148.982817029820438,-34.709057606568166],[148.982811032812009,-34.709132608568183],[148.982788040803797,-34.709226604566879],[148.982756038791365,-34.709365608565122],[148.982732033785084,-34.70944560256364],[148.982707041779548,-34.709520604562037],[148.982674045770864,-34.709630609560001],[148.982643047763617,-34.709726604558028],[148.982606044757915,-34.709817607555529],[148.982578049753187,-34.709889605553656],[148.982524050749504,-34.709984605549728],[148.982457053747964,-34.710078610544713],[148.982368059746676,-34.710196612537985],[148.982336057746778,-34.710234610535558],[148.982292053747955,-34.710278606532128],[148.982152062753272,-34.71040560752116],[148.982068061755456,-34.710489609514632],[148.981976063756605,-34.710591610507542],[148.981875066760438,-34.710683616499637],[148.98179007076476,-34.710751617492924],[148.981731069763612,-34.710832615488478],[148.98168907276434,-34.710877614485241],[148.981658075760834,-34.710943616483064],[148.981631084752991,-34.711039611481439],[148.981623079744736,-34.711115617481283],[148.981638075732064,-34.711199618483121],[148.98165607572119,-34.711265611485089],[148.981663075711339,-34.711336615486168],[148.98164807870009,-34.711445617485644],[148.981612079698067,-34.711505612483016],[148.981573085697221,-34.711559620480088],[148.981532084698898,-34.711595620476871],[148.981420088707694,-34.711660617467828],[148.981346091716574,-34.711678617461715],[148.981265083724054,-34.711716615455131],[148.981145092733385,-34.711786615445462],[148.981042095737479,-34.711878621437378],[148.981007100731574,-34.71196862043503],[148.980994102730193,-34.711995619434106],[148.980985102724503,-34.712052621433749],[148.980966098712827,-34.712169619432942],[148.98095410470782,-34.712224622432302],[148.980909105706871,-34.712286626428913],[148.980866105710248,-34.712311617425442],[148.980774108722471,-34.712324624417768],[148.980668109739412,-34.71231662840875],[148.980590105752128,-34.712308623402102],[148.980526111760639,-34.71231762339675],[148.980467110768274,-34.712327627391844],[148.980333117780475,-34.712391620380942],[148.98026011478575,-34.712437624375092],[148.98010412379557,-34.712547629362646],[148.980016124800983,-34.712610628355641],[148.97993112780523,-34.712679624348922],[148.979847126808295,-34.712756624342354],[148.979759127810723,-34.712843629335516],[148.979698136811976,-34.712907623330786],[148.979595131814449,-34.713012627322804],[148.979510134816167,-34.713101630316224],[148.979449143810371,-34.713222635311894],[148.97940414480388,-34.713329629308802],[148.979374141794466,-34.713441634307053],[148.97934914978498,-34.713548619305662],[148.97933314977945,-34.713612630304752],[148.979282152778183,-34.71368463830094],[148.979221153778667,-34.713754629296247],[148.979170148782401,-34.713786630292162],[148.979052155793653,-34.713838630282552],[148.97892416880768,-34.713880635272005],[148.978799156825261,-34.713890639261507],[148.978650167845927,-34.713904632249005],[148.978547162858547,-34.713927633240473],[148.978450163868928,-34.713961633232508],[148.978352169876445,-34.714019639224603],[148.978277167880179,-34.714080630218689],[148.978215172882443,-34.714137641213831],[148.978158179883792,-34.714195638209411],[148.97806317988568,-34.71429564020206],[148.978005182887841,-34.714348644197521],[148.977923189891214,-34.71442064319109],[148.977843186892017,-34.714511645184942],[148.97779919089291,-34.71455763918155],[148.977680194897033,-34.714668649172239],[148.977611189897885,-34.714745641166921],[148.977543197896694,-34.714837647161808],[148.977487199892693,-34.714937640157771],[148.977430188890622,-34.715023640153539],[148.977395202884964,-34.715111649151169],[148.977349199876755,-34.715233648148114],[148.977304208870635,-34.715337648145024],[148.977275210865088,-34.715417643143127],[148.97724020685942,-34.715505651140774],[148.977133212858547,-34.715642648132658],[148.977082216858264,-34.715706650128773],[148.976996215857582,-34.71581664712226],[148.976924217860187,-34.715882649116637],[148.976841219862877,-34.715961648110159],[148.976770225867881,-34.716007652104466],[148.976712228871378,-34.71604964809984],[148.976670223874606,-34.716074648096466],[148.976593232880475,-34.716120651090286],[148.976542227885062,-34.716145652086141],[148.976465226893055,-34.716174650079829],[148.976379235903352,-34.716195653072702],[148.97633224690918,-34.716205657068805],[148.976262238918707,-34.716213653062944],[148.976193242929327,-34.716211654057098],[148.976129240939315,-34.716208651051673],[148.976072247945893,-34.716224651046964],[148.976010234953151,-34.716241656041831],[148.975940244961549,-34.716258652036039],[148.975915243964067,-34.716268655033986],[148.975770243985863,-34.716268655021729],[148.975649248008665,-34.716231661011257],[148.975610246016885,-34.716212657007816],[148.975568250024651,-34.71620065400419],[148.975462252043485,-34.716177652995086],[148.975386255055128,-34.71617566298864],[148.975319250064587,-34.716180655983031],[148.975207254076082,-34.716223655973856],[148.975159261076982,-34.716274660970136],[148.975109260077943,-34.716327655966275],[148.975077259067604,-34.716449655964411],[148.975052267058004,-34.716557662963027],[148.975025268049563,-34.716658659961432],[148.974982267038285,-34.716801661958776],[148.974947272031272,-34.716900659956487],[148.974887276023679,-34.717034662952344],[148.974821275021441,-34.717132665947432],[148.974775280021902,-34.717184665943897],[148.974673280027957,-34.717259666935782],[148.974555278037911,-34.717322665926247],[148.974488282043609,-34.717357660920833],[148.974389275054051,-34.717393660912713],[148.97424528706992,-34.717440667900853],[148.974042299094691,-34.717486661884024],[148.973972299103508,-34.717500662878194],[148.97384229512042,-34.717521665867352],[148.973744301134559,-34.717526667859097],[148.97366930014644,-34.717521665852729],[148.973553307166753,-34.717498663842782],[148.973431307187809,-34.717476666832304],[148.973359309199878,-34.717466671826159],[148.973288306212794,-34.717448671820044],[148.973177314233965,-34.717412672810418],[148.973098315248421,-34.717391669803597],[148.972983317273787,-34.71732667179343],[148.972918310286389,-34.717303670787771],[148.972859319298749,-34.717275666782605],[148.972793317312522,-34.717244669776818],[148.972720315329326,-34.717197671770336],[148.97266831534148,-34.717162675765699],[148.972568322365333,-34.717091672756752],[148.97249932738174,-34.717042665750597],[148.972435315397064,-34.716996671744866],[148.972351323417143,-34.716936666737354],[148.972258322439558,-34.716868666729049],[148.972202325453907,-34.716820672723983],[148.972094327482523,-34.716720670714182],[148.972057324495438,-34.716661669710646],[148.972026327506399,-34.716610673707677],[148.972008318515208,-34.716561667705825],[148.97197532252747,-34.716502666702624],[148.971950322537424,-34.716452665700174],[148.971917325549327,-34.716396667696998],[148.971895319558598,-34.716348665694817],[148.971853323568979,-34.716315669691049],[148.971775319586783,-34.716266672684128],[148.97169732360112,-34.716245669677377],[148.971583329616919,-34.716256668667825],[148.971521325623144,-34.716281668662752],[148.971459331627841,-34.716318672657785],[148.971407331632321,-34.716345671653571],[148.971335332640194,-34.716369668647644],[148.971242331649194,-34.716409674640062],[148.971178338655733,-34.716434674634826],[148.971143334659132,-34.716449671631949],[148.97106933666754,-34.716471686625859],[148.970986339676443,-34.716500676619049],[148.970908344684773,-34.71652768461265],[148.97085034769114,-34.716546679607873],[148.970757346702186,-34.71657067660017],[148.970673345711219,-34.716599674593283],[148.970586350718122,-34.716649675586275],[148.970509350722836,-34.716704678580143],[148.970430360727676,-34.71676168057386],[148.970347353733359,-34.71681668356721],[148.970253357737448,-34.716897681559836],[148.970172359743316,-34.716948677553333],[148.970103364749093,-34.716985672547764],[148.970031365755574,-34.717020685541918],[148.96996937175993,-34.717060682536953],[148.969872371769043,-34.717104686529048],[148.96979136477816,-34.717129687522366],[148.969729378785701,-34.717143689517243],[148.969592372802964,-34.717170688505853],[148.969484374819473,-34.717168689496695],[148.969384380834498,-34.717168690488251],[148.96925338085623,-34.717152689477082],[148.969153378873585,-34.717133685468497],[148.969074378887569,-34.717116690461701],[148.969009380899195,-34.717101693456108],[148.968911377914935,-34.717093688447783],[148.968782385934105,-34.7170956964369],[148.968670389949693,-34.717105691427506],[148.968582389961568,-34.717116690420141],[148.968398394981051,-34.717182692405054],[148.968334391986957,-34.717212695399851],[148.968228392996792,-34.717261701391223],[148.968183394000476,-34.7172867013876],[148.968103399010801,-34.717300694380931],[148.968070394015513,-34.717302702378156],[148.967945400030345,-34.717334695367818],[148.967883405036929,-34.717356701362732],[148.967800398044716,-34.717394700355975],[148.967700405052085,-34.717456704347953],[148.967619406056286,-34.717520707341542],[148.967540406062625,-34.717565706335179],[148.96742540707595,-34.717597698325662],[148.967267408095353,-34.717632703312567],[148.967134418112863,-34.717652711301469],[148.966983420129651,-34.717700704289044],[148.96683341614613,-34.717749710276706],[148.96675241715397,-34.717784714270095],[148.966682427161913,-34.717805708264329],[148.966498423180013,-34.717882709249324],[148.966341427195204,-34.717950710236515],[148.966141431215846,-34.718026716220137],[148.966013434227079,-34.718091713209766],[148.96588743723882,-34.718149719199509],[148.965777439248683,-34.718203719190598],[148.96565244526289,-34.718240722180276],[148.96551244627986,-34.718273718168696],[148.965346450305645,-34.718266727154621],[148.965186452333313,-34.718237728140899],[148.965041450358115,-34.7182137231285],[148.964978451370769,-34.718187728122992],[148.964856451399527,-34.718103726112126],[148.964786452417997,-34.718039724105772],[148.964684450443144,-34.717960724096621],[148.964616449462795,-34.717884719090343],[148.964530449485778,-34.717803729082533],[148.964469449504691,-34.717724730076853],[148.964404451525837,-34.71763273307073],[148.964358448541731,-34.717560725066356],[148.964314452559478,-34.717470727062022],[148.964267445579566,-34.717365732057331],[148.964234449594414,-34.717285728054009],[148.964208444608772,-34.717201727051211],[148.96418343562317,-34.71711572604854],[148.964167443637592,-34.717018727046522],[148.964131444654129,-34.716928729042849],[148.964096439670897,-34.716835728039271],[148.964060440688712,-34.716735726035544],[148.964030437707351,-34.71662173103222],[148.964016436722858,-34.716513724030321],[148.963993443742794,-34.716380725027463],[148.963939435767657,-34.716245728021974],[148.963879439791867,-34.716122724016067],[148.963813437820249,-34.715973725009476],[148.963754436841299,-34.715875731003827],[148.963690433865423,-34.715758723997631],[148.96366344288225,-34.715655727994651],[148.963618434907687,-34.715504729989824],[148.963590431926264,-34.715388726986646],[148.963574430938337,-34.715310722984768],[148.963560428953599,-34.715204723982872],[148.963533429967441,-34.715125723980044],[148.96351642498314,-34.715019724977878],[148.963494426999688,-34.714912712975291],[148.963478427015104,-34.714807726973227],[148.96345142702981,-34.714721726970367],[148.96342242003999,-34.714674728967594],[148.963334420061898,-34.714604728959685],[148.963259427077503,-34.714569724953101],[148.963105426106864,-34.714519723939759],[148.96303042412211,-34.714487731933218],[148.962888426149647,-34.714437730920878],[148.962765431173352,-34.714395725910201],[148.962683428188285,-34.714374731903121],[148.962564440210485,-34.71433971889283],[148.962479434230318,-34.714282734885266],[148.962412428251668,-34.714191732878987],[148.962336432269552,-34.714139732872212],[148.962213437290018,-34.714123731861704],[148.962095435309493,-34.714109730851646],[148.961991443325019,-34.714110734842876],[148.961867435345511,-34.714095737832295],[148.961771440362071,-34.714078733824074],[148.9616554373832,-34.714048739814068],[148.961546444406792,-34.713990733804486],[148.961464441426187,-34.713933741797163],[148.961406444441963,-34.713876739791878],[148.96136044145706,-34.713810737787547],[148.96130743747355,-34.713741741782592],[148.96124944049626,-34.713628741776915],[148.961221436507316,-34.713573739774176],[148.96120043451927,-34.713502735771918],[148.961166433533521,-34.713428737768538],[148.961151436546089,-34.713345740766712],[148.961149437557253,-34.713257741765936],[148.96114443657126,-34.713150738764782],[148.961135436587995,-34.713026739763173],[148.961128435605389,-34.712894735761687],[148.961135427621798,-34.712753732761321],[148.961138430636197,-34.712633731760761],[148.961153427647361,-34.712525733761275],[148.961152423663947,-34.712392735760297],[148.961168423678146,-34.712258732760738],[148.961167419695158,-34.712122731759713],[148.96118641471358,-34.711950730760144],[148.961193424727526,-34.711829734759917],[148.961217412744986,-34.711659732760779],[148.961214409758071,-34.711557731759832],[148.961213414774448,-34.711426732758845],[148.961214409789051,-34.711307726758122],[148.961210411801261,-34.711213730757144],[148.961199403812117,-34.711139732755697],[148.961170405831069,-34.711021730752449],[148.961135400845222,-34.710949732749008],[148.961088402863197,-34.710861732744448],[148.961033390882903,-34.710769726739159],[148.960979400900413,-34.710693730734079],[148.960920399918194,-34.710621731728608],[148.960854406935539,-34.710561726722624],[148.960790403951506,-34.710510730716877],[148.9607364049659,-34.710459734711968],[148.96067440098065,-34.71041573070643],[148.96062640799309,-34.710373734702088],[148.960571405007073,-34.710327731697127],[148.960525410018477,-34.710291732692994],[148.960477408030755,-34.710250730688664],[148.960429406043914,-34.71020272868428],[148.960393407052919,-34.710173730681049],[148.960309405073446,-34.710109736673523],[148.960223404094307,-34.710045734665819],[148.960142406113306,-34.7099907316586],[148.960064410129746,-34.709952732651757],[148.960029406137835,-34.709929731648643],[148.95995141015527,-34.709883737641732],[148.95982941017968,-34.709834740631109],[148.959736919204005,-34.709750568622717],[148.95964040422939,-34.709662739613954],[148.959636899230304,-34.70965983561365],[148.959633547231135,-34.709656760613342],[148.959630373232017,-34.709653542613061],[148.959627415232887,-34.709650199612781],[148.959624690233738,-34.709646784612517],[148.959622413234456,-34.70964350361232],[148.959620361235181,-34.709640114612121],[148.95961847823591,-34.709636645611923],[148.959616694236587,-34.709633131611767],[148.959614991237316,-34.709629609611596],[148.959612643238302,-34.70962446361137],[148.95961049123926,-34.709619246611148],[148.959608546240219,-34.709613966610945],[148.959606816241148,-34.709608642610753],[148.959605498241956,-34.709603694610621],[148.959579458254012,-34.709537817607966],[148.959560293265639,-34.709467083605865],[148.95954045527742,-34.709396025603688],[148.959512452289914,-34.709329163600877],[148.959442506313735,-34.709221909594248],[148.959358271338999,-34.709120061586432],[148.959266265365102,-34.709021072577997],[148.959173030391327,-34.708922405569439],[148.959085111417039,-34.708821525561333],[148.95898132644885,-34.708690364551678],[148.958879827480558,-34.708557948542186],[148.958779475512102,-34.708424905532816],[148.958679132543665,-34.70829184452343],[148.958577677575306,-34.708159393513959],[148.958484640605548,-34.708028339505212],[148.958396381635623,-34.707892562496824],[148.9583052266658,-34.707759411488219],[148.958203520696316,-34.707636237478795],[148.958083591727473,-34.707530373467954],[148.957976534752106,-34.707461297458437],[148.957860074777273,-34.707399732448174],[148.957737025802516,-34.707345097437411],[148.957610211827557,-34.707296835426384],[148.957482447852016,-34.707254346415304],[148.95735356387587,-34.707218383404168],[148.957221031899394,-34.707189062392786],[148.95708613192258,-34.707165576381222],[148.956950165945329,-34.70714708336962],[148.956814415967528,-34.70713275035807],[148.956812210967826,-34.70713255335788],[148.956810013968209,-34.707132347357692],[148.956803398969271,-34.707131755357118],[148.950326476055295,-34.706223797804114],[148.945866523803005,-34.705599826423423],[148.945739790824291,-34.705581719412599],[148.945635530841798,-34.705566830403704],[148.939017578951308,-34.704639875838957],[148.939036223960017,-34.704547179839892],[148.939053577968082,-34.704460873840766],[148.938007562266193,-34.703321874744752],[148.940108550963345,-34.703216861921277],[148.940837513056522,-34.701577850971603],[148.940848511058249,-34.701550851972343],[148.946041422493636,-34.699805806398629],[148.947148412273577,-34.700239797495023],[148.946687386572137,-34.698386799443462],[148.94709336563335,-34.697398789470967],[148.944261365281506,-34.695599808219697],[148.944716351313332,-34.694789796252564],[148.944751346330236,-34.694610795254292],[148.944458349379062,-34.694571801229316],[148.944716324508562,-34.693211796241798],[148.944733320517258,-34.693120794242617],[148.944679312535868,-34.693035798237467],[148.944619316557265,-34.692935795231712],[148.94455531358355,-34.692800798225406],[148.944494313605077,-34.692700796219555],[148.944427308629258,-34.69258678321313],[148.94438031064945,-34.692480793208446],[148.94429931167474,-34.692374794200887],[148.944229302697607,-34.692274792194297],[148.944179301717242,-34.692176798189415],[148.944135306739412,-34.69205080018483],[148.944064302763252,-34.691944792178113],[148.943966299792066,-34.691830806169072],[148.943871299822746,-34.691697790160148],[148.943756300854915,-34.691577798149623],[148.943679299875981,-34.691500797142602],[148.943541299907992,-34.69140979513034],[148.943431302932993,-34.691340799120582],[148.943348295952546,-34.691283797113179],[148.943226295980793,-34.691203803102347],[148.943041298019978,-34.691111797086101],[148.942944298040743,-34.691061805077574],[148.942774296074901,-34.690991805062765],[148.942633311104856,-34.690920801050375],[148.942523296132066,-34.690834801040502],[148.942375300166788,-34.690733804027325],[148.942313297182295,-34.690683803021756],[148.9422222942041,-34.690617801013623],[148.942101298228238,-34.69056980800309],[148.941974288251629,-34.69053480299214],[148.941893298264404,-34.690529809985271],[148.94176530128172,-34.690545810974569],[148.941691303294903,-34.690528805968214],[148.941572307319575,-34.690473811957808],[148.94152830233358,-34.690413807953661],[148.941475307351823,-34.690330809948641],[148.941409297369319,-34.690269809942642],[148.941418296373797,-34.690222811943094],[148.943505058499341,-34.67858576203971],[148.943519247507254,-34.678504584040361],[148.943537049517175,-34.678402762041159],[148.944254982904226,-34.674400740074411],[148.944527955051768,-34.67287573508704],[148.945710828690039,-34.666276694141779],[148.94659474914269,-34.661541658184035],[148.946679744178198,-34.661151653188554],[148.946702413187609,-34.661047904189758],[148.94672474219692,-34.660945652190939],[148.946879734261159,-34.660237649199182],[148.947384681526927,-34.657474635222918],[148.947417686544242,-34.657294630224477],[148.94872457223164,-34.650146579285952],[148.949470550624483,-34.646062549320995],[148.947627565144245,-34.644093547151968],[148.947691273152031,-34.643953000156401],[148.947763560160894,-34.643793549161416],[148.94840855013129,-34.64325053721214],[148.949640537007184,-34.642759525312769],[148.950366536754757,-34.643921526381995],[148.953925496322768,-34.643098487676809],[148.954367507314686,-34.642627474710906],[148.954272501457893,-34.641584470695754],[148.9545424904436,-34.641372462717108],[148.955348487310005,-34.641475459785852],[148.960021456535202,-34.64207542218454],[148.960562446830266,-34.639032409209427],[148.96057746283816,-34.638950487210145],[148.960595435847608,-34.638852403210976],[148.960811441811757,-34.638880398229418],[148.965181406086884,-34.639444370602355],[148.965397295189092,-34.638356071613146],[148.965419454185422,-34.638358966615051],[148.965668572143898,-34.638392975636322],[148.965941149099052,-34.638425067659561],[148.966214659054685,-34.638452219682854],[148.966488697010845,-34.638474351706158],[148.966762860967634,-34.638491464729434],[148.967035921925287,-34.638502982752577],[148.96730959288351,-34.638509069775751],[148.967583541842316,-34.638510423798884],[148.967857445801513,-34.638507797822008],[148.968130982761267,-34.638501881845087],[148.968313157734826,-34.638495014860425],[148.968495216708732,-34.638485271875737],[148.968677239682762,-34.638474478891041],[148.968859280656744,-34.638464349906357],[148.969041456630379,-34.638456685921689],[148.969220494603064,-34.638460450936854],[148.96940414857383,-34.638474165952452],[148.969585580545328,-34.638484662967862],[148.969757948520197,-34.638478772982381],[148.969790900516216,-34.638471305985107],[148.9698661985054,-34.63846762199146],[148.969943593495231,-34.63845596899791],[148.970020065486096,-34.638437091004249],[148.970092548478362,-34.638411759010197],[148.970157949472394,-34.638380717015501],[148.970192506469743,-34.63836002801829],[148.970225655467658,-34.638337107020924],[148.970257136465989,-34.638312384023436],[148.970286718464791,-34.638286245025739],[148.970314192464002,-34.638259067027874],[148.97036469646514,-34.638188654031659],[148.97039908247001,-34.638107566034016],[148.970423859477108,-34.638020266035504],[148.970445552484875,-34.637931263036734],[148.970470715491786,-34.637845038038272],[148.970502681498516,-34.637751624040334],[148.970533544505486,-34.637657906042307],[148.970563279512646,-34.637563919044169],[148.970591883520029,-34.637469734045943],[148.970619340527577,-34.637375325047614],[148.972931290264,-34.636704309238382],[148.975741244748832,-34.637464305481046],[148.978015204484649,-34.63684430366898],[148.978148768469509,-34.636805085680002],[148.978250196457964,-34.636775298688377],[148.978594148766234,-34.633867283697562],[148.97976309089043,-34.631447269779834],[148.978459085254599,-34.630083274660265],[148.97900406723096,-34.629614270703136],[148.97948103831709,-34.628340257734749],[148.980519988391023,-34.626484248809867],[148.98126096940112,-34.625505248865807],[148.981299931603473,-34.623822234857599],[148.981308930650755,-34.623429236855671],[148.981343904830823,-34.621931230848382],[148.980213909017607,-34.621789231751904],[148.980349900091312,-34.6210292297582],[148.9816288589995,-34.6202222218608],[148.98080986823166,-34.619337224785497],[148.979665860555741,-34.61810221968036],[148.979032864734904,-34.617420212622186],[148.978989863904218,-34.616103205609541],[148.979118855916226,-34.615850196618716],[148.979282852910899,-34.615694196631509],[148.979294854077693,-34.614331186623211],[148.979468846116305,-34.613808183634333],[148.979527847144311,-34.613510184637278],[148.980192843109904,-34.612983174689887],[148.980925831085244,-34.612295162747145],[148.981014825089716,-34.612151164753676],[148.981067829105143,-34.611962159756871],[148.981147824120882,-34.611738158762101],[148.981123827173292,-34.611343160757365],[148.981122823176321,-34.611320158757124],[148.981231825251513,-34.610580154761273],[148.981496820241404,-34.610341139782051],[148.981746817231652,-34.610117147801652],[148.982252809212298,-34.6096611418413],[148.98256080420893,-34.609315131864967],[148.982552807294468,-34.60863313485963],[148.98255284329457,-34.608632542859624],[148.982564801315192,-34.60845112985939],[148.982580802344103,-34.608198129859019],[148.982594803368954,-34.607980125858717],[148.982628803427644,-34.607464122858048],[148.982504803569157,-34.606470115840779],[148.982509796579649,-34.606379157840564],[148.982514798590159,-34.606288110840389],[148.982601793637116,-34.605803105844416],[148.982840792813533,-34.604087094852879],[148.982805778866606,-34.603700091847273],[148.982804785025422,-34.602417076838407],[148.982943781073459,-34.60186007284635],[148.983157780116755,-34.601251068860265],[148.983457779127349,-34.600802062882565],[148.983950774115044,-34.600305055920842],[148.984222769123392,-34.599908058941118],[148.984367772174153,-34.599322047949371],[148.984460765279948,-34.598354035950599],[148.984593764314695,-34.597912030958824],[148.984905758417113,-34.59670602597695],[148.985142757574522,-34.595146004986319],[148.985094756729552,-34.593949994974082],[148.984773755957264,-34.59249698593699],[148.984708749003346,-34.592202984929486],[148.984669756030655,-34.592028984925001],[148.984094759264792,-34.590830972868183],[148.983887753368691,-34.590240971846647],[148.983371753627125,-34.588774960792996],[148.983218743807726,-34.58749895077132],[148.983177730945528,-34.586433945760561],[148.983528714988552,-34.585660943784951],[148.983568631993364,-34.585573544787721],[148.983607723998091,-34.585487946790444],[148.983751703015969,-34.585168944800429],[148.984884679014016,-34.583813937886951],[148.985686636132129,-34.581887920941575],[148.986159617175105,-34.580967916975254],[148.986860605198473,-34.579930915027454],[148.988075560199178,-34.578454909120069],[148.988286543279798,-34.577547904131691],[148.988422533357209,-34.576756901137792],[148.988447491677817,-34.574132895121934],[148.988779478774262,-34.572950894141904],[148.988737463859906,-34.572308893133965],[148.98830844320949,-34.56999890008187],[148.988438428279409,-34.56927590108792],[148.989521378444181,-34.566632896161394],[148.989941365483844,-34.565803906191235],[148.99037535450438,-34.565112899223223],[148.990533332647942,-34.5637599012273],[148.990340307878967,-34.562123902199779],[148.990515280113527,-34.560013904200126],[148.990527686129923,-34.559866070200172],[148.990537277142636,-34.559751905200194],[148.990567279183722,-34.559382902200198],[148.990576754195644,-34.559275020200261],[148.990583270203842,-34.559200897200313],[148.990658262271211,-34.558564902202292],[148.991511213490128,-34.555761888255233],[148.991136193779909,-34.553869877210566],[148.991916173751946,-34.553152874271618],[148.992315157790472,-34.552358871299923],[148.992205148946852,-34.551225867282859],[148.99104515915991,-34.550903871182562],[148.990600160319389,-34.55015086913977],[148.989541166557757,-34.54950186704577],[148.988698177743686,-34.54901586597115],[148.988880161904859,-34.547490848976082],[148.989815602817743,-34.547065087052275],[148.989939134806235,-34.547008856062341],[148.990649114740137,-34.54668585612017],[148.991781079751291,-34.545226842205906],[148.993898040439461,-34.545191838384696],[148.99441902549168,-34.544139824421563],[148.995055008475873,-34.543498819470969],[148.996182970521687,-34.541764815554494],[148.99624496559025,-34.541134808555441],[148.996726948659244,-34.539993800588391],[148.996742949661552,-34.539955801589485],[148.997066942696307,-34.539282794612276],[148.997468915911924,-34.537051781631],[148.997210907114351,-34.535724770600083],[148.996111917342262,-34.535207782503576],[148.994801916633435,-34.534433778387466],[148.994262931773363,-34.533951785338566],[148.994559916885038,-34.532688777355027],[148.993788927031119,-34.532437777288116],[148.993466906334817,-34.530367777246688],[148.993465882492785,-34.529089772237839],[148.992822895649653,-34.528596771180069],[148.993279873753067,-34.527206768209204],[148.993316903758256,-34.52712019421174],[148.9933538707634,-34.527033763214284],[148.993772853773947,-34.526441762245653],[148.99455482372818,-34.525867743307856],[148.995030795890273,-34.523979746335179],[148.996395764806124,-34.523011742444012],[148.997166734878704,-34.521492730498828],[148.997990721749602,-34.521542740568862],[148.998536706744318,-34.520925721610823],[148.999835684643898,-34.520169716715543],[149.000289654740669,-34.518837712744812],[149.000436633887944,-34.517467709747869],[149.00046063988907,-34.517429711749635],[149.001202613851461,-34.516837783808363],[149.003654554727319,-34.514881697002416],[149.003714550722833,-34.514845697007246],[149.00472852963324,-34.514346700089632],[149.005552510636562,-34.513324699152363],[149.005938485778358,-34.511710699173946],[149.005835767806786,-34.511604476164543],[149.005733488835119,-34.511498701155155],[149.005749417835688,-34.511474696156341],[149.005765400836253,-34.511450717157537],[149.005781428836826,-34.511426774158735],[149.005797509837407,-34.511402868159919],[149.005813644837929,-34.511378996161127],[149.005829744838479,-34.511355009162315],[149.005845780839081,-34.511330994163515],[149.005861925839611,-34.511307034164709],[149.005878338840091,-34.511283288165941],[149.005895208840457,-34.511259874167202],[149.005916937841619,-34.5112245741688],[149.005959014844166,-34.511153033171865],[149.006002471846386,-34.511082567175059],[149.006049998847629,-34.511015256178624],[149.006129016847694,-34.510919360184658],[149.006213860846401,-34.510827246191205],[149.006303554843868,-34.51073927319819],[149.006397147840232,-34.510655774205546],[149.006493689835565,-34.510577106213169],[149.006600244829173,-34.510499845221659],[149.006711837821371,-34.510428644230608],[149.006826952812418,-34.510362176239916],[149.006944103802766,-34.510299115249396],[149.007061773792714,-34.510238142258927],[149.007174602782499,-34.510184564268108],[149.00728991577131,-34.510135809277529],[149.007406034759839,-34.510088622287036],[149.007521284748691,-34.510039769296462],[149.007634006738556,-34.509986003305627],[149.007709456732158,-34.50994673131175],[149.007784556725909,-34.509906546317822],[149.00785885071997,-34.50986490832382],[149.007931844714477,-34.509821307329702],[149.00800306270952,-34.509775197335422],[149.0080385787073,-34.509750564338262],[149.008073654705214,-34.509725267341054],[149.008108389703182,-34.509699478343819],[149.008142874701292,-34.50967334834656],[149.008177215699391,-34.509647047349283],[149.008227404697323,-34.509603303353224],[149.008275738696057,-34.509555247356992],[149.008324269694612,-34.50950840236078],[149.008375059691957,-34.509468270364799],[149.008430160687226,-34.509440383369274],[149.008488408680392,-34.509425296374097],[149.008551291671921,-34.509417785379362],[149.008615750662329,-34.509417820384819],[149.008678695652009,-34.509425359390207],[149.008737015641458,-34.509440383395244],[149.008764256635885,-34.509452493397639],[149.008790377630078,-34.50946806339995],[149.008816149624209,-34.509484593402235],[149.008842324618428,-34.509499616404561],[149.008869708612991,-34.509510642406958],[149.008907268606237,-34.5095199834102],[149.0089475345994,-34.509526508413657],[149.0089880965931,-34.509528767417102],[149.009026551587795,-34.509525334420324],[149.009060453584027,-34.509514765423134],[149.009086484582383,-34.509496927425211],[149.009109181582033,-34.509472142426972],[149.009130058582485,-34.509443457428524],[149.009150631583054,-34.509413939430075],[149.009172413583201,-34.509386643431718],[149.009264267582182,-34.509283943438803],[149.009311418581319,-34.509233709442455],[149.009360657579862,-34.509186155446287],[149.009412917577436,-34.509142760450409],[149.009490419572046,-34.509092956456634],[149.009574358564606,-34.509051704463459],[149.009661793556091,-34.509015104470613],[149.009749935547376,-34.508979230477827],[149.009835873539373,-34.50894021948482],[149.009931994531343,-34.508889258492609],[149.010026904523812,-34.50883551050029],[149.010121851516288,-34.508782022507951],[149.010218097508101,-34.508731860515752],[149.010316880498806,-34.508688071523807],[149.010368217493692,-34.508667866528022],[149.010419948488391,-34.508648172532276],[149.010472145482879,-34.508629894536561],[149.010524844476947,-34.508613956540898],[149.010578117470601,-34.50860126354533],[149.010632878463383,-34.508593294549918],[149.010688464455569,-34.508589619554584],[149.010744453447444,-34.508587844559315],[149.010800424439338,-34.508585630564035],[149.010855946431718,-34.508580592568705],[149.010967763417028,-34.508564313578063],[149.011079920402864,-34.508543777587413],[149.011190912389537,-34.508517754596625],[149.011299206377458,-34.508484973605576],[149.011403304366951,-34.508444187614103],[149.011464098361103,-34.50841803961908],[149.011526120355228,-34.508390860624139],[149.011585936350059,-34.508360633628996],[149.011640142346323,-34.508325342633327],[149.011685275344831,-34.50828297063687],[149.011720047346614,-34.508226694639433],[149.011743209351266,-34.508160773640938],[149.011760178357548,-34.508089509641891],[149.011776376364026,-34.508017205642766],[149.011797227369499,-34.507948156644048],[149.011811910372188,-34.507908822645021],[149.01182656637485,-34.507869425645993],[149.011841787377421,-34.507830271647016],[149.011858092379754,-34.507791654648138],[149.01187601138173,-34.507753880649382],[149.011909734384602,-34.507690074651805],[149.011946836386869,-34.507626806654507],[149.011987810388291,-34.507566093657566],[149.012033150388447,-34.507509952661017],[149.01208333938709,-34.507460399664922],[149.012131610384415,-34.507423763668754],[149.012184211380514,-34.507391824672993],[149.012239635375778,-34.507363292677496],[149.012296350370576,-34.507336965682114],[149.012352877365288,-34.507311597686723],[149.012408830359817,-34.507288102691305],[149.012465868353956,-34.507267010695983],[149.012523542347765,-34.507247334700722],[149.012581395341556,-34.507228070705487],[149.012638989335414,-34.507208251710246],[149.012679327330972,-34.507195109713571],[149.012720229326362,-34.507183026716945],[149.012760872321905,-34.50717047672029],[149.012800421317792,-34.50715595572354],[149.012838034314399,-34.507137973726607],[149.012901221310045,-34.507097088731669],[149.012961934307185,-34.507046612736467],[149.013017179306104,-34.506988875740745],[149.013063953306897,-34.506926226744277],[149.01309927130967,-34.506861031746823],[149.013111077312459,-34.506824072747577],[149.013118069316249,-34.506784917747893],[149.013123725320327,-34.506745225748098],[149.01313150632393,-34.506706662748492],[149.013144880326337,-34.506670896749377],[149.013164681327481,-34.506637720750831],[149.013188543327828,-34.506606247752629],[149.013215346327513,-34.506576478754702],[149.013244013326727,-34.506548412756935],[149.013273423325586,-34.506522084759226],[149.013309665323675,-34.50649378576211],[149.013348559321003,-34.506468345765228],[149.013389238317814,-34.506445075768532],[149.013430831314309,-34.506423265771886],[149.013472459310691,-34.506402209775274],[149.013531335305203,-34.506375819780061],[149.01359215529888,-34.506353346785069],[149.013653809292265,-34.506332478790142],[149.013715177285803,-34.506310946795189],[149.013775164279849,-34.506286466800105],[149.013821489275216,-34.506268278803894],[149.013870800269984,-34.506251085807961],[149.013918094265279,-34.50623224381183],[149.013958378262146,-34.506209098815091],[149.013986642261614,-34.506178987817279],[149.013999962263767,-34.506145740818177],[149.014005690267624,-34.506107571818397],[149.014006416272565,-34.506066597818176],[149.014004731277936,-34.506024941817749],[149.014003225283147,-34.505984720817345],[149.013998223289889,-34.505936386816593],[149.013987709297453,-34.505887766815363],[149.013976360305122,-34.505839333814073],[149.013968920312095,-34.505791582813117],[149.01397005031771,-34.505744970812891],[149.013979444322132,-34.505697828813368],[149.013993993326011,-34.505648921814263],[149.014013794328889,-34.505602093815604],[149.014038956330126,-34.50556117281748],[149.014069568329433,-34.505530040819842],[149.01407904332882,-34.505523613820593],[149.014089002328035,-34.505517849821409],[149.014099194327201,-34.50551239982223],[149.014109386326339,-34.505506922823059],[149.014119327325574,-34.505501095823853],[149.014173890322439,-34.505460793828199],[149.014224223320753,-34.505413777832139],[149.014272163319873,-34.505362934835851],[149.014319519319173,-34.505311158839497],[149.014368122318103,-34.50526134584328],[149.014411956316451,-34.505221885846709],[149.014457394314405,-34.505183528850303],[149.014502061312555,-34.505144660853816],[149.014543592311441,-34.505103632857058],[149.014579600311635,-34.505058812859787],[149.014602897312727,-34.505021809861503],[149.014623738314413,-34.504982914862993],[149.014642473316599,-34.504942675864321],[149.014659442319129,-34.504901656865478],[149.014674977321874,-34.504860404866506],[149.01469345132594,-34.504805141867692],[149.014709246330625,-34.504748488868636],[149.014722011335834,-34.50469094886931],[149.014731432341563,-34.504633014869732],[149.014737169347853,-34.504575188869815],[149.014736999355108,-34.504516859869398],[149.014731064363218,-34.504458199868495],[149.014722728371737,-34.504399359867392],[149.014715351380119,-34.504340484866354],[149.014712285387816,-34.504281707865701],[149.014715969394246,-34.504225288865619],[149.014724082400051,-34.504168689865914],[149.014732840405713,-34.504112189866269],[149.014738460411792,-34.504056075866366],[149.014737160418832,-34.504000632865868],[149.014722298429234,-34.50393447886416],[149.014696563441078,-34.503869678861534],[149.014666238453572,-34.503805298858538],[149.014637589465849,-34.503740408855656],[149.014616909477127,-34.503674084853451],[149.014604082488802,-34.503594851851823],[149.014597977499733,-34.503514068850755],[149.014596203510052,-34.503432406850038],[149.014596391520115,-34.503350484849499],[149.014596167530243,-34.503268993848913],[149.014596023534438,-34.50323510084867],[149.014596337538592,-34.503201189848482],[149.014596732542742,-34.503167287848264],[149.014596803546908,-34.503133395848046],[149.01459616755119,-34.503099520847748],[149.014593343558545,-34.503043226847133],[149.014588960566158,-34.502986959846368],[149.014583492573934,-34.502930746845522],[149.014577433581735,-34.502874569844629],[149.014571283589618,-34.502818445843722],[149.01456231959952,-34.502748930842486],[149.014551545609692,-34.502679566841095],[149.014540699619914,-34.502610230839707],[149.014531502629808,-34.502540831838459],[149.014525666639258,-34.502471226837478],[149.014523613647896,-34.502404408836838],[149.014523945656066,-34.502337393836413],[149.014526123664041,-34.502270325836136],[149.014529646671804,-34.502203292835979],[149.014533967679426,-34.502136412835895],[149.014538126684954,-34.502086752835886],[149.014543388690299,-34.502037172836012],[149.014549071695541,-34.501987619836143],[149.014554450700871,-34.501938039836269],[149.014558833706332,-34.501888397836296],[149.014564902715051,-34.501810706836267],[149.014570684723793,-34.501732737836228],[149.014574691732832,-34.501654760836033],[149.014575381742361,-34.501577042835557],[149.014571267752473,-34.50149984483469],[149.014559623766814,-34.501397771832998],[149.01454223378218,-34.501294632830813],[149.014517815798371,-34.501192926828047],[149.01448507081534,-34.501095156824618],[149.014442715832899,-34.501003822820401],[149.014419014841337,-34.500964256818108],[149.014392768850001,-34.500926078815638],[149.014365105858701,-34.500888671813023],[149.014337147867508,-34.500851408810419],[149.014310022876202,-34.50081368880786],[149.014280468886056,-34.500769612805058],[149.014251523895865,-34.500725079802301],[149.01422243590568,-34.500680662799532],[149.014192424915535,-34.500636972796691],[149.014160736925504,-34.500594608793719],[149.014122129936851,-34.50054921579013],[149.014081074948336,-34.500505766786361],[149.014039015959867,-34.500463098782511],[149.013997368971445,-34.500420071778692],[149.013957551982827,-34.500375538775018],[149.013904645999048,-34.50030805777007],[149.013854914015184,-34.500237914765371],[149.013806348031153,-34.50016679476078],[149.013756912047256,-34.500096373756115],[149.01370460706346,-34.50002832875122],[149.013678585071148,-34.499997312748796],[149.013652060078869,-34.499966709746339],[149.01359848309437,-34.499905952741393],[149.013571905102111,-34.499875385738932],[149.013544690110166,-34.499842998736405],[149.013517825118214,-34.499810279733914],[149.013490888126256,-34.499777624731401],[149.01346345013431,-34.49974546172885],[149.013435070142378,-34.499714177726254],[149.013409433149491,-34.499687688723903],[149.013383204156639,-34.499661720721491],[149.013356527163751,-34.49963620871906],[149.013329546170894,-34.499611011716603],[149.013302376178046,-34.499586046714128],[149.013268815186905,-34.499554547711078],[149.013235290195894,-34.499522680708004],[149.013201128204742,-34.499491683704925],[149.013165658213609,-34.499462792701713],[149.013128215222366,-34.49943723669837],[149.013058009237199,-34.499401783692171],[149.012981359251938,-34.499374927685508],[149.01290083526635,-34.499355458678551],[149.012819004280175,-34.499342182671541],[149.012738427293215,-34.499333899664663],[149.012688937300766,-34.499332456660461],[149.012639187307911,-34.499334536656264],[149.012589302314922,-34.499338167652056],[149.01253941832195,-34.499341376647862],[149.012489623329287,-34.499342174643658],[149.012403892342519,-34.499338463636377],[149.012318062356172,-34.499331238629054],[149.012232385370254,-34.49932092062172],[149.012147119384537,-34.499307896614425],[149.012062527399081,-34.499292576607161],[149.011992814410888,-34.499280914601172],[149.011921550422869,-34.499269934595063],[149.011851569434981,-34.499256111589048],[149.011785657447319,-34.499235898583336],[149.011726638459834,-34.499205770578122],[149.01169054046872,-34.499177480574879],[149.011657562477723,-34.499144447571865],[149.011626439486776,-34.499108610568982],[149.011595979495837,-34.499071911566155],[149.011564919504877,-34.499036306563276],[149.011521301517149,-34.498989461559269],[149.011477655529461,-34.498942543555252],[149.011434646541716,-34.498895088551293],[149.01139300855391,-34.498846584547429],[149.011353442566019,-34.498796556543731],[149.011332582572606,-34.498768248541765],[149.011312234579208,-34.498739545539848],[149.011292361585731,-34.498710484537973],[149.011272927592245,-34.498681136536135],[149.011253906598739,-34.498651555534316],[149.011240218603461,-34.498630024533007],[149.011226601608143,-34.498608403531698],[149.011213281612839,-34.498586629530429],[149.011200489617437,-34.498564560529189],[149.011188451622019,-34.498542132528023],[149.011177470626393,-34.49851999152694],[149.011167045630714,-34.49849752852591],[149.011157193634972,-34.498474795524899],[149.011147925639193,-34.498451829523972],[149.011142779641688,-34.498438070523441],[149.011139265643351,-34.498428675523073],[149.011126268652959,-34.49836669052155],[149.011146266658244,-34.498299684522799],[149.01118525967243,-34.498137678524969],[149.011279264678933,-34.497971683531787],[149.011407260680841,-34.497801681541461],[149.01156024867646,-34.497652682553394],[149.011699251674031,-34.497504678564141],[149.011783243682714,-34.497332686570076],[149.011881246686556,-34.497183678577343],[149.011923242697208,-34.497046682579963],[149.011952240711281,-34.496897674581398],[149.011952240728192,-34.496760678580458],[149.012008238736883,-34.496622677584249],[149.012106231740546,-34.496474673591536],[149.012162229749265,-34.496336673595323],[149.012191227761832,-34.496199676596838],[149.012233223772512,-34.496062680599451],[149.012289221782595,-34.495913672603187],[149.012373222786977,-34.495776676609346],[149.012484213791652,-34.495604675617564],[149.012568214798875,-34.495444677623588],[149.012652206807616,-34.495272677629529],[149.01273620781339,-34.495124672635598],[149.012834201815707,-34.494987676642971],[149.012904200823669,-34.494838677647863],[149.012946196834463,-34.494700677650471],[149.012975194849901,-34.494540661651847],[149.012976198871002,-34.494368669650726],[149.013004192883727,-34.494231673652166],[149.013074200890344,-34.494093673657147],[149.013130180898912,-34.493956677660947],[149.013186186911838,-34.493784685664508],[149.013215185924423,-34.493647671666025],[149.013215184941458,-34.493509662665083],[149.013244183955436,-34.493361676666517],[149.013342176959213,-34.493212667673795],[149.013439175961707,-34.493075671681069],[149.013537168964007,-34.492938675688414],[149.013703172950471,-34.492847673701853],[149.0138701619355,-34.492767669715434],[149.014064158917819,-34.492676667731232],[149.014148159922229,-34.492539671737411],[149.014273152922016,-34.492390663746967],[149.014440150914055,-34.49225366676017],[149.014550147880612,-34.492391667770434],[149.014618148853458,-34.492529667777134],[149.014701145821192,-34.492690669785262],[149.014686149806522,-34.492827665784937],[149.014852143788659,-34.4927716677986],[149.014992141786223,-34.492622659809442],[149.015200132773515,-34.492474664826034],[149.015366137748629,-34.492475660840086],[149.015546133730197,-34.492407659854869],[149.015713132720919,-34.492281662868145],[149.015880131714312,-34.492133659881262],[149.016033119712745,-34.491961658893032],[149.016213116698538,-34.491859658907579],[149.016394117688492,-34.491722662921958],[149.016492111692259,-34.491573663929238],[149.016562110701614,-34.491413657934068],[149.01664611271022,-34.491242660939996],[149.016812107699565,-34.491128657953276],[149.016993098678284,-34.491082654968281],[149.017173104662703,-34.49099166198291],[149.017354096655367,-34.490832659997146],[149.017437093660106,-34.490694660003236],[149.017549089660292,-34.490557655011756],[149.017716088652321,-34.490420659024963],[149.017882084627473,-34.490421654039025],[149.018061086586584,-34.490536653054974],[149.018227081554699,-34.49059465906943],[149.018421079542719,-34.490457655084917],[149.018519074547896,-34.490297657092107],[149.018617077551568,-34.490149653099401],[149.018700074557614,-34.490000654105415],[149.018784067562052,-34.489863649111584],[149.018910065561641,-34.489714650121229],[149.019021066562033,-34.489577654129697],[149.019105058566453,-34.489440658135855],[149.01925805556192,-34.4892926551478],[149.0194660565422,-34.489201653164784],[149.019577057542705,-34.48906365317324],[149.019620048553207,-34.488926657175945],[149.01963405056955,-34.488777658176105],[149.01960705059048,-34.488640652172883],[149.01955305161556,-34.488502652167362],[149.019484046644237,-34.488353653160502],[149.019457046665195,-34.488216656157277],[149.019424050686865,-34.488080655153546],[149.019440042696971,-34.487979658154202],[149.019479044700574,-34.487903653156998],[149.019509046704485,-34.48783565215907],[149.01953804570573,-34.487790653161213],[149.01956705270706,-34.487744659163354],[149.019609040706428,-34.487699651166601],[149.01965204070558,-34.48765465216993],[149.01970803869844,-34.487644657174613],[149.019749039692215,-34.487645652178088],[149.01981803568043,-34.487657655184009],[149.019900038665156,-34.487682656191126],[149.019968039650706,-34.487717651197123],[149.020009040644453,-34.487718655200602],[149.020065038640212,-34.487685650205108],[149.020121036634578,-34.487663653209708],[149.020178038631656,-34.487618654214231],[149.020165032637777,-34.487584653212899],[149.02012703365628,-34.487480653208962],[149.020073034668798,-34.487444654204147],[149.020005033683219,-34.487409650198146],[149.019980032695486,-34.487340645195552],[149.019981036699619,-34.487305650195395],[149.019996033701631,-34.48727164919643],[149.020025032702847,-34.487226650198586],[149.020096035702011,-34.48714765120404],[149.020138032697162,-34.487136652207532],[149.020180028692096,-34.487126658211025],[149.020291029679669,-34.487093652220203],[149.020332031673433,-34.487094656223675],[149.02037402766706,-34.487095652227232],[149.020415028660835,-34.487096656230712],[149.020457025655901,-34.487085648234199],[149.020527024650903,-34.487041653239835],[149.020569021647503,-34.487018660243223],[149.020599023649964,-34.486962654245374],[149.020628022654194,-34.486893649247357],[149.02066002366621,-34.486757648249132],[149.020733017669386,-34.486643653254525],[149.020762016671995,-34.486587655256606],[149.02077702167395,-34.486553655257644],[149.020821017675814,-34.4864856552609],[149.020865021679128,-34.486405651264086],[149.020909016683675,-34.486315653267191],[149.020954015691075,-34.486201649270228],[149.020998011694246,-34.486122650273416],[149.020999024698426,-34.486087655273238],[149.020960012714255,-34.486006647269399],[149.020934008722463,-34.485971652266954],[149.020894010732746,-34.485936648263326],[149.020827013752722,-34.485855649257097],[149.020843014758753,-34.48578764825799],[149.02085901576487,-34.485718644258867],[149.020889008767455,-34.485661651261012],[149.020931023765286,-34.485628655264343],[149.020987003761007,-34.485595650268856],[149.021029008757608,-34.485572648272253],[149.021072008753919,-34.485550651275751],[149.021127011748433,-34.485528653280262],[149.021169994744753,-34.485506656283739],[149.021225006739257,-34.485484649288253],[149.021281004733538,-34.48546365629285],[149.021323000730092,-34.485440654296248],[149.021339001736123,-34.485372654297144],[149.021299004746396,-34.485337658293517],[149.02123100376096,-34.485301650287511],[149.021205007770533,-34.485255656284984],[149.021333004765268,-34.485143651295047],[149.021375000761793,-34.48512165429846],[149.021430999754756,-34.485110655303139],[149.021485993746495,-34.4851116503078],[149.021540996738167,-34.485112654312466],[149.02158399673732,-34.485067646315798],[149.021613004740004,-34.485010653317872],[149.021613999744091,-34.484976653317709],[149.02149599778312,-34.484802653306538],[149.021483994793442,-34.484733648305024],[149.021484998797519,-34.48469964830489],[149.021486997802896,-34.484653654304743],[149.021487992808403,-34.484607651304522],[149.021616993807243,-34.484461655314433],[149.021672991804451,-34.484416647318866],[149.021715991800789,-34.484394649322347],[149.021756992796043,-34.484383650325761],[149.021839990784883,-34.484373647332717],[149.02188198677851,-34.484374651336289],[149.021949987766789,-34.484387649342125],[149.021991993760395,-34.48438865334569],[149.022101990743749,-34.484390652355025],[149.022198989730555,-34.484380648363171],[149.022295989718685,-34.484359655371236],[149.022365980712351,-34.484326650376943],[149.022407985710288,-34.484292649380258],[149.022410979710372,-34.484288651380474],[149.022437979711384,-34.4842476503825],[149.022471343711885,-34.484203422385015],[149.022480970712024,-34.484190648385749],[149.022495572712728,-34.484167566386816],[149.022523979714009,-34.484122648388919],[149.022533983713515,-34.484114652389707],[149.022566980711673,-34.484089651392345],[149.022607972705458,-34.48409064739581],[149.022662975697131,-34.484091651400476],[149.022731980685393,-34.484103644406417],[149.022785979674353,-34.484127650411153],[149.022869981665934,-34.484094645418033],[149.022870976669992,-34.484060645417877],[149.02283097868164,-34.484014650414181],[149.02279098169339,-34.48396764341048],[149.022750975705179,-34.483920645406762],[149.022729927710998,-34.483898647404828],[149.022684991723509,-34.48385165840071],[149.022657973731867,-34.483816645398171],[149.022645979737973,-34.48378164939691],[149.022632972745583,-34.483735646395495],[149.022633976749631,-34.483701646395346],[149.02266297575099,-34.483655643397498],[149.022691973752245,-34.483610644399633],[149.022747972743787,-34.483611648404377],[149.022788973737534,-34.483612643407866],[149.022856974724448,-34.483636649413789],[149.022924975709856,-34.483672648419798],[149.023239979655159,-34.483735647446913],[149.023322967642684,-34.483736642453955],[149.023377971634375,-34.483737647458618],[149.023460968621777,-34.483739646465658],[149.023529964612862,-34.483728647471423],[149.023655962599378,-34.483685647481792],[149.023711960596614,-34.483640648486237],[149.02376996659774,-34.483561640490606],[149.023812975599697,-34.483493648493784],[149.023814965605084,-34.483447645493648],[149.023815960609141,-34.483413645493492],[149.023802963615424,-34.483378649492153],[149.023790960621398,-34.483344640490898],[149.023710965646302,-34.483239645483394],[149.02368496065435,-34.483205644480961],[149.023562960679953,-34.48314564847022],[149.023507966689607,-34.483133654465476],[149.023452963700805,-34.483109649460651],[149.023398964710424,-34.483096642455983],[149.023302969727695,-34.483072645447699],[149.023247965738847,-34.483048649442878],[149.023180968753252,-34.483012658436948],[149.023153969761609,-34.482977645434438],[149.023127964771192,-34.4829316424319],[149.023128968775239,-34.482897650431759],[149.023157967776598,-34.482851647433904],[149.023200967777086,-34.482795649437158],[149.023243958774884,-34.482761649440569],[149.023299966769287,-34.482739643445157],[149.023355964764988,-34.482706646449671],[149.02339796076015,-34.482695648453159],[149.023508961747524,-34.482663646462349],[149.02356395574057,-34.482653643466932],[149.023635954739603,-34.482574643472468],[149.023665957743503,-34.482506643474558],[149.023666952747703,-34.482471647474405],[149.023627958764848,-34.482379641470459],[149.023547954785442,-34.482309641463203],[149.023492960796602,-34.482285636458386],[149.023438952808959,-34.482250649453583],[149.023398955819232,-34.482215645449948],[149.023358957829657,-34.482179645446308],[149.023318960839958,-34.482144650442677],[149.023291960848155,-34.48211065044017],[149.023251954859887,-34.482063643436469],[149.023225959868114,-34.482028647434007],[149.023212961874293,-34.481994647432685],[149.023136955898195,-34.481892646425536],[149.023136955898309,-34.481891651425535],[149.023115952905783,-34.481856646423516],[149.023088962926806,-34.481718655420273],[149.023075955948485,-34.481558648418087],[149.022883956011157,-34.481282647399929],[149.022815955043939,-34.481099647392917],[149.022719959075289,-34.480961647383836],[149.022761956087407,-34.480812648386383],[149.022955946065565,-34.480755646402407],[149.023134948026041,-34.480859646418281],[149.023286949986385,-34.480997647432105],[149.023452945963015,-34.480986649446088],[149.023466955977852,-34.480849643446341],[149.023453940999673,-34.480688641444125],[149.023399941024621,-34.480551654438621],[149.023344947049878,-34.480413644432993],[149.023359944064708,-34.480275644433334],[149.023429944071182,-34.48013864843832],[149.023595939042139,-34.480173643452616],[149.02371894300677,-34.480311644463981],[149.023884937979091,-34.48033564147822],[149.023926934989902,-34.480197641480821],[149.023996933996386,-34.48006064448581],[149.024108930999489,-34.479900647494205],[149.024205930001955,-34.479763641501478],[149.024289931007814,-34.47961464250757],[149.02434592901642,-34.479477646511377],[149.024346924033324,-34.479339646510503],[149.024402922041872,-34.479202641514313],[149.024514927049267,-34.479007638522468],[149.024680914032984,-34.478939638536055],[149.024846918008137,-34.478940642550128],[149.025178908955724,-34.478964639578415],[149.025372906928197,-34.478953641594771],[149.025538911904846,-34.478942643608761],[149.025704906887029,-34.478886636622434],[149.025899909872066,-34.478772641638173],[149.025983901876486,-34.478635636644327],[149.025983901894904,-34.478486637643314],[149.025970894913883,-34.478348637641275],[149.025943894934954,-34.478210636638032],[149.025916895957408,-34.478061637634717],[149.025972893967321,-34.477913642638455],[149.02607089696977,-34.477775642645803],[149.026181888970171,-34.477638637654266],[149.026321888969107,-34.47747863966503],[149.02644688296877,-34.477330635674598],[149.026613881963641,-34.47717063868766],[149.026710880968949,-34.477010640694779],[149.02679487297624,-34.476850633700792],[149.026864872982856,-34.47671263370578],[149.026920870991432,-34.47657563770958],[149.026949870004046,-34.476438640711095],[149.026963871019007,-34.476300640711329],[149.026895870046189,-34.476162640704622],[149.026799866078875,-34.476013640695477],[149.026675867114392,-34.475875640684023],[149.026759868118802,-34.475738635690206],[149.026967869114628,-34.475521635706322],[149.027175860094928,-34.47543063372332],[149.027356861077863,-34.47535063973811],[149.027536858059449,-34.475282639752884],[149.027730856040307,-34.475203640768783],[149.027896852024014,-34.47513563978238],[149.02807785200693,-34.475055636797151],[149.02824384799348,-34.474964634810604],[149.02841084697846,-34.474884631824203],[149.028590842955765,-34.474851635839215],[149.028756838932395,-34.474840637853205],[149.0289228339077,-34.47484063786726],[149.029088846884321,-34.47482963088126],[149.029259834860227,-34.474818631895673],[149.029293835855924,-34.474812634898512],[149.029325827852404,-34.474802631901156],[149.029445828841659,-34.474744634910927],[149.02948782483827,-34.474721632914324],[149.029597830831904,-34.474640634923091],[149.02965382883059,-34.47458362392743],[149.029791820821401,-34.474491627938498],[149.029847818820116,-34.474434634942853],[149.029860824823885,-34.47438864094363],[149.029874817826141,-34.474353626944584],[149.02994481782423,-34.474284631950042],[149.029985818822297,-34.474250631953289],[149.030027814818908,-34.474227629956687],[149.030110821815043,-34.474158634963246],[149.030220818807209,-34.474089629972084],[149.030303815802029,-34.474031633978719],[149.030331819802029,-34.473997633980872],[149.030359813802221,-34.473962628982996],[149.030442810799769,-34.473882634989479],[149.030470805799894,-34.473847630991614],[149.030511806797989,-34.47381363099484],[149.030567804798125,-34.473744625999117],[149.030650801795815,-34.473663628005582],[149.0306918037939,-34.473629628008837],[149.030747800789811,-34.473595628013349],[149.030802803787282,-34.473549643017698],[149.030843805784002,-34.47352663302101],[149.030927797778673,-34.473468627027742],[149.030954788778871,-34.473434627029775],[149.031010794776194,-34.473388633034212],[149.031037794777831,-34.473342621036181],[149.031065797779377,-34.473296627038238],[149.031079799783015,-34.473250633039108],[149.031093792785242,-34.473215620040044],[149.031107793788806,-34.473169635040925],[149.031121795796707,-34.47308863604156],[149.031121795800914,-34.473054627041314],[149.031107793808673,-34.473008633039825],[149.031079799820048,-34.472950627037044],[149.031038797831826,-34.472904632033263],[149.031024796838238,-34.47286962803183],[149.031038797841831,-34.472823634032707],[149.031038797851863,-34.472742627032147],[149.031052790865431,-34.472615634032465],[149.031080793866977,-34.472569631034517],[149.03109379186921,-34.472535631035399],[149.031121785872244,-34.472477634037368],[149.031176788872557,-34.472408630041542],[149.031246788869169,-34.472351628047086],[149.031273796869471,-34.472316633049132],[149.031301782869491,-34.472282633051272],[149.031315784871765,-34.472247628052216],[149.031329794875347,-34.472201634053093],[149.031343787877603,-34.472166630054033],[149.031343787894656,-34.472028630053089],[149.031315783913158,-34.471912636049922],[149.031274782927767,-34.471843631045985],[149.031246778936236,-34.47180863604337],[149.03121977994445,-34.471774635040845],[149.031149779964892,-34.471693628034359],[149.031122771973202,-34.471658632031819],[149.031067785989961,-34.471589636026692],[149.031039782999926,-34.471542629023986],[149.031025781006207,-34.471508629022573],[149.030997787021846,-34.471415636019572],[149.03099877302742,-34.471369633019329],[149.030998773031627,-34.471335633019102],[149.031011779038181,-34.471266628019741],[149.031011779042501,-34.471231633019492],[149.031039783048328,-34.47115063502131],[149.031053784056184,-34.471070631021945],[149.031067777062702,-34.471000632022651],[149.031081779066312,-34.47095462902351],[149.031095780068426,-34.47092062802448],[149.031109782076328,-34.470839630025104],[149.031123775079948,-34.470793636025967],[149.031136772082363,-34.470758632026829],[149.031164776085234,-34.470701621028823],[149.031178777088826,-34.470655636029683],[149.031192779091043,-34.470620632030638],[149.031206772094663,-34.470574638031508],[149.031211774098495,-34.470537634031672],[149.031219770101615,-34.470502630032108],[149.031231772103155,-34.47047563103294],[149.031311767110168,-34.470322634038673],[149.03139576811455,-34.470185629044842],[149.031506769117811,-34.470025631053169],[149.031590761125216,-34.46986463005917],[149.031632757137231,-34.469716634061704],[149.031661756151294,-34.469567635063143],[149.031606762176551,-34.469429634057541],[149.031552763201631,-34.469291634052013],[149.031594759212339,-34.469154628054639],[149.031691758216283,-34.46900562906184],[149.031789752219964,-34.468857634069124],[149.031845750228683,-34.468719634072926],[149.031860747243371,-34.468582628073243],[149.031778744292382,-34.46828462906425],[149.031668747325796,-34.468146628053987],[149.031600756357307,-34.467973632047034],[149.031587740376153,-34.467836626044992],[149.031615743390375,-34.467687627046331],[149.031713737395563,-34.467527629053556],[149.031893734387069,-34.467379625067778],[149.032033725384622,-34.467230626078631],[149.032102729392761,-34.467081627083452],[149.032034728419944,-34.466943627076738],[149.031993727442966,-34.466806621072323],[149.03203572345376,-34.466668620074941],[149.032175714451199,-34.466520626085781],[149.032300716451005,-34.466371618095359],[149.032370698458863,-34.466223623100262],[149.032343708479942,-34.46608562209704],[149.032219709515431,-34.46594762108559],[149.032040707559133,-34.465809619069468],[149.032041711575999,-34.465671619068601],[149.032194708571552,-34.465523615080549],[149.032360703549557,-34.465501618094457],[149.032526698523355,-34.465513613108612],[149.032691698495938,-34.465536615122751],[149.032858697472449,-34.465525608136822],[149.03303869446114,-34.465400615151225],[149.033122686465532,-34.465263618157387],[149.033247680465337,-34.46511461116696],[149.03333168148535,-34.464851617172272],[149.033360679498088,-34.464713616173789],[149.033360670514952,-34.464576611172845],[149.033334675538754,-34.464415608169539],[149.033320673557768,-34.464278612167419],[149.033321668574644,-34.464140611166563],[149.033350675588707,-34.463991612167995],[149.033406655605859,-34.463785620171315],[149.033407659625453,-34.463625604170304],[149.033352656650692,-34.463487603164694],[149.033284655677846,-34.463349611157987],[149.033215660705167,-34.463211610151198],[149.033189655730297,-34.463039609147806],[149.033106658761056,-34.462890600139744],[149.032969652801341,-34.462729606127034],[149.032942662822251,-34.462592601123802],[149.032943657839155,-34.462454600122946],[149.03295764985549,-34.462305601123106],[149.032916648878654,-34.462167600118683],[149.032903650898959,-34.462018601116561],[149.032890643917824,-34.461881604114524],[149.032877646936782,-34.461743603112481],[149.032919642947462,-34.46160659811509],[149.033003643953379,-34.461457608121187],[149.033114635953751,-34.461320594129653],[149.033295636939442,-34.461218593144288],[149.033448624935062,-34.461069595156225],[149.033587619934167,-34.460909597166903],[149.033740616935347,-34.460715590178538],[149.033851608935748,-34.460578594187005],[149.033977615936777,-34.460418596196583],[149.034088607937207,-34.460281600205057],[149.034199607937694,-34.460143591213523],[149.034311603937965,-34.460006595222048],[149.034450599935582,-34.459858591232823],[149.034548593939377,-34.459709592240102],[149.03461758894602,-34.459572587244999],[149.034632585962214,-34.459423588245265],[149.034591584986742,-34.459274588240767],[149.034495590018025,-34.459136587231683],[149.034358584056974,-34.458986583219037],[149.034275587086228,-34.458849586211066],[149.03422158811415,-34.458688584205383],[149.034180586137296,-34.45855058320096],[149.034250586143799,-34.45841358720596],[149.034375579143614,-34.458264579215523],[149.034556562133503,-34.458128578229925],[149.034722566127186,-34.457979580242977],[149.034834562127458,-34.457842584251516],[149.034931570129913,-34.457705579258814],[149.035043557131672,-34.457556580267273],[149.035182552129271,-34.45740857627802],[149.035335549124909,-34.457259577289982],[149.035474544123986,-34.457099589300661],[149.035585545124377,-34.45696257530912],[149.035614544138468,-34.456813576310559],[149.035601528157343,-34.456676579308507],[149.035532541184637,-34.456538578301725],[149.035436537216015,-34.456400577292634],[149.035340542250168,-34.456239574283394],[149.035258539279283,-34.456102577275509],[149.035203536304493,-34.455964577269896],[149.035218533324951,-34.455780573269919],[149.035246527339126,-34.455632569271273],[149.03520553536228,-34.455494568266836],[149.035192528381231,-34.455356567264786],[149.03524852639265,-34.455196569268445],[149.035401523388174,-34.455048566280396],[149.035554520385176,-34.454888569292258],[149.035666516385419,-34.454751573300811],[149.035777508387326,-34.454602565309187],[149.035847508393857,-34.454465569314181],[149.035917507400455,-34.454327569319169],[149.036028499400857,-34.454190565327636],[149.036154497403288,-34.454019569337134],[149.036320492395475,-34.453882564350273],[149.036501483381272,-34.453779569364897],[149.036584490385849,-34.45364256437098],[149.036530482410939,-34.453504564365474],[149.036364487442683,-34.45344757035101],[149.03618548648214,-34.453343569335118],[149.036089490513461,-34.453205568326027],[149.03599249154496,-34.453067568316868],[149.035883489599456,-34.452757566305515],[149.035898486614144,-34.452620552305831],[149.035912479629104,-34.452482561306077],[149.03596947263901,-34.452333562309875],[149.036052478644962,-34.452185567315894],[149.036136471650849,-34.452036560321986],[149.036303470644299,-34.451888565335132],[149.036483466637264,-34.451728559349284],[149.036484461654197,-34.451590559348425],[149.036360463689618,-34.451452558336968],[149.036306464714613,-34.451315562331445],[149.036320466729563,-34.451177562331694],[149.036349455742169,-34.451040565333201],[149.036391451754326,-34.450891558335748],[149.036419455767202,-34.450753557337173],[149.03643445278189,-34.450616561337498],[149.036462446797486,-34.450456564338779],[149.036491445810213,-34.450318563340289],[149.036519448824464,-34.450169555341645],[149.036575446833041,-34.450032550345441],[149.036645437839553,-34.449895554350441],[149.036743440843424,-34.449746556357724],[149.036909435836975,-34.449598561370763],[149.037118430831356,-34.449392561387064],[149.037271427826852,-34.449244558399016],[149.037355420834245,-34.449083556405022],[149.037438417840178,-34.448935553411054],[149.037494415848897,-34.448797561414843],[149.037523414861482,-34.448660556416364],[149.037523414878507,-34.448522556415426],[149.037510407898878,-34.448373557413291],[149.037483407921286,-34.44822456740998],[149.037526408931825,-34.448087553412684],[149.037609405936422,-34.447950557418778],[149.037748400934106,-34.447801558429539],[149.037915399921928,-34.447699558442977],[149.03808139490576,-34.447630545456583],[149.038248393889319,-34.447562545470269],[149.038414388874372,-34.447483555483799],[149.038788374845552,-34.447266557514006],[149.038955373833289,-34.447164556527461],[149.039163382817947,-34.447038550544235],[149.039330363811388,-34.446890556557371],[149.03949635880079,-34.446776553570643],[149.039677358787941,-34.446662550585202],[149.039830355783437,-34.446514555597162],[149.039983353779121,-34.446365548609123],[149.040094345780886,-34.446217553617494],[149.04020534678142,-34.446079553625957],[149.040344341780525,-34.445919547636642],[149.04053933476834,-34.445783546652251],[149.040705329753536,-34.445703552665755],[149.040871324734383,-34.445658554679518],[149.041051321713297,-34.445612542694455],[149.041217325682851,-34.445659550708861],[149.041341323647345,-34.445797551720325],[149.041423326618087,-34.445935551728212],[149.041478320593001,-34.446072548733817],[149.041532327566443,-34.446222551739424],[149.04161532553718,-34.446359548747409],[149.041697327506483,-34.446509551755391],[149.041807324473069,-34.446647552765661],[149.041986317429405,-34.446785553781773],[149.042165318395604,-34.446843551797357],[149.042331322363736,-34.446901557811813],[149.04249732632772,-34.446993555826538],[149.042676318291086,-34.44707455484226],[149.042856315257154,-34.447132552857909],[149.043021315229765,-34.447155554872054],[149.043201312201518,-34.447167557887404],[149.043381308174617,-34.447168553902664],[149.043547303149808,-34.447169558916755],[149.043713298130825,-34.447123555930503],[149.043893294113815,-34.447044556945229],[149.044060293100216,-34.446953546958746],[149.044227292093808,-34.446804556971898],[149.044324282096312,-34.446667551979175],[149.044366288106971,-34.446530555981802],[149.044353281125979,-34.446392554979745],[149.044396281145026,-34.446186553981967],[149.044438278155695,-34.44604954898459],[149.044535277159639,-34.445900549991791],[149.044688283155324,-34.445751552003749],[149.044855264147316,-34.445615551016971],[149.044966265147821,-34.445477551025434],[149.04502226315779,-34.445329547029161],[149.045078261167873,-34.445180548032887],[149.045134259176621,-34.445042547036685],[149.04517725019133,-34.444871551039157],[149.045247249202191,-34.444699550043914],[149.045344249204675,-34.444562545051191],[149.045428241211937,-34.444402547057223],[149.04549824121861,-34.444264546062207],[149.04558224222302,-34.444127550068394],[149.045651237231198,-34.443978542073204],[149.04572122823771,-34.443841546078204],[149.04581923125275,-34.443601544084864],[149.045903224258694,-34.443452536090966],[149.045945229269364,-34.443315540093586],[149.045974218282112,-34.443177539095103],[149.046016223292781,-34.443040543097716],[149.046113213295286,-34.442903538105007],[149.04618321330193,-34.442765537109992],[149.046267205307714,-34.442617542116089],[149.046337205317201,-34.442456540120915],[149.046434204319723,-34.442319544128189],[149.046601203307461,-34.442217543141666],[149.046767197288489,-34.442171540155435],[149.046947194262941,-34.442161537170612],[149.047113197235461,-34.44218453818484],[149.047292189193115,-34.442311540200912],[149.047388193161822,-34.442449541209989],[149.047456194134639,-34.44258754121671],[149.047636190093669,-34.442702540232766],[149.047801190057783,-34.44279453724738],[149.047967185024589,-34.442863533261928],[149.048132183992863,-34.442921539276313],[149.048519175928078,-34.442980541309538],[149.048685179903345,-34.442980541323614],[149.0488651758765,-34.442981536338891],[149.049045172851095,-34.442970537354071],[149.049211166831981,-34.442925538367845],[149.049391163810782,-34.442880531382798],[149.049557157790304,-34.442846521396639],[149.049751155769854,-34.44277852141262],[149.049918154752078,-34.442721537426401],[149.050126145733714,-34.442619536443331],[149.05029214871746,-34.442551536456939],[149.050472145704788,-34.442437532471423],[149.050639134699736,-34.442277534484496],[149.050792131695374,-34.442128517496428],[149.05093112669303,-34.44198053150722],[149.050904127714091,-34.441842531503973],[149.050822124744684,-34.441693532495989],[149.050753129773369,-34.441544532489118],[149.050712127796487,-34.441406532484685],[149.050741126809129,-34.441269527486213],[149.050852117809626,-34.441131526494672],[149.051018112791894,-34.441075529508367],[149.051185110774099,-34.441018527522147],[149.051351105766372,-34.440881522535271],[149.051352118783257,-34.440743521534415],[149.051325109804196,-34.440606525531187],[149.051256105831527,-34.440468524524398],[149.051243107851832,-34.440319525522263],[149.051272096864494,-34.440182529523781],[149.051383097869234,-34.440010537532011],[149.05152209286689,-34.439862524542789],[149.051661087865938,-34.439702526553475],[149.05177309286637,-34.439564526562023],[149.051884084868163,-34.439416513570428],[149.051982078871958,-34.439267523577712],[149.052093079873771,-34.4391195195861],[149.052260077865895,-34.438982522599332],[149.052426072853905,-34.438879517612691],[149.052675064829543,-34.438777517633127],[149.052842062808878,-34.438743516647051],[149.053008057786968,-34.43872151966098],[149.053187058760329,-34.438721519676164],[149.053353053731342,-34.438756515690478],[149.053519056699514,-34.438814521704963],[149.05368404766358,-34.438906518719584],[149.053836049623953,-34.439044519733422],[149.054166057523702,-34.439458521764266],[149.054262051492429,-34.439596521773339],[149.054399048437972,-34.439872513786867],[149.054481050405997,-34.440032520794915],[149.054577045371843,-34.440193522804165],[149.054659047339754,-34.440354515812224],[149.054714050314516,-34.440492516817841],[149.054769053289419,-34.440629521823446],[149.054809051266403,-34.440767522827798],[149.054836050245342,-34.440905522831024],[149.054946047193624,-34.441191518842317],[149.055014048163628,-34.4413525208492],[149.055165055124121,-34.441490520862949],[149.055345051093013,-34.441525507878453],[149.055511046071103,-34.441503518892382],[149.055678044060357,-34.441389515905776],[149.055858040049173,-34.44126351792017],[149.056025039038417,-34.441149514933556],[149.056191034017957,-34.441115514947406],[149.056357027995972,-34.441093516961338],[149.056523022978354,-34.441036514975025],[149.056689025960594,-34.44098051798872],[149.056869021943754,-34.440900514003445],[149.057036011930165,-34.440809512016983],[149.057175006927906,-34.440660513027751],[149.057245005935783,-34.440512518032662],[149.057287001946634,-34.440374518035284],[149.05730300199096,-34.43999651603405],[149.057220005020326,-34.439858516026057],[149.057110000055104,-34.439709516015704],[149.057014005086444,-34.439571516006616],[149.056946004113598,-34.439433514999905],[149.056877008140759,-34.439296509993113],[149.056905998153553,-34.439158508994616],[149.056974994160214,-34.439021512999531],[149.057141992150974,-34.438895515012824],[149.057307996130362,-34.438862510026695],[149.057528984101708,-34.438828510045198],[149.057708980076342,-34.438817512060382],[149.057902978057342,-34.438737508076294],[149.057986980061798,-34.438600512082488],[149.057973973080635,-34.438463506080431],[149.057835973119722,-34.438313512067701],[149.057509981191515,-34.438124506038747],[149.057301981236549,-34.438010511020323],[149.057177983276205,-34.437838501008628],[149.057162986313926,-34.437551510005378],[149.057171977341142,-34.437320509004557],[149.057229974350207,-34.437177506008489],[149.057311967353911,-34.437048506014555],[149.057473964348787,-34.436895509027259],[149.057640962340628,-34.436760512040493],[149.05777996733778,-34.43661650505129],[149.057843960345792,-34.436474507055756],[149.05784895335421,-34.436400509055666],[149.057828955367825,-34.436314509053389],[149.0576979554167,-34.436076506040621],[149.057572944463573,-34.435847503028441],[149.057313958547525,-34.435479505003947],[149.057182958598162,-34.435227508991112],[149.057160952625878,-34.435029503987884],[149.057217945641383,-34.434835505991387],[149.057322949644089,-34.434687510999282],[149.057433940642397,-34.434567510007874],[149.057498938649161,-34.434434503012476],[149.057517942662031,-34.434307510013198],[149.057543937672875,-34.4341885040146],[149.057532939701844,-34.433967506012152],[149.057583935723443,-34.43373150301484],[149.057656928743114,-34.433484509019351],[149.057737927754999,-34.433290502024889],[149.057883914770912,-34.432986507035189],[149.058026916775589,-34.432776508045862],[149.058107914784699,-34.432605502051565],[149.0581769107973,-34.432420495056149],[149.058262901812071,-34.4321975070619],[149.058366901818999,-34.432016506069502],[149.058441893831798,-34.431822499074521],[149.058560890842926,-34.431589498083021],[149.058670887846688,-34.431426498091227],[149.058857884848976,-34.431183502105426],[149.058883880860321,-34.431060499106792],[149.058916876886883,-34.430805500107844],[149.05895187190913,-34.430583498109279],[149.059037872921579,-34.430379496115179],[149.059186871920673,-34.430207496126641],[149.059342861915411,-34.430062503138871],[149.059480862913205,-34.429914499149568],[149.059619857908643,-34.429784495160462],[149.059803851898465,-34.42964550017512],[149.06001684488362,-34.42950949819226],[149.060133841882163,-34.4293804892013],[149.060215835884208,-34.429265508207457],[149.06031483388827,-34.429113497214807],[149.060412827894368,-34.428946498221983],[149.060476829905838,-34.428776496226249],[149.060506823921912,-34.428610493227652],[149.060533822956955,-34.428294494227771],[149.060599815986308,-34.427977492231186],[149.06068481200063,-34.427759497236906],[149.060753808016216,-34.427550493241327],[149.060816807035536,-34.427318488245078],[149.06091179805648,-34.427034491251185],[149.060995799080359,-34.426740491256297],[149.061096787100411,-34.426456494262908],[149.061275789117929,-34.42609949527565],[149.061378784129573,-34.425881491282887],[149.06148077614148,-34.425662492290044],[149.061594771151618,-34.425443493298211],[149.061708766163349,-34.425211488306289],[149.061883760171582,-34.424934501319235],[149.062026753175047,-34.424734488329989],[149.062156749189825,-34.424458487339123],[149.062246747208604,-34.424198487344974],[149.062404737222209,-34.423898480356307],[149.062517736238306,-34.423632483364088],[149.062626729243277,-34.423461486372155],[149.062713725252678,-34.423280486378289],[149.062785723278836,-34.422982478382352],[149.062829718311463,-34.422665476383905],[149.062818720338015,-34.422463482381595],[149.06271171737643,-34.422281477371257],[149.062513721432794,-34.422063482352954],[149.062377720475951,-34.421877479340139],[149.062345719500513,-34.421717481336323],[149.062341712520833,-34.421557483334887],[149.062354709537601,-34.421406485334941],[149.06241471454274,-34.421292481339258],[149.062559697535562,-34.421176469350762],[149.062744704523027,-34.42105547436563],[149.062957697505823,-34.420938476382894],[149.063193691485225,-34.420821478402132],[149.063395685470198,-34.420700474418432],[149.063464681483396,-34.420510473422979],[149.063492684509526,-34.420265479423676],[149.063475680541245,-34.420029475420606],[149.063298677600244,-34.419764473403774],[149.063083677655698,-34.41957448138421],[149.062900678715096,-34.419313477366899],[149.062723684773005,-34.419057474350119],[149.062615678818446,-34.418819480339316],[149.062547677855832,-34.41859848233203],[149.062517684896363,-34.418306481327484],[149.062579670916364,-34.418070477331113],[149.062720664932982,-34.417766473340983],[149.062932662922861,-34.417593477357791],[149.063189658904463,-34.417433479378502],[149.063482645874416,-34.417324468402605],[149.063759640843159,-34.417244465425576],[149.06410963880478,-34.417134468454528],[149.064522626756542,-34.417028470488845],[149.064845624714394,-34.416981463515917],[149.065305609647055,-34.416973458554914],[149.065720605584545,-34.416980460590167],[149.066142601516333,-34.417025450626291],[149.066536594451179,-34.417079459660094],[149.066958590383564,-34.417119456696192],[149.067368584320548,-34.417136452731093],[149.067646574282236,-34.417112447754526],[149.067933573252958,-34.417004440778143],[149.068159563229159,-34.416925450796775],[149.068418559203565,-34.416821459818046],[149.068568553197821,-34.416687447829865],[149.06866755119907,-34.416558456837386],[149.06868654621789,-34.416383443837788],[149.068595552257477,-34.416172449828615],[149.068439553299669,-34.41601844881432],[149.068219550343741,-34.415926450795006],[149.067948552393858,-34.415846437771464],[149.067672561455339,-34.415680451746901],[149.067547558503435,-34.415441453734644],[149.06754655454202,-34.41513044873242],[149.067650545567091,-34.414802447739],[149.067796541565798,-34.414637447750252],[149.067957543559942,-34.414491451762913],[149.068175538547848,-34.414327446780298],[149.068250530543395,-34.414273447786286],[149.068359433536841,-34.414195649794998],[149.068376528535822,-34.414183440796364],[149.068425534533702,-34.414141444800237],[149.068593527526218,-34.414000441813513],[149.068776517521485,-34.413818445827793],[149.068930509527576,-34.413584440839266],[149.068996511558026,-34.413258429842628],[149.069001504585856,-34.413027437841464],[149.068951503615381,-34.412848444835987],[149.068867502652751,-34.412647444827471],[149.068803499696457,-34.412370439820144],[149.068776491723696,-34.412182438816558],[149.068759495755245,-34.411947438813492],[149.068757496793353,-34.411641444811231],[149.06871149382809,-34.411415444805769],[149.068606490885458,-34.411077439794532],[149.068491491941217,-34.410764443782618],[149.0683424929951,-34.410507437768203],[149.068215492051536,-34.410203442755339],[149.068119488090588,-34.410002442745814],[149.067966491141618,-34.409773439731261],[149.067829486193688,-34.409516441717848],[149.067800487226407,-34.409286442713821],[149.067893479231401,-34.409134440720663],[149.06815147921003,-34.408997434741629],[149.068592470158904,-34.408881431778248],[149.068967459105068,-34.40886643580999],[149.069308457054092,-34.408869429838937],[149.0696284530014,-34.408911435866401],[149.069846446960156,-34.408983434885378],[149.070094443905759,-34.40912543390742],[149.070314455853236,-34.409286426927203],[149.070506454802967,-34.4094624269447],[149.070743443745528,-34.409642423966062],[149.070982441683867,-34.409854431987803],[149.071266437613787,-34.410080423013461],[149.07153343754544,-34.410312429037724],[149.071771430486763,-34.41050142605922],[149.071928434446278,-34.410640422073499],[149.072091434403802,-34.410788417088355],[149.072249433359673,-34.410955425102927],[149.07241942630813,-34.411168418118827],[149.072571427262602,-34.411354421133005],[149.072695426219923,-34.411550410144876],[149.072815426175538,-34.411765420156541],[149.072934423127862,-34.412008415168309],[149.073025434087157,-34.412228419177552],[149.073007434065318,-34.41242642417739],[149.072973434042353,-34.412653419176053],[149.072933436019582,-34.412885424174256],[149.072905441993498,-34.413130419173562],[149.072939441962831,-34.413337424177868],[149.073028444929975,-34.413496418186512],[149.073215432878129,-34.413691421203737],[149.073395438830204,-34.413862418220191],[149.073512444797899,-34.413983423230952],[149.073662438764899,-34.414070419244283],[149.073909440713635,-34.414188412266064],[149.074191437654349,-34.414329415290979],[149.07443943460467,-34.414433416312747],[149.074817426531865,-34.414568413345769],[149.075236419451215,-34.414717413382363],[149.075569421384444,-34.414857413411596],[149.075891424319195,-34.414998407439924],[149.076276408242506,-34.415156407473681],[149.076586400181412,-34.415278407500843],[149.07689739511838,-34.415414400528199],[149.077071395074796,-34.415558397543954],[149.077252395023919,-34.415752405560653],[149.077444393975384,-34.415914402578061],[149.077691395925825,-34.416018402599768],[149.078051387864974,-34.416078389630741],[149.078306385828199,-34.416069399652322],[149.078531380808016,-34.415962396670707],[149.078685372814732,-34.415723389682128],[149.078793370825139,-34.415509392689835],[149.07890036484153,-34.415248388697123],[149.079019360854886,-34.414997388705508],[149.079128353864661,-34.414787398713315],[149.079260348868047,-34.414601386723241],[149.079421349862486,-34.414453391735911],[149.079594336851727,-34.414332395749767],[149.079820335825701,-34.41427138676854],[149.079845344822303,-34.414269388770641],[149.08004732979461,-34.414250384787671],[149.080064334819639,-34.414027387787591],[149.080144328837719,-34.413785387792707],[149.080355322856946,-34.413376378807826],[149.080664310833811,-34.413192384832797],[149.080905306814401,-34.413060380852357],[149.081296296788622,-34.412799376883768],[149.081599287765101,-34.412625377908299],[149.081948280730359,-34.412487376936994],[149.082281273695031,-34.412373364964495],[149.08279526763738,-34.412222367007097],[149.083246253587163,-34.412087370044489],[149.083737244534376,-34.411924369085071],[149.08405223850346,-34.411796363110945],[149.08444423247704,-34.411539357142473],[149.084841228452717,-34.411259368174271],[149.085205209427414,-34.4110273532036],[149.085607198402982,-34.410742353235776],[149.085953189387368,-34.410453354263183],[149.086309183372578,-34.410145343291312],[149.086614173366968,-34.40982435231502],[149.087039163365375,-34.409327343347705],[149.087293156366627,-34.409012339367102],[149.087521146359506,-34.408796343385006],[149.087800140371115,-34.408367335405757],[149.087972131394366,-34.407973332417647],[149.088019128440521,-34.407543329418687],[149.087906129508411,-34.407130330406254],[149.087736127586339,-34.406704325388887],[149.087498124674823,-34.406274331365708],[149.087259127769158,-34.405798324342136],[149.087080126833825,-34.405490321324812],[149.086921123886214,-34.405257320309701],[149.086664126958851,-34.404978333285946],[149.086476135018444,-34.404722321268217],[149.086321130075447,-34.404447323253159],[149.086164135143235,-34.404087320237345],[149.085962132218242,-34.403723319217683],[149.085840132277525,-34.40339031520503],[149.085724129335915,-34.403057311192896],[149.08562412739181,-34.402725311182117],[149.085548121442031,-34.402410316173494],[149.085535123484163,-34.402085309170161],[149.085549125522874,-34.401755308169079],[149.085571122550505,-34.40150530216922],[149.085623113570392,-34.401282305172117],[149.085690109594879,-34.401003300175887],[149.085848108603244,-34.400746303187546],[149.086086101602177,-34.400469297205852],[149.086331095592044,-34.400257308225214],[149.086604092580103,-34.400026288246821],[149.086872078565278,-34.399824294268193],[149.087146079547978,-34.39963528829017],[149.087398074527414,-34.399499286310643],[149.087752061493688,-34.399347284339662],[149.088187055446951,-34.399203278375623],[149.088599047397821,-34.39910627940997],[149.089013039341324,-34.399066273444866],[149.089377029289324,-34.399050273475673],[149.089717023241832,-34.3990262685044],[149.090124023194051,-34.398924276538281],[149.090463013158313,-34.398806264566268],[149.090874001115793,-34.398657264600168],[149.091255991080914,-34.398481255631403],[149.091649984045432,-34.398295252663594],[149.091957977019035,-34.398139251688711],[149.092254970997715,-34.397955247712687],[149.092624966970988,-34.397727247742544],[149.092959958952946,-34.39747124476925],[149.093270945941214,-34.397193244793769],[149.093587937931659,-34.396890234818621],[149.093802928929932,-34.396646234835224],[149.093982924941429,-34.396337227848385],[149.094112920955041,-34.396071229857611],[149.09425991996676,-34.395800230868218],[149.094394907981496,-34.395519227877777],[149.094547904989952,-34.395267222889053],[149.09469989800391,-34.394972217899927],[149.094873897015191,-34.394672220912639],[149.095003892028188,-34.394411216921895],[149.095096892032672,-34.394263221928789],[149.095155884044459,-34.394097217932668],[149.095208708054997,-34.393948702936136],[149.095224879058236,-34.393903219937194],[149.095293884071481,-34.393713219941738],[149.095379875080511,-34.393537211947844],[149.095493869090063,-34.393323215956066],[149.0956078631026,-34.393085212964124],[149.095703867118289,-34.392843212970611],[149.095821859138255,-34.39254021297856],[149.09597885315145,-34.39224520898987],[149.09614184516434,-34.391945212001659],[149.096288844177167,-34.391665204012227],[149.096428834193517,-34.391365207022048],[149.096564835206209,-34.391099202031803],[149.096659825227903,-34.390810203037873],[149.09674282225194,-34.390516203042907],[149.096842815278677,-34.390180198049102],[149.096932812300423,-34.389896201054789],[149.097016804322607,-34.389616194059997],[149.097096807337692,-34.389398199065312],[149.097214799353736,-34.389127192073474],[149.097339783363992,-34.3888941910825],[149.097481790368903,-34.388684192093123],[149.097635791373136,-34.388465194104704],[149.097788778383489,-34.388198193115869],[149.097993775379649,-34.387983192131806],[149.098187772374615,-34.387791193146981],[149.098388762362788,-34.387646183163064],[149.098634760348432,-34.387467181182735],[149.098896749332795,-34.387279180203713],[149.099136750318763,-34.387105180222925],[149.099398739305485,-34.386898175243765],[149.09966573029385,-34.386672175264898],[149.099989723278583,-34.386407174290618],[149.100350710265985,-34.386076170319022],[149.10063371125608,-34.385817174341312],[149.100890699242456,-34.385619169361789],[149.101186697222545,-34.38542517138562],[149.101599684201233,-34.385102163418509],[149.101995676179996,-34.384799163450083],[149.102318665165996,-34.384525161475665],[149.102680656146958,-34.384245153504509],[149.103116645119911,-34.383941149539474],[149.103447638095417,-34.383742149566253],[149.103856628062488,-34.383518148599478],[149.104170617037113,-34.383347151624989],[149.104529614006736,-34.383162144654264],[149.104838601982635,-34.382987140679319],[149.105077598970894,-34.38279514169831],[149.10532259195972,-34.382592143717758],[149.10566458493301,-34.382398135745497],[149.106111572906656,-34.382075136781282],[149.106568563881979,-34.381727128817737],[149.107003538858521,-34.38139512985245],[149.107393542840072,-34.381077123883415],[149.107674534845046,-34.380700126904713],[149.107948535856877,-34.380276121925107],[149.108144514867917,-34.379952110939541],[149.108334507885644,-34.379581117953144],[149.108534504905975,-34.379177110967369],[149.108663507950155,-34.378665104974822],[149.108794500986903,-34.378211105982835],[149.108929492030711,-34.377695101990774],[149.109061489060423,-34.37729710099925],[149.109195484081766,-34.376964106008359],[149.109361481105225,-34.376575105019803],[149.10948447712633,-34.37625709802807],[149.109597469139544,-34.37601509703601],[149.109770466159176,-34.375649097048203],[149.109951459163028,-34.375401099061897],[149.110259454168215,-34.374990100085263],[149.110483447181537,-34.374614096101723],[149.110673440198667,-34.374248096115366],[149.110960432199249,-34.373899092137378],[149.111262421203634,-34.373502094160322],[149.11131528220497,-34.373428087164314],[149.111487418209265,-34.373187090177296],[149.111801410214696,-34.372767091201112],[149.112058400225465,-34.372372083220242],[149.112260396236792,-34.372038085235133],[149.112450389254548,-34.371667083248731],[149.112651381271291,-34.371291079263251],[149.112806378292873,-34.370931085273952],[149.112991369310208,-34.370569083287201],[149.113231363322399,-34.370183075304951],[149.113383358335767,-34.36989308131588],[149.113550349354455,-34.369542077327679],[149.113667349379398,-34.369200074335275],[149.113802347394682,-34.368915082344806],[149.113976339404246,-34.368629076357621],[149.114156337416432,-34.368315067370773],[149.114329317433743,-34.367968071383103],[149.114495322457856,-34.367574067394514],[149.114673322480257,-34.367180064406938],[149.114824312497859,-34.366857064417566],[149.114954309511461,-34.366591066426786],[149.115140304519912,-34.366300068440601],[149.115293302527959,-34.366052061451917],[149.115463295531072,-34.365823058464798],[149.115666286537618,-34.36552705748003],[149.115885286546472,-34.365193059496363],[149.116072275550579,-34.364936061510498],[149.11627826856548,-34.3645690575255],[149.116536261573259,-34.364197061544886],[149.116739251580896,-34.363892052560047],[149.116941246589818,-34.363578053575075],[149.117139243596029,-34.36329105358994],[149.117342233600709,-34.363010050605276],[149.117578228605311,-34.362690054623151],[149.117821224606558,-34.362389043641755],[149.118063216608562,-34.362083049660228],[149.118260209616523,-34.361783051674934],[149.118459201615451,-34.36155305369028],[149.118640202618224,-34.361314047704035],[149.118894188619066,-34.361003050723504],[149.119108185623389,-34.360712044739707],[149.119238173638763,-34.360432045748837],[149.11941717565108,-34.360118045761908],[149.119581172660475,-34.359846042773988],[149.119761160672681,-34.359532043787148],[149.11991215968726,-34.359233041797935],[149.11998515370874,-34.358972045802346],[149.119991151734723,-34.358755045801374],[149.11995815576347,-34.358562042797232],[149.119896143796382,-34.358370043790629],[149.119781146848652,-34.358085042778882],[149.11958014890368,-34.357881040760375],[149.119327159964314,-34.357694052737578],[149.119038163039505,-34.357432053711179],[149.118722167123053,-34.357135049682249],[149.118435169207373,-34.356797063655513],[149.118176166282922,-34.3564960526314],[149.117952166346896,-34.356247060610627],[149.117697170420314,-34.355959057586965],[149.117342172511343,-34.355648069554611],[149.117279048526996,-34.355597315548891],[149.117031177588302,-34.35539806452644],[149.1166901806684,-34.355159067495784],[149.116337190747117,-34.354945061464285],[149.115860192857838,-34.354621067421483],[149.115484200945644,-34.3543610673877],[149.115278290998361,-34.354181563368961],[149.115172203025509,-34.354089073359297],[149.11485920909746,-34.353882077331249],[149.114563211164807,-34.35369207630476],[149.114197214244484,-34.353486075272208],[149.113870219317249,-34.353289083243048],[149.113608221385334,-34.353052084219115],[149.113411230439482,-34.35285008120097],[149.113137230503582,-34.352660081176367],[149.112881247561347,-34.352499088153486],[149.112599242623929,-34.352331076128344],[149.112254247701458,-34.352117088097543],[149.11193224477384,-34.351917092068767],[149.111674254838675,-34.351702100045337],[149.111320250925615,-34.351423097013317],[149.111026253002365,-34.351154095986466],[149.110798265066393,-34.350909092965388],[149.110596263127974,-34.350653099946442],[149.110566727137098,-34.350614527943669],[149.110367262198849,-34.350354096924917],[149.110163262270476,-34.350019094905264],[149.110003265330874,-34.349722100889615],[149.109838267397208,-34.349383100873247],[149.109681265466918,-34.3490071068573],[149.109561267541409,-34.348548105843925],[149.109453262617905,-34.348059102831385],[149.109379257675414,-34.347682104822503],[149.109294262740974,-34.347254101812332],[149.109180260804806,-34.346874109800027],[149.10910526084507,-34.34663810579201],[149.108918255913807,-34.346306106773831],[149.108715259979533,-34.346017107754584],[149.108477259053984,-34.345700114732161],[149.10815026515246,-34.345295103701559],[149.107853264244767,-34.344904112673618],[149.107532276333046,-34.344574112644047],[149.107260275407924,-34.344294113619],[149.107084071451311,-34.344153782603051],[149.107034277463612,-34.344114116598533],[149.10673827952786,-34.343949116572247],[149.106451290595913,-34.343742120546409],[149.10614528966866,-34.34352011851886],[149.105792299747321,-34.343306121487373],[149.105453301817306,-34.343146122457448],[149.105123303887268,-34.342975125428218],[149.104837318949905,-34.342811120402772],[149.104580306010661,-34.342627126379668],[149.104349314067463,-34.342444135358747],[149.104075332130606,-34.342261136334209],[149.103807329187134,-34.342125135310475],[149.103445329267004,-34.34191213327825],[149.103158331333475,-34.341718126252516],[149.102936340388084,-34.34154213623242],[149.102744342441468,-34.341340142214705],[149.102604335490838,-34.341108145201211],[149.102531342537617,-34.340817148193011],[149.102481414579927,-34.340534227186815],[149.102465342593575,-34.340443144184817],[149.102417333646031,-34.340076140178205],[149.102390335697606,-34.339691146173266],[149.102348332761153,-34.339227144166486],[149.102360327806196,-34.338848146164914],[149.102393326855292,-34.338411143164706],[149.102417306906062,-34.337971146163717],[149.102447319945753,-34.337614147163812],[149.102512309978664,-34.337270145166968],[149.102598303013735,-34.336883142171615],[149.102672302047495,-34.336521150175415],[149.102746301079009,-34.336177148179331],[149.102786299111926,-34.335863149180575],[149.102811292155565,-34.335480144180053],[149.102798287199221,-34.33514214917664],[149.102769290241781,-34.334832147172023],[149.102731283285237,-34.334526144166695],[149.102650286332164,-34.334243151157857],[149.102573286377691,-34.33396715914941],[149.102506282420819,-34.333698141141873],[149.102480278464668,-34.333374146137423],[149.102524274499331,-34.333041152138861],[149.102609271518105,-34.332787149144352],[149.102742270525852,-34.332565147154121],[149.102932262526622,-34.332331151168667],[149.103174254517995,-34.332111147187724],[149.103273467514384,-34.332021588195538],[149.103472243507127,-34.331842147211198],[149.103782236494368,-34.331574150235703],[149.104007241489626,-34.331343139253249],[149.104205228489747,-34.331105145268445],[149.104434222486987,-34.33085314028618],[149.104631215489974,-34.330593140301133],[149.104785208502648,-34.330306140312238],[149.104928202524064,-34.329961134322033],[149.105067198549222,-34.329591136331302],[149.105090182581023,-34.329306135331294],[149.105056192626961,-34.328975140326122],[149.104997192667668,-34.328716135319326],[149.104905187706862,-34.328509139310086],[149.104621191776801,-34.328283130284383],[149.104377193838218,-34.328078142262214],[149.104138197899402,-34.327869147240449],[149.103969199941332,-34.327732142225152],[149.103731207994315,-34.327588144203929],[149.103518207047699,-34.327411151184585],[149.103322210098042,-34.327238146166749],[149.103119213143287,-34.327115151148632],[149.102838211201998,-34.326976156123798],[149.102608215256055,-34.326814150103132],[149.102382216310872,-34.326641164082723],[149.102134220371511,-34.326447156060304],[149.101912228426585,-34.326267160040203],[149.101748224466917,-34.326137155025357],[149.101523229517596,-34.325996161005271],[149.101254230573687,-34.325864148981481],[149.100928238646617,-34.32566416195241],[149.100619242714799,-34.325482166924871],[149.100325243770982,-34.325379170899183],[149.099914254845288,-34.325270168863497],[149.099585260910118,-34.325139169834635],[149.099300260965492,-34.32503217580966],[149.098950264031231,-34.324919176779147],[149.098630269088545,-34.324838177751381],[149.098315275146518,-34.324746180723984],[149.098109284187245,-34.324663183705894],[149.097914282232978,-34.324526178688373],[149.097749283278063,-34.324359179673202],[149.097612288331419,-34.324091183659711],[149.097565282380089,-34.323753187653395],[149.097623280407703,-34.323460181656316],[149.097750273426925,-34.323152178664976],[149.097905270431511,-34.322929181676621],[149.098082264433742,-34.322699183690077],[149.098333255422574,-34.322489183709969],[149.09858024841148,-34.322283182729542],[149.098774247411654,-34.322049177744404],[149.098929235418353,-34.321809175755938],[149.099056237437736,-34.321500177764612],[149.099156231464576,-34.321163176770781],[149.099226231495322,-34.320830173774439],[149.099274216527988,-34.320508178776301],[149.099261220572515,-34.32016318177282],[149.099214214618968,-34.319843176766618],[149.099133216665138,-34.319566180757832],[149.0989972167134,-34.319338181744698],[149.098775215770331,-34.319143178724495],[149.098484219835825,-34.318961192698509],[149.098175223905344,-34.318768180670915],[149.097884226969995,-34.318593185644964],[149.09754723703341,-34.318483188615573],[149.097073240104777,-34.318473185575222],[149.096577256178847,-34.318467188533027],[149.096057265248362,-34.318527194489242],[149.095507273321061,-34.318597194442987],[149.094887281410536,-34.318615203390422],[149.094234292512425,-34.318572204334636],[149.093512308623389,-34.318538204273047],[149.092798320733692,-34.318500215212119],[149.092224332823662,-34.318459215163067],[149.091734335909791,-34.318348214120661],[149.091210348000374,-34.318242224075419],[149.090733359089938,-34.318088223033818],[149.090364358161565,-34.317950223001532],[149.08995137124532,-34.317766228965169],[149.089638367314592,-34.317580235937299],[149.08937737237801,-34.317379237913741],[149.089160373449715,-34.317058238893104],[149.08915037050312,-34.316637226889355],[149.089235368542404,-34.316217236893664],[149.08935835558097,-34.315757240900965],[149.089467349607787,-34.315409239907822],[149.089495353611767,-34.315343237909744],[149.089615346629813,-34.31505323491794],[149.089830339629657,-34.314797231934435],[149.090127334618785,-34.314529233957835],[149.090453327594389,-34.3143362299842],[149.090805315563074,-34.314168227012949],[149.091191312529077,-34.313981211044457],[149.09146030351252,-34.313793227066007],[149.091811297488476,-34.313567218094285],[149.092148289470089,-34.313312219121151],[149.092377282462053,-34.313103214139176],[149.09259727745976,-34.312858219156176],[149.092798267471011,-34.312526220170973],[149.092937264491695,-34.312192213180488],[149.093072253512446,-34.311862213189663],[149.093185253540526,-34.311499216196772],[149.093252242584555,-34.311062212199467],[149.093319240633519,-34.310585212201879],[149.093436230679174,-34.310075215208286],[149.093477224728872,-34.309623214208663],[149.093484226779395,-34.30920521520639],[149.093487221830571,-34.308787215203765],[149.093521214872794,-34.308404220204004],[149.093617210920684,-34.307901215208709],[149.093724205956704,-34.30748121621491],[149.093857196988495,-34.30706421122332],[149.093952189017244,-34.306717224229011],[149.094006189045075,-34.306427212231597],[149.093983188074617,-34.306215214228182],[149.093899187118865,-34.305957212219269],[149.093812184172066,-34.305630215209625],[149.093808178216619,-34.30527422020684],[149.093841167263918,-34.304851218206721],[149.093880170303066,-34.30448721720753],[149.093979169332243,-34.304132216213496],[149.09412216335727,-34.303758212223073],[149.094280154373649,-34.303436216234275],[149.0942881593744,-34.303420215234858],[149.094456153387853,-34.303110205246995],[149.094462150388324,-34.303099215247421],[149.094739146372433,-34.302896216269566],[149.09508113933137,-34.302819206298096],[149.095505125276361,-34.302757211333713],[149.096082117192282,-34.302747207382666],[149.096568107125051,-34.302710203423707],[149.097078094064955,-34.302586204466202],[149.097538089017462,-34.302420199504141],[149.097993072976152,-34.302210200541367],[149.098313068962028,-34.301941190566716],[149.09850505997278,-34.301624196580853],[149.098620051006264,-34.301215196587812],[149.098684046046287,-34.300814192590487],[149.098681044105973,-34.30033418958692],[149.098636046165439,-34.299906194580153],[149.098575039237033,-34.29939919157146],[149.098495037303024,-34.298960198561645],[149.098395036361609,-34.2986051975507],[149.098248037423929,-34.298276192535937],[149.098049038487659,-34.29799820151711],[149.097903034547954,-34.297684201502541],[149.097803033603924,-34.297350203491746],[149.097675029675059,-34.296927193477956],[149.097581034728307,-34.296608209467756],[149.097478030778092,-34.296328201457079],[149.097353028834078,-34.296024206444351],[149.097211040890841,-34.295734203430293],[149.097044033948947,-34.295463204414233],[149.096878032001086,-34.29523920339858],[149.096650034066357,-34.294983209377442],[149.096372044129055,-34.294808206352599],[149.096015037204239,-34.294626219321017],[149.095702043272951,-34.294444214293158],[149.095403051336916,-34.294284216266654],[149.095099057403388,-34.294109204239618],[149.094765060473463,-34.293941219210062],[149.094444061538866,-34.293795223181782],[149.094124066600614,-34.293678216153786],[149.093787076661641,-34.293587223124526],[149.093425075721939,-34.29353222909338],[149.092966085786657,-34.293557221054563],[149.092724094815139,-34.293616231034399],[149.092474098841336,-34.293703227013744],[149.09218610387083,-34.293809234990015],[149.091949105892496,-34.293917232970621],[149.091769109910729,-34.293985233955787],[149.09157612494775,-34.29391623793893],[149.091398118993652,-34.293757234922701],[149.091188121053193,-34.293526233903272],[149.091005122108214,-34.293299238886156],[149.090890124152935,-34.293074242874845],[149.090863117184966,-34.292847238870962],[149.090971115195885,-34.29262923387865],[149.091131113197036,-34.292428234890856],[149.091451100174908,-34.292224231916649],[149.091821097141946,-34.292048232946861],[149.09225908610253,-34.291843234982679],[149.09268407606109,-34.291670230017587],[149.093123069018048,-34.291493226053667],[149.093483052987949,-34.291306219082969],[149.094025040936941,-34.291070224127402],[149.094509032899396,-34.290795218166622],[149.094911021869706,-34.290554221199137],[149.095413012823315,-34.290329215240249],[149.095942003773928,-34.290096214283587],[149.096349998738049,-34.289898208316899],[149.096677982721843,-34.289637212342981],[149.097043972703261,-34.289349208372087],[149.097487967673715,-34.289057205407829],[149.098071952623314,-34.288766198455441],[149.098719930566858,-34.288448200508334],[149.099336921515317,-34.288127208558556],[149.099884906473704,-34.287808188602924],[149.10042589142563,-34.287550186647138],[149.100916883376442,-34.28736118968758],[149.101566869306708,-34.287148186741362],[149.102163860232167,-34.287037185791341],[149.10276883715656,-34.286926175842012],[149.103448834067819,-34.286831174899156],[149.104124814974284,-34.286780169956273],[149.104756808888965,-34.286715171009554],[149.105267799822087,-34.286645162052523],[149.105820786754975,-34.286527160098714],[149.106272776708238,-34.286365162136029],[149.106659768673296,-34.286185156167697],[149.107008754654544,-34.285919159195529],[149.10719075067297,-34.285552155208478],[149.107268737703919,-34.28520815321275],[149.107281745748622,-34.284830159211253],[149.107371735781868,-34.284453161216298],[149.107464728803421,-34.284167156222239],[149.107695722826321,-34.283705151238692],[149.107971714842705,-34.283242152258964],[149.108173709864474,-34.282824152273264],[149.108361694894484,-34.28235615128601],[149.108549687925318,-34.281881141298726],[149.108676681962976,-34.281424156306379],[149.108723681004648,-34.281030153307661],[149.108797670037035,-34.280679150311535],[149.108956665061925,-34.280287155322341],[149.109185659077497,-34.279887155339068],[149.109431658072026,-34.279637149358265],[149.109811641049589,-34.279364150388695],[149.110264635016136,-34.279093142425353],[149.110986618924386,-34.278973140485917],[149.111566604831069,-34.279035135535679],[149.112429591686379,-34.279175134610028],[149.113114580567583,-34.279318127669278],[149.113699568466387,-34.279438127719857],[149.114140567392894,-34.279506128757831],[149.114767551290527,-34.279585118811703],[149.115273548206204,-34.279663113855285],[149.115854529104752,-34.27979011590557],[149.116444526998862,-34.279942107956821],[149.116885517920025,-34.280053108995098],[149.117096519877805,-34.280143107013672],[149.11731350982302,-34.280327111033401],[149.117485509762332,-34.280613116049992],[149.117615512703367,-34.280935102063282],[149.117767513639933,-34.281267101078491],[149.117899515587737,-34.281532104091546],[149.118036511538463,-34.281767103104826],[149.118230517473677,-34.282060100123338],[149.118480521403512,-34.282329100146463],[149.118745504339984,-34.28252710617037],[149.119088500271431,-34.282672098200564],[149.11950849718977,-34.282831092237387],[149.119977491100599,-34.282992094278406],[149.120418481025382,-34.283074087316486],[149.120900472954332,-34.28307308235749],[149.121426460894668,-34.282927085401226],[149.121965454834509,-34.28277008144601],[149.122595432761926,-34.282604076498465],[149.123061424710215,-34.282466075537172],[149.123433420681437,-34.282254068567362],[149.123629409690693,-34.281945070581905],[149.123695402722063,-34.281612067585236],[149.123526406786738,-34.281290071568627],[149.12321840587424,-34.280950076540073],[149.122782417987992,-34.280550077500223],[149.122594418043917,-34.280322078482648],[149.122416421092879,-34.280138074466237],[149.122075424174994,-34.279881077435462],[149.121813426243449,-34.279640081411486],[149.12157742430449,-34.27942809138996],[149.12120243538709,-34.279207085356518],[149.120888437461758,-34.27897809132822],[149.120610439527098,-34.278781090303234],[149.12026643860159,-34.278589090272632],[149.119997448662076,-34.278421096248586],[149.119706452726774,-34.278245098222612],[149.119418450798037,-34.278012097196509],[149.119155466868705,-34.277754096172366],[149.118875459942899,-34.277488099146709],[149.118651461010188,-34.277211103125737],[149.118487457071922,-34.276907107109693],[149.118347459120713,-34.276679108096204],[149.118223461169038,-34.276436103083981],[149.118144462207226,-34.276221102075773],[149.118111458245806,-34.275948104071084],[149.11811345727898,-34.275677105069384],[149.118175453306378,-34.275381105072626],[149.118297444331432,-34.275032110080595],[149.118404448342545,-34.274814105088197],[149.118595434337436,-34.274627108103147],[149.118926429302178,-34.274517101130556],[149.119497415232075,-34.274402102178335],[149.120042406160763,-34.274328095224199],[149.120704394074636,-34.274234098279877],[149.121245387005274,-34.27414909232531],[149.121757372933018,-34.2741220923687],[149.122290369857325,-34.274098086413879],[149.122877347766092,-34.274135080464077],[149.123351342671327,-34.274336079505787],[149.123660338604111,-34.274511074533294],[149.123997337518659,-34.274800072563963],[149.124257327440802,-34.275120069588297],[149.124462332364232,-34.275495068608322],[149.124674337270051,-34.276004079629864],[149.124919347164138,-34.276569070654631],[149.125007336101987,-34.276967062664838],[149.125085339029113,-34.277464061674912],[149.125169338965321,-34.277880062684936],[149.125274341904117,-34.278250059696425],[149.125486347830076,-34.278596060716843],[149.125724339759387,-34.278884055739084],[149.126108336671933,-34.279133056773482],[149.126485333596634,-34.279292050806667],[149.126945327510072,-34.279443048846851],[149.127435314420552,-34.279582052889516],[149.127965308322558,-34.279742041935719],[149.128402300243806,-34.279857039973706],[149.129045285146674,-34.279875039028553],[149.129461275089227,-34.279843038063746],[149.130024266016704,-34.279757037111075],[149.130454257972872,-34.279598033146577],[149.130704245965376,-34.279360030166217],[149.130909242976117,-34.279028022181379],[149.131053233010817,-34.278575026190516],[149.131117227049685,-34.278184026193252],[149.131062226114636,-34.277724030185411],[149.131007224174596,-34.277304032177838],[149.130972229182134,-34.277285028174724],[149.130718227258939,-34.276967031150917],[149.13040923235468,-34.276561034121805],[149.129948235487916,-34.276033038078921],[149.129565233601539,-34.275571043043144],[149.129088244716428,-34.275211041000063],[149.12853424684414,-34.27483904495034],[149.127924258978737,-34.274478047895947],[149.127529263072262,-34.274193055860358],[149.127194263163574,-34.273854055829517],[149.126829270265006,-34.273469061795794],[149.1265152723509,-34.273149056766854],[149.126091278456784,-34.272798063728359],[149.125707281556799,-34.272447069693257],[149.125291283657106,-34.272132066655679],[149.12486429476013,-34.271808072617105],[149.124573289843312,-34.271482070590103],[149.124190297959359,-34.271000085554178],[149.123927296039426,-34.270666078529509],[149.12363529613279,-34.270259078501837],[149.123294299231503,-34.269867083470125],[149.122937302334321,-34.269461077436951],[149.122671306413082,-34.269141090412106],[149.12243231049132,-34.26879309038938],[149.122214308564764,-34.268459092368523],[149.121909310643417,-34.268186094340685],[149.121551317730223,-34.267911097308343],[149.121213323817017,-34.267612103277507],[149.120915317896674,-34.267323095250177],[149.120654323969006,-34.267049102226075],[149.120321332050111,-34.266790097195951],[149.119959332136972,-34.266519107163283],[149.119689339215967,-34.266202105138134],[149.11945333627753,-34.265985104116552],[149.119082346352513,-34.26582110808387],[149.118672353427115,-34.265707104048197],[149.118272355489893,-34.265677111013972],[149.117959361527539,-34.26574611598781],[149.117596375561732,-34.265903110958007],[149.117211381585463,-34.266171116927111],[149.116904392596581,-34.266448121902897],[149.116629404597433,-34.266770117881734],[149.116343408599278,-34.267097123859656],[149.116074417592159,-34.267476121839394],[149.115830435580932,-34.267859125821282],[149.115596430575238,-34.268185128803623],[149.115336438561911,-34.268604123784399],[149.115244450552922,-34.268787123777834],[149.114950458553096,-34.269137122755232],[149.114612462562604,-34.269464128728735],[149.114426468571054,-34.26961813071398],[149.114103470597399,-34.2697911266877],[149.113604482648924,-34.269970137646496],[149.113241495683127,-34.270127133616711],[149.112852504709593,-34.270378133585353],[149.112409514769809,-34.270420139547966],[149.111937526839682,-34.270418140507807],[149.111569529898219,-34.270384140476295],[149.111362534954793,-34.270173146457225],[149.111185534016983,-34.269881144440163],[149.111107531076243,-34.269494150430852],[149.111065528133139,-34.269083142424464],[149.111092520190738,-34.268584143423318],[149.111166519234615,-34.268140148426546],[149.111352514264524,-34.267675132439145],[149.111501505285872,-34.267324147449401],[149.111629503308023,-34.266991143457993],[149.111739491326801,-34.266707146465379],[149.111793491354518,-34.266418147467981],[149.111808489395628,-34.266067144466852],[149.111818486446708,-34.265641139464748],[149.111786477507081,-34.265190143458916],[149.111671480574614,-34.264780148446313],[149.111569481653618,-34.264262145434067],[149.111504477726584,-34.263748150425002],[149.111476484791069,-34.263259146419244],[149.111490470858797,-34.262693142416524],[149.111547456926502,-34.26207615041713],[149.111594456984989,-34.261546145417469],[149.111748442040238,-34.26091414842621],[149.111976433076933,-34.260344146441653],[149.112228420107954,-34.259791157459269],[149.112603410113337,-34.259299142487777],[149.113140405067554,-34.25902814353158],[149.113820382978588,-34.258936137588783],[149.114572367876605,-34.258863125652233],[149.115434349755503,-34.25881412872522],[149.116182336637991,-34.258872125789246],[149.116887323516096,-34.259017127850207],[149.117474316398528,-34.259268118901872],[149.118024307289971,-34.25949012095019],[149.118767291156786,-34.259681117014722],[149.119375279050558,-34.259815110067365],[149.119841268973801,-34.25988010810746],[149.12032926588256,-34.260036108150047],[149.120996254754175,-34.260279103208482],[149.121578247641878,-34.260493109259471],[149.122165234527955,-34.260714098310949],[149.122697226429153,-34.260879089357346],[149.123367219307738,-34.261062088415628],[149.12399620119848,-34.261195087470057],[149.124625193105487,-34.261197076523608],[149.125113182050967,-34.261055077564144],[149.125379171053197,-34.260719080584465],[149.125546170081549,-34.260290072595708],[149.125521163146317,-34.259795073590169],[149.125423162228799,-34.259244078578035],[149.12511616733542,-34.258747091548479],[149.124808167428142,-34.258364088519642],[149.124346175547771,-34.257947094477437],[149.123881181660437,-34.257590096435408],[149.123385180773454,-34.257267115390981],[149.122825194890368,-34.256989105341418],[149.122335198993028,-34.256743106298025],[149.121834214089859,-34.256557112254114],[149.121148221214753,-34.25636511119442],[149.120414235342906,-34.256204115130856],[149.119821244450605,-34.256040118079284],[149.119155259571443,-34.255857118021353],[149.118456270703149,-34.255625111960278],[149.117901277813644,-34.255393124911471],[149.117316282940777,-34.255062128859429],[149.116820292076142,-34.254558128813748],[149.1163892981929,-34.254127131774126],[149.116333094208528,-34.254067494768925],[149.116277742224156,-34.254006996763813],[149.116223268239764,-34.253945673758743],[149.116169700255313,-34.253883589753755],[149.116117100270799,-34.253820760748866],[149.115972449315052,-34.253635403735274],[149.115836252358918,-34.253442471722359],[149.115707342402459,-34.253243820710018],[149.115584555445537,-34.253041315698184],[149.11546672448813,-34.252836810686745],[149.115340835535136,-34.252606445674452],[149.115221428581691,-34.252371714662679],[149.115109442627642,-34.252133147651499],[149.115005828672793,-34.251891254641016],[149.114911520716873,-34.251646546631321],[149.114823826761949,-34.251385999622052],[149.114746907805966,-34.251121104613688],[149.114678935849042,-34.250853171606053],[149.114618088891291,-34.250583516599029],[149.114562531932791,-34.250313440592436],[149.114520751968911,-34.250070436587208],[149.114487747003977,-34.249825701582722],[149.114458194038633,-34.249580276578506],[149.114426740073469,-34.249335174574135],[149.114388035109243,-34.249091434569159],[149.114364828130107,-34.248950144566216],[149.114343279150802,-34.248807885563401],[149.114319059171834,-34.248666452560364],[149.114287829193586,-34.248527609556746],[149.114256348210489,-34.248428153553391],[149.114245260216421,-34.248393140552203],[149.114211098232033,-34.248307543548705],[149.114173405248067,-34.248222905544921],[149.114132162264383,-34.248139782540839],[149.114087379280988,-34.248058783536479],[149.114039045297773,-34.247980492531823],[149.113928995331548,-34.247838099521474],[149.113799798366642,-34.247707933509588],[149.11365899340251,-34.247585476496759],[149.113514153438587,-34.247466237483621],[149.113372801474299,-34.247345707470764],[149.113251483505451,-34.24723820245972],[149.113129009536607,-34.247131916448552],[149.11300532456778,-34.247027010437328],[149.112880385598942,-34.246923646425984],[149.112754155630114,-34.246822004414533],[149.112592401669332,-34.246697324399932],[149.112427814708525,-34.246576229385099],[149.112261631747742,-34.246457142370147],[149.11209503678694,-34.246338558355149],[149.111929284826147,-34.246218924340234],[149.111799934857089,-34.246122588328561],[149.111671328888093,-34.246025114316957],[149.111542364919046,-34.245928195305311],[149.111411930949942,-34.24583351829358],[149.111278905980754,-34.245742802281633],[149.111158404008194,-34.245664376270838],[149.111036718035649,-34.245587241259955],[149.110913419062996,-34.245512813248972],[149.110788076090131,-34.245442526237824],[149.110660259116969,-34.245377788226513],[149.110576473134188,-34.245338374219102],[149.110491853151387,-34.245300178211636],[149.110406283168459,-34.245264241204111],[149.110319682185235,-34.245231576196538],[149.110231970201681,-34.245203241188875],[149.110169151213057,-34.245185842183425],[149.110105704224338,-34.245170218177904],[149.110041782235498,-34.245156431172383],[149.109977546246427,-34.245144482166829],[149.109913149257181,-34.245134416161299],[149.10984935226773,-34.245124967155803],[149.109300883364199,-34.244998709108295],[149.108746212492179,-34.244623817058546],[149.108144739656296,-34.244012276003183],[149.107994092749266,-34.243438194986403],[149.10819859678648,-34.242891939000032],[149.108568307791273,-34.24241067202815],[149.108953391825111,-34.241675939055817],[149.109057141903435,-34.240916573059401],[149.108984024006048,-34.240171559048036],[149.108671559114214,-34.239668105018012],[149.108032626266976,-34.2391928879604],[149.107522540370411,-34.238964206915448],[149.106769155499364,-34.23881885585039],[149.106321467554665,-34.238905698812907],[149.105631878628401,-34.239132378755848],[149.105107208671171,-34.239412762713187],[149.104312256742105,-34.239788228648187],[149.102991774860129,-34.240410186540224],[149.102252713915959,-34.240841228480377],[149.100937404075069,-34.24112384537051],[149.100080611191231,-34.241206377298248],[149.099038533374738,-34.240964143208004],[149.098356519544893,-34.240399152146146],[149.097268699826998,-34.239411429046882],[149.096451851009789,-34.238905268973973],[149.095702267161386,-34.238571996907964],[149.093616802535507,-34.23803095772702],[149.091366732939122,-34.237447474531798],[149.090157020167851,-34.23703843042621],[149.089202860376162,-34.236489332341371],[149.088533459550007,-34.235878840280286],[149.088065102711397,-34.235129236235323],[149.087652600925935,-34.233881163191683],[149.087089128167918,-34.232590420134905],[149.086717017311088,-34.23187308709835],[149.085845668616372,-34.230436805014428],[149.085009224832589,-34.229682144938167],[149.083592223106706,-34.229152184814161],[149.08218663032207,-34.229085599694329],[149.080341992616553,-34.228902070536414],[149.079175274829225,-34.228571333435056],[149.07805138502593,-34.228319014337877],[149.077198047193065,-34.227982953263108],[149.076450109362952,-34.227498090196264],[149.076255527478907,-34.22678902717486],[149.07656059654451,-34.225890582194545],[149.07711201256879,-34.225033193235454],[149.077713250600311,-34.224056484279764],[149.078340008645654,-34.222937741325254],[149.078720958729434,-34.221800550349755],[149.078917006810912,-34.220903952360224],[149.078830009918136,-34.220136525347534],[149.078432188058031,-34.219476137309201],[149.077738817219938,-34.218990358246977],[149.076833869380607,-34.218768237168597],[149.075638518577136,-34.218602274065965],[149.074881770724659,-34.218309775999707],[149.073894804898629,-34.218077706914322],[149.073059642040789,-34.217922216842339],[149.071902232206156,-34.217964401744382],[149.070435635395512,-34.2181813936214],[149.068604785619783,-34.218551517468562],[149.067088086794229,-34.218950236342586],[149.066338806903076,-34.218962867279089],[149.06562377204034,-34.218703529216626],[149.065478165108772,-34.218321536201643],[149.065492172173464,-34.217778541199074],[149.065900086324149,-34.216064254221855],[149.066219525452965,-34.21463414723911],[149.066580523503433,-34.213791322263916],[149.066875896550897,-34.213051375283882],[149.067788793557867,-34.211900925353405],[149.068614851531066,-34.211129390418193],[149.069307445509736,-34.210473203472439],[149.069458164506955,-34.210315115484143],[149.069931913498266,-34.20981814552092],[149.070376250528341,-34.209041751553286],[149.070996557538336,-34.208217149600237],[149.071630961475449,-34.207968983652378],[149.072694823314009,-34.208007546742955],[149.073557410166529,-34.208173881817324],[149.074204270039189,-34.208434319874037],[149.075150526869834,-34.208678381956048],[149.076188261706591,-34.208762582044734],[149.077192638578879,-34.208598589128883],[149.078723546398322,-34.208233428256342],[149.080570387194882,-34.207675936409323],[149.0818997170297,-34.207427234520495],[149.082848474915636,-34.207218904599628],[149.083902307805772,-34.206850478686583],[149.084547771753819,-34.206500294738994],[149.084987791737234,-34.206108372773663],[149.085329969747391,-34.205616341799328],[149.085427800788835,-34.205162379804491],[149.085179264909783,-34.204476869778667],[149.084762268080254,-34.203590674737129],[149.084206314216573,-34.203147827686855],[149.083250371367853,-34.20306231060507],[149.082207145559607,-34.202752112514332],[149.080940423743499,-34.202773606406907],[149.079464117916075,-34.203137864284052],[149.07818014405234,-34.203566689177997],[149.077154681152564,-34.203979810093777],[149.075587422316119,-34.204526473964478],[149.074203623489183,-34.20477602884872],[149.072670823679772,-34.205062013720585],[149.071839935800369,-34.205076051650138],[149.070067502032799,-34.205308987501311],[149.069047852171082,-34.205405349415436],[149.068492790303111,-34.204996342365504],[149.068179861415274,-34.204458865335241],[149.068015208582352,-34.203296985313244],[149.067532769749761,-34.20251360926688],[149.067196862912482,-34.201592071232014],[149.067346528949599,-34.201110519241389],[149.067861985954011,-34.200457317280637],[149.068391330955023,-34.19981517532112],[149.06980966287702,-34.198750972434162],[149.070731748832145,-34.198011739507329],[149.07144731482839,-34.197185529562354],[149.071866003853785,-34.196477411593001],[149.071868288910451,-34.196013766589992],[149.071426653003755,-34.195783768550918],[149.070560661236499,-34.194927555471509],[149.070156045345243,-34.1945274934344],[149.069332812572611,-34.193663499358564],[149.068437078755437,-34.193248924279679],[149.067487041876603,-34.193400630200095],[149.066337136004591,-34.193736599104831],[149.064911122151898,-34.194246048987345],[149.063325647341742,-34.194600645855253],[149.062108977472491,-34.194994244754739],[149.060706717673241,-34.195040426636098],[149.059152719905768,-34.195009990504047],[149.058482345018376,-34.194896845446387],[149.057753372160278,-34.194615087382616],[149.057012054366538,-34.193824695314269],[149.056723736488948,-34.193173704285321],[149.056143669682854,-34.192290132230021],[149.055134613997723,-34.190936230135094],[149.053969152344649,-34.189508402026391],[149.053012936636151,-34.188280596936806],[149.052679715785928,-34.187460733902881],[149.052703860867126,-34.186770580900173],[149.052975322901318,-34.186166749919025],[149.053523798871709,-34.185750499962673],[149.05421037381231,-34.185411098018541],[149.055162256681115,-34.18533861609879],[149.05621441151041,-34.185467984188925],[149.057293530337148,-34.185585583281267],[149.058519154159342,-34.185565021385102],[149.059727031004854,-34.18537513748624],[149.060660071902817,-34.185088093563408],[149.061468074831396,-34.184701378629306],[149.06193203982798,-34.184173453665025],[149.062040574883099,-34.183594945670222],[149.061854732954487,-34.183236233651989],[149.060773992136319,-34.183050858559014],[149.058740579453541,-34.18290407238549],[149.058018818572435,-34.182800878323562],[149.056841938772322,-34.182583161222233],[149.055811297969115,-34.182215977132273],[149.054704901215729,-34.181533451033715],[149.054090115384071,-34.180899221977199],[149.053499290565611,-34.180128901921762],[149.053370074687052,-34.179294318905043],[149.053542082756536,-34.178522528914307],[149.053746254796351,-34.177953746927685],[149.054053878848862,-34.177157081948287],[149.05422094794406,-34.176181845955718],[149.054299006020159,-34.175468169957405],[149.054050810140893,-34.174782585931617],[149.053358765298185,-34.174330549869808],[149.051677671573941,-34.174098597725639],[149.050575300731083,-34.174139642632433],[149.04948845487624,-34.174259562541117],[149.048210167053355,-34.174348753433335],[149.04680905424965,-34.174428667315098],[149.045567616406544,-34.174638307211303],[149.044027598636887,-34.174607425080538],[149.043071457790887,-34.174498968998734],[149.042244396962218,-34.174094360925828],[149.04152218813914,-34.17351839786064],[149.041021119336676,-34.172509062811194],[149.040822880473655,-34.171630376788315],[149.040668483589002,-34.170875340770024],[149.040395906699302,-34.170303196742971],[149.04017235583018,-34.169504083718493],[149.040254331886302,-34.168948655721621],[149.040431084931384,-34.168369034732592],[149.040392692993834,-34.167906061726143],[149.040314834124416,-34.166934910712833],[149.040546025161603,-34.166354383728418],[149.040573859220274,-34.165843032727238],[149.040258553346405,-34.165192433696035],[149.040449183457497,-34.164058514704358],[149.040550506620292,-34.162609465702914],[149.041139497724942,-34.161050543742078],[149.04126257477364,-34.16050573774875],[149.041128357852784,-34.160021744734024],[149.040626814983739,-34.159555169688289],[149.039878608158773,-34.159024842621214],[149.038551552453811,-34.158210134503115],[149.037516846648799,-34.157860540413019],[149.036247229850943,-34.157734617304548],[149.03513285107212,-34.157266869206893],[149.033717829273115,-34.157324251087395],[149.031862019564414,-34.157174072929116],[149.029893513891437,-34.156867419760225],[149.029197408071383,-34.156234400696889],[149.028899443246246,-34.155165104664256],[149.028969765294249,-34.15468902766694],[149.029210294352225,-34.153927446682047],[149.029483722376341,-34.153402775701586],[149.029716049407796,-34.152867482717575],[149.029868580441132,-34.15241265872735],[149.029977564494629,-34.151845471732663],[149.029898680561473,-34.151394474722863],[149.029088570872347,-34.149829710643431],[149.028195186115482,-34.148917256561447],[149.027034467372431,-34.14821274945826],[149.026083874568428,-34.147753523374575],[149.024695004841817,-34.147188442253025],[149.023856568004902,-34.146863031179777],[149.023009113170161,-34.146530493105708],[149.021811929410205,-34.146007463000721],[149.020726614618809,-34.145606942906049],[149.019641965753863,-34.145805718815566],[149.017365091032644,-34.146261535625939],[149.016580968118632,-34.146500577561213],[149.015633548246228,-34.146595909481661],[149.01510230539526,-34.146016639432695],[149.013565584901244,-34.143728720286802],[149.012547990242609,-34.142162347189839],[149.011636440513172,-34.141046531104976],[149.011236573668072,-34.140261547065698],[149.011257573767466,-34.139424446061703],[149.011487030814465,-34.138764841076558],[149.011844610813853,-34.138340603103899],[149.012259300791129,-34.138028495136837],[149.012635042764373,-34.137796185167034],[149.013020912754172,-34.137416713197084],[149.013896904728711,-34.13657288026539],[149.014961039701859,-34.13551512234816],[149.016042809651736,-34.134626667433594],[149.016868658624816,-34.133855496498192],[149.017290206635721,-34.133260575529768],[149.017886441702984,-34.131995632571503],[149.018524824757264,-34.130786527617197],[149.01907625978123,-34.129929401657961],[149.019418932779473,-34.129532252684236],[149.019909574774857,-34.128981416721963],[149.01998678078246,-34.128826581727438],[149.020030695786829,-34.128738537730548],[149.020069006790635,-34.128661689733249],[149.020091497792805,-34.128616582734857],[149.019980628889158,-34.127962571720943],[149.019834316962971,-34.127535285705598],[149.019513244051012,-34.127201342676095],[149.01920739212855,-34.126934986648372],[149.019069149159662,-34.126846799636049],[149.018702950276378,-34.126332670601492],[149.018434710365057,-34.125930009576003],[149.018376156416764,-34.125577913568613],[149.017831709566224,-34.125010180518586],[149.017525337646589,-34.124721217490645],[149.016873377804671,-34.124211777431938],[149.016569426872252,-34.124024546404911],[149.01341902950432,-34.12264016812864],[149.012738611602884,-34.122651329071132],[149.012155067679089,-34.122728742022268],[149.011597393758507,-34.122749179975202],[149.011012764840387,-34.122781377925946],[149.010382768952411,-34.122622079871526],[149.008971224232539,-34.122026880747953],[149.007801965466939,-34.121514553645461],[149.00652759669714,-34.121162233535188],[149.005949905812628,-34.120911591484571],[149.005394641949806,-34.120457045434442],[149.005169171022573,-34.120132809413128],[149.005068847063342,-34.119919601403161],[149.004981859174165,-34.119118176390259],[149.005084047264489,-34.118257132392955],[149.005019479326393,-34.117828493384536],[149.004685956551725,-34.116386556346349],[149.004358859813493,-34.114639207306588],[149.004192380924735,-34.113929546287601],[149.003951365160447,-34.112291648255869],[149.003712062307102,-34.111379625229326],[149.003518403563305,-34.109517018200066],[149.003352470671643,-34.108829965181272],[149.003149194767445,-34.108290512160345],[149.002917377874297,-34.107694982136607],[149.002971823936946,-34.107117397137223],[149.003351679951692,-34.106540833165383],[149.003773738959694,-34.105968564197134],[149.004098950990056,-34.10533002422023],[149.004248362040329,-34.104739593228786],[149.004963076181639,-34.102726462275342],[149.005562246233126,-34.101585911318146],[149.006196878236693,-34.10079531436638],[149.006996895205248,-34.100092473429207],[149.00815808115334,-34.099123644520773],[149.008558933132974,-34.098809518552514],[149.009343999092977,-34.098194283614703],[149.011499553960874,-34.096689000786732],[149.012583302898065,-34.095902318873009],[149.013132419873727,-34.095442795916327],[149.013424028860783,-34.095198768939305],[149.013827286897879,-34.094411925968011],[149.014131288970049,-34.093457097987141],[149.015132727975072,-34.092214856063322],[149.016170492945264,-34.09121406114425],[149.016776736888062,-34.090955332193765],[149.017495288796511,-34.090841767253828],[149.018622499643158,-34.090744095348583],[149.019506964513852,-34.090740867423449],[149.019976893477718,-34.090473067461389],[149.020375596468426,-34.090070736492358],[149.020484871520381,-34.089514870497773],[149.020387948613234,-34.088871918485118],[149.020087803735805,-34.088230006455248],[149.019874714807912,-34.087895900434894],[149.019738840859503,-34.087637083421605],[149.019415999995857,-34.086909054389231],[149.018883450235109,-34.085591660335034],[149.018460010445665,-34.084377379290764],[149.018040879633531,-34.08334395624815],[149.017782572810546,-34.082206120218402],[149.017396830961729,-34.081432222180389],[149.017413252085191,-34.080402949174655],[149.017642727201348,-34.079177947185613],[149.018171428274229,-34.077948034221862],[149.018727835322551,-34.076885621261638],[149.01923331837807,-34.075825710297089],[149.019713650496698,-34.074279968327062],[149.020362539563251,-34.072957609372843],[149.020927651653039,-34.071546165410936],[149.021155708776348,-34.070264646421371],[149.021401388876313,-34.06915245643448],[149.021486818984215,-34.068167286434893],[149.02175713207987,-34.067061067450133],[149.021121978361066,-34.065522362385693],[149.020758556604335,-34.063967871344175],[149.020545038888741,-34.061897249311755],[149.020615264007176,-34.060844480310422],[149.02088284906111,-34.060082468327799],[149.020900286178858,-34.05909840832247],[149.0210787612844,-34.05802124033012],[149.021356439354832,-34.057112057347346],[149.021510926447235,-34.056170971353914],[149.021623060615298,-34.054661737352944],[149.02182441173963,-34.053403272361287],[149.022435013797946,-34.052194611404623],[149.023000616814414,-34.051382455446891],[149.0237651557579,-34.050928867508503],[149.024660935636831,-34.050846274583797],[149.025682301481055,-34.050897297670652],[149.026813797302452,-34.051003028767219],[149.027895211108955,-34.051290504860802],[149.02886839392832,-34.051602362945388],[149.030081361668834,-34.052272108052769],[149.030996553445419,-34.053003301135362],[149.03187998625009,-34.053542771213948],[149.032505725158387,-34.053543730266966],[149.03360411601497,-34.053401184359025],[149.035437159842587,-34.052616017508917],[149.036646552741246,-34.051996684607097],[149.03725327067994,-34.051771777656953],[149.038271137542665,-34.051675754742547],[149.039987306279642,-34.051771667888652],[149.041707859063052,-34.051483035032483],[149.043223361881616,-34.051152549158651],[149.043987513826636,-34.050687532220202],[149.044610267819735,-34.049998719268217],[149.045046455820426,-34.049471304301541],[149.046300897828871,-34.047901270397006],[149.047153114797169,-34.047140778464005],[149.047758141813574,-34.046282624509345],[149.047999874863109,-34.045588827525037],[149.04791423496539,-34.044855258512698],[149.04695273429158,-34.043339531420685],[149.045888255604268,-34.042056879321564],[149.045178076792553,-34.041367623256583],[149.04464298189464,-34.041172989209869],[149.043511066075951,-34.041044805113039],[149.042381050247343,-34.040995737016921],[149.042106402231639,-34.041452604996792],[149.041955994188356,-34.041986563987756],[149.041748495167099,-34.042408391973076],[149.041237789141263,-34.043231027935498],[149.040838059157466,-34.043576894904021],[149.039781126292041,-34.043741438815573],[149.03888957046081,-34.043428317737842],[149.037935723609564,-34.043353657656489],[149.03667188578919,-34.043397214549692],[149.035377344991275,-34.04329427343928],[149.034003116223971,-34.043036191321072],[149.032809788450123,-34.042614929217052],[149.031673821652817,-34.042317092118736],[149.030691460812591,-34.042186317034613],[149.029683246969199,-34.042112516948691],[149.028733315167074,-34.041630647864892],[149.028092050341201,-34.04097406980604],[149.027585138504236,-34.040247429758061],[149.027295207638673,-34.039494596728296],[149.02727580167047,-34.03925753472501],[149.02721849576443,-34.038557311715302],[149.027392406823623,-34.037864681725239],[149.027786222901113,-34.036759151750942],[149.028041419949972,-34.03605386376767],[149.028817917969207,-34.034966817825904],[149.029326007009189,-34.034031199862476],[149.029909061002428,-34.033388346907415],[149.03062280793398,-34.033093860965835],[149.031476518824661,-34.032966688037277],[149.032253256702859,-34.03303300310354],[149.033102009550021,-34.033267743177078],[149.033677810442043,-34.033461759227194],[149.034419175297728,-34.033754801292034],[149.035091760167518,-34.034015053350835],[149.035748604050639,-34.034185108407662],[149.036486723923417,-34.034342498471304],[149.03705821283819,-34.03435564751981],[149.037749882746681,-34.034276342577883],[149.038179758710925,-34.034054366612764],[149.0386300467068,-34.033549361647424],[149.038835913736534,-34.033059720661491],[149.039119561774413,-34.032410475681033],[149.039275983855532,-34.031559800688392],[149.039152621948006,-34.030951234673715],[149.038690512083747,-34.030393512630702],[149.037940523273534,-34.029738790562604],[149.037087198450536,-34.029311925487335],[149.036408159614865,-34.028780405426097],[149.036103976684956,-34.028570594398886],[149.035502055870467,-34.027773416342356],[149.035335791980145,-34.027075093323432],[149.035303030083014,-34.026272788315097],[149.035640784114435,-34.025611343339136],[149.036178901134974,-34.024799589379114],[149.036684344118726,-34.024327599418662],[149.037206066086327,-34.023968420460392],[149.037864524030027,-34.02364089251391],[149.038650987926275,-34.023548706579923],[149.039336543796992,-34.023786108639669],[149.039879374653793,-34.024308566689285],[149.04024874351893,-34.024969589725174],[149.041008215317078,-34.025712158794697],[149.042021610063102,-34.026577327886585],[149.042872756897452,-34.026913736961056],[149.043963967720714,-34.027053907054508],[149.047824077234509,-34.026412980377302],[149.049564133010819,-34.026161412523102],[149.051346129746918,-34.026188221674381],[149.053301831473192,-34.026087730839528],[149.054300331366534,-34.025765737921979],[149.055133761362526,-34.024801967985979],[149.055241062492343,-34.023612864986845],[149.055129248661984,-34.022359580968676],[149.055131904786094,-34.021341843961849],[149.055337074887944,-34.020264189971783],[149.055673854048678,-34.018547535988453],[149.055656401139686,-34.01782413098195],[149.055478591239989,-34.017216497962664],[149.055305685314693,-34.016812302945212],[149.054980005428064,-34.016274984913856],[149.054452921557981,-34.015842806866168],[149.053805702694149,-34.015503066808932],[149.052640676911864,-34.015115453707445],[149.051702342119,-34.014543108623904],[149.051125256303123,-34.013727281569324],[149.050681931479005,-34.012818747525415],[149.050661394586001,-34.011968440517798],[149.050738036738096,-34.01063284851503],[149.051215853796435,-34.009584566548284],[149.051731176796807,-34.008965356587694],[149.05258378976103,-34.008238735654956],[149.053760362689673,-34.007416242749031],[149.055771567538159,-34.006251853911522],[149.0566420644777,-34.005705829981572],[149.057677769451573,-34.004682104062319],[149.058675941414236,-34.003794712140845],[149.060300822369896,-34.002215859267736],[149.061221164393601,-34.000922673336845],[149.061709110467149,-33.999738490370028],[149.061750318621336,-33.998428445364439],[149.061735195662465,-33.99810991836096],[149.061677001673814,-33.998086755355864],[149.061618619685163,-33.998064067350732],[149.061560048696379,-33.998041846345622],[149.06150129870764,-33.998020108340491],[149.061442387718841,-33.997998846335342],[149.061287014747876,-33.997947159321811],[149.061253113754105,-33.99793674331886],[149.061219309760332,-33.997926094315901],[149.0611856147666,-33.997915185312976],[149.061152044772825,-33.997904043310065],[149.061118590779159,-33.997892659307134],[149.061040469794051,-33.997863965300319],[149.060963441809065,-33.997833102293562],[149.060886880824143,-33.997801280286843],[149.0608101578392,-33.997769763280111],[149.060732646854234,-33.997739751273343],[149.060659105868211,-33.997712967266914],[149.060585215882213,-33.997686801260464],[149.0605110208962,-33.997661245254001],[149.060436530910124,-33.997636289247502],[149.060361788924013,-33.997611934240993],[149.060268150941198,-33.997583429232854],[149.060173652958241,-33.997556752224639],[149.060078939975284,-33.997530551216428],[149.059984655992366,-33.99750346220825],[149.059891449009569,-33.997474132200125],[149.059799523026811,-33.997442867192113],[149.059708036044128,-33.997410481184133],[149.059617284061545,-33.997376669176205],[149.059527564078991,-33.997341164168354],[149.059439170096482,-33.997303695160589],[149.059274877130122,-33.997224956146106],[149.059115730164024,-33.997137792132001],[149.058960241198093,-33.99704500711816],[149.058806947232171,-33.996949380104489],[149.058654380266148,-33.996853709090892],[149.058389933325628,-33.996683144067283],[149.058131707385058,-33.996505399044139],[149.057878268444483,-33.996322410021385],[149.057628190503749,-33.996136130998885],[149.057380058562956,-33.995948498976539],[149.057198214605933,-33.995814380960169],[149.057014282649078,-33.995681105943646],[149.056833649692067,-33.995545338927393],[149.056661737734487,-33.995403726911832],[149.056503926775974,-33.995252971897401],[149.056375858812061,-33.995110597885549],[149.056255947847745,-33.994961912874352],[149.056144309882882,-33.994808225863807],[149.056041026917171,-33.994650827853974],[149.055946187950582,-33.994491008844811],[149.055848372988208,-33.994299915835192],[149.055764274024625,-33.994103012826692],[149.055690536059899,-33.993902273819039],[149.055623826094433,-33.993699615811984],[149.055560783128385,-33.99349699380523],[149.055525815148258,-33.993376159801436],[149.05549406416776,-33.993254634797893],[149.055463838187052,-33.993132786794497],[149.055433441206389,-33.993010957791064],[149.055401180225942,-33.992889504787492],[149.055353824253473,-33.992720963782304],[149.055305365281129,-33.992552619777022],[149.055255319308969,-33.992384589771618],[149.055203212337062,-33.992217026766035],[149.05514856736545,-33.992050089760241],[149.055088348396993,-33.99186396175385],[149.055028800428545,-33.991676955747501],[149.054964807460607,-33.991491346740787],[149.054891257493608,-33.991309396733293],[149.054803034527993,-33.991133370724583],[149.054708904561267,-33.990973534715494],[149.054605926595627,-33.990815365705657],[149.054492908630891,-33.990662028695013],[149.054368685666788,-33.990516668683469],[149.054232074703151,-33.990382461670947],[149.054032779751253,-33.990227027652978],[149.05380860780096,-33.990088042632998],[149.053567306851363,-33.989963866611674],[149.053316601901571,-33.989852840589641],[149.053064202950594,-33.989753315567555],[149.052732939012259,-33.989644611538701],[149.052386391073384,-33.989558802508725],[149.052030333133388,-33.989493180478078],[149.051670545191769,-33.989445019447231],[149.051312793248144,-33.989411614416667],[149.05105155528787,-33.989398350394431],[149.050788892326523,-33.989395977372148],[149.050525495364354,-33.989401402349834],[149.050262097401571,-33.989411516327571],[149.049999398438501,-33.989423208305389],[149.049784289468278,-33.989436638287231],[149.04956945049733,-33.989455321269155],[149.049354708526323,-33.989475071251078],[149.049139895555669,-33.989491683232977],[149.048924840585926,-33.98950097221482],[149.048691588620187,-33.989499477195018],[149.048458130655519,-33.989489261175159],[149.048224556691338,-33.989475431155263],[149.047990936726933,-33.989463054135364],[149.047757344761806,-33.989457239115524],[149.047617999782602,-33.989453466103683],[149.047477273803963,-33.989446969091709],[149.047337229824819,-33.989443483079825],[149.047199945844227,-33.989448764068214],[149.047067484861145,-33.989468558057112],[149.046915123877483,-33.989517037044536],[149.046769208890254,-33.989587047032664],[149.046627846900719,-33.989670423021245],[149.046489173910146,-33.98975894401012],[149.046351289919841,-33.98984441699902],[149.046208304929706,-33.989934505987506],[149.046069828938244,-33.990029991976435],[149.045932553946471,-33.990126849965471],[149.045793172955342,-33.990221071954302],[149.04569254296257,-33.9902819379462],[149.044650860044612,-33.990855784861878],[149.044524916056588,-33.990908126851565],[149.044388662071242,-33.990951144840309],[149.044246762088079,-33.990982976828498],[149.044103911106646,-33.991001773816528],[149.043964781126448,-33.991005655804756],[149.043811980151105,-33.990987010791677],[149.043659063178495,-33.990945579778426],[149.043507374207536,-33.990889007765176],[149.043358294237123,-33.990824951752103],[149.043213166266128,-33.990761074739346],[149.043014641306542,-33.990667777721889],[149.042822381347435,-33.990562773704852],[149.042636234388567,-33.990448688688282],[149.042456049429603,-33.990328114672181],[149.042281690470276,-33.990203676656535],[149.042134511505935,-33.990087646643254],[149.041994672541392,-33.989964750630563],[149.041858132576721,-33.989838672618113],[149.04172088461209,-33.989713122605608],[149.04157891264768,-33.989591794592727],[149.0414201956863,-33.989465259578402],[149.041259004725077,-33.989340722563881],[149.041095456763912,-33.989218265549169],[149.040929675802772,-33.989097968534274],[149.040761788841735,-33.988979940519236],[149.040595757879771,-33.988867146504376],[149.040427395917874,-33.988756611489343],[149.040257078955989,-33.98864807547416],[149.040085167994135,-33.988541332458851],[149.039912028032262,-33.988436104443444],[149.039730148071612,-33.988331368427311],[149.039544709111027,-33.988230631410879],[149.039358706150381,-33.98813059339443],[149.039175114189703,-33.98802797437817],[149.038996964229,-33.987919491362312],[149.038822614268469,-33.987804761346737],[149.038650989307968,-33.98768652633138],[149.038483192347371,-33.987564482316309],[149.038320334386583,-33.987438286301639],[149.03816352642545,-33.987307618287453],[149.038059176451753,-33.987216894277971],[149.037955848478134,-33.987124753268581],[149.037855667504232,-33.987030398259442],[149.037760747530029,-33.98693297725071],[149.037673232555193,-33.986831675242598],[149.037616427572431,-33.986758278237275],[149.037562410589487,-33.986683087232166],[149.037511360606317,-33.98660637322731],[149.037463430622836,-33.986528369222718],[149.037418807639028,-33.986449342218378],[149.037201968715351,-33.98608353919748],[149.036976452792089,-33.985725014175877],[149.036725040869896,-33.985388299152241],[149.03656764191561,-33.985202198137614],[149.036406747961621,-33.98501772712271],[149.036240430007808,-33.984838474107363],[149.036066735053993,-33.984668060091465],[149.035883726099968,-33.98451008707486],[149.035660083152408,-33.984348143054795],[149.035422654204837,-33.984202792033663],[149.035176342257159,-33.984068888011869],[149.034926022309293,-33.983941285989772],[149.034676608361139,-33.983814839967764],[149.034333843432051,-33.98364394093754],[149.033986040502668,-33.98348184490694],[149.033634052572779,-33.983328372876059],[149.033278701642388,-33.983183290844948],[149.032920814711332,-33.983046409813674],[149.032539342783508,-33.982911394780416],[149.032153810855107,-33.9827863647469],[149.031765150925992,-33.982670308713161],[149.031374275996285,-33.982562175679298],[149.030982128065915,-33.982460936645374],[149.03062660712834,-33.982374586614661],[149.030269410190385,-33.982293641583844],[149.029910716251862,-33.982219267552942],[149.029550767312514,-33.982152674521998],[149.029189769372266,-33.982095018491016],[149.028898224420175,-33.982051480466005],[149.028605460468043,-33.982009475440925],[149.028312149515131,-33.98197461441584],[149.028018982560639,-33.981952473390862],[149.027726621603762,-33.981948655366054],[149.027490876637046,-33.981958095346151],[149.027254200669461,-33.981975862326244],[149.027018348700523,-33.982003561306463],[149.026785060729793,-33.982042752286972],[149.026556101756853,-33.982095030267942],[149.026276558788112,-33.98217334924481],[149.026208127793865,-33.982208354239255],[149.026140207799386,-33.98224410223375],[149.026072824804743,-33.982280577228302],[149.026006015809969,-33.982317769222895],[149.025939825815016,-33.982355642217556],[149.025879237819623,-33.982390288212663],[149.025818470824277,-33.982424988207754],[149.025758528828703,-33.982460539202933],[149.02570042383266,-33.982497767198261],[149.025645160835865,-33.982537504193857],[149.025568159839167,-33.982602368187791],[149.025496581841054,-33.982672682182212],[149.025429674841774,-33.98274691317706],[149.02536669384159,-33.982823573172261],[149.025306885840877,-33.982901157167731],[149.025233657838754,-33.983006099162267],[149.025167691835094,-33.983115254157426],[149.025107793830159,-33.983227375153128],[149.025052763824306,-33.983341263149264],[149.025001408817815,-33.9834556891457],[149.024952115810692,-33.98357309114234],[149.024906730802769,-33.983692115139327],[149.024866346793999,-33.983812448136746],[149.024832104784196,-33.983933731134684],[149.024805104773264,-33.984055642133249],[149.02478510576077,-33.984181613132428],[149.024772080747198,-33.984308965132193],[149.024765805732471,-33.984436953132558],[149.02476602871684,-33.984564861133464],[149.02477253670034,-33.98469193513489],[149.02478930768001,-33.984838568137334],[149.024816100658228,-33.984985049140626],[149.02485089863535,-33.98513092014457],[149.024891702611711,-33.985275743149032],[149.024936485587688,-33.985419078153818],[149.024979449566331,-33.985542584158324],[149.025027236544418,-33.98566509516322],[149.02507866252202,-33.985786737168411],[149.025132553499446,-33.985907670173795],[149.025187726476673,-33.986028039179324],[149.02524192245474,-33.986142877184705],[149.025298117432556,-33.986257114190252],[149.025356158410233,-33.986370733195962],[149.025415903387739,-33.986483734201798],[149.02547718136509,-33.986596089207772],[149.025542178341112,-33.986714575214101],[149.025607740317042,-33.986833106220459],[149.025675759292767,-33.986950571227055],[149.025748107268157,-33.987065830233966],[149.025826667243052,-33.98717775524139],[149.025933526211247,-33.987310323251364],[149.026049743178646,-33.987438285262108],[149.026172594145521,-33.987562669273366],[149.026299345112136,-33.98768450828495],[149.026427251078786,-33.987804823296607],[149.026578993039692,-33.987943371310429],[149.026735315000337,-33.988078737324606],[149.026895473960792,-33.988211171339088],[149.027058734921098,-33.98834090835382],[149.027224352881376,-33.988468206368729],[149.02737871184496,-33.988581798382583],[149.027536261808478,-33.98869248539669],[149.027695802771859,-33.988801344410966],[149.027856104735235,-33.988909477425295],[149.02801596769865,-33.98901796043959],[149.028155921666666,-33.989112297452095],[149.028296915634712,-33.989205622464681],[149.028437820602733,-33.989299027477273],[149.028577478570782,-33.989393606489749],[149.028714770538897,-33.989490463502051],[149.028871711502546,-33.989600559516106],[149.029030865465899,-33.989710359530349],[149.029185816429475,-33.989823279544261],[149.029330100393821,-33.989942707557312],[149.02945728935947,-33.990072039568979],[149.029509298344209,-33.990134787573822],[149.029558815329125,-33.990199238578469],[149.029605697314196,-33.990265160582894],[149.029649764299592,-33.990332309587082],[149.029690846285234,-33.990400444591046],[149.02977566325481,-33.990548162599254],[149.029843457226519,-33.990698972606033],[149.029906080190727,-33.990917317612855],[149.029936145158132,-33.991147960617006],[149.029938234128991,-33.991384215618808],[149.029916882103407,-33.991619403618643],[149.029876687081497,-33.991846820616807],[149.029826937066076,-33.992032885613888],[149.029760236053249,-33.992217687609525],[149.029679059042877,-33.992399656603901],[149.029585869034804,-33.99257722359723],[149.0294831240289,-33.992748803589734],[149.029355988024747,-33.99293491358025],[149.029213856023318,-33.993116371569464],[149.029058188024806,-33.993290891557486],[149.028890427029097,-33.993456160544433],[149.028712053036401,-33.993609875530375],[149.02850734304792,-33.993760479514094],[149.028500960048291,-33.993765185513574],[149.02827288106414,-33.99390813349526],[149.028032198083309,-33.994039044475763],[149.027783314105108,-33.994158247455523],[149.027530592128841,-33.99426605643486],[149.02720420516232,-33.994382570408021],[149.026863790200423,-33.99447808237985],[149.026514257241928,-33.994556355350795],[149.026160512285713,-33.994621192321276],[149.025807430330531,-33.994676374291757],[149.0255148283685,-33.99471531326725],[149.025219725407879,-33.994746257242468],[149.024923224448457,-33.994768685217508],[149.024629197489787,-33.994781970192705],[149.024626400490178,-33.99478209519247],[149.024330356532943,-33.994785976167428],[149.024066403571851,-33.99478323314505],[149.023801186611593,-33.994775031122536],[149.023536659652223,-33.994758672100026],[149.023274741693825,-33.99473142107766],[149.02301734073643,-33.994690573055564],[149.022764959779693,-33.994638259033835],[149.022512534824159,-33.994575771012038],[149.022264850869476,-33.994501198990534],[149.02202666991505,-33.994412634969748],[149.02180273196052,-33.994308159950066],[149.021642948995066,-33.9942164759359],[149.02148993402983,-33.994114805922258],[149.02134294306461,-33.994005704909036],[149.021201231099241,-33.993891691896238],[149.021064046133489,-33.993775348883844],[149.020918328171007,-33.993641946870582],[149.020780148208274,-33.993502260857909],[149.020647526245256,-33.99335821784566],[149.020518463281974,-33.993211773833735],[149.020390978318488,-33.993064880821905],[149.020243959361579,-33.992888065808238],[149.020103431404152,-33.992707369795092],[149.019965807446539,-33.992524898782172],[149.019827547488973,-33.992342767769209],[149.019685047531709,-33.992163111755886],[149.019588585560967,-33.99203856574686],[149.019494858590207,-33.991911187738047],[149.019398469619574,-33.991785978729013],[149.019294029649245,-33.991667904719357],[149.019176144679392,-33.99156192370863],[149.019073731703031,-33.991490848699485],[149.01896333072699,-33.991426907689679],[149.018848323751058,-33.991367073679527],[149.018732114775219,-33.991308341669281],[149.018618074799264,-33.991247699659219],[149.018449354835099,-33.991156141644289],[149.018278743870923,-33.991066591629227],[149.018108804906745,-33.99097636861422],[149.017942047942597,-33.990882811599448],[149.017780982978223,-33.990783221585112],[149.01758943202222,-33.990651898568004],[149.01740344806629,-33.990513665551298],[149.017223864110122,-33.990369183535094],[149.017051585153609,-33.990219153519469],[149.016887374196472,-33.990064246504488],[149.016603198275504,-33.989756772478302],[149.016291395372832,-33.989332523448958],[149.016017518468402,-33.98887709842262],[149.015761704563204,-33.988406291397702],[149.01550407065821,-33.987935905372638],[149.015224760754421,-33.987481726345834],[149.015177296769991,-33.987410991341328],[149.015129841785551,-33.987340238336827],[149.015082054801155,-33.987269710332285],[149.01503363081676,-33.987199647327706],[149.014984221832407,-33.987130302323052],[149.014800073888267,-33.986893168305812],[149.014603206944798,-33.986665169287576],[149.014398497001793,-33.986442906268692],[149.014190837058976,-33.986223001249598],[149.013985096116016,-33.986002012230642],[149.013705895193084,-33.985704156204953],[149.013421405270407,-33.985411078178842],[149.013135902347727,-33.985118941152656],[149.012853644424922,-33.984823954126711],[149.012578916501866,-33.984522324101377],[149.012433225542935,-33.984359735087914],[149.012286475584176,-33.984197514074374],[149.012142254625275,-33.984033356061019],[149.012004164665967,-33.983864949048161],[149.011875826706046,-33.983689990036098],[149.011751343747335,-33.983500598024236],[149.011633539788335,-33.983305291012918],[149.011524313828772,-33.983104784002293],[149.011425583868174,-33.982899848992503],[149.011339233906227,-33.982691193983747],[149.011267557942915,-33.98247637197619],[149.011209712978228,-33.982255937969768],[149.01116180101252,-33.98203194596416],[149.011119930046164,-33.981806419959057],[149.01108019207939,-33.981581414954128],[149.011032611128428,-33.981236291947717],[149.011004150175069,-33.980887816942889],[149.010982824220832,-33.980538040938661],[149.010956649267229,-33.98018900993403],[149.010913649315739,-33.979842748927979],[149.010867646352779,-33.979593970922373],[149.010813512390882,-33.979346528916068],[149.010756474429314,-33.97909953490953],[149.010701758467491,-33.978852145903183],[149.010654598504686,-33.978603502897471],[149.01061633054357,-33.978330530892343],[149.010587565581261,-33.978055918887989],[149.010561273618606,-33.977780920883873],[149.010530446656531,-33.977506774879352],[149.010488055695902,-33.977234780873879],[149.010470163709357,-33.977145866871751],[149.010450666723017,-33.977057248869478],[149.0104308477367,-33.976968692867189],[149.010412040750253,-33.976879976864993],[149.010395538763561,-33.976790856862976],[149.010352645821115,-33.976370193856432],[149.01035231287338,-33.975941830853422],[149.010378971922222,-33.975509264852683],[149.010417049969504,-33.975075935852914],[149.010451008017014,-33.974645294852792],[149.010457893034186,-33.974496617852338],[149.010462815051625,-33.974347384851725],[149.010469835068761,-33.974198500851294],[149.010483040084864,-33.974050881851376],[149.010506500099154,-33.973905439852352],[149.010569303117506,-33.973679528856103],[149.010657142131691,-33.973458117862009],[149.010761690142971,-33.973240542869341],[149.010874593152636,-33.973026113877417],[149.010987549161968,-33.972814150885497],[149.011134936171857,-33.972556541896189],[149.011296720178734,-33.972306562908138],[149.011464365184366,-33.97205960392062],[149.011629349190599,-33.971811066932865],[149.01178311819919,-33.971556389944105],[149.012006656216158,-33.971149583960205],[149.012221175235396,-33.970735176975495],[149.012420134257781,-33.970313320989405],[149.012596996284287,-33.969884151001402],[149.012745209315881,-33.969447800010926],[149.012807662331653,-33.969243375014791],[149.012869121347848,-33.969037086018552],[149.012923408365253,-33.96882942502171],[149.012964339384695,-33.968620904023723],[149.012985720407016,-33.968412006024089],[149.012987541429851,-33.968223062022929],[149.012976453454712,-33.96803216402067],[149.012953364481319,-33.967841401017395],[149.012919149509315,-33.967652869013193],[149.012874698538241,-33.967468695008158],[149.012781036584613,-33.967200588998359],[149.012655129634737,-33.966940148985898],[149.012507593687218,-33.966686134971646],[149.01234904974072,-33.966437310956508],[149.012190110793767,-33.966192440941349],[149.012034273843653,-33.965969594926612],[149.011865608894453,-33.965754825910849],[149.011693447945532,-33.96554236989482],[149.011527140996094,-33.965326407879239],[149.011376010045609,-33.965101150864882],[149.011287115076982,-33.964950080856319],[149.011201877108164,-33.964796544848035],[149.011120396139034,-33.964640865840053],[149.011042724169556,-33.964483350832396],[149.010968960199705,-33.964324310825063],[149.010790670285473,-33.96383426480655],[149.010665079366305,-33.963321101792367],[149.010565699444868,-33.962795853780321],[149.010466112523545,-33.962269593768248],[149.01033985860488,-33.961753310753977],[149.010231154663813,-33.961400136742341],[149.010115243723504,-33.961049087730082],[149.009996320783557,-33.9606989077176],[149.009878598843443,-33.960348342705188],[149.009766281902785,-33.959996154693251],[149.009657943962566,-33.959635057681588],[149.009553003022035,-33.959272921670184],[149.009450420081237,-33.958910058658979],[149.009349164140275,-33.958546810647903],[149.009248194199301,-33.958183516636836],[149.009133402265917,-33.957773888624288],[149.00901855733261,-33.957364198611721],[149.008905602399096,-33.956954014599312],[149.00879648446508,-33.95654290758722],[149.008693104530465,-33.956130428575619],[149.008642377565849,-33.95590053756974],[149.008596831600727,-33.95566913256426],[149.008550739635609,-33.955437986558756],[149.00849837267117,-33.955208902552748],[149.008434056708012,-33.954983654545742],[149.00834214075357,-33.95471986253613],[149.008238364800519,-33.95445875852554],[149.008123169848631,-33.954201930513996],[149.007997037897582,-33.953950965501591],[149.007860471947168,-33.953707404488348],[149.007683524005728,-33.953438655471516],[149.007486128065807,-33.953182060453031],[149.007277286126737,-33.952932216433631],[149.007066032187794,-33.952683716414022],[149.006861340248435,-33.952431164394945],[149.006660995307783,-33.952184098376293],[149.006454403367599,-33.951940223357127],[149.006251746427182,-33.951694099338262],[149.006063288485564,-33.951440310320557],[149.005899220542005,-33.951173416304819],[149.005801764579587,-33.950981613295248],[149.005712734616594,-33.950784558286351],[149.005631736652902,-33.950583522278102],[149.005558340688424,-33.950379788270475],[149.005492159723076,-33.950174611263456],[149.005404483778278,-33.949826324253614],[149.005344300830586,-33.949469234246038],[149.005302053880882,-33.949106873239948],[149.005268179930169,-33.948742773234564],[149.005233095979406,-33.948380475229094],[149.005202548017621,-33.948103559224585],[149.005172797055707,-33.947826195220131],[149.005147214093284,-33.947548562216049],[149.005129188129757,-33.947270857212587],[149.005122072164625,-33.946993251210067],[149.005124690192645,-33.946759900208669],[149.005133430219814,-33.946526226207787],[149.005148275246142,-33.946292696207415],[149.005169144271463,-33.94605978420757],[149.005196063295728,-33.945827975208239],[149.005218805312836,-33.945660411208991],[149.00524419232957,-33.945492972209983],[149.005273020345669,-33.94532608121127],[149.005306044361049,-33.945160166212915],[149.005344070375571,-33.94499564121498],[149.005414859397803,-33.94472830721913],[149.005496029418481,-33.944461494224143],[149.005589910436754,-33.944198875230263],[149.005698832451912,-33.943944127237707],[149.005825108463114,-33.943700898246703],[149.005951618469282,-33.943499002255997],[149.006092362472458,-33.943304393266565],[149.00624386347323,-33.943116409278076],[149.006402634472266,-33.942934368290246],[149.00656517847014,-33.942757589302772],[149.006872222460686,-33.942467496326749],[149.007207683443852,-33.942204349353311],[149.007557969423118,-33.941954916381206],[149.007909546402203,-33.941705986409232],[149.008248843384621,-33.941444345436132],[149.008522514370213,-33.941235080457837],[149.008808439353345,-33.941031176480614],[149.009085184338602,-33.940820916502581],[149.009331345330537,-33.940592612521819],[149.009525470333642,-33.940334556536456],[149.00959909133914,-33.940201235541771],[149.009666788346181,-33.940062544546535],[149.009725986354937,-33.939919873550558],[149.009774097365636,-33.939774575553614],[149.009808546378451,-33.939627996555508],[149.009819464386851,-33.939546083555868],[149.009824708396167,-33.939463184555734],[149.009827451405926,-33.939379801555397],[149.009830867415587,-33.939296462555099],[149.009838146424642,-33.939213680555149],[149.009856863437534,-33.939085279555833],[149.009880394449709,-33.938957318556945],[149.009907914461195,-33.938829922558384],[149.009938517472165,-33.938703243560091],[149.009971353482712,-33.938577406562004],[149.009997564489368,-33.938491316563621],[149.010027378495408,-33.938406050565547],[149.01005740850141,-33.938320919567516],[149.010084264507924,-33.93823521456919],[149.010104559515582,-33.938148290570297],[149.01012036352671,-33.938037603570862],[149.010128798539228,-33.937925015570805],[149.01013081655276,-33.937811549570185],[149.01012734756705,-33.93769820856911],[149.01011935258191,-33.937586006567649],[149.010104821596684,-33.937481916565702],[149.010082824612482,-33.937378552563111],[149.010057734628731,-33.937275430560277],[149.01003391764479,-33.937172102557554],[149.010015730660115,-33.937068111555291],[149.009999550680703,-33.936918340552886],[149.009989825700529,-33.936767512550993],[149.009985227719596,-33.936616110549565],[149.009984429738154,-33.93646459154845],[149.009986115756362,-33.936313458547545],[149.009991727783813,-33.936081031546401],[149.010003095810646,-33.935847411545737],[149.010023488835998,-33.935614580545867],[149.010056208859282,-33.935384546547034],[149.010104515879647,-33.935159281549545],[149.010155745893229,-33.934986876552678],[149.010217489904903,-33.934817026556736],[149.010286190915366,-33.934649041561393],[149.01043014393494,-33.93431585857126],[149.010489629942981,-33.934178574575334],[149.010505441944986,-33.934143355576424],[149.011099550973029,-33.933202332620176],[149.011386551987215,-33.93274238964127],[149.011968743867953,-33.933024531692503],[149.01218894282286,-33.933131238711894],[149.012572107754949,-33.933230658745018],[149.013852242512968,-33.933685275856512],[149.015382437254345,-33.933977268988059],[149.016337880097694,-33.93412015506992],[149.018370694792594,-33.934192520242512],[149.020335060523081,-33.934054618407878],[149.021851542337288,-33.933765537534271],[149.022986086212853,-33.933429871628007],[149.024238768116504,-33.932722369729177],[149.025113250061679,-33.932126773799105],[149.025511575076848,-33.931525791828669],[149.02583362716905,-33.930384458848017],[149.025995806290638,-33.929192928853467],[149.025880621410238,-33.928349408837867],[149.025669028550112,-33.927454631813745],[149.025367903673896,-33.926799095783686],[149.024938647822523,-33.926092849742432],[149.024770045898265,-33.925672904725232],[149.024720511997145,-33.924920762715828],[149.024632067138583,-33.923865449701012],[149.02462464723277,-33.923101359695067],[149.024625662335893,-33.922253975689287],[149.024600037471544,-33.921171214679596],[149.024613009566309,-33.920378403675187],[149.024596759652354,-33.919691770669033],[149.024594949689146,-33.919391709666805],[149.024647398719935,-33.919076589669054],[149.02474860274333,-33.918763352675455],[149.024893111758189,-33.91846891168565],[149.02507544876309,-33.918210193699288],[149.025284453756512,-33.918014885715628],[149.025538958739958,-33.917846138736017],[149.025819961717673,-33.917693114758762],[149.026108449693737,-33.917545038782144],[149.026385418672163,-33.917391064804541],[149.026633389653739,-33.917245785824541],[149.026884847634335,-33.917104243844861],[149.027136036615019,-33.916962532865142],[149.02738320959682,-33.916816733885071],[149.027622601580703,-33.916662929904284],[149.028213696551319,-33.916197214951112],[149.028746955537542,-33.91567313499263],[149.029250256531924,-33.91511799603142],[149.029751469527014,-33.914559109069984],[149.030278462515525,-33.914023769110905],[149.030898967495062,-33.913450080159478],[149.031528740472481,-33.912882918208894],[149.032167459447777,-33.912322577259118],[149.032814802420944,-33.911769335310119],[149.033470428391979,-33.911223490361856],[149.034630061296326,-33.910623115455948],[149.036077635146427,-33.910123648575123],[149.037279012993281,-33.909945263675681],[149.038770678772636,-33.909973418802281],[149.040713608451853,-33.910284691969096],[149.041926316239085,-33.910581623073945],[149.042982351039115,-33.910960396166082],[149.044006052847095,-33.911313280255293],[149.045159142623532,-33.911769679356205],[149.046957301252604,-33.912664465514851],[149.047630277120533,-33.912943884573842],[149.048970553886221,-33.913265033689704],[149.049478635810061,-33.913282992732903],[149.050395855691278,-33.913162040809844],[149.051370812593206,-33.912802350890004],[149.051936622537738,-33.912581562936445],[149.052996576479046,-33.911797731020883],[149.053649912449714,-33.911258451072541],[149.054360340444475,-33.9104540151272],[149.054662894475143,-33.909841322148594],[149.054865876542692,-33.909045353160302],[149.055125681592045,-33.908330607177348],[149.055203220632393,-33.907907496180989],[149.054973140738127,-33.907315167157371],[149.054634245864321,-33.906685288124251],[149.054506911968048,-33.905986725108605],[149.054310950186306,-33.904431258081189],[149.054415623284086,-33.903504846083628],[149.054746064330089,-33.902733168106295],[149.058087657210734,-33.899724987368799],[149.058417345194414,-33.899465798394957],[149.058745940178369,-33.899205194421022],[149.059073441162667,-33.89894319944699],[149.059399812147319,-33.898679825472847],[149.059725045132268,-33.898415070498586],[149.060206359108207,-33.898038436536808],[149.060697163081926,-33.897668491575864],[149.061179676057776,-33.897290863614174],[149.061636059040154,-33.896891167650111],[149.06204852703334,-33.896455050682071],[149.062377612044571,-33.895970563706626],[149.062647876070685,-33.89543415772583],[149.062902435100568,-33.894885919743615],[149.063184424122966,-33.894365944763933],[149.063536977126773,-33.893914293790694],[149.064005524108069,-33.893509083827624],[149.064536155074023,-33.89315550787019],[149.065108424028182,-33.892848453916628],[149.06570188397427,-33.892582831965122],[149.066296113915826,-33.892353541013946],[149.066664102877496,-33.892228905044313],[149.067038778836434,-33.892118934075334],[149.06741824179278,-33.892024085106883],[149.067800590746856,-33.891944843138766],[149.068183952698774,-33.891881673170857],[149.068889156608464,-33.891781508230018],[149.069609913513858,-33.891697631290604],[149.070330213414081,-33.891656574351444],[149.071034081308255,-33.891684873411371],[149.071705500195407,-33.891809068469222],[149.072105544123161,-33.891924398503974],[149.072513279047314,-33.892060022539532],[149.072906133970037,-33.892225094574023],[149.073261581893462,-33.8924287556056],[149.07355705181979,-33.892680168632431],[149.073790930749908,-33.89297408865432],[149.073998768677455,-33.89331980267437],[149.074162270608156,-33.893692775690845],[149.074263159547655,-33.894068483702021],[149.074283167501562,-33.894422390706161],[149.074224399473934,-33.894718561703243],[149.074105662454883,-33.89501618469523],[149.073943692442924,-33.895307281683493],[149.073755251436552,-33.895583865669423],[149.073557093434374,-33.895837959654379],[149.07327675444148,-33.896113826632501],[149.072947615460663,-33.896349060606198],[149.072591647486348,-33.896562511577471],[149.072230820513141,-33.896773022548302],[149.071887097535551,-33.896999453520692],[149.071638230549041,-33.897185457500868],[149.071391658561822,-33.897374588481256],[149.071146081574312,-33.897565083461728],[149.07090021758691,-33.897755191442187],[149.070652758599948,-33.8979431584225],[149.070474572611516,-33.898060613408177],[149.070284231625777,-33.898170790392797],[149.070099474638852,-33.898283952377902],[149.069938069646895,-33.898410345365086],[149.069817755646142,-33.898560205355921],[149.069745568637501,-33.898716797350879],[149.069693747623688,-33.898891882347698],[149.069663502605664,-33.899075778346408],[149.069656035584359,-33.89925881434705],[149.069672556560931,-33.899431317349645],[149.069741686525958,-33.899635284356933],[149.069863837484064,-33.899833002368666],[149.070020393438085,-33.900023101383269],[149.070192770390918,-33.900204228399154],[149.070362359345381,-33.900375018414756],[149.070777534245593,-33.900697802452214],[149.071269611143919,-33.900944212495695],[149.071804608041049,-33.901149011542515],[149.072348531937763,-33.901346944590067],[149.072867392834695,-33.901572790635676],[149.073546413695055,-33.901907244695636],[149.074230426554976,-33.902239341755987],[149.074905296414499,-33.902585681815694],[149.075556914273619,-33.902962901873614],[149.076171153132378,-33.90338758692873],[149.076645285017918,-33.903760361971557],[149.077111904901898,-33.904154211013896],[149.077555647786312,-33.904572183054484],[149.077961178672922,-33.905017342092002],[149.078313157563656,-33.905492764125185],[149.078536270487234,-33.905852183146621],[149.07874394841113,-33.906228123166862],[149.078927207337017,-33.906616721185131],[149.079077058266677,-33.907014130200615],[149.079184500201876,-33.907416469212535],[149.079236042152814,-33.907757011219282],[149.079257493107207,-33.908105011223512],[149.079256803064311,-33.908456955225894],[149.079241931023432,-33.908809347227084],[149.079220820983835,-33.909158692227706],[149.079208369964078,-33.909335076227883],[149.079192924944806,-33.909511380227791],[149.079174521926006,-33.909687451227448],[149.079153168907652,-33.909863136226875],[149.079128876889797,-33.91003829222602],[149.07905426879725,-33.910884959225562],[149.07936086364677,-33.911751606257603],[149.079916055486393,-33.912402713309277],[149.080653826338619,-33.912733689374214],[149.081323041226426,-33.912854477431885],[149.082084835113875,-33.91286802049666],[149.08306605898278,-33.912772166579316],[149.084084492853975,-33.9126130616647],[149.084583202790895,-33.912535145706507],[149.086541760548613,-33.912184944870411],[149.088685424305595,-33.911620227048566],[149.091115138018324,-33.911077028251192],[149.092726072819488,-33.910785478386018],[149.094269051653043,-33.91031011251382],[149.095398442552352,-33.909788950606156],[149.095676101551305,-33.909467186627516],[149.096225594579039,-33.908586014668089],[149.096742064617956,-33.907652555705496],[149.097086381749421,-33.906167238724429],[149.097240420908179,-33.904685147727221],[149.097294778945582,-33.904314360729266],[149.097213888044337,-33.903602422717448],[149.097160186161801,-33.902705090706654],[149.097204191252388,-33.901911776704885],[149.097374400328079,-33.901089893713625],[149.097705736367743,-33.900370935736788],[149.09829527134778,-33.899832510783149],[149.099111298272732,-33.899475157850013],[149.09993379716451,-33.899381884919258],[149.101172394977254,-33.899440012024932],[149.102032434834541,-33.899583854099035],[149.103276877617333,-33.899879635206858],[149.103504786576224,-33.899944883226688],[149.103742797535403,-33.899995547247265],[149.103986358495632,-33.900030954268225],[149.104230886457657,-33.900050459289147],[149.104471829422295,-33.900053371309639],[149.104723143386934,-33.900043393330932],[149.104983654351855,-33.900020749352919],[149.105238715319786,-33.899979344374316],[149.105473670293719,-33.899913036393833],[149.105673845276471,-33.899815731410172],[149.105833314268693,-33.89968965242285],[149.105975402267148,-33.899533445433839],[149.106094426271284,-33.899358100442754],[149.106184711280548,-33.899174624449131],[149.106240575294521,-33.89899401845264],[149.106255599315148,-33.898807387452621],[149.106231620342498,-33.898611945449218],[149.106178303374492,-33.898413805443305],[149.106105309408946,-33.898219036435755],[149.106022303443666,-33.898033795427409],[149.105969380464074,-33.897929705422186],[149.105910504485166,-33.897827184416471],[149.105846313506817,-33.897726626410311],[149.105777416528866,-33.89762841740378],[149.105704423551117,-33.897532978396917],[149.105642697569237,-33.897458147391134],[149.105577941587626,-33.897384776385131],[149.105510353606235,-33.897313083378876],[149.105440147624989,-33.897243280372429],[149.105367521643785,-33.897175602365792],[149.104783787792115,-33.896657199312557],[149.104103645960606,-33.896087602250795],[149.103802699081285,-33.895458689220852],[149.10385573012536,-33.89503507722241],[149.104225190127238,-33.894579651250645],[149.104788137085364,-33.894253001296221],[149.105609918980463,-33.894133275365256],[149.106845199809868,-33.894059317469761],[149.10912810048265,-33.89402025366357],[149.110996211227786,-33.893882568821454],[149.112803501968756,-33.893851574974924],[149.114644451695227,-33.893899229131812],[149.115820211513778,-33.893984715232399],[149.116835480365069,-33.893993693318812],[149.117497407289619,-33.893823805373927],[149.118156717227407,-33.893548276428106],[149.118494381233972,-33.893093352453661],[149.118797723258353,-33.892533334475566],[149.118974896297573,-33.89200191248694],[149.119062824320537,-33.891709793492389],[149.118956601390721,-33.891262499480241],[149.118786313473237,-33.890789891462489],[149.118491165563967,-33.89039868543464],[149.118227069653528,-33.889980516409288],[149.118023775747332,-33.889455638388341],[149.118012024807143,-33.888980305384045],[149.118224811821875,-33.888606783399545],[149.118504281810914,-33.888364207421624],[149.118629077801813,-33.888290084431738],[149.118768073789511,-33.888225793443105],[149.118916095774381,-33.888173174455332],[149.119067954757099,-33.888134046467982],[149.119218495738153,-33.888110273480621],[149.119377193715621,-33.888105647494079],[149.119540105690106,-33.888120535508058],[149.119704459662699,-33.888149273522224],[149.119867487634508,-33.888186177536355],[149.120026427606575,-33.888225591550139],[149.120164643581148,-33.888269147562198],[149.120298726556456,-33.888311402573912],[149.120562016504408,-33.888424302597087],[149.120818780451174,-33.888554538619836],[149.121071448397572,-33.888692385642301],[149.121322502344469,-33.888828062664594],[149.121731196256746,-33.889059564700965],[149.121838271233287,-33.889124221710517],[149.123591408852036,-33.890157041866857],[149.123955068772858,-33.890372022899292],[149.124570284639759,-33.890728938954112],[149.12503665254016,-33.890988631995612],[149.125506177440599,-33.891244461037331],[149.125976678341033,-33.891499081079132],[149.126446014241452,-33.891755143120847],[149.126911997141889,-33.892015302162307],[149.127256761067656,-33.892212392193002],[149.127600197993416,-33.892411121223638],[149.127942710919143,-33.892610962254167],[149.128284704844873,-33.892811431284656],[149.128626599770655,-33.893012016315147],[149.128912953708351,-33.893180860340699],[149.129079181673347,-33.893269199355451],[149.129244423638369,-33.893358892370138],[149.129408626603322,-33.893449929384744],[149.129571761568315,-33.893542284399274],[149.129733740533311,-33.893635930413701],[149.129931495490865,-33.893747683431314],[149.130131580448193,-33.89385845944912],[149.13032809740568,-33.893972569466627],[149.130515184363588,-33.894094344483406],[149.130686925322237,-33.894228112498951],[149.13080879929106,-33.894338199510081],[149.130926120259858,-33.894453663520878],[149.131035955229123,-33.894574228531056],[149.131135402199305,-33.894699598540399],[149.131221546170934,-33.894829459548625],[149.131255887158318,-33.894891498551978],[149.131287010146025,-33.894954891555066],[149.131316169133953,-33.895019082558001],[149.131344657121929,-33.895083533560864],[149.131373781109829,-33.895147698563797],[149.131405002097068,-33.89521477556692],[149.131435964084346,-33.895281942570023],[149.131466666071674,-33.895349190573093],[149.131497107059005,-33.89541651857617],[149.131527280046356,-33.895483927579207],[149.131574116965254,-33.896090745587408],[149.131465033893562,-33.896805938583093],[149.13101767681863,-33.897949684552955],[149.13059282878578,-33.898723181522179],[149.130296111728029,-33.89954729750265],[149.13018439366968,-33.900156858497375],[149.130256356617309,-33.900499049505875],[149.130485538548925,-33.900785699527368],[149.130904989453256,-33.901069039565044],[149.131543772339057,-33.901242928620611],[149.132562412173655,-33.90138379970832],[149.133389483042151,-33.901475146779347],[149.134564696864032,-33.901534032879788],[149.136348868590517,-33.901648529032471],[149.13819883625581,-33.902184548193688],[149.139200120003494,-33.903055754284999],[149.139385503839577,-33.904174209308557],[149.139102447724923,-33.905446463293302],[149.13836040869748,-33.906551898237794],[149.137661361710258,-33.907277816183317],[149.137345874673457,-33.907953380161146],[149.137225631594362,-33.908742096156381],[149.137477670436908,-33.909728287184699],[149.138076150245865,-33.910577354241546],[149.138930381050216,-33.911159768318335],[149.140328114769517,-33.911790996441731],[149.141264697587076,-33.9121680265241],[149.143531660206747,-33.912580161720001],[149.145025621955114,-33.912860054849197],[149.146119603750066,-33.913234295944967],[149.147050467557591,-33.913699872027486],[149.147695675388348,-33.914315006086717],[149.148017795220795,-33.915299950120989],[149.147954491112017,-33.916262478122285],[149.148063849989256,-33.917134604137665],[149.148730669711512,-33.918608802204709],[149.149761095399526,-33.919930997301677],[149.151102703979348,-33.921765925428716],[149.151596285793033,-33.922699874477246],[149.15232314656248,-33.923717359546238],[149.153157655296326,-33.924897270625536],[149.154305508992451,-33.926013411731077],[149.154789024842557,-33.926661535776795],[149.155038015701479,-33.927516628803929],[149.155201777561871,-33.92846062782445],[149.154877684483324,-33.929485985803957],[149.154202319462286,-33.930459236753173],[149.153682524427893,-33.931356920715118],[149.153477526348325,-33.932249090703856],[149.153471886206233,-33.933414555711458],[149.153467707056762,-33.934638259719605],[149.153407763931398,-33.935731832722098],[149.153334239874027,-33.936286669719678],[149.153012916866516,-33.936729303695387],[149.152046635940906,-33.937270624616815],[149.150565222099345,-33.937737778493855],[149.149005678251683,-33.938347694365227],[149.147500420387331,-33.939029483241747],[149.145949973493742,-33.940003382116458],[149.144146976588189,-33.941374968972411],[149.143480862605173,-33.94202752392021],[149.14253850564404,-33.942830540845534],[149.141596883679199,-33.943662698771128],[149.140956971735307,-33.943965172718727],[149.140579794751943,-33.944277641688785],[149.140328712732639,-33.944733578670579],[149.140383390628358,-33.945519257680679],[149.140857895463796,-33.946297630726491],[149.141563823246372,-33.947232209793093],[149.142733142917365,-33.948525948901661],[149.143374986680556,-33.949694703964433],[149.143648751500109,-33.950840736995701],[149.144107284330687,-33.951677634040557],[149.144774292138436,-33.952452634102734],[149.145649408925266,-33.953151160182117],[149.146490659711532,-33.953893968258939],[149.146719974583903,-33.954662022283799],[149.146318394552253,-33.955397388254696],[149.145634699571843,-33.956050260200996],[149.144873708638215,-33.956413138138707],[149.144232611699891,-33.956671952085912],[149.144158289646271,-33.957197665083221],[149.144511146506375,-33.957918783118281],[149.144929835398756,-33.958298739156568],[149.14588563814101,-33.959264103244685],[149.146481265950911,-33.960106547301258],[149.147041002789649,-33.960755781353441],[149.147819639589017,-33.961465807424702],[149.148708551364649,-33.962238500505777],[149.149564171156157,-33.962921321583401],[149.149892779020149,-33.963639186616383],[149.149915069951589,-33.964171282621976],[149.150203403859109,-33.964582632649389],[149.150566289760576,-33.964954540682889],[149.150984958628214,-33.965535606722582],[149.152020005355723,-33.966526193817636],[149.152638499204983,-33.967019707873753],[149.15320334407744,-33.967388074924436],[149.154024835892386,-33.967920061998115],[149.154771846735315,-33.96831194206451],[149.155367304623013,-33.968519798116681],[149.156719688386858,-33.968837185234122],[149.158022224161215,-33.969128129347141],[149.159618374892773,-33.969419062485187],[149.159812721862295,-33.969436497501874],[149.160007598830475,-33.969464151518693],[149.160200852797715,-33.969501620535411],[149.160390359764307,-33.969548484551879],[149.160573977730706,-33.969604329567922],[149.16078358169031,-33.969684207586347],[149.160987251648947,-33.969779423604358],[149.161184467607029,-33.969886507621915],[149.161374754565117,-33.970001999638946],[149.161557609523669,-33.970122422655351],[149.161757882476536,-33.970268338673435],[149.161948590429432,-33.970425433690792],[149.162130020382619,-33.970591294707404],[149.16230246833635,-33.970763493723304],[149.162466239290836,-33.970939636738485],[149.162607994250408,-33.971100487751684],[149.162745160210108,-33.97126566776452],[149.162873963170512,-33.971435329776675],[149.162990655132091,-33.971609626787831],[149.163091481095393,-33.971788709797664],[149.16314610707272,-33.971908254803161],[149.1631930950509,-33.97203049680801],[149.163235566029471,-33.972154308812485],[149.163276638008227,-33.972278576816841],[149.163319422986802,-33.972402217821362],[149.163366106964162,-33.97253126382622],[149.16341238694153,-33.972660426831084],[149.163458272919002,-33.972789679835877],[149.163503746896481,-33.972919030840657],[149.163548825874017,-33.973048479845396],[149.16409414159952,-33.9746359489029],[149.164278619413011,-33.97593557192765],[149.164350412299427,-33.976774854939585],[149.164573661164127,-33.977611493964424],[149.164885124078069,-33.977942229993261],[149.16508921603841,-33.978022699011227],[149.165647789942682,-33.978138942059651],[149.166303083853705,-33.978085379115157],[149.166852065805784,-33.977823537160134],[149.167446198777185,-33.977350772207515],[149.167791087768933,-33.977008469234548],[149.168285298749566,-33.976579475273709],[149.168679597739384,-33.976194280304661],[149.169277989689562,-33.975889527353552],[149.169777516643592,-33.975670578394634],[149.170583182538195,-33.975572310462645],[149.171445742393615,-33.975725196537262],[149.172366282204564,-33.976171251618865],[149.173087014033882,-33.976704876684025],[149.174121386766501,-33.977653249778825],[149.17525889847397,-33.978683822882999],[149.17609135623556,-33.979635737960606],[149.176466202078387,-33.980469661998363],[149.176842132915908,-33.981345592036504],[149.176751855877228,-33.981767467031737],[149.176861422820167,-33.982101754043399],[149.176921552765009,-33.982478934051137],[149.17728893164508,-33.983018793086224],[149.177862563474832,-33.983723105140044],[149.178427625347155,-33.984091356190802],[149.179043181212165,-33.984458701245856],[149.179351496142033,-33.984663376273573],[149.179907989056943,-33.984695546321277],[149.180617038944689,-33.984767042382266],[149.181172446864878,-33.984757181429572],[149.18208023673958,-33.984699057506617],[149.183644421520029,-33.984629269639605],[149.184940817321319,-33.984707209750773],[149.185263404271865,-33.984726607778427],[149.186930729027125,-33.984739001920794],[149.188346658813373,-33.984797876042045],[149.18930708467019,-33.984822812124172],[149.189915155572493,-33.984896048176594],[149.190467479493151,-33.984886213223668],[149.190723024456418,-33.984881659245453],[149.192033664278455,-33.984774259356556],[149.193396949082597,-33.984749955472765],[149.194607675913829,-33.984686335575681],[149.195264071819537,-33.984674618631637],[149.196076269682152,-33.984828234702043],[149.196886297555466,-33.984897820771671],[149.197744660432136,-33.984882491844871],[149.198143189400753,-33.984665228877383],[149.198888660350548,-33.984189603937743],[149.199134623346225,-33.983933042956949],[149.199320349397112,-33.98329931096842],[149.199363260427162,-33.983004347970031],[149.199294364524974,-33.982291113959199],[149.199373696616959,-33.981449145960127],[149.199595825729858,-33.980268399970903],[149.199776137807419,-33.979424620980453],[149.199915689844232,-33.978959825989129],[149.200098161911114,-33.978200066999456],[149.200181805981799,-33.977526131001916],[149.200153661120311,-33.976433913991933],[149.200026706262634,-33.975427518974108],[149.200160844326092,-33.974752669980866],[149.200347627371656,-33.974160954992719],[149.200675038448736,-33.973146442013636],[149.200959537495748,-33.972426891032939],[149.201095827548613,-33.971836064040474],[149.201324418629525,-33.970907373053549],[149.20151552265375,-33.970483680066913],[149.201902067680976,-33.969804323095232],[149.20213760568555,-33.969488341113141],[149.202792325641099,-33.969073924166182],[149.203395950564754,-33.968979057217084],[149.204349689453693,-33.968751835296963],[149.204852344391924,-33.968658779339229],[149.206008006251864,-33.968427927436331],[149.20696390613017,-33.968284707516986],[149.207418235064921,-33.968276549555739],[149.207875818983752,-33.968394425595662],[149.208232458917024,-33.968514103626951],[149.209256241702832,-33.969042082718062],[149.209668780602243,-33.969370890755584],[149.209877236541274,-33.969619310775123],[149.209936416491416,-33.9699544657825],[149.210099828411074,-33.970413835799654],[149.210161177350528,-33.970833000807815],[149.210679069214109,-33.971328025855485],[149.211285956121827,-33.971359143907556],[149.211891758034852,-33.971348247959234],[149.212392234983696,-33.971171141000767],[149.213138592928345,-33.970737438061526],[149.213584227905699,-33.97039319809722],[149.214226343880796,-33.969835290148211],[149.215012269871465,-33.968980592209434],[149.215594077901756,-33.968045514252672],[149.215979394934408,-33.967324114280579],[149.216157331022657,-33.966396301289336],[149.216330911132275,-33.965300466296569],[149.216563680191967,-33.964539787311182],[149.216854570207119,-33.964072240332783],[149.217401113170098,-33.9637261703771],[149.217902629113638,-33.963591052419012],[149.218458977028661,-33.963623049466783],[149.219276462864798,-33.963986542539175],[149.220250852652526,-33.964557344626421],[149.220510887578996,-33.964846844650658],[149.220669979519954,-33.965138164666278],[149.220728101475373,-33.965431305673278],[149.220686355439994,-33.965768272672044],[149.220595227406506,-33.966148158666904],[149.22035921436273,-33.966782831651138],[149.220372318298757,-33.967286922655745],[149.220632371225236,-33.967576412679989],[149.220994479131917,-33.967906097713225],[149.221756066001888,-33.968060451779394],[149.222311355922216,-33.968050425826803],[149.223115773822286,-33.967909799894578],[149.223716080761989,-33.96768881494436],[149.224362481715815,-33.967298883996918],[149.225304102663472,-33.966609419072618],[149.225602602641374,-33.966435911096937],[149.225856094599834,-33.966473353118865],[149.226212743533154,-33.966592995150201],[149.226522197457655,-33.966839549178367],[149.22678116538944,-33.967087027202226],[149.226996237296476,-33.967587460224067],[149.227093824059892,-33.969392857244948],[149.227056488003171,-33.969897863245272],[149.226965386969624,-33.970277749240125],[149.226820510959328,-33.970532533229502],[149.226672353965114,-33.970661302217728],[149.226480282946056,-33.971043017203968],[149.226237725934311,-33.971425656185879],[149.225795424940827,-33.971895954151329],[149.225558336902395,-33.97248861913517],[149.22542549783347,-33.973205481128787],[149.225741548726006,-33.973704094159267],[149.226207951602106,-33.97415795020229],[149.226871920470558,-33.974440126261022],[149.227528216376356,-33.974428238317053],[149.228994478155556,-33.97448573844283],[149.229906490009114,-33.974595294521571],[149.230571569872239,-33.974919448580692],[149.231035821759008,-33.975289277622942],[149.231358496619492,-33.976039917655768],[149.231630686487165,-33.976791471684258],[149.23194678237968,-33.977290060714758],[149.232308979286302,-33.977619703748012],[149.23298177811202,-33.978237899809841],[149.234055202895775,-33.97872274390501],[149.234723626742863,-33.979172898965317],[149.235134121652891,-33.979417608002109],[149.235691689562486,-33.979491524050331],[149.236344722484233,-33.979353574105225],[149.236693725454899,-33.979179124133857],[149.236833080491863,-33.978714301142553],[149.236797853662665,-33.977370061130216],[149.236634288743119,-33.976910743113024],[149.236317072855968,-33.976370148082147],[149.23610412493835,-33.975953751061034],[149.235379730125175,-33.97529448199451],[149.234445714378325,-33.97434482690803],[149.233771822557912,-33.973684637845807],[149.233201115712319,-33.973106604792981],[149.232777471866285,-33.972357823751551],[149.232406508002384,-33.971692120715218],[149.232135430129318,-33.970982575687096],[149.231959828268401,-33.970061173665691],[149.232041025349957,-33.96930321266737],[149.23218258537625,-33.968922402676831],[149.232524973378872,-33.968495920703155],[149.232869557370861,-33.968153449730252],[149.233512624340733,-33.967637452781659],[149.234061318293072,-33.967375334826755],[149.234916184185948,-33.9672337278989],[149.235572427091768,-33.967221803954942],[149.236382311965201,-33.967291138024699],[149.237297558802823,-33.967526665104614],[149.23847511755622,-33.968135650209575],[149.239392577383114,-33.968455169290287],[149.240160815221117,-33.968861452358823],[149.241135385008818,-33.969432081446165],[149.242053974830384,-33.969793588527274],[149.243015323682073,-33.969860116609986],[149.243925093546352,-33.969885554688005],[149.24452976646478,-33.969832494739386],[149.245529446367982,-33.969436004822178],[149.246928542234627,-33.968864105937925],[149.247775655164872,-33.968428363007384],[149.248520696115037,-33.967952453067852],[149.249064908088769,-33.967522241111453],[149.249360047082689,-33.967222654134616],[149.249609120062502,-33.967092021155032],[149.249959162027864,-33.966959532184077],[149.250510006969535,-33.966781353229983],[149.251060842911272,-33.966603165275899],[149.252273451732151,-33.966622999379837],[149.253333511580081,-33.966603589470424],[149.254316508443821,-33.966547292554189],[149.255023558349279,-33.966478814614256],[149.25536335533036,-33.966230465641615],[149.255432638326539,-33.966179828647192],[149.255580929352334,-33.965795415657219],[149.255626458405715,-33.965308776657743],[149.25561454646305,-33.964857886653583],[149.255601181508808,-33.964502714649988],[149.25574152254049,-33.964079873659074],[149.25593787753823,-33.96386613467439],[149.256283457524944,-33.963565615701889],[149.256783789473928,-33.963388332743492],[149.257386177403106,-33.963251199794129],[149.258551590215205,-33.963397919894923],[149.259670973013243,-33.963713575992976],[149.260635601849003,-33.963905986076902],[149.2616978496863,-33.96397051516832],[149.26285881651981,-33.9639491692676],[149.26371024942884,-33.963681340338645],[149.264105157413667,-33.963337865370093],[149.264142269470568,-33.962832859369769],[149.264073982563303,-33.962161688359259],[149.264264745587752,-33.961737914372655],[149.264605824595918,-33.961269338398616],[149.265050079578856,-33.960882916433981],[149.26589479051998,-33.960363046502714],[149.266945841410745,-33.960007468590277],[149.268502747223863,-33.959684589721398],[149.269917144015864,-33.959700524842674],[149.271128532842226,-33.959678165946315],[149.272844655596202,-33.95964647409312],[149.274054924427901,-33.95958208219637],[149.27485915332818,-33.95944114026431],[149.275359414277204,-33.959263786305954],[149.275652186281889,-33.958880125328371],[149.275739702331606,-33.958374188332357],[149.275681401376289,-33.958081083325318],[149.275514313472826,-33.957495797306947],[149.275199168575085,-33.957039323276767],[149.274773013739861,-33.956206685234463],[149.274601471857778,-33.955453377214532],[149.274939108882023,-33.954858767239337],[149.275723151878537,-33.953961711300302],[149.276953581847408,-33.952762199397405],[149.27773982083329,-33.951949144459128],[149.278277067839241,-33.951266776500432],[149.278367926872932,-33.950886854505576],[149.278505891915387,-33.950379975513876],[149.278567619088051,-33.94890790650895],[149.278713418093105,-33.948695074519975],[149.279110441067331,-33.948435556552205],[149.279510817025567,-33.948302063585587],[149.279965020960475,-33.948293645624467],[149.280470820882783,-33.948326299668025],[149.280726517830601,-33.948447645690784],[149.281032690771212,-33.94856804871786],[149.281388200709898,-33.948645505748878],[149.282507457508018,-33.948960973847022],[149.283421494351131,-33.949154145926705],[149.285397589031732,-33.949411633097903],[149.286465276842449,-33.949685983191344],[149.287232420685825,-33.950049965259645],[149.287747220565393,-33.950418635306342],[149.288314754426978,-33.950870375358157],[149.289006851161815,-33.952202344426752],[149.289272703061442,-33.952701719453017],[149.289630489989435,-33.952863169484814],[149.290239500886599,-33.952977906537832],[149.290997672772761,-33.953005819603042],[149.291601054696713,-33.95291053065413],[149.292250403634768,-33.952646279707977],[149.294185992508005,-33.951391440865258],[149.294881273460305,-33.950958217921887],[149.295270354471995,-33.950404609951413],[149.295637985585444,-33.949052908973556],[149.296162647650476,-33.947908411010609],[149.296501234669421,-33.947355744035804],[149.296791613684917,-33.946888037057469],[149.297038302675531,-33.946673304077137],[149.297634844631631,-33.946325948125896],[149.298336848551855,-33.946144739184859],[149.298893097467015,-33.946176372232799],[149.299500943369537,-33.946249069285443],[149.300062848257937,-33.946490728335327],[149.300475619157282,-33.946819225373019],[149.300894046029867,-33.947357739412659],[149.301271059866849,-33.948233245451078],[149.301452998700654,-33.94936455747456],[149.301475631593576,-33.950204654482334],[149.301448918488347,-33.951087707486188],[149.301358785412191,-33.951810008483463],[149.301407772334613,-33.952380235491638],[149.301472876273436,-33.952798980500127],[149.301743918163396,-33.953370660527341],[149.302222368028424,-33.953899260572058],[149.302578217949019,-33.954122178604145],[149.303094961878685,-33.954082801648227],[149.303447109833428,-33.954034191678105],[149.303947279782562,-33.953856723719774],[149.304346506746157,-33.953681147752818],[149.30474459571505,-33.953463565785469],[149.304991274705685,-33.953248816805136],[149.305282754715876,-33.952823089827199],[149.305778380686434,-33.952477601867329],[149.306228065642813,-33.952301065904699],[149.306783219563272,-33.952290660952251],[149.307342909462335,-33.952448277001388],[149.307954214348797,-33.952646949055229],[149.308460031271153,-33.952679490098859],[149.309371878124978,-33.952788460177885],[149.309984321006056,-33.953029128232117],[149.310545157899782,-33.953228731281648],[149.31126763272357,-33.953803533347646],[149.311889172561791,-33.954380225405018],[149.312368419378885,-33.9552958014525],[149.312738764247882,-33.955919231488629],[149.313120842136129,-33.956373546524581],[149.313595034028225,-33.956687602567477],[149.314220868914646,-33.956869618622456],[149.314723350850613,-33.956795578665087],[149.315092190815903,-33.956642554695676],[149.315375739789147,-33.956524928719205],[149.315716944776227,-33.956227824746442],[149.315826305792484,-33.955967392754005],[149.316049401804463,-33.955607926770682],[149.316386232812107,-33.955149417796406],[149.316610198819973,-33.954822230813356],[149.316952273802912,-33.954557415840902],[149.317375418758274,-33.954420256876269],[149.318070942670658,-33.954310266935231],[149.318613945592858,-33.95430002798178],[149.3191199265124,-33.954355093025605],[149.319825965375372,-33.954632455088159],[149.320265764252468,-33.955108631129242],[149.321064293034254,-33.955933281203535],[149.321497100944299,-33.956151195242221],[149.322085908828001,-33.956398465294498],[149.322865165700392,-33.956512942362231],[149.323445216625316,-33.956437392411523],[149.324019996574975,-33.956168157459011],[149.324482080533784,-33.955957161497246],[149.325157409478976,-33.955605753552796],[149.325588084445911,-33.95536593858813],[149.325681605438746,-33.95531385759579],[149.325769901431983,-33.955264698603038],[149.325904280421668,-33.955189875614053],[149.326218100419936,-33.954834766638555],[149.32648288841844,-33.954535278659215],[149.326915911395929,-33.954207894694129],[149.32718565536527,-33.954138198716812],[149.327527694348248,-33.95387335674436],[149.327906755333942,-33.95354321177463],[149.32866310931351,-33.952818362834556],[149.329533163288829,-33.951994461903588],[149.330063822268755,-33.951532258945967],[149.330481638248898,-33.951201372979554],[149.331288182169345,-33.950895427046717],[149.331865537106665,-33.950723007095142],[149.332292155045593,-33.950714924131724],[149.332642086991513,-33.950740590161985],[149.3328377689555,-33.950801474179215],[149.333153332886354,-33.950989271207625],[149.333630193766112,-33.951400094251468],[149.334110594629408,-33.951940034296491],[149.334669447477438,-33.95251078334848],[149.335063464393073,-33.952729390383858],[149.335461021292161,-33.953077114420431],[149.3358541772119,-33.953263433455518],[149.33644211809974,-33.953478348507531],[149.336911063016601,-33.953598638548669],[149.337338586951404,-33.953622816585579],[149.337803112888878,-33.953581692625214],[149.338381355822094,-33.953441515673937],[149.339228434728795,-33.953199339745062],[149.339998826642471,-33.95299090380982],[149.340386658586937,-33.952983537843096],[149.340932307496843,-33.953070051890613],[149.341479714398474,-33.953221124938707],[149.341909882320891,-33.95334213197652],[149.342809891156065,-33.953615673055786],[149.343433105054856,-33.953700700109962],[149.344173557932834,-33.953815783174413],[149.344795884835747,-33.953868521228273],[149.345495789727551,-33.953919777288803],[149.346154247637287,-33.953874920345093],[149.346732478570488,-33.953734703393842],[149.347157344517655,-33.953662004429866],[149.347735584450902,-33.953521787478607],[149.348009729399649,-33.95361344350281],[149.348363233329053,-33.953768179534293],[149.348685048230976,-33.954181893564837],[149.348773271170359,-33.954567784575097],[149.348678208087989,-33.955344712572334],[149.348576941034509,-33.955895694567438],[149.348401649975614,-33.956577281557109],[149.348413185921999,-33.956996921561021],[149.348501408861353,-33.957382794571288],[149.348660976818536,-33.957541232586095],[149.349091193740946,-33.95766220962394],[149.349594539672836,-33.957620301666935],[149.349898616657327,-33.957388411691461],[149.350201814645942,-33.957124241715704],[149.350466198640021,-33.956860815736611],[149.350887523603717,-33.956658989771441],[149.351234824561999,-33.956587742800806],[149.351699364499495,-33.956546578840474],[149.352212481386033,-33.956859734886777],[149.352491099314136,-33.9571127879125],[149.353095119127659,-33.957908654969984],[149.35334118103242,-33.958388397994483],[149.353504333973063,-33.958675945010491],[149.353628708919274,-33.958964245023189],[149.353522127890528,-33.959321559016509],[149.353457003843829,-33.959774949014054],[149.35327639680969,-33.960262851001922],[149.353213056754726,-33.960780818000075],[149.353069471723302,-33.961203425990654],[149.352851860686428,-33.961756630975778],[149.352595454655159,-33.962310579957581],[149.35197605056382,-33.963775783914492],[149.351881013481432,-33.964552729911716],[149.351827435381097,-33.965425769913168],[149.351813540271081,-33.966330344918255],[149.351840207147205,-33.967298752927285],[149.351865995027481,-33.968234862936001],[149.351854762905077,-33.969236267942001],[149.351802967796459,-33.970173865944062],[149.351939792684846,-33.970914076960966],[149.352030722611801,-33.971396796972122],[149.352317390502719,-33.971940355000562],[149.352671869427894,-33.972127361032328],[149.353181516330892,-33.972311391077454],[149.353685828258676,-33.972301735120759],[149.35426595018356,-33.972226041170117],[149.354881290119408,-33.972020477221626],[149.355612132042751,-33.971780410282818],[149.356264484981324,-33.971509534337052],[149.356955625914338,-33.971237913394624],[149.357303866868477,-33.971198946424302],[149.357764919822444,-33.971028628462768],[149.358489496774695,-33.970562579521875],[149.359137377733902,-33.970130288574602],[149.360079814668694,-33.969549113651638],[149.361033921562267,-33.969287335731913],[149.361951042439529,-33.969200166810211],[149.362833131291637,-33.969357124887189],[149.363550042158806,-33.969586815950478],[149.363769514079905,-33.969965185971994],[149.363948156002635,-33.970379115990248],[149.363835342962744,-33.970833438983682],[149.363600091927424,-33.971394441967341],[149.363156902917638,-33.97199423393338],[149.362798235891432,-33.972627173906908],[149.362480371863654,-33.973224552883707],[149.362371395805951,-33.973817916878453],[149.362305149737807,-33.974445234877109],[149.362364247651783,-33.97507015088653],[149.36250112658044,-33.975484887901196],[149.36276622647776,-33.976001509927585],[149.362991471372226,-33.976588435951051],[149.363255630274011,-33.977070303977129],[149.363601405172716,-33.97748102500973],[149.363945262080364,-33.977822220041688],[149.364156086041532,-33.977887729060292],[149.36449224298471,-33.97795082508965],[149.365114117917187,-33.977764964141855],[149.365815682855498,-33.977438448199983],[149.366393840802857,-33.977183860247962],[149.366973925741348,-33.976998788296598],[149.368219566597418,-33.976696563401703],[149.368803506518077,-33.976650540451615],[149.369726489368617,-33.976771883531924],[149.370404594228347,-33.977106615592611],[149.370834935110651,-33.977550466632735],[149.371057348018411,-33.978033105655221],[149.371157322930713,-33.978622452667921],[149.371023040803294,-33.979807574664612],[149.371073516757264,-33.980119628671105],[149.371300760642754,-33.980776070695228],[149.371612544511777,-33.981465670726855],[149.372052574349539,-33.982257136770237],[149.372487783209522,-33.982874790811984],[149.373046407060485,-33.983420499863868],[149.373934447885773,-33.983785940942859],[149.374694268742388,-33.984049516010089],[149.375786401560021,-33.984237103105428],[149.37729054634454,-33.984208030234733],[149.377914375268119,-33.984091631287633],[149.378367190233433,-33.983839410324862],[149.37877240723148,-33.983379421356567],[149.379089221263797,-33.98274724437946],[149.379683947321013,-33.981587992422604],[149.379715061364038,-33.981204799422635],[149.380195101390171,-33.980430345458601],[149.380638200400085,-33.979830500492575],[149.38113082436837,-33.979507948532763],[149.381919788276946,-33.979318761599409],[149.38246291519917,-33.979308245646095],[149.382973000087247,-33.979611380692148],[149.383317914990386,-33.97998727572444],[149.383671568853373,-33.980676032759689],[149.383728891776116,-33.981231405768483],[149.383747329691488,-33.981891872774646],[149.383729820586069,-33.982761720779187],[149.383705509511856,-33.983388240781444],[149.383590859480762,-33.98377304777425],[149.383563643419961,-33.984295280775527],[149.383587907308566,-33.98516431278366],[149.383557787261054,-33.985582267783968],[149.383485868219566,-33.986001020780684],[149.38349946615719,-33.986487684785224],[149.383556780079914,-33.987043057794018],[149.383796778907367,-33.988151374822394],[149.383978476816594,-33.988669555841639],[149.38437590166464,-33.989427020881131],[149.384896750503685,-33.990112522930744],[149.385290312369563,-33.990730930968937],[149.385896677187702,-33.991484337026399],[149.386670201981872,-33.992234497098238],[149.387699325717819,-33.993153583193262],[149.388682786477574,-33.99393442628341],[149.389407772308857,-33.994442038349383],[149.390088028159596,-33.9948461794108],[149.390935453986316,-33.995247066486598],[149.391358202904144,-33.995412747524171],[149.391826631798125,-33.99571666256665],[149.392467087645883,-33.996191126625128],[149.392685771571337,-33.99653466264634],[149.392950153472952,-33.997016451672479],[149.393632408314744,-33.997490090734551],[149.39472661214009,-33.997612474829687],[149.395254527075394,-33.997513779874495],[149.39558843504642,-33.997355492902159],[149.395890243048967,-33.996981020925581],[149.39609043605526,-33.996695247940856],[149.396288182072738,-33.996322801955287],[149.396773295043602,-33.995988111994777],[149.397183406011806,-33.995763302028557],[149.397571159966986,-33.995669009061324],[149.39822268786827,-33.995699665117698],[149.398853077751028,-33.995904187173444],[149.399514365607757,-33.996281562233065],[149.400098232472914,-33.99668212628616],[149.400496957378039,-33.99697789332258],[149.400898739269309,-33.997382008360027],[149.401039535224243,-33.997579530373528],[149.401054370217423,-33.997617143375066],[149.401068695210625,-33.997654980376566],[149.401082499203909,-33.997693014378022],[149.401095774197216,-33.997731227379433],[149.401108512190604,-33.997769602380792],[149.401122092182959,-33.997815014382283],[149.4011342651755,-33.997860874383655],[149.401146062168038,-33.997906868384987],[149.401158441160561,-33.99795264738637],[149.40117244215287,-33.997997889387889],[149.401181648148508,-33.998022576388863],[149.401191804143963,-33.998047002389896],[149.401201925139475,-33.998071411390939],[149.4012110141351,-33.998096053391905],[149.401218096130947,-33.998121153392688],[149.401227113122246,-33.998180620393867],[149.401228628114211,-33.998243574394444],[149.401222891107096,-33.998307281394389],[149.401210153101289,-33.998368954393712],[149.401190656097071,-33.998425848392444],[149.401123801053245,-33.998857161389665],[149.401011702875763,-34.000416567390836],[149.401091640757187,-34.001277031403696],[149.401181601691349,-34.00170165641439],[149.402123897378914,-34.003110689505405],[149.402880363175996,-34.003855965575788],[149.403019501131894,-34.004047902589107],[149.403072665086285,-34.004352750595807],[149.402727612985558,-34.005567732574498],[149.402657227962237,-34.005837907570303],[149.402696121932451,-34.006031790575008],[149.403203060834471,-34.006225806620051],[149.405766670409406,-34.006639122843943],[149.406563208269887,-34.006827453913921],[149.407105670157563,-34.007094893962545],[149.408118774867148,-34.008242965057875],[149.408532048753756,-34.008670511096476],[149.409071114656882,-34.008817529143975],[149.409961638531541,-34.008781527220513],[149.410139089511375,-34.008735711235502],[149.41149197535762,-34.008386362349746],[149.411956622304842,-34.008266019388991],[149.412679018208223,-34.008196223450796],[149.413016036147241,-34.008291572480523],[149.413155990099511,-34.008511280494126],[149.413109736064655,-34.008845879492455],[149.412870864022807,-34.009462326476125],[149.412403068991864,-34.010259380441326],[149.412103519980661,-34.010700903418552],[149.412217137905571,-34.011171396431607],[149.412605805806066,-34.011515990467529],[149.413158666695665,-34.011755399516858],[149.413639716617467,-34.011820109558812],[149.414764433457435,-34.011788749655608],[149.415898706302897,-34.011701580752828],[149.416806630176353,-34.011654857830813],[149.417676994044683,-34.011693355906175],[149.418652084878403,-34.011887360991629],[149.419450001732912,-34.012121920062093],[149.42024336555923,-34.012588298133792],[149.420915795395928,-34.013112654195446],[149.421113836329511,-34.013414633214623],[149.421537212161127,-34.014272084257101],[149.42181796206205,-34.014739270284572],[149.422432009870221,-34.015561393343248],[149.423450574653856,-34.016106716434926],[149.424580544421531,-34.016649842536211],[149.426086022100776,-34.017463618671762],[149.428140191640153,-34.018757791858029],[149.429696638304648,-34.019630083998422],[149.430515316114594,-34.020197845073007],[149.431429764930414,-34.020606126154789],[149.434739085160516,-34.022913480456481],[149.435734228001706,-34.02302352954316],[149.437078417825148,-34.02286711365813],[149.437726852736972,-34.022816044713764],[149.438239277663513,-34.022805877757932],[149.438704220609566,-34.022694696797309],[149.439224865547629,-34.022582402841493],[149.43995026443784,-34.022614348904355],[149.440893694269135,-34.02286441598757],[149.443045760951406,-34.02289581217363],[149.444588341707231,-34.023050510307947],[149.445211918570493,-34.023418140364349],[149.445476139449482,-34.024080248391769],[149.445599554282779,-34.025273483410714],[149.44558421620647,-34.025904083413764],[149.445987683089754,-34.026368767451842],[149.4465816879584,-34.02672733550564],[149.447397578829879,-34.02680378757664],[149.448255097708142,-34.026777440650541],[149.44926405458429,-34.0265904937364],[149.450642486399403,-34.026461050854593],[149.451977495167597,-34.026758833971996],[149.453233540903227,-34.027410389085055],[149.453786211768005,-34.02784872013585],[149.454314680622929,-34.028394295185308],[149.45470260347949,-34.029090986223657],[149.455160768359519,-34.029517475266225],[149.455898994240982,-34.029604676330599],[149.456174492262704,-34.029107917350984],[149.45626327129969,-34.02870757535586],[149.455995180630424,-34.026367889316461],[149.455895162888964,-34.024410956294211],[149.456098394992722,-34.023340967304357],[149.456291820092076,-34.022317510313975],[149.456574885176281,-34.021310806331442],[149.457058195232975,-34.020290818366128],[149.457545307262905,-34.019480651402603],[149.457955516260739,-34.019018260434848],[149.458311359260591,-34.018603306462722],[149.458696784320892,-34.017668701489555],[149.458825195421497,-34.016711425493995],[149.458508242633258,-34.015383051457398],[149.458337786768624,-34.014496628436504],[149.458335331835258,-34.013964704432603],[149.458670657878486,-34.013225746456442],[149.459354562809409,-34.012980344513849],[149.460318885643517,-34.013183481598617],[149.461177891514694,-34.01321261967307],[149.462053338428404,-34.012881215746432],[149.46277562738041,-34.012421823805681],[149.463289935394556,-34.01170707484517],[149.464064029403858,-34.010727571905292],[149.464688727358293,-34.010362820956772],[149.465911626144987,-34.010644164064445],[149.467090348888377,-34.011324936171093],[149.467849227725338,-34.011745339239617],[149.469859026337474,-34.012507324418692],[149.471110421093499,-34.013001222530335],[149.472629694808859,-34.013508253665243],[149.473518497643397,-34.013796230744127],[149.473617307623556,-34.013840136752968],[149.474376589470808,-34.014177523820983],[149.475084231344056,-34.0143671838835],[149.476923071028608,-34.014747229045199],[149.478479141772226,-34.014984639181456],[149.479652039572073,-34.015218769284552],[149.480224693470404,-34.015364783335102],[149.480566399389119,-34.01561740736642],[149.480776334318563,-34.015937583386794],[149.481059494162338,-34.016858752417704],[149.481198835969764,-34.018239614439338],[149.481299722856988,-34.019025436453518],[149.481896926646556,-34.020014426512063],[149.48251049145918,-34.020799162570597],[149.483276228266192,-34.021451059641379],[149.483912167123037,-34.021855317699213],[149.484810866961936,-34.022096681778656],[149.485699885816302,-34.022224972856478],[149.486524991694637,-34.022236104927963],[149.48773754652791,-34.022155947032338],[149.489185147370279,-34.021728075154662],[149.49067290517803,-34.021531098282054],[149.491970187970253,-34.021680921395387],[149.492659874820845,-34.022072324457802],[149.493205940694054,-34.022450533507694],[149.493487363593545,-34.022926826535361],[149.493565591533724,-34.02331452854483],[149.493623426468702,-34.02376752455298],[149.49357803243123,-34.024120670551504],[149.493303313406955,-34.024636029531301],[149.492835411379048,-34.025405563496122],[149.492350881329287,-34.026370091460898],[149.492115800272671,-34.027097817445593],[149.492128779167786,-34.02792249645244],[149.492332485029806,-34.028789638476098],[149.4930402428555,-34.029359219541313],[149.493657437725773,-34.029677423596958],[149.494309270608085,-34.02985884465464],[149.494822788529888,-34.02988549369929],[149.495451810465227,-34.029668814752242],[149.49613463440096,-34.029386140809386],[149.496784031341519,-34.02910415786365],[149.498421352203053,-34.028301559999854],[149.498899017140388,-34.028245506040832],[149.499901074951708,-34.028586610129963],[149.501189461700619,-34.02909276624505],[149.501366187662569,-34.029191181261034],[149.501622252602829,-34.029370496284464],[149.501904260540584,-34.02953957431005],[149.502325182450249,-34.029771373348105],[149.502771975357746,-34.029990505388326],[149.50317164427409,-34.030193601424365],[149.503417123211335,-34.030409551447107],[149.503703478142398,-34.030627089473427],[149.504011437077651,-34.030785921501185],[149.504557917968441,-34.031022434550181],[149.505049297865895,-34.03126978459445],[149.505461202778037,-34.031492045631659],[149.505861597691251,-34.031719397667928],[149.506122871621045,-34.031976295692346],[149.506419983542116,-34.032261591720051],[149.506671827463862,-34.032593948744179],[149.506816533410301,-34.032853214758518],[149.506962306352136,-34.033148881773194],[149.50705883028732,-34.033554816784374],[149.507211595210805,-34.033988735800627],[149.507354454153045,-34.034284466815038],[149.507400834122706,-34.034472898820361],[149.507465259099831,-34.034580851826696],[149.507565297069135,-34.034709914836263],[149.507666061035252,-34.034863261846063],[149.507761421000367,-34.03503126385548],[149.507868360964096,-34.035196604865895],[149.507946087932311,-34.035360125873758],[149.508110559878702,-34.03559714188966],[149.508234567841839,-34.035747574901436],[149.508386310794577,-34.03594843091598],[149.508446673777172,-34.036017605921685],[149.508561153744978,-34.036141523932471],[149.508646965727223,-34.036183474940195],[149.508739035706725,-34.036239866948556],[149.508783909695438,-34.036277802952711],[149.508838374679158,-34.036344673957913],[149.508903372653748,-34.036472024964404],[149.508983304624707,-34.036611208972296],[149.509029800606214,-34.036704953976972],[149.509279870548227,-34.036877096999831],[149.509514198509805,-34.036911150020366],[149.509737913480762,-34.036882303039548],[149.510082623440468,-34.036802433068864],[149.510390716412417,-34.036667445094608],[149.510702626392344,-34.036464412120225],[149.511002409400646,-34.03604795514331],[149.511097750427695,-34.035720661149298],[149.511081058463759,-34.035451490145995],[149.511039671521587,-34.035037147139519],[149.511046448553714,-34.034772360138284],[149.511149310584813,-34.034403635144621],[149.511239021624135,-34.033984192149504],[149.511315555671757,-34.033514022152858],[149.511328140715449,-34.033149573151405],[149.511551271738426,-34.032705542167662],[149.511817277746502,-34.032331054188113],[149.51219935874002,-34.031937194218479],[149.512281737737283,-34.031862677225099],[149.512403289723522,-34.031831052235411],[149.512528327706832,-34.031818781246159],[149.512800886661438,-34.031864202270079],[149.512962758631545,-34.031914302284463],[149.513162753592212,-34.031995759302369],[149.513330972549994,-34.032137435317921],[149.513493731503928,-34.032316205333267],[149.513783339420854,-34.032642916360615],[149.514017578345687,-34.032970757383197],[149.514185115291042,-34.033212562399392],[149.5143796072295,-34.033478085418096],[149.51447413218591,-34.033716519427941],[149.514498290154222,-34.033941829431591],[149.514482209125873,-34.034187389431899],[149.514477584096767,-34.03442542843316],[149.514440805072581,-34.034661692431619],[149.514496516038548,-34.034869361437885],[149.514558753012892,-34.035001625444181],[149.51470211496536,-34.035214781458087],[149.514787119926467,-34.035426708466929],[149.514863161889735,-34.035631527474933],[149.514922628863957,-34.035768694481042],[149.514998096829714,-34.035954115488877],[149.515043347804436,-34.036103725493831],[149.51508773778292,-34.036224219498521],[149.515178363744127,-34.036428742507795],[149.515248506708559,-34.036631257515268],[149.515365693639865,-34.037044050528287],[149.515456409588296,-34.037350538538284],[149.51549413855895,-34.037541579542868],[149.515563063528703,-34.037702842549962],[149.5157106464751,-34.037959617564525],[149.515857584424282,-34.038194546578893],[149.516101351356895,-34.038449349601791],[149.516368944283926,-34.038720663626862],[149.516652592214768,-34.038943088652999],[149.516901406149998,-34.039171080676127],[149.517139607069964,-34.03953282369929],[149.517332888013755,-34.039757095717597],[149.517481520967863,-34.039950718731824],[149.517622900929069,-34.040095926745067],[149.517659025919073,-34.040134033748473],[149.517784718886872,-34.040244712760149],[149.517888683857137,-34.040361191769961],[149.517948347839024,-34.040436444775658],[149.517976315828008,-34.040492057778465],[149.517965262825072,-34.040528370777764],[149.518129268773663,-34.040748392793496],[149.518293990719087,-34.04099267180947],[149.518404624666772,-34.041281752821057],[149.518397086638117,-34.04151986382206],[149.518314340617763,-34.041778913816685],[149.518045232598638,-34.042245749796606],[149.517844834587265,-34.042570353781493],[149.517477068605046,-34.042857101751622],[149.517176882623176,-34.04306234872702],[149.516829671662009,-34.043156863697575],[149.516461771704996,-34.043242091666293],[149.516326495717124,-34.043303135654995],[149.516187939731196,-34.043352105643322],[149.515997992748083,-34.04343854462747],[149.515865549760036,-34.043497096616399],[149.515673262774868,-34.043603005600467],[149.515570141781552,-34.043669867591994],[149.515339963797288,-34.043812743573049],[149.5151269978019,-34.044023827556053],[149.514860220790183,-34.044429034535746],[149.514774363772517,-34.044670291529982],[149.514662260744871,-34.045022217522707],[149.514567062717219,-34.045354369516758],[149.514458276699742,-34.045621245509189],[149.514376085676872,-34.045899720504003],[149.514169573655181,-34.046314268488977],[149.513806316677773,-34.046557218459199],[149.513456406703625,-34.046758610430281],[149.513011523737958,-34.047003218393421],[149.512746153751692,-34.047202889371803],[149.512428434784795,-34.047308932345025],[149.512253205786521,-34.047499461331164],[149.512252175766321,-34.047662166332202],[149.512300150729089,-34.047903979338045],[149.512400260673445,-34.048232134348986],[149.512647757602167,-34.048513578372379],[149.512829878557824,-34.048655542389149],[149.513058989505254,-34.048808675410058],[149.513141351477969,-34.048930819418054],[149.513211198456105,-34.049024081424747],[149.513305858424332,-34.049167829433941],[149.513401657399982,-34.04925084544282],[149.513489056375306,-34.049346186451054],[149.513564586353226,-34.049434473458213],[149.513634353331696,-34.049525315464876],[149.513700786312427,-34.049601653471171],[149.513772964292684,-34.049675445477945],[149.513826084274825,-34.049756363483112],[149.513990458230808,-34.049916587498458],[149.514192354176942,-34.050111725517311],[149.51438916812603,-34.050289124535595],[149.514500976096741,-34.050393027546001],[149.514711818042315,-34.050582034565579],[149.514871109001291,-34.050724518580367],[149.514982530976738,-34.050790646590492],[149.515015590967153,-34.050828627593624],[149.515103867947431,-34.050883335601661],[149.515225814915453,-34.050996829612998],[149.515340921874753,-34.051187799624302],[149.515437185839374,-34.051358331633828],[149.515508709810319,-34.051507295641059],[149.515567621784015,-34.051648855647159],[149.515597785767824,-34.051743408650417],[149.515577804758777,-34.051838991649348],[149.51560760974408,-34.051921657652507],[149.515628657729167,-34.052016407654996],[149.515637953707767,-34.052176818656903],[149.515643224684652,-34.0523551666586],[149.515651820666335,-34.052491805660296],[149.515718979642571,-34.052603452666887],[149.515788154617553,-34.052722647673718],[149.51581747660029,-34.05282644167697],[149.515891339560852,-34.053055589684973],[149.51598374052665,-34.053221235694117],[149.516107641490322,-34.05336680370587],[149.516351695446559,-34.053432224727466],[149.51658876640866,-34.053458938748207],[149.516896778368732,-34.053418629774612],[149.517286470329253,-34.053279537807413],[149.517802205281157,-34.053062593850605],[149.518044125261639,-34.052936391870702],[149.518651804195031,-34.052760135922142],[149.518862637169235,-34.052720363940146],[149.519205134126537,-34.052662350969428],[149.519548061081906,-34.052618895998847],[149.519804243046707,-34.052601507020931],[149.520161665000302,-34.052555345051594],[149.520473243957156,-34.052536800078471],[149.520529484949066,-34.052536164083328],[149.520622360937722,-34.052518479091262],[149.520693023928885,-34.0525067010973],[149.520730295923443,-34.052506808100539],[149.520783747915516,-34.05250772310518],[149.520800618913086,-34.052507383106629],[149.520833211908979,-34.052502408109426],[149.520882647902596,-34.052495658113664],[149.52096636289059,-34.05249423312091],[149.521008708884494,-34.05249336412458],[149.52102248688243,-34.05249395612578],[149.521192721856806,-34.052499918140576],[149.521440298822199,-34.052488186161952],[149.521597966800385,-34.052478290175543],[149.521751824778363,-34.052475136188868],[149.521779944773698,-34.052479547191332],[149.521858935764499,-34.052460947198057],[149.521996236744513,-34.052460562209944],[149.522218508711092,-34.052468479229276],[149.522548733658766,-34.052501639258132],[149.522617003651476,-34.052480269263896],[149.522643420649246,-34.052467245266087],[149.522689342642678,-34.052466304270062],[149.522724060636421,-34.052475573273149],[149.522782684623991,-34.052506920278439],[149.522991151591725,-34.052521363296613],[149.523367514538364,-34.052508950329148],[149.523649028495697,-34.05252189635366],[149.523825315461636,-34.052588473369397],[149.523947324438012,-34.052634836380285],[149.523975982432745,-34.052643701382841],[149.524016203424878,-34.05265942438642],[149.524157297396954,-34.052718229399062],[149.524325238366487,-34.052765955413953],[149.524501147338526,-34.052784467429348],[149.524648677308335,-34.052853831442619],[149.524729183288002,-34.052922066450058],[149.524792594269712,-34.052994406456065],[149.524893063242956,-34.053090941465435],[149.524989462217889,-34.053178825474404],[149.525072944192658,-34.053283193482372],[149.525110234175287,-34.053378534486257],[149.525223306139196,-34.053535145497158],[149.525261609125408,-34.053600510500935],[149.52532946710383,-34.053693969507464],[149.525377065089828,-34.053750398511987],[149.5254430760763,-34.053781494517914],[149.525499854062701,-34.05382401052313],[149.525557806043963,-34.053906443528732],[149.525651148011718,-34.054054986537864],[149.525738089987527,-34.054146804546029],[149.52584939496208,-34.054220650556189],[149.526100081917662,-34.054282896578357],[149.526351054880166,-34.054290210600172],[149.526572562850134,-34.054271932619251],[149.526711208834456,-34.054235376631013],[149.526842789825452,-34.054154036641854],[149.527105030805131,-34.054010665663604],[149.527289508791341,-34.053905777678864],[149.527643898762733,-34.053721252708321],[149.52789062273564,-34.053650023729205],[149.528173990702072,-34.053588027753342],[149.528329210681505,-34.053571094766689],[149.528377105674366,-34.053572600770849],[149.528488392656982,-34.053581537780573],[149.528578041645261,-34.053570959788267],[149.528674941634165,-34.053546505796504],[149.528731548629338,-34.053519129801224],[149.528916036607427,-34.053479131816928],[149.529137463577683,-34.053458352835996],[149.529331865544833,-34.053494288853109],[149.529467768516923,-34.053558883865321],[149.529604190484577,-34.05365817787785],[149.529709858459455,-34.053735877887554],[149.529861600427097,-34.053817620901278],[149.53001899839424,-34.053896763915482],[149.530124988375718,-34.053920786924834],[149.530222570353658,-34.053983678933726],[149.530264853338679,-34.054053947937895],[149.530297733316274,-34.05419430694171],[149.530388368282161,-34.054361350950735],[149.530420137264656,-34.0544642849542],[149.530401313257954,-34.054539564953096],[149.530382256244309,-34.054671004952347],[149.530320548239075,-34.054784605947773],[149.530230066238317,-34.054896297940708],[149.530131346241177,-34.0549881879328],[149.530051307243298,-34.055064731926393],[149.529945344248119,-34.055149773917776],[149.529876044251807,-34.055201137912135],[149.529747187256987,-34.055309880901717],[149.529654285258744,-34.055404146894318],[149.529567738256929,-34.05551951388761],[149.52953452725103,-34.055605335885318],[149.529337544258851,-34.055772488869401],[149.529111895273701,-34.055916925850831],[149.528636142334193,-34.055988298810078],[149.528288788382554,-34.056007096780093],[149.527924555437068,-34.055996286748432],[149.527245078526306,-34.056075171690068],[149.526607651609169,-34.056156512635368],[149.526178081653626,-34.056301819599135],[149.525882880659935,-34.056595804575579],[149.525636811671035,-34.056793919555609],[149.525307915672556,-34.05716514752968],[149.525101019647678,-34.057605425514794],[149.525047854618208,-34.057902753512252],[149.525130744576956,-34.058135710521057],[149.525253955528484,-34.058379477533428],[149.525362428485238,-34.05859859454435],[149.525468391452989,-34.058732884554466],[149.525752944358231,-34.059158065582096],[149.526098013260821,-34.059533747614616],[149.526486780166778,-34.059831971650389],[149.526767864078749,-34.060207294677369],[149.527212692959381,-34.060642497718945],[149.527711430832454,-34.061074921765197],[149.528520276659606,-34.061512606838363],[149.5291464895584,-34.061591246893208],[149.529394047523937,-34.061577826914579],[149.529600155501669,-34.061515337932015],[149.529838821472254,-34.061472139952407],[149.530031402441494,-34.061493142969269],[149.53022075741643,-34.061472596985546],[149.530466656380781,-34.061470857006853],[149.530716258345819,-34.061459060028405],[149.530889110316878,-34.061488784043611],[149.531291601247261,-34.061575349079121],[149.531596062183837,-34.061727181106576],[149.532119218076929,-34.061971020153628],[149.53245175400906,-34.062125595183545],[149.53306589289312,-34.062335934238263],[149.533591396784431,-34.062591372285617],[149.534220416654222,-34.062897931342292],[149.534990842514162,-34.063118355410637],[149.535286061474153,-34.063093954436077],[149.535539338448444,-34.063003847457416],[149.535921247426415,-34.062734684488682],[149.536157751414834,-34.06255172750793],[149.536249193412118,-34.062466623515277],[149.536363600393656,-34.062480902525287],[149.53647460037314,-34.062515225535165],[149.536698108325709,-34.062633765555368],[149.536899493273495,-34.062815994574095],[149.537051011219631,-34.063069165588999],[149.537253813144531,-34.063432763609121],[149.537372246058112,-34.06398449962321],[149.537427761001595,-34.064371126630725],[149.537345005949703,-34.064882085627076],[149.537144061924295,-34.06531893061269],[149.536757357925126,-34.065762946582211],[149.536267352929741,-34.066297302543418],[149.536016138912856,-34.066725201524598],[149.535907102865934,-34.067226721518622],[149.535951420807692,-34.067640196525325],[149.536124874725687,-34.068092619543528],[149.536386309622571,-34.06861144856979],[149.536732498512208,-34.069088594603123],[149.53702633841948,-34.069486928631385],[149.537435248305371,-34.069921163669882],[149.537802699203496,-34.070306329704415],[149.538004901114221,-34.07078311772527],[149.538079069060615,-34.071124413734061],[149.538225666977922,-34.071613993750169],[149.538394288917061,-34.071903414766822],[149.538581420868127,-34.072075953784243],[149.53882667481858,-34.072185708806266],[149.539220264737509,-34.072373952841723],[149.539606934669763,-34.072464148875888],[149.540056324606553,-34.072444865914754],[149.540490466567633,-34.07224949395107],[149.540891074540014,-34.072003223984105],[149.541082050549932,-34.071701377998586],[149.541289171565296,-34.071337617014024],[149.541394021605072,-34.070897761020078],[149.541647969652047,-34.070226821037451],[149.541894853662512,-34.069855575056302],[149.542254496644944,-34.069576855085579],[149.542556142610664,-34.069499056111205],[149.542948620559599,-34.069449323144916],[149.543403093491094,-34.06946653318446],[149.543728440421091,-34.069646190213945],[149.544100526324371,-34.069984635248574],[149.544369006257909,-34.070202085273387],[149.544707351178459,-34.070442222304401],[149.545074301086231,-34.070750629338399],[149.545410718988109,-34.071142105370292],[149.545569847927879,-34.071437013386152],[149.545800796798005,-34.072204414411516],[149.5458811507429,-34.072550569420883],[149.545869391676604,-34.073093350423633],[149.545634420622918,-34.073795530408113],[149.545166672639908,-34.074204641370365],[149.544787291667632,-34.07442552433897],[149.544092056732495,-34.074717860280678],[149.543539051800792,-34.074817524233374],[149.542957291859636,-34.075025947184344],[149.542649711877658,-34.075240350159149],[149.542028016908404,-34.07571920010853],[149.541737997908939,-34.076053057085673],[149.541572505922659,-34.076136369071897],[149.541389927926531,-34.076318232057325],[149.54133846590662,-34.076537295054386],[149.541414884868544,-34.076752064062497],[149.541676928796534,-34.077021236087091],[149.542253016670145,-34.077358794139421],[149.542770667570835,-34.07754778118565],[149.543259445479464,-34.077707403229162],[149.543719897393601,-34.077855963270146],[149.544189430301856,-34.078040953312176],[149.544504953224305,-34.078292367341291],[149.544736368142708,-34.078673660364025],[149.545022651041137,-34.079150349392172],[149.545408057912056,-34.079731487429648],[149.545724476813859,-34.08014596545997],[149.545985382721767,-34.080576579485601],[149.546146143636548,-34.081069180502979],[149.54638585953586,-34.081593423527416],[149.546558317450206,-34.08207579554572],[149.546649231391285,-34.082440031556125],[149.546633787324197,-34.082992870558641],[149.546436258292488,-34.083476256544834],[149.54624502226693,-34.083902927531206],[149.546200866232169,-34.084231692529656],[149.546111828199258,-34.084597999524462],[149.5461170101768,-34.084770969526119],[149.546249022140756,-34.084904694538501],[149.546471445089878,-34.085051524558821],[149.546927970987667,-34.085334957600416],[149.547506648875441,-34.085555938652163],[149.548031471795554,-34.085581664697891],[149.54852472173522,-34.085488213740057],[149.548957546685415,-34.085381038776866],[149.549276788667186,-34.085154731803001],[149.549484492663254,-34.084944058819573],[149.549667804664494,-34.084720575833941],[149.549962915641999,-34.08455635385841],[149.550025672637986,-34.084515110863578],[149.550238611603049,-34.084545632882268],[149.550374827573904,-34.084619352894599],[149.550494712540228,-34.0847483359059],[149.550716579475022,-34.085010004926978],[149.55088142740567,-34.085371039943794],[149.550999501346411,-34.085706419956352],[149.551053107306757,-34.085959922962765],[149.551011515252611,-34.086440081962493],[149.550884891218345,-34.086861060954419],[149.550830409154969,-34.087430097953643],[149.550769860048774,-34.088347315954735],[149.550761084989944,-34.088826766957311],[149.550736335938183,-34.08926828995822],[149.550681342900162,-34.089635555955986],[149.550428049883948,-34.090060200936954],[149.550127569871108,-34.090512445914015],[149.550034801854395,-34.090754017907635],[149.54995318583957,-34.090967066902024],[149.54989304681547,-34.091229596898629],[149.549909720760041,-34.09165196390299],[149.550057080682762,-34.092096570918876],[149.550144569613678,-34.092545749929585],[149.550317377560049,-34.092771822946141],[149.550541315485987,-34.09310168096787],[149.55071547741818,-34.093439221985328],[149.550886492364043,-34.093671990001781],[149.551178251297557,-34.093862305028431],[149.551637350209518,-34.09402917006944],[149.552119037132456,-34.094082398111617],[149.552490818087676,-34.09400643614336],[149.552924529059254,-34.093727824179084],[149.553111400070208,-34.093422714193196],[149.553350997087165,-34.09300833321111],[149.553705494108726,-34.092423483237837],[149.553976428157313,-34.091720550256483],[149.553946192196094,-34.091446582251955],[149.553858730239966,-34.091198771242652],[149.553815407260174,-34.091088173238127],[149.553757983282793,-34.090974536232352],[149.553666326319728,-34.090786721223083],[149.553444288410617,-34.090320368200565],[149.553242392489693,-34.089925162180307],[149.552909864598774,-34.089442798148092],[149.552867284649125,-34.089090861141955],[149.552948703681494,-34.088738028146572],[149.553160207677877,-34.088520604163442],[149.553354259666094,-34.088388429179368],[149.553725671631184,-34.088234256210526],[149.55409529157896,-34.088219913242533],[149.554559302503009,-34.088285152283248],[149.55494641143369,-34.088386929317558],[149.555443364332319,-34.088616238362306],[149.556008588211597,-34.088920674413494],[149.556526589110575,-34.089122722459869],[149.556685959074173,-34.089227306474427],[149.556975343001596,-34.089468922501219],[149.557309376920756,-34.089724540531996],[149.557574862861571,-34.089887093556179],[149.557862973774576,-34.090245099583669],[149.558079516707323,-34.090529016604449],[149.558355410628167,-34.090838553630547],[149.558524274571568,-34.091093329646981],[149.558828494476359,-34.0914980466762],[149.559134829355372,-34.09210575370701],[149.559209957314721,-34.092342170715185],[149.559243554286496,-34.092527860719379],[149.559309539226945,-34.092925899727874],[149.559362651172989,-34.093294241735045],[149.559466079076913,-34.093939472748488],[149.559583445004137,-34.094383030761762],[149.559655622976237,-34.094521318768983],[149.559769187936553,-34.09470533278013],[149.559983704869836,-34.094987116800723],[149.560387962760046,-34.095391411838619],[149.560760513678616,-34.095606646872454],[149.5612984955755,-34.095801793920522],[149.561780344497834,-34.095859968962785],[149.562081578448954,-34.095898621989207],[149.562647078360499,-34.095945073038642],[149.563142185275666,-34.096044573082331],[149.563541762211003,-34.096094484117387],[149.563699994195417,-34.096034595130696],[149.563820927190591,-34.095932216140504],[149.56397234619601,-34.095712705152117],[149.56410335421441,-34.09541374516143],[149.56425014724806,-34.094974650171139],[149.564453216264013,-34.094610943186247],[149.564572490274685,-34.094387111195054],[149.564758635280356,-34.094125271209414],[149.564821283293497,-34.093947559213632],[149.564775773331348,-34.093698879207949],[149.564747061363448,-34.093476472203903],[149.56471219940542,-34.09318263119885],[149.564668589443386,-34.092930580193304],[149.564544025488857,-34.092713507180981],[149.564375691523026,-34.092637143165831],[149.564199764564989,-34.092507676149651],[149.564048416600883,-34.09239767813574],[149.563890076633641,-34.092321099121456],[149.563668881679149,-34.092215879101531],[149.563376844746728,-34.092017273074774],[149.563258394774152,-34.091936543063944],[149.562947532831288,-34.091843174036292],[149.562683095879891,-34.091763816012765],[149.562513667927163,-34.091584292996806],[149.562469107969264,-34.091300634990979],[149.562348685038501,-34.090888764977663],[149.562376687084395,-34.090490429977322],[149.562397743126866,-34.090127197976635],[149.562401910175595,-34.089734348974268],[149.562426775210042,-34.089430952974325],[149.562501866236204,-34.089134816978799],[149.562569256262236,-34.088848827982659],[149.562687041312557,-34.088310492989173],[149.562740959338441,-34.088041427991982],[149.562880850360159,-34.087705671001821],[149.563128156352036,-34.087482493021731],[149.56339331931693,-34.08745365504457],[149.563880860247821,-34.087436820086793],[149.564244232189196,-34.087480824118657],[149.564655086109212,-34.087640330155445],[149.565071849012043,-34.087929518193654],[149.565632150887609,-34.088268958244669],[149.566046913799056,-34.088491624282234],[149.566370835718999,-34.088752800312179],[149.566746355608103,-34.089199271347908],[149.567121605515013,-34.089504299382618],[149.56746857342722,-34.089799932414813],[149.568102371277632,-34.090254318473015],[149.56868079015851,-34.090530140525182],[149.56907701508328,-34.090668294560544],[149.569539681979961,-34.090953179602714],[149.569952087876743,-34.091295694640912],[149.57033168476508,-34.091743734677003],[149.570555345684085,-34.092128488699103],[149.570687493614372,-34.092530130713357],[149.570726872578007,-34.092773943718484],[149.570746773534012,-34.093101381722491],[149.570741208474828,-34.09357912872531],[149.570756421384516,-34.0942811027315],[149.570857124292161,-34.094899745744542],[149.570904257222509,-34.095399688752096],[149.571107837136452,-34.095848096772897],[149.571412263057255,-34.096124645801268],[149.57178393497972,-34.096309896834846],[149.571924032958975,-34.096311958847032],[149.572123552923699,-34.096361027864695],[149.572275204894794,-34.096414434878241],[149.572531565847783,-34.096490610901064],[149.572875279790765,-34.096544977931295],[149.573173393755297,-34.096480481956746],[149.573489373726062,-34.096345715983269],[149.573774516713144,-34.096116729006461],[149.573996562713887,-34.09585245102393],[149.574316755708054,-34.095526214049485],[149.574617361703361,-34.095213691073418],[149.57503349469215,-34.094818861106845],[149.575354215692329,-34.094444343132132],[149.575756938688869,-34.094003196164067],[149.576204633674791,-34.093594391200142],[149.576655959645137,-34.093305327237346],[149.577073795626575,-34.092967042271312],[149.577422761604964,-34.092733385300015],[149.577972064544525,-34.092575393346664],[149.578345538492442,-34.092555905378994],[149.578760068421673,-34.092637056415583],[149.579353823319792,-34.092757721468026],[149.579699259230551,-34.093066666500185],[149.579839437184518,-34.09327008751378],[149.580029537098511,-34.093733724533521],[149.580016020065386,-34.094013591534278],[149.580042142003094,-34.094479021539776],[149.5798399259549,-34.095098123526498],[149.579412837969159,-34.095481309492037],[149.579319719976155,-34.095533901484316],[149.579129836993161,-34.095619454468398],[149.578892391011124,-34.095752741448685],[149.578717235014494,-34.095929476434691],[149.578577604019046,-34.09605573542342],[149.578429788019008,-34.096227925411768],[149.578312135998658,-34.096526787403633],[149.578062659998892,-34.096815474383931],[149.577720174991811,-34.097270220357338],[149.577611253958707,-34.097660398350577],[149.577517669929222,-34.098004492344828],[149.577469748905656,-34.098247910342344],[149.577416359869858,-34.098594864340129],[149.577469982813909,-34.098978175347433],[149.577468324771303,-34.099319374349655],[149.577413500749486,-34.09955684034653],[149.577267863744282,-34.09976792533535],[149.577033232739495,-34.100079067317097],[149.576800716725614,-34.10046006629954],[149.576732079713253,-34.100637913294825],[149.576744888683237,-34.100862310297479],[149.576833981632632,-34.101161664307305],[149.577007578575945,-34.101410990324112],[149.577156084527473,-34.101624209338489],[149.577360731461965,-34.101907813358245],[149.577591948381979,-34.102275742380904],[149.577873022303578,-34.102572730407395],[149.578193323231091,-34.10277735243664],[149.578521242167312,-34.102903601466011],[149.578734065116464,-34.103060553485591],[149.579110659026298,-34.103340544520272],[149.579389536957422,-34.103564350546065],[149.57967551488295,-34.103824612572723],[149.580014110806559,-34.104038825603631],[149.580375295732779,-34.104205978636195],[149.580739734653292,-34.10441466166931],[149.581151610569322,-34.104604035706423],[149.581507220486287,-34.104851182739047],[149.581685092427932,-34.105108728756299],[149.581823218382652,-34.105308842769688],[149.581957624303556,-34.105781982784649],[149.582040227239389,-34.10619629179471],[149.582087431202751,-34.106433274800445],[149.582320576106355,-34.106929299824152],[149.582554114033115,-34.107240584846615],[149.583018007933333,-34.1074954238887],[149.583282946891075,-34.107523131911925],[149.583478307873719,-34.107434145928302],[149.583760895880033,-34.107055414950231],[149.583950922877193,-34.106856708965381],[149.584256306860368,-34.106635583990396],[149.584691345826144,-34.106401757026589],[149.585038026814459,-34.106091574054581],[149.585309795792597,-34.105949377077216],[149.585694214776538,-34.105630068108432],[149.586008768761729,-34.105382132134061],[149.586207723745503,-34.10527974415065],[149.586556618724302,-34.105042735179339],[149.586787081713794,-34.10485814719808],[149.58709340667636,-34.104800096224317],[149.587401901618193,-34.104904141251865],[149.587653384571155,-34.104985759274307],[149.588134910479624,-34.105154247317344],[149.588428668421329,-34.105276382343725],[149.588557785389156,-34.105382480355686],[149.588745302341721,-34.1055417623731],[149.588811295309284,-34.105723114380083],[149.588832297275587,-34.105967008383601],[149.588759367249821,-34.106256869379273],[149.588690605233637,-34.106465552374736],[149.588551915215277,-34.10677302836482],[149.588494572196083,-34.106992253361355],[149.588422449174004,-34.107251726356878],[149.588410428151064,-34.107448352357196],[149.588390080138964,-34.107568605356256],[149.588352073103209,-34.107897254355244],[149.588265670076083,-34.108213604349906],[149.588220241066438,-34.108343116346852],[149.588134994040018,-34.108652376341588],[149.588003654023339,-34.108938051332167],[149.587802001009806,-34.109280128316989],[149.587758050991226,-34.109479085314554],[149.587783956954894,-34.109738137318608],[149.587851213923472,-34.109909807325643],[149.587988980888042,-34.110031709338458],[149.588236788844739,-34.110088057360393],[149.588606399776438,-34.110201739393304],[149.589195063655552,-34.110478879446433],[149.589702029553507,-34.110701160492049],[149.590236263442279,-34.11096446954032],[149.59087690830583,-34.111305407598401],[149.591229864242621,-34.111397799629749],[149.591690029167154,-34.111462967670221],[149.592040483106416,-34.111538767701219],[149.592513143043561,-34.111488846741977],[149.592939808987353,-34.11143988477874],[149.593338399943747,-34.1113232988126],[149.593750561891738,-34.111258003847993],[149.594074196854706,-34.111176269875578],[149.594442049810283,-34.111101930907047],[149.594851711760668,-34.111020043942112],[149.595166498711933,-34.111041673969645],[149.59552613165323,-34.111090654001259],[149.596296691514823,-34.11129568806971],[149.596765165436921,-34.111370636110976],[149.596989211379679,-34.111565594131811],[149.597154085327531,-34.111788422147704],[149.597462105225418,-34.112242872177639],[149.597781653115305,-34.112747000208934],[149.598064655012735,-34.113233595236927],[149.598273192939303,-34.113575322257439],[149.598640078825099,-34.114056816292681],[149.599050368723539,-34.114387607330677],[149.599479975605561,-34.114826164371088],[149.599768677536332,-34.11504138139771],[149.600375135397599,-34.115439573453209],[149.600878059263692,-34.1159198395003],[149.601116994200737,-34.116142757522631],[149.601629779074159,-34.116552924570094],[149.60197681897057,-34.116973248603188],[149.602139390903687,-34.117315943619715],[149.602247881853145,-34.117591551631065],[149.602276548821635,-34.117808938635065],[149.602348332771129,-34.118126946643514],[149.602312289735522,-34.118452215642641],[149.602239457691951,-34.118883108639281],[149.6021902736546,-34.119236954637458],[149.602146171604033,-34.119690535636764],[149.602148996534538,-34.120239645640837],[149.602139100461642,-34.120830626644043],[149.60212486644005,-34.121018979644127],[149.602150836378939,-34.12147440664954],[149.602265512310368,-34.121886348662372],[149.602442973245957,-34.122192111679936],[149.602721161180483,-34.122389239705505],[149.602954439133384,-34.122492460726505],[149.603117593105168,-34.122527276740946],[149.603358822057118,-34.122628660762658],[149.603571295016366,-34.122705697781676],[149.603753057982942,-34.122760081797864],[149.604068033933544,-34.122786678825456],[149.60423857290678,-34.122801370840392],[149.604415575877141,-34.122830897855998],[149.604680496835186,-34.122856893879231],[149.604905133800173,-34.12287375489889],[149.605153812761557,-34.12289177292066],[149.605279289745653,-34.122872463931444],[149.605374810733792,-34.122855458939647],[149.605482440719811,-34.122841528948911],[149.605636522697267,-34.122841582962323],[149.605866178665565,-34.122826719982193],[149.606060930642627,-34.122782643998846],[149.606404276604025,-34.12269048502808],[149.606669843583916,-34.122541726050159],[149.606901776567156,-34.122405329069409],[149.607013458560573,-34.122328077078578],[149.607331230548454,-34.122055050104343],[149.607587106528456,-34.121916484125641],[149.607855846503071,-34.121805931148266],[149.608464293454489,-34.121485134199006],[149.608848300423659,-34.121283927231026],[149.6090552154119,-34.121137016248007],[149.609341057405146,-34.120858377270963],[149.609570248411217,-34.120543972288722],[149.609888109405063,-34.120223069314171],[149.610221066403227,-34.119851025340573],[149.610494942401715,-34.119544903362282],[149.610779359401022,-34.119220091384797],[149.610954443409014,-34.118953043398164],[149.611183767414474,-34.118643246415985],[149.611342626423067,-34.11839040642807],[149.611502203428671,-34.118160640440365],[149.611693654435442,-34.117884000455099],[149.611809101446227,-34.117664408463632],[149.61187045945897,-34.117492173467781],[149.612197992479906,-34.116944685492484],[149.612382470493571,-34.116621989506328],[149.612534355508984,-34.116323092517469],[149.612642397528361,-34.116043602524933],[149.612665273532429,-34.115984825526517],[149.612801973556628,-34.115633658535977],[149.612996132597345,-34.115084396549086],[149.613108593643375,-34.114587680555424],[149.613259769684475,-34.114085523565102],[149.613523676747775,-34.113276062582457],[149.613787574788375,-34.112646768601067],[149.613948565833311,-34.112102821611323],[149.614078524873378,-34.111633455619369],[149.614166496909576,-34.111243519624331],[149.614357069920032,-34.110939172638808],[149.614448878939982,-34.110673890644961],[149.614492720958708,-34.110474297647386],[149.614513507984185,-34.110247488647623],[149.61447152902565,-34.109966573642019],[149.614454309053144,-34.109768289639149],[149.614493033070858,-34.109582670641245],[149.614583130075346,-34.109442159648097],[149.614743674076749,-34.109244708660718],[149.614947335077147,-34.109004759676786],[149.615204510078058,-34.108698995697061],[149.615391095082686,-34.108445546711536],[149.615598745088931,-34.108154690727602],[149.615810240101638,-34.107808310743607],[149.616112253116995,-34.107335269766622],[149.616311503136103,-34.106952190781307],[149.616599129144248,-34.106553371803578],[149.616819293142868,-34.10630844782105],[149.617007715139721,-34.106115021836118],[149.617197285131709,-34.105958517851526],[149.617321247129013,-34.105835764861489],[149.617440503123532,-34.105740817871208],[149.617598045114903,-34.105626579884131],[149.617828015094688,-34.105520041903425],[149.617997371081458,-34.105428653917521],[149.618146514062971,-34.105402370930335],[149.618401108029389,-34.105373837952307],[149.618594372005703,-34.105337372968876],[149.618693844993174,-34.105321389977419],[149.61893719796177,-34.10528848299839],[149.619125763935301,-34.10527982301474],[149.619353314902639,-34.105274983034526],[149.619710806842107,-34.105341263066101],[149.619872892814215,-34.105374761080455],[149.620002538787446,-34.105436676092175],[149.620121231761715,-34.105503440102972],[149.620273654729402,-34.105583336116808],[149.620421371694249,-34.105691057130414],[149.620512741670666,-34.105772262138935],[149.620625732646317,-34.105834535149199],[149.620739449619009,-34.105919882159689],[149.620836646593432,-34.106010204168783],[149.620935277561841,-34.106146690178313],[149.621010135540047,-34.106232861185433],[149.62106278952146,-34.106319517190613],[149.621133381495014,-34.10644737119766],[149.621204546466231,-34.106593673204863],[149.62129307543205,-34.106762726213752],[149.621331934403798,-34.106942069218377],[149.621381030377563,-34.107093472223703],[149.621384885361294,-34.107218126224915],[149.621374218338417,-34.107412385225331],[149.621369387313536,-34.107615761226306],[149.621384904293279,-34.107758639228649],[149.621405682273434,-34.107892177231392],[149.621441834256615,-34.107983798235168],[149.621494928236217,-34.108084303240489],[149.621527091213579,-34.108226822244276],[149.621543038191504,-34.10838354924676],[149.621587025164303,-34.108548936251729],[149.621641392138486,-34.108690989257447],[149.6216796861126,-34.108851858261907],[149.621730647078522,-34.109063283267815],[149.621774059053706,-34.109210186272612],[149.621799688036077,-34.109320515275584],[149.621848219012264,-34.109453452280746],[149.621890779991048,-34.109572656285287],[149.621905158975579,-34.109678602287275],[149.62194914494836,-34.109843979292251],[149.621964957926906,-34.109996090294672],[149.621998276899433,-34.11017555029882],[149.622018481882009,-34.110290613301373],[149.622096764845764,-34.110487588309574],[149.622188009800141,-34.110744354319301],[149.622239193782349,-34.110826196324318],[149.622267546773372,-34.110864670327047],[149.622291211766594,-34.110890755329287],[149.622322200759726,-34.110909427332125],[149.622413776733566,-34.1110109273408],[149.622496980705222,-34.111139543348934],[149.622652415654187,-34.111364316364046],[149.622746959624919,-34.111487401373125],[149.622785333605719,-34.111595454377223],[149.622836868573188,-34.11179367638308],[149.622924733539321,-34.111960891391881],[149.622969651525409,-34.112019238396201],[149.623073419494204,-34.112146465406113],[149.623163345465997,-34.112266269414789],[149.623238526441469,-34.112373900422078],[149.623304519416678,-34.112494224428666],[149.623377137383471,-34.112673702436233],[149.623419187362146,-34.112794529440734],[149.623475293333172,-34.112959144446762],[149.623470139327623,-34.113009460446655],[149.623438317325167,-34.113065915444267],[149.623308393325942,-34.113210469433959],[149.623394242293159,-34.113371212442566],[149.623404963282582,-34.113442772443989],[149.623430788262738,-34.113570349447116],[149.623432752240205,-34.113747200448522],[149.623440210222981,-34.113875171450047],[149.623451460204052,-34.114012518451979],[149.623445365186967,-34.114155333452445],[149.623433891174784,-34.114265501452216],[149.623408129165796,-34.114366499450668],[149.623366536159551,-34.114464951447715],[149.623332294154295,-34.114546488445306],[149.623251117140256,-34.114752051439666],[149.62317496813003,-34.114921848434207],[149.623116909121848,-34.115054121430063],[149.623076096115767,-34.115149633427173],[149.623017669109231,-34.115269545422926],[149.622990750101565,-34.115361839421219],[149.62292768909478,-34.115488869416602],[149.622854947093458,-34.115583869410933],[149.622755913094181,-34.115692998403063],[149.622663378096036,-34.115785973395646],[149.622595037099217,-34.115839847390077],[149.622559880097754,-34.115892286387357],[149.622471747102423,-34.115957500380141],[149.6223024451144,-34.116058668366101],[149.622157497130644,-34.116098173353762],[149.622074061136829,-34.116145817346826],[149.621953917151757,-34.116166577336507],[149.621870713160604,-34.11619311132943],[149.621768461174895,-34.116198202320575],[149.621717331180321,-34.11621459831624],[149.621567157200701,-34.116227246303239],[149.621453817215468,-34.116241329293459],[149.621318156235333,-34.116241311281655],[149.621209020250149,-34.116250194272219],[149.621037064273338,-34.116265523257347],[149.62093842528671,-34.116274182248823],[149.620894098293007,-34.116275123244968],[149.620846580299855,-34.116276136240835],[149.620747627314501,-34.116274612232203],[149.620623422332358,-34.116277266221402],[149.620502041348914,-34.116286409210893],[149.620384828365758,-34.116288910200709],[149.620228236384719,-34.116319917187283],[149.620123233396384,-34.11634909517835],[149.62007542840206,-34.116359583174258],[149.620028555407231,-34.116372957170277],[149.619970316414111,-34.11638584716529],[149.619882532424413,-34.116405927157786],[149.619828686430594,-34.116419454153188],[149.619740624442073,-34.116430793145604],[149.619653548452987,-34.116445028138124],[149.619587627460135,-34.116464632132505],[149.61954075446539,-34.11647728112851],[149.619456672474371,-34.116503841121379],[149.619355182485435,-34.11653365611275],[149.619305101489942,-34.116555842108532],[149.619199335501321,-34.116588668099574],[149.619144798506824,-34.116608039094949],[149.619079836513521,-34.116630530089438],[149.619036486518155,-34.116643833085767],[149.618991855521074,-34.116672455082075],[149.618908239528025,-34.116714272075079],[149.618843851532318,-34.116754969069774],[149.618761382537997,-34.11680549006293],[149.618689232542948,-34.116849979056958],[149.618566506550962,-34.116929042046827],[149.618484593554257,-34.116997760040157],[149.618391323559223,-34.117066729032516],[149.618312817562412,-34.117132463026138],[149.618227032567887,-34.117188891019076],[149.618122477574076,-34.117260998010451],[149.618050612577775,-34.117314962004578],[149.617957602581612,-34.117392652997026],[149.617865112586827,-34.117458690989423],[149.617815210586997,-34.117515083985474],[149.617758370587921,-34.117573798980928],[149.617716230587462,-34.117626390977613],[149.617677703586054,-34.117682531974665],[149.617647620584592,-34.11772903797236],[149.617483338571787,-34.118021551960084],[149.617451140540027,-34.118311242959294],[149.617550408495475,-34.118550089969588],[149.617789208432583,-34.118772119991924],[149.617999655389553,-34.11886955001092],[149.618286485330913,-34.119002478036812],[149.61872935025562,-34.119086202075948],[149.619133015188794,-34.119148197111535],[149.619492847132307,-34.119179105143068],[149.619781496080293,-34.119257388168755],[149.620110384025935,-34.119307147197738],[149.620407100979037,-34.119335034223766],[149.620689814941301,-34.119306421248183],[149.620719996938163,-34.119296256250742],[149.620932379916127,-34.119224803268743],[149.621225043886341,-34.119121726293507],[149.621505499843863,-34.119133209318022],[149.621651567794402,-34.119356485332297],[149.621807012733882,-34.119656736347906],[149.621947129670332,-34.119998803362471],[149.622027967607323,-34.120405466372326],[149.622094785549962,-34.120783327380771],[149.622102960533169,-34.120907425382349],[149.622113870517609,-34.121018158384068],[149.622122565509642,-34.121071369385199],[149.622153509487049,-34.121214811388874],[149.622201108464481,-34.121339062393886],[149.622224325435184,-34.121544518397336],[149.622260387404481,-34.12174697040188],[149.622324552376909,-34.121891175408464],[149.622417293334536,-34.122119946418138],[149.622502236290586,-34.122370419427256],[149.622540405263635,-34.122540046431759],[149.622624210230356,-34.122707118440218],[149.622679616205772,-34.122838163445955],[149.622705029194293,-34.122899540448586],[149.622741728177772,-34.122988194452397],[149.622753112164617,-34.123079565454034],[149.622754475162395,-34.12309555645426],[149.622756044160155,-34.123111521454504],[149.622757827157898,-34.12312748645477],[149.6227598181556,-34.123143415455047],[149.622762023153285,-34.123159309455353],[149.622768495147312,-34.123199064456195],[149.622776329141203,-34.123238712457152],[149.622785455134874,-34.123278127458221],[149.622795826128424,-34.123317201459393],[149.622807372121912,-34.123355818460674],[149.622811648119637,-34.123368987461127],[149.622816094117326,-34.123382119461603],[149.62282067411499,-34.123395206462099],[149.622825336112669,-34.123408267462587],[149.622830042110337,-34.12342131046308],[149.62283094710989,-34.1234237574632],[149.62283640610724,-34.123438503463767],[149.622842959104133,-34.123455633464459],[149.622856253097893,-34.123489822465849],[149.622862796094779,-34.123506952466535],[149.622871698090336,-34.12353172946748],[149.622880195085969,-34.123556694468391],[149.622888774081531,-34.123581596469322],[149.622897935077106,-34.123606238470288],[149.622908154072547,-34.123630396471334],[149.622914976069723,-34.12364541147204],[149.62292193206676,-34.12366042547275],[149.622929247063837,-34.123675234473495],[149.622937171060869,-34.12368964847429],[149.622945938057853,-34.123703453475144],[149.622953243055548,-34.123713591475855],[149.622960979053119,-34.123723469476595],[149.622969092050766,-34.12373306147736],[149.622977527048334,-34.123742357478157],[149.622986249045937,-34.123751321478977],[149.622991017044683,-34.123755973479426],[149.622995876043376,-34.123760545479882],[149.623000833042056,-34.123765018480334],[149.623005871040817,-34.123769401480821],[149.62301098003951,-34.123773686481286],[149.623155201993995,-34.123967668495197],[149.623354794895135,-34.124521224516421],[149.623384563880364,-34.124603792519579],[149.62337516182771,-34.12503291852174],[149.623326269756973,-34.125651405521765],[149.623206633707639,-34.126181866515033],[149.623010911656252,-34.126817635502384],[149.622773041644081,-34.12719036548426],[149.622528494637066,-34.127530243465316],[149.622341738640102,-34.127722771450387],[149.622166160642166,-34.127910342436401],[149.622126386645903,-34.127926719433049],[149.622272354586528,-34.128228581447843],[149.622392471541417,-34.128447544459831],[149.622505765501984,-34.128628938470953],[149.622709256451429,-34.128794279489824],[149.623021237381721,-34.128985570518303],[149.623274684328152,-34.129116847541297],[149.623525800284312,-34.129172747563558],[149.623861160231456,-34.129203278592975],[149.624114886199777,-34.129160143614769],[149.624361924173201,-34.129084165635753],[149.624591241152189,-34.128984987655045],[149.624965640119228,-34.12881201068646],[149.625390004083243,-34.128604969721984],[149.625972789048234,-34.128206001769968],[149.626387392030267,-34.127867190803734],[149.626826504047415,-34.127221488837506],[149.627218807100348,-34.126345825865613],[149.627588610155897,-34.125475361891795],[149.6277554042139,-34.124821339901786],[149.627813857267228,-34.124329894903468],[149.627792612310657,-34.124009842899412],[149.627813202339155,-34.12375958489946],[149.627780357362269,-34.12361417989559],[149.627725946394207,-34.123423693889542],[149.627724664396538,-34.123406679889307],[149.627723221398867,-34.123389683889066],[149.62772161640126,-34.123372696888808],[149.627719850403679,-34.123355736888527],[149.627717914406105,-34.123338785888251],[149.627710052414216,-34.123283379887184],[149.627700031422648,-34.123228187885914],[149.627688458431265,-34.123173202884523],[149.627675899439964,-34.123118404883051],[149.627662946448766,-34.123063786881552],[149.627652951455474,-34.123022274880391],[149.627642616462168,-34.1229808248792],[149.627631769468962,-34.122939500877976],[149.627620259475805,-34.122898382876684],[149.627607952482776,-34.122857524875329],[149.627584753494176,-34.122793709872859],[149.627557726506069,-34.122731014870084],[149.627529938517966,-34.122668598867236],[149.62750442652964,-34.122605625864566],[149.627484239540678,-34.12254126486237],[149.62747201255101,-34.122473504860828],[149.627466069560597,-34.12240412385983],[149.62746213457001,-34.122334257859009],[149.627455868579602,-34.12226501085798],[149.62744298759003,-34.122197511856399],[149.627431235596646,-34.122158490855099],[149.627417547603528,-34.122119990853626],[149.627402855610455,-34.122081749852079],[149.627388118617432,-34.122043508850531],[149.627374268624322,-34.122005008849058],[149.627347251638525,-34.121923238846144],[149.627321390652696,-34.121841056843323],[149.627296658666694,-34.121758497840588],[149.627273047680603,-34.12167562483797],[149.627250547694359,-34.121592501835444],[149.627224981710469,-34.121494317832514],[149.627200474726465,-34.121395722829703],[149.627177750742248,-34.121296732827034],[149.627157545757711,-34.121197321824596],[149.627140567772756,-34.121097479822424],[149.627126180787599,-34.120996374820457],[149.627114015802192,-34.12089463281869],[149.627104917816354,-34.120792568817194],[149.627099744829991,-34.120690503816036],[149.627099323842828,-34.1205887348153],[149.627105015852067,-34.120508856815235],[149.627115924860533,-34.120429022815642],[149.627128105868792,-34.120349260816141],[149.627137616877434,-34.120269570816426],[149.627140547887024,-34.120189978816128],[149.627136818895906,-34.120123859815337],[149.627129405905322,-34.120057803814227],[149.627119723915058,-34.119991810812941],[149.627109217924897,-34.119925861811552],[149.627099312934632,-34.119859958810252],[149.627091209942733,-34.119804936809153],[149.62708251395091,-34.119749987808021],[149.627073747959116,-34.119695055806879],[149.627065428967256,-34.119640070805765],[149.627058059975298,-34.11958495980474],[149.627051157983914,-34.119524622803716],[149.62704503599241,-34.119464168802779],[149.627039630000837,-34.119403634801891],[149.627034834009152,-34.119343055801039],[149.627030576017404,-34.119282458800257],[149.627025431028528,-34.119200052799222],[149.627021137039549,-34.11911754779829],[149.627018053050392,-34.119034979797455],[149.627016502061025,-34.118952420796738],[149.627016816071375,-34.118869933796205],[149.627019478081394,-34.118787374795851],[149.627024255091072,-34.118704833795697],[149.627030467100525,-34.118622319795669],[149.627037369109928,-34.118539850795699],[149.627043599119759,-34.118454566795663],[149.627050152129527,-34.118369300795628],[149.627057036139263,-34.118284061795634],[149.627064243148965,-34.118198849795668],[149.627071790158567,-34.118113664795743],[149.627079678167803,-34.118031132795856],[149.627088158176917,-34.117948654796017],[149.627096790186073,-34.117866185796196],[149.627105216195218,-34.117783698796359],[149.627113006204496,-34.117701157796475],[149.62711909221224,-34.117632456796521],[149.627125026220028,-34.117563729796565],[149.627130664227849,-34.117494984796572],[149.627135872235755,-34.117426212796559],[149.627140497243744,-34.117357404796486],[149.627143850250519,-34.117299684796379],[149.627146781257352,-34.117241938796226],[149.627149416264245,-34.117184182796045],[149.627151863271166,-34.117126409795866],[149.627154239278099,-34.117068636795686],[149.627156112283672,-34.117022220795526],[149.627157878289211,-34.116975813795356],[149.627159554294877,-34.11692938079517],[149.627161140300444,-34.116882946794995],[149.627162619306091,-34.116836521794802],[149.627170552312862,-34.11677338779505],[149.627181739319099,-34.116711123795582],[149.62719740832415,-34.116652651796556],[149.627217729328407,-34.116595173797919],[149.627239826332385,-34.11653806379946],[149.627260855336544,-34.11648067680089],[149.627277940341401,-34.116422373801981],[149.627288831345936,-34.116373448802584],[149.627298216350766,-34.116324110803049],[149.627306293355844,-34.116274485803423],[149.627313213361106,-34.116224689803673],[149.627319165366515,-34.116174858803845],[149.627323772371369,-34.11613100680394],[149.627327725376318,-34.116087011803984],[149.627330737381442,-34.116042943803947],[149.627332557386723,-34.1159988768038],[149.627332915392259,-34.115954863803516],[149.627331992397274,-34.115915896803166],[149.627330055402439,-34.115876885802727],[149.627327124407799,-34.1158379188022],[149.627323180413271,-34.115799059801589],[149.627318250418853,-34.115760397800891],[149.62731866242251,-34.115730905800731],[149.627251458468606,-34.115442568792872],[149.627152989524404,-34.115114009782012],[149.627144015551607,-34.114908356779807],[149.627109476596274,-34.114593637774625],[149.62713520262588,-34.114328633775024],[149.627184943639264,-34.114164771778213],[149.627280938647004,-34.11399195378538],[149.627375732658038,-34.113794206792264],[149.627535397657539,-34.113612801804912],[149.627673200648331,-34.113525912816307],[149.627728365642326,-34.113509544821014],[149.627800883635757,-34.11347759682711],[149.627848768632134,-34.113450874831088],[149.627912708624535,-34.113436855836561],[149.628012773613364,-34.113409389845089],[149.628095197602164,-34.113402558852229],[149.628165618592078,-34.113401052858329],[149.628244492581729,-34.113391765865146],[149.628336516567259,-34.113399923873217],[149.628395472555923,-34.113421454878512],[149.628488124538762,-34.113450220886783],[149.628590232519031,-34.113488550895951],[149.628677120501408,-34.113527561903787],[149.628832044469618,-34.113600215917778],[149.629022457426231,-34.113723479935217],[149.629108368403905,-34.113801233943242],[149.629197838380804,-34.113881076951607],[149.629311743353725,-34.113963653962088],[149.629452540317772,-34.114085806975204],[149.629633765265396,-34.114291387992402],[149.629848408203145,-34.114536770012805],[149.630004391140375,-34.114854321028609],[149.630104859104506,-34.115022558038532],[149.630310036037883,-34.115313369058413],[149.630468689990408,-34.115506042073569],[149.630585660945115,-34.115730008085315],[149.630757419886692,-34.115994761102115],[149.630974097815852,-34.116305580123139],[149.631194208742983,-34.116628984144562],[149.63137287868193,-34.11690625116205],[149.631514599626229,-34.11718430617632],[149.631688931544545,-34.117630258194602],[149.6318583604764,-34.117974639211752],[149.632008507420608,-34.118243470226695],[149.632145289373312,-34.11846013124012],[149.632371836296272,-34.118808724262266],[149.63254859723807,-34.119065768279469],[149.632693428193988,-34.119247523293339],[149.632760470152192,-34.119501859300939],[149.632790616122548,-34.119702358304963],[149.632846462088935,-34.119904112311218],[149.632880140070881,-34.120008301314876],[149.632929111050373,-34.120114336319872],[149.633006425027162,-34.120208907327282],[149.633130306982935,-34.120416442339497],[149.633224393945653,-34.120602903349003],[149.633345756904959,-34.120785160360832],[149.63351493485743,-34.12096639537684],[149.633692716807246,-34.121158297393649],[149.633829014765553,-34.121331195406718],[149.633963850729998,-34.121457095419345],[149.63413396968204,-34.121640472435438],[149.634309000636364,-34.121799879451792],[149.634431017604584,-34.121910415463198],[149.634521894581553,-34.121987765471658],[149.634680575539335,-34.122138836486528],[149.634899744484585,-34.122318995506873],[149.634917116480466,-34.12233146450847],[149.63493437247638,-34.122344094510062],[149.634951520472214,-34.122356886511653],[149.634968534468129,-34.122369839513226],[149.634985431464003,-34.122382935514779],[149.635013999456959,-34.122405677517442],[149.635042209449921,-34.122428894520048],[149.635070069442861,-34.122452550522638],[149.635097552435809,-34.122476610525204],[149.635124686428753,-34.122501054527731],[149.635156795420272,-34.122531317530736],[149.635188187411757,-34.122562359533688],[149.635219131403261,-34.122593886536613],[149.635249922394763,-34.122625583539524],[149.63528082138626,-34.122657145542426],[149.63531650737653,-34.122693189545785],[149.635352157366782,-34.122729279549134],[149.635387690357021,-34.122765475552491],[149.63542301734725,-34.122801869555808],[149.635458057337502,-34.122838532559129],[149.63548771032913,-34.122870498561923],[149.635516959320825,-34.122902849564696],[149.635546146312464,-34.122935245567469],[149.6355756293041,-34.122967354570257],[149.635605757295707,-34.12299883657311],[149.635637902286987,-34.123030829576123],[149.635670584278273,-34.123062283579202],[149.635703670269521,-34.123093353582298],[149.63573697226073,-34.123124180585407],[149.635770344251995,-34.123154936588534],[149.63580298224349,-34.123184750591591],[149.635835835234928,-34.123214349594647],[149.635868814226399,-34.123243796597727],[149.635901873217875,-34.123273171600808],[149.635934914209344,-34.123302564603897],[149.635978417198032,-34.123341845607946],[149.636021722186683,-34.123381376612016],[149.636065224175411,-34.123420683616068],[149.636068558174543,-34.123423588616369],[149.636109300164094,-34.123459256620173],[149.636154353152818,-34.123496618624358],[149.636194726142918,-34.123528234628104],[149.636235781133024,-34.123559016631887],[149.636277312123184,-34.123589198635713],[149.636319156113302,-34.123618959639572],[149.636361134103453,-34.123648486643425],[149.63640871509233,-34.12368129464781],[149.636456735081282,-34.123713484652214],[149.636505015070185,-34.123745298656644],[149.636553384059141,-34.123776976661084],[149.636601664048101,-34.123808781665502],[149.63664384003846,-34.123836659669365],[149.63672829901904,-34.123892263677114],[149.63677051000937,-34.123920087680993],[149.63681266799972,-34.123947983684857],[149.636871094986276,-34.123986860690223],[149.636929440972779,-34.124025827695569],[149.636987742959349,-34.124064892700922],[149.637045972945941,-34.124104047706282],[149.637104139932489,-34.12414330971162],[149.637426162842559,-34.124483288742034],[149.637595330740766,-34.125094814761013],[149.637788126652481,-34.12557170678113],[149.638164673513984,-34.126234269818532],[149.638289585462786,-34.126495220831231],[149.638382155412188,-34.12678924784133],[149.638424267370624,-34.127070483846957],[149.638410372338825,-34.127339044847588],[149.638380081308185,-34.127617214846886],[149.638224403285676,-34.127976705835806],[149.638020319277757,-34.128276013820098],[149.637946151273212,-34.128398004814485],[149.637811619273833,-34.128549092803794],[149.637703477276546,-34.128653307795112],[149.637591813282,-34.128739603785981],[149.637351981297172,-34.128897387766173],[149.637173159304211,-34.12904923775163],[149.636954850319199,-34.129183437733545],[149.63662422235501,-34.129283054705425],[149.636129187431862,-34.129247512662026],[149.635726615497248,-34.129195952626588],[149.635451959543644,-34.129146345602315],[149.635322600568628,-34.129098110590711],[149.635182028594642,-34.129054814578161],[149.634985457631586,-34.128989861560584],[149.634839649657778,-34.1289513615476],[149.6345813887053,-34.128873653524572],[149.634298342744188,-34.128893607500061],[149.634009208763558,-34.129075567476114],[149.633978192735952,-34.129330628475167],[149.634141138682821,-34.129563019490988],[149.634433659604127,-34.12984812751845],[149.634770388497515,-34.130303416550937],[149.635180964373887,-34.130808016590223],[149.635466492302044,-34.131047022616755],[149.635740905231756,-34.131286270642327],[149.636324386080986,-34.131805634696775],[149.636531955020871,-34.132041691716502],[149.636638625978748,-34.132252165727252],[149.636697544934151,-34.132537668734365],[149.636725851882886,-34.132911699739417],[149.636733227829353,-34.133327815742952],[149.636651940787374,-34.133755092738824],[149.636609674761985,-34.13400576173688],[149.636620878714893,-34.13436629274036],[149.636692795660878,-34.13471163874901],[149.636755273623919,-34.134932313755996],[149.636874493574197,-34.135188755768155],[149.637049728514626,-34.135457889785286],[149.637319032443315,-34.13571112281052],[149.637506495400061,-34.135836590827715],[149.637798962333676,-34.136024072854518],[149.637951816301239,-34.136104147868387],[149.638230658244822,-34.136228047893546],[149.638619632189517,-34.13621506792736],[149.638873312161309,-34.13614483594899],[149.639267791127992,-34.135951356982027],[149.639436377118955,-34.135827474995857],[149.639630734114348,-34.135638290011471],[149.639826391104378,-34.135490689027506],[149.639960466104952,-34.135330539038087],[149.640105799103338,-34.13517478104967],[149.640263628096591,-34.135044830062533],[149.640443984084158,-34.134934429077489],[149.64066784206517,-34.134825042096239],[149.640953004040028,-34.134694024120193],[149.64117319501716,-34.134619910138859],[149.641540350963254,-34.134621254170874],[149.642125590872865,-34.134659531222155],[149.642591124789135,-34.134783637263588],[149.642991258709543,-34.134950779299629],[149.643395424613061,-34.135247343336921],[149.64345323257325,-34.135495861343685],[149.643449762538836,-34.135772785345281],[149.643345833505862,-34.136154956338885],[149.643263659490231,-34.136374116333243],[149.643009664474846,-34.136791237313979],[149.64281407847713,-34.136999847298384],[149.642498608492616,-34.137242833272573],[149.64235635050315,-34.137324621260746],[149.642059193520879,-34.137528623236243],[149.641591067547864,-34.137857843197715],[149.641224377577174,-34.138050748167103],[149.640830095587091,-34.138429261135364],[149.640634438597147,-34.138576853119332],[149.640478267599121,-34.138742095106863],[149.640219637603053,-34.139011301086178],[149.640096257603403,-34.13915164107641],[149.640025997604596,-34.139223604070786],[149.639931112597253,-34.139392154063678],[149.6399225695653,-34.139655542064752],[149.639994235535113,-34.13981169507209],[149.640033345506197,-34.139995860076759],[149.640137722473696,-34.140132373086814],[149.640265055435009,-34.140291521099016],[149.640395939403987,-34.140385832111079],[149.640537937371334,-34.14047990912411],[149.640763749324947,-34.140586062144521],[149.641037724279187,-34.140631034168706],[149.641471473216342,-34.140626328206487],[149.641731446184252,-34.14057909722883],[149.642111850142442,-34.140469153261222],[149.642362160118097,-34.14037180428236],[149.642597177101891,-34.140227805301841],[149.642837178087319,-34.140065180321635],[149.643007243079808,-34.139927215335518],[149.643138359070321,-34.139850384346417],[149.643975737958243,-34.139767584418841],[149.644310721904333,-34.139806622448305],[149.644433734883762,-34.139827096459165],[149.644563317859337,-34.139870527470769],[149.644736510829802,-34.139903828486091],[149.645006065783519,-34.139958230509976],[149.645324672727298,-34.140034533538277],[149.646000925601555,-34.140247073598701],[149.646148392569302,-34.140331900612154],[149.646407137510636,-34.140496848635848],[149.646494268482968,-34.140615219644268],[149.646633237418087,-34.140968375658822],[149.646621755398769,-34.141135133658985],[149.646599364357627,-34.141487133659481],[149.646392458335129,-34.141905861644325],[149.646052518309574,-34.142502614618827],[149.64578199529592,-34.14292472159817],[149.645630944298915,-34.143075989586059],[149.645528495300823,-34.143179954577839],[149.645414787304901,-34.143279535568617],[149.645308932298491,-34.143452953560598],[149.645196228298374,-34.143584895551683],[149.645005475287832,-34.143889645537172],[149.644841355278174,-34.144156827524711],[149.644632907274286,-34.144429585508419],[149.644477033275052,-34.144604079496048],[149.644302738285489,-34.144723471481683],[149.644210391290017,-34.144794843474124],[149.644076165290045,-34.144950369463501],[149.643776814280841,-34.145370800440311],[149.643680801277696,-34.1455071704329],[149.643612398276161,-34.145598648427558],[149.643575789272063,-34.145673444424901],[149.643505538273985,-34.145739715419232],[149.643398339267435,-34.14591617241112],[149.643382643265568,-34.145948927409968],[149.6433365682621,-34.146030123406511],[149.643187686256056,-34.146250719395056],[149.643294959211516,-34.146479670406002],[149.643383828176553,-34.146653519414947],[149.64355933413853,-34.146751487430933],[149.643887255069274,-34.146920181460686],[149.644205789994373,-34.147144579490011],[149.64438217495271,-34.147270290506242],[149.644782371873077,-34.1474374255423],[149.645295487770227,-34.147657628588561],[149.645588475712373,-34.147776187614923],[149.645842111661977,-34.147881730637764],[149.646166437607803,-34.147934860666417],[149.646468953555029,-34.148002342693253],[149.646880211496551,-34.147988843729003],[149.647084742471833,-34.147947430746555],[149.647382946437205,-34.147876247772075],[149.647596154421166,-34.147756013789824],[149.647775281412947,-34.147613386804444],[149.648036939396377,-34.147441232826068],[149.648214479394824,-34.147247762840216],[149.648293397401545,-34.147102679846071],[149.648375847415991,-34.146892759851816],[149.648482993416934,-34.146760934860254],[149.648630495406223,-34.146674494872507],[149.648846590378128,-34.146646706891161],[149.649102171342008,-34.146636569913369],[149.649293068307031,-34.146692567930401],[149.649526490251361,-34.146863288951941],[149.650052111118669,-34.147305217000842],[149.650501422013321,-34.1476192820422],[149.650906109914956,-34.147929681079624],[149.651140410855646,-34.14812812710143],[149.651348356794273,-34.148373401121269],[149.651604878731746,-34.14857137314501],[149.651924175653818,-34.148818861174576],[149.652190531595124,-34.148974988198873],[149.652837327449703,-34.149377277258068],[149.653189539368839,-34.149610173290398],[149.653336253338978,-34.149676381303649],[149.653560953297415,-34.14974552132373],[149.653725944258525,-34.149862215338935],[149.653814687224184,-34.150031430347838],[149.653948779179842,-34.150227410360891],[149.65398569313777,-34.15051800636612],[149.654032862097722,-34.150780626372061],[149.654058508057858,-34.151066838376288],[149.654047474036702,-34.151247464376567],[149.653991611000947,-34.151595564374105],[149.653917630973609,-34.151897804369746],[149.653773875968596,-34.152104434358648],[149.653604358959058,-34.152376358345748],[149.653490588940997,-34.152651715337726],[149.653299548931642,-34.152947241323119],[149.653084539932792,-34.153187772306048],[149.652962306927549,-34.153370800296635],[149.652807293924724,-34.153573046284528],[149.652714301909498,-34.153801692278009],[149.652575969904262,-34.154003570267328],[149.652414959904036,-34.154192057254612],[149.652199941905195,-34.154432598237513],[149.651988750912722,-34.15461754322039],[149.651788531919323,-34.154797640204166],[149.651550834925445,-34.155024788185003],[149.651315683898531,-34.155510897167879],[149.651237051890547,-34.155665230162086],[149.65115798088442,-34.155805696156165],[149.6510468728776,-34.155988481147745],[149.650945427875257,-34.156124806139843],[149.650691191883197,-34.156356938119281],[149.650385610903754,-34.156548543093955],[149.649534662892307,-34.157626115027227],[149.64932093488801,-34.157908248010528],[149.649240859886106,-34.158016354004317],[149.649134421882138,-34.158171287996105],[149.649095428865564,-34.158347887993926],[149.649100636843798,-34.15851428699554],[149.649137604823892,-34.158629106999548],[149.649180424802012,-34.158753079004143],[149.649204690790327,-34.158817306006696],[149.649251043776104,-34.158876433011159],[149.64930925575726,-34.158958418016802],[149.649434759726347,-34.159057470028422],[149.649565382696522,-34.159142530040405],[149.649684172671243,-34.159204713051203],[149.649808520645223,-34.159266789062478],[149.649887511629203,-34.159302081069598],[149.650185240574189,-34.159392779096187],[149.650353780542986,-34.15944464511125],[149.650599724502399,-34.159480958132946],[149.652012005299497,-34.159450437255884],[149.652222569272141,-34.159422757274058],[149.652495746229988,-34.159439977298],[149.652734976195063,-34.159439430318862],[149.653007274156522,-34.159428916342542],[149.653259072113912,-34.15947434636481],[149.653532535070553,-34.159500808388835],[149.653811996024558,-34.159541012413492],[149.654195204971273,-34.159518844446751],[149.654501018927334,-34.159512229473393],[149.654668833899137,-34.159540977488213],[149.654870145871712,-34.159524913505656],[149.655173073833708,-34.159474563531745],[149.655448473804654,-34.15938534455514],[149.655884821753659,-34.159283388592492],[149.656152314725517,-34.159196133615232],[149.6564705806841,-34.159155078642705],[149.656608248662366,-34.15916773565479],[149.657474875525821,-34.159244334730921],[149.657749647477033,-34.159312380755352],[149.657919201441587,-34.159396588770726],[149.658206101386924,-34.159496752796457],[149.658379912356139,-34.159539242811903],[149.658610779311289,-34.15962674083265],[149.658814136269228,-34.159724089851075],[149.659028607225565,-34.159821188870453],[149.659200492180474,-34.159979349886534],[149.659283991145713,-34.160157930895053],[149.659435518095904,-34.160376652909775],[149.659497065063107,-34.160564950916473],[149.659557311035798,-34.160711655922746],[149.659588541995134,-34.160997742927435],[149.659614357954638,-34.161288570931696],[149.659600392923295,-34.161552516932325],[149.659581433890423,-34.161835061932614],[149.659594834856961,-34.16208453993552],[149.659592701821083,-34.162371351937324],[149.659604507794285,-34.162569976939729],[149.659580277760966,-34.162861889939634],[149.659544404753859,-34.162959803937177],[149.659493444742481,-34.163108910933772],[149.659427828725057,-34.163323096929524],[149.659356367709648,-34.163528157924716],[149.659239549704211,-34.163706451915772],[149.659125975707695,-34.163810666906578],[149.658983144721219,-34.163869264894522],[149.658798298733899,-34.163982990879191],[149.658541418751525,-34.164141393857882],[149.658240704772425,-34.164324751832915],[149.65809492377582,-34.164466669821181],[149.657829267786553,-34.164689810799551],[149.657710566789007,-34.164808019790016],[149.657505937791541,-34.16502520777366],[149.657317121790641,-34.165251602758765],[149.657114374790012,-34.165491596742747],[149.656926220768582,-34.165879558729024],[149.656766151741977,-34.166276179717805],[149.656633270691572,-34.166829456710055],[149.656581234662269,-34.167121978707527],[149.656560357650875,-34.167236234706508],[149.656515609635676,-34.167408549703794],[149.656519670627887,-34.167465578704544],[149.656615549563895,-34.167861267715644],[149.656660126534717,-34.168040691720776],[149.656665487512328,-34.168211707722428],[149.65670523348092,-34.168414356727304],[149.656735738443274,-34.16867734273179],[149.656789934396357,-34.168986054738667],[149.656782387360636,-34.169277608740018],[149.656745150336803,-34.169509669738382],[149.656779913303808,-34.169730927742926],[149.656825943268558,-34.169956570748511],[149.656931341209599,-34.170301174760098],[149.657135110143543,-34.170588157779854],[149.657353867104547,-34.170643537799315],[149.657554346074534,-34.170648449816845],[149.657852317041062,-34.170567989842283],[149.658114880020833,-34.170423543864182],[149.658349073007059,-34.170261214883482],[149.658532475003483,-34.170076851898216],[149.658649159009457,-34.169893940907123],[149.658765690016082,-34.169706404915985],[149.658920865018302,-34.169508784928162],[149.659075162024152,-34.169283429940052],[149.659213933027587,-34.169095400950852],[149.659309677031359,-34.168954576958235],[149.659474658037396,-34.168715111970968],[149.659607585042892,-34.168517966981199],[149.659704629041215,-34.168418734988968],[149.659768165044909,-34.168315603993811],[149.659833154042587,-34.168258691999064],[149.659864761045043,-34.168202506001442],[149.659940157044105,-34.168122233007466],[149.6600493380366,-34.168055119016529],[149.660135983033541,-34.167979230023555],[149.660185016030567,-34.167945794027602],[149.660343517018873,-34.167854478040802],[149.660397095019363,-34.167788557045021],[149.660466333021674,-34.167689926050372],[149.66055809701956,-34.167600062057765],[149.660595288021256,-34.167543741060612],[149.660664965021709,-34.167458986066094],[149.660728359026024,-34.167351230070892],[149.660807994029824,-34.167229247076989],[149.660872105031103,-34.167144609082001],[149.660929205039253,-34.167013851086075],[149.661016918054088,-34.166794565092218],[149.661110761065771,-34.166593645099006],[149.661189097074924,-34.166430061104712],[149.661298028090812,-34.166177939112465],[149.661375772102417,-34.165995862117981],[149.661541041107284,-34.165765640130815],[149.661630627114249,-34.165606439137512],[149.66183002113354,-34.165222842152268],[149.661972611143426,-34.164979236163006],[149.662140049139225,-34.164818341176506],[149.66237933312641,-34.164642019196172],[149.662591833113424,-34.164498649213698],[149.662872809083552,-34.164409296237601],[149.663092758061907,-34.164325886256222],[149.663409124018813,-34.164300518283646],[149.663792933963094,-34.164296807317108],[149.66444100284491,-34.164481116374937],[149.664777896751474,-34.164830444406753],[149.66496259065309,-34.165395338426769],[149.665028986593455,-34.165790642435304],[149.665071664555086,-34.166044772440799],[149.665034177512496,-34.166425715440148],[149.664951529463252,-34.166911188436302],[149.664834370411711,-34.167455537429866],[149.664668591326546,-34.168321846421399],[149.664604382301746,-34.168592980417678],[149.664575850274389,-34.168842413416911],[149.664512520245893,-34.169141434413461],[149.664057518151225,-34.170418636382593],[149.663765167120971,-34.170997021361096],[149.663701926103357,-34.17121000635705],[149.663644925082139,-34.171443779353694],[149.66351096706677,-34.171721081343932],[149.663473740030696,-34.172049764342958],[149.663477962001906,-34.172272906344872],[149.66350488995721,-34.172595548349463],[149.663630797905057,-34.172862550362304],[149.663818593853705,-34.173051476379989],[149.664191297785436,-34.173159645413257],[149.664540704735515,-34.173149722443682],[149.664844278696592,-34.173105933469863],[149.665259113655168,-34.172952747505001],[149.665825107613784,-34.172624198552114],[149.666522459576157,-34.172113733609429],[149.666839963557862,-34.1718905656356],[149.667137451533023,-34.171742255660519],[149.667471189492119,-34.171679194689219],[149.667774888441414,-34.171728388716048],[149.667989477390904,-34.171879522735843],[149.668101482340433,-34.172149150747472],[149.668108277301002,-34.172453622750176],[149.668101706283409,-34.172600265750624],[149.668061279260769,-34.172826705748648],[149.667981769232227,-34.173144676743924],[149.667932718200518,-34.173452689741772],[149.667952394163564,-34.173722004745358],[149.668004744125511,-34.173962706751588],[149.668301282048503,-34.17422831977931],[149.668503446004763,-34.174340190797729],[149.668759241951278,-34.174467165820936],[149.668990996907979,-34.174541181841668],[149.669322744852963,-34.174592097870971],[149.669769571790823,-34.174566093909789],[149.670152692746655,-34.174471711942573],[149.670486447716911,-34.174320273970665],[149.670838391701295,-34.174035898999406],[149.671133601685881,-34.173815528023646],[149.671452504672942,-34.173548149049637],[149.671628879669043,-34.173374552063819],[149.671787389672147,-34.173166471076215],[149.671938898681816,-34.172914358087702],[149.672172077677374,-34.172679061106415],[149.672467207662322,-34.172456377130636],[149.672914850619151,-34.172279203168493],[149.673422579550618,-34.172233254212486],[149.673731800499439,-34.172279993239812],[149.673997690448857,-34.172371865263649],[149.674385785383976,-34.172435483297974],[149.674676021333198,-34.172501243323765],[149.675016285265173,-34.172644963354472],[149.675333377192572,-34.172851978383584],[149.675664748139098,-34.172891259412772],[149.675959851090539,-34.172933650438836],[149.676237304048044,-34.172948530463167],[149.676550210015137,-34.172846358489771],[149.67695510299248,-34.172556157523111],[149.677232251962408,-34.172473357546735],[149.677658757894932,-34.172512888584244],[149.677936559828566,-34.172716103609908],[149.678122392763072,-34.173018988628243],[149.678151884708001,-34.173420630633601],[149.678126480690167,-34.173590937632547],[149.677988516658019,-34.174005532623383],[149.677848203635534,-34.174345770613478],[149.677641951617886,-34.174724661598091],[149.677325639620079,-34.175073397572888],[149.67692352463115,-34.175451894540402],[149.676653494642949,-34.175671718518366],[149.676415455656269,-34.175842017498766],[149.67620465866861,-34.175988462481371],[149.675948818677512,-34.176214956460598],[149.675679594697044,-34.176371978438176],[149.6754755567149,-34.176467113421026],[149.675311623734359,-34.17650324740697],[149.675096559764398,-34.176514918388278],[149.674911372793673,-34.176498030371981],[149.674701086826246,-34.176484010353533],[149.674540021844962,-34.176522403339753],[149.674364614867216,-34.176549474324609],[149.674197006890722,-34.176557793310046],[149.674078170891022,-34.176692934300611],[149.674050051873337,-34.176865617299327],[149.674215795812785,-34.177152663315809],[149.674645465709915,-34.177468842355502],[149.674844251657817,-34.177650534374116],[149.675008238593421,-34.177970182390631],[149.675063241555506,-34.178206168397089],[149.67500341652385,-34.178526041394065],[149.674813989492321,-34.178995244380779],[149.674648559484325,-34.179249992368113],[149.674399468476366,-34.179601911348804],[149.674158902466559,-34.179958275330257],[149.674014878436992,-34.180359047320472],[149.673988793388418,-34.180773526321062],[149.673988050369132,-34.180927017322055],[149.674131500300348,-34.181305244337203],[149.67432939821839,-34.181724142357375],[149.674566021154988,-34.181951514379605],[149.674879536086138,-34.182133027408227],[149.675190192029106,-34.182223913436005],[149.675390258994184,-34.182268384453749],[149.675511155974192,-34.18228667046445],[149.675768833935393,-34.182295007486992],[149.675995102903727,-34.182283085506675],[149.676322467855783,-34.182282924535237],[149.676611492810139,-34.182309171560668],[149.676814051764836,-34.182432641579197],[149.677010282701104,-34.18270971959825],[149.677165529639382,-34.183017929613939],[149.677237555598168,-34.18326051362191],[149.677217682568653,-34.183516741621943],[149.677095449560682,-34.183721712612694],[149.676762321554179,-34.18415917458664],[149.676412556560678,-34.184513279558558],[149.676154196568689,-34.184749131537615],[149.675890745564232,-34.185089728516992],[149.675960485510132,-34.185437003525479],[149.676090114431531,-34.18590854654007],[149.676415193337164,-34.186278159570996],[149.676747272258581,-34.186515069601647],[149.677154775169413,-34.18674800863883],[149.677768476042417,-34.187041553694442],[149.678063614982591,-34.187172302721109],[149.678291586932772,-34.187302191741914],[149.678532870872516,-34.187499220764352],[149.678670897826237,-34.187705491777841],[149.678815128754309,-34.188106954793199],[149.678885253709836,-34.188377479801204],[149.67884764968673,-34.188603856799482],[149.678808567636224,-34.189048848799153],[149.678708179582429,-34.189590525794131],[149.678765719523,-34.189993870801956],[149.678780062497111,-34.190181917804495],[149.678869245451949,-34.190435751814043],[149.679018038405871,-34.190627832828376],[149.67921599035742,-34.190781628846729],[149.679395036320216,-34.190868399862957],[149.67969689825506,-34.191033875890454],[149.679988308199626,-34.191134479916606],[149.680868069066349,-34.191168722993659],[149.681321672987622,-34.191265776033944],[149.681693812910908,-34.191441337067651],[149.681804275855882,-34.19174819307942],[149.681742846775052,-34.192458761078989],[149.681614948756959,-34.192749895069831],[149.681394112721335,-34.193287233054264],[149.681186300665388,-34.193970775040846],[149.680932118633706,-34.194515805022426],[149.680708028633859,-34.194774166004656],[149.680420284651689,-34.19496648898086],[149.679972399695515,-34.195139054942935],[149.679456370753286,-34.195280550898865],[149.679189665784577,-34.195342187875994],[149.678905964808024,-34.195485575852217],[149.678678341822803,-34.195632397833364],[149.678611291809801,-34.195812914828757],[149.678711670751852,-34.19615487383988],[149.679058442668435,-34.196412383871952],[149.679789149526613,-34.196687076937657],[149.680672801366285,-34.196930523016505],[149.681084857280894,-34.197128475053859],[149.681356502195655,-34.197487601080063],[149.681730524055354,-34.1981630751174],[149.681891480992505,-34.198473472133607],[149.682189623898182,-34.19887388616241],[149.682530012807774,-34.199194305194361],[149.68298565173194,-34.199265722234649],[149.683416630668773,-34.199265588272269],[149.684561330534166,-34.199003346370439],[149.685481187436267,-34.198711138448751],[149.685981995374561,-34.198618782491856],[149.686489069298119,-34.198635572536261],[149.687092273192548,-34.198771171589883],[149.687573236101315,-34.198935033633042],[149.687788138060995,-34.199004729652287],[149.687967050035553,-34.198998490667876],[149.688156119012802,-34.198959451684125],[149.688430469983359,-34.198874374707501],[149.688681568960789,-34.198761903728652],[149.689144387922141,-34.198530847767479],[149.689415780904937,-34.198352821789946],[149.689577311895533,-34.198239982803287],[149.68974656988766,-34.198106051817142],[149.690066672869875,-34.197875802843519],[149.69034763085773,-34.197646404866468],[149.69055697585145,-34.197453454883416],[149.690783987850267,-34.197199665901493],[149.690995680856616,-34.19690435491794],[149.691179711865772,-34.196618949932038],[149.691358936872376,-34.196359226945908],[149.691584004890331,-34.195956661962789],[149.691718409914813,-34.195607235972105],[149.692255333971247,-34.194539747011625],[149.692292050031284,-34.194022721011258],[149.692325396082964,-34.193575524011067],[149.692294425143928,-34.193129743005272],[149.692455014171713,-34.192723933016502],[149.692825343158205,-34.192401883046635],[149.693222994121044,-34.192235027080208],[149.693721032059472,-34.19214502912309],[149.694162866984755,-34.19222368016225],[149.6945663358903,-34.192503160199443],[149.69491352878299,-34.192948968232862],[149.695090074700488,-34.193396201251396],[149.695113192638644,-34.193858431256608],[149.695115918582928,-34.194295534259872],[149.695025902553482,-34.194632357254349],[149.69499246652444,-34.194900507253273],[149.694992736434386,-34.195612053258216],[149.694963236377987,-34.196091718258963],[149.694869214264969,-34.197093671257676],[149.694834676184882,-34.197766448259323],[149.694764748150476,-34.198119110255661],[149.694682630099663,-34.198616210251927],[149.69461315905221,-34.199071179249003],[149.69457488300975,-34.199451047248296],[149.69461756095626,-34.199824488254592],[149.694570858937368,-34.200027819251929],[149.694459202908092,-34.200388369244664],[149.694338117884314,-34.200716578236367],[149.694242569855362,-34.201055848230368],[149.694114393849674,-34.2012493462205],[149.693978221832424,-34.201542998210648],[149.694005803785529,-34.2018818832154],[149.694076350739465,-34.202164034223522],[149.694226604687572,-34.202400237238272],[149.694573886602313,-34.202671650270503],[149.694807138553131,-34.202789760291701],[149.695273319478474,-34.202839977332786],[149.695695684428614,-34.20274464536903],[149.696235782371815,-34.202567678414994],[149.696698727343829,-34.202252880453273],[149.696706920343701,-34.202244292453919],[149.697061634338723,-34.201872842482345],[149.697352542352235,-34.201429284504705],[149.697601427372092,-34.200984320523368],[149.697749763416994,-34.200457863532684],[149.698024796462505,-34.199779789552039],[149.69827656651492,-34.199074339569151],[149.698510400552209,-34.198508781585673],[149.698765237569717,-34.198075299604952],[149.699170462579161,-34.197531569636595],[149.699554174566089,-34.197190596667767],[149.699764245556793,-34.197020871684956],[149.699986829540393,-34.196892731703521],[149.700236225513692,-34.196815157724771],[149.700584305469533,-34.196760978754831],[149.701159658378572,-34.19681341980548],[149.701879798258261,-34.19693008686923],[149.702316819181306,-34.197032079908134],[149.702674741107757,-34.197198578940565],[149.702850454062201,-34.197355162957017],[149.703053631970306,-34.19784598797817],[149.703233995916662,-34.198060586995425],[149.703956439753625,-34.198512052061709],[149.704327763680539,-34.198659654095195],[149.704704582618092,-34.198716451128519],[149.705009339574588,-34.198707398155094],[149.705342772535175,-34.198632611183719],[149.705961340499584,-34.198198079234793],[149.706281748491477,-34.197891043260682],[149.706527783478521,-34.197708885280925],[149.706767963456343,-34.197605915301217],[149.70712397644607,-34.197274837330035],[149.707260838460286,-34.197004402340134],[149.707255388493735,-34.196746417337877],[149.707325092506665,-34.196563506342699],[149.707366881534568,-34.196295168344513],[149.707458368546725,-34.196093173351095],[149.707660810546457,-34.195860816367194],[149.707849385536719,-34.195719463382709],[149.708103684511968,-34.195620831404248],[149.708350292474449,-34.195631660425882],[149.708606133421199,-34.19575622444912],[149.708843329355886,-34.195997472471518],[149.709099413268405,-34.196391764496646],[149.709350969199591,-34.196644316520405],[149.709711017106287,-34.196964233554091],[149.709963613033182,-34.197249315578148],[149.710312446930601,-34.197655511611465],[149.710610382848643,-34.197958190639596],[149.71084411878644,-34.19817857966158],[149.711132006723602,-34.19834195768788],[149.711812892598317,-34.198543154748819],[149.712116341549091,-34.198580623775605],[149.712573845487725,-34.198535624815307],[149.712872381458681,-34.198419728840605],[149.713128248449578,-34.198195484861429],[149.713329274455134,-34.197918979877095],[149.713433077472047,-34.19766554988442],[149.713376899514287,-34.197397050877647],[149.713121730608975,-34.1969446188522],[149.712929856665397,-34.19672097583387],[149.712763637705223,-34.196599082818501],[149.712547345762232,-34.19639924779819],[149.712410178804646,-34.196223230784973],[149.712288895848275,-34.196018967772957],[149.71222469489021,-34.19576227376556],[149.712218742914587,-34.195576378763754],[149.712252007933103,-34.195391943765394],[149.712347169941239,-34.195217763772504],[149.712531889936145,-34.195043933787446],[149.713135819905006,-34.194591089837132],[149.713335823881579,-34.194544807854307],[149.713568223847005,-34.19454896787466],[149.713958192785952,-34.194579866908974],[149.714320266728606,-34.194613705940874],[149.714620523681305,-34.194639611967325],[149.714923541644851,-34.194577096993385],[149.715091069632848,-34.194478044007347],[149.715247329622741,-34.194376921020307],[149.715429423606309,-34.194296155035687],[149.715619029592318,-34.194187314051504],[149.715734799593321,-34.194045235060642],[149.715912985603978,-34.193755276074214],[149.716111160621153,-34.193390458089034],[149.716249366640795,-34.193075813098943],[149.716321625654217,-34.192885856103949],[149.716404290702428,-34.192409661107888],[149.716386317753916,-34.192024056103641],[149.716333671792654,-34.191778747097338],[149.716283741831376,-34.191531045091246],[149.716219469873607,-34.191272029083848],[149.716137260911921,-34.191064575075217],[149.716057391951665,-34.190843110066695],[149.716062545974808,-34.190654651065842],[149.716098930980479,-34.190567808068423],[149.716252653980746,-34.190387676080618],[149.716534202961157,-34.190216804104054],[149.716637566943575,-34.190235862113241],[149.716732378930544,-34.190229112121472],[149.716941445891081,-34.190298807140252],[149.717079087857201,-34.190407236153042],[149.717251877811776,-34.190565989169251],[149.717399720758181,-34.190818200183934],[149.717447543738956,-34.19091468918878],[149.717568656684506,-34.191204647201381],[149.717641345651685,-34.191379553208954],[149.717731693612819,-34.191581934218256],[149.717789870573256,-34.191826839225044],[149.717938609516011,-34.192106902239992],[149.718027918481368,-34.192276788248975],[149.718060618457855,-34.192424712252866],[149.718185980408066,-34.192672773265528],[149.718287802366376,-34.192884189275915],[149.718365341335812,-34.193035762283749],[149.718415844305611,-34.193215804289416],[149.718459866279858,-34.193368120294316],[149.71848095025976,-34.193502356297095],[149.718537190228119,-34.193686925303297],[149.718511275201877,-34.19392440930266],[149.718469791173106,-34.194199380300944],[149.718457062159075,-34.194325082300693],[149.718417145145935,-34.194474611298247],[149.718370300139128,-34.194582493294888],[149.718364491118791,-34.194749842295543],[149.718330903101844,-34.194922462293796],[149.718421700061157,-34.195138772303224],[149.718435863047318,-34.195231361305119],[149.718511609024091,-34.195327231312405],[149.718587068002051,-34.195413815319611],[149.718701026976845,-34.195480964330038],[149.718911751930705,-34.195601709349319],[149.719097584898094,-34.195644037365859],[149.719232106876973,-34.195654991377694],[149.719532274839736,-34.195601879403597],[149.719717586831337,-34.195453776418788],[149.719809270831121,-34.195349551426069],[149.719867132836924,-34.195236784430364],[149.719999046848585,-34.19499230944021],[149.720098904858958,-34.194794984447562],[149.720220823867322,-34.194587897456799],[149.720311314871935,-34.194446535463747],[149.720418415874832,-34.194300162472103],[149.720592998866209,-34.194166230486452],[149.720712908860776,-34.194070665496284],[149.720843989853705,-34.193974848507082],[149.721072722822015,-34.19396048852699],[149.721256923796119,-34.193951748543043],[149.721411480759201,-34.194064443557338],[149.721684388701163,-34.194207033582195],[149.721850715660196,-34.194338042597657],[149.721979733617502,-34.194525632610251],[149.722372374488714,-34.195088266648497],[149.722508474439081,-34.195322146662036],[149.72262312438906,-34.19558437067387],[149.722780469318792,-34.195957129690214],[149.723249455118435,-34.196995914738437],[149.723376386064217,-34.197277052751481],[149.723458119016556,-34.1975585847606],[149.72349411897963,-34.197808626765472],[149.723598494927529,-34.198098952776618],[149.723635390886898,-34.198376836781769],[149.723843525829324,-34.198590538801461],[149.72397664979195,-34.198731578814098],[149.724153266753007,-34.198834493830248],[149.724380458705639,-34.198945566850902],[149.724510740679847,-34.198998409862661],[149.724673652652911,-34.199022665877088],[149.72487506362279,-34.199027461894744],[149.725025147604157,-34.199000909907689],[149.725307655572976,-34.198920313931858],[149.725550184551054,-34.198812718952325],[149.725696682547095,-34.198674753964184],[149.725858293547418,-34.198485352977016],[149.725944294570382,-34.19820473498261],[149.725963700601142,-34.197939525982463],[149.725976626636395,-34.197646590981563],[149.726002075664496,-34.19739518698205],[149.725990708710896,-34.197042407978607],[149.725942186754935,-34.19675084497235],[149.725923084788889,-34.196505078968983],[149.725921049819249,-34.196268222967163],[149.725939254854865,-34.195965884966668],[149.725971785876112,-34.195760770968086],[149.725915078909566,-34.195562289961742],[149.725928605942329,-34.195287927961033],[149.726004323963224,-34.195035402965921],[149.725948272016069,-34.194683619958568],[149.726047136052472,-34.194281941964434],[149.726138622097011,-34.193824670969271],[149.726216940129319,-34.193479197973751],[149.726252356160728,-34.193190412974829],[149.726218652210292,-34.192838127969452],[149.726198205249744,-34.192550588965666],[149.726120863301475,-34.192231792956683],[149.726039426347882,-34.191959538947685],[149.72593384840485,-34.191632083936177],[149.725890462449939,-34.191326455930273],[149.725874712492242,-34.191010949926707],[149.725873125520707,-34.190788014925012],[149.725971836557733,-34.190381693930838],[149.726118827573742,-34.190085774941657],[149.726274388576684,-34.189882577953853],[149.726344002578429,-34.189788123959296],[149.726563709561589,-34.189667109977684],[149.726790041539687,-34.18957846499687],[149.72698993751564,-34.189536863014069],[149.727202644483327,-34.189546060032747],[149.727467574435877,-34.189614482056413],[149.727716047389549,-34.189692576078691],[149.727971448337001,-34.189812299101881],[149.728353332252084,-34.19004070113688],[149.728721303158039,-34.190357668171281],[149.72893257508764,-34.190668836191918],[149.729073363040953,-34.190874730205671],[149.729327186950911,-34.191291789230768],[149.7294111798941,-34.191642954240557],[149.72944384484876,-34.191962736245628],[149.729566758765174,-34.192480255259966],[149.72973148968677,-34.192908591277352],[149.729976134612144,-34.193214362300878],[149.730130251577066,-34.193313118315054],[149.730297143511876,-34.193634567331877],[149.730533657448433,-34.193861553354147],[149.730746193394964,-34.194037974373977],[149.731116333314105,-34.194248054407829],[149.731236639285015,-34.194338276418982],[149.731406013253633,-34.194390241434157],[149.731582630214717,-34.194493138450341],[149.731771922168093,-34.194642210467933],[149.731942910108188,-34.194917109484798],[149.73205983604899,-34.195248947497333],[149.732076106026597,-34.195406525499855],[149.732052323991752,-34.195708989499856],[149.732113045920016,-34.196204662508613],[149.732097555873395,-34.196590554509925],[149.732132040820716,-34.196966038515555],[149.732271609757106,-34.197306670530118],[149.732354615726337,-34.197453465538402],[149.732643264670145,-34.197563157564439],[149.732927718631032,-34.197542880589189],[149.733456099608134,-34.197113029632462],[149.734169577643399,-34.196010159687276],[149.734392691678465,-34.195475636703101],[149.734571970694532,-34.19514182571649],[149.734786425699042,-34.19485833873329],[149.73518537567648,-34.19457537176627],[149.735436922661563,-34.194402527787084],[149.735789027632165,-34.194227451816694],[149.736414713564074,-34.19404160987019],[149.736820700512794,-34.193976799905279],[149.73749223741163,-34.193998967964212],[149.737890945346066,-34.194055090999512],[149.738385075265114,-34.194123020043243],[149.738857163186054,-34.194200729085118],[149.739409263088504,-34.194332392134378],[149.739900658996703,-34.194488626178483],[149.7401657689486,-34.194561673202209],[149.740386174906916,-34.19463570722202],[149.740756512847241,-34.19467851925473],[149.741200981771016,-34.194766124294262],[149.741556618718931,-34.194766160325401],[149.741614651710393,-34.194766169330471],[149.742004933657313,-34.19473421236443],[149.742356859606758,-34.194726341395189],[149.742804045541334,-34.194725624434355],[149.743121253500448,-34.194681360461821],[149.743454014462088,-34.194599590490405],[149.743674295442815,-34.194497113508973],[149.744101580414451,-34.194227422544529],[149.744338194416372,-34.19393877256325],[149.744486476426886,-34.19368460757449],[149.744546283446596,-34.193460309578164],[149.74463567245553,-34.193286435584781],[149.744592815484793,-34.19310520057978],[149.744544984517461,-34.192902928574178],[149.744340139583414,-34.192619513554298],[149.744121248640795,-34.192420028533739],[149.743878342686287,-34.19234185351192],[149.743678176733283,-34.192202337493427],[149.743315557805403,-34.192052522460621],[149.742936784877458,-34.191921648426558],[149.742719085908163,-34.191931158407563],[149.742434506947859,-34.191946819382743],[149.742189171981323,-34.191966244361403],[149.741919993024112,-34.191939746337646],[149.741643597096214,-34.191690448311718],[149.741428032140135,-34.191593081292169],[149.741124763211985,-34.19137689626411],[149.740926426273461,-34.191121207244969],[149.740813480311999,-34.190947709233875],[149.740702882349751,-34.190777823223023],[149.740624134407,-34.190417264213629],[149.740618747450753,-34.190078290210806],[149.740623336497833,-34.18970192720861],[149.740702641525871,-34.189388931213379],[149.740854562543518,-34.189074313224502],[149.741036809547381,-34.18883333323879],[149.741167584563357,-34.188556345248337],[149.741412480553493,-34.188351132268345],[149.741726201526717,-34.188200116294766],[149.742200987458546,-34.188189493336282],[149.742590615386064,-34.188310848371231],[149.743640664169874,-34.188802945466598],[149.743977745092025,-34.189027663497683],[149.744345017000995,-34.189321369531868],[149.744586990937364,-34.189543559554593],[149.745035305801679,-34.190095581597696],[149.74538655868821,-34.190584746631842],[149.745523178636773,-34.190832520645507],[149.745919430537441,-34.191158093682482],[149.746127914500448,-34.191209161701103],[149.746378072469213,-34.191166393722703],[149.74655501245087,-34.191106693737787],[149.746781487450136,-34.190850780755852],[149.747056286471974,-34.190361524776534],[149.747188550481866,-34.190130952786518],[149.747201951482083,-34.190113517787573],[149.747301182483938,-34.189984427795373],[149.747413062489073,-34.189814693803989],[149.747680591474818,-34.189618247826061],[149.747958833460785,-34.189407620848982],[149.748873401375505,-34.18902379092642],[149.749754765264811,-34.188878986002635],[149.751188169067206,-34.188781663127514],[149.751807112973154,-34.188808627181949],[149.752337323893073,-34.188827872228515],[149.752822355820797,-34.18883775127108],[149.753242694765277,-34.188790259307574],[149.753542593727076,-34.188745107333538],[149.753897208692422,-34.188609114363651],[149.754146989679356,-34.188423559384262],[149.754445992659669,-34.188233433409138],[149.754711469644377,-34.188047537431125],[149.754816168640787,-34.187955217439651],[149.755029601652296,-34.187618224456024],[149.755367928648468,-34.187257656483169],[149.755850432621344,-34.186914621523051],[149.756249553581625,-34.186767235557021],[149.756749806517689,-34.186693703600326],[149.757237527434512,-34.18678655264371],[149.757730188331294,-34.187031547688584],[149.757980937261891,-34.187288904712339],[149.75807562419385,-34.1877158687236],[149.75807254913633,-34.188172709726487],[149.757968800101168,-34.188569528720137],[149.757811913070896,-34.188989007709303],[149.757744665063001,-34.189128936704392],[149.757396701070832,-34.189468958676251],[149.757048271080436,-34.189795141647977],[149.756800319068617,-34.190174443628877],[149.756797675026831,-34.190506703630945],[149.756913417978609,-34.190753258642786],[149.757284373877951,-34.191118640677828],[149.757888088745545,-34.191464955733132],[149.758448274649311,-34.191576933783004],[149.759188753523631,-34.191712540848826],[149.759808164397811,-34.19198927790503],[149.760196628296342,-34.192340414941505],[149.760354582217417,-34.192779794958383],[149.76038695115659,-34.193221997964294],[149.76049937808682,-34.193641638977049],[149.760711806015053,-34.193962137997886],[149.761050689939168,-34.194169054029025],[149.761570869847333,-34.194292300075475],[149.762329625735276,-34.194299435142014],[149.76291041966067,-34.194217154192344],[149.763314265619329,-34.194076553226779],[149.763904113560557,-34.19385909527697],[149.764436842525413,-34.193521466321336],[149.764790973510145,-34.193233193350373],[149.765166393496202,-34.192909816381039],[149.765497765485492,-34.192611682408021],[149.765783599484024,-34.192293801430878],[149.766008182502759,-34.191886978447748],[149.766092677510869,-34.191725895454034],[149.766227800541515,-34.191328359463135],[149.766261038564437,-34.191109602464529],[149.766365665595941,-34.190740437471156],[149.766602332620892,-34.190271064488641],[149.766662409622796,-34.190186659493328],[149.766879642618846,-34.189967211510854],[149.767149028596407,-34.189833101533537],[149.767546249546882,-34.189765306567885],[149.768024880483011,-34.189716434609508],[149.768518536410824,-34.189715681652793],[149.768964907337505,-34.189778277692362],[149.769359035265524,-34.189890488727677],[149.769663936207223,-34.189998145755169],[149.7700592031307,-34.190144940790844],[149.770405590059426,-34.190306677822335],[149.770734486988886,-34.190482650852388],[149.771072178900454,-34.190789918884128],[149.771135365871743,-34.190943247890729],[149.771155149812586,-34.191386230895532],[149.771224324751984,-34.191783640904355],[149.771329786685385,-34.192186715916385],[149.771608100591976,-34.192601058943652],[149.772029219484011,-34.192965777983112],[149.772357892405751,-34.193202678013577],[149.77287989229859,-34.193444796061009],[149.773365570210757,-34.193576091104518],[149.773813769133852,-34.193664925144446],[149.77424941006069,-34.193738573183154],[149.774642901986141,-34.193871939218589],[149.775043735897555,-34.194107208255367],[149.77540703683556,-34.194176303287705],[149.775919884747367,-34.194279137333403],[149.776419761667,-34.194335861377638],[149.777090105567169,-34.194348518436499],[149.777767442470349,-34.194330088495789],[149.778317122389495,-34.194333100544021],[149.778635317337915,-34.194372282572196],[149.779028495266914,-34.194477806607431],[149.779473952169923,-34.194727516648243],[149.779945242077901,-34.194908589690833],[149.780491623994749,-34.194933310738925],[149.781028566918451,-34.194914951785897],[149.781518824843374,-34.194940937829074],[149.781955818764885,-34.195054734868208],[149.782224442710572,-34.195172350892591],[149.782379187655778,-34.195425538907905],[149.78216337164551,-34.195755181891265],[149.781722334678165,-34.196006434854326],[149.781062370728534,-34.196370893798935],[149.780372995796029,-34.196633952740292],[149.779780422847352,-34.196913370690254],[149.779298473889042,-34.197140787649552],[149.778757963948578,-34.197295308603202],[149.778107681009658,-34.197564264548042],[149.777713104041936,-34.197764960514824],[149.77761739602272,-34.198026924508241],[149.777668230973774,-34.198353608514957],[149.777994304875051,-34.198754478546334],[149.77841192778132,-34.199010992584746],[149.778944325692265,-34.199097897632029],[149.779616382601262,-34.199039371690596],[149.780228022540172,-34.19881519974269],[149.780706734511512,-34.198488873782409],[149.781019505497227,-34.198240542808136],[149.781435900470456,-34.197971299842798],[149.78198604640329,-34.197866033890328],[149.782470550320312,-34.197960181933496],[149.783098056190909,-34.198255221990578],[149.783718964056959,-34.19859370204739],[149.784242451941708,-34.19889727609543],[149.784716225839901,-34.199152489138761],[149.785081481770163,-34.199280270171705],[149.785276725735827,-34.199325323189136],[149.785907180625657,-34.199465635245431],[149.786559445520993,-34.199537400303164],[149.78744829536663,-34.199727498382465],[149.7882430512486,-34.199740342452301],[149.789005734135173,-34.199753930519314],[149.789565947058662,-34.19971023856818],[149.789862592016078,-34.19970348859416],[149.79024023595872,-34.199719632627421],[149.790611075897573,-34.199773047660329],[149.791020765840358,-34.199751345696143],[149.791579947767929,-34.199676754744694],[149.792159245676885,-34.199725410795871],[149.792739367582584,-34.199798797847301],[149.793072568517431,-34.19992728687744],[149.793362795438753,-34.200212010904885],[149.793574659364282,-34.200553574925841],[149.793509993313791,-34.201025152923449],[149.793349520275484,-34.201511288912712],[149.793284038228279,-34.201958144910058],[149.793222223166367,-34.202516252908502],[149.793265313117729,-34.202849292914586],[149.793324458066678,-34.203182591922086],[149.793533220973757,-34.203672680943804],[149.793903352853761,-34.204190019979876],[149.794263633742304,-34.204651908014704],[149.794622704635657,-34.205076711049159],[149.795050662531736,-34.205400966088966],[149.795557791420379,-34.205692493135516],[149.796052809331115,-34.205824093179885],[149.796866309200169,-34.205916870251926],[149.797674501090398,-34.205848932322404],[149.798235198042903,-34.205576336369738],[149.798580213023257,-34.20533341139835],[149.798718608026206,-34.205150868409234],[149.798918056032278,-34.204873531424816],[149.799095973062578,-34.204430287437383],[149.799238132112123,-34.203876527446035],[149.799432068140163,-34.203432916459981],[149.799690158158967,-34.202987844479551],[149.799961982153775,-34.202715661501529],[149.800372559119239,-34.202514526536191],[149.800779416068679,-34.202443370571416],[149.801301379990576,-34.202456179617322],[149.801549323957346,-34.202431958638932],[149.802169110863645,-34.202454906693511],[149.803094830716589,-34.202545075775426],[149.803932156583016,-34.202631075849553],[149.804709665472188,-34.202607096917667],[149.80499400244787,-34.202470690941681],[149.805138959455405,-34.202244699952857],[149.805159531465819,-34.202139067953922],[149.80520230751091,-34.2017354099549],[149.805084582610448,-34.20108862094007],[149.805017603661724,-34.200762321931933],[149.804852800764081,-34.200147534913199],[149.804717784840108,-34.199705259898273],[149.804575166915669,-34.199275534882773],[149.804446067968087,-34.199011893869617],[149.804389980006817,-34.198771936863039],[149.804438322029796,-34.198535779865637],[149.804684805002296,-34.198468280886821],[149.804944025954825,-34.198542762910101],[149.805248244882051,-34.198764666938345],[149.805639227802345,-34.198941283973909],[149.806225928712621,-34.198971152025649],[149.806585886664124,-34.198938165057022],[149.806814288647047,-34.198809226076186],[149.806899195647475,-34.198708309082946],[149.807031154649735,-34.198538280093359],[149.807167881659268,-34.198306283103769],[149.807372027646466,-34.198171715120765],[149.807685103599965,-34.198176914148299],[149.808065202532816,-34.198267172182298],[149.808438517461923,-34.198394703215968],[149.808813660383692,-34.1985778552502],[149.809180179309038,-34.198742649283531],[149.809500041235594,-34.19895181531308],[149.80982976315363,-34.199216406343865],[149.810254261063562,-34.19943554938267],[149.810596118994852,-34.199582354413707],[149.811129589901668,-34.199700635461397],[149.811635504825944,-34.199713778505938],[149.812072147779787,-34.19957386054331],[149.812388726750072,-34.199442887570221],[149.812561569743451,-34.19929604958439],[149.81266126674646,-34.199157663592189],[149.81274782177104,-34.198864961597764],[149.81306481377041,-34.19850511162312],[149.813437103765011,-34.198119239653153],[149.813871272759343,-34.197663923688133],[149.814248062735942,-34.197414035719504],[149.814633305679109,-34.1974175507534],[149.81498339260844,-34.197570342785191],[149.81531682451174,-34.197946195817096],[149.815495475446767,-34.198251365834913],[149.815530210400823,-34.198572214840198],[149.815585303335467,-34.199022493848148],[149.815632596270433,-34.199479137855469],[149.815734579202996,-34.199891849867285],[149.815838606127414,-34.200365740879711],[149.816054270038222,-34.200818522901784],[149.816350921964954,-34.201052940929472],[149.816764123889101,-34.201173345966623],[149.817403467805235,-34.201096795022259],[149.817857571751091,-34.200999761061489],[149.818424307683898,-34.200875378110425],[149.81896803264209,-34.200578348156149],[149.819459139594414,-34.200387676197984],[149.820030214536075,-34.200188964246806],[149.820522334484366,-34.20002919028893],[149.82114663742945,-34.199742658341819],[149.821576037411887,-34.199386394377079],[149.82189135341784,-34.198977073401949],[149.821959793422167,-34.19886415440719],[149.822116384444683,-34.198507360418482],[149.822114717481895,-34.198216676416315],[149.822079741528654,-34.197889652410986],[149.822054427567736,-34.197611885406836],[149.822227924553829,-34.19752129542146],[149.82239978151577,-34.197622490437269],[149.822660685431146,-34.197987612462725],[149.822825172361064,-34.198348772479676],[149.822902863344552,-34.198389271486796],[149.823107626313458,-34.198397931504843],[149.823243501295536,-34.198382433516684],[149.823657062253517,-34.198236832552027],[149.824210828202382,-34.198001394599061],[149.824595211179513,-34.197738939631016],[149.824773586207499,-34.197314217643779],[149.824726051273359,-34.196851388636397],[149.824717383307672,-34.196591791633821],[149.825039261287458,-34.196380252660653],[149.82570529518955,-34.196383464719212],[149.826222311100395,-34.196489072765381],[149.826633686001202,-34.196795042803686],[149.826881870905765,-34.197259422828708],[149.827131257836129,-34.197519648852435],[149.82760777475437,-34.197613809894975],[149.827896352743664,-34.197365911918631],[149.828058682773928,-34.196941557929961],[149.828015449822686,-34.196608545923851],[149.827937481886607,-34.196195914914135],[149.827935590924653,-34.195899054911912],[149.827900497971854,-34.195569170906545],[149.827937708039599,-34.194994086905844],[149.827913936090624,-34.194620512901167],[149.827723587198818,-34.193989760880051],[149.827484706284025,-34.193595048856324],[149.827101263382247,-34.193264570820318],[149.827045705430095,-34.192952632813281],[149.827284488431246,-34.192668717832312],[149.827732338379207,-34.192562676870928],[149.828231973294265,-34.192655563915501],[149.828655001211416,-34.192819812953829],[149.829081507114779,-34.193088385993178],[149.829623110992799,-34.193423911043126],[149.830168210856954,-34.193863749094099],[149.830663846744898,-34.194174229139826],[149.831141806659701,-34.194293694182669],[149.831478646616915,-34.194242413211924],[149.831744330597644,-34.194088368234226],[149.83200536259676,-34.193795229255144],[149.832124386641766,-34.193305249262217],[149.832212197681201,-34.192894296267092],[149.83221962073776,-34.192441704264603],[149.832237808751756,-34.192310776265295],[149.832253576818289,-34.19177011326294],[149.832324356839138,-34.19152485926746],[149.832525508860186,-34.191128687282401],[149.832648306890178,-34.1907517342906],[149.832936239868843,-34.190588466314786],[149.833231100826566,-34.190581655340658],[149.833706433751729,-34.19062287338275],[149.834193321674121,-34.190672527425903],[149.834723863595798,-34.190677657472591],[149.835271428536117,-34.190517088519627],[149.835445142536685,-34.190312961533493],[149.835491324568864,-34.190007379535437],[149.835413185619956,-34.1896959605264],[149.835436536656488,-34.189382203526293],[149.835610241657065,-34.189178076540152],[149.835912354622565,-34.189101489566184],[149.836251488570639,-34.189119741596137],[149.836629123495413,-34.18927631763043],[149.836898858460046,-34.189243976653927],[149.837074032454893,-34.189083315668213],[149.837130308490032,-34.188742702670787],[149.837040892542745,-34.188431543660798],[149.836930384592932,-34.188164380649226],[149.836920739630983,-34.187876618646385],[149.837025627645858,-34.187639279653951],[149.837200792640715,-34.187478618668251],[149.837536421602522,-34.187392547697172],[149.837876434547155,-34.187436884727383],[149.838321702462224,-34.18759187476762],[149.838629346405924,-34.187680467795289],[149.8389658533643,-34.187620472824463],[149.839311011331461,-34.187481971853877],[149.839745504289084,-34.187315297890919],[149.840078220262455,-34.187142284918991],[149.840458947217797,-34.187055154951892],[149.840942850158399,-34.186965632993825],[149.841201012125822,-34.186924856016255],[149.841714415072119,-34.186756351060247],[149.842249197019839,-34.186552529105874],[149.842736253984356,-34.186271535146773],[149.843067203964608,-34.186046342174322],[149.843414100924861,-34.185959993204243],[149.84364369487642,-34.186076480225246],[149.843787172824818,-34.186316760239535],[149.843860192751151,-34.186810999249381],[149.843948174704224,-34.187078664258976],[149.844183900631634,-34.187377722281788],[149.844253416571775,-34.187767629290612],[149.844198610530867,-34.188151718288452],[149.84405332250401,-34.188529209278272],[149.844012312494385,-34.188651971275526],[149.843998552463006,-34.188914168276128],[149.844187127404922,-34.189153408294374],[149.844444429375756,-34.189086537316534],[149.844640373374261,-34.188873177332312],[149.844730461404623,-34.188531765337878],[149.844868560416927,-34.188276247348249],[149.844937268445847,-34.187970144352171],[149.84509847645279,-34.1877306173647],[149.845357096461186,-34.187367890384934],[149.845441752470066,-34.187200622391224],[149.845497705506403,-34.186851304393727],[149.845506525557255,-34.18644217839168],[149.845551506594006,-34.186101815393272],[149.845761057581711,-34.185957755410698],[149.846245883512154,-34.18594648845329],[149.846597163455186,-34.185990538484496],[149.846861161399573,-34.186123609508648],[149.847126629338248,-34.186300155533225],[149.847456817278697,-34.186388191562891],[149.847828607226518,-34.186370864595474],[149.848108436194167,-34.186303455619644],[149.848331818176547,-34.186185158638473],[149.848491583189116,-34.185903025650575],[149.848435370239287,-34.185573715643343],[149.848434070287141,-34.185199630640639],[149.848523548319776,-34.184840828646031],[149.848753304313448,-34.184626669664752],[149.848937074317035,-34.184387492679264],[149.84912919933052,-34.184061114693918],[149.849526599305676,-34.183799563727071],[149.849906393264632,-34.183685461759701],[149.8504045301855,-34.183734781803885],[149.850808214093234,-34.183995114841196],[149.851250415977745,-34.184393753882887],[149.851579017881733,-34.184769802914403],[149.852029573776122,-34.185081230956229],[149.852388760688058,-34.185359993989763],[149.852523327628887,-34.185670076003753],[149.852496534606075,-34.185879511002852],[149.852322283607776,-34.186066275988793],[149.852093711609513,-34.186315204970413],[149.852025038580535,-34.186621316966502],[149.852179514528501,-34.18685264198168],[149.852541784471015,-34.186887710013806],[149.852896731442286,-34.186705445043785],[149.853306582411221,-34.186478397078297],[149.853693001386858,-34.186225783110544],[149.853923321378261,-34.186029015129449],[149.853938551403786,-34.185811145129286],[149.853911596424325,-34.185681266126004],[149.85405378342054,-34.185547451137602],[149.854323204386361,-34.185506379161026],[149.854630274332351,-34.18557753518855],[149.854929859265042,-34.185761970216191],[149.85519651019905,-34.185973270241128],[149.855483358139111,-34.186114489267354],[149.855759834077304,-34.186282062292847],[149.855916013024967,-34.186513334308216],[149.855916469980514,-34.18686134331066],[149.856141546907253,-34.187178014332659],[149.856509392827888,-34.187378243366418],[149.856879693781451,-34.187317432398594],[149.857185428775352,-34.187014477423411],[149.857392029774587,-34.186783448439996],[149.857819306717744,-34.186738682477298],[149.85843972162769,-34.186732928531875],[149.858954844567165,-34.186616514576421],[149.859490756510297,-34.186447409622431],[149.860084216440754,-34.186311758673732],[149.860524230376598,-34.186310190712454],[149.860880799298855,-34.186510679745233],[149.861070603236158,-34.186784664763849],[149.861109605168451,-34.187270978770648],[149.861105858098,-34.187827893774177],[149.86114280803838,-34.188253352780379],[149.861202928973057,-34.188696532788732],[149.861201638935512,-34.188992379790683],[149.86135879487307,-34.189301933806668],[149.861697641822246,-34.189311417836564],[149.862053162791227,-34.189146516866721],[149.862226803791856,-34.188942353880591],[149.862271425829874,-34.188593304882119],[149.86252232786822,-34.188004513900111],[149.862698424901737,-34.1875392739124],[149.862867036922069,-34.187186451924809],[149.862980475945761,-34.186870578932599],[149.863054401954003,-34.186720951938071],[149.863271078956217,-34.186454873955313],[149.863473252972739,-34.186093436970602],[149.86386161694702,-34.185849455003115],[149.864157508936785,-34.185590217027375],[149.864408597931885,-34.185340750047743],[149.864641535912881,-34.185222201067432],[149.86479977693125,-34.184896593079117],[149.865019089923123,-34.184708753097119],[149.865345763877428,-34.184692421125781],[149.865584294836566,-34.184739043147104],[149.866065777737617,-34.184962705191055],[149.866695594610746,-34.185235095248402],[149.867152470523052,-34.185398410289778],[149.867709940424277,-34.185533283339808],[149.86816681633664,-34.185696599381174],[149.868638509233534,-34.185963978424553],[149.869141962133625,-34.186169711470342],[149.869669734023574,-34.186427068518604],[149.870127210933617,-34.186607765560147],[149.870477620880081,-34.186625658591126],[149.870847035837102,-34.186538708623068],[149.871145553816518,-34.186357716648118],[149.871619093797477,-34.1859637856871],[149.871956219795777,-34.185590480714204],[149.872345820758795,-34.185433450747418],[149.872584656716782,-34.185488758768855],[149.872793499664681,-34.185657873788422],[149.872867927628477,-34.185856237796351],[149.872821583597386,-34.186153134794338],[149.872654468571369,-34.186548562782342],[149.872466269542883,-34.186987995768817],[149.872208941529834,-34.187385547748903],[149.871996127512631,-34.187764643732784],[149.872003495483824,-34.187981984734932],[149.872167868435724,-34.188170426750723],[149.872658592343186,-34.188332926795077],[149.873325296242086,-34.188360796853999],[149.874289345125021,-34.188172885937625],[149.874801797074895,-34.187978170981417],[149.875420140992901,-34.187911453035426],[149.876112105920384,-34.187686413094823],[149.87668092386221,-34.187490362143585],[149.87715210680355,-34.187409696184538],[149.877728597715361,-34.187439663235537],[149.877905447703313,-34.187331110250376],[149.877935136714598,-34.187208608252128],[149.877715904807218,-34.186734358229543],[149.877427586915132,-34.186219099200564],[149.877303014977372,-34.185874021187203],[149.877315224014495,-34.185569218186146],[149.877566860007278,-34.185337096206737],[149.878012226964557,-34.185161339244743],[149.878336533928064,-34.185075420272732],[149.878463436907367,-34.185091923284013],[149.878733207863434,-34.185127008308029],[149.879271019763053,-34.185297083356602],[149.879839774662713,-34.185431634407657],[149.880477050549189,-34.1855906654649],[149.881020311463544,-34.185638811513122],[149.881536878397299,-34.185565755558123],[149.881842469349095,-34.185593374585245],[149.882063790290715,-34.185796973606159],[149.882085716247616,-34.186109673610261],[149.882204650165079,-34.186620200624283],[149.882424796111337,-34.186789028644853],[149.883005429007028,-34.186940682697077],[149.883422593947245,-34.186930867733764],[149.883687864929243,-34.186768018756013],[149.88379024295341,-34.186461100762926],[149.883755552003919,-34.186105203757393],[149.883631580106083,-34.185446896741901],[149.883791820116386,-34.185182118754192],[149.884150540114973,-34.184782154783043],[149.884605390077525,-34.184553949821542],[149.885257823989633,-34.184495093878645],[149.885754786915101,-34.184509490922537],[149.88637131079787,-34.184721184978365],[149.886843550699155,-34.184953676021593],[149.887180901654148,-34.184919640051078],[149.887471073623686,-34.184825797075995],[149.887779927562775,-34.184949016104085],[149.887966548512708,-34.18512732812178],[149.888099834491868,-34.185137565133594],[149.888226745472082,-34.185147301144859],[149.88830902646805,-34.185084624151678],[149.888391710463992,-34.185021608158522],[149.888402395491056,-34.184797329157917],[149.888416047522441,-34.184535992157315],[149.888356714563145,-34.184285081150335],[149.888197245613185,-34.184075682134825],[149.888052163649519,-34.183957294121207],[149.887774585715448,-34.183758939095377],[149.887389645797811,-34.183554846060026],[149.886956335878153,-34.183421497020909],[149.886537852943121,-34.183392201983814],[149.886418434964156,-34.1833645659731],[149.88613277101615,-34.183284283947359],[149.885917232073126,-34.183084897926989],[149.885738033136562,-34.182793307909172],[149.885788940146085,-34.182660317912735],[149.885862373159853,-34.18246847091789],[149.88615195415278,-34.182191940941486],[149.886607225113636,-34.18197676098012],[149.8868597940847,-34.181913825001942],[149.887178132029135,-34.181984632030492],[149.887409984972038,-34.182166234052197],[149.887626419932701,-34.182226383071679],[149.887763792926364,-34.182118734083062],[149.887709793967389,-34.181859003076504],[149.887569768026282,-34.181557794062066],[149.88753684306991,-34.181254059057046],[149.887623785090739,-34.180991001062893],[149.887604055125195,-34.180743505059432],[149.887810549124538,-34.180512432076043],[149.88821270908079,-34.180394198110676],[149.888669737013657,-34.180396493150973],[149.889098734928865,-34.18056907818999],[149.889478340846182,-34.180781991224933],[149.889706931780694,-34.181033261246824],[149.889933450702131,-34.181388979269251],[149.890053057661987,-34.181566735281024],[149.890123621638253,-34.181671614287978],[149.89047311754598,-34.181993987321022],[149.890693407491682,-34.182167154341649],[149.890990662415703,-34.182421588369614],[149.891303970337532,-34.182675207398994],[149.891643687262246,-34.182876001430337],[149.892020335191006,-34.183001972464425],[149.89254161710636,-34.183067975510838],[149.893246544004285,-34.183060043572922],[149.893838587918935,-34.183050416625079],[149.894386716835385,-34.183076628673575],[149.894652399794552,-34.18309210069711],[149.895091760714962,-34.183212236736686],[149.895559652626844,-34.183366489779011],[149.895907230563182,-34.18346703081037],[149.896373034483105,-34.183560426852083],[149.897012703381478,-34.183623615908942],[149.897537705303478,-34.183632965955297],[149.897931565228731,-34.183767201990953],[149.898216117156892,-34.18400408501769],[149.898449476076166,-34.184368768040798],[149.898523985018841,-34.184732419049901],[149.898520461969355,-34.185124020052292],[149.898587700919194,-34.185439992060424],[149.898766038859208,-34.185705478077985],[149.899071512790442,-34.185894018106225],[149.899408880724337,-34.186025243136896],[149.899803214647761,-34.186172952172697],[149.89990148762439,-34.186243400181851],[149.900179164558381,-34.186442474207723],[149.900618919453166,-34.186762680248727],[149.901001852357723,-34.18707117828464],[149.901315950276597,-34.187346510314264],[149.901747244183156,-34.187584256353951],[149.901978228150654,-34.187574442374249],[149.902128330158007,-34.187344687385888],[149.902303047154106,-34.18717523340014],[149.902570004132542,-34.187038417422741],[149.902692819140498,-34.186835401432162],[149.902530921199798,-34.186556477415948],[149.902279875267993,-34.186310108392099],[149.902013833352243,-34.185955348366171],[149.901878943412129,-34.185640979352094],[149.901777703467786,-34.185321018340936],[149.901704243538859,-34.184848597331175],[149.901598119613482,-34.184385642318624],[149.901595089667239,-34.183968099315464],[149.901845310665323,-34.183696823335644],[149.902238999612251,-34.183661400370127],[149.902586856550755,-34.183744526401391],[149.902839201498523,-34.18386469942449],[149.903084447431695,-34.184106854447791],[149.903212067379002,-34.184373542460889],[149.903384785319787,-34.184639165477968],[149.90372629525865,-34.184726781508708],[149.904083197221979,-34.184605223539343],[149.904158951243886,-34.184346773544235],[149.903957898307738,-34.184077475524631],[149.903746016371429,-34.183821480504164],[149.903698955406497,-34.183600750498492],[149.903572760495734,-34.183046470483511],[149.903555916560919,-34.182555305478623],[149.903579895594163,-34.182267624478747],[149.903811435580423,-34.182109886498075],[149.904070736543304,-34.182103747520898],[149.904362397485954,-34.182218650547433],[149.904568901443071,-34.182318160566346],[149.905125054349526,-34.182413738616063],[149.905537155288272,-34.182421378652464],[149.905822882232911,-34.182527711678411],[149.906144071166352,-34.18268105170781],[149.906641151073472,-34.182838928752759],[149.907111257997826,-34.182893038794617],[149.907642177917893,-34.182910898841584],[149.908112436841662,-34.182969346883468],[149.908521141772582,-34.18304230792004],[149.908984417702328,-34.183061770961054],[149.909511500616276,-34.183131918008051],[149.909823922562623,-34.183194112036041],[149.909978811530465,-34.183268739050227],[149.910442679440138,-34.18344478609238],[149.910793969383178,-34.183488649123674],[149.910910250374286,-34.183424988133503],[149.910982589388368,-34.183231858138548],[149.91117434738149,-34.183066357154324],[149.911265214407933,-34.182755334160184],[149.91141777242666,-34.182434154171411],[149.911630147424034,-34.182211606188609],[149.911948906387835,-34.182130080216183],[149.912224710328871,-34.182275792241526],[149.912391513271643,-34.182532836258034],[149.91262476520933,-34.182753505280139],[149.912913647141835,-34.182951100307001],[149.912986480129803,-34.182961983313504],[149.913265233083706,-34.183003650338385],[149.913517946071977,-34.18280623735933],[149.913793068057572,-34.182603948382216],[149.914377861003317,-34.182359494432127],[149.915080179932204,-34.182112234492401],[149.915578683870791,-34.182022407535769],[149.915775424846572,-34.181986955552887],[149.916180964800304,-34.181884855587967],[149.916424201772543,-34.181823604609015],[149.9168658207021,-34.181869662648317],[149.917222793623182,-34.182078677681268],[149.917478454558221,-34.182294450705335],[149.91762995551818,-34.182434397719675],[149.917802063464649,-34.182656507736404],[149.917966391396078,-34.183004966753323],[149.918243262333078,-34.183181073778982],[149.918541269293144,-34.183152236805086],[149.918737454290095,-34.182951810821024],[149.918839859313806,-34.182649212827968],[149.918968491340962,-34.182289433836836],[149.919424417299041,-34.182095874875735],[149.919920707247996,-34.181927450918373],[149.920379868214496,-34.18166420495708],[149.920591006216483,-34.18140686697393],[149.920582911247692,-34.181172152971591],[149.920551806283896,-34.180924503967127],[149.92037326134448,-34.180654695949507],[149.92017945140114,-34.180433104930835],[149.920017660459905,-34.180158554914648],[149.920001381501692,-34.179850075911091],[149.920100836515815,-34.17962584991831],[149.920292871507769,-34.179469024934178],[149.92034900350248,-34.179446211938973],[149.920554350483144,-34.179362738956534],[149.920942535430328,-34.179331742990577],[149.921321837369902,-34.179370557024335],[149.921899726279406,-34.179417691075685],[149.92248579119601,-34.179399370127285],[149.9229105851486,-34.179284846164002],[149.923315147116256,-34.179075089198264],[149.923563986098458,-34.178929523219232],[149.923785092082966,-34.178798102237835],[149.924156146054287,-34.178597837269209],[149.924450164050597,-34.178290668293045],[149.924707215063819,-34.177893025312983],[149.925034310099846,-34.177237048337318],[149.925224552164423,-34.176514306349098],[149.925350145203197,-34.1760675943571],[149.925387131227893,-34.175831805358726],[149.925261491293696,-34.175460694345055],[149.925211678339224,-34.175161717338582],[149.92526263835191,-34.175003897341995],[149.925461557359114,-34.1747203123576],[149.925734071354555,-34.174444104379745],[149.926111929320513,-34.174278477411953],[149.926364669287665,-34.174246359434044],[149.926717571224373,-34.174337990465858],[149.927026739162329,-34.174469797494069],[149.927396709096001,-34.174565372527397],[149.927721133037892,-34.174648980556618],[149.92808757196434,-34.174805537590082],[149.928384637886268,-34.1750768436182],[149.928525471845489,-34.175234439631716],[149.928735255793157,-34.175403868651415],[149.929264398699075,-34.175534780699046],[149.929790458637683,-34.175413462744665],[149.93014261661898,-34.175157092773993],[149.930297352629083,-34.174901080785894],[149.930374362645949,-34.174681300791171],[149.930257641698233,-34.174405683778943],[149.929990102767107,-34.174172816753703],[149.92965779083471,-34.174024156723313],[149.929282486900632,-34.173937419689572],[149.928906734968308,-34.173837640655698],[149.928625894025743,-34.173709499630014],[149.928401498095695,-34.173419047608185],[149.928312369146255,-34.173125368598271],[149.928440034176958,-34.17273906460688],[149.928949779115669,-34.172635539651168],[149.929520605049021,-34.172504450700679],[149.929965414987009,-34.172480777739793],[149.930579160901431,-34.172448705793769],[149.93100697486301,-34.172260121830249],[149.931255787845174,-34.172114976851212],[149.931672406787243,-34.172091966887855],[149.932054002738766,-34.172034992921162],[149.932397421711869,-34.171852772950231],[149.932551467703718,-34.171740337963058],[149.932920899684234,-34.171470494993819],[149.933216065675936,-34.171198079018012],[149.933358753690555,-34.170920607028684],[149.93333672871259,-34.170773230025716],[149.933160693805149,-34.170250636006543],[149.932935545877967,-34.169938463984494],[149.932613227969711,-34.169589457953599],[149.932509057036327,-34.169187384941615],[149.932542859073209,-34.168860323942333],[149.932630625069493,-34.16878862094957],[149.932875198067961,-34.16852133196933],[149.933125562064959,-34.168258686989624],[149.933280575073923,-34.168011370001594],[149.93347774706686,-34.167841349017841],[149.933836781021569,-34.167784904049171],[149.934198826964774,-34.167815400081345],[149.934433960916124,-34.167927227102901],[149.934579302858054,-34.168215205117725],[149.934682792814897,-34.168434582128398],[149.934987218750194,-34.168592600156394],[149.935138351690767,-34.168884792171767],[149.935244126663662,-34.168975804181734],[149.935276253659794,-34.168969278184534],[149.935314314655301,-34.168961112187823],[149.935352420650673,-34.168953735191153],[149.935389916646017,-34.168947317194409],[149.93542743064134,-34.16894094319769],[149.935464926636683,-34.168934516200963],[149.935502387632056,-34.168927937204217],[149.935539785627469,-34.168921124207465],[149.935558403625123,-34.168918058209094],[149.93557722762273,-34.168915351210742],[149.935579083622514,-34.168915055210896],[149.93559592662038,-34.168912393212374],[149.935614203618172,-34.168908619213958],[149.935631737616319,-34.16890341121546],[149.935647433614804,-34.168896832216824],[149.935662474613594,-34.168888979218089],[149.935677131612579,-34.168880401219319],[149.93569167961158,-34.168871616220549],[149.93570091261094,-34.168866300221332],[149.935706371610507,-34.168863154221782],[149.935730260608722,-34.168850067223808],[149.93575409560691,-34.168836916225821],[149.935777877605148,-34.168823695227836],[149.935801595603351,-34.168810410229838],[149.935825260601575,-34.168797054231831],[149.936109059579934,-34.16864243425583],[149.936452927529672,-34.168642237286207],[149.936538918509768,-34.168699437294208],[149.936624945486244,-34.16878523230239],[149.93688305540465,-34.169128483327576],[149.936986266378597,-34.169214268337292],[149.937055056366717,-34.169228539343464],[149.937123800362144,-34.169185575349239],[149.937400455373307,-34.168782203370888],[149.937501676383818,-34.168584448378461],[149.937555137382788,-34.168531202382816],[149.937587380422485,-34.168183783383256],[149.937432221532958,-34.167497094364784],[149.937311673590841,-34.167182394351954],[149.937070748671744,-34.166824827328185],[149.936812702740554,-34.166581740303705],[149.936537525799025,-34.166438809278389],[149.93633390083653,-34.166378409259998],[149.936296771843331,-34.166367401256629],[149.936004482887881,-34.16635324623072],[149.935798123928976,-34.166267513211892],[149.935694902956868,-34.166167403202074],[149.935626068981549,-34.166052986195197],[149.935628425987204,-34.166005871195082],[149.935629940990935,-34.165975474195008],[149.93566310798829,-34.16595788719782],[149.935780705979113,-34.165895524207777],[149.9358494689709,-34.165881173213748],[149.936537148875914,-34.165837887274193],[149.936743445849487,-34.165809158292227],[149.936898154832363,-34.16576614930559],[149.937121599812542,-34.165665878324631],[149.937232116806797,-34.165584458333853],[149.937362165804814,-34.165451127344397],[149.9373793228078,-34.165408199345627],[149.937499574810403,-34.165250746355156],[149.937499529821366,-34.165164897354551],[149.937477334830618,-34.165117971352267],[149.937310155900235,-34.164764384335058],[149.9372927209522,-34.164378089330818],[149.937309653002757,-34.163963153329441],[149.937343940017882,-34.163805745331388],[149.937464165025915,-34.163605372340619],[149.937464048049748,-34.163419369339309],[149.937309186096115,-34.163233446324341],[149.937343545098429,-34.163176201326984],[149.937445770093234,-34.163099990335482],[149.937670039081837,-34.162932793354138],[149.937738739086427,-34.162818305359409],[149.937738676100139,-34.162711113358668],[149.93773862211026,-34.162632301358109],[149.937628437152654,-34.162426388346944],[149.937514962175811,-34.162374881336575],[149.937480576180832,-34.162374899333528],[149.936809954308075,-34.162146333272695],[149.936775568313067,-34.162146359269656],[149.936414409393251,-34.161931930236278],[149.936173537466829,-34.161631599212903],[149.936121797507298,-34.161374089206547],[149.93620762752218,-34.16115941921263],[149.93627633552498,-34.161059228218015],[149.93636062452353,-34.160974133224883],[149.936637144516197,-34.160715656247504],[149.936688669519668,-34.160629781251465],[149.936740131535913,-34.160443751254718],[149.936740095545076,-34.160372218254231],[149.936705637564728,-34.160257765250378],[149.936602399598115,-34.160114744240275],[149.936327186669388,-34.159871657214275],[149.93605189375711,-34.159499810187384],[149.936000234782966,-34.159356753181818],[149.936017256817024,-34.15907059518134],[149.936034404821868,-34.159013351182459],[149.936103122822828,-34.158927467187922],[149.93622340981625,-34.158841556197956],[149.936273571812052,-34.158816474202219],[149.936309338809139,-34.158798591205255],[149.936601545777478,-34.158712582230478],[149.936824972757648,-34.15861232024951],[149.93694524275287,-34.15851209425945],[149.93699675875817,-34.1584119032633],[149.936996722766139,-34.158349818262863],[149.936996659778288,-34.158254530262205],[149.936945035796839,-34.158168709257048],[149.93653243286073,-34.158140310220396],[149.936360458898605,-34.158040253204511],[149.936153990963533,-34.157768517184387],[149.936119488994194,-34.157568225179951],[149.936196301000081,-34.157434347185806],[149.936203668999013,-34.157433926186442],[149.936875796905696,-34.157396126245565],[149.937099241880389,-34.157338784264908],[149.937253915866933,-34.157267153278084],[149.937339834861717,-34.157209873285268],[149.937622585852608,-34.156958182308507],[149.937666239859794,-34.156852012311639],[149.937658360878316,-34.156716297309984],[149.937611227890642,-34.156673529305515],[149.937287753975397,-34.156380055274916],[149.937184542005099,-34.156265647265002],[149.93701246006313,-34.156008200248003],[149.936977985090152,-34.155836521243785],[149.93699198609437,-34.155787479244673],[149.937063752116018,-34.155536020249272],[149.937424416132899,-34.154992138277358],[149.937458731142499,-34.154877650279602],[149.937441484155954,-34.15479181927747],[149.937407062170138,-34.154720295273926],[149.937321035197357,-34.154605878265549],[149.936977042287793,-34.154291295232973],[149.936856548338284,-34.154033821220544],[149.936877953370868,-34.153754610220489],[149.937062575361267,-34.15361878823586],[149.937268845334785,-34.153590059253872],[149.937457896314527,-34.153532726270193],[149.937514270309805,-34.153505314274973],[149.937664121297246,-34.153432455287714],[149.937732803303675,-34.153303651292902],[149.93773277630919,-34.15326072329259],[149.937629547340691,-34.153132017282573],[149.937371590402108,-34.152946157258505],[149.937285563432965,-34.152803118249899],[149.93728549144393,-34.152717269249308],[149.937422935440338,-34.152588430260558],[149.937663600405187,-34.152588296281806],[149.937921422371204,-34.152559550304396],[149.938058912360304,-34.152487928316042],[149.938196338356704,-34.15235908832728],[149.93821350435968,-34.15231616032851],[149.938213433376177,-34.152187392327612],[149.93798981743808,-34.151958585306261],[149.937989655471029,-34.151701040304467],[149.93802396947882,-34.151600876306802],[149.938165627477304,-34.151450685318281],[149.938367639456033,-34.151386073335679],[149.93843640244603,-34.151386028341747],[149.938505138439638,-34.151357388347627],[149.938728583412512,-34.151314335367061],[149.939247032392302,-34.150880407409858],[149.939467303390671,-34.150641472427665],[149.939535949404416,-34.150455433432441],[149.939552810465955,-34.149954659430456],[149.939621546463258,-34.14989738943612],[149.940377846360178,-34.149839735502567],[149.940704394319852,-34.149782321531006],[149.940873930303411,-34.149717082545543],[149.941097617310419,-34.149407089563148],[149.940858655385114,-34.14909547353988],[149.94063476143458,-34.148964185519176],[149.94037714549745,-34.148766654495049],[149.940291145520973,-34.148680859486845],[149.940222310545664,-34.148566433479978],[149.940170660569663,-34.148437692474531],[149.940153395586805,-34.148323249472199],[149.940187055612085,-34.148087065473533],[149.940410993596771,-34.147951100492385],[149.940445369591743,-34.147951082495425],[149.940479737590408,-34.147922451498253],[149.940840627552376,-34.147807785529345],[149.941304593512058,-34.147592911568843],[149.941857957486491,-34.147161018614753],[149.942077619490703,-34.146877084632187],[149.942146265502657,-34.146705352637078],[149.94214618451727,-34.146590891636265],[149.942094542539451,-34.146476456630907],[149.942094318581553,-34.146147379628609],[149.94214579859235,-34.146004278632162],[149.942269142596359,-34.145831901641877],[149.942558078579737,-34.145632040666008],[149.943344657481134,-34.145505006734631],[149.943709554440943,-34.14540245076617],[149.944001618425801,-34.145187665790488],[149.944138990429536,-34.145001591801339],[149.944121573475968,-34.144658216797417],[149.944173080479402,-34.144572332801381],[149.944327681473339,-34.144443484814147],[149.944551055455349,-34.144328889833083],[149.944636947451983,-34.14425729484018],[149.944671279454241,-34.144200041842815],[149.944671181470767,-34.144071282841921],[149.944636759484922,-34.143999759838373],[149.944602364493619,-34.14397116383514],[149.944327268548363,-34.143856862810033],[149.9442069365696,-34.143828320799209],[149.943966316602882,-34.143842769778033],[149.943605256675653,-34.143685593745033],[149.943553695683192,-34.143685629740489],[149.9435021076944,-34.143657033735735],[149.943398986709411,-34.143657096726621],[149.943364582718118,-34.143628500723381],[149.943037962773047,-34.143571461694123],[149.942969181788584,-34.143528577687739],[149.942934804793595,-34.143528595684707],[149.942780032832673,-34.14339990767013],[149.942814274853276,-34.14319958867177],[149.942882983850524,-34.143142309677444],[149.942986096839178,-34.143113642686359],[149.943450179769627,-34.143127682727474],[149.943518923761417,-34.143113340733443],[149.943759471742794,-34.142984421753816],[149.943931275732353,-34.142869871768191],[149.944154585723538,-34.142683734786637],[149.944240451723829,-34.142583526793523],[149.944326290731425,-34.142426101800019],[149.944360595739198,-34.142325928802364],[149.944360532752029,-34.142225764801672],[149.944291679780349,-34.142082735794581],[149.943532789983948,-34.141356656722486],[149.943362886038415,-34.141124649705858],[149.943328438058074,-34.141010215702011],[149.943345532071987,-34.140881438702635],[149.943397003082794,-34.140738328706192],[149.943654654076255,-34.14049495772727],[149.943809219079327,-34.140294558739541],[149.943860565108423,-34.140008365742091],[149.943894879116215,-34.139908192744429],[149.943997373122414,-34.139742690752342],[149.944152584129341,-34.139511221764444],[149.944152673140877,-34.139421213763825],[149.944048950208952,-34.139006716751787],[149.943962690281893,-34.138534607740894],[149.944048412311446,-34.138205475746176],[149.944237282318653,-34.137933525760978],[149.944237264322311,-34.137904912760789],[149.944623029313505,-34.137533202792298],[149.944759998321757,-34.137312131802872],[149.94537053335452,-34.136359024850215],[149.945570152360347,-34.136085416865953],[149.946030093401419,-34.135238937900723],[149.946108635418767,-34.135013671906087],[149.946142716468671,-34.134584419906126],[149.946297129491853,-34.134226639917308],[149.946365506551359,-34.133682899919577],[149.946279380598639,-34.133411109910078],[149.946124545650491,-34.133182274894793],[149.946124509659654,-34.133110741894292],[149.946210366658136,-34.133024840901292],[149.946382214634866,-34.133010436916372],[149.946605597609619,-34.132953067935723],[149.946691499602565,-34.132910103943011],[149.946777365601008,-34.132824193950007],[149.946828845606291,-34.132724011953854],[149.94682197863105,-34.132538016951969],[149.946776853694359,-34.132094512944903],[149.94670794773549,-34.131851326937124],[149.946796950742424,-34.131695326943913],[149.947120317693646,-34.131708003972577],[149.947223403680454,-34.131693625981583],[149.94734367266841,-34.131650635991925],[149.947429565663157,-34.131593346999111],[149.947707476653648,-34.131350747021983],[149.947755782670441,-34.131163928024968],[149.947755737679614,-34.131092386024449],[149.947733623697587,-34.130976992021708],[149.947342936801988,-34.130606173984596],[149.94732568181729,-34.130506027982385],[149.947548830832318,-34.130133905999529],[149.947565969837115,-34.130076653000636],[149.947548534885385,-34.129718987996611],[149.947479690913696,-34.129575938989539],[149.947290631944952,-34.12954744097263],[149.947187455972795,-34.129447338962812],[149.947187383985579,-34.129347192962115],[149.947238854992719,-34.129232695965875],[149.947212017016454,-34.129077536962413],[149.947187079040475,-34.128917967959119],[149.947272945040794,-34.128817759966005],[149.947788373987549,-34.128645754010378],[149.94793349198838,-34.128473735021998],[149.948045667035984,-34.127973149028435],[149.948045398083565,-34.127601151025843],[149.948010896112351,-34.127415165021489],[149.948010689148987,-34.127129015019491],[149.948045003154959,-34.127043149021922],[149.948174452153467,-34.126906915032407],[149.948457212135082,-34.126728130056172],[149.948589942132628,-34.126595706066993],[149.948766272137561,-34.126355946080906],[149.948817645162961,-34.126098375083664],[149.948783178184442,-34.12596963307972],[149.948697124220786,-34.125783682070825],[149.948697034235437,-34.125669221070019],[149.948782873239367,-34.125540400076716],[149.948937439233276,-34.125411534089473],[149.949126409214898,-34.125339886105685],[149.949504403170721,-34.125253808138503],[149.949573130164367,-34.125225151144377],[149.949676180158463,-34.125153538152993],[149.94972766016383,-34.125053366156841],[149.949675955196966,-34.124853091150882],[149.949400823269912,-34.124595722124781],[149.949228921305973,-34.124509980108982],[149.948953905358877,-34.124409993083979],[149.94866176940144,-34.124410169058166],[149.948541454424515,-34.124367320047234],[149.948386780448857,-34.124353102033467],[149.948060222507451,-34.12426745600402],[149.947183623671833,-34.123981826924549],[149.946994573703023,-34.123953319907635],[149.94635665079764,-34.123941122851164],[149.946032216854292,-34.123868035821992],[149.945791542905823,-34.123739408799828],[149.945482060983835,-34.1234820397707],[149.945427532997513,-34.123437729765556],[149.945404988002906,-34.12342094876346],[149.945368343011751,-34.123393671760013],[149.9453325590205,-34.123366133756669],[149.945299258028541,-34.123341150753554],[149.945195948052742,-34.12326983174394],[149.944964372102987,-34.123140855722561],[149.944386526252828,-34.122627717667946],[149.944248525300338,-34.122413485654256],[149.944248319314994,-34.12229911365344],[149.94433403231892,-34.122170327660122],[149.944333970322589,-34.122141723659929],[149.94448847331654,-34.122012830672688],[149.944677415301783,-34.121912478688678],[149.944797604295246,-34.121826513698714],[149.944883380295522,-34.121726304705604],[149.94490050129852,-34.121683384706799],[149.944900223314988,-34.121554724705895],[149.944848474333497,-34.121469027700726],[149.944796806346488,-34.121426224695853],[149.944710752364529,-34.121383465687963],[149.944588689385768,-34.12135639467698],[149.944056999483507,-34.121198599628883],[149.943970864507008,-34.121112948620691],[149.943987779522814,-34.120969963621192],[149.944193655522042,-34.120740914637793],[149.94421053453965,-34.1205836226382],[149.944149749562115,-34.120477183632097],[149.943504700699094,-34.120141506572743],[149.943263623757957,-34.119956022550156],[149.94283278788464,-34.119456304508617],[149.94245332401843,-34.118842133470828],[149.942418875027101,-34.118813592467575],[149.942418812030752,-34.118784996467383],[149.942384382039421,-34.11875645546413],[149.9423843190431,-34.118727860463927],[149.942349870051771,-34.118699318460692],[149.942349816055412,-34.118670732460494],[149.942142928122081,-34.11838512044023],[149.942142883125712,-34.118356524440031],[149.942067173147507,-34.118272540432756],[149.941918442218679,-34.117885079416915],[149.941934576285718,-34.117341796414564],[149.941866844309459,-34.117233430407829],[149.94172792133773,-34.117170547395126],[149.941607534357104,-34.117156428384384],[149.941263676407175,-34.117156939353997],[149.941074518436551,-34.117142937337185],[149.940954105457735,-34.117114512326367],[149.94062712652547,-34.116957739296389],[149.940257433590745,-34.116868564263093],[149.939887499653281,-34.116801576229939],[149.93968118468328,-34.11680188021171],[149.939251514734934,-34.116888284174351],[149.938821673797548,-34.116888919136379],[149.937910063954035,-34.11670440305457],[149.93711903807835,-34.11663406898419],[149.936603035166286,-34.116534737937911],[149.936396425216486,-34.116377777918579],[149.936395994245743,-34.116149042916952],[149.936686452327621,-34.11517647293585],[149.936822866384404,-34.114575829943746],[149.936823421414459,-34.114339950942153],[149.936616138441906,-34.114361687923989],[149.936427294451164,-34.114504923908299],[149.936392980450677,-34.114547861905571],[149.936238997421981,-34.114948382894752],[149.935964521419976,-34.115277594872779],[149.935964584416325,-34.115306190872992],[149.935930252417648,-34.115334830870147],[149.93593030541399,-34.115363416870359],[149.935895964415352,-34.11539205686752],[149.935759040393293,-34.115721071857706],[149.935724977376339,-34.115892679855897],[149.935485362336379,-34.116479176838787],[149.935416716337244,-34.116550754833227],[149.935399613334283,-34.116593665832021],[149.93505619435328,-34.116837199803371],[149.934435654424703,-34.116986297749598],[149.933870269496794,-34.117067626700219],[149.932959009629542,-34.117068934619738],[149.93233988573067,-34.11698403456446],[149.931944143808352,-34.116827325528419],[149.931823604838712,-34.11672742051708],[149.931751838862908,-34.116619816509996],[149.931582114928631,-34.116298868492777],[149.931547477951938,-34.116155954488725],[149.931513002962447,-34.11611311548539],[149.931512930967926,-34.116070231485082],[149.931478454978418,-34.116027383481736],[149.931478382983897,-34.115984499481435],[149.931443916994397,-34.115941660478086],[149.931236741084831,-34.115470170456511],[149.931202265095294,-34.115427322453179],[149.931202194100791,-34.115384429452867],[149.931167727111301,-34.115341599449522],[149.931167628118601,-34.115284408449128],[149.931133144130911,-34.115227272445679],[149.931118684193848,-34.1147509234411],[149.93114882123453,-34.114398064441303],[149.931182902251436,-34.114226456443127],[149.93125138626155,-34.114069102448092],[149.931251288268868,-34.11401192044768],[149.931355404292958,-34.113704284454741],[149.931627756338145,-34.113039235474169],[149.93166183635509,-34.112867645475987],[149.931661262395323,-34.112553124473763],[149.93164378241795,-34.11239587747113],[149.931522526499492,-34.111895685456943],[149.931521665559842,-34.111423908453588],[149.931624194588693,-34.111080649460263],[149.93165853558736,-34.111052009463101],[149.931658473591,-34.111023413462888],[149.931812841594081,-34.110823041475136],[149.932035972587158,-34.110622579493445],[149.932035640610906,-34.110436736492126],[149.932001183621423,-34.110393897488791],[149.932001102626884,-34.110351004488486],[149.931966581641035,-34.110279570484934],[149.931742589708335,-34.110008256463274],[149.931467027783128,-34.109737013437041],[149.931176612876243,-34.109339126408635],[149.931166652894888,-34.109204656406831],[149.931156353914162,-34.10906551740495],[149.931165594918753,-34.109018949405446],[149.93117339392262,-34.108979713405859],[149.931310228951958,-34.108593525415259],[149.931481520970834,-34.108250167427997],[149.93154984399186,-34.108007036432355],[149.931538755055641,-34.107520154427995],[149.931445529089217,-34.107363839418674],[149.931341609157272,-34.106949387406615],[149.931341151190196,-34.106692057404793],[149.931182820256765,-34.106351343388447],[149.93123699827467,-34.106148935391829],[149.931236900281988,-34.106091744391428],[149.931373905298528,-34.105805622401533],[149.931408030311843,-34.105662619403546],[149.931390039371024,-34.105219455398881],[149.931423940398929,-34.104962071400095],[149.931422980466607,-34.104433103396332],[149.931508514483312,-34.104204234402289],[149.93151610749149,-34.104131464402471],[149.931717500517891,-34.10369462941722],[149.931782452521929,-34.10358910442222],[149.931782390525569,-34.103560518422007],[149.932398849603715,-34.102244375467329],[149.932466939641245,-34.101872574470761],[149.932552679643351,-34.101758077477534],[149.932791587630931,-34.101582427497434],[149.933016350608682,-34.101500092516702],[149.934305046461219,-34.101183753628327],[149.934932274395436,-34.100983157682343],[149.935146701384383,-34.100825140700188],[149.935232423388328,-34.100696344706854],[149.935232234401127,-34.100596279706153],[149.935163391416609,-34.100553485699763],[149.934733658477342,-34.100568391661916],[149.934234938564543,-34.10045472761707],[149.934166068581845,-34.100397644610595],[149.934114372598515,-34.100326236605532],[149.934062551622503,-34.100197638600058],[149.93406221164625,-34.100011778598748],[149.934079269652869,-34.099940281599743],[149.934147816657486,-34.099825810605005],[149.934216444656641,-34.099754241610569],[149.934405279647393,-34.099610996626261],[149.934817461612965,-34.099410265661284],[149.934903273609592,-34.099338661668362],[149.934971883610558,-34.099252777673826],[149.935006125614706,-34.099181253676356],[149.935005757640283,-34.098981095674937],[149.934971165659931,-34.09886677667108],[149.934936698670413,-34.098823937667738],[149.934936600677702,-34.098766747667327],[149.93486735372062,-34.098509515659437],[149.934866536777321,-34.098066333656284],[149.934900832777828,-34.098023395659013],[149.934900761783297,-34.097980494658707],[149.935396485800396,-34.097280735697638],[149.935397749814996,-34.097164893696942],[149.935328843834156,-34.09709350369036],[149.935139604872631,-34.097008004673057],[149.934830087924951,-34.096951252645312],[149.93445192498001,-34.096951799611915],[149.934348757996844,-34.096937653602716],[149.934159538033526,-34.096866434585493],[149.934073403058818,-34.096766476577194],[149.934073349062487,-34.096737890576982],[149.933763284153173,-34.09638091554713],[149.933763239156917,-34.096352319546916],[149.933686956180651,-34.096253096539492],[149.933693472236342,-34.09580916253698],[149.933676127249839,-34.095723394534865],[149.933655527261976,-34.095651700532535],[149.933434977319592,-34.095452106511672],[149.933073657397728,-34.095252477478368],[149.932935629452459,-34.094981028464296],[149.932759683587477,-34.094123986442796],[149.932761152658486,-34.093565930439048],[149.932726434687254,-34.093380115434691],[149.932622702744283,-34.093051439423256],[149.932588245754772,-34.093008600419914],[149.93258816476029,-34.092965707419609],[149.93255366277441,-34.092894273416057],[149.932519231783061,-34.092865731412829],[149.93203659194819,-34.092122998365028],[149.931726034075467,-34.091480080333135],[149.931725980079136,-34.091451494332929],[149.931676123095883,-34.091377137328017],[149.931725756095574,-34.091322824332032],[149.931725666101073,-34.091279940331709],[149.931828510106186,-34.091122532339696],[149.932171892083545,-34.090907610368546],[149.932343454080467,-34.090735806382497],[149.932377813077323,-34.090721464385432],[149.932549338077877,-34.090521073399188],[149.932686370090778,-34.090263545409513],[149.932686289096267,-34.090220661409212],[149.932755814099409,-34.090117019414627],[149.93278902510869,-34.090006063416787],[149.93289129415399,-34.089534133422539],[149.932890612201533,-34.089162431419901],[149.932924621222128,-34.088962237421512],[149.932923733284269,-34.088476154418061],[149.932889150303879,-34.088361826414214],[149.932870449412405,-34.087532663406805],[149.93288731943187,-34.087361082407092],[149.932955499462054,-34.087046472410947],[149.932955221482189,-34.086889198409821],[149.933023337516062,-34.086545992413448],[149.933040503515372,-34.086531676414857],[149.933022521572667,-34.086102801410306],[149.932953363611944,-34.085874156402596],[149.932883847674958,-34.085459659393592],[149.93284940768541,-34.085416811390246],[149.932814770708688,-34.085273897386195],[149.932780313719206,-34.085231058382853],[149.932780241724714,-34.085188165382547],[149.932745738738845,-34.085116731378996],[149.932711308747486,-34.085088189375767],[149.932711254751126,-34.085059594375558],[149.932573388796726,-34.084859642361998],[149.932349503862156,-34.084602608340447],[149.932263431883769,-34.084531245332336],[149.931660603062682,-34.083817269274128],[149.931471024126722,-34.083531603255409],[149.931315623200391,-34.083131511238896],[149.93129841220474,-34.083117241237275],[149.931246448241467,-34.082888577231095],[149.931022420315998,-34.08256005420904],[149.93074681339985,-34.082217324182302],[149.930746768403537,-34.082188728182111],[149.930626175441091,-34.08203164317036],[149.930488470475751,-34.081917450157412],[149.929748637641694,-34.081460983088903],[149.929559291689344,-34.081303978071098],[149.929473138718265,-34.081175425062597],[149.928797907911985,-34.080427439997756],[149.928813065928409,-34.080281477998071],[149.928905384035829,-34.079334023999657],[149.928918803047026,-34.079230883000129],[149.928935341060821,-34.079103854000707],[149.931750024355722,-34.081417948265369],[149.933208939990237,-34.082617317402544],[149.933607515793057,-34.083708025445333],[149.934904558519122,-34.084374322564528],[149.935382968313036,-34.085443471614219],[149.937873915742898,-34.087067791845556],[149.937949616725604,-34.087117156852585],[149.938045369703644,-34.087179600861475],[149.941457250922696,-34.089404270178385],[149.944882398138702,-34.091637358496563],[149.947540091114774,-34.088792572711682],[149.94919131209997,-34.087024965845359],[149.950199281090931,-34.08594595592696],[149.950458931055351,-34.085928329949773],[149.950734079013699,-34.085940921974185],[149.951009093969105,-34.085976416998754],[149.951290866920601,-34.086034825024058],[149.951565692871668,-34.086104661048843],[149.951812865823882,-34.086197275071342],[149.952046152775125,-34.086312712092763],[149.95225864372577,-34.08645669911256],[149.952457320677013,-34.086612080131189],[149.952614531630644,-34.086795895146373],[149.952785545582969,-34.086974045162727],[149.952942738535882,-34.08716358817793],[149.953092983488347,-34.087364561192615],[149.953236353441781,-34.087565488206685],[149.953386670395702,-34.08775500522129],[149.953619930346235,-34.087876179242755],[149.953867112298411,-34.087968793265254],[149.954114230249132,-34.088072836287822],[149.954389065200189,-34.088142664312599],[149.954603223188627,-34.087989000330474],[149.954714483199382,-34.087777672338838],[149.954811993212218,-34.087566281346007],[149.954895770227722,-34.087349118351888],[149.954958965247727,-34.087120418355894],[149.955035858264267,-34.086903227361177],[149.955285835280392,-34.086492134380428],[149.955431499286135,-34.086280940391838],[149.955570189290711,-34.086086903402744],[149.955743247289547,-34.085898720416751],[149.955895661291407,-34.085710455428917],[149.956013832301892,-34.085493435437861],[149.956193792300468,-34.085299550452419],[149.956332482305072,-34.08510551346334],[149.956444334313517,-34.08491142347188],[149.956457529314548,-34.08488852047288],[149.956527600333573,-34.084659847477489],[149.956562523348595,-34.084502169479492],[149.956576991354893,-34.084436821480296],[149.956612730380328,-34.084196557481803],[149.956682801399324,-34.083967884486412],[149.956752907419059,-34.083733492490978],[149.956877892427144,-34.083527936500595],[149.956975419440624,-34.083310835507703],[149.957086670451417,-34.083099498516084],[149.957211654459513,-34.082893952525708],[149.95733666546829,-34.082682668535284],[149.957489106470831,-34.082488685547425],[149.957648360470955,-34.08230617656023],[149.957800827474273,-34.082106465572338],[149.957946410478598,-34.08190672658381],[149.958064698491995,-34.081666794592621],[149.958224041494333,-34.081467119605307],[149.958335293505115,-34.081255772613666],[149.958412203522414,-34.081032863618937],[149.95852341953244,-34.080827272627346],[149.958607276550168,-34.080592915633126],[149.958704759562977,-34.080381533640278],[149.95888462055936,-34.080204824654956],[149.958982139572896,-34.079987714662074],[149.959072800588132,-34.079764850668539],[149.959190989599392,-34.079542103677447],[149.959329751606134,-34.07933088368825],[149.959495907605998,-34.079142673701625],[149.959662036605124,-34.078960192715051],[149.95985563959951,-34.078783537730942],[149.9600286085969,-34.078606811745026],[149.960095990595249,-34.07854305975053],[149.960215336592285,-34.078430131760307],[149.960456853573817,-34.078299473780746],[149.960657368567894,-34.078117128797217],[149.960850972562298,-34.077940466813118],[149.961085496542637,-34.077826965833054],[149.96147265952996,-34.077485106864927],[149.961734551502644,-34.077400326887499],[149.961982817480248,-34.077292588908705],[149.962155912480569,-34.077092952922627],[149.962383659464109,-34.076962239941864],[149.96263192644173,-34.076854493963083],[149.96290701239937,-34.076872789987526],[149.963133317349474,-34.077005368008464],[149.963207799310794,-34.07722317601656],[149.96330967526518,-34.077464003027245],[149.963390979224073,-34.077693294036038],[149.963479230183395,-34.077911164045361],[149.96357435614172,-34.078129061055286],[149.963669509100754,-34.078341231065167],[149.963840470051622,-34.07853082008161],[149.964059810000606,-34.078680537102052],[149.964327895956302,-34.078721692126052],[149.964603116916834,-34.078717095150367],[149.964871739884899,-34.078660945173738],[149.965140300851488,-34.078616251197175],[149.965415423809844,-34.078628811221613],[149.965697215762077,-34.078681476246892],[149.96595132671473,-34.078762637269932],[149.966170666663658,-34.078912354290374],[149.966390041613323,-34.079056344310786],[149.966644126565257,-34.079143233333866],[149.966905220519067,-34.079207255357396],[149.967110800470039,-34.079356910376625],[149.967330212420393,-34.07949517239701],[149.967605307378022,-34.079513451421469],[149.967853475353479,-34.079422870442791],[149.968074401339493,-34.079280666461344],[149.968302149323023,-34.079149936480576],[149.968529861305825,-34.079024933499859],[149.968771368287349,-34.078894257520325],[149.969019751267894,-34.078763607541376],[149.969261249249456,-34.078632922561837],[149.969523266225082,-34.078525229584272],[149.969778399201658,-34.078417509606105],[149.970019745179599,-34.078315446626732],[149.970281637152311,-34.078230647649328],[149.97055725212229,-34.07815161267316],[149.970702836127316,-34.07794613968462],[149.970971710101225,-34.077844192707687],[149.971267889066752,-34.077776694733437],[149.971550201031334,-34.0777320367581],[149.971812155005495,-34.077635781780614],[149.972094520971609,-34.07757966780521],[149.972376589930377,-34.077580807830159],[149.972651308879279,-34.077667759855082],[149.972856853828773,-34.07782885287439],[149.973027662775991,-34.078047046891029],[149.973177917727753,-34.078253712905756],[149.973314403681456,-34.078460316919262],[149.97350617863296,-34.078621356937361],[149.973746198579647,-34.07876540895959],[149.973965646530729,-34.078897943979932],[149.974171181480216,-34.079059027999236],[149.974383655430159,-34.079208701019084],[149.97460310238128,-34.079341227039421],[149.974850132329834,-34.079462412062121],[149.975097198279116,-34.079577879084788],[149.975358077227838,-34.0796819441086],[149.975577533178921,-34.079814469128941],[149.975796891127914,-34.079964161149384],[149.976208034028303,-34.080274892187944],[149.976454973974711,-34.080413244210746],[149.97671595192557,-34.08050014323446],[149.977004752879708,-34.080529905260207],[149.977273250844888,-34.080496631283744],[149.977507766825255,-34.080383085303708],[149.977749229806051,-34.08025810932422],[149.977990835790536,-34.080104520344534],[149.978232208769157,-34.079996720365152],[149.978487278744382,-34.079900429387052],[149.978769589708975,-34.079855754411739],[149.979051480663372,-34.079891208436926],[149.979298608614158,-34.079995219459519],[149.979545799566353,-34.080087773482035],[149.979806893520134,-34.080151769505598],[149.980081908475569,-34.08018719653019],[149.980357067434653,-34.080194010554592],[149.980639137393439,-34.080195114579567],[149.980928064350508,-34.080201982605189],[149.981216740301733,-34.080254629631106],[149.981484665253078,-34.080330098655338],[149.98173170420165,-34.08045126767805],[149.981978805151641,-34.080560997700694],[149.982232836102071,-34.080659298723859],[149.982480036054284,-34.080751853746385],[149.982623469007706,-34.080952747760492],[149.982808234956565,-34.081142364778152],[149.983041486906387,-34.081269207799693],[149.983302410855828,-34.081367535823475],[149.983570397808649,-34.081431540847632],[149.983838448762896,-34.081484106871741],[149.984106310712775,-34.081571014896056],[149.984367207661506,-34.081675061919874],[149.98462101360613,-34.081819151943336],[149.984867945551741,-34.081963213966191],[149.985094330502562,-34.082090020987124],[149.985362049448838,-34.082205551011633],[149.985623009398978,-34.082298151035374],[149.985884103352078,-34.082367848058979],[149.9861729853084,-34.082380426084654],[149.986462154271322,-34.082341479109985],[149.986737770241263,-34.082262417133826],[149.987006600214443,-34.082166154156972],[149.98728205418081,-34.082115714180993],[149.987577865136842,-34.082122582207241],[149.987873489088571,-34.082163800233701],[149.988155424043697,-34.082193518258869],[149.988430592002771,-34.082200305283287],[149.988712696962295,-34.082195663308234],[149.989015527920969,-34.082173953334902],[149.989290784882286,-34.082163557359209],[149.989579944845133,-34.082124618384533],[149.98987613281065,-34.082057075410297],[149.990137960781936,-34.081983679432959],[149.990406512748564,-34.081938923456427],[149.990702314704635,-34.081945782482684],[149.99097039165963,-34.081992612506745],[149.991252290614057,-34.082028039531963],[149.991527368570928,-34.08205199355649],[149.991809420528995,-34.082058807581518],[149.992098105480267,-34.08211142860744],[149.992366217435972,-34.082152521631485],[149.992641277392153,-34.082182202656043],[149.992937133349642,-34.08217761568222],[149.993219409313525,-34.082138622706942],[149.993494603273376,-34.082139682731317],[149.993769600228063,-34.082180802755957],[149.994044498180585,-34.082239088780725],[149.994319370132359,-34.0823031018055],[149.994614858080439,-34.082372924832157],[149.994875827030597,-34.082465489855934],[149.995116043980858,-34.082580893878003],[149.995362956925732,-34.082730658900914],[149.995609824869206,-34.082891869923905],[149.995836102817123,-34.083041552944977],[149.996041647765878,-34.083208321964342],[149.996267826710834,-34.083380898985588],[149.996500989657761,-34.083530609007276],[149.996748081607024,-34.083646032029968],[149.997022764553719,-34.08375009705501],[149.997283822506034,-34.083825504078668],[149.997558730458564,-34.083883781103424],[149.997635999446061,-34.083893723110336],[149.997833763414036,-34.083919173128038],[149.99810881337018,-34.083948836152608],[149.998397713326483,-34.083961379178277],[149.998665862282962,-34.083996734202287],[149.998940975240544,-34.084014951226784],[149.999230144203466,-34.083975977252138],[149.999505571169095,-34.083931229276217],[149.999774177137169,-34.083874999299624],[150.000049693105012,-34.083813077323597],[150.000318218070902,-34.083774040347123],[150.000586770037529,-34.083729248370609],[150.000869162004335,-34.083667353395199],[150.001183608942199,-34.083795146423945],[150.001643989868995,-34.083843859465063],[150.001712304858074,-34.08385113047116],[150.00198754381924,-34.083841549495489],[150.002283309775947,-34.083843549521703],[150.002558109731325,-34.083879756546303],[150.002797797682291,-34.083990114568316],[150.003051308631996,-34.084094852591498],[150.003312025584989,-34.084165293615094],[150.003586547536742,-34.084230095639867],[150.003854373491663,-34.084277696663918],[150.004115010443968,-34.084353856687542],[150.004361761396126,-34.084447101710062],[150.004629085344533,-34.084546200734444],[150.004889812297563,-34.084616632758028],[150.005150574251303,-34.084681353781605],[150.005411238203635,-34.084757512805218],[150.005678786154931,-34.084833716829458],[150.005953424108128,-34.084887071854162],[150.006234777058097,-34.084957645879591],[150.006783945963036,-34.085075810929069],[150.007037635914912,-34.085163363952169],[150.007297976862844,-34.085273854976016],[150.00748189181175,-34.085463964993636],[150.007700630761406,-34.085608510014019],[150.007760411724092,-34.085832119020857],[150.007689444705193,-34.086060568016173],[150.007597797688533,-34.086294619009664],[150.007492542676118,-34.086511387001849],[150.007332428673919,-34.086710621989049],[150.007110741685125,-34.086875102970545],[150.006896143698242,-34.08701674395251],[150.006729306699242,-34.087198758938975],[150.00661729368926,-34.087404043930484],[150.006505270679298,-34.087609320921985],[150.006393239669308,-34.087814605913486],[150.006267466661342,-34.088019792903765],[150.00615543565138,-34.088225078895263],[150.006036483641708,-34.088436038886186],[150.005931283629991,-34.088647087878343],[150.005846609613798,-34.08886970987237],[150.005720818605909,-34.089074905862645],[150.005574509602411,-34.089268511851031],[150.005455548592721,-34.089479471841955],[150.005370875576517,-34.089702102836],[150.005279264560642,-34.089930416829468],[150.005174054548945,-34.090141465821617],[150.005123776527768,-34.090364330818709],[150.004963698526296,-34.090557845805868],[150.004824263521812,-34.090751486794851],[150.004705357512819,-34.090956726785741],[150.004565914508333,-34.091150367774738],[150.004433301502104,-34.091349790764369],[150.004286983498645,-34.091543386752754],[150.004120029498182,-34.091736848739295],[150.003918949506385,-34.091901463722628],[150.003724701512851,-34.092071860706604],[150.003551033515606,-34.092248092692422],[150.003397776512401,-34.092447362680225],[150.003271923503718,-34.092658277670566],[150.003166713492021,-34.092869326662694],[150.003040913484085,-34.093074513652972],[150.002990509461426,-34.09330883365012],[150.003002020429676,-34.093543548652775],[150.003020351396259,-34.093784054656076],[150.003004342368513,-34.094018598656291],[150.003008915337119,-34.094258996658361],[150.00302042530538,-34.094493720661021],[150.003025042274658,-34.094728417663049],[150.002905911262815,-34.094956534654088],[150.002814345247685,-34.095179120647522],[150.002729708232209,-34.095396032641517],[150.002679357210269,-34.095624615638656],[150.002663232181135,-34.095870607638929],[150.002647223153446,-34.096105151639151],[150.002651911123422,-34.096334120641139],[150.002684110089405,-34.096563259645592],[150.002730016052652,-34.096798216651301],[150.002775858015184,-34.097038901657037],[150.002814833978704,-34.09727954266215],[150.002943601934163,-34.097480731674963],[150.003093094887333,-34.097676327689562],[150.003159634847549,-34.097911428697095],[150.003171144815838,-34.098146161699745],[150.003265365774183,-34.098364292709604],[150.003380230729505,-34.098582540721303],[150.00346736068596,-34.098823503730685],[150.003520266649616,-34.09904706773694],[150.003586905611286,-34.0992707207444],[150.003694733565453,-34.099506099755587],[150.003802705521792,-34.099724320766668],[150.004018693434432,-34.100160745788848],[150.004106038393815,-34.100378814798106],[150.00424853934652,-34.10058581281217],[150.004397969298992,-34.100787136826803],[150.004526603252287,-34.101005483839721],[150.004620662208424,-34.101240771849682],[150.004687328170093,-34.101464425857145],[150.004781558128457,-34.101682547867014],[150.004855045088362,-34.101911973875112],[150.004935515048743,-34.102129997883765],[150.005022870008077,-34.102348075893026],[150.005117161967149,-34.102560469902855],[150.005156236932095,-34.102789662907902],[150.005222794892262,-34.103024763915442],[150.005337775849057,-34.103231572927065],[150.005865799738899,-34.103491172975644],[150.006576249590665,-34.103840467041039],[150.007204661473679,-34.104039022098128],[150.008787783099194,-34.105162040246213],[150.010751817780516,-34.105416146422066],[150.011616116599612,-34.105845373501651],[150.011880796524082,-34.106134105527119],[150.012103418436766,-34.106562202549817],[150.012055166373443,-34.107111590549366],[150.011862998342338,-34.107572907535534],[150.011740582087953,-34.109697719539447],[150.015116303405421,-34.111185817849034],[150.016501715060855,-34.112299341979586],[150.018084387772745,-34.112747600123022],[150.019215911534872,-34.113317221227319],[150.020251664332449,-34.113718623321958],[150.02046644127131,-34.113951411342612],[150.022525863848728,-34.114907321531874],[150.023925214564628,-34.115532367660315],[150.025241889316845,-34.11596866678012],[150.026720650068967,-34.116221050913047],[150.027552237961373,-34.116114782986074],[150.028318120824849,-34.116309258055352],[150.02904451674118,-34.116136064118606],[150.031503391303346,-34.116755993341037],[150.03197656417791,-34.117196442386089],[150.032784730995417,-34.117701145461275],[150.034078055668772,-34.118778256583511],[150.035393334316296,-34.120031502708933],[150.036569965060835,-34.120685895817893],[150.0376389378917,-34.120789923913478],[150.037495182876313,-34.121073016902685],[150.037453608851592,-34.121313315900672],[150.037410931837144,-34.121474220897994],[150.037391389830532,-34.121547878896777],[150.037381691828216,-34.121577100896104],[150.037357587822413,-34.12164970089448],[150.037315420812263,-34.121776703891626],[150.037239451794704,-34.121999800886421],[150.03714973177992,-34.122217160879977],[150.036991167772953,-34.122451597867531],[150.036946599770204,-34.122523587864073],[150.036860159764899,-34.12266319385737],[150.036708516760569,-34.122869025845347],[150.036536247762939,-34.123046226831285],[150.036174093767784,-34.123420206801754],[150.035573266775714,-34.124040680752742],[150.035389666780986,-34.124208316737615],[150.035206218784737,-34.124387409722587],[150.035029655787525,-34.12456642170816],[150.034839404791569,-34.124751296692551],[150.034655956795319,-34.124930388677512],[150.034479384798061,-34.125109399663103],[150.034295784803334,-34.125277035647969],[150.034112327807094,-34.125456118632933],[150.033935836809121,-34.125640867618557],[150.033759192812653,-34.125814150604079],[150.033582852813197,-34.126010354589809],[150.033426996812238,-34.126194914577255],[150.033257389813258,-34.126379600563496],[150.033074084815553,-34.126570130548544],[150.032869903823041,-34.126743664531631],[150.03267260682955,-34.126917145515336],[150.032454584839797,-34.127085085497157],[150.032243366849769,-34.127247235479551],[150.032011423863509,-34.127403836460047],[150.031786293876991,-34.127554665441131],[150.031547161894679,-34.127688435420836],[150.031307742915374,-34.127799310400363],[150.03104787693681,-34.127927541378199],[150.030780463965954,-34.128004317355021],[150.030520229991112,-34.128103934332628],[150.030238734025176,-34.12815792430802],[150.029963755062056,-34.1281832472838],[150.029688534101126,-34.128191387259449],[150.029393055139479,-34.128228336233491],[150.029117842178579,-34.128236484209133],[150.028821986220606,-34.128244803182938],[150.028547375253765,-34.128298739158957],[150.028245163291587,-34.128347198132481],[150.027956711327448,-34.128395523107237],[150.02768202836134,-34.128443731083195],[150.027372932400169,-34.128492244056119],[150.027077829434802,-34.128557807030397],[150.026789691467656,-34.128629026005335],[150.026508562498066,-34.128711646980967],[150.026234256528198,-34.128788459957178],[150.025946037561795,-34.128853959932073],[150.025685490589979,-34.128930655909492],[150.025432132614156,-34.129030200887698],[150.025200180627877,-34.129186792868211],[150.025072058620736,-34.129388267858253],[150.024964813608307,-34.129606747850261],[150.024850683596952,-34.129825281841647],[150.024729517588014,-34.130032422832343],[150.024532265593848,-34.13021162181608],[150.024250993625742,-34.130282768791645],[150.02396859266878,-34.130268067766501],[150.023699726712096,-34.130236075742424],[150.023436911762616,-34.130141056718443],[150.023228328813332,-34.129982590698859],[150.023040165863335,-34.129806778680951],[150.022858734913797,-34.129619448663547],[150.022663454966988,-34.129426524644899],[150.022427801017272,-34.129302642623145],[150.022158567064253,-34.129242027598849],[150.021889702107586,-34.129210025574785],[150.021623606150257,-34.129180013550965],[150.021561692132309,-34.129390354546949],[150.02143356112515,-34.129591829536977],[150.021264061124725,-34.129787944523308],[150.021073469131721,-34.129949888507525],[150.020862143142494,-34.130106301489874],[150.020685534145287,-34.130285303475461],[150.020550599138375,-34.130492560464923],[150.020505358116338,-34.13071621346247],[150.020480913089756,-34.130951133461942],[150.020387347076138,-34.131163750455116],[150.020196961080927,-34.131342869439472],[150.019950631102631,-34.131453790418405],[150.019683119132537,-34.13152480239517],[150.019401462168133,-34.131567336370495],[150.019126545204273,-34.13159835234633],[150.018866294229412,-34.131697933323956],[150.018675684236484,-34.131859885308174],[150.018644274211653,-34.132089140306974],[150.018722906171661,-34.132311708315498],[150.018931641119423,-34.132481630335185],[150.019174027069681,-34.132594003357447],[150.019436618021388,-34.13267186538129],[150.019705483978072,-34.132703867405354],[150.019961198930787,-34.132781782428559],[150.020176728878283,-34.132945914448804],[150.020337587830056,-34.133139142464422],[150.020477873784074,-34.133338278478242],[150.020611275739071,-34.133537476491448],[150.020669272702065,-34.133760223498143],[150.020568822689427,-34.133972904490712],[150.020537412664595,-34.134202167489519],[150.02056114963105,-34.134436666493237],[150.020515979608263,-34.134666038490849],[150.020443201590155,-34.13488993248594],[150.020363466573798,-34.13510815248037],[150.020263007561169,-34.135320841472939],[150.020135108551784,-34.135539482463138],[150.019965357553588,-34.135718422449308],[150.019746833568348,-34.135851995430862],[150.019500333591509,-34.135951459409704],[150.019289294599304,-34.136130748392219],[150.019175065588712,-34.136343554383572],[150.01913670056561,-34.136567144381736],[150.019139711535786,-34.136796094383584],[150.019190967498304,-34.137030359389755],[150.019248964461269,-34.137253106396443],[150.019306952424245,-34.137475862403122],[150.019351333387704,-34.137710182408689],[150.019354336357935,-34.137939123410561],[150.01929532633784,-34.138162901406865],[150.019229494317983,-34.138392451402623],[150.019129107304622,-34.138610859395243],[150.018987270298709,-34.138818179384103],[150.018803678303271,-34.13899150736902],[150.018613131309536,-34.139159179353292],[150.018401634321862,-34.139304127335542],[150.018176226337545,-34.139437753316493],[150.017951032351078,-34.139588546297574],[150.017767369356363,-34.139756155282441],[150.017590886357738,-34.139946595268121],[150.01740048236249,-34.140125714252491],[150.01724464336084,-34.140315975239993],[150.017102645356431,-34.140511839228765],[150.016967612350271,-34.140713368218179],[150.01672834536879,-34.14084138219787],[150.016474718395216,-34.140923735175953],[150.016325835391797,-34.1411196521641],[150.016156084393657,-34.141298592150292],[150.01593094540641,-34.14145510313142],[150.015771637416606,-34.141556683118004],[150.015494022434439,-34.14173366909462],[150.015345140431037,-34.141929595082772],[150.015251771415166,-34.142159379076105],[150.015213477391342,-34.142388696074292],[150.015285297351596,-34.142617055082248],[150.015411815307601,-34.142816307094847],[150.01543546227478,-34.143045087098521],[150.015328172262429,-34.143263549090534],[150.015116810273213,-34.143419944072882],[150.01490536828473,-34.143570611055175],[150.014777201277639,-34.143772077045227],[150.014683608263994,-34.143984695038398],[150.014686593234217,-34.144213645040232],[150.014847309187445,-34.144395435055763],[150.015082847138615,-34.14450788907741],[150.015357665103977,-34.144465436101491],[150.015632330070815,-34.144411536125467],[150.015907516032456,-34.14439769514977],[150.016169980985666,-34.144464119173499],[150.016371625936614,-34.144616929192445],[150.016484464893864,-34.144822035203859],[150.016570062852082,-34.145050268213033],[150.01671035780609,-34.145249413226864],[150.016939387754547,-34.145390534248136],[150.017208818705996,-34.145462614272539],[150.017497853664878,-34.145454376298112],[150.017744237643143,-34.145343474319176],[150.017920962639579,-34.145170199333648],[150.018069773643731,-34.144968554345432],[150.018115032665833,-34.144744901347906],[150.018056963703629,-34.14451642634117],[150.01801265473938,-34.144287835335653],[150.018057912761464,-34.144064183338116],[150.018290447742487,-34.143947678357925],[150.018559421698399,-34.143985407382033],[150.018808889646124,-34.14410917440501],[150.019024213595884,-34.144256139425124],[150.019198795546373,-34.144443532441898],[150.019380092497357,-34.144619416459207],[150.019561317449075,-34.144789571476451],[150.019830605402007,-34.144850195500752],[150.020084241375571,-34.144767852522676],[150.020330544354607,-34.144651212543707],[150.020569882335337,-34.144528916564077],[150.020809149316875,-34.144400892584393],[150.021055676293685,-34.144301427605576],[150.021309088269447,-34.144201900627365],[150.021590557236067,-34.14414219965191],[150.021858491202408,-34.14409979167538],[150.022133766163307,-34.144091661699733],[150.022409929115213,-34.144152222724642],[150.022645556065697,-34.14427038574636],[150.022894952014184,-34.144388415769299],[150.023096758963646,-34.144552672788329],[150.023284957913631,-34.14472848380624],[150.023459611863359,-34.144921595823078],[150.023627229815617,-34.145103314839211],[150.023801659767599,-34.145279260855894],[150.023935160721805,-34.145484168869153],[150.024054982677285,-34.145694921881237],[150.024195296631262,-34.145894057895077],[150.024301492587256,-34.14611638390604],[150.024352623551209,-34.146339193912119],[150.024383181517408,-34.146567919916414],[150.02437273048659,-34.146819879917246],[150.024396404453768,-34.147048650920922],[150.024399568422496,-34.147289047922868],[150.024347595399888,-34.147524219919902],[150.024385181363613,-34.147764320924892],[150.024525576316847,-34.147969175938762],[150.024747596267787,-34.148098893959357],[150.025008125240362,-34.148016478981887],[150.025219639228084,-34.14787151299965],[150.025361557233225,-34.147669912010841],[150.025562179261499,-34.147221640025514],[150.02571106226489,-34.147025704037368],[150.025894725259633,-34.14685808605249],[150.026127188241389,-34.146735835072271],[150.026401934207485,-34.146687635096306],[150.026683869169602,-34.146662267121137],[150.026959602126027,-34.146688469145779],[150.027248798083406,-34.146691661171452],[150.027511290036585,-34.146758057195193],[150.027760399988068,-34.146853184217946],[150.028002767939,-34.146959829240174],[150.028218208887949,-34.147112504260363],[150.028426836837212,-34.147270952279968],[150.028682677789106,-34.147354587303248],[150.028957880750767,-34.147340711327558],[150.029148284745958,-34.147161583343205],[150.029124601778761,-34.146932803339524],[150.028984341824071,-34.146739404325736],[150.028768901875083,-34.146586729305568],[150.028567229924107,-34.146433937286616],[150.028372208974389,-34.14626391626814],[150.028218037023152,-34.14605918725303],[150.028118788065456,-34.14584251724272],[150.028019619106971,-34.145631585232465],[150.027913485150265,-34.145414987221535],[150.027869230185303,-34.145192114216066],[150.027900622210154,-34.144962859217273],[150.028008028221024,-34.144755826225357],[150.028198432216243,-34.144576698241018],[150.028395855208998,-34.144408955257354],[150.028572552205446,-34.144235662271832],[150.028749179202606,-34.144056651286256],[150.028960603191109,-34.143905957303971],[150.029221267162228,-34.143834971326584],[150.0295034171221,-34.14382676935157],[150.029759250074051,-34.143910394374849],[150.030028537026965,-34.143970991399144],[150.030297984978432,-34.144043044423547],[150.030527122926145,-34.144189866444904],[150.030729018874894,-34.144359824463983],[150.030924039824612,-34.144529854482471],[150.031098630775119,-34.144717229499264],[150.031204854731044,-34.144939546510237],[150.031159703708227,-34.145168926507829],[150.031003882706557,-34.145359205495311],[150.030813343712822,-34.14552689547957],[150.030643601714587,-34.145705853465756],[150.030564019696726,-34.145935538460286],[150.030615329659184,-34.146169786466466],[150.030714660616155,-34.146392174476823],[150.030868760568126,-34.146591176491896],[150.031144877520802,-34.14664599151677],[150.031397976499619,-34.146523551538365],[150.031567646498559,-34.146338875552139],[150.031716582501218,-34.146148649564026],[150.031956073480501,-34.146037773584503],[150.032218790431472,-34.146121327608398],[150.032454516381165,-34.146245192630182],[150.032567390338414,-34.146450289641606],[150.032563545309557,-34.146679302642859],[150.032476944294189,-34.146897594636691],[150.032569327252872,-34.147114317646384],[150.032764276203352,-34.147278610664827],[150.032952350154801,-34.147442965682657],[150.033133772105032,-34.147624559700013],[150.033246638062224,-34.147829647711454],[150.033304904022941,-34.148069560718277],[150.033204615008799,-34.148293705710941],[150.033055831004617,-34.148495378699138],[150.032900010002948,-34.148685657686642],[150.032868707977315,-34.148920640685482],[150.033036352929514,-34.149102350701625],[150.033312012886682,-34.149122824726227],[150.033544475868467,-34.149000555746007],[150.03378396684775,-34.148889679766491],[150.034009007835721,-34.14872740378533],[150.034192598831225,-34.148554048800406],[150.034383065825693,-34.148380621816102],[150.034580488818392,-34.148212877832464],[150.034770954812871,-34.14803945984815],[150.034926847813807,-34.147854899860711],[150.035061934819254,-34.147659062871334],[150.035106843844375,-34.147412516873608],[150.03515887086624,-34.147183081876641],[150.035210816888821,-34.146947901879614],[150.035269799908974,-34.146724123883295],[150.035363123924867,-34.146494313889974],[150.035456527939942,-34.146270230896718],[150.035556888953408,-34.146051812904105],[150.035636595969777,-34.145833574909666],[150.035688613991596,-34.145604140912688],[150.035761213011227,-34.145368780917501],[150.035896291016655,-34.145172952928121],[150.036170651986509,-34.145096104951932],[150.036452649947904,-34.145076437976819],[150.036735409901809,-34.145114024002169],[150.036991178854493,-34.145191894025409],[150.037240601802949,-34.145309905048364],[150.037387826755946,-34.145508961062816],[150.03748021871462,-34.145725675072519],[150.037469658685296,-34.14596619707325],[150.037327696680876,-34.14616209706201],[150.037171875679149,-34.1463523860495],[150.037029993673997,-34.146554004038308],[150.036888031669548,-34.146749895027064],[150.036780714657908,-34.146962656019014],[150.03672188463625,-34.147197881015444],[150.036793703597226,-34.147420494023351],[150.036920284553162,-34.147619746035978],[150.037128858503138,-34.147772466055542],[150.037405281452834,-34.147850166080609],[150.037687987407509,-34.147882006105924],[150.03796395236165,-34.14792535613072],[150.038253229318343,-34.147934249156449],[150.038542738272724,-34.147960307182331],[150.038824835233356,-34.147946359207268],[150.039113717193771,-34.147926629232764],[150.039388616158391,-34.147889840256909],[150.039663676121506,-34.147864499281141],[150.04021408204477,-34.147836719329803],[150.040495775009134,-34.147794149354503],[150.04077083497225,-34.147768808378743],[150.041053540926896,-34.147800648404065],[150.04128262487535,-34.147941732425359],[150.041429929827586,-34.148146506439872],[150.041570225782294,-34.148339896453663],[150.041852303742928,-34.148325930478613],[150.042049807734941,-34.148163896495014],[150.042184723741826,-34.147956612505546],[150.042278182756263,-34.147738249512322],[150.042447762755955,-34.147547826526058],[150.042665811745707,-34.14737987654425],[150.042814729748414,-34.14718964255615],[150.042949413757583,-34.146965182566539],[150.043042952771259,-34.146752538573367],[150.043171056778419,-34.146551036583347],[150.043389114768189,-34.146383086601524],[150.043628210751251,-34.146243561621795],[150.043895758721305,-34.146172485645046],[150.044170952682947,-34.146158600669388],[150.044393313630934,-34.14631118569018],[150.044465294590367,-34.146545245698192],[150.044378801574197,-34.146769273692072],[150.044285423559046,-34.146993365685333],[150.044205733542668,-34.147211612679776],[150.044229533509053,-34.147446102683517],[150.044410812460768,-34.147616230700777],[150.044686257420153,-34.147619502725256],[150.044932775396973,-34.147519983746456],[150.045144021386989,-34.147357815764082],[150.045467181343867,-34.147326306792557],[150.045742842301053,-34.147346744817163],[150.046011931256231,-34.147390148841353],[150.046267862207401,-34.147479456864701],[150.046387666163639,-34.147684472876747],[150.046273564152216,-34.147903033868147],[150.046027198173846,-34.148013999847052],[150.045794762192088,-34.148136295827264],[150.045583507202053,-34.148298454809634],[150.04545548419415,-34.148505684799694],[150.045424209168516,-34.148740676798553],[150.045502931128453,-34.148963235807095],[150.04562953808437,-34.149162469819714],[150.045742601040075,-34.149378995831242],[150.045964737990289,-34.149514405851917],[150.046186954939714,-34.149655534872622],[150.046395627888955,-34.149813964892253],[150.046590692838663,-34.149983958910738],[150.046696808796071,-34.150194827921631],[150.046727420762238,-34.150423535925931],[150.046640998745346,-34.150653292919856],[150.046506162737643,-34.150866304909357],[150.046294908747626,-34.151028481891743],[150.046048847766343,-34.151162350870813],[150.045823510781332,-34.151301750851779],[150.045584253799802,-34.151429819831428],[150.04533826381774,-34.151569397810547],[150.045119973830253,-34.151720181792221],[150.044915441840715,-34.151870849775122],[150.04473210184301,-34.152061397760171],[150.044604141834299,-34.152274346750275],[150.044538291815172,-34.152498187745984],[150.044562091781614,-34.152732686749722],[150.044661394739279,-34.152949337760049],[150.044842996688004,-34.153142359777512],[150.044976487642913,-34.153341530790748],[150.045096291599094,-34.153546546802794],[150.04525716855153,-34.153734029818388],[150.045466083498468,-34.15390962583816],[150.045688685444219,-34.154079385859092],[150.045890796391404,-34.154260772878288],[150.046085942340369,-34.154436493896839],[150.046274061291825,-34.154600831914678],[150.046428205243728,-34.154799814929746],[150.046534474199717,-34.155022130940722],[150.046585667163583,-34.155244931946818],[150.046561205137721,-34.155474132946239],[150.046467666124045,-34.155686777939394],[150.046374288108893,-34.155910877932669],[150.046329164086018,-34.156140258930243],[150.046284048063143,-34.156369647927839],[150.046355895024021,-34.156592269935764],[150.046516780976475,-34.156779742951343],[150.04672539992643,-34.156932444970927],[150.046886204879598,-34.157114207986467],[150.046985668835788,-34.157342297996877],[150.047036943798929,-34.15757082700302],[150.047074601762574,-34.157810928008026],[150.047001948743713,-34.158040559003183],[150.046949939721799,-34.158270011000141],[150.046891055700968,-34.158499516996514],[150.046762942693732,-34.158701019986545],[150.046655930679066,-34.158936683978666],[150.046521085671401,-34.159149695968182],[150.046344378674917,-34.159323014953692],[150.046174645676729,-34.159501990939859],[150.04601194067601,-34.15969235092674],[150.045932242659575,-34.159910597921176],[150.045969819623991,-34.160144980926141],[150.046117017577672,-34.160338298940545],[150.046345912528352,-34.160462198961731],[150.046588505477757,-34.16058025498409],[150.046858249426947,-34.160669438008654],[150.047100994374887,-34.160798941031103],[150.047343577324284,-34.160916998053459],[150.047626947272988,-34.160994608079164],[150.047909689227595,-34.161026439104475],[150.048172172181495,-34.161087063128207],[150.048441612133644,-34.161153352152596],[150.048738750080275,-34.161230845179517],[150.049008118033186,-34.161291406203844],[150.049291316983357,-34.161357579229453],[150.049567730933802,-34.161429524254501],[150.049843820887162,-34.161478575279354],[150.050112955842309,-34.161521970303554],[150.050348744791989,-34.161645799325342],[150.050489147745907,-34.161844917339188],[150.050561012706822,-34.162067529347127],[150.050605563669478,-34.162307559352747],[150.050601763640572,-34.162536581353997],[150.050632393606719,-34.162765298358302],[150.050704329566884,-34.162993639366277],[150.050817500521788,-34.163215884377863],[150.051012691470731,-34.163391605396427],[150.051180551421396,-34.16358473541267],[150.051293578377823,-34.163795533424157],[150.051344852340947,-34.1640240624303],[150.05127212732279,-34.164247975425411],[150.051164972309635,-34.164472192417435],[150.051078551292733,-34.164701949411359],[150.051012782272835,-34.164931526407109],[150.050988329246906,-34.165160728406519],[150.050984609217323,-34.165395477407827],[150.051029089180673,-34.165629788413398],[150.05112833813908,-34.16584071242368],[150.051255206092748,-34.166057112436455],[150.051416352042935,-34.166261752452186],[150.051549950997099,-34.166466652465473],[150.05169716695076,-34.166659970479877],[150.05187169590269,-34.166835880496592],[150.052073770850598,-34.167011530515765],[150.052282721797525,-34.167187108535543],[150.052450751746676,-34.167391703551885],[150.052598057699612,-34.167590750566347],[150.052724772654727,-34.167795703579017],[150.052741795621415,-34.168035984582197],[150.052738084591766,-34.16827072558349],[150.052775661556183,-34.168505098588454],[150.052964049505334,-34.168686602606456],[150.053213328455968,-34.168787411629282],[150.053455715407608,-34.168888284651516],[150.053671254356516,-34.169040923671709],[150.053832095309645,-34.169222669687258],[150.053837626303419,-34.169264925688054],[150.053862806275049,-34.169457105691606],[150.053859248243924,-34.169703293693004],[150.053855608213524,-34.169943762694352],[150.053844932185626,-34.170172846694982],[150.053792941163749,-34.170402288691967],[150.053761917135887,-34.170654455690951],[150.05377197510424,-34.170889070693477],[150.053788989070853,-34.171129359696657],[150.053847255032252,-34.171363543703457],[150.053919127993112,-34.171586155711388],[150.054073245945773,-34.171779419726406],[150.054240979897941,-34.171961101742575],[150.054415750847596,-34.172154168759441],[150.054556180801484,-34.172353277773283],[150.054669216757901,-34.172564074784795],[150.054761670716516,-34.1727807797945],[150.054861090673398,-34.173003149804863],[150.054939776634029,-34.173219979813368],[150.055039043592444,-34.173430902823654],[150.055275029540581,-34.17356617884554],[150.05555069949844,-34.17358087987013],[150.055818238469243,-34.173504048893363],[150.056008875462254,-34.173342051909167],[150.056185510459471,-34.173163004923616],[150.0564175344457,-34.173006358943141],[150.056650033427502,-34.172884053962939],[150.056917653397562,-34.172812951986216],[150.057139942346907,-34.172954072006938],[150.05717074231157,-34.173194227011336],[150.057222043274692,-34.173422755017477],[150.057382982227097,-34.173610219033073],[150.057680237172974,-34.173693423060051],[150.0579559871301,-34.173713843084698],[150.058231119093193,-34.173688466108956],[150.058512821058258,-34.173640132133649],[150.058780522027575,-34.173574758156967],[150.059054792998865,-34.173486418180723],[150.059301131977918,-34.173369706201797],[150.059533702958959,-34.173253121221641],[150.059744992948964,-34.17309092623929],[150.059914725947181,-34.172911933253125],[150.059973591968088,-34.172682419256766],[150.060011858991288,-34.172458812258604],[150.06003630401716,-34.172229602259193],[150.060185232019904,-34.17203935027112],[150.060467310981238,-34.172019639296018],[150.060716526932623,-34.172114711318827],[150.060891163883781,-34.172296330335598],[150.060942634845389,-34.172536297341829],[150.061000757808273,-34.17275902534854],[150.060976482780831,-34.172999682348063],[150.06094547675292,-34.17325184834705],[150.060921192725573,-34.173492504346562],[150.060938161692917,-34.173727065349695],[150.060982587657037,-34.173955648355225],[150.061061291617648,-34.17417247836373],[150.06118115757377,-34.174377484375803],[150.061287560528939,-34.174605511386837],[150.061380185486058,-34.174833662396651],[150.061465863444937,-34.175056149405798],[150.061517173408049,-34.175284668411955],[150.061589153368146,-34.175513008419927],[150.061736719318816,-34.175729211434536],[150.061890935270696,-34.175928185449621],[150.061942254233799,-34.176156704455757],[150.061862582217401,-34.176374960450197],[150.061720620212924,-34.176570886438938],[150.061557834212948,-34.176755535425762],[150.061353517221193,-34.176923395408771],[150.061128127236202,-34.177062821389718],[150.06059224230205,-34.177159247342779],[150.060316797341926,-34.177161730318325],[150.06004752738761,-34.177112625294072],[150.059771463433464,-34.177069320269247],[150.059488739478127,-34.177043243243951],[150.059249428496599,-34.177171339223584],[150.059273191463745,-34.177400109227271],[150.059372477422073,-34.177611023237567],[150.059485450379185,-34.177816093249014],[150.059625978332321,-34.178020920262917],[150.059752729287482,-34.178225873275601],[150.059774879276659,-34.178284775277973],[150.059835583247065,-34.178446217284488],[150.059925609211575,-34.178619661293695],[150.060009485176465,-34.17879758830238],[150.060048263158734,-34.178891100306458],[150.06018595011497,-34.179075176319969],[150.060364647072532,-34.179202142336734],[150.060620300037101,-34.179187441359339],[150.060850880012509,-34.17911659037933],[150.060951035000272,-34.179098160388108],[150.061217874960192,-34.179106873411868],[150.061359245907227,-34.179357928426171],[150.06119641489488,-34.179638734413651],[150.061088820890092,-34.179798177405203],[150.061001260878754,-34.179985883398722],[150.060999279860567,-34.180129576399551],[150.06100600282889,-34.180368152401797],[150.061038577800247,-34.180554111405989],[150.061084822775769,-34.180691780411053],[150.061223092734025,-34.180859442424492],[150.061415737685621,-34.18101682344269],[150.061471044671123,-34.181066762447962],[150.061654376622926,-34.18123341246541],[150.061800077585389,-34.181359580479224],[150.062024436527508,-34.181554762500511],[150.062185143487767,-34.181681298515663],[150.062346844440412,-34.181865714531305],[150.062393807396205,-34.1821561755375],[150.062435364366138,-34.182342581542478],[150.062525093329555,-34.182525267551732],[150.062778290274196,-34.182667903575201],[150.062991723231335,-34.18275866359479],[150.063218664182614,-34.182879830615811],[150.063418955128014,-34.183076751634971],[150.063448447099489,-34.183264950638893],[150.063460539086975,-34.183348799640541],[150.063415056069601,-34.183535197637795],[150.063405751036498,-34.183803471638825],[150.063400239005716,-34.184048699640044],[150.06341423198873,-34.184164765642095],[150.063480205956552,-34.184339949649171],[150.06360714590781,-34.184574689662078],[150.063766847853316,-34.18481693267794],[150.063866455818527,-34.184974394687885],[150.063918392792004,-34.185121466693516],[150.06392624576435,-34.185327664695642],[150.063895964756654,-34.185421840693614],[150.063844950741867,-34.185594451690271],[150.063682837732159,-34.185854433677676],[150.063575591717466,-34.186090276669781],[150.06356081069822,-34.186256585669618],[150.063585945665295,-34.186484019673429],[150.063693100623965,-34.186683566684337],[150.063722269594308,-34.186881016688297],[150.06366489156801,-34.187150456685067],[150.0634990845451,-34.18751683267287],[150.063305542523608,-34.187903610658374],[150.063165166502273,-34.188228922648136],[150.062980643479477,-34.188615682634449],[150.06285718246275,-34.188886081625334],[150.062782996443417,-34.189120409620379],[150.062763786419481,-34.189328266620109],[150.062806670383026,-34.189563077625543],[150.062859172358486,-34.189693961631122],[150.063028842272672,-34.190168138649497],[150.063125805228424,-34.190401927659728],[150.063185084183544,-34.190683424666943],[150.063203030169575,-34.19077180866914],[150.063342492109712,-34.191078601683671],[150.063385537073799,-34.191308787689088],[150.06351962002816,-34.191511060702403],[150.063873383930115,-34.191871367736326],[150.064216417838395,-34.19219460876905],[150.064460443772532,-34.192429608792381],[150.064810944672217,-34.192810900826167],[150.064894506635909,-34.192998078834876],[150.0650091385655,-34.19341514584795],[150.065132706515783,-34.193661135860644],[150.065360374447266,-34.193935101882772],[150.065410366424913,-34.194052027888027],[150.065521600353492,-34.194480595900878],[150.065625896324235,-34.194589562910906],[150.065979023223804,-34.194968828944909],[150.066044666168125,-34.195326867953234],[150.06591778116146,-34.195522883943326],[150.065630190183526,-34.195678032918835],[150.065125419255907,-34.195689085874051],[150.064741285312635,-34.195684522839898],[150.064335467358859,-34.195785905804541],[150.064022588379942,-34.195977465778078],[150.063869125367717,-34.196246923766303],[150.063820065348807,-34.196449437763349],[150.063878196310952,-34.196677670770093],[150.064048557249691,-34.196959972787184],[150.06435041916717,-34.197258859816081],[150.064538779103259,-34.197541125834775],[150.064745946039579,-34.197800705854988],[150.064996229973644,-34.198028910878811],[150.065111245937999,-34.198175175890036],[150.065117314915057,-34.198346602891768],[150.064987847899204,-34.198616634882143],[150.064642393915619,-34.198881493853278],[150.064567553893966,-34.199134779848386],[150.064642554849399,-34.199395819856854],[150.064745488792937,-34.199717707868245],[150.064813381745296,-34.200010982876293],[150.064703680733061,-34.200230564868079],[150.064375517766564,-34.200343062839693],[150.063905750830116,-34.200382737798236],[150.063479280891954,-34.200386403760369],[150.063097118933513,-34.20049761072719],[150.062903567934427,-34.200710549711459],[150.062865865911419,-34.200931851709655],[150.063053248844056,-34.201242346728449],[150.063205931786769,-34.201514501743901],[150.063346038706811,-34.20197616475955],[150.063439272638107,-34.202404301770805],[150.063537535565047,-34.202860326782691],[150.063594224522006,-34.203130187789604],[150.063686418471889,-34.203415250799772],[150.063780226427497,-34.203653585809761],[150.063832522391067,-34.203877057815951],[150.063637044385104,-34.204145501800447],[150.063222136421444,-34.204334621764893],[150.063074490407701,-34.204608837753675],[150.063148541359737,-34.204897630762261],[150.063292118314422,-34.205086250776318],[150.063597548244388,-34.205283370804828],[150.063786321204248,-34.205380944822281],[150.063961522160213,-34.205524028838838],[150.064017413114328,-34.20581700784583],[150.063878471098946,-34.206094584835412],[150.063875450098578,-34.206100626835187],[150.063364842150406,-34.20627819179105],[150.062820798216705,-34.206380887743421],[150.06257205624371,-34.206453620721831],[150.062132488306986,-34.206461595682825],[150.061620312397736,-34.206338212636474],[150.061226541464833,-34.206263952600985],[150.060901076508088,-34.206297807572298],[150.060249724570781,-34.206550685516191],[150.059911394568275,-34.206954571488929],[150.059636441568841,-34.207262768466634],[150.059521988562011,-34.207445640457742],[150.059464833536595,-34.20770814945449],[150.059491814499182,-34.207968040458674],[150.05958926142327,-34.208447200470658],[150.059555125390858,-34.208738026469646],[150.059506692374242,-34.2089220374666],[150.059389998359507,-34.209169217457955],[150.059217001366875,-34.209308568443554],[150.058907913401697,-34.209389107416655],[150.058433232470207,-34.209396229374548],[150.058042490507034,-34.209553954340926],[150.057717544529936,-34.209745214313394],[150.057481315534829,-34.209975630294004],[150.057416092529479,-34.210091273289009],[150.05727009451752,-34.210350158277841],[150.057199305488183,-34.210658624273684],[150.057307410427967,-34.211003799285677],[150.057508096363421,-34.211277102305402],[150.057729040304196,-34.211486107326479],[150.057881195267214,-34.211600865340792],[150.058085727216337,-34.211763634360089],[150.058234341166724,-34.211980151374796],[150.058271729121799,-34.212286583380234],[150.058323585061629,-34.212695213387669],[150.058266931015879,-34.213115119385542],[150.058119139979596,-34.213565241375548],[150.058071181964692,-34.213735375372465],[150.058095903919224,-34.214060479376911],[150.05828492785767,-34.214324255395525],[150.058583734786168,-34.214539752423562],[150.058849750731554,-34.214661880448048],[150.059217553657533,-34.21481884448179],[150.059530469591749,-34.214974498510685],[150.059746861538571,-34.215141723531062],[150.059856374505586,-34.215273969541713],[150.059938833465225,-34.215493523550563],[150.060006761395471,-34.215958086559816],[150.060126331353729,-34.216146590571739],[150.06014149731871,-34.216401577574857],[150.060077511291297,-34.216687040571152],[150.059945101265185,-34.217040323561847],[150.059716849254016,-34.217386667543963],[150.059320216266741,-34.217738226511159],[150.059040511272798,-34.218009264488195],[150.058954563278462,-34.218062751480922],[150.058487519307647,-34.21836679244155],[150.058083437316157,-34.21875982840838],[150.057947864282198,-34.219177840399233],[150.057864587252908,-34.219499886394068],[150.057639688253744,-34.219749098375814],[150.05734844626329,-34.220005965351724],[150.057234629258829,-34.220169887342756],[150.05695530022183,-34.220774707322136],[150.05665504019936,-34.221290596299035],[150.056399519180331,-34.221728867279388],[150.056183073166778,-34.222080116262596],[150.056019946164952,-34.222279885249492],[150.055699356159181,-34.222689292223855],[150.055416567154339,-34.223048197201216],[150.055183556148592,-34.223357389182667],[150.054849799162753,-34.223627120154887],[150.054425864189739,-34.22389930811913],[150.054038582213622,-34.224153873086493],[150.053796097240934,-34.224217470065405],[150.053333922290932,-34.224354491025295],[150.052683027355926,-34.224589270969126],[150.05211584840734,-34.22483486292046],[150.051709904431618,-34.225107481886297],[150.051506555420332,-34.225426642870453],[150.051485238366894,-34.225865912871598],[150.051459995321807,-34.22624490987198],[150.051446244295278,-34.226466785872304],[150.051404633236501,-34.226970838872091],[150.051488760157781,-34.227486714883149],[150.051673256080164,-34.22788000990225],[150.052104028944285,-34.228445895944425],[150.052206737909245,-34.228601133954626],[150.052659705785487,-34.229047655997952],[150.052990359693752,-34.229384298029636],[150.053229213609171,-34.229769640053533],[150.053180305568816,-34.230138803051737],[150.053092950525269,-34.230576477047016],[150.053042876502957,-34.230806753044156],[150.05292614646612,-34.2312256740367],[150.052709665452568,-34.231576919019922],[150.052453725454484,-34.231853151999104],[150.052206220464086,-34.232060129978542],[150.05172627849231,-34.232386534938193],[150.051246167519992,-34.232717547897842],[150.051004497528055,-34.23292930387786],[150.050611488531928,-34.23334619984584],[150.050319378538632,-34.233626189821841],[150.049979723554287,-34.23389113779352],[150.049847889530469,-34.234225896784125],[150.049849072490417,-34.234536094786378],[150.050006478427548,-34.2348454148025],[150.050191934375363,-34.235039681820318],[150.050420999322569,-34.235189173841697],[150.05094013923366,-34.235289622888494],[150.051727410119554,-34.235280801958346],[150.052410995037064,-34.235144487018083],[150.052900078974631,-34.23507292706104],[150.0533700778889,-34.235204599103703],[150.053944848797585,-34.235260085155126],[150.054242766763792,-34.235183918181065],[150.05460609574348,-34.234928786211555],[150.054964081726382,-34.234654542241444],[150.055368769697481,-34.234418924275765],[150.055883159636068,-34.234310926320717],[150.056481774540629,-34.234371603374292],[150.057146452413292,-34.234605149434955],[150.057637230312508,-34.234829884480092],[150.057935506216637,-34.235235172509398],[150.05823397014035,-34.235488162537678],[150.058322444099105,-34.235707859547055],[150.058347022053113,-34.236037132551516],[150.058396252005792,-34.23634847855805],[150.058568440950864,-34.236579452574944],[150.058889878870616,-34.236837148605275],[150.059047312807735,-34.237146467621407],[150.059160285764648,-34.237352871632879],[150.059457996711188,-34.23742945965985],[150.059843125657181,-34.237410921693943],[150.060070201641707,-34.237272867713152],[150.060333940623167,-34.237117172735509],[150.060661618587261,-34.237023185763974],[150.060998718540475,-34.237003499793779],[150.061296591487604,-34.237075462820734],[150.061511932430363,-34.237275053841259],[150.06164971738653,-34.237458904854762],[150.061786938337349,-34.237684867868523],[150.061807142297937,-34.237967743872282],[150.061699833272229,-34.238289218864963],[150.061537064249478,-34.238651030853013],[150.061436838248966,-34.238768987844928],[150.061180656253214,-34.23902671082395],[150.060950998259557,-34.239238780805017],[150.060756066255919,-34.239488713789434],[150.060686819254329,-34.239579643783919],[150.060422981228129,-34.240082997763963],[150.060286620210348,-34.240376002753891],[150.060181615170592,-34.240804004747517],[150.060133846134192,-34.241140798745597],[150.060101996087724,-34.241538153745523],[150.060089876066854,-34.241713775745666],[150.060130679011792,-34.242094824751938],[150.060011358987879,-34.242416012743561],[150.059700109993287,-34.242727958718071],[150.059252395025055,-34.242990342680116],[150.058670157090063,-34.243147651629485],[150.058137068151837,-34.243273721582995],[150.057650234200196,-34.243451827540987],[150.057381313200466,-34.243755535519199],[150.057248574176725,-34.244090742509734],[150.057271853126139,-34.24445701951435],[150.057399454068303,-34.244760987527776],[150.05762534600413,-34.245002511549515],[150.057771073966222,-34.245131001563358],[150.058016211900366,-34.24536373358675],[150.058106299864846,-34.245537177595942],[150.058162987821788,-34.245807037602859],[150.058199372795428,-34.245969948607211],[150.058243555752398,-34.246253856613102],[150.058231149708348,-34.246610013614465],[150.058040422697502,-34.246910969599611],[150.057735952704917,-34.247199933574564],[150.057378262723205,-34.247464460544613],[150.057097277747346,-34.24759659052058],[150.056656526807274,-34.247632294481676],[150.056151738903026,-34.247462767435657],[150.055777240972759,-34.247347285401609],[150.05532261504672,-34.247290068360833],[150.054848841119366,-34.247264781318577],[150.054456550170244,-34.24731552728408],[150.054182369196383,-34.24742467326049],[150.053989168199053,-34.247623709244706],[150.053962447170846,-34.247873051244063],[150.053950955152288,-34.248030172244128],[150.053978411116532,-34.248276646248272],[150.053966453099918,-34.248419271248196],[150.053740552099072,-34.248682822229959],[150.053737504099018,-34.248686363229723],[150.053680332060623,-34.249049610227146],[150.053569573024845,-34.249453366220116],[150.053294486031064,-34.249717687197517],[150.053058769043105,-34.249892646177791],[150.052947741028674,-34.250130819169591],[150.053315757950372,-34.250320300203576],[150.054388656738809,-34.250742493301793],[150.054731645661064,-34.250956463333743],[150.054859507635655,-34.251008194345452],[150.054904865622149,-34.251061565349836],[150.054961249607402,-34.2511119613552],[150.05502555659217,-34.251157202361227],[150.055094678577149,-34.251195101367635],[150.055165529563084,-34.25122349937412],[150.055228994551868,-34.251238747379865],[150.055296278540965,-34.251246572385895],[150.05536574853042,-34.251249387392086],[150.055435793520132,-34.25124960239831],[150.055504780510006,-34.251249602404435],[150.055575506499849,-34.251248141410713],[150.05564626749009,-34.251243506416955],[150.055717038480481,-34.251237527423193],[150.055787854470822,-34.251232023429459],[150.055858696460888,-34.251228832435721],[150.055954915446932,-34.251227693444278],[150.056051368432719,-34.251228348452834],[150.056147793418234,-34.251231117461423],[150.056243932403476,-34.251236325469982],[150.056339542388457,-34.251244285478535],[150.056419268375635,-34.251253070485674],[150.05649886836261,-34.251263611492824],[150.05657814534942,-34.251275946499952],[150.056656912336052,-34.251290091507045],[150.056734979322584,-34.251306074514098],[150.056827219306314,-34.251327282522432],[150.056919010289818,-34.25135091153075],[150.057009806273129,-34.251377193539],[150.057099061256309,-34.251406398547125],[150.057186217239348,-34.251438776555098],[150.057295004217679,-34.251483434565067],[150.057403074195548,-34.251532288575007],[150.05750737017334,-34.251586224584635],[150.057604853151361,-34.25164613059372],[150.057692476129915,-34.251712876601957],[150.057740514117313,-34.251756028606529],[150.057786643104691,-34.251801422610932],[150.057829715092311,-34.251848913615092],[150.057868556080223,-34.251898314618877],[150.057902045068715,-34.25194945362221],[150.057929654057517,-34.252005039625054],[150.057950854046908,-34.252063331627333],[150.057967814036687,-34.252123282629263],[150.057982739026698,-34.25218381663101],[150.057997799016789,-34.252243893632766],[150.058013253006095,-34.252309402634587],[150.058025998995703,-34.252375412636184],[150.05803773298544,-34.252441602637681],[150.058050120975111,-34.252507685639245],[150.058064857964496,-34.252573364640995],[150.058081414953847,-34.252637438642914],[150.058098956943013,-34.252701396644923],[150.058117772932064,-34.252765121647023],[150.058138138920896,-34.25282846164928],[150.058160351909549,-34.252891289651693],[150.058182142898943,-34.252948748654013],[150.058205081888218,-34.253006010656435],[150.058229544877321,-34.253062842659013],[150.058255898866207,-34.253118983661743],[150.058284529854916,-34.253174201664663],[150.058316127843057,-34.253230495667864],[150.058349598830944,-34.253286341671227],[150.058385356818633,-34.253341191674785],[150.058423829806117,-34.253394518678576],[150.058465422793432,-34.253445801682624],[150.058515360779211,-34.253499387687441],[150.05856948576465,-34.2535506616926],[150.058626666749944,-34.25360001769802],[150.058685757735134,-34.2536478857036],[150.05874560972029,-34.25369466770924],[150.058810975704688,-34.253741639715365],[150.058879397688969,-34.253785894721744],[150.058948841673214,-34.253829243728212],[150.059017272657485,-34.253873490734605],[150.059082637641836,-34.253920470740745],[150.059143090627003,-34.253967020746437],[150.059203364612074,-34.254014412752106],[150.059261442597233,-34.254063418757617],[150.059315279582734,-34.254114800762764],[150.059362824568751,-34.254169327767343],[150.05941363255107,-34.254248686772421],[150.059452419534324,-34.254334641776452],[150.059483713518148,-34.254424523779861],[150.059512030502276,-34.254515660783007],[150.059541898486316,-34.254605389786285],[150.059567894472849,-34.2546804187891],[150.059592096459568,-34.254755903791782],[150.059615618446401,-34.254831550794393],[150.059639561433158,-34.254907099797045],[150.059665036419744,-34.25498228079983],[150.059692654405836,-34.255058787802824],[150.059721115391824,-34.255135115805864],[150.059750391377719,-34.255211220808988],[150.059780483363511,-34.255287118812205],[150.059811391349257,-34.255362756815472],[150.059815434346632,-34.255378487815932],[150.059819468344017,-34.255394210816405],[150.059823493341412,-34.255409942816854],[150.059831515336185,-34.255441405817812],[150.059842003329464,-34.255481546819006],[150.059852724322724,-34.255521633820251],[150.059863230316012,-34.255561765821462],[150.059873072309443,-34.255601995822609],[150.059881794302953,-34.255642369823669],[150.059893035292589,-34.255709948825135],[150.059901058282605,-34.25577798582632],[150.059907288272939,-34.255846255827336],[150.059913132263262,-34.255914578828325],[150.059920017253461,-34.255982776829413],[150.05992967124169,-34.256063075830824],[150.05993975622988,-34.256143348832282],[150.059949813218083,-34.25622362083373],[150.059959405206286,-34.256303929835127],[150.059968064194692,-34.256384300836466],[150.0599746431852,-34.256450561837497],[150.059980963175747,-34.256516841838518],[150.059986772166326,-34.256583166839505],[150.059991827157035,-34.256649517840401],[150.059995879147891,-34.256715886841228],[150.059997833138823,-34.256783932841877],[150.059997761130063,-34.256852058842327],[150.059997385121335,-34.256920193842781],[150.059998416112421,-34.256988221843336],[150.060002602103054,-34.257056060844185],[150.060009442094128,-34.257117401845207],[150.060018208084983,-34.257178643846423],[150.060028472075601,-34.257239777847751],[150.060039785066124,-34.257300786849186],[150.060051707056516,-34.257361669850667],[150.060064687046918,-34.257421217852219],[150.060079208037138,-34.257480559853924],[150.060094277027275,-34.257539828855684],[150.060108852017521,-34.257599170857389],[150.060121922007909,-34.257658709858958],[150.060132616000487,-34.257704165860218],[150.060144689992853,-34.257749872861616],[150.060155356985405,-34.25779555386287],[150.060161855978606,-34.257840937863769],[150.060161407972885,-34.257885757864031],[150.060158628970783,-34.257905048863925],[150.06015472096891,-34.257924267863707],[150.060149996967141,-34.257943432863428],[150.060144761965432,-34.257962525863093],[150.060139329963761,-34.257981511862738],[150.06012501395989,-34.258027998861785],[150.060108439956338,-34.258074324860637],[150.060089310953288,-34.258119995859246],[150.060067357950743,-34.258164555857611],[150.060042294948886,-34.258207502855683],[150.060001974947824,-34.258261483852479],[150.059954330948273,-34.258312264848598],[150.059902402949547,-34.258361162844324],[150.059849254951132,-34.258409487839927],[150.059797944952322,-34.258458538835718],[150.059759426953065,-34.258496456832553],[150.059720253954026,-34.258533970829333],[150.059681233954876,-34.258571556826134],[150.059643145955533,-34.25860971682301],[150.05960676995582,-34.258648924820051],[150.059575745955556,-34.258686340817547],[150.059546531954851,-34.258724867815218],[150.059517927954033,-34.258763753812957],[150.059488696953395,-34.258802262810619],[150.059457609953114,-34.258839642808113],[150.059415998953369,-34.258884785804746],[150.059372505954087,-34.258928852801176],[150.059327523955091,-34.258971978797483],[150.059281439956408,-34.259014297793669],[150.059234638957889,-34.259055943789811],[150.059197895959102,-34.259088250786775],[150.059160775960436,-34.259120376783692],[150.059122965961848,-34.259151894780551],[150.059084097963648,-34.259182380777311],[150.059043858965822,-34.25921145177395],[150.05900274096831,-34.259238746770471],[150.058960394971137,-34.259264975766889],[150.058916982974267,-34.259290047763209],[150.058872637977686,-34.259313882759429],[150.058827512981395,-34.259336400755593],[150.058566400996256,-34.259518163733638],[150.058215246022911,-34.259710423703794],[150.057495088097824,-34.25994788864147],[150.057065974097895,-34.260435431606723],[150.056807587051878,-34.261086512588278],[150.056594727944088,-34.262165175576826],[150.056739047853284,-34.262705515593396],[150.057027078736496,-34.263284426622995],[150.057408200637468,-34.263619723659168],[150.057771134518475,-34.264130195694939],[150.057846683451544,-34.264563514704662],[150.057873046388778,-34.265020739710152],[150.057983079310247,-34.265505063723289],[150.058264180235824,-34.265762688750044],[150.058404566198021,-34.265896520763448],[150.058563927160606,-34.266005710778352],[150.058814847090673,-34.266262617802411],[150.059021575020324,-34.266573649822945],[150.059236189933216,-34.267005292844992],[150.059256744926927,-34.267030884846989],[150.059186789933477,-34.267059640840976],[150.058996197964575,-34.267035133823882],[150.053971507784325,-34.266388737373092],[150.053755771819539,-34.266360976353738],[150.053226179511171,-34.26935620132744],[150.050485342954602,-34.269033107081803],[150.049723153522848,-34.273251297043316],[150.041499952854934,-34.272270063306472],[150.036513449662692,-34.271674769859771],[150.036439837626233,-34.27204194385579],[150.032103385338672,-34.271446505466855],[150.027202579143932,-34.270773305027426],[150.023620284732516,-34.270281229706271],[150.023404575767927,-34.270251595686929],[150.022128220977692,-34.270076206572519],[150.022485059165945,-34.268206364591222],[150.022536682193163,-34.267935894593933],[150.023594396751321,-34.262393015649366],[150.023486407768928,-34.262378825639686],[150.023378794786538,-34.26236466263002],[150.001185967376784,-34.25974285464455],[149.997387741993492,-34.259276753304825],[149.997280551010846,-34.259263737295235],[149.997171764028508,-34.259250533285503],[149.997981087496527,-34.254684809325575],[149.997618350583195,-34.254423867291649],[149.997315144638037,-34.254343344264228],[149.996715427734102,-34.254279645210666],[149.996122361813747,-34.254336181158521],[149.995494649887434,-34.254478565103902],[149.995191443942218,-34.254398032076473],[149.994929884009309,-34.254174426051769],[149.994854524050481,-34.253939578043479],[149.994979105062384,-34.253704982052874],[149.995262206047329,-34.253499205076523],[149.995379876060241,-34.253264599085334],[149.995062927119989,-34.253161155056532],[149.994786971148699,-34.253252435032721],[149.994227879191754,-34.2535552019853],[149.993958807219457,-34.25364648296209],[149.993545057276464,-34.253674602925642],[149.992979447343998,-34.253794145876377],[149.992696733384037,-34.253805242851413],[149.992421027429629,-34.25376482482671],[149.992345954443891,-34.253739366819886],[149.99149664294896,-34.258561559778052],[149.989662349880092,-34.268974551687684],[149.988793547373888,-34.273905885644886],[149.989732655222525,-34.274012036728784],[149.989735398222052,-34.274012349729034],[149.989736034222119,-34.274011175729072],[149.989867894200756,-34.274026808740871],[149.989961182185652,-34.2740378617492],[149.99010522416242,-34.274054139762065],[149.990090603153135,-34.274143295761398],[149.990075777143716,-34.274233723760695],[149.989914629040584,-34.275219859753264],[149.989647449869693,-34.27685475674091],[149.98951102778247,-34.277689473734604],[149.988965830433699,-34.281025428709412],[149.988645584228891,-34.282984865694608],[149.988636638223142,-34.283039554694199],[149.989054807155924,-34.283084965731533],[149.989020107138032,-34.283264093729706],[149.988763047179333,-34.283236170706743],[149.988641613098167,-34.284006373701331],[149.988616065077679,-34.284194841700376],[149.988615841077518,-34.28419643670037],[149.988210830753104,-34.287182742685168],[149.987869768479953,-34.289697533672346],[149.98568245883294,-34.289448908476949],[149.985677869833694,-34.289448415476535],[149.985599882776711,-34.28998066047334],[149.985815770741482,-34.290008215492627],[149.985340851418243,-34.293065570471732],[149.985320942404655,-34.293193728470861],[149.9858703262544,-34.29373553952324],[149.986088528152806,-34.294276425546308],[149.986877079981838,-34.294705935619106],[149.986951274938718,-34.294956846627414],[149.988465031571337,-34.296085932769266],[149.988547581477263,-34.29672334378099],[149.988647224450744,-34.296815555790438],[149.988766454419078,-34.296925893801763],[149.988656045436585,-34.296915710791914],[149.988499641461402,-34.296901278777973],[149.988260707499336,-34.296879235756663],[149.988107907413536,-34.29772096274894],[149.98789220744888,-34.297692600729654],[149.980372906680032,-34.296703378057089],[149.9788249079335,-34.296499671918639],[149.974626619620949,-34.295947076543236],[149.974561155631619,-34.2959384625374],[149.974555176599807,-34.296193254538636],[149.974590225570864,-34.296378414543],[149.974680232530432,-34.296590089552438],[149.974863958450243,-34.297004172571555],[149.97517902434538,-34.297460448602585],[149.975290096299688,-34.297688877614021],[149.975286771268316,-34.297936803615428],[149.975159680252489,-34.298205274606033],[149.974464533257617,-34.298959844549735],[149.974433679236427,-34.299159983548385],[149.974564051183648,-34.299421920561741],[149.974879421104504,-34.299677412591421],[149.975044161058378,-34.299848005607188],[149.975169953018053,-34.300017882619485],[149.975160523006167,-34.300121425619366],[149.975026511014079,-34.300212956608135],[149.97489936602895,-34.30024250159709],[149.97435378410654,-34.30026216854894],[149.973812916184556,-34.300273076501156],[149.973515438223984,-34.300306207475053],[149.972782338206628,-34.301279166416919],[149.972676097196086,-34.30148281040892],[149.972618683169145,-34.301757941405747],[149.972534842101794,-34.302377908402619],[149.972533579101594,-34.302380956402523],[149.972356648073003,-34.302805794389805],[149.972307839041463,-34.303107074387569],[149.972408494964583,-34.303590367399821],[149.972417055932141,-34.303833031402263],[149.972291873889475,-34.304308113394463],[149.971940584850017,-34.305016948368284],[149.971794758845647,-34.305217400356753],[149.971648619841318,-34.305418283345226],[149.971424833834647,-34.30572591732755],[149.971406430834122,-34.305751213326104],[149.971348281828597,-34.305860681321711],[149.971299114823921,-34.305953243317994],[149.971272294821347,-34.306003738315965],[149.970997835767207,-34.306739008296766],[149.970980383709019,-34.307211481298481],[149.971206374614127,-34.307691727321817],[149.971607261497724,-34.308139425360373],[149.971757892443918,-34.308385943375413],[149.971615311435102,-34.308617662364391],[149.970761726535528,-34.30881186529021],[149.970459783581532,-34.308799109263411],[149.969582121680986,-34.309028577187334],[149.9684591337641,-34.309665726092376],[149.967637280832292,-34.310074608022504],[149.966809448880866,-34.310643263953189],[149.96657943388081,-34.310906472934668],[149.96581150889682,-34.311660074871945],[149.965185652891478,-34.312417547821802],[149.964636269844704,-34.313409645780077],[149.964368587820843,-34.313901866759792],[149.964185525784899,-34.314391129746987],[149.964052975737872,-34.314908378738849],[149.964045015707825,-34.315151445739808],[149.964329003605485,-34.315622996768205],[149.965039085411632,-34.316319794835827],[149.965240039323362,-34.316776931856772],[149.965614895149145,-34.317703717896343],[149.96587412508066,-34.317940304920896],[149.96615327202889,-34.318023929946165],[149.966730381942398,-34.318037331997317],[149.967280626869439,-34.317975607045582],[149.967555022831704,-34.31795525906972],[149.968408599703565,-34.317976558145375],[149.969289399564417,-34.318051973223824],[149.969845139466628,-34.318177272273871],[149.970096435400222,-34.318406732297703],[149.970446820290903,-34.318856581331794],[149.970480659254804,-34.319098635336459],[149.970421631233933,-34.31932832833283],[149.970120236217582,-34.319800380309431],[149.969851272200742,-34.320238836288667],[149.969242952162688,-34.32123050524168],[149.968816196164369,-34.321705597207213],[149.96853983717736,-34.321920482184247],[149.968330162178205,-34.322153824167309],[149.968060284194735,-34.322333847144684],[149.968002377173605,-34.322564428141156],[149.968153914092284,-34.323023672157746],[149.968285497990394,-34.323666006173823],[149.968326894893494,-34.324372620182366],[149.96830416285934,-34.324664434182367],[149.968178559846166,-34.324910344172963],[149.967953009818928,-34.325380560156262],[149.967919296794292,-34.325610558154878],[149.968069434742432,-34.32584247516975],[149.968319413676966,-34.326065589193398],[149.969159858510608,-34.32639854827007],[149.969444778465174,-34.326426328295469],[149.969714441449497,-34.326239921318049],[149.970156122447463,-34.325750756353735],[149.970426018430885,-34.325570732376377],[149.970720206382367,-34.325611976402691],[149.971003289315803,-34.325805975429098],[149.971112166267972,-34.32605350744042],[149.971103750239735,-34.32628288644127],[149.970694322175632,-34.327249699411723],[149.970644475091831,-34.327958527412214],[149.970669046058845,-34.328187100415967],[149.970819811976583,-34.328654573432537],[149.970944437929148,-34.328880726445142],[149.971239263854244,-34.329126483472919],[149.97137573182215,-34.329219951485626],[149.971664721765308,-34.32933162451198],[149.972225659680134,-34.329352699561774],[149.972522904648145,-34.32926147258744],[149.973051697624669,-34.328839582631318],[149.973269037622856,-34.328605128648924],[149.973539668603507,-34.328446071671777],[149.973815678563824,-34.328439366696152],[149.97402389450437,-34.328663475716134],[149.97394830242601,-34.329359234714254],[149.973873301405575,-34.329603924709303],[149.973640329346352,-34.330330896693717],[149.973690429308846,-34.33056524269977],[149.974065312195137,-34.331020873736087],[149.974632293059102,-34.331430743789106],[149.975193769939892,-34.331715655840753],[149.975477094872474,-34.331916027867223],[149.97616510768205,-34.332610109932922],[149.976459699614594,-34.332797869960281],[149.977497747347229,-34.333689815058321],[149.977824682241277,-34.334139745090368],[149.978506223058304,-34.334783055155143],[149.979280315857636,-34.335458133228329],[149.97991814767542,-34.336145742289531],[149.980184987573182,-34.336635400316553],[149.980345263491955,-34.33708371533384],[149.980289884463474,-34.337368349330887],[149.980173728451149,-34.337596823322194],[149.97995462245359,-34.337828273304382],[149.9791529125132,-34.338281582236547],[149.978903928519941,-34.338513758216131],[149.97882142450274,-34.3387418822104],[149.978836242471544,-34.338967631213272],[149.978973157422701,-34.339190404226933],[149.979251731359994,-34.339359402252761],[149.979803975253077,-34.33955930730302],[149.980361686153373,-34.339696689353325],[149.980949508048582,-34.339839019406362],[149.981529055922351,-34.340158029459857],[149.982357003763582,-34.340445477535155],[149.982642846701367,-34.340602239561541],[149.982936704630475,-34.340816927589046],[149.983104599576421,-34.341045320605488],[149.983265368490265,-34.341531186623087],[149.983184101440514,-34.342010902619208],[149.98318016637154,-34.342551116622573],[149.983097895353495,-34.342785605616925],[149.983198283275158,-34.343279323629218],[149.983753843103102,-34.343981669683252],[149.984109685993673,-34.344425207717833],[149.984411332927607,-34.344593631745695],[149.984687037875801,-34.344681173770724],[149.985029040821701,-34.344710396801204],[149.985609134746255,-34.344633861852046],[149.985893534717462,-34.344532649876513],[149.986434591680791,-34.344199063922119],[149.986917139672784,-34.34370954096147],[149.987810596623376,-34.343072479036167],[149.988107491600061,-34.342914256061377],[149.988249122589366,-34.342835669073381],[149.989080558483863,-34.342705189146102],[149.989359077440838,-34.342721432170876],[149.990527576220614,-34.34309692327696],[149.991057554086382,-34.343534132326923],[149.991261027025928,-34.343771427346582],[149.991716702869724,-34.34446403839172],[149.991975752801181,-34.344700382416306],[149.992645478645386,-34.345145479478681],[149.993209572534454,-34.345362631530165],[149.994398330287567,-34.345922019639318],[149.99497534117927,-34.346104059691676],[149.995596644054132,-34.346365897748527],[149.996171592953601,-34.346490137800323],[149.996451851905789,-34.346541115825509],[149.997004462838191,-34.346434955873725],[149.997278159815124,-34.346301651897051],[149.997562595800929,-34.346086793920769],[149.998397598726825,-34.345708379992125],[149.998950702659073,-34.345602605040391],[149.999810930541202,-34.345535392116147],[150.000383423449932,-34.345590530167257],[150.000664426397577,-34.345676252192732],[150.000882923353856,-34.345765757212725],[150.001186793292021,-34.345899159240567],[150.001428686242747,-34.346005346262729],[150.001605420199269,-34.346140837279329],[150.001756830152772,-34.346329134294038],[150.001884334107956,-34.346531424306747],[150.001982051065738,-34.346747554316885],[150.002020731030541,-34.346976817321909],[150.001965791009354,-34.347203785318612],[150.001859047999119,-34.347405188310539],[150.001597228016095,-34.34757250928849],[150.001186813044285,-34.347822380253859],[150.000663891080222,-34.348140745209726],[150.000505739090443,-34.348241975196416],[149.999686414154837,-34.348677455126818],[149.99913781020561,-34.348910115079825],[149.998865852223901,-34.349078566056889],[149.99860998523107,-34.349315386035862],[149.998064581220405,-34.350021182992428],[149.997872475188615,-34.350487372978606],[149.99783920916218,-34.350730870977365],[149.997921042055225,-34.35146739698969],[149.998148888952613,-34.352004187013591],[149.998513633839138,-34.352468459049099],[149.999997109488817,-34.353493786187627],[150.000309271421571,-34.35365923421643],[150.000857696313005,-34.353875830266524],[150.001186871265475,-34.353868641295641],[150.001374711238412,-34.353864159312252],[150.002484954078483,-34.353837500410449],[150.003023375018842,-34.3536855424571],[150.003738753958885,-34.353333875518068],[150.004623004891698,-34.352845490593047],[150.005157292838987,-34.352644831639019],[150.005650096790589,-34.352457734681408],[150.006042539754105,-34.352292465715038],[150.006411577721195,-34.352126622746596],[150.00673346469415,-34.351969340774033],[150.007089935659963,-34.35182747580464],[150.00745483161262,-34.351778110836648],[150.008024367533949,-34.351738615886852],[150.008414210467208,-34.351811295921912],[150.008815564376874,-34.352054281959163],[150.009284568288223,-34.352206625001799],[150.009887306176381,-34.352386523056467],[150.010171455103034,-34.352631499083323],[150.010250948039754,-34.353031768093153],[150.01036704189147,-34.354049862110458],[150.01057837679835,-34.354531076132538],[150.010690220720193,-34.355009860145749],[150.010036585697605,-34.355931412094179],[150.009433050700636,-34.35659673804529],[150.008610623812984,-34.35666405797285],[150.007498436894394,-34.357302356878691],[150.006393976960226,-34.358052544785984],[150.005958085973134,-34.358449918750097],[150.005838765961698,-34.358675308741084],[150.005893769877048,-34.359269280750055],[150.006502683701655,-34.359935124808615],[150.007200279537329,-34.360413675873758],[150.008408194215491,-34.361531350988535],[150.009669533909431,-34.362465729106795],[150.010275938767535,-34.362874029163365],[150.010651699672877,-34.363179531198789],[150.011259842536987,-34.363539291255186],[150.011878142393954,-34.363943011312784],[150.012396951244568,-34.36450946336268],[150.012880648121751,-34.364909893408331],[150.013327171018318,-34.365202549449933],[150.013819167924311,-34.365370005494718],[150.014874218707433,-34.365847534591552],[150.015002287664402,-34.366035249604209],[150.015220901596422,-34.366312612625507],[150.015640935485663,-34.366692048665357],[150.01631506334553,-34.367009678727335],[150.017067867224199,-34.367091196794647],[150.018174613038411,-34.367268772894008],[150.018801114924543,-34.367436506950718],[150.018938783914109,-34.367360267962404],[150.019332310881254,-34.367165838995952],[150.019686082858783,-34.366936441025736],[150.020029510842846,-34.366667925054351],[150.020315264860017,-34.366208547076504],[150.020722551853936,-34.365790987109747],[150.021202482845695,-34.365307200148962],[150.021906889789932,-34.364935741208875],[150.022954025651984,-34.364810648300882],[150.02353431856784,-34.364800482352287],[150.024120822462805,-34.364945913405315],[150.024541556375738,-34.365140745443973],[150.024814428305291,-34.365375691469794],[150.025058715241585,-34.365590504492957],[150.025363105153275,-34.36592824052228],[150.025650786070514,-34.366241280549964],[150.025967394982189,-34.366564728580272],[150.026483872866976,-34.3668687506282],[150.027133751748607,-34.367044856687066],[150.027947322626289,-34.367064630759373],[150.028484076560659,-34.366961087806281],[150.028943705502883,-34.366884812846521],[150.029343919472154,-34.366666225880529],[150.029680929476655,-34.366246934907522],[150.029733529532677,-34.36575272290878],[150.02971090360316,-34.365232399903178],[150.029728051663227,-34.36474704490135],[150.029586509723373,-34.364442420886682],[150.029565668735898,-34.364369059884325],[150.029442736775678,-34.364200913872253],[150.029154866857795,-34.363892740844591],[150.028909692939777,-34.363537031820378],[150.028853695000208,-34.363132478812631],[150.02878013606329,-34.362727503803299],[150.028703144114331,-34.36241959979435],[150.028567976175367,-34.362100561780146],[150.028488080216221,-34.361875162771497],[150.028403504283432,-34.361450493761055],[150.028162104378623,-34.360987996736441],[150.027945139495188,-34.360331797712668],[150.0280041135521,-34.359823171714382],[150.028575862545182,-34.359224995760975],[150.029354885473225,-34.358894160827802],[150.029841306423947,-34.35872137986977],[150.030126164395568,-34.358616572894306],[150.030548555357143,-34.35843252393051],[150.031208797296756,-34.35814736998713],[150.031821028239278,-34.357895051039691],[150.032679364167336,-34.357473824112951],[150.033183660116606,-34.357291756156442],[150.033403474095479,-34.357204796175338],[150.033540292083131,-34.357144953187074],[150.033625306081603,-34.357059580194019],[150.033761971068571,-34.357004603205766],[150.034055236048346,-34.356827116230576],[150.034319763034318,-34.356634363252716],[150.034633152020433,-34.356384510278779],[150.034962685127624,-34.355178065299697],[150.035413421103129,-34.354853801337455],[150.035758632093888,-34.354531850365873],[150.036555485020557,-34.354191684434234],[150.037353826902915,-34.354193234505097],[150.037852331791299,-34.35449008555139],[150.038324778654498,-34.355011771596928],[150.038497478596582,-34.355263704614003],[150.038824440501685,-34.355626234645527],[150.039229613359993,-34.356262686685881],[150.039094293313269,-34.356779182677435],[150.03873963331074,-34.357202937648886],[150.038606151291901,-34.357500882639087],[150.038565051276152,-34.357669907636613],[150.038551157248776,-34.357897888636955],[150.038562918225665,-34.358063336639141],[150.038677783178969,-34.358294428650943],[150.038882709105536,-34.358629717671448],[150.039481681958506,-34.359086270727772],[150.040102357801914,-34.359591928786351],[150.040763155636199,-34.36012282984867],[150.041060150564618,-34.360338897876531],[150.041595740452152,-34.360599596925873],[150.042299359308174,-34.360912932990495],[150.042888785213364,-34.360975770043254],[150.043369049142456,-34.36097766108589],[150.04374015809546,-34.360918624118433],[150.044028816059011,-34.360872163143739],[150.044278911037082,-34.360756770165153],[150.044818945004891,-34.360390913210566],[150.04527018298225,-34.360052056248286],[150.045642420960803,-34.359793875279557],[150.046161318918564,-34.359529517323786],[150.046600894876377,-34.35935554436162],[150.046938074838891,-34.359261664390914],[150.047091429820227,-34.359231365404312],[150.047429291785136,-34.359118078433539],[150.047571119768861,-34.359082644445884],[150.047666128759602,-34.359046061454052],[150.048140977712734,-34.358868081494983],[150.048723223657248,-34.35863438154508],[150.049110109622973,-34.358459125578221],[150.04954814357535,-34.358328815616211],[150.049898724542146,-34.35818668264637],[150.050087129539548,-34.357992065661762],[150.050210249564941,-34.357654992670355],[150.050099426626133,-34.357307413658113],[150.049855373712347,-34.356917767633767],[150.049687898788903,-34.35651539261611],[150.049891927798427,-34.356209415632108],[150.050756996686033,-34.35609426370813],[150.052022362435736,-34.356591108823935],[150.053294522166283,-34.357228994941316],[150.054903171856921,-34.357792380088092],[150.055703180708491,-34.358030239160797],[150.056328051609626,-34.358084139216665],[150.056907724545141,-34.357923217267036],[150.05740258152602,-34.357507637308125],[150.057949365517942,-34.35694757535282],[150.058598142460653,-34.35665228340843],[150.05936525336864,-34.356490993475461],[150.060373424179602,-34.356806695567208],[150.060865887065461,-34.357129434613192],[150.06108540697852,-34.357552472635611],[150.06148161584747,-34.358115777674712],[150.061925494712398,-34.358655938717874],[150.06226970263495,-34.358863382749895],[150.062608478581581,-34.358890946780193],[150.062939455543784,-34.358806595809007],[150.063385700503744,-34.358608427847301],[150.063768238475802,-34.358389302879758],[150.064219547453831,-34.358045515917496],[150.064614473426502,-34.357807252950941],[150.065007767415125,-34.357447500983398],[150.06535907540632,-34.357115887012327],[150.065859983408899,-34.356525545052762],[150.066485177354565,-34.356234502106311],[150.066913082292842,-34.356225332144263],[150.067262374233479,-34.356287147175742],[150.067837450152751,-34.356257216226645],[150.068395146075289,-34.35622200527596],[150.070656753679771,-34.356708533480322],[150.071543311535351,-34.356817212559882],[150.072418000392105,-34.356930444638422],[150.073148683322529,-34.356637034701336],[150.073881956283969,-34.356100790762824],[150.074127201288604,-34.355786047782445],[150.074478581323774,-34.355114366809033],[150.074757916384755,-34.354324369828419],[150.07453050855267,-34.353284224801008],[150.074816028679265,-34.351979453817378],[150.07520826494752,-34.349457927834806],[150.075969406920308,-34.348802480897952],[150.076113924915148,-34.348678042909938],[150.077616658728459,-34.348412770041712],[150.079344488365564,-34.349255582201152],[150.080536377135758,-34.349677516310066],[150.083432059805972,-34.348935348562435],[150.084890257700152,-34.348095716686316],[150.086661075534835,-34.347360666838732],[150.088829635309281,-34.346639915026657],[150.091786182804668,-34.347181454293406],[150.095922104893049,-34.349528895677636],[150.101877872354351,-34.354654300243105],[150.103102936957356,-34.356330134363724],[150.103293735853924,-34.356912730384721],[150.103361135789072,-34.357336960393667],[150.103426187737853,-34.357659116401678],[150.103487904674495,-34.358078353410065],[150.103578217560312,-34.358857736423502],[150.103196271508438,-34.359692902395274],[150.102824364457859,-34.360506115367791],[150.101773157536485,-34.36109329327828],[150.099726688609849,-34.362851878108295],[150.098675930690263,-34.363424462018727],[150.097029022665993,-34.365483939886403],[150.096284590685997,-34.366175512824945],[150.09605877866332,-34.366607352807833],[150.0958714406475,-34.366942955793483],[150.095850321571447,-34.367554532795822],[150.095875278375928,-34.369036754808292],[150.095888088268396,-34.369853176815077],[150.097023296964608,-34.370909984923387],[150.098033942739249,-34.371502342017415],[150.098762634596483,-34.37177709608418],[150.09934048950339,-34.371839386136024],[150.099885562424021,-34.371832886184492],[150.100608929327962,-34.37175288224833],[150.101807800187515,-34.371475266353123],[150.102773518085854,-34.371162968436913],[150.103512428045946,-34.370631538499005],[150.103996107053206,-34.370026056537874],[150.104564907059597,-34.369330279583714],[150.105198257078911,-34.368461157634087],[150.10583392910678,-34.367524071684187],[150.107825762902024,-34.366842527856811],[150.109310567649459,-34.367105950990847],[150.111031708347667,-34.36748182714669],[150.112526114041486,-34.368148639284364],[150.113516626809059,-34.368818123377196],[150.114394766621615,-34.369268338458511],[150.114817732531264,-34.369485203497682],[150.116441220162301,-34.370490208649215],[150.11721136094846,-34.371266193723173],[150.117664356822559,-34.371723795766677],[150.118108450730688,-34.371928577807665],[150.118356681680211,-34.372036441830517],[150.118777361591867,-34.372240667869384],[150.119466495460074,-34.3724755059324],[150.120271381305855,-34.372751937006008],[150.120836597188827,-34.373012994058165],[150.121403139076705,-34.373235220110168],[150.121738635003652,-34.373418327141316],[150.122266174888694,-34.373706250190303],[150.122623971789551,-34.374065374224671],[150.12300578466656,-34.37458091926225],[150.123227625561924,-34.375136543285848],[150.123232107489258,-34.375691915290084],[150.123212915441684,-34.37608113229107],[150.122877617422574,-34.376609030264845],[150.122143699443171,-34.377283409204125],[150.121541543476184,-34.377712480153441],[150.120920060527851,-34.378019318100186],[150.119789253639027,-34.378445664002399],[150.118306080802483,-34.378868567873205],[150.117575246856688,-34.379279970810956],[150.116857374869227,-34.379998532751983],[150.11594667984761,-34.381199618679169],[150.115178331832396,-34.382189746617577],[150.114663907762633,-34.383312504579507],[150.114202406751787,-34.383920200542605],[150.113352118794381,-34.384557683471286],[150.112189515879436,-34.385221879372352],[150.111323917955247,-34.385620310298016],[150.11066477800378,-34.385994395241916],[150.109680756071526,-34.386589720158405],[150.109145059080078,-34.387132329114451],[150.108215036122033,-34.387865297036718],[150.10672328510077,-34.389724733916751],[150.106641955005728,-34.390550836915224],[150.106674521880308,-34.391481925924552],[150.106768419812994,-34.39189497693576],[150.106858220748592,-34.392289956946485],[150.107279950526816,-34.393522495992542],[150.107708744286271,-34.394891592040167],[150.108402584031154,-34.396072121110102],[150.108470037943391,-34.396672824120266],[150.108737630805365,-34.397434126149335],[150.108828928671045,-34.398366595163907],[150.109023411524902,-34.399273338187477],[150.109056784499813,-34.399428952191528],[150.109084994424904,-34.399975146197818],[150.109159834341682,-34.40053218520832],[150.109454785214041,-34.401182101239058],[150.10975041704458,-34.402153509272104],[150.109952455890493,-34.403112960296717],[150.110065886814056,-34.403573494310002],[150.11057072064915,-34.404272209359782],[150.1112941504785,-34.404766644427603],[150.112508026157059,-34.405866900543302],[150.112912544049522,-34.406236897581877],[150.113292096895805,-34.406991090620885],[150.113820308704646,-34.407865696673966],[150.114250696579973,-34.408338581715562],[150.114790965454489,-34.408692290766112],[150.115381611267765,-34.409461210824034],[150.115686870132805,-34.41015519285601],[150.115498385048113,-34.411022619845205],[150.115157368009079,-34.411711089819583],[150.114764494981614,-34.41236911878913],[150.114215253963863,-34.413130601745486],[150.113398034016683,-34.413651956676304],[150.112514848096481,-34.414040241600333],[150.112079126135512,-34.414234518562871],[150.11145734816526,-34.414711771510802],[150.11049246519292,-34.415594922430984],[150.109093662244248,-34.416789276314681],[150.108279060284673,-34.41740320324638],[150.107715790305036,-34.417886685199569],[150.107298840257272,-34.418729201168269],[150.106870801213717,-34.419551979135839],[150.10656340014188,-34.420455531114698],[150.106512548046624,-34.421248261115657],[150.106314704906509,-34.422553830107049],[150.106112997796686,-34.423630352096517],[150.105857425757478,-34.424223400077864],[150.105515261714885,-34.424941039052349],[150.105282511713881,-34.425213159033518],[150.104258350727264,-34.426275077949668],[150.102735604796067,-34.427476154822408],[150.102381841800081,-34.427847675793487],[150.10171492182215,-34.428435839738178],[150.101153722828343,-34.429026494692295],[150.100563785797164,-34.429937943646088],[150.100130108799931,-34.430409852610751],[150.099706812774002,-34.431091456577782],[150.098824658770411,-34.432122593506385],[150.098194760771833,-34.432828507455191],[150.097354952854715,-34.433144631382639],[150.096459181974609,-34.433238790303569],[150.095680964098648,-34.433167455233836],[150.095206357174391,-34.433123299191294],[150.094469616304792,-34.43295549412457],[150.093937424406818,-34.432773759075971],[150.093552484486707,-34.432595529040476],[150.09286842462177,-34.432331709977809],[150.092133143793546,-34.43184318290902],[150.091815370860274,-34.431690024879686],[150.091512010957729,-34.431283095849885],[150.091284093009392,-34.43114396682865],[150.090752376111595,-34.430960231780084],[150.090508717168973,-34.430794748757265],[150.090162071195635,-34.430983744727726],[150.089286433293381,-34.431225898651498],[150.088927596322407,-34.431410064620849],[150.088537663356419,-34.431591504587416],[150.088202106347296,-34.432044131560694],[150.087953204255854,-34.43303292254538],[150.088055180116811,-34.433990015561051],[150.088054150050056,-34.434506528564505],[150.088214596959148,-34.435025507582374],[150.088307221904387,-34.435342536592785],[150.088421234832424,-34.435768128605879],[150.088555587760112,-34.436173246620626],[150.088705232682514,-34.436601616636892],[150.088641929587254,-34.437408643636829],[150.088470413535532,-34.438003099625675],[150.087874937493524,-34.439005084579613],[150.087607425480087,-34.439413699558635],[150.087240719433311,-34.440191997531393],[150.086442791361804,-34.441652194470485],[150.085819679322498,-34.442665053422054],[150.085690733227921,-34.443541694416638],[150.085587998160577,-34.444178415411876],[150.085280839124692,-34.444805051388876],[150.084817285127087,-34.445314349351165],[150.084291028153217,-34.445712001307108],[150.083402392281442,-34.445734358228222],[150.082822512375145,-34.445671808176222],[150.08141212765139,-34.445146179047178],[150.080297617803552,-34.445241314948717],[150.079584021878873,-34.44547265788686],[150.078902311936787,-34.445802183828512],[150.078370039003715,-34.445891742781804],[150.077610575068292,-34.446258361716808],[150.077195731095514,-34.446521194681736],[150.076634847082232,-34.447262731636982],[150.076293714110278,-34.447434786607829],[150.07582388511608,-34.447925224569438],[150.075120867141891,-34.448526976511097],[150.07454266413248,-34.449258348464745],[150.074183317139358,-34.449615043435259],[150.07341920918762,-34.450113028370744],[150.07209148327857,-34.450923848258327],[150.071045038324598,-34.451760870171071],[150.070528498338746,-34.452240425128473],[150.070001909317199,-34.453007106086957],[150.069602368224736,-34.454176225059506],[150.069274233190299,-34.454816154034759],[150.068414265224675,-34.45553098796325],[150.068237846207097,-34.455867701949906],[150.0680031782002,-34.45618840593125],[150.067279175260779,-34.456546069869368],[150.066152753371341,-34.456976861772226],[150.064866745480714,-34.457598630662247],[150.064456652503367,-34.457890758627812],[150.06399035550055,-34.458444552590201],[150.063586976481872,-34.459048555558518],[150.06323985642382,-34.459892576533498],[150.062982080400275,-34.460368573513875],[150.062239002415197,-34.461100787452899],[150.061807997385529,-34.46182101641957],[150.061389514378646,-34.462351594386043],[150.060726790374531,-34.463139304332586],[150.060432296372881,-34.463487779308835],[150.060174251370171,-34.463803043288088],[150.059938507359647,-34.464152916269548],[150.059556284351089,-34.464655132239045],[150.059343524335219,-34.46502018122267],[150.058899395346089,-34.465442967186121],[150.058840476206285,-34.466589684188804],[150.058665509152235,-34.467206729177512],[150.058736101998278,-34.46831491019141],[150.058631188909573,-34.469119570187644],[150.058218317861446,-34.469962158156783],[150.058297676677967,-34.471288217172969],[150.058467365571857,-34.471913571192346],[150.058842114464824,-34.472312585228394],[150.059652387263895,-34.472939749304714],[150.060156163149088,-34.473251175351614],[150.060742498023643,-34.473550984405776],[150.0610971579666,-34.473586723437521],[150.061539584876925,-34.473774232478128],[150.062218202714604,-34.474253105541727],[150.063027337529661,-34.474757786617104],[150.064066434310575,-34.47526346171292],[150.064805684201389,-34.475263093778608],[150.065435923170952,-34.474779414831275],[150.065747484203797,-34.474170177854774],[150.065964715347349,-34.472814966864732],[150.066011040430851,-34.472117720864041],[150.066268045513112,-34.471189733880493],[150.066654204547689,-34.470482519909915],[150.067200030501226,-34.470219004956618],[150.067794530425004,-34.470128980008823],[150.068956029276279,-34.469952800110846],[150.069639568171937,-34.469978275171769],[150.070832316931558,-34.470473974281212],[150.071849720594713,-34.47191322138157],[150.072232716455829,-34.472548202419986],[150.072645088218451,-34.473909455466035],[150.072709244122024,-34.474580463476364],[150.072733295085868,-34.474832135480227],[150.07306392290252,-34.475869456516769],[150.07323262675186,-34.476839404538453],[150.073317757628502,-34.477693985551923],[150.073520264435729,-34.478950440578586],[150.07323331040908,-34.479483205556754],[150.072671582439739,-34.47988693550959],[150.071925977445261,-34.480694384448881],[150.070740554509513,-34.481550230349413],[150.069259643577823,-34.482711874225785],[150.068102725662499,-34.483377917127555],[150.067524764676278,-34.48393088708],[150.067237111606829,-34.484794657060384],[150.067392682470484,-34.485669066080234],[150.067708932378082,-34.486021297110767],[150.068270705225729,-34.486556294164387],[150.068917654011045,-34.487474240228195],[150.069409176852218,-34.488139054276481],[150.06970664767266,-34.489184648310129],[150.070151718551415,-34.489612534352638],[150.070531442400579,-34.490342677391418],[150.070665302268083,-34.491212031409304],[150.07060076216024,-34.492117429409788],[150.07052430909124,-34.492736858407284],[150.070944818923095,-34.493554139450289],[150.071799077735307,-34.494028109529488],[150.072766039562879,-34.494255372617012],[150.073415848418875,-34.494624661677328],[150.073957559316483,-34.494796366726654],[150.074752987162896,-34.495073908799299],[150.075561906016645,-34.495279219872614],[150.076956396781981,-34.495498549998118],[150.077796948646863,-34.495582156073432],[150.078510159505072,-34.495862244138777],[150.079227071396815,-34.49587940120265],[150.080027142320745,-34.495553901271535],[150.08043802430106,-34.495237229305914],[150.080952081262865,-34.494945684349609],[150.081519088189623,-34.494864012399454],[150.082304548041037,-34.495114061471035],[150.083240199838002,-34.495612573557686],[150.083601072721166,-34.496101880593145],[150.083684679632654,-34.49668886960464],[150.084090605513722,-34.497142975643861],[150.084491994398945,-34.497569758682509],[150.084865282233608,-34.498418773721561],[150.085004215172034,-34.498734771736089],[150.085510206036787,-34.499200772784313],[150.085776211972501,-34.4993927628093],[150.086316211847219,-34.499742760859739],[150.086864206713216,-34.500150755911285],[150.087052217654644,-34.500387762929648],[150.087500212500032,-34.501068745974202],[150.087812213391061,-34.501552756005289],[150.08814520827849,-34.502040763038259],[150.088598213119582,-34.502748755083438],[150.089133219938049,-34.503537745136484],[150.089575235722606,-34.504693748183769],[150.090106227550905,-34.50541174423595],[150.090266226496567,-34.505647747251814],[150.090314228459079,-34.505881742257685],[150.09079223424871,-34.506957742307627],[150.091357235086207,-34.507565741362079],[150.091454235039492,-34.507814742372425],[150.091646234944506,-34.50832774139306],[150.091925239841686,-34.508801738421141],[150.092085247787367,-34.509037732437001],[150.092960250464984,-34.510523735525084],[150.093140257374472,-34.511015731544497],[150.093207255300939,-34.511505738553822],[150.093135266251494,-34.511968736550614],[150.093042274232346,-34.512221736544085],[150.09283627323029,-34.512472736527478],[150.09268728321959,-34.512724740515971],[150.092455287224425,-34.512951744496888],[150.092168296243671,-34.513130746472577],[150.091573303312373,-34.513279755420662],[150.090394325384835,-34.514064767321187],[150.089242347488835,-34.514576781222232],[150.088595363552344,-34.51482478716639],[150.088237368598442,-34.514877791134907],[150.087576373687426,-34.514945792076567],[150.087054382777637,-34.514845800029455],[150.086496383874078,-34.514738796979074],[150.08557140001983,-34.51467079689634],[150.084091420164924,-34.515239821768624],[150.083468432234952,-34.515410827714376],[150.083185439271745,-34.515449830689484],[150.082571442373506,-34.515365847634314],[150.082122454441389,-34.515354839594295],[150.081811457479205,-34.515417847567065],[150.081288463525738,-34.515655850522201],[150.080392476625349,-34.51590985444426],[150.079759493671645,-34.516274868390482],[150.079582499665264,-34.516525869376487],[150.079377502666006,-34.516753869359832],[150.078804514707315,-34.517088872311177],[150.077937535802164,-34.51734688423587],[150.077370535882579,-34.517373893185642],[150.076920543950877,-34.517360896145547],[150.07632355105477,-34.517240896091636],[150.075254568288926,-34.516655899992564],[150.074991565344675,-34.51652590496829],[150.074792564400752,-34.516320907949172],[150.074165560583197,-34.515629910888684],[150.073505568778813,-34.514874911824805],[150.072702572994984,-34.514124915748255],[150.072011574220653,-34.513173919680284],[150.071421582359022,-34.512779917625124],[150.070693580548095,-34.512152924556098],[150.070421585622313,-34.511890926530107],[150.070148578690748,-34.51167493950436],[150.0699005807503,-34.511498932481111],[150.069360598865472,-34.511226930431235],[150.069318593874527,-34.511204932427347],[150.068999600928379,-34.511153937398646],[150.068482603005776,-34.511146937352642],[150.067916617076236,-34.511248948303056],[150.067320628139214,-34.511443951251401],[150.067037635172881,-34.511506959226701],[150.066170647253301,-34.5118759631522],[150.065830661264101,-34.512180963124081],[150.065257674291132,-34.512625972076229],[150.065024673296165,-34.512852976057076],[150.06463569026451,-34.513540980027251],[150.063995717174294,-34.514966995980217],[150.063931723153814,-34.515197988976112],[150.063187750045785,-34.516879997921585],[150.062878761997126,-34.517608006899145],[150.062511776993063,-34.518058007869627],[150.062241783004112,-34.518281013847179],[150.061959785029501,-34.518407010823005],[150.061666789069108,-34.518436009797156],[150.06072480023488,-34.518233019712063],[150.060111817327567,-34.5182180226575],[150.059831818360436,-34.518284024633083],[150.059551829391893,-34.518361025608733],[150.058913836449108,-34.51864803355403],[150.057724863545786,-34.519260040452615],[150.056201902647501,-34.520214058323901],[150.05559391170172,-34.520490059271793],[150.055278917719562,-34.520712061245341],[150.054995924738932,-34.520886061221404],[150.054710933753768,-34.521097065197544],[150.054117948810557,-34.521336071146514],[150.053590956830618,-34.521783078102793],[150.053407965828512,-34.522008083088075],[150.052512974891812,-34.522542086012258],[150.051921997951439,-34.522757095961268],[150.051357007999144,-34.523034101912998],[150.050844017015606,-34.523493102870589],[150.050562028039451,-34.523631111846498],[150.050277036054325,-34.523842115822639],[150.04965304410797,-34.524141118769293],[150.048130072263064,-34.524684139637792],[150.047262089367734,-34.524868143561982],[150.046400103438486,-34.525307155488463],[150.045845116466097,-34.525728167442068],[150.045661121462473,-34.525966170427381],[150.045595119442709,-34.526194169423107],[150.045572126416431,-34.526423172422632],[150.045468126371134,-34.526891173416629],[150.04549413030287,-34.527388172422356],[150.045695138208288,-34.527888175443643],[150.046043138094547,-34.528368169477837],[150.046310138961786,-34.529087179506512],[150.04645914584367,-34.529828178524838],[150.046465142809865,-34.530082182527117],[150.046594142727741,-34.530568182541906],[150.047128153518457,-34.531572175596246],[150.047237154368815,-34.532602181613008],[150.047337155290961,-34.533088181625232],[150.047489157236697,-34.533333185640416],[150.048564152951826,-34.534302173742553],[150.049122150773513,-34.535040169797192],[150.049520151619191,-34.535775170837589],[150.04970115156047,-34.536021169855353],[150.050000136487029,-34.536246165883455],[150.052288120078202,-34.536785150090353],[150.05283710997324,-34.536967146140363],[150.054261091682491,-34.537582146271092],[150.055104090490744,-34.538098148349512],[150.055389082420987,-34.5383101373763],[150.055614087357185,-34.538545137397897],[150.056505071169141,-34.53897712848002],[150.057097070059143,-34.539149129533783],[150.057402061005234,-34.539216125561332],[150.057985050916955,-34.539231122613231],[150.058275044866832,-34.539286116639374],[150.058549046811322,-34.539401114664507],[150.058774042745966,-34.539648117686205],[150.058882049696621,-34.539905114697554],[150.058902047662258,-34.540147115701011],[150.059125052536018,-34.540865121725759],[150.059664047343176,-34.541736124779639],[150.059765053296957,-34.541977121790275],[150.059830051220985,-34.542488122799568],[150.060194060069364,-34.543241123837092],[150.060781056877545,-34.544049119894794],[150.061319047728801,-34.544581122946269],[150.061642046649382,-34.544824127976639],[150.062222051521019,-34.545151116030418],[150.063129036326529,-34.545614114114201],[150.063493027259995,-34.545711113147206],[150.063776020214675,-34.545737108172546],[150.065085004044619,-34.545553104287585],[150.066983962870438,-34.54472708045067],[150.069889907590976,-34.543563060700926],[150.071192886445971,-34.54319304481421],[150.071501883405659,-34.543151047841384],[150.071785880362683,-34.543158039866675],[150.071821888358528,-34.543149039869817],[150.072117870313747,-34.543156040896186],[150.073596856049335,-34.543505035030051],[150.075418829685901,-34.544225021196986],[150.076005827538694,-34.544689015252366],[150.076605822390718,-34.545144017308857],[150.076884817331972,-34.545278020334578],[150.078068807112146,-34.54562001344221],[150.07896779597607,-34.5456420105223],[150.079271790917375,-34.545747005550055],[150.079923776779367,-34.546065997610235],[150.080284783662336,-34.546555000645697],[150.080862779458499,-34.547465006703355],[150.081180776338527,-34.548025999735501],[150.081278779291893,-34.548273001745912],[150.081529779155346,-34.5490380067735],[150.081908792943324,-34.550238005815473],[150.082008795906631,-34.550406008825519],[150.082076795862577,-34.550668008833384],[150.082185788811699,-34.550935009844892],[150.082317800665749,-34.551908014863351],[150.082395795590401,-34.552399007873653],[150.082578812496479,-34.552913020893484],[150.082501820398647,-34.553754021892409],[150.082564819358623,-34.55399001689964],[150.082650819313784,-34.554237019908982],[150.082928819248792,-34.554420018934962],[150.083530813153885,-34.55446402298881],[150.084171801065793,-34.554411009045459],[150.085138781951315,-34.554188998129945],[150.085451777924277,-34.554039998156753],[150.086350758876165,-34.553384990232203],[150.086652755853351,-34.553215983257921],[150.086986753814273,-34.553135979287049],[150.087296745777564,-34.553064975314157],[150.089092725540269,-34.552842954472389],[150.089530705473919,-34.552853952511434],[150.090128711373467,-34.552944945565258],[150.090461705311128,-34.553044947595581],[150.09113269519753,-34.553153940656024],[150.091994690039911,-34.553383928734299],[150.092547686922984,-34.553652928785354],[150.093102673817839,-34.553828927835951],[150.093620675682075,-34.554282925885161],[150.094322671473265,-34.555088922953175],[150.094541678313163,-34.556070926979416],[150.094645679267359,-34.556304931990283],[150.094768682182149,-34.556819931004782],[150.094853687069559,-34.557588933017641],[150.094695697027078,-34.558095936007057],[150.094007718971085,-34.559310942954198],[150.093075740988183,-34.560241960877683],[150.09289974198461,-34.560469959863596],[150.092442766920925,-34.561480971829901],[150.092368768865612,-34.561990968826805],[150.092252791656563,-34.563730976828481],[150.092292797593188,-34.564172981835078],[150.092386802509424,-34.564709978847134],[150.092557808389813,-34.56543497686733],[150.093003810204578,-34.56635097891332],[150.093106815152652,-34.566632976924424],[150.093339816044903,-34.567195977949019],[150.09344181699322,-34.567476980960038],[150.09356782391967,-34.567898977974146],[150.093642824875104,-34.568155983982585],[150.093662823838883,-34.568411977986131],[150.09378982477125,-34.568786986000028],[150.093827831699059,-34.56929898200692],[150.093932835655949,-34.569510980017718],[150.093870840535459,-34.57050799001906],[150.093769851490237,-34.570970989013261],[150.093831855399287,-34.571599983023113],[150.093862870195125,-34.573133998036418],[150.09393587214177,-34.573460996045164],[150.09389188608796,-34.57392498904445],[150.093424889092176,-34.57442500100634],[150.093309898100529,-34.574492006996572],[150.093029899135047,-34.574546005972032],[150.092743903158748,-34.574690012947563],[150.092445913188755,-34.574799014921808],[150.091835923259993,-34.574947019868546],[150.091250933310732,-34.575224024818411],[150.090088940447458,-34.575498036716908],[150.089510960525871,-34.575554043665868],[150.089188964574703,-34.575546048637158],[150.087878976757935,-34.575631054521217],[150.087219989860728,-34.575592061462331],[150.086944992910389,-34.575524061437392],[150.086351998022906,-34.575335065383335],[150.085163015193444,-34.575380083277892],[150.08455601827319,-34.575459083224452],[150.084245022311222,-34.575521087197217],[150.083710033364099,-34.575725090151025],[150.083348040402967,-34.575839094119623],[150.082946050422436,-34.576148100085987],[150.082742056419534,-34.576403099069601],[150.082520063428035,-34.576591101051164],[150.082300068411371,-34.576970098034202],[150.08227707533743,-34.577565109036257],[150.082241076308577,-34.577828113034855],[150.082260079275102,-34.578064116038171],[150.082293085238348,-34.578309111042792],[150.082373088157567,-34.578839115053555],[150.082454086107731,-34.579130113062753],[150.082545089063046,-34.5793701150725],[150.08254209402449,-34.579670112074297],[150.082707093935255,-34.580168115092398],[150.082893096876035,-34.580411111110614],[150.082913103781181,-34.58111811811726],[150.082846106729875,-34.581589122114529],[150.082947103622701,-34.582298119128396],[150.083104116596814,-34.582318117142499]]]]}}
]
}
