{
"type": "FeatureCollection",
"name": "KPS",
"crs": { "type": "name", "properties": { "name": "urn:ogc:def:crs:EPSG::7844" } },
"features": [
{"type":"Feature","properties":{"Region":"Kempsey","IATA":"KPS","Channels":"#nsw","Status":"Tentative","Scopes":"au, au-nsw, ?au-nsw-kps?"},"geometry":{"type":"MultiPolygon","coordinates":[[[[153.232594,-30.7296365],[153.238585699999987,-30.734475],[153.2443763,-30.7394931],[153.2526694,-30.7473433],[153.2609195,-30.7560589],[153.2685914,-30.7651602],[153.2756611,-30.7746187],[153.280028499999986,-30.7811081],[153.2832934,-30.7863467],[153.2868436,-30.7924887],[153.2901486,-30.798732],[153.2910458,-30.8004971],[153.295660199999986,-30.8103869],[153.2983954,-30.8170917],[153.299896600000011,-30.8203001],[153.303333900000013,-30.8283151],[153.3083427,-30.8386194],[153.311309599999987,-30.8456157],[153.3139736,-30.8527022],[153.3163309,-30.8598691],[153.3210311,-30.8701046],[153.325073800000013,-30.8805471],[153.3284464,-30.8911652],[153.330317400000013,-30.8983257],[153.3325514,-30.9091652],[153.334092199999986,-30.920094],[153.334935,-30.9310792],[153.3351077,-30.9384177],[153.33496980000001,-30.94578],[153.3345182,-30.953133],[153.333253899999988,-30.9641232],[153.33128880000001,-30.9750367],[153.3286286,-30.9858403],[153.3264728,-30.9929655],[153.324014299999988,-31.0000175],[153.3197663,-31.0104378],[153.314857499999988,-31.0206405],[153.3093026,-31.0305947],[153.3034399,-31.0398027],[153.2992227,-31.0457886],[153.2991494,-31.0532208],[153.298756200000014,-31.0606454],[153.2986467,-31.0620914],[153.2980962,-31.0707583],[153.2969669,-31.0804445],[153.2952922,-31.090072],[153.293637100000012,-31.0975153],[153.2916559,-31.1048993],[153.2893515,-31.1122136],[153.286727,-31.1194476],[153.28382160000001,-31.1265649],[153.27888440000001,-31.1370517],[153.2746828,-31.1478607],[153.2714872,-31.154945],[153.2661133,-31.1653632],[153.2621512,-31.1721552],[153.255652700000013,-31.1820888],[153.2509593,-31.1885276],[153.2459847,-31.1948086],[153.2407361,-31.2009228],[153.232000199999987,-31.2102197],[153.2268148,-31.2152437],[153.221436,-31.2201153],[153.213017799999989,-31.2271246],[152.966943223301172,-31.310519125573773],[152.96650277636536,-31.31045829752917],[152.964260304692829,-31.310144628302055],[152.96285869189748,-31.309948573160124],[152.962658453926736,-31.309920570139841],[152.959594154374145,-31.309491950829543],[152.937319259626577,-31.306376228575118],[152.925792196309516,-31.304763875409222],[152.924875781443319,-31.304635695316559],[152.924697397469373,-31.304610740298525],[152.897508137456441,-31.300677658549716],[152.890894589426239,-31.299720968881537],[152.890812228438307,-31.299709055873212],[152.890706902453729,-31.299693817862572],[152.880713567919059,-31.298248221853257],[152.86469552426766,-31.295931132236273],[152.864670290271334,-31.295927484233708],[152.864558133288341,-31.295907288222367],[152.864459028303315,-31.295889432212348],[152.864449158527009,-31.294246931199176],[152.863340619093407,-31.291103367065173],[152.864140483412967,-31.287992911121965],[152.864189973435742,-31.287778035125314],[152.864168218448043,-31.287707641122612],[152.86251725269031,-31.287466773956005],[152.862424009704597,-31.287448514946558],[152.86230049472357,-31.287424329934044],[152.856446218583102,-31.286566401343297],[152.85642642658604,-31.286563506341295],[152.856361312595624,-31.286553959334718],[152.85624822261218,-31.286537385323324],[152.853112189072647,-31.286077808006905],[152.852431977175314,-31.285957673938132],[152.852705288054466,-31.286594018970138],[152.852830084002363,-31.28686199798457],[152.852950918950512,-31.28713172399863],[152.853067691898957,-31.287403038012297],[152.853156049860644,-31.287603365022605],[152.853247060821928,-31.287803809033168],[152.853302421797451,-31.287933087039658],[152.853333186783658,-31.288006045043275],[152.85335936977043,-31.288079111046422],[152.852895771838973,-31.288007874999632],[152.85252760389335,-31.287951303962465],[152.836454784268767,-31.285481652340646],[152.834262096592823,-31.285144587119483],[152.834152521609013,-31.285127744108415],[152.833788531662833,-31.285071784071707],[152.829699289266557,-31.284447680659316],[152.829308533324223,-31.284388044619917],[152.827060357656165,-31.284044929393215],[152.821804808432944,-31.283236505863321],[152.821646163456393,-31.283212096847329],[152.821578450466376,-31.283201680840506],[152.821486768421209,-31.283622263834481],[152.81510843235867,-31.282680078191813],[152.814821117477152,-31.282073025158688],[152.814764446503347,-31.281932272151991],[152.814835530525556,-31.281701448157364],[152.814494171628411,-31.281260902120078],[152.814469476639829,-31.281199553117169],[152.814870871637254,-31.280841359154508],[152.816062389443346,-31.281156266275573],[152.816539127420043,-31.280880686321044],[152.816067987598586,-31.280002014267563],[152.815850180667439,-31.279697121243615],[152.815623472720318,-31.279518719219691],[152.815362628805673,-31.279132360190836],[152.814874779993005,-31.278204153135327],[152.814688693135736,-31.277322470110253],[152.814992031201484,-31.276550946134744],[152.814713642372055,-31.275549673099583],[152.814705323403103,-31.275327823097111],[152.814676628697129,-31.273178094078304],[152.814674028726927,-31.27295968607643],[152.814644734895523,-31.271739004064443],[152.814473478050218,-31.270754748040076],[152.814555023113002,-31.27021334104419],[152.81429281019274,-31.269869392015508],[152.814556234153684,-31.269910842042069],[152.823878394772095,-31.271377632982055],[152.824159862730426,-31.271421907010435],[152.825893978663231,-31.262888737120001],[152.826102632775587,-31.261861086133173],[152.827246493385303,-31.256273935205737],[152.828468380036639,-31.250304792283266],[152.828616645116256,-31.24957610229265],[152.828856127244876,-31.248399061307776],[152.829509066595591,-31.245189825349055],[152.829526681605614,-31.245099092350141],[152.829544492615724,-31.245007354351237],[152.82945713863063,-31.244978993342325],[152.829343126650087,-31.244941962330678],[152.826566718058245,-31.244526367050785],[152.825476430218544,-31.244363151940878],[152.824835479312782,-31.244267182876271],[152.823479575512152,-31.24406417773961],[152.823006670581663,-31.243993225691934],[152.822616207639101,-31.24393465365258],[152.822581346644228,-31.243929426649068],[152.822299420685681,-31.243887187620643],[152.821706989772792,-31.243798423560939],[152.815939855620798,-31.242934027979754],[152.815838598632695,-31.242940937969717],[152.81584212972183,-31.242277297965146],[152.816298182685699,-31.24211635100939],[152.816603460748894,-31.241361629034198],[152.817783347653602,-31.24095931114881],[152.81805582570459,-31.240325736171265],[152.817910680827794,-31.239549400151031],[152.817620416916355,-31.239165964119259],[152.8167355271151,-31.238524524026321],[152.816692499399522,-31.236457866006685],[152.816977653576458,-31.234879575023374],[152.817745428607566,-31.233928004092835],[152.817867204615396,-31.233755546103691],[152.81792494161752,-31.233685734108928],[152.817904772620523,-31.233682211106878],[152.817818323633503,-31.23366714309816],[152.817359967700924,-31.233598244051969],[152.81853938933881,-31.227764625126195],[152.810032316586671,-31.226505906269175],[152.805533605243909,-31.225859680816207],[152.800023562049034,-31.225067545261531],[152.799816575080087,-31.225031832240649],[152.790452177484696,-31.22341553629624],[152.790350463500005,-31.223397984285992],[152.786239552116598,-31.222688209871492],[152.786034582148972,-31.222640941850727],[152.778479493251496,-31.221564474090872],[152.776908802480676,-31.221340601932916],[152.776654665517754,-31.221304350907356],[152.772961679056692,-31.220778008536037],[152.771902866210667,-31.220631156429608],[152.769745403523359,-31.220339595212835],[152.763075309490205,-31.219437256542751],[152.76294570050888,-31.219420439529745],[152.762927951498057,-31.219517466528693],[152.762912874488876,-31.219599791527809],[152.762394524173317,-31.22243171449729],[152.760933365385085,-31.222234170350504],[152.760490088115262,-31.224655641324414],[152.760244744965888,-31.225995785309976],[152.762143469690642,-31.226252476500683],[152.761724019435235,-31.228543825475978],[152.755429205347951,-31.227692707843786],[152.755289995368173,-31.227673891829799],[152.755204362380567,-31.227662301821212],[152.751106369974707,-31.22710831240974],[152.748669360328023,-31.226778796165068],[152.738880154748443,-31.225446911182427],[152.738573462792999,-31.225405174151661],[152.737550335941421,-31.225265923048987],[152.73729106297904,-31.225230631022963],[152.730132640017786,-31.224256092304685],[152.731844273044857,-31.215004755406],[152.731844820045325,-31.215000828406019],[152.732495784018568,-31.214586202467601],[152.745441758140259,-31.216352147766891],[152.746324088012273,-31.21647245685547],[152.746478564105246,-31.215635604864609],[152.74759452094338,-31.21578771897665],[152.747925272142538,-31.213995726996217],[152.747998265131969,-31.214005677003534],[152.748218868264843,-31.212810419016588],[152.748889575668812,-31.209176112056255],[152.748922750688791,-31.208996366058223],[152.749537416059013,-31.205665724094583],[152.749576785082837,-31.205451583096906],[152.75025720049257,-31.201765025137163],[152.750288260511297,-31.201596708138993],[152.750420872591178,-31.200877984146842],[152.750451465609643,-31.20071215114864],[152.750488719632045,-31.200510282150855],[152.751005823956802,-31.1976094991807],[152.751528942258744,-31.194872310212364],[152.749407764569042,-31.194562011999224],[152.746916512933495,-31.19419758474892],[152.739253937054485,-31.193076680979207],[152.739869861401388,-31.189916112016927],[152.739895443415804,-31.189784816018495],[152.740386403692327,-31.187265510048558],[152.726199390763611,-31.185216916624181],[152.727962843742887,-31.176265837732807],[152.725470277109622,-31.175883690482447],[152.72529217213588,-31.175856385464559],[152.719393825003692,-31.17495207187223],[152.719230385027743,-31.174927016855811],[152.719215631029897,-31.174924748854334],[152.717728655208589,-31.182442370762583],[152.714857475628804,-31.182019450474435],[152.705959018931281,-31.180708701581651],[152.708515905338601,-31.167812311739542],[152.70900902260999,-31.165325160769999],[152.709062609639489,-31.165054834773297],[152.70934267079366,-31.163642265790603],[152.709379082815673,-31.163443615792737],[152.709352047818328,-31.163449486790089],[152.709325119820676,-31.163457142787472],[152.709298612822778,-31.163466473784922],[152.709272832824581,-31.163477382782443],[152.709248082826093,-31.163489743780065],[152.709220169827091,-31.163508478777452],[152.709194433827321,-31.16353113077507],[152.709169477827203,-31.16355529777276],[152.709143948827347,-31.163578531770401],[152.709116455828138,-31.163598413767822],[152.709088281829651,-31.163613751765141],[152.709058898831586,-31.163627170762318],[152.709028707833767,-31.163639208759417],[152.708998149836106,-31.163650413756471],[152.708967644838509,-31.16366132275353],[152.70891610184276,-31.16367821974854],[152.708863680847458,-31.16369270574344],[152.708810694852446,-31.163705604738283],[152.708757484857529,-31.163717741733084],[152.708704381862617,-31.163729950727909],[152.708638137869059,-31.163744346721455],[152.708571508875764,-31.163757164714934],[152.708504798882558,-31.16376965170841],[152.708438348889132,-31.163783043701915],[152.708372436895388,-31.163798587695471],[152.708319270900205,-31.163812794690319],[152.708266275904919,-31.163827809685166],[152.708213531909422,-31.163843720680052],[152.708161146913795,-31.163860644674983],[152.708109164917943,-31.163878661669955],[152.708063976921409,-31.163895487665599],[152.70801909492468,-31.163913208661274],[152.707974480927874,-31.163931683656976],[152.707930117930943,-31.163950722652725],[152.707885952933879,-31.163970174648483],[152.707831298937521,-31.163994708643244],[152.707776869941057,-31.164019852638027],[152.707722861944347,-31.164045893632871],[152.707669489947477,-31.16407308962777],[152.707616960950276,-31.164101711622767],[152.707562979952797,-31.164133703617658],[152.707509993954972,-31.164167470612647],[152.707457679956917,-31.164202430607716],[152.707405688958744,-31.164237909602825],[152.707353697960542,-31.164273290597926],[152.707296122962532,-31.16431281259251],[152.707239003964361,-31.16435302458714],[152.707182064966162,-31.164393487581794],[152.707125008967978,-31.164433780576424],[152.707067540969888,-31.164473473571022],[152.707030133971188,-31.164499226567504],[152.706992834972397,-31.164525186563985],[152.706955329973738,-31.164550840560455],[152.706917367975166,-31.164575706556871],[152.706878669976902,-31.16459929055322],[152.70684613997858,-31.16461761355011],[152.706813142980394,-31.164635146546967],[152.706779805982336,-31.164652115543788],[152.706746298984342,-31.164668689540598],[152.70671271098638,-31.164685084537371],[152.706667603989075,-31.164707279533079],[152.70662236299188,-31.164729393528745],[152.706576771994776,-31.164750709524384],[152.706530652997941,-31.164770484519959],[152.706483780001548,-31.164788035515439],[152.706430077006132,-31.164804242510222],[152.706375307011314,-31.164817383504886],[152.706319927016835,-31.164828722499472],[152.706264369022392,-31.164839497494039],[152.706209061027863,-31.164850944488638],[152.70616663403203,-31.164859863484487],[152.706124082036297,-31.16486827148033],[152.706081557040505,-31.164876804476183],[152.706039247044629,-31.164886073472054],[152.705997305048498,-31.164896695467966],[152.705953220052351,-31.164909567463688],[152.705909431056,-31.164923632459452],[152.705865938059475,-31.164938691455244],[152.705822740062814,-31.16495456645108],[152.705779830066035,-31.164971051446937],[152.705726306069892,-31.16499292344179],[152.705673293073431,-31.165016184436709],[152.705620728076866,-31.165040521431674],[152.705568513080095,-31.165065620426677],[152.705516558083218,-31.165091159421713],[152.705458614086609,-31.16512062341619],[152.705401191089777,-31.165151136410714],[152.705344118092768,-31.165182358405286],[152.70528724109576,-31.165213955399878],[152.705230400098714,-31.165245580394465],[152.705179835101319,-31.165273808389664],[152.705129412103872,-31.165302295384876],[152.705079080106401,-31.165330962380086],[152.705028819108918,-31.165359736375319],[152.704978575111397,-31.165388555370548],[152.704934724113599,-31.165413188366387],[152.704890630115926,-31.165437444362194],[152.704846715118208,-31.165461987358011],[152.704803402120291,-31.165487427353899],[152.704761101122017,-31.165514381349915],[152.70472883012286,-31.165538360346883],[152.704697734123329,-31.16556437334399],[152.704666755123753,-31.165590413341114],[152.704634816124582,-31.16561446333813],[152.7046008701262,-31.165634489334899],[152.704574516127792,-31.165647244332376],[152.704547229129616,-31.165659408329763],[152.704519387131739,-31.165669780327089],[152.704491348134326,-31.165677130324347],[152.704463488137378,-31.16568024032161],[152.704439339140635,-31.165679030319204],[152.704414903144254,-31.165674844316758],[152.704390530148231,-31.165668399314281],[152.704366560152351,-31.165660430311853],[152.704343308156439,-31.16565163630948],[152.704313180162188,-31.16563722230638],[152.704284406168227,-31.165619357303399],[152.704256393174433,-31.165599546300459],[152.704228533180668,-31.165579306297555],[152.704200234186857,-31.165560141294606],[152.704168896193465,-31.165540429291347],[152.704137513200038,-31.165520806288097],[152.704106067206652,-31.165501265284817],[152.704074577213248,-31.165481813281559],[152.704043024219828,-31.165462442278272],[152.704086624246912,-31.165219779280797],[152.706907429706291,-31.151682449460065],[152.706946763725909,-31.151499208462614],[152.706921467730893,-31.151485833460001],[152.70631710789749,-31.150813652395037],[152.706196551930702,-31.150679569382074],[152.70612758294871,-31.15061038537473],[152.705930903965793,-31.150668346355648],[152.705828024976086,-31.150688631345588],[152.703395062187525,-31.151405550109526],[152.70315604620518,-31.151499348086514],[152.702635176243632,-31.151703771036363],[152.702571890251591,-31.151703950030086],[152.700602017499932,-31.151709449834716],[152.699602038673305,-31.151359549732916],[152.699268666775424,-31.150912175696522],[152.698295318980087,-31.150304184595459],[152.697721834227167,-31.149002205528888],[152.696835147450798,-31.148170520434768],[152.695788302860734,-31.146099929315564],[152.695674905957389,-31.145486204299747],[152.694221512402578,-31.143535974141106],[152.69358807767793,-31.142079029067457],[152.693432423744667,-31.141728092049409],[152.693309076798187,-31.141445136035081],[152.693242715817775,-31.141361790027872],[152.693114474850205,-31.141240490014258],[152.693075615860067,-31.141203738010127],[152.692880287902767,-31.14106905498976],[152.692667569945627,-31.140950022967772],[152.692448299988229,-31.140838969945214],[152.692233323030251,-31.140728220923073],[152.692092865057987,-31.140653819908589],[152.691951026085547,-31.140581822893989],[152.691807923112947,-31.140512244879275],[152.691663700140197,-31.140445131864482],[152.691518473167179,-31.140380520849604],[152.691159479235097,-31.140212169812749],[152.691137651239274,-31.140201932810502],[152.691055119254969,-31.140162572802033],[152.690722022318397,-31.140003633767819],[152.690314551392277,-31.139836663726165],[152.689958338448633,-31.139752017690228],[152.689696484475206,-31.139800690664625],[152.689528295473366,-31.139972976649219],[152.689517861472041,-31.139992993648345],[152.689400731456715,-31.140217566638409],[152.689305071430255,-31.140505182631045],[152.68923255539903,-31.140806576626101],[152.689174409368064,-31.141092570622451],[152.689157782336451,-31.141343981622665],[152.689180105297908,-31.141610757626868],[152.689201216266952,-31.141821705630541],[152.689204004262848,-31.141849574631024],[152.689206506259183,-31.14187459263146],[152.689205610252628,-31.141924476631733],[152.689202214227208,-31.142117120632836],[152.689132351208855,-31.142320090627404],[152.688937636234755,-31.142310381608041],[152.688532690307625,-31.142148733566678],[152.688005575405413,-31.141916315512695],[152.687444307506127,-31.14169428545539],[152.686936957587704,-31.141563813404119],[152.686593272633985,-31.14154279136989],[152.6862456706763,-31.141554873335519],[152.685895988716879,-31.141581934301062],[152.685546072757887,-31.141605902266534],[152.685197726801562,-31.141608671232028],[152.68448254089904,-31.141555978160746],[152.683766396002454,-31.141459506089024],[152.683053083110508,-31.141326147017327],[152.682346368221744,-31.141162793946052],[152.681650015334753,-31.14097634987564],[152.681550022352127,-31.140940825865467],[152.681449232370682,-31.140897618855163],[152.681349078388735,-31.140857414844913],[152.681250977404687,-31.140830872835007],[152.681156345416923,-31.140828666825612],[152.681128163408317,-31.140919498823482],[152.681122579379348,-31.141141373824571],[152.681126175339159,-31.141437632827145],[152.681125566297169,-31.14175162182941],[152.681107362262622,-31.142026697829657],[152.681021705194979,-31.142612267825523],[152.68089855212574,-31.143245300818016],[152.680725201067247,-31.143845436805297],[152.680488950031872,-31.144332321785498],[152.680177069031998,-31.144625611756762],[152.679897063059002,-31.144688215729477],[152.679576468101544,-31.144673360697592],[152.67924663114826,-31.144635639664624],[152.678938873188002,-31.144629614634074],[152.678684531209427,-31.144709868609461],[152.678586690184915,-31.144985052601807],[152.678642483110565,-31.145487105611075],[152.678780153008518,-31.146119145629413],[152.678927951900704,-31.146784288649009],[152.679014114809235,-31.147385644662009],[152.679051925759467,-31.147721245668269],[152.679106283705693,-31.148071225676247],[152.679144982654833,-31.14841445468263],[152.679135821613755,-31.148729797684069],[152.67904662258934,-31.148996134677205],[152.678941457582908,-31.149143393667881],[152.678812045580941,-31.149279959656074],[152.678665467582846,-31.149404414642465],[152.678508787587759,-31.14951531662776],[152.678349049595084,-31.149611293612644],[152.677964622632686,-31.149693518575145],[152.677503274698523,-31.149637699529013],[152.677016854773626,-31.149536172480055],[152.676557192839084,-31.149481330434096],[152.676176144876024,-31.149565536396953],[152.675932155883999,-31.149736102374042],[152.67570371888354,-31.149955172353021],[152.675500407875433,-31.15020786533476],[152.675331777860379,-31.150479285320067],[152.675207376839239,-31.15075457730979],[152.675158101817516,-31.150963087306447],[152.675142109790045,-31.151183368306505],[152.675138497760344,-31.151408327307806],[152.675126324732048,-31.15163086630826],[152.675084669708809,-31.151843913305722],[152.67492768367552,-31.152240541293111],[152.674701236649867,-31.152645613273691],[152.674421909635129,-31.153019508248775],[152.674106306634428,-31.153322597219752],[152.673771017651035,-31.153515313187963],[152.673398662688527,-31.153586818151602],[152.672972649744906,-31.153568343109246],[152.672530052813215,-31.153476247064692],[152.672107965886596,-31.153326898021778],[152.671743480958185,-31.153136691984241],[152.671548640001134,-31.153000017963919],[152.671362180045719,-31.15284339094428],[152.671188180090866,-31.152670484925757],[152.671030764135651,-31.152485011908773],[152.670893991178957,-31.152290646893793],[152.670793639217777,-31.152095626882389],[152.670717785255533,-31.151885529873311],[152.670653083292791,-31.151668162865292],[152.670586158330337,-31.151451315857045],[152.670503689368701,-31.151242795847331],[152.670217854479375,-31.150686348814872],[152.669857743606428,-31.150078117774679],[152.669472462729203,-31.149525032732392],[152.669111141827301,-31.149133989693681],[152.668822895880112,-31.149011891664223],[152.668640200894401,-31.149077668646601],[152.668466586902099,-31.149183891630202],[152.668296539906777,-31.149309610614285],[152.668124511911913,-31.149433886598167],[152.667945008920952,-31.149535788581144],[152.667775104933952,-31.149599074564779],[152.667598066949779,-31.149648062547602],[152.667420113966102,-31.149694289530309],[152.66724744098056,-31.149749292513626],[152.667086276990858,-31.149824616498218],[152.666969207994555,-31.149907577487237],[152.666860815995136,-31.150005642477225],[152.666755120994765,-31.150108217467508],[152.666646181995617,-31.150204741457447],[152.666528045999854,-31.150284618446339],[152.666222320027032,-31.15037047541669],[152.665869883072418,-31.150364101381719],[152.665494364126033,-31.150318690344182],[152.665119410177653,-31.150287459306814],[152.664768676217165,-31.150323611272345],[152.664422138240297,-31.150478113239156],[152.664091591250866,-31.15071129220815],[152.663768010258252,-31.150961655177959],[152.663442411271831,-31.151167700147244],[152.663105760301022,-31.151267935114639],[152.662816662338855,-31.151258424085928],[152.662521183384456,-31.151196967056219],[152.662224161434949,-31.151100533026074],[152.661930420487408,-31.150986071996126],[152.661644782539042,-31.150870517966975],[152.661264907611525,-31.150687670927994],[152.660901470687435,-31.150464154890326],[152.660801379709142,-31.15039690687993],[152.66066519873857,-31.150305429865742],[152.660544264764781,-31.150224207853171],[152.660505898772897,-31.150199538849186],[152.660183168841513,-31.149992058815684],[152.659808052915764,-31.149791974777052],[152.659518165970525,-31.149656744747332],[152.659224021025778,-31.1495219817172],[152.658925978079793,-31.14940019768677],[152.658624402130812,-31.149303897656186],[152.658319671177139,-31.149245587625593],[152.658056479213627,-31.14922177059935],[152.65778433324914,-31.149213559572335],[152.657513172281512,-31.149227938545593],[152.657252948308582,-31.14927184352015],[152.657013600328071,-31.149352223497047],[152.656785700335945,-31.149508536475626],[152.656588636331293,-31.149729614457758],[152.656403252321354,-31.149978857441258],[152.656210365313513,-31.150219655423953],[152.655990810315103,-31.150415428403651],[152.655716754329944,-31.15056338737762],[152.655418182352946,-31.150673805348866],[152.655107526379737,-31.150766824318808],[152.654797211406191,-31.150862559288786],[152.654499678427982,-31.150981134260217],[152.654143162448946,-31.151161292226256],[152.653793262466905,-31.151357764193055],[152.653450650482057,-31.151568354160698],[152.653116078494577,-31.151790893129231],[152.652790228504699,-31.152023185098695],[152.652515285510532,-31.152239548073084],[152.652250264513299,-31.152469231048553],[152.651989789514658,-31.152705180024515],[152.651728497516245,-31.152940268000389],[152.65146104851965,-31.153167441975611],[152.651083297522462,-31.153503624940694],[152.650675301522369,-31.153889809903173],[152.650276009525641,-31.154243069866268],[152.649928546538177,-31.154477701833613],[152.649924360538336,-31.154480533833222],[152.649659295566664,-31.154519276807271],[152.64949615960245,-31.154405962790271],[152.649357146642359,-31.154239224775267],[152.649226782684167,-31.15405023876097],[152.649089543725637,-31.153870134746036],[152.64892997576456,-31.153730073729207],[152.648662768814376,-31.15361051270186],[152.6483603678615,-31.15354427767144],[152.64803750290659,-31.153512429639239],[152.647708900950363,-31.153496016606582],[152.647389307993478,-31.153476089574788],[152.647092573032012,-31.15346846154538],[152.646791544068066,-31.153483682515688],[152.646491573103901,-31.153499656486105],[152.646197966141784,-31.153494296456998],[152.645916049183938,-31.153445505428756],[152.645542600254629,-31.153270449390476],[152.645198212334407,-31.152999756354379],[152.644866787419147,-31.152680020319192],[152.64453220650455,-31.152357863283687],[152.644178326586569,-31.152079879246585],[152.643929710638446,-31.151927060220853],[152.643675070689881,-31.151783564194581],[152.64341783974109,-31.151643993168086],[152.643161469792375,-31.15150297114166],[152.642909402844055,-31.151355082115611],[152.64228448697358,-31.150978063050967],[152.641654131105014,-31.150591542985719],[152.641044902237184,-31.150179877922355],[152.640483362368713,-31.149727401863412],[152.639996080498463,-31.149218505811419],[152.639816567553396,-31.148977634791869],[152.639651988608023,-31.148724751773699],[152.639494751662568,-31.148465836756213],[152.639337289717133,-31.148206822738711],[152.639172029771942,-31.147953688720477],[152.638827023870618,-31.147542052683271],[152.638419341976601,-31.147135185639911],[152.638031515079348,-31.146733867598542],[152.637746128168317,-31.146338914567373],[152.637645732232897,-31.145951142554559],[152.637675340251945,-31.145780343556215],[152.637733776267225,-31.145611015560732],[152.637801795281206,-31.145442171566213],[152.637860141296471,-31.145272860570731],[152.637889534315605,-31.14510210657237],[152.637874439352373,-31.144841471568938],[152.63781231839593,-31.144574515560812],[152.637716009443778,-31.144307855549297],[152.637598312493424,-31.144048089535715],[152.637472054542343,-31.143801857521403],[152.637075640653393,-31.143346253478786],[152.636511733773233,-31.142983210420287],[152.635884809896851,-31.142651997355795],[152.635299300019057,-31.142291876295189],[152.63485966113484,-31.141842125248349],[152.634722512186187,-31.141587674232891],[152.634612022236496,-31.141316182219953],[152.63451103428639,-31.141038505207892],[152.634402372336609,-31.140765463195105],[152.634268853387965,-31.140507901179976],[152.633873703512762,-31.139948172136734],[152.633386788647186,-31.139403529084504],[152.63283549378167,-31.138919266026374],[152.6322471879067,-31.138540677965345],[152.631649263012719,-31.138313088904511],[152.631339216059899,-31.13825333287339],[152.631017167105568,-31.138216202841246],[152.630692178147967,-31.138206483809036],[152.630373329185289,-31.138228926777668],[152.630069673215758,-31.138288328748061],[152.629801175232927,-31.138413769722433],[152.629543631240011,-31.138604727698379],[152.629292648244643,-31.138807231675063],[152.629043719254724,-31.138967300651622],[152.628792422277968,-31.139030979627243],[152.62854421031571,-31.13898337260234],[152.628490865325915,-31.138957788596876],[152.628293765363452,-31.138863228576668],[152.628045239417105,-31.138697242550855],[152.627802799472477,-31.138512127525487],[152.62757059752559,-31.138334605501207],[152.627320125584419,-31.13813145547492],[152.62708435564403,-31.137908387449944],[152.626856177704099,-31.13767480442564],[152.626628483764279,-31.137440164401379],[152.626394138824139,-31.137213896376515],[152.626009548924685,-31.136825577335596],[152.625626366029252,-31.136406002294581],[152.625235016131626,-31.136010234252932],[152.624825928225732,-31.135693359210116],[152.624389525305332,-31.135510458165591],[152.624071026349043,-31.135484784133897],[152.623740632386131,-31.13551982410149],[152.623403604420304,-31.135583001068628],[152.623065169455231,-31.135641777035595],[152.622730580494618,-31.135663532002678],[152.622044549598399,-31.135536126933875],[152.62134805772294,-31.135263531862972],[152.620659086850083,-31.134963731792624],[152.619995635961885,-31.134754691725465],[152.619375669040352,-31.134754412664162],[152.619053638065537,-31.134870468633178],[152.618745161082046,-31.13503896360394],[152.618442008094689,-31.135231194575383],[152.618135942108353,-31.135418495546521],[152.617818707127896,-31.135572190516282],[152.617239544171923,-31.135791017460647],[152.616625188222855,-31.135991262401408],[152.616003357282068,-31.136136701341005],[152.615401749350838,-31.136191084281933],[152.6148480714306,-31.136118152226654],[152.614540822485395,-31.135998842195395],[152.614246517544615,-31.135834102165063],[152.613959643606393,-31.135643394135286],[152.613674670668786,-31.135446124105655],[152.61338604872995,-31.135261717075746],[152.613067002792349,-31.135096323042987],[152.61273213585514,-31.134943398008748],[152.612405255917736,-31.134784107975239],[152.612110162979747,-31.13459959394471],[152.61187064504054,-31.134371003919323],[152.611712763098552,-31.134086478901605],[152.611616759154941,-31.133755135889647],[152.611547226210945,-31.133401651880149],[152.611468774267735,-31.133050704869781],[152.611345995326531,-31.132726971855256],[152.611201765378297,-31.132476079839126],[152.61103889843119,-31.132234276821233],[152.610863151484722,-31.131999448802119],[152.610680322538599,-31.131769486782343],[152.610496193592184,-31.131542295762451],[152.610292783652511,-31.131283407740412],[152.610087204713494,-31.131021543718145],[152.609873019774312,-31.130768984695099],[152.609643819834133,-31.130538046670722],[152.609393151892164,-31.130341027644487],[152.609081151955252,-31.130163863612335],[152.608740235017308,-31.130022035577586],[152.608381228077462,-31.129911303541281],[152.608014951134976,-31.12982740050446],[152.607652224189025,-31.129766086468152],[152.607294320234843,-31.129761989432737],[152.606918936275264,-31.129814651396039],[152.606547289314364,-31.12987380435975],[152.606200509356142,-31.129889113325596],[152.605899786404649,-31.129810293295293],[152.605728861442088,-31.12969189727751],[152.605576061481713,-31.129539931261277],[152.605432539522582,-31.129369939245834],[152.605289448563667,-31.129197499230408],[152.605137912604135,-31.129038147214249],[152.604815577683183,-31.128751372180272],[152.604481311762129,-31.128476645145188],[152.604137919840866,-31.128212109109299],[152.603788181919299,-31.127955973072833],[152.603434894997292,-31.127706363036065],[152.602968975094001,-31.127423091987918],[152.602476217189832,-31.127171805937362],[152.601984113285312,-31.126922803886877],[152.601520228380821,-31.12664640083899],[152.601112054476971,-31.126312913796177],[152.600822142563231,-31.125941250764775],[152.600586587650099,-31.12551381373833],[152.600367481736953,-31.125070734713375],[152.600126952823246,-31.124652073686509],[152.599827074908461,-31.124297943654248],[152.598904768084793,-31.123850427559788],[152.597609803270387,-31.123686054430639],[152.596150375443813,-31.123769212287062],[152.594734680583343,-31.12406429514941],[152.593570908667544,-31.124535673037961],[152.593062991684292,-31.124891325990436],[152.592599904685073,-31.125324059947921],[152.592158142677988,-31.125795616907784],[152.591714220671122,-31.126267720867446],[152.591244608672525,-31.12670214882429],[152.590961535675888,-31.126944820798141],[152.590679153678394,-31.127193579772104],[152.590391347682839,-31.127433113745457],[152.590092005691986,-31.127648122717488],[152.589775022708665,-31.127823314687486],[152.589534932725542,-31.12792428366452],[152.589286083745407,-31.128011305640594],[152.589031436768039,-31.128083089615977],[152.588773946793197,-31.128138351590959],[152.588516565820726,-31.128175811565811],[152.588060336879124,-31.128170343520718],[152.587596076949694,-31.12808185147421],[152.587126609026541,-31.12795075342688],[152.586654702103999,-31.127817450379283],[152.586183163176287,-31.127722352332018],[152.585703216244355,-31.12766718728421],[152.585221189310715,-31.127626338236311],[152.584737871375921,-31.127595826188362],[152.584254068440316,-31.127571680140402],[152.583770562504384,-31.1275499450925],[152.583373396557192,-31.127530254053148],[152.582975773610116,-31.127510526013733],[152.582578141662339,-31.127495925974365],[152.582180984713119,-31.127491597935116],[152.581784759761774,-31.127502688896076],[152.581247379823282,-31.127550720843381],[152.58071164988047,-31.127630000791083],[152.580176823935119,-31.127727127739],[152.579642231989169,-31.127828691686979],[152.579107173044463,-31.127921292634856],[152.578764607083627,-31.127952578601263],[152.578407160127313,-31.127963955566056],[152.578057163168722,-31.12798526453167],[152.577736880201059,-31.128046355500501],[152.577468643217543,-31.128177078475005],[152.577279046210549,-31.128409093458007],[152.577153712184639,-31.128722348447965],[152.5770522661511,-31.129069952440535],[152.576936711121931,-31.129398213431564],[152.576934327121307,-31.129405007431377],[152.576759530106642,-31.129680614416174],[152.576524315110646,-31.129873582394389],[152.576247768125256,-31.13002622236823],[152.575951097144838,-31.130160647339949],[152.575655511163774,-31.130298953311787],[152.575382200176449,-31.13046323728604],[152.57513135217738,-31.130693818262991],[152.574896164170127,-31.130971146241837],[152.574666069162987,-31.131242925221141],[152.57443049616424,-31.131456905199492],[152.574178904182219,-31.131560798175428],[152.573941198214442,-31.131544647151841],[152.573694734256947,-31.131459732126892],[152.573443717305423,-31.131334418101169],[152.573192368355507,-31.131197100075351],[152.572944918402925,-31.131076151050021],[152.572686273451012,-31.130961136023647],[152.572430208499526,-31.130839935997468],[152.572174700548175,-31.130717462971351],[152.571917757596509,-31.130598655945107],[152.571657382644162,-31.130488409918584],[152.571177317725869,-31.130331085870036],[152.570681243804671,-31.130210388820188],[152.570183144882833,-31.130096647770177],[152.569696993962538,-31.129960145721203],[152.569236758045918,-31.12977119567438],[152.568961960101262,-31.129616961646114],[152.568696277157812,-31.129444764618608],[152.568435848215103,-31.129262249591559],[152.56817679027256,-31.129077072564616],[152.567915240329654,-31.128896852537469],[152.567751003366453,-31.128776655520365],[152.567589473404183,-31.128646982503469],[152.567426643441451,-31.128521971486467],[152.567258479476891,-31.128415767469082],[152.567080957509091,-31.128342513451027],[152.566808220547017,-31.128316814423926],[152.566513880577702,-31.128365784395243],[152.566207394604135,-31.128458301365679],[152.565898218629229,-31.128563234335964],[152.565595810655964,-31.128649467306769],[152.565036989708659,-31.128784420252636],[152.564481000759315,-31.128931922198866],[152.563926087809222,-31.12908419314526],[152.563370448859558,-31.129233443091543],[152.562812307911685,-31.129371865037502],[152.562523184942421,-31.1294157440093],[152.562206470978964,-31.129441954978255],[152.56190312201295,-31.129475157948573],[152.561654095035777,-31.129540020924498],[152.561500345039065,-31.129661222910222],[152.56149888401373,-31.129852602911502],[152.561625516963232,-31.130111095925923],[152.561814521899464,-31.130410213946789],[152.56200013783419,-31.130723467967421],[152.562116668779339,-31.131024369981159],[152.562172962725327,-31.131376356989335],[152.562196572673002,-31.131746388994411],[152.562182490625133,-31.132118742995793],[152.562125658584449,-31.132477694992851],[152.562021058553739,-31.132807487984987],[152.56181257453909,-31.133115274966691],[152.561510148541686,-31.13338245393885],[152.56117369555048,-31.133635900907553],[152.560863148554176,-31.133902515878898],[152.560638458541774,-31.134209181859006],[152.560515356495216,-31.134675002850315],[152.560517283425298,-31.135197654854398],[152.560580702343373,-31.135751680864765],[152.560642194260936,-31.136311640874997],[152.560638232189405,-31.13685205087862],[152.56061091916834,-31.137036053877299],[152.560575269148359,-31.137219608875139],[152.560539521128447,-31.137402912872975],[152.560511867107522,-31.137586180871612],[152.560500536084504,-31.137769600871852],[152.560509939061149,-31.137935666874011],[152.560533541036051,-31.13810164387758],[152.560563311010128,-31.138267691881747],[152.560591205984423,-31.138433981885729],[152.560609205959906,-31.138600648888758],[152.560612279923902,-31.138867872891034],[152.560596054890169,-31.139136181891427],[152.560571950857394,-31.139405037891059],[152.560551413824157,-31.139673911891034],[152.560545865789038,-31.139942273892476],[152.560572039746177,-31.140239061897251],[152.560622533700013,-31.140537454904457],[152.560674281653803,-31.140834753911765],[152.560704274610885,-31.141128278916909],[152.560689438574457,-31.141415331917578],[152.56060129553947,-31.141761520911462],[152.560457056512092,-31.142103755899779],[152.560271995491064,-31.14243703688399],[152.560061378475098,-31.142756351865582],[152.559840488463038,-31.143056698846024],[152.559659568456084,-31.14328051082985],[152.559465059451952,-31.143496174812253],[152.559258646450672,-31.143701620793429],[152.559041961452351,-31.143894767773489],[152.558816706457009,-31.144073535752593],[152.558507638471497,-31.144258328723481],[152.55816826249503,-31.144403885691094],[152.557821008521103,-31.144538211657832],[152.557488320543001,-31.144689317626131],[152.557192626554354,-31.144885207598431],[152.557077421556272,-31.144979687587771],[152.556960146558197,-31.145076803576927],[152.556849262558615,-31.145178948566745],[152.55675330355615,-31.145288541558088],[152.556680748549383,-31.145407950551821],[152.556637910531151,-31.145585527548917],[152.556645036503568,-31.145785351551108],[152.556678498471058,-31.145997842555985],[152.556714658437727,-31.146213435561158],[152.556729887407897,-31.146422582564206],[152.556730819373854,-31.146676917566186],[152.556732549339046,-31.146936379568285],[152.556722133306124,-31.147193107569169],[152.556686599277811,-31.14743921356748],[152.556612996256774,-31.147666871561928],[152.556454603241804,-31.147929426548242],[152.556233578236998,-31.148175595528286],[152.555970056240824,-31.148396781503948],[152.555684160252014,-31.148584433477136],[152.555396005269102,-31.148729954449788],[152.555269586279252,-31.14877373543764],[152.555137816291705,-31.148805449424874],[152.555004639304769,-31.148833758411961],[152.554874061316838,-31.148867301399338],[152.55474999132619,-31.148914730387453],[152.554590648333033,-31.149015126372483],[152.554445047334326,-31.149143284359074],[152.554304626333533,-31.149282737346262],[152.554160827333845,-31.149417018333068],[152.55400507833852,-31.149529668318547],[152.553673735362537,-31.149664164286875],[152.553306043399772,-31.149733698251129],[152.552921526442873,-31.149775910213528],[152.552539662484207,-31.149828440176258],[152.552179966516348,-31.149928953141526],[152.551913620531451,-31.15006854011629],[152.55165795054026,-31.150245185092398],[152.551405669548245,-31.150425101068866],[152.551149497560715,-31.1505745220447],[152.550882139583223,-31.15065965301897],[152.550566241621766,-31.150670813987897],[152.550232244670582,-31.150621413954607],[152.549895487726189,-31.150524334920679],[152.549571289784808,-31.15039245688773],[152.549274950842829,-31.150238653857357],[152.548905152924704,-31.149975713818947],[152.548557371013914,-31.149636508782137],[152.548250670104892,-31.149245410748989],[152.548004180191867,-31.148826757721572],[152.547837003269279,-31.148404931701958],[152.546749408306255,-31.149160578600345],[152.545295420405751,-31.149795346461708],[152.543388143486453,-31.151001290282633],[152.543015431502226,-31.151236953247636],[152.542579909520668,-31.151512327206753],[152.541166035631903,-31.15202093607116],[152.541122549360011,-31.15410235308234],[152.540500675282203,-31.155277065029765],[152.540645741140764,-31.156200398050917],[152.540524111026286,-31.15717500604616],[152.540327616802841,-31.159038248040641],[152.540985500562726,-31.160214490114225],[152.540516698451739,-31.161492511077505],[152.539921083392784,-31.162500798026286],[152.539701055371012,-31.16287326000737],[152.538141643600909,-31.162630484851853],[152.535208321950847,-31.162792993563979],[152.531334235358287,-31.163418610186863],[152.530013606470789,-31.16382966705979],[152.528926881597215,-31.163914209953347],[152.528628059634258,-31.16392045892395],[152.527566666745344,-31.164095842820686],[152.525172713989519,-31.16453978358814],[152.524271849038115,-31.165031622503051],[152.522877144112783,-31.165797939371352],[152.521249027212463,-31.166598320216931],[152.51967474734198,-31.167123551065785],[152.517021738687077,-31.167056704804004],[152.51546105683326,-31.167444302653195],[152.513887458008554,-31.167625477499588],[152.513384850105467,-31.167375670448251],[152.512522296271896,-31.16694697136014],[152.511029927515523,-31.166537725210159],[152.509844358729339,-31.166060110089894],[152.509039952969601,-31.165021206003001],[152.50822094613082,-31.164589995919162],[152.507602766319167,-31.163763483852176],[152.506424332558055,-31.163090910731171],[152.505577725662448,-31.163112569647996],[152.504992023717932,-31.16325309859139],[152.504816886734545,-31.163295121574453],[152.504390580774924,-31.163397419533265],[152.502656178916482,-31.163985280366916],[152.501942812000152,-31.164035776297098],[152.501104972133589,-31.163830942213103],[152.501070613139774,-31.163817191209603],[152.501034542145817,-31.16380607620599],[152.500997476151639,-31.163797749202278],[152.500960124157075,-31.163792352198559],[152.50092317416204,-31.163790058194923],[152.500833212170193,-31.163814592186235],[152.50074308017301,-31.163879465177843],[152.500652222172931,-31.163966442169549],[152.500560091172503,-31.164057301161151],[152.500466113174241,-31.164133791152484],[152.500276562181938,-31.164256419134741],[152.500080934191146,-31.164373471116356],[152.499879811202391,-31.16448048309735],[152.499673784216185,-31.164573010077763],[152.499463437233061,-31.164646586057614],[152.499226350256549,-31.164695925034653],[152.498981115284863,-31.164716641010667],[152.498731470315676,-31.164722906986153],[152.498481143346623,-31.164728850961552],[152.498233873375312,-31.164748625937371],[152.49809677039039,-31.164765827924015],[152.497959533405464,-31.164783316910622],[152.49782262742022,-31.164802732897311],[152.49768650943443,-31.164825672884081],[152.49755163844776,-31.164853756871025],[152.497306027469193,-31.164926732847388],[152.497065740486988,-31.16502182382445],[152.496827775503135,-31.165127266801822],[152.496589066519505,-31.165231303779109],[152.496346592538174,-31.165322198755916],[152.496100487559289,-31.165397576732271],[152.495851963581771,-31.165465569708317],[152.49560204960494,-31.165529330684198],[152.495351785628316,-31.165592043660041],[152.495102221651337,-31.165656862635977],[152.495096735651856,-31.165658341635442],[152.495091240652329,-31.16565981163491],[152.495088497652574,-31.165660555634641],[152.494810339674558,-31.165760334608013],[152.494540716690409,-31.165898166582508],[152.494279062701736,-31.16606204755799],[152.494024830710316,-31.166239921534284],[152.493777464717709,-31.16641977651129],[152.493610091721109,-31.166553806495816],[152.493450347722074,-31.166698943481183],[152.493292234722475,-31.166846025466718],[152.493129729724501,-31.166985936451766],[152.492956853729936,-31.167109532435681],[152.492870289733645,-31.167164016427559],[152.492782605737602,-31.167218042419336],[152.492693325742152,-31.16726884241093],[152.492601966747742,-31.167313635402284],[152.492508069754876,-31.167349635393318],[152.492419184763349,-31.167370908384708],[152.492327332773385,-31.16738264237577],[152.492234197784143,-31.167390567366667],[152.492141511794586,-31.167400401357625],[152.49205094180374,-31.167417872348846],[152.49182334081803,-31.167527252327265],[152.491603923822936,-31.16769956030695],[152.491391373825536,-31.167882444287407],[152.491184380832976,-31.168023601268089],[152.49098160985244,-31.168070708248489],[152.490877190868446,-31.168049742238061],[152.490774572886608,-31.168011243227681],[152.490672527905758,-31.167964434217293],[152.490569837924852,-31.167918557206853],[152.490465310942909,-31.16788281819629],[152.490276962969943,-31.167858518177596],[152.490076638994907,-31.167862006157918],[152.489877821019206,-31.167868812138405],[152.489694000044409,-31.167854470120226],[152.489538674072065,-31.16779452010449],[152.489537007072443,-31.167793418104313],[152.489535905072671,-31.167792674104206],[152.488859484218523,-31.167340831034306],[152.487868244417314,-31.166790941932724],[152.487028306522319,-31.166801856850189],[152.486333142639609,-31.166582593780188],[152.485817802737301,-31.166339287727698],[152.485709814772235,-31.16617944271589],[152.484083317083844,-31.165386937550036],[152.483023907317119,-31.164642521440317],[152.481454796555909,-31.164342595283781],[152.480034826735448,-31.164345535144172],[152.479084666803317,-31.164741117053676],[152.478030444841579,-31.165458325955349],[152.477157974937739,-31.165566808870359],[152.47558901506369,-31.166115153720174],[152.47484297314773,-31.16619418864742],[152.47310515844211,-31.165637193472431],[152.471177184597309,-31.166308022287897],[152.470770248653167,-31.166276065247665],[152.470313928760959,-31.165900492200013],[152.469274961987082,-31.165190186092623],[152.467644903363066,-31.163915927922947],[152.466713431562681,-31.163302415826848],[152.466287078723838,-31.162496714778964],[152.464695466123146,-31.161010092611505],[152.463834148255984,-31.160831780525534],[152.463036142437261,-31.160228898442647],[152.462398097599106,-31.159619338375418],[152.459491029979773,-31.159527608089093],[152.459017384046263,-31.159478817042196],[152.458008626325665,-31.158338311934614],[152.457183522519415,-31.157666765848578],[152.456764618668899,-31.156941229802023],[152.455835864935693,-31.155818749702455],[152.455638173946681,-31.155924748683816],[152.455442204956995,-31.156033948665389],[152.455205475968938,-31.156169895643142],[152.455066068975896,-31.156250598630042],[152.454928050982375,-31.156333461617098],[152.454792793987991,-31.156420116604458],[152.454661642992363,-31.156512176592255],[152.454505589995506,-31.156637743577853],[152.454356851996351,-31.156773117564253],[152.45421200299603,-31.156913771551064],[152.454067647995544,-31.157055213537941],[152.453920361995898,-31.157192918524505],[152.453683310996837,-31.157412168502841],[152.453447890997097,-31.157635039481359],[152.453209172998356,-31.157853321459552],[152.452962189002363,-31.158058811436806],[152.452702002010852,-31.158243299412614],[152.452511626020453,-31.158352561394718],[152.452313443032693,-31.158449470375981],[152.452112193045963,-31.1585416203569],[152.451912584058647,-31.158636602337996],[152.451719340069104,-31.158742010319802],[152.451591613074925,-31.158820417307837],[152.451465347080159,-31.158901416296036],[152.4513405870849,-31.158984844284404],[152.451217431089134,-31.159070539272932],[152.451095970092837,-31.159158359261667],[152.451013197094852,-31.159222281253992],[152.450888097097049,-31.15932517924249],[152.450769656099425,-31.159420520231553],[152.450685180101971,-31.159481744223719],[152.450545961106997,-31.159576825210749],[152.450402350112739,-31.159670830197353],[152.450254669120113,-31.159756140183472],[152.450103206130166,-31.15982511816911],[152.449948282143794,-31.15987010815423],[152.449828685157001,-31.159885042142598],[152.44970619317229,-31.159886915130571],[152.449582159188907,-31.159879950118334],[152.449334924223365,-31.159856464093885],[152.449072137260941,-31.159824507067832],[152.44880957430064,-31.159776101041686],[152.448548867341998,-31.159713470015628],[152.448291629384528,-31.159638834989806],[152.448039446427714,-31.159554429964412],[152.447902271451966,-31.159502545950566],[152.44776668247664,-31.159446162936828],[152.447632124501581,-31.159386874923168],[152.447498078526621,-31.15932628690955],[152.447364022551596,-31.159265985895946],[152.447241341575364,-31.159204259883438],[152.447119933599851,-31.159135407870991],[152.446998329624108,-31.159069127858558],[152.446875047646898,-31.159015083846057],[152.446748620667194,-31.158982938833404],[152.446589922687508,-31.158981369817813],[152.446426223704236,-31.159011846801963],[152.446260049718632,-31.159061928786013],[152.446093867732117,-31.159119163770118],[152.445930194745983,-31.15917109175443],[152.445737577763254,-31.159224623735913],[152.445544691780299,-31.159280236717386],[152.445353714796425,-31.159341155699092],[152.445166798810931,-31.159410598681244],[152.444986121823064,-31.159491812664111],[152.444841408830854,-31.159571215650491],[152.44470122183688,-31.159659743637388],[152.444563741841819,-31.159753694624584],[152.444427166846424,-31.159849340611874],[152.444176302855482,-31.160020686588524],[152.444064234859042,-31.160100770578119],[152.443951827862747,-31.160180137567654],[152.443837411867236,-31.160255757556982],[152.443719338873052,-31.160324565545903],[152.443590491880485,-31.160391337533742],[152.443458488888893,-31.160454273521257],[152.443323796898426,-31.16051113150845],[152.443186871909319,-31.160559734495369],[152.443048172921863,-31.160597831482033],[152.442850428942677,-31.160629805462861],[152.442646570967128,-31.160640194442912],[152.442439602994085,-31.160634600422551],[152.442232527022497,-31.1606186534021],[152.442028337051113,-31.160597955381895],[152.44184545507764,-31.160572918363766],[152.441663486105256,-31.160538577345626],[152.441482164133589,-31.16049840032753],[152.44130124516218,-31.160455732309465],[152.441120415190596,-31.160414004291386],[152.440834958234745,-31.160354295262923],[152.440692503256912,-31.160323198248712],[152.440551411279472,-31.16028795223459],[152.440412595302661,-31.160246072220659],[152.440202041340171,-31.160164679199383],[152.439996569379133,-31.160067374178485],[152.439794683418995,-31.15995975315786],[152.439395572499279,-31.159735984117017],[152.439208100537371,-31.159628174097826],[152.439023514575808,-31.159515030078843],[152.4388395926143,-31.159400704059948],[152.438654128652587,-31.159289380040917],[152.438464917690368,-31.159185254021562],[152.438232437734968,-31.1590712849979],[152.437995726779064,-31.158965312973876],[152.437756227822774,-31.158864843949615],[152.437274594909582,-31.158670387900898],[152.437145899933086,-31.158616432887861],[152.437017445956712,-31.158561250874836],[152.436888499980171,-31.158507627861795],[152.43675830800322,-31.158458316848638],[152.436626143025592,-31.158416122835348],[152.436410874059504,-31.158366202813841],[152.436190397091821,-31.158333026791961],[152.435966809123016,-31.15831168276986],[152.435742217153404,-31.158297259747719],[152.435518710183374,-31.158284826725666],[152.43529656621277,-31.158275745703801],[152.435073973241288,-31.158273243681936],[152.434851148269274,-31.158275341660076],[152.43440561432439,-31.158285408616422],[152.43397839437705,-31.158296981574573],[152.43355078842896,-31.158314120532726],[152.433123612479761,-31.158339291490986],[152.43269767452901,-31.15837495044946],[152.43227376157634,-31.158423571408207],[152.431981717608465,-31.15846040437982],[152.431835954624205,-31.158480824365661],[152.431691205639311,-31.158505484351636],[152.43154810565332,-31.158536572337827],[152.431335705672041,-31.158598468317447],[152.431126712688382,-31.158675119297495],[152.430920237703077,-31.158761541277872],[152.430343319742121,-31.159018207223163],[152.430176062753191,-31.159094697207326],[152.430009799763837,-31.159173374191592],[152.429844756773974,-31.159254453175993],[152.429681146783651,-31.159338141160561],[152.429444768796998,-31.159463082138291],[152.429209806809666,-31.159592038116191],[152.428978233821169,-31.159726820094459],[152.428752010830976,-31.159869204073324],[152.428533112838551,-31.160021010052965],[152.428344960843361,-31.160164657035573],[152.428161666846563,-31.160315584018711],[152.427983051848344,-31.160472580002356],[152.427808918848996,-31.160634423986465],[152.427639079848547,-31.160799899971025],[152.427529236847391,-31.160913526961092],[152.427422565845433,-31.161030327951494],[152.427317257843072,-31.161148517942031],[152.427211492840854,-31.161266286932534],[152.427004731837854,-31.161486899913875],[152.426906487836192,-31.161593015905023],[152.426806692834987,-31.161697356895996],[152.426703230834875,-31.161797026886585],[152.426594023836543,-31.161889167876563],[152.426445904841273,-31.161994763862818],[152.426289125848456,-31.162090570848132],[152.426126072857556,-31.162177601832791],[152.425959164868232,-31.162256852816995],[152.425790777879968,-31.162329317801003],[152.425622533891982,-31.162399353785027],[152.425450058904829,-31.162467569768609],[152.425275253919239,-31.162525907751895],[152.425099982936132,-31.162566280734993],[152.42492612795624,-31.162580641718044],[152.42484548796682,-31.162578059710111],[152.424764382977997,-31.162571444702106],[152.424683563989674,-31.162560606694104],[152.424603785001807,-31.162545377686151],[152.424525790014314,-31.16252554867836],[152.424343983048459,-31.1624421126599],[152.424175094086792,-31.162314483642387],[152.424013313127546,-31.162161951625368],[152.42385279516887,-31.162003863608465],[152.423687715208985,-31.161859525591176],[152.423543297242759,-31.161742688576151],[152.423400421276824,-31.161622490561225],[152.423256021310721,-31.161504954546196],[152.423107050344072,-31.161396069530774],[152.422950423376392,-31.161301840514703],[152.422768204410801,-31.161216718496203],[152.422577227444435,-31.161145867476939],[152.422380478477152,-31.161087162457193],[152.422180986508948,-31.161038469437266],[152.421981718539598,-31.160997665417412],[152.42182992356237,-31.160971374402326],[152.421676703584581,-31.160950067387137],[152.421522667606212,-31.160934308371914],[152.421368442627056,-31.160924654356709],[152.421214657646942,-31.160921660341597],[152.420972721676065,-31.160933349317951],[152.420729987702799,-31.160963818294373],[152.420487737727598,-31.161008584270927],[152.420247227750821,-31.161063211247747],[152.420009746772962,-31.161123234224899],[152.419826595789317,-31.161175189207317],[152.419645120804546,-31.161233787189946],[152.41946480281905,-31.161296705172724],[152.419285102833214,-31.161361649155587],[152.419105491847432,-31.161426306138448],[152.418868879866068,-31.161512199115872],[152.418633272884165,-31.161600933093414],[152.418398327901883,-31.161691514071038],[152.417929020937208,-31.161874191026367],[152.417762668950445,-31.16193340701048],[152.417593751964546,-31.161988634994326],[152.417426251978128,-31.162046218978329],[152.417264183989886,-31.162112543962927],[152.417111510998438,-31.162193971948557],[152.417037164001584,-31.162241355941614],[152.416963857004276,-31.162291213934779],[152.416892567006329,-31.162343930928195],[152.416824343007562,-31.162399919921917],[152.416760197007761,-31.162459583916075],[152.4166532480032,-31.162596212906593],[152.41656871899292,-31.162754534899474],[152.416494246979966,-31.162923317893426],[152.416417470967446,-31.163091329887134],[152.416326020958337,-31.163247329879329],[152.41624322995392,-31.16335962187204],[152.416155876950512,-31.163468910864278],[152.416064982947915,-31.163575608856164],[152.415971578945857,-31.163680128847773],[152.415876677944283,-31.163782909839231],[152.415781050942883,-31.163884982830602],[152.41568390894173,-31.163986195821835],[152.415584274941324,-31.164084798812794],[152.415481170941888,-31.164179046803387],[152.415373630943805,-31.164267189793492],[152.415173735951811,-31.164398152774854],[152.41495735496477,-31.164507361754442],[152.414732001980383,-31.164605005733069],[152.414505177996432,-31.164701261711524],[152.414284415010457,-31.164806274690651],[152.414140122018097,-31.164886681677103],[152.413855096031909,-31.165055446650399],[152.41371014003991,-31.165133387636768],[152.413560747050013,-31.165200044622626],[152.41345559105801,-31.165240364612597],[152.413348831066486,-31.16527861360241],[152.413240752075694,-31.165312470592067],[152.41313170608592,-31.165339631581567],[152.413021996097427,-31.165357765570949],[152.412849243118359,-31.165365205554053],[152.412672062142718,-31.165350997536581],[152.412493841169464,-31.165319793518876],[152.412317968197527,-31.165276228501295],[152.412147850225892,-31.165224954484241],[152.412047355243715,-31.165186669474103],[152.411949209262218,-31.165141051464136],[152.411851843280942,-31.165093058454232],[152.411753652299438,-31.165047665444273],[152.411653058317171,-31.16500981043411],[152.411506372340739,-31.164972717419449],[152.411355742363043,-31.164948424404514],[152.411203032384776,-31.164930487389405],[152.411050161406564,-31.164912434374273],[152.410899002429005,-31.164887801359274],[152.410719203456239,-31.16485440134138],[152.410537809483543,-31.164821754323363],[152.410358189511356,-31.164783917305456],[152.410183670539993,-31.164734983287982],[152.410017595569769,-31.164669026271227],[152.409884821596506,-31.164594849257647],[152.409758636624133,-31.164506993244622],[152.409635874652309,-31.164411876231874],[152.409513337680579,-31.164315845219154],[152.409387869708496,-31.16422530820617],[152.409169184755996,-31.164076416183626],[152.408949523803699,-31.163926942160973],[152.408726733850983,-31.163783160138063],[152.408498672897394,-31.163651353114727],[152.408263171942338,-31.163537779090792],[152.40807943797526,-31.163465126072225],[152.407891491007547,-31.163401105053335],[152.407700568039274,-31.163344686034186],[152.407507888070313,-31.163294846014935],[152.407314671100693,-31.163250545995659],[152.40709282213507,-31.163203188973554],[152.406868015169294,-31.163160179951188],[152.406642052202386,-31.163127120928792],[152.40641676123326,-31.163109613906574],[152.406193945261009,-31.163113288884759],[152.406003380282328,-31.163134883866238],[152.405812664301777,-31.1631705688478],[152.405623426319437,-31.163218328829601],[152.405437254335368,-31.163276119811783],[152.405255797349696,-31.163341906794479],[152.405026347364355,-31.163450603772784],[152.404807089374401,-31.163584821752288],[152.404592376382197,-31.163731194732325],[152.404376605390325,-31.16387639271225],[152.404154139401214,-31.164007069691412],[152.403935455413745,-31.164121871670822],[152.403714584426723,-31.16423508665002],[152.403490772441017,-31.164341372628861],[152.403263268457437,-31.164435396607256],[152.403031317476717,-31.164511822585091],[152.402813054497358,-31.164565068564077],[152.402590292520273,-31.164605102542545],[152.402364804545073,-31.164634028520656],[152.402138349571118,-31.164653919498605],[152.401912691598056,-31.164666872476577],[152.401647815631065,-31.164671005450643],[152.401381874666072,-31.164661530424503],[152.401115690702483,-31.164641531398274],[152.400850035739808,-31.164614074372025],[152.400585724777528,-31.164582243345883],[152.400400781804393,-31.164556875327563],[152.400216267831638,-31.164527733309257],[152.400032130859245,-31.164495732290977],[152.399848334887025,-31.164461740272703],[152.399664833915011,-31.164426655254456],[152.399521903937313,-31.164394976240214],[152.399379484960178,-31.164358735225985],[152.399237101982919,-31.164323229211757],[152.399094307004958,-31.164293773197549],[152.398950615025569,-31.164275675183347],[152.398825506042328,-31.164268871171021],[152.398699258058599,-31.16426732015864],[152.398572938073983,-31.164271802146285],[152.398447595088413,-31.164283070134083],[152.398324287101559,-31.164301939122144],[152.398115168120171,-31.164361361102088],[152.397911570134056,-31.164451494082801],[152.397711567145052,-31.164560030063996],[152.397513213155037,-31.164674670045404],[152.397314591165838,-31.164783108026747],[152.397091595179319,-31.164894575005722],[152.39698055918592,-31.164951244995262],[152.396870912192014,-31.165010192984955],[152.396763435197357,-31.165072662974886],[152.39661600520293,-31.165171929961172],[152.39647447320641,-31.165280832948095],[152.396335057209228,-31.165393223935283],[152.396193947212566,-31.165502942922267],[152.396047342217798,-31.165603849908635],[152.395927504223977,-31.165671895897397],[152.395803380231541,-31.165733549885704],[152.395678755239288,-31.165794182873942],[152.395557419246074,-31.16585915386252],[152.39544313825067,-31.165933805851882],[152.395364479252095,-31.165998695844653],[152.395290186252112,-31.166069430837883],[152.395217480251688,-31.166142316831312],[152.395143563251622,-31.166213661824596],[152.395065649252729,-31.166279752817456],[152.394975140255269,-31.166347125809089],[152.394881870258558,-31.166411603800427],[152.394786082262669,-31.166472460791493],[152.394687999267632,-31.166528960782291],[152.394587871273529,-31.166580368772863],[152.394380383287967,-31.166669757753194],[152.39415965630613,-31.166743737732119],[152.3939322053279,-31.166797682710225],[152.393704539352882,-31.16682695968813],[152.393616773364016,-31.166826959679536],[152.393487478380422,-31.166826968666861],[152.393483175380936,-31.166826968666442],[152.393264231414037,-31.166786934644691],[152.393047716451747,-31.1667096656229],[152.39283304849215,-31.16660997660113],[152.392619706533452,-31.166502722579423],[152.392407136573667,-31.166402702557857],[152.392243168603414,-31.16633515854128],[152.392077667633174,-31.166269138524576],[152.391913914663121,-31.16620004450801],[152.391755189693413,-31.166123294491896],[152.391604757724281,-31.166034309476494],[152.39150393074658,-31.165962668466079],[152.391406537769143,-31.165885506455972],[152.391311959791892,-31.165804293446097],[152.391219576814763,-31.165720479436423],[152.391128772837504,-31.16563552842689],[152.391034480862459,-31.165537462416932],[152.390945711887525,-31.165433004407458],[152.390857738912672,-31.165327946398055],[152.390765885937498,-31.165228096388304],[152.390665426962073,-31.165139227377807],[152.390520668993219,-31.165042631362905],[152.390363782023968,-31.164960638346926],[152.390199007054292,-31.164889526330256],[152.39003067408413,-31.164825577313291],[152.389863057113416,-31.164765088296409],[152.389735017136246,-31.164715186283498],[152.389604762159706,-31.164662809270354],[152.389473754182433,-31.164616824257173],[152.389343437203053,-31.164586042244178],[152.389215271220223,-31.164579301231566],[152.389092985233361,-31.16459689721972],[152.388968485244476,-31.164632260207778],[152.388846665253254,-31.164682646196219],[152.388732348259452,-31.164745287185493],[152.388630411262824,-31.164817402176027],[152.388555033262691,-31.164890512169187],[152.388489005259856,-31.16497519516335],[152.388428310255449,-31.16506649315809],[152.38836892425067,-31.165159432152958],[152.388306831246666,-31.165249036147525],[152.388228092242997,-31.16535208614059],[152.388148430239539,-31.165454509133546],[152.388069171235998,-31.165557209126543],[152.387991642232095,-31.165661066119725],[152.387917178227497,-31.16576700211321],[152.387860168222517,-31.165859197108318],[152.387807361216545,-31.165954619103832],[152.387754725210613,-31.1660499600994],[152.387698217205582,-31.166141885094543],[152.38763376620247,-31.166227097088861],[152.387531461201036,-31.166335929079633],[152.387417359201891,-31.166438629069219],[152.387294078205258,-31.166531380057844],[152.387164209211249,-31.166610325045703],[152.387030350220101,-31.166671639033044],[152.386852354236396,-31.166719121015952],[152.386660167258327,-31.166737783997263],[152.386461016284102,-31.166733776977726],[152.386262106312074,-31.166713258958097],[152.386070664340451,-31.166682377939111],[152.385901183367565,-31.166640237922181],[152.385734714396449,-31.166581263905449],[152.38557011942649,-31.166512267888802],[152.38540627645682,-31.16644003587222],[152.38524206648674,-31.166371398855624],[152.385050077520873,-31.16629794783627],[152.384857433554913,-31.166225303816866],[152.384665874589132,-31.166150319797548],[152.384477139623755,-31.166069868778457],[152.384292966658933,-31.16598078375975],[152.384126202692926,-31.165883766742699],[152.383965066727654,-31.16577584972611],[152.383805634762609,-31.165664695709673],[152.383644015797245,-31.165557961693043],[152.383476300831063,-31.165463346675924],[152.383331578857877,-31.165399630661263],[152.383182140884031,-31.165345111646214],[152.383031546910047,-31.165293021631083],[152.382883364936333,-31.165236593616157],[152.382741160963292,-31.165169058601716],[152.382629793985728,-31.165106283590347],[152.382519878008537,-31.165039538579091],[152.382412768031571,-31.164968337568066],[152.382309755054706,-31.164892205557411],[152.382212192077901,-31.164810642547256],[152.382104016105444,-31.164706068535875],[152.382002320133353,-31.164593023525068],[152.38190699816127,-31.164473471514857],[152.381817924189022,-31.164349364505213],[152.381734990216302,-31.164222658496143],[152.381630264253459,-31.164042482484554],[152.381536377290473,-31.163853136473953],[152.381454877326746,-31.163657210464514],[152.38138728936184,-31.163457277456413],[152.381335165395086,-31.163255919449806],[152.381313481417806,-31.163105279446565],[152.381306292439092,-31.162951376444724],[152.381303424459929,-31.162796586443296],[152.381294720481378,-31.162643275441305],[152.381269989504318,-31.162493818437778],[152.381235147526525,-31.162359188433367],[152.381194406549668,-31.162223643428362],[152.38114532057341,-31.162091335422563],[152.381085450597567,-31.161966431415781],[152.381012358621859,-31.161853099407772],[152.380920102646996,-31.16175162739799],[152.380811728672654,-31.161661709386703],[152.380693208698517,-31.161579823374502],[152.38057052872432,-31.161502446361901],[152.38044964074976,-31.161426055349498],[152.380338909773542,-31.161352622338107],[152.38022680779747,-31.161279269326581],[152.380112535821098,-31.161210237314876],[152.379995296843987,-31.16114982930295],[152.379874301865641,-31.16110226629074],[152.379805208877031,-31.161082268283828],[152.379734841888137,-31.16106580127682],[152.379663658899005,-31.161052068269743],[152.379592100909633,-31.161040253262644],[152.379520585920091,-31.161029559255567],[152.379467340927732,-31.161023249250295],[152.379413798935104,-31.161018811245025],[152.37936021294243,-31.161014805239741],[152.379306805949852,-31.161009776234479],[152.379253828957559,-31.161002264229236],[152.37905596899023,-31.160945074209444],[152.37886412402662,-31.160854062189973],[152.378675577065138,-31.160743984170683],[152.378487631104093,-31.16062959515143],[152.378297605141967,-31.16052564013205],[152.378125480174901,-31.160442059114573],[152.377953024207756,-31.160359160097066],[152.377780379240562,-31.160276647079556],[152.377607699273398,-31.160194223062017],[152.37743511730622,-31.160111584044515],[152.377243979342637,-31.16001952402511],[152.377052932379087,-31.159927257005705],[152.376861857415548,-31.159835079986319],[152.376670595451941,-31.159743270966906],[152.376479018488283,-31.159652142947465],[152.376094063560942,-31.159472244908429],[152.375707818633401,-31.159295071869302],[152.375320856705713,-31.159119412830105],[152.37493378577804,-31.158944032790902],[152.374547135850435,-31.158767711751722],[152.374290408898617,-31.158649861725717],[152.374033717946787,-31.158531931699713],[152.373777053994928,-31.158413965673695],[152.373520381043107,-31.158295991647698],[152.373263690091306,-31.158178052621682],[152.372938819151841,-31.158032064588795],[152.372612586212227,-31.157888686555776],[152.372287025272641,-31.157744025522838],[152.371964163333416,-31.157594184490115],[152.371646042394786,-31.157435288457791],[152.371472312429319,-31.157340880440071],[152.371300573464111,-31.157242688422532],[152.371129398498937,-31.157143386405039],[152.370957398533704,-31.157045714387483],[152.370783166568174,-31.156952390369714],[152.370672049589814,-31.156895442358415],[152.370560583611393,-31.1568390233471],[152.370448525632895,-31.156783859335704],[152.370335616654273,-31.156730640324252],[152.370221603675446,-31.156680074312721],[152.370182046682373,-31.156665579308736],[152.370091259698285,-31.156632314299607],[152.369822610742943,-31.15655245427271],[152.369693395765609,-31.156505080259713],[152.369573628789084,-31.156442574247524],[152.369435441820002,-31.156341200233232],[152.369305186852472,-31.156220689219595],[152.369186289885363,-31.156085808206957],[152.369082156917727,-31.15594130919569],[152.36899621094841,-31.155791969186168],[152.368929161978031,-31.15563237417841],[152.3688800400069,-31.155461341172337],[152.368846543034692,-31.155283630167734],[152.368826366060972,-31.155104010164429],[152.368817205085577,-31.15492724916221],[152.368815268098928,-31.154827946161291],[152.368815869112154,-31.154727675160608],[152.368821103124702,-31.154627735160386],[152.368833079136209,-31.154529436160828],[152.368853902146185,-31.154434068162146],[152.368885338154456,-31.154341398164544],[152.368925945161322,-31.154250808167838],[152.368973193167022,-31.154162298171808],[152.369024547171961,-31.15407587617619],[152.36907752417639,-31.153991534180758],[152.369157276181454,-31.153876857187708],[152.36924536418482,-31.153767183195516],[152.369339198186935,-31.153661300203918],[152.369436188188303,-31.153558008212649],[152.369533751189408,-31.153456105221441],[152.369603177189703,-31.153387306227735],[152.36967518418939,-31.153320874234282],[152.369747567188938,-31.15325484524088],[152.369818113188927,-31.153187248247288],[152.36988463418993,-31.15311612725327],[152.369944298191939,-31.153043734258585],[152.370001022194685,-31.15296873226357],[152.370055657197923,-31.152891947268355],[152.370109028201455,-31.152814211272986],[152.370161969205043,-31.152736377277595],[152.370231537209918,-31.152632932283638],[152.370299573215107,-31.152528331289524],[152.370365781220698,-31.152422547295231],[152.370429891226735,-31.152315553300706],[152.370491616233267,-31.152207321305951],[152.370562789241575,-31.152076313311955],[152.370631327250464,-31.151943547317675],[152.370696486260016,-31.151809051323038],[152.370757503270283,-31.151672852328005],[152.370813626281432,-31.151534986332479],[152.370846245290011,-31.151438820334956],[152.370874042299505,-31.151340602336951],[152.370901202309057,-31.151242240338885],[152.370931904317985,-31.151145617341168],[152.370970332325413,-31.151052652344248],[152.371008724329727,-31.150982974347485],[152.371052504333079,-31.150915915351277],[152.371098193336053,-31.150849769355251],[152.371142286339307,-31.150782817359072],[152.371154630340612,-31.150760838360117],[152.371181288343564,-31.150713373362379],[152.371222683350737,-31.150619404365731],[152.371257625359192,-31.150522252368432],[152.371288873368314,-31.150423263370751],[152.371319170377632,-31.150323807372992],[152.371351279386602,-31.150225248375399],[152.371389644395663,-31.150120011378377],[152.371429677404478,-31.150015168381515],[152.371468822413448,-31.149910110384564],[152.371504552422891,-31.149804218387281],[152.37153432143333,-31.149696928389385],[152.37155550344238,-31.149608427390806],[152.371575402451668,-31.14951892139209],[152.371591681461496,-31.149429192393015],[152.371591735461521,-31.149428914393027],[152.3716022404721,-31.149338915393383],[152.371604624483666,-31.149249437392964],[152.371594638498834,-31.149144442391201],[152.371572864515457,-31.149039402388276],[152.37154307753309,-31.148934765384592],[152.37150905055114,-31.148830962380501],[152.371474547569107,-31.148728432376362],[152.371378319612575,-31.148492357365186],[152.371256758658092,-31.148264806351598],[152.371121922704731,-31.148041531336734],[152.37098585875151,-31.147818274321747],[152.370860631797512,-31.147590777307801],[152.370766420835196,-31.147396330297124],[152.370675785872692,-31.147200091286805],[152.370586298910041,-31.147003286276572],[152.370495519947525,-31.146807127266236],[152.370401030985221,-31.146612833255546],[152.370324775014154,-31.146467231246994],[152.370245542043278,-31.146323072238161],[152.370165978072436,-31.146179110229312],[152.370088726101415,-31.146034082220673],[152.370016423130068,-31.145886750212505],[152.369955683156149,-31.145747808205527],[152.369899263181964,-31.145606885198944],[152.369844771207624,-31.145465057192567],[152.369789786233326,-31.145323426186124],[152.369731906259261,-31.145183077179411],[152.369649822293894,-31.14499989817002],[152.369564055328794,-31.144818315160286],[152.369476746363802,-31.144637385150389],[152.369390055398782,-31.144456178140555],[152.369306107433545,-31.144273761130982],[152.369236394464281,-31.144108483122924],[152.36917053649475,-31.143941269115246],[152.369104328525253,-31.143774315107521],[152.369033602555959,-31.143609835099376],[152.368954181587213,-31.143450052090412],[152.368874769615815,-31.143309667081596],[152.36879036564477,-31.143171549072306],[152.368701254673994,-31.143036220062587],[152.368607706703358,-31.142904154052442],[152.368509981732728,-31.142775861041915],[152.368416989759055,-31.142665828031998],[152.368318537785512,-31.142560161021578],[152.368217594812052,-31.142456438010928],[152.36811712683857,-31.142352250000311],[152.368020109865029,-31.142245192990028],[152.367877905905459,-31.142075907974849],[152.36773957394584,-31.141903153960019],[152.367604468986173,-31.141727665945492],[152.367471964026464,-31.141550214931204],[152.367341431066649,-31.141371526917112],[152.367208522105926,-31.141202062902831],[152.36706762614611,-31.141033225887789],[152.366933992185722,-31.140861717873435],[152.36682282922331,-31.140684221861232],[152.366749369257349,-31.140497430852655],[152.366730455273341,-31.140394729850048],[152.366722074288333,-31.140289420848433],[152.36671880230287,-31.140182749847327],[152.366715225317449,-31.140075943846181],[152.366705911332616,-31.139970248844485],[152.366701518336157,-31.139947561843886],[152.366721454354774,-31.139787544844658],[152.366749735372395,-31.139627510846225],[152.366786083388774,-31.13946868684862],[152.366830212403897,-31.139312282851773],[152.366881862417557,-31.139159527855675],[152.366893380420066,-31.139129721856591],[152.366905553422441,-31.139100149857565],[152.366917834424754,-31.139070631858544],[152.36692972942717,-31.139040978859491],[152.36694068342976,-31.13901100286034],[152.366959390436165,-31.13894476786168],[152.366973212443384,-31.138876865862532],[152.36698543045091,-31.138808407863223],[152.366999288458118,-31.138740522864069],[152.367018076464518,-31.138674332865417],[152.367051449471603,-31.138588852868057],[152.367090899477631,-31.138505271871288],[152.367134670482926,-31.138423260874973],[152.367181013487738,-31.138342548878899],[152.367228163492342,-31.138262786882926],[152.367266484495872,-31.138199447886205],[152.367306122499116,-31.138136806889616],[152.367346997502125,-31.138074937893162],[152.367389092504879,-31.138013928896825],[152.367432361507298,-31.13795386090062],[152.367470421509182,-31.137903464903975],[152.367509549510771,-31.137853840907443],[152.367549456512222,-31.137804798910985],[152.36758982951352,-31.137756132914571],[152.3676303735148,-31.137707637918172],[152.367688997516723,-31.137636893923396],[152.367747791518639,-31.137566095928623],[152.367807670520278,-31.137496301933961],[152.367869521521413,-31.137428560939522],[152.367934250521756,-31.137363930945362],[152.36798725352088,-31.137319711950227],[152.368044102519121,-31.137278924955496],[152.368100943517248,-31.137238434960754],[152.368153892516261,-31.137195111965621],[152.368199097517106,-31.137145818969689],[152.368234917519459,-31.137093370972796],[152.368266882522931,-31.1370366549755],[152.368294043527385,-31.136977017977721],[152.368315449532759,-31.136915838979352],[152.368330131539011,-31.136854470980335],[152.368339203548203,-31.136776403980654],[152.368339238559116,-31.136693773980035],[152.368329790571266,-31.1366109009785],[152.368310365584165,-31.136532107976013],[152.368280488597236,-31.136461704972564],[152.368236448610787,-31.136401788967813],[152.368178505625082,-31.136349304961747],[152.368112405639806,-31.136301329954918],[152.368043893654601,-31.136254949947869],[152.36797872566919,-31.136207225941131],[152.367913226684465,-31.136154257934333],[152.367847583699813,-31.136101262927511],[152.367781178715092,-31.136049315920619],[152.367713392730252,-31.135999520913622],[152.36764363574531,-31.13595296190644],[152.367566984760487,-31.135911485898635],[152.367486237775438,-31.135875943890468],[152.36740498879027,-31.135841458882251],[152.367326930805234,-31.135803110874331],[152.367255684820492,-31.135755996867005],[152.367196486835496,-31.135699513860796],[152.367143904850678,-31.135634946855159],[152.367094019865988,-31.135566873849776],[152.367042943881358,-31.135499921844275],[152.366986756896551,-31.135438670838322],[152.366931933909569,-31.135392793832629],[152.36687304992256,-31.135350976826548],[152.366813420935557,-31.135310064820406],[152.366756374948494,-31.135266875814494],[152.366705243961377,-31.13521827380913],[152.366657071976164,-31.135152558803931],[152.366617459990891,-31.135079286799506],[152.36658100400561,-31.135003119795371],[152.366542306020364,-31.13492870979103],[152.366495971035192,-31.134860735785992],[152.366435232051515,-31.134795611779555],[152.366367796067948,-31.134735992772509],[152.366296523084458,-31.13467953776512],[152.366224274100972,-31.134623870757643],[152.366153925117459,-31.134566671750321],[152.366072460137133,-31.134496107741825],[152.365991292156792,-31.134425183733349],[152.365909944176423,-31.134354493724871],[152.365827951196053,-31.134284592716316],[152.365744837215686,-31.134216080707688],[152.36564732723815,-31.134139456697561],[152.365548293260588,-31.134064723687317],[152.365448417283005,-31.133991031676992],[152.365348406305401,-31.133917490666661],[152.36524896032779,-31.13384325065638],[152.365180341343319,-31.133791618649273],[152.365111596358844,-31.133740137642164],[152.365042986374419,-31.133688487635055],[152.36497476238992,-31.133636343627998],[152.364907200405469,-31.133583384620991],[152.364825503425067,-31.133513806612473],[152.36474616344475,-31.133440812604171],[152.364666760464445,-31.133368123595858],[152.36458489248389,-31.133299441587337],[152.364498157502936,-31.133238530578392],[152.364423138517594,-31.13319982457076],[152.364343242531874,-31.133168199562707],[152.364262755546065,-31.133137928554603],[152.364185925560406,-31.133103309546826],[152.364117028575038,-31.133058623539746],[152.364049709592734,-31.132989403532644],[152.363993218610773,-31.132907177526512],[152.363942114628998,-31.132818164520845],[152.363890894647341,-31.132728596515165],[152.363834063665621,-31.132644684508985],[152.363795984676699,-31.132597524504916],[152.363756686687822,-31.132551324500717],[152.363716921698881,-31.132505464496479],[152.363677471709991,-31.132459371492274],[152.363639096721073,-31.132412427488177],[152.363584855737855,-31.132337524482299],[152.363534128754594,-31.132259474476768],[152.363483607771286,-31.132181452471244],[152.363429922788015,-31.132106665465436],[152.363369747804683,-31.132038297459033],[152.363312019818636,-31.131988099453014],[152.363249263832557,-31.131943028446532],[152.363184552846434,-31.131899902439887],[152.363120953860374,-31.13185553043332],[152.363061522874375,-31.131806730427151],[152.362984055895112,-31.131724010418946],[152.362914522915986,-31.131632856411464],[152.362848063936895,-31.131538294404258],[152.362779856957815,-31.13144538339689],[152.362705034978745,-31.13135913138894],[152.362647727993448,-31.131302873382896],[152.36258847600817,-31.131248426376704],[152.362527701022827,-31.131195529370366],[152.362465805037516,-31.131143933363912],[152.362403218052123,-31.131093394357421],[152.362345786065305,-31.131048529351471],[152.362287467078517,-31.13100471334543],[152.362228394091659,-31.130961883339324],[152.362168677104791,-31.130919949333176],[152.362108448117851,-31.13087885932698],[152.362035714133185,-31.13083241631951],[152.361961376148457,-31.130788331311908],[152.361886599163682,-31.130744928304271],[152.361812521178933,-31.130700502296683],[152.361740307194282,-31.13065336928927],[152.361673732209312,-31.130603736282389],[152.361609272224456,-31.130550911275687],[152.361545279239607,-31.130497486269029],[152.36148005725471,-31.130446050262261],[152.361411940269505,-31.130399196255254],[152.361357269280631,-31.130367544249669],[152.361301002291611,-31.130338473243938],[152.361243974302511,-31.130310604238147],[152.361187035313407,-31.130282529232378],[152.361131019324461,-31.130252894226658],[152.361055444339627,-31.130210871218956],[152.360979950354761,-31.130168292211266],[152.360905405370062,-31.130124180203623],[152.360832761385439,-31.13007755019618],[152.360762879400937,-31.130027423188974],[152.360691472417784,-31.129968485181543],[152.36062332843477,-31.129905181174411],[152.360557344451848,-31.129839099167466],[152.360492391468995,-31.129771842160597],[152.360427349486059,-31.129704997153734],[152.360392165495284,-31.129669043150031],[152.360357295504485,-31.129632783146349],[152.360322560513708,-31.129596390142666],[152.360287771522906,-31.129560041139012],[152.360252767532103,-31.129523907135315],[152.360203035545055,-31.129474157130065],[152.360152630557934,-31.129425025124775],[152.360102253570773,-31.129375876119486],[152.360052610583665,-31.12932607211426],[152.36000438459655,-31.129274968109151],[152.359961680607796,-31.129230677104641],[152.359917389619227,-31.129186583099973],[152.359874954630584,-31.129141413095489],[152.359837825641563,-31.129093913091506],[152.359809436651943,-31.129042792088359],[152.359795748659508,-31.128998572086687],[152.359788505666643,-31.128951682085621],[152.359783933673583,-31.128903599084818],[152.359778268680628,-31.128855794083915],[152.359767708688054,-31.12880969208253],[152.359727926705659,-31.128714683077927],[152.35967324672464,-31.128623322071896],[152.359608141744502,-31.128535851064889],[152.359537110764478,-31.128452432057312],[152.359464628784167,-31.128373307049639],[152.359397855801632,-31.128304885042599],[152.359327237819286,-31.128239152035182],[152.359253141836859,-31.128177121027495],[152.359175917854287,-31.128119805019498],[152.359095922871205,-31.128068200011292],[152.359026774884768,-31.128031743004243],[152.358954561898059,-31.128000521996949],[152.358880832911211,-31.127971800989531],[152.358807122924333,-31.127942873982093],[152.358734989937716,-31.127911015974806],[152.358651481954155,-31.127866805966296],[152.358569748970865,-31.127818588957954],[152.358488292987602,-31.127769958949614],[152.358405628004078,-31.12772452994119],[152.358320246020043,-31.127685867932545],[152.358266633029444,-31.127665994927153],[152.358212267038766,-31.127647824921695],[152.358157335047878,-31.1276312149162],[152.358102010056911,-31.12761603891067],[152.358046478065802,-31.127602144905129],[152.357964799078275,-31.127585955897011],[152.357882044090246,-31.127574418888837],[152.357798769102089,-31.127564961880612],[152.357715557113949,-31.12755501187241],[152.35763298112613,-31.127542013864225],[152.357530774141793,-31.127521414854069],[152.357428989157739,-31.127498368843934],[152.357327580173887,-31.127473403833825],[152.357226502190173,-31.127447058823748],[152.35712573820652,-31.127419844813687],[152.357026033222752,-31.127392602803731],[152.357018476223971,-31.127390487802977],[152.356926380239088,-31.127364715793775],[152.356827185255526,-31.127335367783843],[152.356728806272173,-31.127303778773985],[152.356633869288686,-31.127269939764446],[152.356631637289041,-31.127269141764224],[152.356556994302053,-31.12724222275672],[152.356481545315148,-31.127215429749143],[152.356407332328416,-31.127186386741656],[152.356336374341851,-31.127152699734467],[152.35627071335557,-31.127111958727731],[152.356219251367435,-31.127071494722401],[152.356170281379548,-31.127026648717276],[152.356124197391807,-31.126978269712406],[152.356081448403955,-31.126927210707837],[152.35604242841589,-31.126874332703636],[152.35600591742849,-31.126814219699614],[152.355974821440839,-31.126750306696113],[152.355947078453141,-31.126684098692895],[152.355920634465321,-31.126617128689809],[152.355893446477523,-31.126550893686652],[152.355865228489421,-31.126488091683431],[152.35583631950135,-31.126425325680138],[152.355808602513235,-31.126362165676966],[152.355784023524819,-31.126298216674062],[152.355764481535886,-31.126233048671679],[152.355753590543941,-31.126182769670248],[152.355745244551741,-31.126131781669045],[152.35573882655936,-31.126080355668034],[152.355733708566817,-31.126028749667157],[152.355729261574169,-31.125977224666336],[152.355727199580627,-31.125930522665779],[152.355727423586785,-31.125883523665458],[152.355727836592962,-31.125836552665149],[152.355726348599319,-31.12578994866465],[152.355720853606073,-31.125744026663774],[152.355715770610772,-31.12571324366305],[152.355710445615642,-31.125681807662296],[152.355703561620572,-31.125650997661392],[152.355693772625614,-31.125622089660219],[152.355679779630776,-31.125596362658666],[152.355659826636213,-31.125574481656539],[152.355635013641773,-31.125556024653974],[152.355607449647493,-31.125539476651166],[152.355579249653175,-31.125523332648285],[152.355552536658877,-31.125506086645544],[152.355516483666719,-31.125481327641829],[152.35547962367454,-31.125457205638057],[152.355443373682419,-31.125432482634313],[152.355409149690303,-31.125405913630765],[152.35537835869809,-31.12537626962753],[152.355354585704902,-31.125347513624984],[152.355332865711716,-31.125316677622632],[152.355312930718526,-31.125284344620454],[152.35529448272527,-31.125251114618404],[152.355277244731866,-31.125217580616457],[152.355252961742337,-31.125161653613667],[152.355233419752551,-31.125103217611329],[152.355217140762534,-31.125043230609286],[152.355202637772379,-31.124982607607411],[152.355188429782146,-31.12492230660558],[152.355169667795508,-31.12483924560313],[152.355153460808651,-31.124755432600914],[152.355139655821546,-31.124671099598949],[152.355128109834169,-31.124586470597183],[152.355118670846593,-31.124501778595636],[152.35511431485358,-31.124452996594844],[152.355110818860481,-31.124404124594133],[152.355107985867335,-31.124355190593498],[152.355105618874092,-31.124306228592896],[152.355103521880807,-31.124257276592331],[152.355102185885585,-31.124222603591939],[152.355101055890316,-31.124187939591565],[152.355100114895009,-31.124153258591228],[152.355099388899674,-31.124118576590892],[152.355098850904341,-31.12408389459058],[152.355145390919972,-31.123921019593933],[152.355184329937771,-31.123749170596462],[152.35521366895702,-31.123575421598051],[152.355233325977679,-31.123400309598665],[152.355192056000675,-31.123266055593639],[152.355161381010475,-31.123221137590292],[152.355105374029961,-31.123127230584124],[152.355078635040257,-31.12307529258112],[152.355054235050346,-31.123022324578329],[152.355020647066112,-31.122935087574405],[152.354993468081545,-31.122844407571069],[152.354972617096223,-31.122753404568357],[152.354957226110116,-31.12266298556618],[152.354946326123581,-31.122571767564438],[152.354941772135902,-31.122482943563323],[152.354943457147243,-31.122395445562834],[152.354952456163858,-31.122261183562724],[152.354922803182376,-31.122149518558988],[152.354852257208449,-31.12201989055113],[152.354823500218657,-31.12197009554794],[152.354792234229052,-31.121921384544525],[152.354758682239549,-31.121874064540886],[152.354723050250101,-31.121828446537059],[152.354685572260621,-31.121784845533067],[152.354317548359376,-31.12139051049413],[152.354225604384055,-31.121291879484406],[152.3540715774256,-31.121125024468096],[152.353918365467166,-31.120957379451855],[152.353764830508766,-31.120790039435594],[152.353609870550287,-31.120624116419208],[152.353452355591827,-31.120460703402586],[152.353301241630817,-31.120310672386687],[152.353147554669761,-31.120163179370557],[152.352992765708763,-31.120016770354322],[152.352838360747711,-31.119869958338125],[152.35268579478668,-31.119721308322095],[152.352542864823988,-31.119575939307033],[152.35243248185327,-31.119460205295372],[152.352313350884884,-31.119335292282795],[152.352261333898639,-31.119280755277295],[152.352187290918039,-31.119205036269484],[152.352118833935975,-31.119135045262265],[152.351972568973224,-31.118993325246915],[152.351954532977629,-31.118977154245023],[152.351831243007865,-31.118866637232152],[152.35174358402935,-31.118788058222989],[152.351666916047549,-31.118723903215013],[152.35150737508539,-31.118590385198402],[152.351266362141359,-31.118397910173421],[152.351022954197248,-31.118208250148189],[152.350779583253058,-31.118019020122972],[152.350586249296128,-31.117878770103015],[152.350386039339099,-31.117745126082429],[152.350187855382075,-31.117609976062052],[152.350000607424931,-31.117465198042662],[152.349833205467604,-31.117302663025075],[152.349781761481978,-31.117243133019599],[152.349683364510696,-31.117119888009061],[152.349591608539271,-31.11699188199913],[152.348716807771865,-31.116069988906709],[152.34892667883085,-31.11542264492244],[152.348954968838768,-31.11533539892455],[152.348951741851778,-31.115240344923528],[152.348926407953826,-31.114492307915491],[152.349551407943778,-31.113969257972734],[152.34961037999318,-31.113538986975314],[152.34873443929564,-31.112089437878861],[152.348560027387407,-31.111562076857886],[152.348155030749297,-31.109211251800801],[152.34662132603782,-31.108497011645483],[152.34584034123273,-31.107769969563691],[152.345413963290383,-31.107742029521784],[152.344359227559295,-31.106717213411027],[152.34327316571472,-31.106581428303794],[152.342986237781275,-31.106352505274042],[152.341400589000585,-31.106211809117944],[152.340741373070216,-31.106316168054242],[152.340507745129315,-31.106092875029749],[152.338700822365666,-31.106035229852633],[152.338517160389699,-31.106029376834641],[152.338116256442134,-31.106016585795341],[152.337028929677217,-31.105278518683559],[152.336555866745357,-31.105216210636826],[152.336401065864862,-31.104459398616079],[152.337098052926734,-31.103322656675779],[152.336984048989649,-31.102955787661902],[152.337156406018607,-31.102571232675896],[152.336928945109435,-31.10210131365017],[152.336549160165021,-31.102044589612621],[152.336447605280853,-31.101264758596901],[152.336459956340605,-31.100800190594644],[152.335925308520956,-31.09994652353604],[152.336503399533512,-31.099297494587727],[152.336502564585857,-31.098901779584708],[152.336137819746227,-31.098036745542622],[152.336025769795469,-31.097771008529691],[152.335746173918409,-31.097107915497428],[152.335439355985216,-31.096896222465855],[152.334991623135664,-31.096185791416801],[152.335036799221541,-31.095491781416072],[152.334656713520104,-31.093594678364816],[152.334621296547908,-31.093417872360032],[152.334606066559871,-31.09334184935798],[152.335575369581505,-31.092249038444624],[152.335675810583723,-31.0921357874536],[152.335556222609654,-31.092054090441309],[152.335315656661777,-31.091889771416568],[152.335081265773169,-31.091270781389046],[152.335239908828811,-31.09069704040029],[152.33573232379311,-31.09049552044694],[152.335733605793138,-31.090493987447051],[152.335900235798306,-31.090295300461865],[152.33592497579906,-31.090265818464061],[152.335885327815816,-31.090176886459528],[152.33578445585843,-31.089950626447973],[152.335822767873367,-31.089800918450617],[152.335929786915017,-31.089382650457971],[152.336747681890472,-31.088784894533493],[152.33648671300142,-31.088194642503588],[152.336565828042154,-31.087810284508464],[152.336319158089168,-31.087690256483448],[152.335764862257577,-31.086945636423724],[152.335474545389786,-31.086222225389967],[152.335338346451806,-31.085882839374133],[152.335254362490076,-31.085673593364366],[152.335201537514109,-31.085541993358227],[152.334988042611343,-31.085009980333393],[152.334941474632529,-31.084893950327995],[152.334714748680852,-31.084745211304714],[152.334724653683821,-31.084713129305449],[152.334985959762406,-31.083867385324702],[152.33534443478905,-31.083322015355698],[152.33549647084098,-31.082782706366554],[152.336166269932022,-31.081451229422143],[152.337355376962023,-31.080084506528234],[152.337247387066498,-31.079396556512553],[152.337034528138986,-31.079050887489185],[152.336952158167037,-31.078917144480137],[152.33686209719778,-31.078770897470253],[152.336806404216787,-31.078680459464117],[152.336210119522093,-31.076938165392882],[152.334850629764077,-31.076407033256011],[152.334842436767644,-31.076387724255074],[152.334738453813088,-31.076142837243093],[152.334716805822552,-31.076091859240588],[152.334580984853858,-31.075984766226529],[152.334317219914681,-31.075776802199186],[152.334223259936323,-31.07570270618945],[152.334285245936798,-31.075639698195047],[152.334443422938051,-31.075478911209313],[152.335771434948242,-31.074129039329101],[152.336536981862992,-31.0740418014033],[152.337055660840662,-31.073714121451573],[152.33713405792534,-31.072997208453909],[152.337539396925649,-31.072606628490625],[152.337272755978972,-31.072457979463458],[152.336745487124205,-31.071862466407488],[152.336804423178791,-31.071392161409751],[152.337336423154056,-31.071070201459374],[152.337628180192866,-31.07049631748362],[152.338857643180773,-31.069410578595761],[152.339934694141704,-31.068674875695606],[152.340353937102464,-31.068570982735828],[152.34063943811563,-31.068197801760956],[152.340225015268516,-31.06743585471477],[152.338851424569725,-31.066469036573285],[152.338744484588688,-31.06642751556252],[152.338511260630128,-31.066336934539041],[152.337960273727987,-31.066122920483579],[152.337925215734259,-31.066109303480047],[152.337638458799944,-31.065886127450366],[152.337568889823501,-31.065774275442724],[152.337467354857864,-31.065611032431587],[152.337386777885143,-31.065481466422742],[152.33608865232452,-31.063394347280312],[152.335758088402258,-31.063121761245963],[152.335665688423973,-31.063045568236365],[152.335405168485266,-31.062830737209303],[152.335235015525257,-31.062690424191612],[152.335184870538484,-31.062638137186326],[152.334274258778862,-31.061688520090254],[152.334253030861703,-31.061080762083652],[152.333846174961423,-31.06071444004116],[152.333731704059034,-31.060083895025276],[152.331543737618688,-31.057937130795437],[152.331508383627778,-31.057901955791717],[152.331250230694224,-31.05764516476458],[152.331056393769416,-31.057261300742766],[152.331194418868421,-31.056378096749693],[152.331479021940652,-31.055557756771414],[152.332975943810851,-31.055108236914407],[152.333082031824659,-31.054901661923221],[152.334074169683674,-31.055020523021096],[152.334226052743929,-31.054418268031466],[152.335317609618386,-31.054324825137485],[152.335536408646732,-31.053900201155709],[152.336681040525065,-31.053726396266335],[152.337446013464159,-31.053455718339109],[152.337638746460271,-31.053300605356796],[152.33934356220368,-31.053613221525811],[152.33970196622505,-31.053108109557083],[152.340274375158145,-31.053067052612761],[152.34041245424666,-31.052264148620289],[152.341270069207354,-31.051741017700262],[152.341935686127215,-31.051711273765129],[152.343233304990093,-31.051508487890509],[152.343618107020205,-31.050911602923705],[152.344349607972617,-31.050572125992719],[152.34517510586403,-31.050605166073691],[152.345213021934228,-31.050036616073168],[152.345220228947596,-31.04992856407307],[152.345109298978116,-31.049803275061301],[152.344693065092713,-31.049333168017085],[152.344598320199225,-31.048616669002485],[152.344370281332374,-31.04782584897432],[152.344598803574286,-31.045772988981387],[152.344542877743976,-31.044540459966743],[152.344980312802306,-31.043679774003131],[152.344413186956956,-31.043050064942985],[152.344611393021239,-31.042373238957335],[152.34338420332864,-31.04121717582872],[152.343229669437392,-31.040540924808568],[152.343354819501712,-31.039933031816297],[152.342188641735675,-31.039275616697363],[152.341503294809939,-31.039368449631038],[152.340849530986077,-31.038658612561825],[152.34038058023495,-31.037220389505272],[152.340666178236035,-31.036939026531105],[152.340355251340441,-31.036444593497027],[152.340345642343692,-31.036429309495972],[152.338666372686077,-31.03544016732442],[152.337570517861764,-31.035156757215166],[152.337363593894935,-31.035103234194537],[152.337255730912204,-31.035075338183788],[152.33716808092629,-31.035052678175042],[152.335817385073824,-31.035226754044281],[152.335590793122009,-31.035078051021028],[152.335138382168424,-31.035159006977409],[152.334739677178646,-31.035463450940693],[152.334054159265776,-31.035458774873636],[152.333993677311184,-31.035172223865597],[152.33364073836853,-31.035075296830374],[152.33337237154214,-31.034015120796255],[152.333584043600098,-31.033372734812172],[152.333050758723232,-31.032949314756888],[152.331658439988615,-31.032269203615726],[152.331164632138524,-31.031604929562523],[152.330312554260217,-31.031497282478426],[152.330052491327763,-31.031233957451054],[152.32876745752975,-31.030932025323221],[152.328476828600742,-31.030671550292865],[152.328160785677966,-31.030388298259879],[152.326429922933841,-31.030104169088606],[152.326154860118066,-31.028969500053286],[152.325526430394461,-31.027474183980747],[152.325651474473858,-31.02675167798759],[152.325550296579536,-31.026046714972459],[152.324950553711716,-31.025617627910666],[152.324396741883476,-31.024844521850792],[152.322440831092138,-31.025133908661822],[152.321075676331333,-31.024625608524651],[152.319219875506235,-31.025075325346695],[152.317544852576873,-31.026143888190994],[152.316747693575365,-31.026918878118888],[152.316122397636065,-31.027057301058829],[152.315271983640514,-31.027838099981572],[152.314033426852518,-31.027415522857456],[152.313898562892859,-31.027237991842956],[152.313839319910642,-31.027160014836582],[152.313733248942413,-31.027020373825192],[152.312907688073636,-31.026815082743024],[152.312619322274543,-31.025565729705562],[152.311320624515986,-31.024976960574335],[152.309509757730382,-31.025084092398281],[152.309161069771676,-31.025104728364376],[152.307853894926467,-31.025182063237313],[152.307320137018195,-31.024996815183812],[152.306981613076402,-31.024879334149873],[152.306387677281805,-31.023888332084518],[152.305811797383427,-31.02366869802664],[152.305196206491956,-31.023433922964792],[152.305129156503824,-31.023408357958047],[152.304029609764655,-31.022481018843788],[152.299640015668672,-31.01982066339545],[152.29905043207421,-31.017304756319177],[152.296670023450361,-31.016728277082525],[152.296034982550708,-31.0165744740194],[152.29516342865,-31.01665573493494],[152.294238045808072,-31.016341494842276],[152.294074229843659,-31.016228198825438],[152.292632722156725,-31.01523118967734],[152.29233216129262,-31.01448630064246],[152.291907602359146,-31.014387742600302],[152.291693167392737,-31.014337965579003],[152.291813149409876,-31.014092647588885],[152.292257008473285,-31.013185122625437],[152.292560455662795,-31.011453608642178],[152.289999431929658,-31.011880605395433],[152.289114100076659,-31.011612127307043],[152.288899817080761,-31.011786154287428],[152.28777829510247,-31.012696980184781],[152.287212303212243,-31.012405221127374],[152.285226540733873,-31.010343640918286],[152.285017617763373,-31.010319635897737],[152.284875404783463,-31.010303285883733],[152.283842374929378,-31.010184559782072],[152.283443855932944,-31.010539839745828],[152.283224373934871,-31.010735497725872],[152.282159369109024,-31.010432749619717],[152.280434610468859,-31.009351060443436],[152.278823701745694,-31.008790868282137],[152.278212110771506,-31.009181260225386],[152.276522534942956,-31.009498169062955],[152.275071005233627,-31.008679795915295],[152.27392291275504,-31.005814709782015],[152.27427506975738,-31.00545898181371],[152.273875125884615,-31.004874664770369],[152.273448028071812,-31.003860454721174],[152.272195738386301,-31.002669296590192],[152.27153691548736,-31.002532319524928],[152.271090205644555,-31.001764609475657],[152.270949030816041,-31.000595383453199],[152.269829550149154,-30.999134687333168],[152.270082852213619,-30.998400868352402],[152.270156436231076,-30.99819759235805],[152.270849604395266,-30.996282641411398],[152.273172936270328,-30.99500450762843],[152.273277473264699,-30.994946993638198],[152.273329204261444,-30.994922298643058],[152.274712095130582,-30.994591201775449],[152.275707205185569,-30.993218222862275],[152.275914817215039,-30.992794700879379],[152.276000225211277,-30.992741436887311],[152.277133220108425,-30.992437223995548],[152.278213152319779,-30.989793350081186],[152.280584188214164,-30.988323109301522],[152.281445421337423,-30.9865592283724],[152.282137058338378,-30.985889053434875],[152.282642273339064,-30.985399520480517],[152.283027202339525,-30.985026518515291],[152.283126781409749,-30.984396825520317],[152.28332244543833,-30.983991895536388],[152.283358784467083,-30.983738241538042],[152.283297058526841,-30.983342777529082],[152.283290353528344,-30.983337569528388],[152.283133660758921,-30.981733338501158],[152.283661220018615,-30.979251873534157],[152.283892811976557,-30.979349724557469],[152.28515300676392,-30.979759545683468],[152.286374010506933,-30.980544671808445],[152.288664284169755,-30.980914637034658],[152.289621900155737,-30.98010364512206],[152.289986416458078,-30.977454257137914],[152.290883938522143,-30.976106753215451],[152.291174737574238,-30.975431800238805],[152.29297396753563,-30.974001743403736],[152.294146206510476,-30.973070024511216],[152.293603663646081,-30.972558101454453],[152.291898005936702,-30.971981013283685],[152.291601477185736,-30.970370580242772],[152.291959101233061,-30.969667919272425],[152.291528391486082,-30.968155221219124],[152.289354269802772,-30.967828507004544],[152.28796936710458,-30.966858776862178],[152.288467840304548,-30.964859340895931],[152.288490949313825,-30.964766617897496],[152.288509952321448,-30.964690369898779],[152.288712321402613,-30.963878653912488],[152.288738128412945,-30.963775136914233],[152.288741337413086,-30.963771049914513],[152.288811731416047,-30.963681292920718],[152.289889911460932,-30.962306610015673],[152.290380479481399,-30.961681128058895],[152.290663013493173,-30.961320901083777],[152.289853551651447,-30.960891591001602],[152.289226613782859,-30.960491869937446],[152.288002265001239,-30.960002995814335],[152.28795156500874,-30.959994416809323],[152.287753077038161,-30.959960838789705],[152.28599474729856,-30.959663372615935],[152.285991932328528,-30.959437632613984],[152.285920444371101,-30.959182141605105],[152.285806010439245,-30.958773196590876],[152.285798425538417,-30.958025465584573],[152.286135665547533,-30.957633021614573],[152.287243014518253,-30.956794949716365],[152.287309060531726,-30.956629196721575],[152.287453191517528,-30.956599050735413],[152.287789597608281,-30.95558588676068],[152.287031086771236,-30.955072297682857],[152.287066036785291,-30.954931490685215],[152.287533514748276,-30.954765736729591],[152.287589340806051,-30.954272412731363],[152.287261833901312,-30.953860841696347],[152.28676469398107,-30.95373012064686],[152.286699912007776,-30.953588561639485],[152.286850899031293,-30.953265167651807],[152.28679440905276,-30.95315596864549],[152.286748325070221,-30.953066902640327],[152.286528484153706,-30.952642091615708],[152.285949270254946,-30.952426105557588],[152.28501996138948,-30.952292113465919],[152.284616983757445,-30.949876752408613],[152.284310397896348,-30.949112645373006],[152.284417300960627,-30.948520959379039],[152.284478254975824,-30.948346636383697],[152.284555048995003,-30.948127009389545],[152.285245575005661,-30.947384557451375],[152.285452022055466,-30.946807725467213],[152.28538351816772,-30.946018312454648],[152.285291538318489,-30.944958491437799],[152.285437370439553,-30.943896861444109],[152.288317804119629,-30.943574340722741],[152.288369866146837,-30.9433171107259],[152.288025767244221,-30.942905413689264],[152.287967286338727,-30.942241936678606],[152.288081476481693,-30.941043695680829],[152.28911771541334,-30.940571875778424],[152.28952271342871,-30.940067068814191],[152.29009204840284,-30.939718683867145],[152.29024791245169,-30.939197894878461],[152.290153629522877,-30.938745751865891],[152.290228092600529,-30.938083287868224],[152.291814600482837,-30.937460397018391],[152.293207405452705,-30.936356402146107],[152.293040863651697,-30.93500087111974],[152.29286855778841,-30.934124940096414],[152.293293859841981,-30.933309917131844],[152.294105282889234,-30.932173331202559],[152.294693530886974,-30.931627568255905],[152.295454218877722,-30.930969917325243],[152.295594683856649,-30.930995760339155],[152.295848093818705,-30.931042382364232],[152.296029326791512,-30.931075719382175],[152.296035699855878,-30.9305795903791],[152.295989723904341,-30.930254781372184],[152.295405327130254,-30.929093621306489],[152.29536511424098,-30.928289210296573],[152.295168059291882,-30.92809023627586],[152.294570998380522,-30.927987007216807],[152.293772321470527,-30.928065667139446],[152.292892582593112,-30.927974423052913],[152.292404719771611,-30.927082002998652],[152.292027928878611,-30.926627742958495],[152.291934156955335,-30.926133279945667],[152.291214683174275,-30.925154482868162],[152.290841639321542,-30.924389880826052],[152.290589168499878,-30.9232735317931],[152.290331606623255,-30.922580327762791],[152.289972833742752,-30.92201334572356],[152.289416682909518,-30.921275581663799],[152.29058358980248,-30.920974004775413],[152.291367798738349,-30.920711878849989],[152.292116054649142,-30.920675170922731],[152.292667622614459,-30.920411270974597],[152.293105743625688,-30.919906714013585],[152.293160682674284,-30.919483899015805],[152.293301397741658,-30.918836026024707],[152.293057228828161,-30.918410979997702],[152.292762708915461,-30.918027876966107],[152.292890954974752,-30.917453642974348],[152.29297345001288,-30.91708427197964],[152.292987665166635,-30.915899374972192],[152.292775219232453,-30.915601527949242],[152.292512907304513,-30.91530331392142],[152.292380671328687,-30.915245890908086],[152.29169229351956,-30.914450712834977],[152.291700432607428,-30.913773625830729],[152.291736547634343,-30.91353408083247],[152.292161078680607,-30.912775474868237],[152.29258052767193,-30.912440058906682],[152.292914693649976,-30.912287383938153],[152.293752561621716,-30.91170117301554],[152.293788289826466,-30.910107320007153],[152.293564476951047,-30.90937206597982],[152.293787912004262,-30.908753028997019],[152.293076354125816,-30.908507864925749],[152.292704215282185,-30.907672742883211],[152.292028773430616,-30.907188023813678],[152.291700728518464,-30.90683287877901],[152.291541017609035,-30.906295603759428],[152.291197205708102,-30.905869805722691],[152.29110379178843,-30.905347132709686],[152.291160245853462,-30.904797378711098],[152.290364480154153,-30.90326780762204],[152.289380561451026,-30.901947267516181],[152.289318010469856,-30.901863319509459],[152.289616391606103,-30.900539479528703],[152.289627201623944,-30.900393500528661],[152.289497457643336,-30.900369719515833],[152.289290283674319,-30.900331748495326],[152.28724750097993,-30.899957333293219],[152.288984703858659,-30.891597857400384],[152.290964777036208,-30.888350480569372],[152.290598044101245,-30.888205534532506],[152.290587341106828,-30.888173048531225],[152.290580017112319,-30.888138403530245],[152.290576190117491,-30.888102780529607],[152.290575984122114,-30.888067364529334],[152.290579533126163,-30.888033354529416],[152.290590774129242,-30.887999354530255],[152.290609544131172,-30.887966600531858],[152.290630807132715,-30.887934267533691],[152.290649514134657,-30.887901522535262],[152.290660621137732,-30.887867539536096],[152.2906614631423,-30.887831872535919],[152.290655350147887,-30.887795209535035],[152.290646305153899,-30.887758009533879],[152.290638363159815,-30.887720737532817],[152.290635575164998,-30.887683841532276],[152.290637897169375,-30.887647887532246],[152.290642612173571,-30.88761170953244],[152.29064963017737,-30.887575763532848],[152.290658881180832,-30.88754045453349],[152.290670256183915,-30.887506266534348],[152.290667011189555,-30.887466313533736],[152.290665227195063,-30.887426101533254],[152.290664904200412,-30.887385799532929],[152.290666043205505,-30.887345560532729],[152.290668651210467,-30.887305563532689],[152.290676835217113,-30.887246885533049],[152.290689895223124,-30.887188646533886],[152.29070538522879,-30.887130596534963],[152.290720875234484,-30.887072483536052],[152.290733926240506,-30.887014038536879],[152.290757097255721,-30.886875742538113],[152.290775348271723,-30.886736326538859],[152.2907893132884,-30.886596202539174],[152.290799621305496,-30.886455791539124],[152.290806873323021,-30.886315514538804],[152.290809311336972,-30.886206692538217],[152.29080854035135,-30.886097753537332],[152.290806245365957,-30.885988742536291],[152.290804120380528,-30.885879714535282],[152.290803851394827,-30.885770739534436],[152.290806997410385,-30.885649188533833],[152.290812384425664,-30.88552763753345],[152.290818013440912,-30.885406104533104],[152.290821868456334,-30.885284616532566],[152.290821939472266,-30.885163191531667],[152.290818622488388,-30.885043549530454],[152.290813270504771,-30.884923808529027],[152.290805391521474,-30.884804184527376],[152.290794473538483,-30.88468492852542],[152.290780041555848,-30.88456626352313],[152.290763161571618,-30.884462263520696],[152.290742598587769,-30.884358765517923],[152.290720134604129,-30.884255536514971],[152.290697635620461,-30.884152298511996],[152.290676874636659,-30.884048773509203],[152.290647786660003,-30.883898690505248],[152.290618079683412,-30.883748481501222],[152.290590380706675,-30.883598012497394],[152.290567325729342,-30.883447184494027],[152.290551566751191,-30.883295863491362],[152.290543032770557,-30.883156241489484],[152.290538595789513,-30.883015847488],[152.29053907080791,-30.882875319487006],[152.290545300825499,-30.882735302486569],[152.290558100842105,-30.882596414486766],[152.290565549850299,-30.882526675486993],[152.290573007858598,-30.882456361487186],[152.290582706866559,-30.882386604487618],[152.290596851873687,-30.882318504488495],[152.290617692879636,-30.88225320249003],[152.290645238883684,-30.882196075492292],[152.290679426886555,-30.882141636495223],[152.290716958888794,-30.882088471498498],[152.290754544891087,-30.882035171501762],[152.29078887689397,-30.881980357504702],[152.290834843899916,-30.881890932508526],[152.290876149906808,-30.881798890511863],[152.290915913914006,-30.881705979515051],[152.290957272920906,-30.881613963518404],[152.291003356926836,-30.881524629522243],[152.29105059593158,-30.881443307526236],[152.291100005935931,-30.881362981530458],[152.291151780939771,-30.881284107534931],[152.291206084943042,-30.881207161539649],[152.29126312194569,-30.88113259854466],[152.291295938946746,-30.881093193547574],[152.291329947947503,-30.881054755550593],[152.291364530948158,-30.881016757553695],[152.291399014948837,-30.88097868755677],[152.291432781949652,-30.880940025559774],[152.291517589952264,-30.880839145567307],[152.29160109795518,-30.880736902574686],[152.291682373958622,-30.880632902581834],[152.291760484962793,-30.88052676058868],[152.291834482967744,-30.880418098595083],[152.291899416973678,-30.880310602600623],[152.291959224980701,-30.880199808605639],[152.292016817988241,-30.880087561610406],[152.292075136995578,-30.879975709615277],[152.292137096002165,-30.879866115620494],[152.292189866006481,-30.879782714625019],[152.292245165010343,-30.879700775629807],[152.29230075001405,-30.879619041634626],[152.292354417018174,-30.879536277639247],[152.292403925023109,-30.879451254643449],[152.292433084026982,-30.879393965645864],[152.292460335031194,-30.879335663648089],[152.292486832035564,-30.879276949650247],[152.292513742039887,-30.879218442652427],[152.292542211043894,-30.879160750654769],[152.292610516051354,-30.879038445660523],[152.292684468057757,-30.878919099666856],[152.292838065069418,-30.878683302680077],[152.29291208007578,-30.878563830686414],[152.292957572080383,-30.878485431690276],[152.293002096085161,-30.878406441694018],[152.293046530089981,-30.878327405697764],[152.293091753094615,-30.878248854701592],[152.293138626098852,-30.878171334705595],[152.293254269106086,-30.878005940715649],[152.293381593110894,-30.877847439726882],[152.293511077115227,-30.877690480738355],[152.293633165121008,-30.877529702749065],[152.293738321130121,-30.877359754758064],[152.293806868139313,-30.877224183763737],[152.293870171149621,-30.877084955768886],[152.293927101161131,-30.876942786773387],[152.293976510173877,-30.876798430777121],[152.294017251187881,-30.87665261478001],[152.294036748197925,-30.876557614781202],[152.294050937208766,-30.876461323781879],[152.294062931219969,-30.876364485782325],[152.294075812231029,-30.876267809782853],[152.294092673241494,-30.876172011783787],[152.294116114252006,-30.876069544785313],[152.294142584262033,-30.875967704787133],[152.294170910271788,-30.875866250789151],[152.294199917281446,-30.875764957791226],[152.294228396291146,-30.87566357579324],[152.294238722295319,-30.875621964793936],[152.294248116299656,-30.87557992379455],[152.294258048303874,-30.875538115795209],[152.294269979307757,-30.875497230796061],[152.294285379310963,-30.875457941797261],[152.294321522314192,-30.875399138800347],[152.294368510315309,-30.875345560804547],[152.294420519315537,-30.875294188809239],[152.294471739315924,-30.875241990813844],[152.294516290317716,-30.875185930817782],[152.294550433320723,-30.875130398820687],[152.294581440324379,-30.875072760823297],[152.294610545328482,-30.875013857825685],[152.294638925332691,-30.874954525828031],[152.294667843336782,-30.874895605830407],[152.294719735342909,-30.874799162834744],[152.294774056348729,-30.87470296983933],[152.294825939354951,-30.874606033843687],[152.294870490362342,-30.874507313847282],[152.294902823371586,-30.874405751849675],[152.294906489373744,-30.874385797849889],[152.294907135376263,-30.874365906849803],[152.294908174378776,-30.874346024849761],[152.294909608381147,-30.874326160849755],[152.294911419383538,-30.874306332849773],[152.294913624385828,-30.874286557849846],[152.29491939739026,-30.874247430850112],[152.29492696339446,-30.874208463850561],[152.294935935398399,-30.874169694851147],[152.294945957402206,-30.874131176851847],[152.29495664240585,-30.8740929548526],[152.294968949409423,-30.874053817853508],[152.294982754412814,-30.874015119854572],[152.29499729341606,-30.873976628855701],[152.295011788419259,-30.873938110856827],[152.295025476422637,-30.873899350857869],[152.295033785424749,-30.873875398858509],[152.295042319426784,-30.873851473859162],[152.295050575428888,-30.873827486859781],[152.295058033431133,-30.873803319860336],[152.295064200433558,-30.873778874860754],[152.295070466437664,-30.873741772861088],[152.295073971442179,-30.873704016861147],[152.295075602446985,-30.873665892861023],[152.295076337451889,-30.873627652860812],[152.2950770904568,-30.873589573860599],[152.295077798460312,-30.873562045860471],[152.295078255463864,-30.873534490860301],[152.295078354467506,-30.873506934860117],[152.295078004471122,-30.873479397859864],[152.295077090474848,-30.873451905859575],[152.295076606476243,-30.873441596859436],[152.295076059477708,-30.873431306859317],[152.29507542247913,-30.873421006859189],[152.295074723480582,-30.873410724859035],[152.29507397048198,-30.873400443858891],[152.295079437636019,-30.872221036850611],[152.296190193629201,-30.871211191951492],[152.297582121731978,-30.869096997071573],[152.298667600615545,-30.868947450176421],[152.299120260628172,-30.868418540216663],[152.299489698870332,-30.866219358236325],[152.299035522094954,-30.864941143182442],[152.296222116742598,-30.862692211891055],[152.296538854183268,-30.859029716894632],[152.294242515688495,-30.857371223658138],[152.293398577138277,-30.854747588556197],[152.291659065992263,-30.849896296350241],[152.289514659015509,-30.844139208098028],[152.288789926179106,-30.84358387002316],[152.285573833664415,-30.842954439704684],[152.285279306753324,-30.842557325672992],[152.284543797984782,-30.841493999593297],[152.288602407678098,-30.832324370920816],[152.286786496228729,-30.829856723725218],[152.288388958307564,-30.827723646865653],[152.291457751447467,-30.823724548135239],[152.292141172389023,-30.823517751200381],[152.293809695265566,-30.822866417358345],[152.295664435967069,-30.823373216543143],[152.297109352783053,-30.823397466684355],[152.298108188683074,-30.823206949780417],[152.298626762660206,-30.822886095828654],[152.299985044638788,-30.821752840952776],[152.300315725772748,-30.820414890975062],[152.301021735781774,-30.819672094038435],[152.301325309797136,-30.819265078065033],[152.30161322282558,-30.818773307089462],[152.302467272799277,-30.818158498168255],[152.302721320824588,-30.817722913189801],[152.303503327870089,-30.816629465257979],[152.303514460870701,-30.816613904258954],[152.303947876834599,-30.816475832300238],[152.30422159981228,-30.816385091326286],[152.30388003102064,-30.815120995283504],[152.303908824159407,-30.814034888278194],[152.30640180805986,-30.812415644509507],[152.307473565028374,-30.811633004608318],[152.307820544158488,-30.810309263632309],[152.307732563226381,-30.809874924620459],[152.307478569281045,-30.809700251594371],[152.307447876314512,-30.809474305589685],[152.308044273416897,-30.808124054637837],[152.309067085402745,-30.807256423731236],[152.310703783499861,-30.804953983873869],[152.311571896444178,-30.804550830955627],[152.312559230408596,-30.80388044304706],[152.313473705306393,-30.803787972135684],[152.315025956203414,-30.803093231282094],[152.316740348033761,-30.802752279447017],[152.317158489016322,-30.802487090485876],[152.31757974003537,-30.801939759522941],[152.317817956163566,-30.800734875537202],[152.317847393179392,-30.800585948538977],[152.317913995215235,-30.80024906454296],[152.317209777420402,-30.799355435467501],[152.316116281587654,-30.799122209358938],[152.315098754054134,-30.796533438240207],[152.315596117178302,-30.795111931278164],[152.315462312380077,-30.793700191254551],[152.315677241341916,-30.79378631727619],[152.317035209324473,-30.792624647400157],[152.318585086196009,-30.792127353547844],[152.31897042818818,-30.791819602583185],[152.319907305153521,-30.791191137670019],[152.321040628060871,-30.790817940777959],[152.323139312676517,-30.791749267989957],[152.323720589599162,-30.791785618047022],[152.324519967492705,-30.791835621125507],[152.327195206217965,-30.791381750383529],[152.32988964593261,-30.790990834643921],[152.331793518824441,-30.790001993822621],[152.333343584699747,-30.789476312970216],[152.334353848541213,-30.789722942070814],[152.334729913423587,-30.79026158011159],[152.336566726116644,-30.790852339295565],[152.336649903107997,-30.790838786303595],[152.337302550086974,-30.790377581363956],[152.339716112653804,-30.791381293607412],[152.340662294531086,-30.791415824700181],[152.341236578375543,-30.792054518761113],[152.342647998197975,-30.792063915899181],[152.343862139069302,-30.791888584016608],[152.344738070110935,-30.790737531093665],[152.345240949090595,-30.790413907140426],[152.344907919135835,-30.790385955107652],[152.344959391351495,-30.788693316100023],[152.345168377443684,-30.787791774113732],[152.346383794533295,-30.785951657218845],[152.346630375674465,-30.784641241233164],[152.346687019750618,-30.784006735233966],[152.347054569732165,-30.783797554268357],[152.347189082735639,-30.78364325728035],[152.347085675968998,-30.781962923257684],[152.347033614086484,-30.781116858246282],[152.3476057131071,-30.780415231296971],[152.348543051081833,-30.779716014383425],[152.348725979062522,-30.779689006401107],[152.349971201905959,-30.77969722952297],[152.351464394705289,-30.779805825669836],[152.352631577619661,-30.779347933780581],[152.353826530463891,-30.779398109897858],[152.354987630486079,-30.778124261001928],[152.355002591486397,-30.778107848003277],[152.35413788678207,-30.776677229907982],[152.353742743076083,-30.77481233085539],[152.3529615543668,-30.773339923767956],[152.353288761470083,-30.772241616791778],[152.35307250653392,-30.771960708768518],[152.352470012711763,-30.771178108703722],[152.351960524042312,-30.769143153638669],[152.355286984028794,-30.766082205941199],[152.356938956020088,-30.76457762609158],[152.357772574024267,-30.763752861166971],[152.35811696405554,-30.763187410196444],[152.358823797116344,-30.76205168325712],[152.359008168084273,-30.762120992275669],[152.359536804128396,-30.761281967321132],[152.35976443714739,-30.760920698340698],[152.359839269153639,-30.76080191534713],[152.359920008160401,-30.760673774354085],[152.360038307171465,-30.760477041364172],[152.36016169724482,-30.759800634371199],[152.361090535324365,-30.758311206450951],[152.361452303334573,-30.75788948748319],[152.365481121756119,-30.758468516881805],[152.365813086943831,-30.75672224890123],[152.365941901016697,-30.756044695908781],[152.366753836475908,-30.75177353095631],[152.367487865430064,-30.751425564025553],[152.368540222381313,-30.750797485123865],[152.369572705294246,-30.750479668222553],[152.369773362287589,-30.750339895241151],[152.370428687305292,-30.74958226729964],[152.371136896355267,-30.748528714361075],[152.371318093349544,-30.748400235377865],[152.372729434288772,-30.747522883509472],[152.373732470209745,-30.747172069605057],[152.374224149246317,-30.7464262346476],[152.374781615228954,-30.746029359699222],[152.375314010253788,-30.745334607746145],[152.375395169333331,-30.744651238748983],[152.375204063548722,-30.743191400719351],[152.375022048693779,-30.742259013694561],[152.375763206771182,-30.740965292757451],[152.37583718590659,-30.739863412756446],[152.375763724969801,-30.739451464746182],[152.375838681047128,-30.738791096748567],[152.375781687134662,-30.738178255738422],[152.375562212215783,-30.73776813771385],[152.375487784286662,-30.73729886470306],[152.375550110309831,-30.7370629857074],[152.375626938474198,-30.735737436705008],[152.375867818531134,-30.735074996723636],[152.37536169370847,-30.734203986667559],[152.375258069803238,-30.733580263652755],[152.375864629962649,-30.731789350698744],[152.375829177984343,-30.731657902694284],[152.374945919199746,-30.730854679601798],[152.374235166343539,-30.730433497529066],[152.373155331513118,-30.730165993421334],[152.372403003675572,-30.729642092343767],[152.371882555812533,-30.7290923572887],[152.3715129808933,-30.728827453250545],[152.371087112005853,-30.728374027205465],[152.370837197121546,-30.727729184176169],[152.370988061218839,-30.726844222184319],[152.370974311326592,-30.726035884176923],[152.371259850341119,-30.725653874202028],[152.371427405461162,-30.724579493210371],[152.371308176525474,-30.724202521195888],[152.371632269647364,-30.722965641218362],[152.371866856651593,-30.722710409239422],[152.371882544668097,-30.722569782239908],[152.371893802685264,-30.722428312239938],[152.371900615703026,-30.722286412239544],[152.371902964721329,-30.722144511238724],[152.371900813740154,-30.722003033237449],[152.371886381767069,-30.721811723234595],[152.371859292795449,-30.721620888230525],[152.371826080824604,-30.72143019722585],[152.371793246853713,-30.721239353221208],[152.371767277882071,-30.721048017217228],[152.371752639905793,-30.720881017214548],[152.371742035929032,-30.720713561212257],[152.371732282952223,-30.720546024210044],[152.371720217975678,-30.720378791207612],[152.37170269299969,-30.720212249204653],[152.371673068030077,-30.720008668200226],[152.371637454061158,-30.719805749195235],[152.371597215092663,-30.719603476189771],[152.37155368712456,-30.719401849184006],[152.371508222156564,-30.719200876178061],[152.371472375181071,-30.719048255173401],[152.371434871205679,-30.718895983168583],[152.371395734230475,-30.718744097163629],[152.37135496625541,-30.718592659158503],[152.371312585280464,-30.718441723153219],[152.370941146407631,-30.717824945112245],[152.370517349555939,-30.717096242065303],[152.370570060706626,-30.715897144061497],[152.369804240201972,-30.712846708963703],[152.369785245214246,-30.712771025961271],[152.369760729230137,-30.712673407958146],[152.369396158465918,-30.71122119291158],[152.367861840822769,-30.709955806751935],[152.367007396072069,-30.708865469660147],[152.367005336191852,-30.707953757653119],[152.366538331321379,-30.707409077603334],[152.365763847714163,-30.705147959510608],[152.365681934794111,-30.704615705498608],[152.365807661892319,-30.703747393504408],[152.365919827979894,-30.702972780509601],[152.366270175998494,-30.70249824654033],[152.367710417971949,-30.701333512672587],[152.368586377913999,-30.70094417175541],[152.369331309118706,-30.698675642811349],[152.368704994321121,-30.69772583974294],[152.368653494470976,-30.696631249729695],[152.36682625492756,-30.694882120537752],[152.3667284480305,-30.694189501522995],[152.365681427255197,-30.693468529415124],[152.365338212388224,-30.692778967376373],[152.364747530515587,-30.69236770031549],[152.362348434107616,-30.690126717063922],[152.361830826277838,-30.689318875007228],[152.361030853512744,-30.688285158921211],[152.36101566863482,-30.68736789291286],[152.360530053810834,-30.686485111858723],[152.359445717074607,-30.685500787745259],[152.358409285373796,-30.684200473634103],[152.359018995618953,-30.681750198675413],[152.358435145850564,-30.680536046609205],[152.35834148092141,-30.680084208596654],[152.358307408985667,-30.67962589958989],[152.357995902180846,-30.678431315550469],[152.358187605215136,-30.677987428565899],[152.35873693523007,-30.677351999614899],[152.359645737254766,-30.676300758695945],[152.359478927653754,-30.673412817657997],[152.359547223661536,-30.673288450663751],[152.36070262879349,-30.67118429176104],[152.360643268851106,-30.670800839752356],[152.360774887949106,-30.669927622758706],[152.361888081978549,-30.668646588858042],[152.362277962153769,-30.666938717883415],[152.363467754250422,-30.665071841985849],[152.364062040303764,-30.664101132036741],[152.364363652347095,-30.663483836061648],[152.366169152329576,-30.661905357226527],[152.368438916200347,-30.660739148439944],[152.368958621160374,-30.660551603489402],[152.36929568433581,-30.658892496509974],[152.368921626435139,-30.658488482470339],[152.368540324534649,-30.658090617430037],[152.368152112634135,-30.6576992413891],[152.367757347733487,-30.657314724347575],[152.367356369832692,-30.656937395305512],[152.366924036937945,-30.656543707260244],[152.366484632043154,-30.656156912214346],[152.366037867148179,-30.65577845416778],[152.365583474252929,-30.655409758120541],[152.365121174357114,-30.655052275072624],[152.36449625149362,-30.654602329008096],[152.363854242629401,-30.654174515942049],[152.363200616764516,-30.653762379875015],[152.362540823899167,-30.653359530807414],[152.361880349033527,-30.652959540739786],[152.361543322102733,-30.652750841705245],[152.36120697617207,-30.652540054670759],[152.360868578241195,-30.652333139636085],[152.360525392309626,-30.652136022601042],[152.360174704376902,-30.651954654565358],[152.359890134428696,-30.651828692536583],[152.359599361479638,-30.651715621507275],[152.359306401530205,-30.651607067477808],[152.359015269581079,-30.651494632448465],[152.358730000632789,-30.651369925419623],[152.358443512685824,-30.651236631390603],[152.358155303739323,-30.651101284361381],[152.357872786793337,-30.650956803332662],[152.357603401847797,-30.650796079305103],[152.357354580902808,-30.650612031279373],[152.357207840937463,-30.650486481264075],[152.357063502972636,-30.650354594248959],[152.356926731007832,-30.650215420234542],[152.356802688042507,-30.650068016221297],[152.356696555076212,-30.649911442209735],[152.35664522709655,-30.649804646203922],[152.35660520311643,-30.649690651199155],[152.356567788136147,-30.649575383194627],[152.356524331156038,-30.649464714189552],[152.356466155176406,-30.649364577183114],[152.356397123195791,-30.649281714175732],[152.356318680215594,-30.649204866167484],[152.356233531235517,-30.649133414158609],[152.356144412255276,-30.649066722149417],[152.356054055274711,-30.649004145140097],[152.355893268307256,-30.648908105123638],[152.35572065033935,-30.648826371106143],[152.355540169370755,-30.648757931087975],[152.35535578040097,-30.648701790069509],[152.355171446429722,-30.648656961051145],[152.354975386457653,-30.648629541031767],[152.354775032483388,-30.648623105012117],[152.354572491508122,-30.648626259992319],[152.354369888533085,-30.648627577972515],[152.35416931955956,-30.648615637952798],[152.353929399593852,-30.648581278929068],[152.353690751629472,-30.648535499905385],[152.353452857665872,-30.648482997881722],[152.353215231702507,-30.648428469858064],[152.35297736373883,-30.648376613834401],[152.352677815783295,-30.648321072804688],[152.352376222827303,-30.6482708027748],[152.352075875871634,-30.648216822745027],[152.351780065917097,-30.648150192715594],[152.351492080964391,-30.648061969686761],[152.351251004005604,-30.647975790662532],[152.351007050047997,-30.647883165637985],[152.350770392091192,-30.647777516614038],[152.350551205134821,-30.647652262591663],[152.350359664178427,-30.647500798571794],[152.35019005722549,-30.647301950553718],[152.350049054273398,-30.647069684538177],[152.349929977321324,-30.646816255524644],[152.349826139368531,-30.646553924512521],[152.349730861414258,-30.646295009501259],[152.349644314459596,-30.646030446490812],[152.34957404650379,-30.645759241481905],[152.349516319547035,-30.645483742474198],[152.349467430589385,-30.645206289467335],[152.349423614631064,-30.644929231460964],[152.349395666663781,-30.644705689456568],[152.349376502695549,-30.64448080245301],[152.349360323727069,-30.644255458449734],[152.349341338758848,-30.644030526446201],[152.349286051824066,-30.643584481437454],[152.349261329856802,-30.643357765433326],[152.349228325890152,-30.643134223428422],[152.34917570792453,-30.642921312421688],[152.34909214696043,-30.642726499412056],[152.348981621995534,-30.642562916400021],[152.348846025032174,-30.642411319385619],[152.348693235069561,-30.642270406369622],[152.348531185106879,-30.642138869352781],[152.348367755143329,-30.64201540033589],[152.348122430193229,-30.641866868310775],[152.347854515241835,-30.641749423283692],[152.347577350290038,-30.641644123255801],[152.347304245338591,-30.641531994228245],[152.347048549388376,-30.641394075202204],[152.346870687426645,-30.641270104183882],[152.346699153465437,-30.641136281166109],[152.346531563504527,-30.640996399148669],[152.346365587543744,-30.64085424913138],[152.346198867582842,-30.640713632114007],[152.345999931630757,-30.640535994093216],[152.345806911679233,-30.640348576072945],[152.345612761727466,-30.640163830052579],[152.345410445774803,-30.63999420603152],[152.345192917820384,-30.639852145009186],[152.344993542858077,-30.639753129988943],[152.344784583895176,-30.639667596967865],[152.344569135931295,-30.639595984946265],[152.34435033596597,-30.639538714924445],[152.344131301998686,-30.639496226902704],[152.343802828042925,-30.639469802870384],[152.343466222082697,-30.639485158837584],[152.343125772119208,-30.639529020804623],[152.342785760153674,-30.639588103771821],[152.342450491187321,-30.639649113739505],[152.342153703216468,-30.639707873710918],[152.341858816243928,-30.639778035682607],[152.341565256270172,-30.639855556654485],[152.34127241229595,-30.639936412626454],[152.340979712321797,-30.640016578598431],[152.340669309349579,-30.640098760568701],[152.340358753377359,-30.640181194538968],[152.340049165404594,-30.640266864509339],[152.339741728430738,-30.640358701479965],[152.339437590455304,-30.640459708450997],[152.339132636474858,-30.640599610422218],[152.338827449489685,-30.640776004393707],[152.33852621550497,-30.640945003365516],[152.338233103525909,-30.641062773337751],[152.337952308557846,-30.641085435310469],[152.337759735587866,-30.641038671291298],[152.337568499621966,-30.640959529271992],[152.337382399658509,-30.64085646225303],[152.337205218696027,-30.640737924234831],[152.337040748732846,-30.640612375217806],[152.336879694772904,-30.640458895200911],[152.336736639813637,-30.640283274185617],[152.336603301854694,-30.640095470171172],[152.336471406895953,-30.639905444156849],[152.336332671937015,-30.639723144141918],[152.336120236995754,-30.639475713119314],[152.335901867054531,-30.639233130096141],[152.335682377113358,-30.638991490072883],[152.33546665117214,-30.638746926049951],[152.33525954023068,-30.63849555002783],[152.335141889265742,-30.638339174015151],[152.335028379300724,-30.638179482002876],[152.334915702335678,-30.638019169990656],[152.334800543370619,-30.6378609389782],[152.334679575405687,-30.637707502965242],[152.334603337427353,-30.637614366957088],[152.334526902449085,-30.637520783948904],[152.33444854847076,-30.637429099940576],[152.3343665374924,-30.637341638931893],[152.334279112513855,-30.637260738922745],[152.33417511353619,-30.637188399912027],[152.334060410558408,-30.637127570900372],[152.333943978580464,-30.637069349888549],[152.333834761602418,-30.637004827877387],[152.333741751624387,-30.636925102867707],[152.333640907657383,-30.636768456856679],[152.33357533769032,-30.636578752848841],[152.333531638723059,-30.636369739843005],[152.333496401755497,-30.636155186837954],[152.333456225787444,-30.635948853832478],[152.333395119830215,-30.635679665824494],[152.33334044987248,-30.635408326817121],[152.33329361391398,-30.635135435810493],[152.333255992954463,-30.634861586804764],[152.333228993993629,-30.634587387800067],[152.333214661023504,-30.63437225179706],[152.3332055630529,-30.634156228794556],[152.333202713081505,-30.633939963792653],[152.33320712410918,-30.633724092791475],[152.333219809135699,-30.633509262791101],[152.333243833157013,-30.633323474792057],[152.333279806176705,-30.63313844079418],[152.333318414196071,-30.632953719796564],[152.333350344216285,-30.632768882798306],[152.333366273238511,-30.632583516798469],[152.333366310269952,-30.63234277979668],[152.333352183303703,-30.632098116793458],[152.33332097133939,-30.631854789788587],[152.333269770376688,-30.631618059781815],[152.333195657415274,-30.631393189772886],[152.33310000345449,-30.631183862761951],[152.332982629495802,-30.630979178748948],[152.332846790538213,-30.630783853734222],[152.332695766580628,-30.630602583718101],[152.332532810622098,-30.630440066700945],[152.332428999646567,-30.630351385690126],[152.332319639671084,-30.630267697678825],[152.332205698695418,-30.630189666667096],[152.332088136719364,-30.630117945655069],[152.331967930742735,-30.630053207642838],[152.331910023756507,-30.630002928636802],[152.331882754763456,-30.629975633633933],[152.331832529777301,-30.629917680628587],[152.331789879790904,-30.629853848623949],[152.331754651804431,-30.62978374061997],[152.331724765817825,-30.629709662616495],[152.331672604843988,-30.62955886061026],[152.331617181876823,-30.62936022760336],[152.331582177908302,-30.629152603598385],[152.331564088938364,-30.628940075595022],[152.331559455966783,-30.628726723592976],[152.331564780993602,-30.628516643591919],[152.33158210901891,-30.628306482592041],[152.331613806042469,-30.628096115593557],[152.331657210064435,-30.627886689596227],[152.33170966808504,-30.627679351599809],[152.331768525104422,-30.627475241604031],[152.331860631129672,-30.627194596610924],[152.331967984152811,-30.626915771619334],[152.33209147217309,-30.626643230629352],[152.332231956189872,-30.626381391641132],[152.332390305202438,-30.626134711654753],[152.332501997207487,-30.62599039166459],[152.332623602210333,-30.625853134675452],[152.332877050213824,-30.625585631698218],[152.332999148216629,-30.625448248709123],[152.333167788220379,-30.625259744724197],[152.333343294223084,-30.625072236739953],[152.33351133322725,-30.624880827754932],[152.33365753523529,-30.62468062576772],[152.333767569249574,-30.62446672677687],[152.333819919262282,-30.62431998678089],[152.333863412276827,-30.624167311783992],[152.333895719293167,-30.624011490785993],[152.333914490311315,-30.623855283786643],[152.333917395331042,-30.623701470785793],[152.333902524354016,-30.623539723783107],[152.333853742378153,-30.623401203777309],[152.333839670415671,-30.623127630773872],[152.333832741435884,-30.622979617772096],[152.333833773479455,-30.622645089769691],[152.333851962521521,-30.622306026768921],[152.333865077563928,-30.621969069767683],[152.333850933608545,-30.621640852763839],[152.33378734365732,-30.621327999755284],[152.33372132469151,-30.621129303747345],[152.333643903727335,-30.620928375738266],[152.333551808764042,-30.620734995727819],[152.333441776800669,-30.620558942715743],[152.333310535836432,-30.620409996701792],[152.333154042870888,-30.62029461168564],[152.332972737905237,-30.620204075667235],[152.332776221939156,-30.620130991647489],[152.332574083972474,-30.620067974627251],[152.332375927004904,-30.620007638607429],[152.332194837033256,-30.619962934589402],[152.332008217060292,-30.619932932570936],[152.331821327087113,-30.619905125552457],[152.33163941211464,-30.619866984534394],[152.331467726143927,-30.619806019517164],[152.331375442161573,-30.619758313507784],[152.331286062179714,-30.619704314498644],[152.331023679235017,-30.619530314471699],[152.330832451275626,-30.619400936452042],[152.33064481731671,-30.619264388432672],[152.330456709357748,-30.619129327413283],[152.330264029397966,-30.619004485393511],[152.330062717436761,-30.618898531373041],[152.329839138476018,-30.61881006535053],[152.3296068905141,-30.618739088327292],[152.329369077551178,-30.618681261303621],[152.32912886058736,-30.618632228279779],[152.328889397622902,-30.618587659256043],[152.328644645657022,-30.618558697231904],[152.328394972689267,-30.618548791207434],[152.32814569372124,-30.618540616183019],[152.327902115754569,-30.618516861159033],[152.327669536790836,-30.618460218135876],[152.327499750821318,-30.618387807118751],[152.327336266853422,-30.618297602102093],[152.327176152886295,-30.618197644085701],[152.327016486919376,-30.618095975069345],[152.326854346951961,-30.618000616052779],[152.326599753002085,-30.617858725026828],[152.326345239052387,-30.61771519300088],[152.326088789102414,-30.617575963974787],[152.325828378151556,-30.617446936948365],[152.325561969199327,-30.617334043921502],[152.325328090238486,-30.61725618289805],[152.325088887276507,-30.617192564874209],[152.324847299313944,-30.617135051850177],[152.324606294351611,-30.617075539826185],[152.324368803390172,-30.617005898802457],[152.324133168429796,-30.616926253778825],[152.32389858146982,-30.616842395755278],[152.323665823510311,-30.616753490731888],[152.323435673551245,-30.616658749708684],[152.323208885592607,-30.61655735868576],[152.322938720642952,-30.6164282316584],[152.322670564694079,-30.616291719631178],[152.32240760674577,-30.61614563260439],[152.322153012797912,-30.615987839578334],[152.321909972850506,-30.61581618855331],[152.32175693188583,-30.615690934537419],[152.321610370921462,-30.615557236522086],[152.321322699993033,-30.615282382491934],[152.321174571028706,-30.615150172476461],[152.32098204307303,-30.614993203456478],[152.320785141117312,-30.614841416436104],[152.320586455161504,-30.614691726415575],[152.320388522205718,-30.6145410863951],[152.320193960250066,-30.614386404374933],[152.31989537031896,-30.61414230534394],[152.319597463388078,-30.613895903312997],[152.319305085457273,-30.613643512282543],[152.319023089526468,-30.613381432253025],[152.318756322595533,-30.6131060042249],[152.318636841627466,-30.612974906212255],[152.318518069659461,-30.61284239119966],[152.318402748691454,-30.612707133187371],[152.318293603723191,-30.612567770175669],[152.318193359754503,-30.6124229661648],[152.318118842779484,-30.612302310156622],[152.318048332804409,-30.612178464148787],[152.317982644829129,-30.612051829141425],[152.317922604853379,-30.61192281113459],[152.317869027877151,-30.611791811128381],[152.317827622897909,-30.611672115123433],[152.317792107918251,-30.611550061119054],[152.317760761938246,-30.611426492115068],[152.317731897958055,-30.611302215111319],[152.317703804977782,-30.611178037107631],[152.317668317005086,-30.611002576102862],[152.317639068031809,-30.61082570709868],[152.317612392058294,-30.610648247094741],[152.317584613084875,-30.610470993090694],[152.317552065111926,-30.610294761086198],[152.317513368140425,-30.610113249081063],[152.31747216116915,-30.609932185075678],[152.317428471198156,-30.609751668070054],[152.317382325227356,-30.609571796064213],[152.317333741256761,-30.6093926780581],[152.317372170276002,-30.609208996060481],[152.317179680425454,-30.608246855034476],[152.317973262474339,-30.607118861103537],[152.317064776720315,-30.606097521007136],[152.316966577827657,-30.605368505992086],[152.316867491935824,-30.60463408597689],[152.316039205091016,-30.604231736892981],[152.316060219254609,-30.602958714885485],[152.315125744399779,-30.602734014792524],[152.313203485659272,-30.602571228603576],[152.312687495873007,-30.60142374754458],[152.311727485154563,-30.600178263441492],[152.31235091112211,-30.599834933499793],[152.312577820304966,-30.598218105509826],[152.312856717338462,-30.597696589533168],[152.313818363289499,-30.597158677623046],[152.315005184187157,-30.596815974736394],[152.315409917190038,-30.596409287772875],[152.316139818211781,-30.595549953837708],[152.316816536217658,-30.594862593898661],[152.317092493230945,-30.594498664922881],[152.317280996228106,-30.594341274940117],[152.317473678272364,-30.593819668955035],[152.317732549293368,-30.593412810977267],[152.319059120264285,-30.59237634809908],[152.319722355245631,-30.591889647160222],[152.32041209822296,-30.591408711223998],[152.32077038823391,-30.590984749255828],[152.321572287121739,-30.591083093334905],[152.322971456048492,-30.590316168465854],[152.323356361075639,-30.589743136499159],[152.323628131100662,-30.589293358522337],[152.32366474010712,-30.589209195525289],[152.323705240112957,-30.589126224528616],[152.323749369118076,-30.589044930532324],[152.323796887122541,-30.588965777536359],[152.323847543126249,-30.588889225540747],[152.323960677131311,-30.588743040550696],[152.324089840133325,-30.58860505756228],[152.324231444132494,-30.588477159575167],[152.324381814128998,-30.588361236588984],[152.324537366123025,-30.588259163603425],[152.324664673115848,-30.588193511615366],[152.324799007106236,-30.588139798628088],[152.324936666095454,-30.588091455641177],[152.325073896084945,-30.588041911654209],[152.325206993075966,-30.587984595666786],[152.32536214206732,-30.58790338168134],[152.325513937060009,-30.587815283695516],[152.325663743053525,-30.587723133709453],[152.325812949047219,-30.587629791723334],[152.325962925040614,-30.587538089737304],[152.326124653032394,-30.587447589752426],[152.326289806023254,-30.587360790767914],[152.326453004014695,-30.587271724783196],[152.326608869008055,-30.5871744377977],[152.326752015004871,-30.587062943810846],[152.326875207006253,-30.586935699821929],[152.326985375011077,-30.586794122831634],[152.327089016017709,-30.586645104840635],[152.327192622024398,-30.586495567849646],[152.327302682029483,-30.586352420859331],[152.327529668037442,-30.586075854879432],[152.327646290040718,-30.585940184889818],[152.327768702042363,-30.585811461900811],[152.327899701041531,-30.585693575912728],[152.328026183037792,-30.585602160924402],[152.328160983031694,-30.585521117936956],[152.32829951302449,-30.585444564949924],[152.328437190017638,-30.585366613962808],[152.328569418012393,-30.585281365975071],[152.328700722008989,-30.585182752987169],[152.3288281540068,-30.585078725998848],[152.329078949003673,-30.584864827021754],[152.329206076001583,-30.584760181033392],[152.329351453997617,-30.584652765046791],[152.329502209992313,-30.58455027106077],[152.3296512089874,-30.584446504074545],[152.329791387984585,-30.5843352600874],[152.329915645985466,-30.584210365098613],[152.330014698991107,-30.584073574107261],[152.330098404000239,-30.583923956114319],[152.330250299022339,-30.583610799126816],[152.330333763031746,-30.583459567133847],[152.33038815703631,-30.583372777138507],[152.330443823040639,-30.583286777143304],[152.330556590049042,-30.583115645153043],[152.330612454053323,-30.583029761157853],[152.330702479059113,-30.582900186165688],[152.330797972063976,-30.582772261174068],[152.330890257069399,-30.582643206182102],[152.330970655076783,-30.582510270188973],[152.331030489087595,-30.582370700193771],[152.331068246101722,-30.582226909196379],[152.331091741118485,-30.582076152197551],[152.331101718137319,-30.581922178197374],[152.331098930157737,-30.58176873219595],[152.331084095179051,-30.58161954419338],[152.331045900206362,-30.581446378188343],[152.33098497223628,-30.58127528218111],[152.330908089267751,-30.581107010172325],[152.330822008299918,-30.580942323162677],[152.330733516331833,-30.580781984152829],[152.330628620366156,-30.58061852614135],[152.330508700401253,-30.58046328712847],[152.330384290436569,-30.580310595115169],[152.330290446464346,-30.580187017105061],[152.330265948471606,-30.580154747102434],[152.330164207505675,-30.579990078091253],[152.330110988524382,-30.579897444085361],[152.330053520543913,-30.579802076079034],[152.330002157562831,-30.579705991073286],[152.329967252579536,-30.579611179069168],[152.329959139592489,-30.579519657067681],[152.329972926599254,-30.579454703068532],[152.329998653604463,-30.579390521070579],[152.33003208860859,-30.57932729807337],[152.330105190615512,-30.579204411079594],[152.330243450623016,-30.57901606809169],[152.330417379623412,-30.578848127107431],[152.330611700619784,-30.57869185812525],[152.330811157615074,-30.5785385731436],[152.331000503612387,-30.578379525160909],[152.331232554611859,-30.578163671181965],[152.331463502611598,-30.577946500202909],[152.331695149611164,-30.57773013622392],[152.331929270610061,-30.577516703245205],[152.332158542607857,-30.577316295266105],[152.332167685607743,-30.577308308266947],[152.332401305603554,-30.577118603288358],[152.332640858597784,-30.576935728310392],[152.332881631591675,-30.576754350332578],[152.33311890758651,-30.576569127354368],[152.333347982583518,-30.576374698375293],[152.333426416583194,-30.576302797382425],[152.333562499582598,-30.576178000394798],[152.333773072582915,-30.575976194413858],[152.333978490584485,-30.575769035432391],[152.334177634587633,-30.575556293450262],[152.334369302592449,-30.575337732467357],[152.334497057596963,-30.575182036478679],[152.334620876602401,-30.57502295248959],[152.334741854608495,-30.574861493500197],[152.334861057615001,-30.574698661510631],[152.334979561621651,-30.574535481520986],[152.335170996632286,-30.574272522537726],[152.335271160638086,-30.574133104546473],[152.335361069643312,-30.574007931554327],[152.335546310655303,-30.573740149570423],[152.335723250668991,-30.573467608585673],[152.335888429684985,-30.573188720599724],[152.335974331694217,-30.573036412606992],[152.336059677703673,-30.572883119614186],[152.336141214713848,-30.572728024620989],[152.336215723725189,-30.57257032062709],[152.336279977738286,-30.572409192632161],[152.3363409867558,-30.572217335636683],[152.336390378775405,-30.572020360640035],[152.336429228796703,-30.571820132642333],[152.336458585819429,-30.571618495643683],[152.33647951684307,-30.571417325644219],[152.336487226855866,-30.571312115644197],[152.33649244386902,-30.571206582643907],[152.336495186882473,-30.571100896643379],[152.336495428896256,-30.570995237642613],[152.336493179910292,-30.57088976764161],[152.336464987932487,-30.570746459637768],[152.336443958949019,-30.570639537634921],[152.336402105981989,-30.570426741629227],[152.336157536174596,-30.569183344595995],[152.336141150186819,-30.569104981593803],[152.336103761220528,-30.56888237858848],[152.336088155237917,-30.56876425158606],[152.336084749241678,-30.568738452585549],[152.336068175262568,-30.568594096582835],[152.336064778267541,-30.56855936958225],[152.336054030283208,-30.568449444580377],[152.336042341303568,-30.568304613578135],[152.336033109323637,-30.568159727576148],[152.336016015394563,-30.567632492570525],[152.335812902498873,-30.567026024546113],[152.337485363347724,-30.566598413706405],[152.338691762298112,-30.565835172818613],[152.339884059146925,-30.565862986935393],[152.341061862019984,-30.56571892504946],[152.341134497011126,-30.565718020056554],[152.341207132002324,-30.565716935063662],[152.341279766993466,-30.565715689070739],[152.341352392984675,-30.565714272077827],[152.341425018975912,-30.565712695084919],[152.341542849961684,-30.56570979009642],[152.34166067294754,-30.565706482107913],[152.341778485933474,-30.565702717119393],[152.341896280919428,-30.565698459130886],[152.342014049905487,-30.565693682142371],[152.342170013887028,-30.565687182157568],[152.342326013868615,-30.565680414172771],[152.342481932850376,-30.565672472187959],[152.34263767283241,-30.565662414203118],[152.342793089814876,-30.565649336218208],[152.342912534801684,-30.565637145229807],[152.343031881788733,-30.565623510241366],[152.343151065775942,-30.565608460252903],[152.343270044763386,-30.565591984264415],[152.343388772751013,-30.565574091275902],[152.343931684712913,-30.56535107632731],[152.344488893679596,-30.565078489379747],[152.345025298650171,-30.564795611430078],[152.345219421640309,-30.564687156448244],[152.345410327631669,-30.564572712466049],[152.345599637623536,-30.564455230483688],[152.345788930615498,-30.564337657501323],[152.34597980060687,-30.564222927519115],[152.346178585598011,-30.564102415537654],[152.346376348589729,-30.563978792556064],[152.346575465580827,-30.563858172574633],[152.34677831157029,-30.563746624593644],[152.346987288557017,-30.563650288613342],[152.347149096544314,-30.56359454962875],[152.347315808529402,-30.563550563644725],[152.347483793513931,-30.563509848660857],[152.347649411499418,-30.563463934676708],[152.347809033487465,-30.563404350691872],[152.347920428479995,-30.563356007702396],[152.348033249472593,-30.563305979713043],[152.348142735466183,-30.563250913723358],[152.348244126461964,-30.563187466732781],[152.348332645460829,-30.563112294740886],[152.348434010468821,-30.562955253749628],[152.348493693487285,-30.562757158753982],[152.348529262511846,-30.562535532755785],[152.348558288537987,-30.56230790075692],[152.348598339561221,-30.562091769759224],[152.348633263581434,-30.561904134761221],[152.348657672603963,-30.561708495762129],[152.348686536625451,-30.561516665763531],[152.34873485264248,-30.561340433766929],[152.348817572651683,-30.561191621773901],[152.348932804652065,-30.561079473784329],[152.349075484646619,-30.56098608679758],[152.349235446636982,-30.560908116812641],[152.349402507624944,-30.560842222828487],[152.349566512612114,-30.560785049844096],[152.349765719592455,-30.560747078863308],[152.349979626566608,-30.560742237884185],[152.350193981539888,-30.560743841905172],[152.350394532517527,-30.560725205924637],[152.350567035504724,-30.560659642941022],[152.350624440502571,-30.560621876946353],[152.350681146500875,-30.560581000951593],[152.350735011500007,-30.560536656956522],[152.350783855500254,-30.560488501960943],[152.350825565501964,-30.560436187964626],[152.350870555508749,-30.560341375968321],[152.350894202520237,-30.560231386969804],[152.350904663534408,-30.560112613969942],[152.350910096549569,-30.559991447969558],[152.350918674563786,-30.559874287969517],[152.350931412586846,-30.559685864969346],[152.3509323816115,-30.559496051968022],[152.350929701636659,-30.559305844966335],[152.350931458661194,-30.559116211965087],[152.350945774684021,-30.558928119965078],[152.350962465697847,-30.55880683696579],[152.350982240711176,-30.558685795966817],[152.351004964724098,-30.558565193968139],[152.3510305207366,-30.558445237969735],[152.351058793748678,-30.558326079971611],[152.351110156768868,-30.558122990975107],[152.351166773788492,-30.557918907979122],[152.351232892806507,-30.557718355984075],[152.351312734821789,-30.55752579099045],[152.351410549833219,-30.55734574899866],[152.351505047838799,-30.5572132160069],[152.351612418841796,-30.557088670016476],[152.351727587843158,-30.556969055026848],[152.351845419843983,-30.556851366037485],[152.351960821845267,-30.556732566047884],[152.35209550584915,-30.556574916059869],[152.352227401854634,-30.556408149071519],[152.352362901858754,-30.556247998083574],[152.352508359858746,-30.556110222096766],[152.35267016885183,-30.556010542111864],[152.352817616840241,-30.55595932112589],[152.352976171824878,-30.555926889141166],[152.353140516806633,-30.555910951157117],[152.353305301786492,-30.555909203173226],[152.353465227765383,-30.555919368188931],[152.35360294074502,-30.555944790202595],[152.353738762722685,-30.555987225216199],[152.35387395769942,-30.55603708322981],[152.354009779676431,-30.55608470824345],[152.354147474654724,-30.556120564257185],[152.354418114616863,-30.556154232283919],[152.354694285581957,-30.556159978310973],[152.354973593548834,-30.556148988338219],[152.355253663516351,-30.556132449365496],[152.35553212048336,-30.556121539392642],[152.35583777344462,-30.556128531422601],[152.356148213403941,-30.556146181453105],[152.356456206364669,-30.556155279483306],[152.356754545330233,-30.556136606512361],[152.357036014303958,-30.556070972539395],[152.357111652298414,-30.556041758546581],[152.357186053293475,-30.556009075553629],[152.357259764288898,-30.55597438456056],[152.357333268284435,-30.555939174567492],[152.357407122279767,-30.555904922574452],[152.35755844327079,-30.555830404588711],[152.357708518262797,-30.555749746602782],[152.357859140254305,-30.555671983616932],[152.358012101243958,-30.555606169631396],[152.358169185230452,-30.55556136764644],[152.358295264217304,-30.555542273658634],[152.358424076202624,-30.555532843671159],[152.358554125186686,-30.555531848683888],[152.358683870169813,-30.555538087696629],[152.358811812152396,-30.555550331709227],[152.358920796136914,-30.555565615720003],[152.359029699120782,-30.555585927730817],[152.359137751104129,-30.555611259741575],[152.359244234086987,-30.555641566752229],[152.359348386069485,-30.55567684876268],[152.359452574050408,-30.555724304773225],[152.359553006030382,-30.555782614783489],[152.359652336010157,-30.555843605793662],[152.359753233990375,-30.55589911080396],[152.359858354971919,-30.555940972814561],[152.360034989945746,-30.555974542832089],[152.360220910922038,-30.555979893850331],[152.360411923900102,-30.555966778868921],[152.360603841879254,-30.555945003887544],[152.360792488858579,-30.555924377905839],[152.36097297783752,-30.555914757923436],[152.361160431815108,-30.555908876941725],[152.361343762794405,-30.555894085959554],[152.361511908778311,-30.555857771975734],[152.361653808769972,-30.555787305989089],[152.361732718768764,-30.555722100996327],[152.361807029769494,-30.555646005003023],[152.361873712772251,-30.555561815008911],[152.361929719777038,-30.555472336013722],[152.361972011783791,-30.555380356017185],[152.361998115794592,-30.555273227018922],[152.362004874808775,-30.555158353018722],[152.361999263824998,-30.555039132017278],[152.361988291842096,-30.554918942015313],[152.361978942858627,-30.554801173013502],[152.361962654883172,-30.554628634010619],[152.361935951908919,-30.554456714006708],[152.361904183935309,-30.554285036002319],[152.361872711961638,-30.554113222997948],[152.361846895987355,-30.553940907994122],[152.361832347004253,-30.553825289991831],[152.361817898021144,-30.55370956498956],[152.361804792037901,-30.553593713987407],[152.361794278054361,-30.553477755985504],[152.361787582070377,-30.553361680983979],[152.361786802098266,-30.553148722982304],[152.361798330124742,-30.552934958981833],[152.36181889415019,-30.55272102398224],[152.361845293174781,-30.552507536983217],[152.361874256198945,-30.552295125984454],[152.361901112222881,-30.552086568985519],[152.361928542246886,-30.551876595986627],[152.361962480269938,-30.551668272988376],[152.362008842290777,-30.551464645991402],[152.362073544308402,-30.551268773996252],[152.362165371322675,-30.551072533003762],[152.362277412333526,-30.550883572013316],[152.362403203341898,-30.550700455024259],[152.362536300348779,-30.550521712035938],[152.362670249355205,-30.550345900047713],[152.362786126358856,-30.55020802505803],[152.362911532360584,-30.550076459069306],[152.363037306362116,-30.549945620080628],[152.363154366365364,-30.549809950091067],[152.363253571372184,-30.549663854099691],[152.363317493380293,-30.549541334105022],[152.363373751389986,-30.549413776109567],[152.363423250400956,-30.549282713113431],[152.363466896413001,-30.549149615116701],[152.363505629425646,-30.549016007119498],[152.363547132443074,-30.548843486122262],[152.363578883462139,-30.548667549124037],[152.363601858482554,-30.548489578124965],[152.363617025503999,-30.548310934125091],[152.363625335526194,-30.548132972124588],[152.363619787552494,-30.547937243122565],[152.363598363580735,-30.547741101118994],[152.363571158609744,-30.547544763114864],[152.363548255638193,-30.547348434111139],[152.363539730664883,-30.54715231910885],[152.363549053698108,-30.546888903107781],[152.363571840729946,-30.546623963108019],[152.363608593759892,-30.546360000109626],[152.363659786787593,-30.546099506112675],[152.363725914812647,-30.545844973117244],[152.363766368825964,-30.545704767120146],[152.363808714839166,-30.545563530123246],[152.363856707851397,-30.545424749126894],[152.363914086861655,-30.545291902131506],[152.363984605869035,-30.545168459137482],[152.364084590873205,-30.54504220114632],[152.364202815873597,-30.544927398157032],[152.36433268587146,-30.544820699168941],[152.364467602868103,-30.544718787181381],[152.364600950864741,-30.544618327193678],[152.364790923859346,-30.544479887211228],[152.364988113851922,-30.544350365229551],[152.365190385842965,-30.54422761124842],[152.365395561833026,-30.544109483267615],[152.365601499822674,-30.543993865286915],[152.365881300807956,-30.543841539313146],[152.366165377791901,-30.543695819339863],[152.366453327774366,-30.543557531366996],[152.366744754755331,-30.543427507394547],[152.367039265734746,-30.543306564422458],[152.367209392722259,-30.543241278438625],[152.367380667709284,-30.543178610454913],[152.367552999695761,-30.543118820471335],[152.367726317681786,-30.543062158487878],[152.367900523667203,-30.543008867504529],[152.368124147648018,-30.542944182525915],[152.368349447628134,-30.542883127547523],[152.368576227607321,-30.542828105569303],[152.368804261585211,-30.542781501591278],[152.369033344561586,-30.542745716613432],[152.36931058153101,-30.542717640640348],[152.369590660498204,-30.542703592667667],[152.369871895463575,-30.542702507695189],[152.370152575427483,-30.542713344722745],[152.370431004390241,-30.542735027750158],[152.370653400359117,-30.542763200772132],[152.370874801326664,-30.542801744794104],[152.371095619293556,-30.542846312816046],[152.371316249260218,-30.542892620838003],[152.371537094227222,-30.542936336859945],[152.371739608196066,-30.542983513880113],[152.371943152163453,-30.543040640900482],[152.37214611413151,-30.54309315192074],[152.372346880102356,-30.543126496940637],[152.372543854078032,-30.543126110959925],[152.372717952061066,-30.543091141976703],[152.372890060047609,-30.543031575993105],[152.373059909036556,-30.542955695009148],[152.373227258026787,-30.542871809024916],[152.37339184501738,-30.542788220040411],[152.373603968006023,-30.542674556060323],[152.373810515996894,-30.542549185079601],[152.37401303898929,-30.542415889098422],[152.374213087982525,-30.542278480116963],[152.374412212975898,-30.542140739135434],[152.374693493965765,-30.54195233316155],[152.374976978955488,-30.541762905187902],[152.375253661947113,-30.541565679213502],[152.375514539942486,-30.541353859237446],[152.375750642943814,-30.541120661258823],[152.37592806694758,-30.540923883274711],[152.376106431952735,-30.540715999290612],[152.376267658961211,-30.54049873030478],[152.376393683975039,-30.540273796315418],[152.376466444996225,-30.540042920320808],[152.37647874300626,-30.539954660321357],[152.376485861017073,-30.539865065321383],[152.376488173028548,-30.539774860320932],[152.376486049040579,-30.539684799320042],[152.37647986405301,-30.539595634318768],[152.376450121077795,-30.539434282314637],[152.37639796010501,-30.53927520730835],[152.376334208133528,-30.539117082300919],[152.376269694162232,-30.538958581293414],[152.3762152381899,-30.538798403286872],[152.376171099215384,-30.538645065281401],[152.376127507240881,-30.538491055275976],[152.376087474266086,-30.538336291270891],[152.376053994290515,-30.538180685266454],[152.37603009631394,-30.538024147262945],[152.376011567354823,-30.537729079258906],[152.376021230393064,-30.537426751257584],[152.376056772428342,-30.537123436258785],[152.37611588946001,-30.536825419262346],[152.37619628748746,-30.536538992268053],[152.376296397511339,-30.536261807275782],[152.376418647532319,-30.535985841285687],[152.376563093549152,-30.535720059297816],[152.376729787560805,-30.535473396312305],[152.376918774566008,-30.53525480932915],[152.377188625560791,-30.535039709353963],[152.377504310544168,-30.534868621383595],[152.37784736152048,-30.534725466416095],[152.37819933149413,-30.534594116449586],[152.378541791469587,-30.534458472482093],[152.378918358442149,-30.534312278517877],[152.379302993411443,-30.534183752554565],[152.379688803380162,-30.534058462591418],[152.380068875351071,-30.533921931627606],[152.380436281326865,-30.533759718662367],[152.380656410314202,-30.533648564683087],[152.380875713302174,-30.533533313703703],[152.381090947291568,-30.533411179723863],[152.381298858283117,-30.533279381743238],[152.381496208277554,-30.533135123761479],[152.381707193276327,-30.532945373780709],[152.381901416279874,-30.532734674798153],[152.382086862285973,-30.532512806814644],[152.382271574292304,-30.532289548831052],[152.382463573296661,-30.532074636848243],[152.382620272298993,-30.531909223862357],[152.382777007301257,-30.531743514876453],[152.382935544303109,-30.531579679890751],[152.38309769330391,-30.531419923905432],[152.383265229303277,-30.531266405920693],[152.383438234301877,-30.531113891936499],[152.383614188299958,-30.530962175952581],[152.38379506329656,-30.530817353969205],[152.383982822290619,-30.530685555986608],[152.384179429281033,-30.530572896005026],[152.384411972264019,-30.530483417027121],[152.384659602241101,-30.530424882050941],[152.38491350621581,-30.530378457075468],[152.385164838191713,-30.530325283099675],[152.385404777172369,-30.530246516122592],[152.385570556161213,-30.530175413138299],[152.38573619315062,-30.53009955915395],[152.385897750141567,-30.530016284169143],[152.386051339134809,-30.52992290518349],[152.386193032131189,-30.529816736196569],[152.386311894131182,-30.52970439020736],[152.386421237133959,-30.529580014217146],[152.386523498138644,-30.52944760722616],[152.38662108014438,-30.529311157234698],[152.386716420150492,-30.529174662243015],[152.386858920162041,-30.528951557255294],[152.386986791176753,-30.528718277266059],[152.387107034193065,-30.528479575276073],[152.387226631209586,-30.528240245285975],[152.38735256622482,-30.528005047296549],[152.387468192235787,-30.527811783306426],[152.387589053245762,-30.527621065316819],[152.387709098255925,-30.527430096327162],[152.387822241267315,-30.527236052336775],[152.387922423281054,-30.527036128345088],[152.387976870290714,-30.526910632349477],[152.388028081301002,-30.526783478353547],[152.388075948311922,-30.526654916357273],[152.388120374323393,-30.526525243360634],[152.388161258335401,-30.526394700363664],[152.387440490745888,-30.523934882274595],[152.387711739938794,-30.522202787288162],[152.387422714048398,-30.521637186255585],[152.38687025516785,-30.521245012198545],[152.386208176251301,-30.521231666133602],[152.385425774369793,-30.521064291055701],[152.384518020496131,-30.520954940965968],[152.383148450766015,-30.520183563826052],[152.382730262927311,-30.519344202778782],[152.382555545953068,-30.519311914761428],[152.382868253139577,-30.517589035779128],[152.38352937231187,-30.51564573082927],[152.382801371523897,-30.514710724750962],[152.383868280658106,-30.512675412840167],[152.384994360662944,-30.511574820942187],[152.384802781870036,-30.510170736912876],[152.384784199882574,-30.510092140910473],[152.384766396894605,-30.510016843908161],[152.384571655054515,-30.508976965881274],[152.38503610629985,-30.506660423909356],[152.385811364397426,-30.505181226974191],[152.387321283327196,-30.504292917115414],[152.387420971437734,-30.503352503118119],[152.38792824342849,-30.502944352164732],[152.388623821419969,-30.502352529228432],[152.390274895254692,-30.50205896338796],[152.391396223221221,-30.50125664749179],[152.391509635220984,-30.501151194502111],[152.391632388218738,-30.50105277051339],[152.391762464214395,-30.500962762525472],[152.391897838208223,-30.500882588538122],[152.392036501200096,-30.500813610551184],[152.392132147193564,-30.500773343560255],[152.392230338186152,-30.500737523569608],[152.392330349177882,-30.50070636457917],[152.392431498168833,-30.50068009058888],[152.392533096159099,-30.500658926598664],[152.392742628135551,-30.500640935619067],[152.392957629107457,-30.500653270640221],[152.393175776076703,-30.50068266366182],[152.393394738045345,-30.500715829683521],[152.393612195015436,-30.500739521705011],[152.393997545963259,-30.500775054743038],[152.394384681909742,-30.500819309781292],[152.394771126857222,-30.50085617881944],[152.395154425808272,-30.500869543857082],[152.395532103765078,-30.500843269893899],[152.395748198744116,-30.500799820914754],[152.395961934725818,-30.500738139935216],[152.396174873708304,-30.500671249955587],[152.396388610689655,-30.500612194976096],[152.396604695668003,-30.500574017996989],[152.396857550638572,-30.50056038302165],[152.397112987606079,-30.500568244046733],[152.397369760571564,-30.500589839072067],[152.397626667536258,-30.50061739409745],[152.397882426501354,-30.500643156122702],[152.398195529458462,-30.500675955153639],[152.398507914414608,-30.500716741184554],[152.398819985370324,-30.500761212215462],[152.399132146326053,-30.500805126246387],[152.399444800282424,-30.500844227277312],[152.399607128260016,-30.500862244293366],[152.399769528237698,-30.500879733309407],[152.399931982215463,-30.500896684325465],[152.400257051171167,-30.500928999357562],[152.40024502116853,-30.500960212356613],[152.400198390156277,-30.501098257353082],[152.400161907142547,-30.501237558350557],[152.400139802126972,-30.501377692349433],[152.400135642101674,-30.501575151350515],[152.400157272072477,-30.501778222354162],[152.400200156040569,-30.501981776359887],[152.400259757007234,-30.502180670367228],[152.400331539973621,-30.502369792375681],[152.400443660931955,-30.502583135388271],[152.400586788888063,-30.502783866403799],[152.400748623842929,-30.502976583421113],[152.400916939797384,-30.503165867439041],[152.401079420752438,-30.503356289456391],[152.401221705712913,-30.503524517471604],[152.401368902673255,-30.503688970487257],[152.401516448633657,-30.503853047502957],[152.401659755594096,-30.504020154518251],[152.401794250554843,-30.50419368853273],[152.40190482951914,-30.504362597544834],[152.402005530483677,-30.504538874556044],[152.402103892448253,-30.504716728567015],[152.402207443412806,-30.504890361578468],[152.402323724377055,-30.505053981591089],[152.40245759134072,-30.505205490605356],[152.402603166304232,-30.505347534620693],[152.402906121230899,-30.505622558652441],[152.403051865194271,-30.505765202667796],[152.403221284149112,-30.50595093668581],[152.403384697103888,-30.50614255970326],[152.403546810058685,-30.506335375720607],[152.403712303013549,-30.506524712738248],[152.403885888968404,-30.506705830756619],[152.404041700929326,-30.50685779777303],[152.404200245890109,-30.507008150789694],[152.404362977851008,-30.507153635806741],[152.404531329812301,-30.50729102682428],[152.40470674477416,-30.507417069842418],[152.404867352740979,-30.507519411858929],[152.405033167707927,-30.507615684875894],[152.40520342867535,-30.507704383893259],[152.405377356643498,-30.507784010910907],[152.405554152612666,-30.507853050928752],[152.405919559557532,-30.507929531965164],[152.40630801250839,-30.507938819003289],[152.406705761461382,-30.507923096042177],[152.407099082412714,-30.507924530080746],[152.407474215358491,-30.507985269117967],[152.40770293932087,-30.508057107140939],[152.407930050281919,-30.508140795163811],[152.408152715241897,-30.508236754186377],[152.408368056201141,-30.508345398208302],[152.408573223159891,-30.508467138229328],[152.408869159092546,-30.508703115260111],[152.409133291022727,-30.508987695288145],[152.409380534951538,-30.509298817314722],[152.40962580688003,-30.509614422341148],[152.409884021809205,-30.509912448368684],[152.410006828776318,-30.510047930381759],[152.410127259743234,-30.510187400394603],[152.410249859710234,-30.510323949407649],[152.410379129677722,-30.510450637421275],[152.410519585646057,-30.510560545435872],[152.410708187608492,-30.51066980745518],[152.410912906571525,-30.510759124475921],[152.411127934535585,-30.510831105497555],[152.411347461501009,-30.510888340519507],[152.411565680468186,-30.510933428541236],[152.411884224423858,-30.510971991572756],[152.412212152382807,-30.510976464604941],[152.412543702344948,-30.510953059637284],[152.412873074310227,-30.510908033669239],[152.413194504278493,-30.510847597700302],[152.413448094256353,-30.510777714724632],[152.413696880237751,-30.510685331748338],[152.413944025220388,-30.510584898771825],[152.414192658201983,-30.510490848795495],[152.414445917180331,-30.510417630819777],[152.414618930163471,-30.510383396836495],[152.414793539145478,-30.510356298853416],[152.415144738108125,-30.510310698887505],[152.415319903089738,-30.510285804904498],[152.415505331071273,-30.510252216922424],[152.415690616053439,-30.510213734940304],[152.415875893035377,-30.510177143958206],[152.416061267016147,-30.510149229976165],[152.416246865994879,-30.51013678699427],[152.416466392966385,-30.510147517015888],[152.416686252935079,-30.510179572037689],[152.416906245902112,-30.510224052059598],[152.417126221868727,-30.510272036081528],[152.417345963836055,-30.510314633103395],[152.4176528367922,-30.510360564133848],[152.417961474748722,-30.510401655164422],[152.418268965704897,-30.510446744194905],[152.418572377659871,-30.510504669225103],[152.418868806612863,-30.51058426025477],[152.419022467587439,-30.510633867270212],[152.419176055561621,-30.51068628828568],[152.419327627535438,-30.510743720300979],[152.419475254508768,-30.510808378315943],[152.419617001481583,-30.510882492330399],[152.419784897446135,-30.510995178347716],[152.419942089409602,-30.511126322364113],[152.420093464372428,-30.511267639380012],[152.420243897335126,-30.511410865395852],[152.420398285298148,-30.511547745412035],[152.420563868259052,-30.511690398429351],[152.420727855219752,-30.511836367446509],[152.420893815180563,-30.511979271463872],[152.421065287141943,-30.512112673481692],[152.421245831104301,-30.512230209500281],[152.421474315061403,-30.512342626523534],[152.421715948019852,-30.512432319547916],[152.421965182979136,-30.512508817572932],[152.422216434938605,-30.512581649598122],[152.422464155897728,-30.51266032662301],[152.42276685184666,-30.5127651866535],[152.423069780795629,-30.512869401683986],[152.423372997744707,-30.51297279171451],[152.423676536693847,-30.513075213745054],[152.423980442643114,-30.513176470775626],[152.424333193583237,-30.51330152681118],[152.424685174522494,-30.513433861846693],[152.425038239462367,-30.513560441882284],[152.425394226404364,-30.513668241918005],[152.425754991349891,-30.513744210953977],[152.426020980312813,-30.513777000980301],[152.426289666277171,-30.513796085006827],[152.42655977924278,-30.513803937033376],[152.426830016209578,-30.513803013059878],[152.427099133177308,-30.513795796086232],[152.427455910137013,-30.513767344121025],[152.427811736099841,-30.513716069155549],[152.428167284063989,-30.513654925189975],[152.428523226027664,-30.513596873224476],[152.428880225989104,-30.513554876259175],[152.429115011963148,-30.513531892282032],[152.429350970937321,-30.513506882305002],[152.429586741910754,-30.513487618327993],[152.429820943882589,-30.513481889350931],[152.430052197852035,-30.513497477373722],[152.430322838811804,-30.513549674400689],[152.430590592768084,-30.513631353427574],[152.430855442722162,-30.513732808454321],[152.431117415675232,-30.513844319480867],[152.431376519628628,-30.513956172507125],[152.431713951567303,-30.514106668541366],[152.432046640504836,-30.514270170575244],[152.432374167441566,-30.514445004608685],[152.432696126377664,-30.514629509641683],[152.433012116313506,-30.514822011674124],[152.433249598264609,-30.514971790698567],[152.43348562021535,-30.515125343722879],[152.433717465165898,-30.515284848746823],[152.433942425116157,-30.51545251077016],[152.434157775066325,-30.515630517792637],[152.434370741012827,-30.515838401815092],[152.434568737958955,-30.516063155836214],[152.434760933904926,-30.516294650856807],[152.434956437850985,-30.51652272187771],[152.435164455797207,-30.516737238899747],[152.435427817733881,-30.516972919927348],[152.435701971670568,-30.517197799955959],[152.435984175607501,-30.517413777985269],[152.436271704544652,-30.517622774015056],[152.436561814482133,-30.517826713045064],[152.436824225426875,-30.518001493072131],[152.437091971371984,-30.518168546099659],[152.437632427262457,-30.518495660155168],[152.437899589207461,-30.51866383318265],[152.438182170148252,-30.518850302211799],[152.438462662088739,-30.519039989240749],[152.438742275029227,-30.519231038269627],[152.439022183969769,-30.519421631298531],[152.439303616910365,-30.519609910327564],[152.439835010798646,-30.519962267382382],[152.440101652742868,-30.520137010409858],[152.440370142687271,-30.520308671437505],[152.440641436631893,-30.520475688465389],[152.440959945569006,-30.520656034498014],[152.441284979506605,-30.520825875531195],[152.441611025444416,-30.520993842564462],[152.441932599381857,-30.521168550597345],[152.442244169318514,-30.521358613629356],[152.442475816268711,-30.521520476653315],[152.442701233218486,-30.52169171567672],[152.442924087168024,-30.521866880699921],[152.443148043117645,-30.522040531723214],[152.443376777067584,-30.522207189746926],[152.443678244004701,-30.522403572777989],[152.443987832942241,-30.522588598809776],[152.444298999879919,-30.52277117684169],[152.444605262817362,-30.522960218873173],[152.444900123754195,-30.523164633903665],[152.445081778714297,-30.5232979369225],[152.445264652674183,-30.523432163941475],[152.445442811633967,-30.523571410960006],[152.445610312593828,-30.523719773977565],[152.44576123855407,-30.523881340993604],[152.445857215526928,-30.523998115003895],[152.445951391499392,-30.524119550014053],[152.446038000472157,-30.524245683023501],[152.446111263445971,-30.524376521031677],[152.446165405421539,-30.524512102038003],[152.446200301394839,-30.524683063042719],[152.4462082253701,-30.524864495044863],[152.446196087347118,-30.525051063045069],[152.446170790325851,-30.52523742404399],[152.446139245306028,-30.525418220042244],[152.446081714287459,-30.525614227038069],[152.445996242272912,-30.525805842031115],[152.445903822259453,-30.525995807023456],[152.445825414244069,-30.526186866017209],[152.445782000223915,-30.526381762014413],[152.445774614207664,-30.52651291401467],[152.445776603190012,-30.526645814015868],[152.445786956171247,-30.526779091017879],[152.445804633151766,-30.526911364020613],[152.445828602131769,-30.52704127102394],[152.445903433091132,-30.527280887033079],[152.446015464046923,-30.527512831045822],[152.446149045000652,-30.527740230060651],[152.446288559953814,-30.527966203076044],[152.446418410907995,-30.528193880090498],[152.446500412876134,-30.528359687099798],[152.446579349844313,-30.528527879108811],[152.446660374812495,-30.528694582118018],[152.44674860678046,-30.528855961127899],[152.446849190748111,-30.529008161138908],[152.447036286696999,-30.529221908158895],[152.447253330645026,-30.529414150181633],[152.447488787592619,-30.529592399206106],[152.44773111054019,-30.529764176231186],[152.447968736488207,-30.529936992255816],[152.448201279438507,-30.530097242279844],[152.448686257339631,-30.53039510632971],[152.448915770290199,-30.530555777353445],[152.449121368240782,-30.530739637375021],[152.44925744120232,-30.530904933389625],[152.449377369163869,-30.531085343402751],[152.4494908891254,-30.531271982415298],[152.44960773408684,-30.531455978428159],[152.449737657048217,-30.5316284274422],[152.449856931015233,-30.531767889454972],[152.449979674981961,-30.53190635646806],[152.450107724948708,-30.532039310481633],[152.450242874915915,-30.532162233495825],[152.450386943883927,-30.532270598510799],[152.45060316384135,-30.532391881532934],[152.450839256799696,-30.53248719455684],[152.451087801759229,-30.532561980581804],[152.451341338720084,-30.532621688607154],[152.451592446682525,-30.532671770632188],[152.451924750636749,-30.5327084406651],[152.452263751594955,-30.532707605698391],[152.45260614855502,-30.532690098731877],[152.452948618514426,-30.532676803765426],[152.453287842471042,-30.532688554798817],[152.453537964437714,-30.532707341823517],[152.453791511404091,-30.532725017848556],[152.45404251236954,-30.532752187873424],[152.454285032333416,-30.532799480897591],[152.454513112295047,-30.532877484920576],[152.45473802725266,-30.532989004943506],[152.454962673206865,-30.533126619966602],[152.455171587160095,-30.533287020988332],[152.455349316114535,-30.533466892007144],[152.455480396072687,-30.533662925021478],[152.455548199037509,-30.53386729502968],[152.455572150004883,-30.534093645033732],[152.455571538973658,-30.534332491035457],[152.455565630942687,-30.534574411036697],[152.455573706910826,-30.534809904039257],[152.455588119882236,-30.535014606042207],[152.455598301853911,-30.535220787044757],[152.455611944825336,-30.535426098047648],[152.455636684795763,-30.535628263051585],[152.455680194764625,-30.535824969057334],[152.455757660726164,-30.536045358066605],[152.455857787685602,-30.536260386078052],[152.455974193643726,-30.536470170091064],[152.456100540601312,-30.536674781105006],[152.4562304455591,-30.536874319119264],[152.456372542515254,-30.537075381134741],[152.456525843470871,-30.537269209151244],[152.456686289426273,-30.537458268168418],[152.45684984538164,-30.537644987185885],[152.45701246033704,-30.537831859203269],[152.457166031293639,-30.538018318219752],[152.457317772250008,-30.538208103236094],[152.45747291120648,-30.538394097252716],[152.457636692163305,-30.538569199270121],[152.457814331120744,-30.538726283288756],[152.458033545073334,-30.538881664311457],[152.458269162026085,-30.539020165335639],[152.458516415979631,-30.539141734360829],[152.458770517934539,-30.539246315386585],[152.459026698891449,-30.539333848412408],[152.459379395837033,-30.539416530447678],[152.459745780786108,-30.539459869483991],[152.460119937737829,-30.539475572520868],[152.460495976691476,-30.539475355557808],[152.460868000646087,-30.539470916594322],[152.46109210061968,-30.539461467616277],[152.461316352594565,-30.53944196063815],[152.461540479569663,-30.539420831660006],[152.46176421154388,-30.53940652368188],[152.461987262516232,-30.539407463703803],[152.462247146482383,-30.539420801729445],[152.462511942447065,-30.539440780755598],[152.46277330541011,-30.539476402781563],[152.463022907371425,-30.53953670180654],[152.463252412330746,-30.539630705829786],[152.463407085299281,-30.539725042845692],[152.463553502266478,-30.539837189860922],[152.46369282923294,-30.539961797875545],[152.463826222199231,-30.540093477889634],[152.463954819165849,-30.540226906903271],[152.464104634124055,-30.540404509919327],[152.464239478082249,-30.540596212934012],[152.464368353040442,-30.540793716948166],[152.464500265998566,-30.540988727962592],[152.464644235956655,-30.541172963978116],[152.464833321906781,-30.541375217998208],[152.465034284856785,-30.54156718101941],[152.465242096806719,-30.541753175041212],[152.465451754756657,-30.541937547063206],[152.465658221706605,-30.542124634084889],[152.465869367654875,-30.542320300107111],[152.466081437603151,-30.542515007129413],[152.466293309551446,-30.542709911151693],[152.466503864499686,-30.542906177173851],[152.46671197144795,-30.543104963195795],[152.466923359394599,-30.543312596218129],[152.467132623341229,-30.543522443240271],[152.467340264287827,-30.543733957262258],[152.46754674923443,-30.543946601284151],[152.467752571181052,-30.54415983630598],[152.468019930111467,-30.544438545334351],[152.468285801041901,-30.544718741362569],[152.468549896972291,-30.545000614390652],[152.468811931902735,-30.545284360418528],[152.469071617833151,-30.545570195446196],[152.469258399784025,-30.545768989466037],[152.469449770734627,-30.545965355486324],[152.469637251685356,-30.546164382506248],[152.469812335636647,-30.546371137525],[152.469966533588746,-30.54659070154182],[152.470066347552745,-30.546771433552962],[152.470152920517279,-30.546960268562906],[152.470312173446899,-30.547346814581449],[152.470397761411391,-30.547536842591292],[152.470510814366634,-30.547771555604161],[152.470624763321752,-30.548006331617124],[152.470742540276689,-30.548239001630446],[152.470867094231323,-30.548467403644395],[152.471001374185619,-30.548689379659258],[152.471244396113036,-30.549013974685579],[152.471521292039114,-30.549316697715074],[152.471809940964732,-30.549611926745662],[152.472088199890692,-30.549914021775283],[152.472333919817913,-30.55023733580186],[152.472488690763839,-30.550504032819074],[152.472624368710399,-30.5507833868345],[152.472754309657233,-30.551066424849402],[152.472891861603784,-30.551344200865003],[152.47305036154961,-30.551607751882567],[152.47316160351474,-30.551768807894707],[152.4732765124796,-30.551928527907197],[152.473396799444316,-30.552083981920184],[152.473524177409132,-30.552232218933817],[152.47366036737418,-30.552370291948236],[152.473964084306772,-30.552598227979807],[152.474311465240049,-30.552779587015319],[152.47468391817381,-30.552934081053092],[152.475062861107659,-30.553081404091429],[152.475429694041367,-30.553241277128706],[152.475687990993009,-30.553366486155024],[152.475946610944732,-30.553491058181393],[152.476205292896395,-30.553615469207738],[152.476463813848113,-30.553740239234102],[152.476721913799736,-30.553865842260425],[152.477010033745927,-30.554004560289791],[152.477299058692211,-30.554141780319227],[152.477587169638412,-30.554280704348589],[152.477872528584271,-30.554424504377725],[152.478153325529689,-30.554576372406469],[152.478347404489995,-30.55469590742646],[152.478726212409384,-30.554953496465622],[152.478919466369916,-30.555072528485507],[152.47912095933188,-30.555172378506079],[152.479424748280394,-30.555278996536742],[152.479743884230942,-30.555355243568691],[152.480072136183622,-30.555406794601357],[152.480403221138459,-30.55543928063415],[152.480730900095494,-30.555458372666514],[152.481089720052296,-30.555449516701721],[152.481449803013646,-30.555405493736803],[152.481810648976648,-30.555347451771834],[152.48217172793872,-30.555296561806951],[152.48253251089713,-30.55527394584227],[152.482916608847205,-30.555292679880175],[152.483300751793593,-30.555339722918298],[152.48368496673865,-30.555396786956518],[152.484069279684746,-30.555445630994669],[152.484453718634313,-30.555467960032637],[152.484808808592362,-30.555453420067451],[152.485164240553445,-30.55541549310211],[152.485519644515392,-30.55537098613673],[152.485874646476049,-30.555336681171383],[152.486228867433226,-30.555329357206162],[152.486493305400018,-30.555333578232201],[152.486762960366207,-30.555337603258739],[152.487029585331044,-30.555354356285093],[152.487284924293931,-30.555396774310537],[152.487520713254156,-30.555477781334318],[152.487556900246688,-30.555500630338045],[152.487752306206374,-30.555624055358191],[152.487811154191832,-30.555679202364392],[152.48796178515471,-30.55582035838027],[152.488156258100872,-30.556047272401099],[152.488342825046573,-30.556285401421235],[152.488528602993426,-30.556515309441227],[152.488748801931365,-30.556781056464892],[152.488961247869213,-30.55705419748784],[152.489165733807255,-30.557333775510038],[152.489362088745565,-30.557618839531496],[152.489550134684322,-30.55790842155216],[152.489711135627118,-30.558192185570139],[152.489855975570549,-30.558486814586587],[152.489997954514138,-30.558782904602779],[152.490150395457448,-30.559071043619927],[152.490326626400133,-30.559341827639294],[152.49046645536049,-30.559512205654329],[152.490618134320499,-30.559673710670467],[152.490774188280483,-30.559831996686999],[152.490927104240484,-30.55999272970325],[152.491069407200683,-30.560161557718516],[152.491202181161981,-30.560331281732839],[152.491335224122878,-30.560503973747227],[152.491460262084132,-30.560681236760857],[152.491569040046613,-30.560864684772941],[152.49165329101109,-30.561055939782658],[152.49169560097468,-30.561293199788604],[152.491689109941774,-30.56154991978989],[152.49166954091001,-30.561810162789911],[152.491672613877085,-30.562058007792068],[152.491734052840656,-30.562277536799773],[152.491791780820449,-30.562377045806187],[152.49185900979964,-30.562472341813525],[152.491933195778444,-30.562563738821513],[152.492011800757211,-30.562651567829903],[152.492092260736143,-30.562736151838457],[152.492133423726216,-30.562773137842772],[152.4922639566947,-30.56289045885649],[152.492454772653105,-30.563027185876294],[152.492657869611719,-30.563151525897204],[152.492866371570557,-30.5632686309186],[152.493073412529867,-30.563383683939826],[152.493356611475662,-30.563530074968774],[152.493648720422414,-30.563660562998489],[152.493945051369622,-30.563783701028573],[152.494240898316718,-30.563908112058609],[152.494531573263146,-30.564042366088216],[152.494725688225884,-30.564143453108077],[152.494917490188271,-30.564249425127731],[152.495109015150632,-30.564355845147372],[152.495302296113294,-30.564458259167161],[152.495499341076624,-30.56455223718725],[152.495644127051008,-30.564610861201924],[152.49579160302585,-30.564663623216827],[152.495939589000812,-30.564715130231775],[152.496085915975527,-30.564769989246585],[152.496228389949664,-30.564832818261067],[152.496443075906939,-30.564956261283118],[152.496647265862691,-30.565100832304292],[152.49684754781785,-30.565253578325144],[152.497050482773346,-30.565401573346222],[152.497262641730003,-30.565531892368075],[152.497529578679149,-30.565667759395367],[152.497804754628731,-30.565792680423375],[152.498086285579433,-30.565903484451901],[152.49837234353177,-30.565997023480744],[152.498661090486451,-30.566070124509704],[152.498896583453529,-30.566099445533094],[152.499139023423055,-30.566103290556981],[152.499381660393169,-30.566102716580854],[152.4996177173619,-30.566118797604194],[152.499840453327295,-30.566172589626522],[152.499982953302606,-30.56622637364093],[152.50012890527654,-30.56628744565576],[152.500267918249989,-30.566358869669973],[152.500389585223814,-30.566443687682586],[152.500483500198868,-30.566544971692583],[152.500517124180362,-30.566654296696715],[152.500538377168652,-30.566723444699324],[152.500521712140142,-30.566956051699432],[152.500459187113421,-30.567218140695239],[152.500376511088575,-30.567485106689109],[152.500299375065623,-30.567732342683378],[152.500266934057549,-30.567824161680878],[152.500239719050825,-30.567901188678775],[152.500233623049269,-30.567918471678301],[152.50015248003541,-30.568100360671682],[152.500067241022208,-30.568280993664658],[152.499989137007901,-30.56846330365833],[152.499929435990708,-30.568650265653869],[152.499900445968962,-30.568842857652463],[152.499893801943642,-30.569041956653304],[152.49989182091764,-30.569241692654618],[152.499876831893886,-30.569436202654579],[152.499831185875479,-30.569619624651477],[152.499738919864143,-30.569792656643692],[152.499613521858635,-30.569952475632565],[152.499474060855533,-30.570107247620001],[152.499339610851393,-30.570265174607961],[152.499229256842767,-30.570434449598366],[152.499119780825907,-30.570665835589324],[152.499025417805456,-30.570910201581867],[152.498950812781572,-30.571162214576443],[152.498900633754317,-30.571416529573398],[152.498879542723927,-30.571667798573213],[152.498889663692552,-30.571897050575924],[152.498925260657728,-30.572128598581173],[152.498980426620534,-30.572359652588325],[152.499049315582113,-30.572587381596819],[152.499126039543484,-30.572808996606017],[152.499255301488347,-30.573107011620987],[152.499415461430772,-30.573394395638907],[152.499595306371759,-30.573674392658702],[152.499783604312256,-30.573950221679294],[152.49996914225315,-30.574225110699615],[152.500298193148637,-30.574711090735637],[152.500642886043323,-30.575188115773123],[152.501002234937573,-30.575654903812001],[152.501098337910264,-30.575772206822336],[152.501189904878828,-30.57592524783249],[152.501282960847306,-30.576077437842795],[152.501377485815738,-30.576228730853231],[152.501473472784113,-30.576379092863807],[152.501570848752436,-30.576528485874515],[152.501733123701911,-30.576760185892219],[152.501904022651075,-30.576986462910732],[152.502076032600172,-30.577211888929352],[152.502241606549546,-30.577441007947357],[152.502393241499618,-30.577678399964068],[152.50245494947842,-30.577781664970917],[152.502517096457126,-30.577885296977808],[152.502576617435977,-30.577990148984444],[152.502630437415263,-30.57809709799055],[152.502675482395261,-30.578207013995797],[152.502710854373817,-30.578336794000265],[152.502732350353483,-30.578471325003392],[152.502747750333583,-30.578608115005931],[152.502764836313503,-30.578744627008643],[152.502791388292678,-30.578878369012244],[152.502842456263551,-30.579051830018582],[152.50290335823351,-30.579222890025854],[152.502970740202954,-30.579392201033752],[152.503041323172084,-30.579560436041962],[152.503111780141325,-30.579728260050164],[152.503203751102802,-30.57993503106076],[152.503303010063718,-30.580138926072056],[152.503403487024542,-30.58034226408347],[152.503499069985793,-30.580547333094422],[152.503583681947845,-30.580756471104319],[152.503637671920785,-30.580911341110788],[152.503687860894019,-30.581067754116908],[152.503734491867533,-30.581225385122682],[152.503777851841335,-30.581383904128121],[152.503818269815412,-30.581542969133302],[152.503858052787166,-30.581720482138547],[152.503892367759391,-30.581899340143266],[152.503923580731936,-30.582078960147676],[152.503954031704524,-30.58225875915204],[152.503986077676984,-30.582438173156529],[152.50403809663635,-30.582698388163603],[152.504093216595379,-30.58295821717098],[152.504146857554531,-30.58321821717821],[152.504194438514389,-30.583478916184841],[152.504231362475394,-30.583740834190454],[152.504263041434569,-30.584021289195672],[152.504290230394048,-30.584304102200466],[152.504306841354747,-30.584587202204215],[152.50430678831782,-30.584868527206332],[152.504284002284123,-30.585146024206175],[152.504259118267925,-30.585292514204827],[152.504226103252904,-30.585437918202654],[152.504189270238442,-30.585582830200117],[152.504152930223853,-30.585727885197638],[152.504121359208568,-30.585873747195624],[152.504088506191437,-30.586034767193595],[152.504054380174438,-30.586196504191449],[152.504024342156811,-30.586358546189715],[152.50400377813807,-30.586520471188908],[152.503998077117558,-30.586681877189552],[152.504007758092428,-30.586863855191876],[152.504030212065317,-30.58704896119546],[152.504067260036663,-30.58723204220049],[152.504120711006919,-30.587407933207071],[152.504192412976579,-30.587571490215357],[152.504291974943669,-30.587728101226329],[152.504415398909259,-30.587873847239564],[152.504554957874007,-30.588010342254325],[152.504702916838767,-30.588139209269851],[152.504851555804208,-30.588262079285403],[152.505004130771027,-30.588371091301234],[152.505167757738207,-30.588466952318054],[152.505334352705489,-30.588559067335137],[152.505495836672651,-30.58865682935178],[152.505644126639481,-30.588769641367207],[152.505778173605705,-30.588900436381397],[152.505902780571603,-30.589042497394722],[152.506020297537361,-30.589192205407414],[152.506133081503208,-30.589345965419657],[152.506243462469286,-30.589500155431686],[152.506343517436676,-30.589653789442693],[152.506435182404346,-30.589813842452905],[152.506525457372021,-30.589974710462997],[152.506621371339634,-30.590130693473611],[152.506729933307042,-30.59027614348539],[152.506870935269944,-30.590426021500402],[152.507025419232519,-30.590564874516634],[152.507188571195087,-30.590696197533681],[152.507355596157737,-30.590823424551072],[152.507521706120514,-30.590950014568381],[152.507711382077616,-30.591097777588153],[152.507903049034638,-30.591244393608115],[152.508098264991872,-30.591385702628383],[152.50829858994976,-30.591517635649105],[152.508505593908581,-30.591636050670356],[152.508726159867734,-30.591739155692839],[152.508954784827921,-30.591827039716009],[152.5091882047887,-30.591905654739573],[152.509229295781836,-30.591918822743722],[152.509423175749731,-30.591980952763269],[152.509656434710621,-30.592058877786815],[152.509892974671232,-30.592136013810677],[152.510131980632252,-30.592207322834732],[152.510370476593295,-30.592279483858768],[152.510605458553727,-30.592359200882473],[152.510833958513132,-30.592453125905688],[152.511088858464092,-30.592586366931773],[152.511334561413548,-30.592739291957116],[152.511575683362281,-30.592902320982066],[152.511816841310917,-30.593065860007037],[152.512062660260227,-30.593220310032407],[152.512292568215173,-30.593346353055981],[152.512527586170535,-30.593464875080006],[152.512761985125906,-30.593583881103967],[152.512990002080898,-30.593711349127371],[152.513205890035266,-30.593855284149701],[152.513354190001678,-30.593971206165183],[152.51349798096777,-30.594093780180263],[152.513637549933691,-30.594221723194948],[152.513773192899521,-30.594353772209306],[152.513905178865429,-30.594488644223315],[152.514032054832313,-30.594621159236794],[152.514157729799024,-30.594756192250173],[152.51427859976576,-30.59489514326312],[152.514391052732861,-30.595039428275275],[152.514491493700575,-30.595190417286293],[152.514599258659814,-30.595399188298465],[152.514685894619873,-30.595621226308673],[152.514758511580567,-30.595851449317536],[152.514824253541775,-30.596084709325762],[152.514890218503183,-30.596315918334003],[152.514898788497845,-30.596348448335089],[152.514946046468395,-30.596527799341075],[152.514993026434354,-30.596742576347314],[152.515038742400407,-30.596957614353425],[152.51509077736597,-30.597170257360151],[152.515156725330485,-30.597377863368198],[152.515213243304714,-30.597520982374846],[152.515275202278445,-30.597662183381988],[152.51534101525192,-30.597801914389528],[152.515409141225234,-30.59794060539727],[152.515478011198553,-30.598078695405103],[152.515526712179764,-30.598175470410624],[152.515560471166793,-30.598242557414448],[152.515644965134868,-30.598405612423985],[152.515732202102811,-30.598567187433783],[152.515822998070604,-30.598726612443912],[152.515918070038225,-30.598883195454466],[152.516018305006668,-30.599029039465417],[152.516056930994466,-30.599085243469641],[152.51620758795022,-30.599279834485934],[152.516212508948826,-30.599285911486472],[152.516362556905847,-30.599471726502625],[152.51651434386153,-30.59966570751903],[152.516655472817661,-30.599866545534436],[152.516765899779472,-30.600052673546703],[152.516867120741637,-30.600244969558116],[152.516966342703881,-30.600438457569336],[152.517070781665979,-30.600628135581047],[152.517187653627758,-30.600809019593921],[152.517308057591691,-30.600969672606976],[152.517435480555378,-30.601126102620697],[152.517569268518912,-30.601277567635002],[152.517708756482449,-30.601423340649831],[152.517853300446205,-30.60156271266511],[152.518075634393739,-30.601752435688422],[152.518312516341382,-30.601927753713063],[152.518559760289264,-30.602091229738637],[152.518813181237618,-30.60224542876475],[152.518922210215834,-30.602308382775949],[152.519068609186576,-30.602392913791004],[152.519284355145402,-30.602502991813072],[152.519507396104927,-30.602600869835779],[152.519731648064578,-30.602696291858571],[152.51992151402942,-30.60278516987794],[152.519951042023933,-30.602798991880945],[152.520159507982385,-30.602918697902382],[152.520300923951737,-30.603018654917051],[152.520437121920679,-30.60312652793127],[152.520570613889419,-30.603238568945258],[152.52070389885813,-30.603351048959237],[152.520839470826985,-30.603460230973397],[152.521005482788723,-30.603594968990759],[152.521091788768445,-30.603667944999817],[152.521169953750046,-30.603734036007999],[152.521336603711688,-30.603869115025425],[152.52150914167413,-30.603991921043328],[152.521691290638159,-30.604094129062048],[152.521838344612064,-30.604154179076978],[152.521991117586822,-30.604202127092385],[152.522147126562089,-30.604243236108051],[152.522303888537522,-30.604282848123788],[152.522458911512587,-30.60432625213938],[152.522602828489568,-30.604365936153862],[152.522748842466768,-30.604401873168499],[152.522893709443821,-30.604440024183052],[152.523034166420359,-30.604486314197228],[152.523166949395971,-30.604546695210761],[152.523292006370269,-30.604624539223664],[152.523410536343619,-30.604715461236037],[152.523523958316446,-30.60481526624795],[152.523633704289097,-30.604919759259531],[152.523741209261999,-30.60502474627091],[152.523867197229038,-30.60515633728431],[152.523986176196047,-30.605295082297076],[152.52410148016304,-30.605437654309508],[152.524216416130002,-30.605580666321881],[152.524334319096937,-30.605720818334554],[152.524491224053719,-30.605901828351357],[152.52464801301042,-30.606083259368159],[152.524806773967128,-30.606262799385156],[152.524969603923921,-30.606438117402501],[152.525138601880769,-30.606606891420416],[152.525296662842379,-30.60674984043705],[152.525430521811103,-30.606861711451078],[152.525460461804101,-30.60688672945421],[152.52562707476585,-30.607020679471638],[152.525793598727574,-30.607154816489039],[152.525957100689226,-30.607292280506194],[152.526089426657308,-30.607410551520093],[152.526219878625284,-30.607531045533857],[152.526350161593285,-30.607651701547603],[152.526481967561296,-30.60777048356146],[152.526617000529512,-30.607885339575628],[152.526737457501639,-30.607983629588229],[152.526859026473801,-30.608080988600928],[152.526982442446041,-30.608175863613795],[152.527108440418459,-30.608266740626888],[152.527237754391194,-30.608352069640269],[152.527437650350805,-30.608470950660859],[152.527644870310667,-30.608581190682102],[152.527857934271225,-30.608680530703825],[152.528029630241036,-30.608748594721249],[152.528075409232969,-30.608766737725905],[152.528295815196344,-30.608837553748142],[152.528340114189575,-30.608847378752582],[152.528530070160542,-30.608889500771607],[152.528770214126666,-30.608920911795497],[152.529013783094001,-30.608939951819647],[152.529258320061757,-30.608954823843835],[152.529501351029239,-30.608973675867922],[152.529681384004675,-30.60899103088579],[152.529861487980156,-30.609007767903652],[152.530041671955786,-30.609023598921521],[152.530221945931544,-30.609038227939386],[152.530402309907458,-30.609051369957271],[152.530570706886039,-30.609056157973889],[152.530740762865292,-30.609053800990623],[152.53091010084438,-30.609053362007305],[152.531076355822393,-30.609063877023758],[152.531237159798508,-30.609094409039837],[152.531368786776824,-30.609135384053104],[152.531499803753945,-30.6091858520664],[152.531627163730292,-30.609245875079395],[152.531747818706179,-30.609315508091804],[152.531858720682038,-30.609394813103332],[152.531959923657524,-30.609485780113989],[152.532053560632392,-30.609588436123964],[152.532139417607141,-30.609699680133264],[152.532217295582115,-30.609816373141818],[152.532286963557823,-30.609935433149566],[152.532329569541673,-30.61001794715439],[152.532368364525666,-30.610102881158845],[152.532403548509905,-30.610189635162961],[152.53243532549439,-30.610277617166755],[152.532463875479209,-30.610366208170245],[152.53250155045194,-30.610537430175228],[152.532519818426437,-30.610714317178349],[152.532529445401565,-30.61089395518065],[152.532541169376458,-30.611073433183154],[152.532565766350217,-30.611249835186904],[152.532589475331122,-30.611372660190156],[152.532614027311809,-30.611496095193502],[152.532637333295639,-30.611596788196554],[152.532642344292213,-30.611618391197204],[152.53265197128664,-30.611651235198398],[152.532677357272121,-30.611737809201554],[152.532721997251485,-30.611852612206814],[152.532803174221129,-30.612006793215972],[152.532902682189274,-30.612155031226891],[152.533016282156666,-30.612295739239133],[152.533139734124092,-30.612427412252284],[152.533268814092168,-30.612548499265912],[152.533422349057673,-30.612666053281917],[152.533590190023517,-30.612767616299219],[152.53376651898958,-30.612859453317277],[152.533945555955796,-30.612947821335581],[152.534121491922036,-30.613038968353607],[152.534276692891808,-30.613122442369523],[152.534281730890825,-30.613125086370044],[152.534432925861722,-30.613204060385524],[152.534589561831666,-30.613284934401573],[152.534746000801618,-30.613366166417592],[152.534901641771484,-30.613448887433545],[152.535045790743794,-30.613523531448301],[152.535067626739647,-30.613534413450541],[152.535191606716182,-30.613596194463227],[152.535336087688449,-30.613670784478025],[152.535476220660513,-30.613751192492433],[152.535608967632214,-30.613841343506191],[152.535740217601472,-30.613951404519945],[152.535862960570284,-30.614072795532955],[152.535980764538834,-30.614200739545517],[152.53609719750736,-30.614330449557965],[152.536215852475976,-30.614457138570604],[152.536311408450985,-30.614556971580772],[152.536405878425995,-30.614657987590839],[152.536500717400969,-30.614758572600941],[152.536597402376088,-30.614857141611211],[152.536697376351185,-30.614952062621775],[152.536820532322338,-30.615055184634691],[152.53694950529362,-30.615151906648119],[152.537080316264962,-30.615246612661714],[152.537208930236233,-30.615343683675118],[152.537331342207381,-30.615447487687955],[152.53745015917761,-30.615562370700523],[152.537564467147661,-30.615682291712695],[152.537675422117616,-30.615805789724558],[152.537784181087659,-30.615931313736208],[152.537891892057701,-30.616057401747774],[152.538015236022659,-30.616207423761058],[152.538134518987675,-30.616360914773949],[152.538252079952684,-30.616515885786715],[152.538370278917711,-30.616670335799519],[152.53849147988268,-30.616822293812593],[152.538527693872794,-30.616863402816477],[152.538627757845433,-30.616977013827199],[152.538770633807957,-30.617127179842388],[152.53891259577054,-30.617277658857514],[152.539046184733536,-30.617433292871848],[152.539163934697143,-30.6175989298847],[152.539253206665023,-30.617758865894697],[152.539330636633366,-30.61792626990357],[152.539400814602004,-30.618098163911778],[152.539468348570807,-30.618271518919741],[152.539537827539561,-30.618443349927883],[152.53958953151772,-30.618560662933859],[152.539642821495676,-30.618677642939971],[152.539694516473816,-30.618795125945955],[152.539741415452369,-30.61891395295147],[152.5397803274316,-30.61903495795622],[152.53981394241066,-30.619162237960481],[152.539843424389915,-30.619292198964352],[152.53986573536983,-30.619423386967547],[152.5398778453511,-30.61955427896973],[152.539876742334229,-30.619683432970579],[152.539845591311263,-30.619887094969037],[152.539782278291568,-30.620096053964353],[152.53969167927599,-30.620299410956967],[152.539578670265342,-30.620486237947222],[152.539448083260538,-30.620645590935556],[152.539060901230016,-30.621240807901856],[152.538960684224236,-30.621379112893006],[152.538863675217669,-30.621520052884502],[152.538770047210363,-30.621663386876364],[152.538679967202341,-30.621808844868568],[152.538593590193642,-30.62195619486117],[152.538534007187309,-30.62206034785607],[152.538474997180799,-30.622165171851051],[152.538418353173824,-30.622271170846258],[152.538365878166132,-30.622378846841897],[152.538319364157445,-30.622488699838126],[152.538296255152119,-30.622550667836311],[152.538274580146577,-30.622613272834652],[152.538254366140762,-30.622676396833146],[152.5382356671347,-30.622739960831773],[152.538218474128428,-30.622803828830552],[152.538176459099077,-30.623065873828377],[152.538170291055849,-30.623399594830271],[152.538170829055304,-30.623403502830357],[152.538171420054709,-30.623407401830434],[152.538172586053747,-30.623413497830605],[152.538173975052786,-30.623419556830783],[152.538175400051813,-30.623425616830964],[152.538176682050846,-30.623431703831148],[152.538178511049125,-30.623443195831413],[152.538179873047426,-30.623454767831628],[152.538181038045735,-30.623466376831832],[152.538182293044059,-30.623477984832039],[152.538183907042338,-30.62348952183229],[152.538185771040645,-30.623500627832563],[152.538187761038955,-30.623511724832845],[152.53818993903721,-30.623522786833135],[152.538192351035491,-30.623533785833452],[152.538195076033702,-30.623544694833814],[152.538197532032257,-30.623553022834113],[152.538200293030883,-30.62356126983445],[152.53820313402943,-30.623569489834782],[152.538205850027992,-30.623577744835114],[152.538208217026607,-30.623586090835406],[152.538209499025754,-30.623591307835575],[152.538210700024905,-30.623596551835739],[152.538211820024088,-30.623601804835882],[152.538212869023255,-30.623607093836029],[152.538240218011396,-30.623671544839205],[152.538286201988598,-30.623801209844704],[152.538319108968835,-30.623920439848849],[152.538344126949681,-30.624042412852219],[152.53836345293098,-30.624166089855059],[152.538379327912622,-30.62429043885755],[152.538393964894482,-30.624414419859924],[152.538419986856837,-30.624675505864445],[152.538435036820175,-30.624939459867914],[152.538437446785025,-30.625204139870128],[152.538425514751793,-30.625467429870934],[152.538397591721036,-30.625727179870129],[152.538324991680781,-30.626101058865782],[152.538216643645058,-30.626473826857904],[152.538078149613938,-30.626840336846989],[152.537915067587363,-30.627195444833585],[152.537732999565264,-30.62753400581818],[152.537615571556273,-30.627712674807945],[152.537483783550101,-30.627883357796247],[152.53734862454462,-30.628051960784191],[152.537221112537708,-30.628224328772916],[152.537112217527181,-30.628406359763549],[152.536990020506664,-30.628676874753541],[152.536889247481554,-30.628962494745746],[152.536810865452395,-30.629257373740234],[152.536755799419922,-30.629555677737049],[152.536725034384716,-30.629851560736235],[152.536724200358805,-30.630048831737632],[152.536740047330767,-30.630246999740685],[152.536763209301682,-30.630445696744445],[152.536784336272859,-30.630644545748023],[152.536794052245483,-30.630843161750462],[152.536780578198233,-30.631214746751926],[152.536742802153896,-30.631586627750984],[152.536689734111462,-30.631958491748545],[152.536630382069831,-30.63232999574549],[152.536573729028021,-30.63270081074268],[152.536527008004299,-30.632924569739764],[152.536463962982054,-30.633152551735265],[152.536407345959361,-30.633378175731366],[152.536379896934193,-30.633594845730283],[152.536404349904672,-30.633795980734217],[152.536474886876704,-30.633941860742254],[152.536580131845909,-30.634076402753628],[152.536700695813835,-30.634206703766488],[152.536817164781866,-30.634339865778951],[152.536910128751458,-30.634483029789191],[152.536978684721106,-30.6346488647972],[152.537030136691754,-30.63482314380358],[152.537072078662987,-30.635002163809059],[152.537112119634287,-30.635182242814349],[152.537157852605276,-30.635359667820186],[152.537205163574157,-30.635550968826276],[152.537245724543283,-30.635747262831757],[152.53729075051217,-30.635940760837634],[152.537351399480599,-30.636123563844979],[152.537438878448114,-30.636287847854835],[152.537587347407936,-30.636452696870705],[152.537774613366423,-30.636592096890197],[152.537985265324096,-30.636714823911888],[152.5382039862819,-30.636829680934305],[152.538415337240451,-30.636945442955994],[152.538992714130359,-30.63723806601508],[152.539601833023426,-30.637476546076918],[152.540228915918277,-30.637684575140263],[152.540860167813577,-30.637885817203994],[152.54148179170781,-30.638103956266896],[152.541712927668243,-30.638186748290295],[152.541946690628976,-30.638264914313915],[152.542179054589525,-30.638345626337433],[152.542405986549511,-30.638436055360483],[152.542623461508413,-30.638543390382718],[152.542904589452348,-30.638704330411635],[152.543189607393288,-30.638884533441072],[152.543455667333831,-30.639085533468805],[152.543679981276597,-30.639308818492594],[152.543839691224235,-30.639555902510189],[152.543891512209854,-30.639616346515744],[152.543941710195469,-30.639677974521163],[152.543990187181237,-30.639740668526397],[152.544036862167047,-30.63980433053149],[152.544081646152989,-30.63986883553638],[152.544154129129623,-30.639978205544349],[152.544223671106209,-30.640090300552039],[152.544287028083232,-30.640204887559147],[152.544341009061156,-30.640321760565353],[152.544382368040345,-30.640440712570317],[152.544399131030588,-30.640498781572401],[152.54441523002086,-30.640557737574426],[152.544428156011406,-30.640616989576159],[152.544435425002746,-30.640675946577314],[152.544434519995207,-30.640734024577657],[152.544420409988248,-30.640799999576757],[152.544394441982888,-30.640865257574688],[152.544361103978474,-30.640929869571888],[152.54432487197451,-30.640993935568801],[152.544290234970418,-30.641057490565849],[152.544252495966106,-30.641125957562657],[152.544211574962304,-30.641193205559116],[152.544169739958647,-30.641260103555492],[152.544129240954788,-30.641327495552009],[152.544092335950296,-30.641396213548887],[152.544060521945056,-30.641465989546276],[152.544031935939216,-30.641536939543982],[152.54400481093316,-30.641608427541858],[152.543977380927146,-30.641679843539691],[152.543947888921451,-30.641750542537313],[152.543895171913761,-30.641858917532918],[152.543837254906833,-30.641965687528018],[152.543778674900068,-30.642072189523041],[152.543723967892674,-30.642179703518455],[152.543677649883932,-30.642289566514709],[152.543643084875043,-30.642389272512059],[152.543612068865542,-30.642490404509765],[152.543585606855373,-30.642592558507907],[152.543564702844378,-30.642695295506616],[152.543550333832627,-30.642798228505981],[152.54354240881824,-30.642914931506063],[152.543542426802674,-30.643032843506951],[152.543549695786169,-30.643151007508553],[152.543563544768972,-30.643268570510813],[152.543583274751228,-30.64338460051362],[152.543614351731264,-30.643506663517588],[152.543656123710264,-30.643627130522624],[152.54370347968856,-30.64374679152818],[152.54375134766687,-30.6438664965338],[152.543794616645613,-30.643987017538969],[152.543828266627656,-30.644091573543065],[152.543861271609757,-30.644196309547105],[152.54389327259193,-30.644301277551051],[152.543923893574288,-30.644406533554843],[152.543952775556789,-30.644512111558491],[152.543974584542894,-30.644596677561282],[152.543995425529147,-30.644681450563962],[152.544015334515507,-30.644766402566564],[152.544034265501921,-30.644851515569062],[152.544052238488462,-30.644936754571482],[152.544070865477693,-30.645001080573799],[152.544098689462828,-30.645087708577194],[152.544125867447235,-30.645180163580552],[152.544142558434402,-30.645261977582823],[152.544149119419075,-30.645371903584287],[152.544145049404875,-30.645483424584729],[152.544132204391673,-30.645595358584298],[152.544112447379518,-30.645706529583187],[152.544087643368186,-30.645815738581565],[152.544071660362647,-30.645872668580413],[152.54405301535752,-30.645929097578996],[152.544033070352555,-30.645985292577446],[152.544013197347653,-30.64604151457592],[152.54399476734244,-30.646098042574522],[152.543967112334059,-30.646187735572475],[152.543939682325629,-30.646277671570438],[152.543914108316869,-30.646367930568584],[152.543891985307653,-30.646458619567088],[152.543874935297765,-30.646549819566101],[152.543862564285661,-30.646652941565659],[152.543856011272823,-30.646756905565784],[152.543854084259266,-30.646861300566375],[152.54385561624531,-30.64696574056731],[152.543859417231118,-30.647069803568474],[152.543864535211668,-30.647212465570043],[152.543871437191768,-30.647356965571795],[152.543885895171059,-30.647500273574298],[152.543913746149286,-30.647639323578094],[152.543960753126072,-30.647771076583716],[152.5440165801067,-30.647865664589929],[152.544087395086109,-30.647954945597562],[152.544164082065123,-30.648042282605783],[152.544237551044318,-30.648131007613699],[152.544298685024415,-30.64822446662042],[152.544336790009567,-30.648301055624749],[152.544370700995046,-30.648379517628676],[152.54440106198075,-30.648459305632276],[152.544428526966726,-30.648539883635589],[152.544453769952923,-30.648620685638676],[152.544484820934997,-30.648727616642546],[152.544512643917272,-30.648836009646093],[152.544535152900039,-30.64894522764914],[152.544550256883724,-30.649054668651441],[152.544555858868677,-30.649163688652802],[152.544555356863412,-30.649204358653058],[152.544553742858227,-30.649245073653205],[152.544551026853185,-30.649285760653239],[152.544547198848306,-30.649326367653181],[152.544542277843561,-30.649366813652986],[152.54457066683014,-30.649441931656359],[152.54461446481136,-30.64954332366144],[152.544656899791818,-30.649651743666421],[152.544681227776096,-30.649747918669537],[152.544685556767206,-30.64981121367045],[152.544684964758858,-30.649875019670869],[152.544681029750933,-30.649939075670957],[152.544675256743204,-30.650003123670871],[152.544669187735536,-30.650066911670748],[152.544662796728119,-30.650129050670571],[152.544654961720909,-30.650191099670277],[152.544645961713854,-30.650253067669848],[152.544636065706953,-30.650314927669346],[152.54462555070009,-30.650376680668771],[152.544608805692718,-30.650448168667651],[152.544587192685952,-30.650519674666057],[152.544566405679149,-30.650590956664544],[152.544552134671591,-30.650661790663683],[152.54455006366257,-30.65073192466399],[152.544563097651377,-30.650804667665831],[152.544587568638775,-30.650877213668782],[152.544620125625272,-30.650948979672528],[152.544657397611388,-30.651019409676717],[152.544696041597547,-30.651087930681047],[152.544744311581439,-30.651164689686379],[152.544798902564906,-30.651238884692326],[152.544857661548065,-30.651311250698669],[152.544918436531105,-30.651382541705178],[152.544979069514227,-30.651453536711692],[152.545094614482991,-30.651581793724038],[152.545217286451475,-30.651705523737061],[152.545343068419811,-30.651827317750378],[152.545467927388216,-30.651949784763598],[152.545587829356748,-30.652075513776371],[152.545686173330182,-30.65218454278687],[152.545783584303649,-30.652294369797307],[152.545879014277148,-30.652405451807532],[152.545971433250799,-30.652518245817497],[152.546059799224679,-30.652633200827061],[152.546148265198411,-30.652749454836659],[152.546237671171809,-30.652866918846357],[152.546321583145613,-30.652986561855521],[152.546393572120508,-30.653109323863546],[152.546447194097112,-30.653236164869782],[152.546459735090281,-30.653276663871317],[152.546470993083489,-30.653317539872734],[152.546480943076801,-30.653358702874019],[152.546489558070277,-30.653400062875182],[152.5464968180639,-30.65344151287621],[152.546685275997731,-30.653766269897233],[152.546786093956683,-30.653982534908781],[152.546873706916386,-30.654205559919081],[152.546955645876466,-30.654431569928864],[152.547039494836326,-30.654656789938809],[152.547132799795662,-30.654877456949674],[152.547266748744903,-30.655136669964811],[152.547415594693064,-30.655389436981395],[152.547566816641165,-30.65564086799818],[152.547707863590034,-30.655896083013992],[152.547826214540493,-30.656160145027634],[152.547935448483344,-30.65649069304089],[152.548020247427843,-30.656831755051808],[152.548086068373834,-30.657179424060903],[152.548138390321128,-30.657529819068674],[152.548182689269566,-30.65787903007568],[152.548209903224404,-30.658196033080721],[152.548221224180907,-30.658514901084228],[152.548226046138154,-30.658834593087104],[152.548233718095048,-30.659154079090257],[152.5482536350506,-30.659472329094612],[152.548279657014206,-30.659723939099059],[152.548310447977229,-30.659975147103978],[152.548344509939938,-30.660226041109208],[152.548380338902376,-30.66047671911463],[152.54841645386486,-30.660727281120057],[152.548486219798093,-30.661167863130238],[152.548564742730377,-30.661607278141275],[152.548621663682155,-30.661919405149234],[152.548644834662525,-30.662046425152468],[152.548719315595235,-30.6624862271631],[152.548781004529388,-30.662927588172494],[152.54882711446399,-30.663379912180435],[152.548861176399896,-30.66383365218719],[152.548888775336479,-30.664288173193309],[152.548915460273207,-30.66474284519936],[152.548946814209415,-30.665197007205851],[152.548964661164945,-30.665517497210004],[152.548975605121058,-30.665839727213502],[152.548990718076766,-30.666161024217402],[152.549020997031107,-30.66647872622276],[152.549077487982998,-30.666790154230668],[152.549167063927257,-30.667128510242037],[152.54927756186882,-30.66746725125547],[152.54941140280863,-30.66779773627113],[152.549570987747472,-30.668111360289227],[152.549758737686147,-30.668399481309898],[152.550039999612011,-30.668697095339862],[152.550378999536491,-30.668950615375181],[152.550748207460117,-30.669182246413314],[152.551120078383349,-30.669414234451725],[152.551467082306743,-30.66966877648785],[152.551589610277915,-30.669772024500705],[152.551719095247478,-30.669881134514284],[152.551969315187961,-30.670096673540581],[152.552214596128351,-30.670317574566422],[152.552451738068811,-30.670546030591506],[152.552677567009397,-30.670784186615556],[152.552907196945,-30.671055859640241],[152.553123541880694,-30.671339883663705],[152.553330304816427,-30.671632316686281],[152.553531186752338,-30.671929195708316],[152.553729864688421,-30.672226559730138],[152.553939396622724,-30.672527624753059],[152.554153294556386,-30.672829227776401],[152.554357744490574,-30.673135429798847],[152.554538932426539,-30.673450334819087],[152.554683028365417,-30.673778005835761],[152.554781192311594,-30.674093386847801],[152.554854848259282,-30.674420492857521],[152.55490578120893,-30.674754347865033],[152.554935800160877,-30.67508997787052],[152.554946654115668,-30.675422406874077],[152.554935384072053,-30.675763314875521],[152.554900064031159,-30.676106105874606],[152.554844368992974,-30.676448143871667],[152.554771928957251,-30.676786775867068],[152.554686410923978,-30.677119347861122],[152.554539909885818,-30.677545969849874],[152.554414035864482,-30.677825967839553],[152.554353232854197,-30.677961233834576],[152.554145570825881,-30.678370815817171],[152.553936115797796,-30.678780441799589],[152.553744051766813,-30.67919581378376],[152.553597685735895,-30.679567844772102],[152.553461690703045,-30.679944725761526],[152.553325803670162,-30.680321409750952],[152.553179751639249,-30.680692875739314],[152.553037141616102,-30.681002293727577],[152.553013279612202,-30.681054069725615],[152.552877419594097,-30.68131920571421],[152.552736235576759,-30.681583239702249],[152.552586428561227,-30.681842091689433],[152.552424645548314,-30.682091648675346],[152.552247560539143,-30.682327803659646],[152.552076213536253,-30.68251074964413],[152.551886624537559,-30.68267915562669],[152.55171585953974,-30.682823295610934],[152.551692087540005,-30.68284336560875],[152.551505895540657,-30.683013734591658],[152.551341324536395,-30.683200606576833],[152.551196618526262,-30.683413590564168],[152.551068154512393,-30.683639714553184],[152.550952024495729,-30.683874651543505],[152.550844294477542,-30.684114069534669],[152.55074105545873,-30.684353658526277],[152.550654829443374,-30.684551206519259],[152.550569240427677,-30.684750654512325],[152.550490580410809,-30.684952262506084],[152.550425133392025,-30.685156282501154],[152.550379174370448,-30.68536300049816],[152.550370541350247,-30.685524046498532],[152.550360482326738,-30.685711698498935],[152.55040114127425,-30.686070964505639],[152.550478220216519,-30.686435789515972],[152.550568773157067,-30.686801151527632],[152.550649868099327,-30.68716204953834],[152.550696399064321,-30.68738358454458],[152.550747815028814,-30.687604223551293],[152.550800172993235,-30.687824656558121],[152.550849535957923,-30.688045582564641],[152.550891979923307,-30.688267700570485],[152.550924015889194,-30.688496111575361],[152.550947454855958,-30.688726010579391],[152.550968483822942,-30.688956294583189],[152.550993294789578,-30.689185870587345],[152.551028064755144,-30.689413635592473],[152.551099317701301,-30.689754678602078],[152.551185414645829,-30.690093696613101],[152.551284143589157,-30.69043002562535],[152.55139331453168,-30.690762993638611],[152.551510741473635,-30.691091917652646],[152.551581986439601,-30.691282895661093],[152.551655544405349,-30.691473371669783],[152.551732885370797,-30.691662270678822],[152.551815532335922,-30.691848524688368],[152.551904974300726,-30.692031058698557],[152.552070529240694,-30.692330097717118],[152.552253698179356,-30.692622225737374],[152.552452689117302,-30.692905057759113],[152.552665744055076,-30.693176200782151],[152.552891088993164,-30.6934332878063],[152.55310070193957,-30.693641987828531],[152.553324181885927,-30.693837923852033],[152.553555935832293,-30.694026149876294],[152.553790369778682,-30.694211722900803],[152.554021881725106,-30.694399688925042],[152.554291741664059,-30.694608137953203],[152.554572537602894,-30.694807442982402],[152.554849443541798,-30.695009438011216],[152.555107587481189,-30.695225973038301],[152.555332161421205,-30.695468879062268],[152.555451919385121,-30.695629470075282],[152.555565098348893,-30.695797222087698],[152.555669089313028,-30.695971124099255],[152.555761274277927,-30.696150153109688],[152.555839037244112,-30.696333269118732],[152.555910488200396,-30.696597142127739],[152.555944828159511,-30.696874542133209],[152.555960461119952,-30.697159221136879],[152.555975762080323,-30.697444957140537],[152.55600914303912,-30.697725521145919],[152.556045635001112,-30.697978961151424],[152.556077437962898,-30.6982382081565],[152.556118573924095,-30.698493324162477],[152.556183059884262,-30.698734357170636],[152.556284916842969,-30.698951366182296],[152.556422755801151,-30.699138517197294],[152.556591627757143,-30.699312723215261],[152.556782748712635,-30.699469970235292],[152.556987226669236,-30.699606250256473],[152.55719625762859,-30.699717538277927],[152.557444048585864,-30.69980800330304],[152.557711005545286,-30.699864244329792],[152.557988808506849,-30.699893906357403],[152.558269166470609,-30.699904627385138],[152.558543751436559,-30.699904063412216],[152.558703337418251,-30.699892571427878],[152.558863075401575,-30.699868934443447],[152.559022616385164,-30.699842858458997],[152.559181619367905,-30.699824078474535],[152.559339717348507,-30.699822295490122],[152.559605876309774,-30.699865304516699],[152.559870394265658,-30.69995046354342],[152.560132699218286,-30.700062576570129],[152.560392197169676,-30.700186432596645],[152.560648343121954,-30.70030684662283],[152.560962844064392,-30.700446980654892],[152.561277946005958,-30.700592986687067],[152.561585993946807,-30.700751157718635],[152.561879375887031,-30.700927775748902],[152.562150446826735,-30.701129115777142],[152.562368728771418,-30.701342898800274],[152.56256451971538,-30.701582892821389],[152.562750414659007,-30.701835005841627],[152.562938980602496,-30.70208511886209],[152.563142821546251,-30.702319124883953],[152.563341436495961,-30.702513168904996],[152.563547680445708,-30.702699790926747],[152.563758432395446,-30.702882011948905],[152.563970529345198,-30.703062878971185],[152.564180851294935,-30.703245421993291],[152.564521661213377,-30.703542633029134],[152.564865063131805,-30.703836993065213],[152.565208402050246,-30.704131399101303],[152.565549005968677,-30.704428735137132],[152.565776108913269,-30.704634164161074],[152.565884205886931,-30.704731943172476],[152.566266922792295,-30.705088684212903],[152.566646368697462,-30.705449594253043],[152.56702017660254,-30.70581627629268],[152.567385969507654,-30.706190336331556],[152.567741401412917,-30.7065733963695],[152.568113245313697,-30.706974562409194],[152.568490145213417,-30.707379037449407],[152.568850345113731,-30.707794609488076],[152.569072535046502,-30.708094634512236],[152.569172107016328,-30.70822905952307],[152.569433648922882,-30.708690194552325],[152.569504715891128,-30.708863944560626],[152.569513697887118,-30.708885924561699],[152.569580523852096,-30.709087963569793],[152.569643468817333,-30.709291769577526],[152.569711908782239,-30.7094928055858],[152.569795192746312,-30.709686535595456],[152.56985189872313,-30.709808472601967],[152.569908524699485,-30.709934076608491],[152.56997016067578,-30.710055368615485],[152.570041908652485,-30.710164388623394],[152.570128814629953,-30.710253150632621],[152.570252687605063,-30.710325149645396],[152.570398980580649,-30.710372308660173],[152.570558387557014,-30.710401101676119],[152.570721567534548,-30.710417935692345],[152.570879244513435,-30.710429238707999],[152.57108584648779,-30.710429086728379],[152.571294654464992,-30.710405179748797],[152.571504295444186,-30.710365665769192],[152.57171338942436,-30.710318685789485],[152.571920575404789,-30.710272359809572],[152.572115120386968,-30.710224383828415],[152.572307900370504,-30.710167480847009],[152.57250021435442,-30.71010856886555],[152.572693335337533,-30.710054587884205],[152.572888562318866,-30.710012474903142],[152.5732613032784,-30.709968173939618],[152.573640615232904,-30.709955982976947],[152.574023342183921,-30.709966695014799],[152.574406329133069,-30.709991086052788],[152.574786438082072,-30.710019941090511],[152.575187954027086,-30.710058396130417],[152.575588608970293,-30.71011149917037],[152.575988366912185,-30.710175313210296],[152.576387121853287,-30.710245922250181],[152.57677302179593,-30.710317231288808],[152.576784818794181,-30.710319409289998],[152.577282382720085,-30.710412312339802],[152.57732720271332,-30.71042114134428],[152.577779965645306,-30.71051034238965],[152.578275163569458,-30.71061869943934],[152.578765520492141,-30.710742563488669],[152.579248608413025,-30.710887143537434],[152.579466710376693,-30.710956955559489],[152.579685513340195,-30.711027367581611],[152.579902235303308,-30.711102745603558],[152.580114099265728,-30.711187482625125],[152.580318316227363,-30.711285952646012],[152.580609717167448,-30.711465133676125],[152.580886148105293,-30.711675563704997],[152.581149994041766,-30.711907857732776],[152.58140357597793,-30.712152619759642],[152.581649250914609,-30.712400465785741],[152.581913830841273,-30.712706424814161],[152.582153553767739,-30.713037421840305],[152.582386284694167,-30.713375032865809],[152.582629888620801,-30.713700838892301],[152.582902204547878,-30.713996444921406],[152.583173848483256,-30.714229885949958],[152.583462990418866,-30.714445174980121],[152.58376332735466,-30.714648273011296],[152.584068541290719,-30.714845158042902],[152.584372339226945,-30.715041820074365],[152.584889802120841,-30.715357756127823],[152.585423087015926,-30.715650162182676],[152.58596026191131,-30.715936427237846],[152.58648946780616,-30.716233969292329],[152.586998827699716,-30.716560178345063],[152.5872630216424,-30.716745473372548],[152.587525791584795,-30.716933968399911],[152.587730025539116,-30.717087396421224],[152.587784213527016,-30.717128093426876],[152.58803538246903,-30.717330259453195],[152.588201610428996,-30.717476928470706],[152.588276369410977,-30.717542885478572],[152.588429401372423,-30.717690424494791],[152.588578158333803,-30.717842687510629],[152.58872366029513,-30.717998374526161],[152.588866948256452,-30.718156177541484],[152.589009035217799,-30.718314786556697],[152.589200648165985,-30.718526481577221],[152.589259962149896,-30.71859225958357],[152.58939250311397,-30.718739269597751],[152.589579185062121,-30.718956028617821],[152.589626460048294,-30.719016051622933],[152.589755281010667,-30.719179618636883],[152.589782898001914,-30.719219857639903],[152.589825386988451,-30.719281772644557],[152.589915384959909,-30.71941290765443],[152.590074133902903,-30.719694709672218],[152.590211737846658,-30.719990182688029],[152.590335511791096,-30.720294160702522],[152.590452795735843,-30.720601463716402],[152.59057094868075,-30.720906947730366],[152.59071940061267,-30.721281920747831],[152.590863764544849,-30.721659134764909],[152.591000920477512,-30.722038920781301],[152.591127778411106,-30.722421674796699],[152.591241225345925,-30.722807762810785],[152.59133911028249,-30.723195347823353],[152.591424294220104,-30.723586760834692],[152.591499044158667,-30.72398082684504],[152.591565654098048,-30.724376380854565],[152.591626375038118,-30.724772239863533],[152.59168658497498,-30.72519296487263],[152.591740734912321,-30.725615321881133],[152.591785419850765,-30.726038699888722],[152.591817267790731,-30.726462499895046],[152.591832872732709,-30.72688609289975],[152.591823360663568,-30.72741768490279],[152.591785342597831,-30.727950020903027],[152.591728437534442,-30.728482481901384],[152.591662309472269,-30.729014440898844],[152.591596583410222,-30.729545279896321],[152.591537868369755,-30.729906106893221],[152.591461306331354,-30.730268028888375],[152.591389512292523,-30.730628909883986],[152.591345086250726,-30.730986689882268],[152.591350634203337,-30.731339270885464],[152.591377570165974,-30.731596366890045],[152.591413129125755,-30.7318670258956],[152.591468822084238,-30.732128236903044],[152.591556175043081,-30.732356988913377],[152.591686672003931,-30.73253028892756],[152.591843702971943,-30.732624482943798],[152.592034115940947,-30.732679897963006],[152.592243029910293,-30.732714919983898],[152.592455521879515,-30.732747935005133],[152.592656699847964,-30.732797326025374],[152.592994999789624,-30.732920312059708],[152.593328576729789,-30.733058993093692],[152.593657867668924,-30.733209705127333],[152.593983322607386,-30.733368797160669],[152.594305407545647,-30.733532605193712],[152.59469000647357,-30.733715766233075],[152.595088033400089,-30.733897071273748],[152.595472031326295,-30.734093516313134],[152.59575421726629,-30.734281859342431],[152.595814536253471,-30.734322116348686],[152.596088071182692,-30.734599847377776],[152.596188754150489,-30.734748747388842],[152.596278277118415,-30.734906774398876],[152.596358889086645,-30.735071047408059],[152.596432868055274,-30.735238656416623],[152.596502482024334,-30.735406757424759],[152.596576325984614,-30.735637535433774],[152.596627966946301,-30.73587831644069],[152.596649775928739,-30.735990716443681],[152.596674963908384,-30.736120523447152],[152.596734868869845,-30.736355549454821],[152.596825251829557,-30.736574826465382],[152.596876542809724,-30.736676496471205],[152.596929384789178,-30.736782082477223],[152.596987264768671,-30.736882595483685],[152.597053714748967,-30.73696905349091],[152.597132220730799,-30.73703246449913],[152.597239770713173,-30.737064662510001],[152.597365974697709,-30.73706290552245],[152.597502773683317,-30.737043175535828],[152.597642145668885,-30.737021456549424],[152.597642836668797,-30.737021420549482],[152.597776031653211,-30.737013737562595],[152.598132834605138,-30.737041821598044],[152.598491527553051,-30.737098348633911],[152.59884788149796,-30.737179946669716],[152.599197610440768,-30.737283247705051],[152.599536475382507,-30.737404870739429],[152.599714723350758,-30.737477155757578],[152.599891484318505,-30.737554900775624],[152.600065564285757,-30.73763869579345],[152.600235772252574,-30.73772912381094],[152.600400915219126,-30.737826759827993],[152.600586782179221,-30.73795369784731],[152.600765021138585,-30.738093114865961],[152.60093819609753,-30.738240473884172],[152.60110889605636,-30.738391229902152],[152.601279704015326,-30.738540828920161],[152.601495959964723,-30.738719633942868],[152.601716006913819,-30.738897209965931],[152.601930486863012,-30.739079662988487],[152.602130059812566,-30.739273123009653],[152.602305376762899,-30.739483705028558],[152.602426353721995,-30.739678680041969],[152.60252771668172,-30.739887559053539],[152.602620080641714,-30.74010307906428],[152.602714058601521,-30.740318062075179],[152.602820316560923,-30.740525211087231],[152.603033477488793,-30.740869463110865],[152.603265795415666,-30.741203452136311],[152.603512268341916,-30.741528880163106],[152.603767919267909,-30.741847451190754],[152.604027783194113,-30.742160867218779],[152.60419259414661,-30.742364816236574],[152.604356831098784,-30.742571731254365],[152.604525989051012,-30.742773295272588],[152.604705528003819,-30.742961153291745],[152.604900932957548,-30.74312698631228],[152.604964648943138,-30.743175795318937],[152.60502893792858,-30.743225429325658],[152.605094643914185,-30.743272346332514],[152.605162608900343,-30.743313016339531],[152.605233647887417,-30.743343878346778],[152.605348233869989,-30.74336806335829],[152.605472385854171,-30.743370627370577],[152.605600964839994,-30.743356948383187],[152.605728826827345,-30.743332368395638],[152.605850862816141,-30.743302249407463],[152.605975497806611,-30.74325729541944],[152.606095552799815,-30.743195829430842],[152.60621357279436,-30.743126295441982],[152.606332139788748,-30.743057227453178],[152.606453817781585,-30.742997088464765],[152.606738863762047,-30.742876970492034],[152.60703568874024,-30.742762894520517],[152.607337227714908,-30.742670700549617],[152.607636392684924,-30.742616216578774],[152.607926107649035,-30.742615284607393],[152.608101290624262,-30.742637864624875],[152.608282219597299,-30.742671443643015],[152.608457985568947,-30.742720449660748],[152.608617624539988,-30.742789328677038],[152.608750263511098,-30.742882499690843],[152.608800686498,-30.742934248696208],[152.60884696648472,-30.742990838701221],[152.608890056471438,-30.743050699705918],[152.6089308874582,-30.743112309710408],[152.608970391445098,-30.743174142714793],[152.609088248401036,-30.743395965728094],[152.609157727367744,-30.74358218273635],[152.609178756357664,-30.743638548738858],[152.609246639315415,-30.743893905747466],[152.609296639274703,-30.74415399475437],[152.609305728265184,-30.74421736175572],[152.609333462236123,-30.744410768759924],[152.609334052204417,-30.744649613761773],[152.609299782175555,-30.744899717760259],[152.609263001147411,-30.745146702758461],[152.609256044117842,-30.745376215759503],[152.609311234084799,-30.745573871766428],[152.609362311068196,-30.74565142777206],[152.609423247051069,-30.745723462778624],[152.609489321033664,-30.745792735785663],[152.609555797016213,-30.745862018792753],[152.609601199003578,-30.745914636797639],[152.609617943998927,-30.74593404379943],[152.609777080951744,-30.746140869816713],[152.609931151904277,-30.746354624833543],[152.610074440857176,-30.746575371849357],[152.610201243811218,-30.746803164863593],[152.610210180807456,-30.746823225864627],[152.610305842767104,-30.747038065875689],[152.61034765974162,-30.747191277880969],[152.610372345716911,-30.747354197884619],[152.610395659692557,-30.747516078888147],[152.610433352667997,-30.74766619789299],[152.610501182642651,-30.747793827900644],[152.610599543618036,-30.747887455911069],[152.610721883592902,-30.74796208092372],[152.610857588567512,-30.748026406937623],[152.610895022560612,-30.748043365941442],[152.610945131551915,-30.748061894946538],[152.611072168529603,-30.748110828959458],[152.611241228499409,-30.748180218976678],[152.611417397466909,-30.748260114994697],[152.611565759437781,-30.748340567009965],[152.611653463419117,-30.748399012019068],[152.611669911415646,-30.748409975020778],[152.611771240393068,-30.748485030031347],[152.611869010370299,-30.748565150041614],[152.611962512347446,-30.74864973405149],[152.612051040324729,-30.7487382080609],[152.612173497295657,-30.748842809073786],[152.612322217260186,-30.74897068908945],[152.612462772224973,-30.749104584104341],[152.612587720190106,-30.749250302117787],[152.612725092141659,-30.749486727133135],[152.612825783094337,-30.749749685145048],[152.612911486047267,-30.750024270155578],[152.613003849999842,-30.750295574166739],[152.613124539951258,-30.750548680180554],[152.613289063898577,-30.750791900198646],[152.613476014844878,-30.751021629218847],[152.613674969790623,-30.751244303240181],[152.61387551973624,-30.75146632226166],[152.614067240682175,-30.751694106282315],[152.614450654571129,-30.752172307323796],[152.614835242459549,-30.752652839365414],[152.615120394374429,-30.753027524396408],[152.615207272348499,-30.753141671405842],[152.615552993238822,-30.753644721443791],[152.615858707131423,-30.754167948477921],[152.616069287048362,-30.754597044501963],[152.616259374966205,-30.755038314524047],[152.616431175885168,-30.755488485544412],[152.616586887805369,-30.755944285563203],[152.616728731726994,-30.756402452580641],[152.616813600656769,-30.756852704592411],[152.616859054584552,-30.757354911600668],[152.616906713514766,-30.757836321608977],[152.616971441470326,-30.758110897617431],[152.616998153452016,-30.758224193620919],[152.617174940400588,-30.758445782640056],[152.617362475369504,-30.75850441565904],[152.617570582341358,-30.758521348679732],[152.617790478314959,-30.75851403370142],[152.61801334028911,-30.758499915723359],[152.618230367262555,-30.758496446744783],[152.618520755226058,-30.758498911773501],[152.618812272190667,-30.758492385802281],[152.619103333155067,-30.758487589831034],[152.619392322118102,-30.758495208859653],[152.619677664078523,-30.7585259548881],[152.620341865970261,-30.758718913955207],[152.620988256846431,-30.759046314021564],[152.621618870713235,-30.759458719087018],[152.622235769577117,-30.759906658151358],[152.62284098844421,-30.760340702214464],[152.623588751279868,-30.760878101292409],[152.624315924113603,-30.76144954636861],[152.625022076946152,-30.762049746442919],[152.625706777778191,-30.762673397515304],[152.62636958961059,-30.763315200585669],[152.626754912510705,-30.763706656626702],[152.627132876410712,-30.764106118667065],[152.627503033310632,-30.764513110706719],[152.627864969210691,-30.764927147745613],[152.628167770121394,-30.765316024778471],[152.628170620121011,-30.765316410778762],[152.628385629075439,-30.765457988801089],[152.628582070979888,-30.765994217824524],[152.628292600917348,-30.766737291801459],[152.62834709986862,-30.767053435809203],[152.628864547693809,-30.767885836866608],[152.629209780539924,-30.768722039907022],[152.629231920530373,-30.768773134909591],[152.629409454375462,-30.769774508934635],[152.629757075309584,-30.769944646970298],[152.630450952140677,-30.77056685504359],[152.630470018139476,-30.770557936045414],[152.630514726063524,-30.771088608053798],[152.630061043970557,-30.772215098017355],[152.63024147589195,-30.772638508038362],[152.630035510736235,-30.774005327028224],[152.629781096622139,-30.775104174011283],[152.630575541466811,-30.775529308093027],[152.631136483308865,-30.776193430153498],[152.632243534041493,-30.777169197270304],[152.633603238841715,-30.777398529406526],[152.634943013554675,-30.778304438545838],[152.635404205403489,-30.779010553596756],[152.635784177309262,-30.77936402363699],[152.636545780165505,-30.779732642715093],[152.636776664097397,-30.780029306740161],[152.636825616068819,-30.780198600746267],[152.637205732978316,-30.780523866786307],[152.637610356893816,-30.780780764828268],[152.638744386657009,-30.781500760945853],[152.64091457927924,-30.782310183166661],[152.641360339159917,-30.782790687214348],[152.641324213105321,-30.78323577421412],[152.641316011094688,-30.783323970213953],[152.641307934084153,-30.783410759213801],[152.64160639905063,-30.783383411243136],[152.642595883754808,-30.784682988350784],[152.642922887579203,-30.785698837390747],[152.643267864438798,-30.786432797430376],[152.643831276344088,-30.786617572487508],[152.643846506342356,-30.786616290489004],[152.643810980245547,-30.787378737491199],[152.643506616130111,-30.788533839469718],[152.643289195112345,-30.788871574450727],[152.64320485308545,-30.789153283444492],[152.642701569002355,-30.790251464402889],[152.642329356856038,-30.791702422376911],[152.642128249828801,-30.792096575359949],[152.641897829716015,-30.793161733345123],[152.642320425613832,-30.793534957389728],[152.642484420539034,-30.793944207409023],[152.642378446378217,-30.795254907408331],[152.642934157197885,-30.796091318469582],[152.643005411175523,-30.796192907477405],[152.643070588155041,-30.796285836484543],[152.64499645892559,-30.79620644867455],[152.645957484758696,-30.796561441772315],[152.64736974861961,-30.796283283910029],[152.648149416509057,-30.796384039987956],[152.649350129284073,-30.796951103111041],[152.649837893170712,-30.797347105162292],[152.651155737918003,-30.798012888297727],[152.651212327907189,-30.798041474303552],[152.651625690810562,-30.798380877347],[152.651856727744217,-30.798663431371988],[152.652950464556994,-30.799046911483131],[152.654577532362993,-30.798980688643745],[152.655223770250387,-30.799222017709521],[152.655978670145743,-30.799301520784866],[152.656500256044012,-30.799577763838577],[152.658060406843447,-30.799624091993405],[152.65806161684327,-30.79962388599354],[152.658475660680807,-30.800458503040762],[152.658694405541922,-30.801298409068703],[152.65901578841445,-30.801956041105456],[152.659330366178892,-30.80343361614765],[152.659268289114323,-30.803977629145578],[152.658968066034106,-30.804862811122458],[152.6589921419571,-30.805419329129009],[152.658889967842015,-30.806381458126079],[152.658773049770645,-30.807028019119347],[152.659038228679208,-30.807467047148883],[152.659601029539544,-30.807989969208517],[152.660100213386983,-30.808669599263041],[152.661069736189518,-30.809245769363368],[152.662127686927931,-30.810221148475431],[152.663566095579455,-30.811493522627408],[152.664196297481908,-30.8116360866909],[152.664232270474258,-30.811660011694642],[152.664467529424087,-30.811816459719115],[152.66523899325972,-30.812329468799369],[152.666218817146586,-30.812261461895915],[152.667281128008142,-30.812306436001478],[152.668359195843379,-30.812534688109977],[152.668441386833592,-30.812531219118085],[152.669305682730652,-30.812494765203443],[152.670068973624041,-30.812581251279703],[152.670931288488077,-30.812794855366739],[152.673638011168464,-30.812660590633911],[152.674219073095799,-30.812662026691484],[152.675297544942254,-30.812805640799432],[152.676962290869142,-30.811794760956836],[152.678839731677613,-30.811475101140505],[152.679818901545815,-30.811547962238095],[152.680002716512803,-30.811624219256874],[152.682006277152396,-30.81245541546167],[152.683347885890925,-30.813163472599953],[152.684351218484153,-30.815280366715236],[152.684875302202926,-30.816902727779318],[152.684841543193642,-30.817004459776726],[152.683949783947185,-30.819691663708422],[152.683413225856725,-30.820874492664078],[152.683410839785722,-30.821410160667853],[152.682543582777839,-30.822282082588401],[152.682871949626104,-30.823114565627176],[152.682736421562396,-30.823720394618256],[152.681803719592722,-30.82436660453066],[152.681635043534982,-30.824958260518358],[152.681446924395317,-30.826184215508881],[152.681593467290725,-30.826833008528258],[152.68085886936214,-30.826984614456574],[152.680496591397883,-30.827055913421201],[152.679463017405226,-30.827969696325599],[152.679956223197195,-30.829070426382707],[152.680182122973832,-30.830537028416057],[152.680184470973103,-30.830540013416311],[152.681849768483772,-30.832655544597181],[152.681811966351546,-30.833684489601126],[152.68155721821455,-30.834952574585362],[152.680974641246138,-30.835261301529922],[152.680772978200082,-30.835796485513921],[152.68064000621294,-30.835824354500964],[152.680136723123923,-30.836964971459604],[152.679686417154358,-30.837158781416413],[152.679200677187112,-30.837367847369848],[152.679105121193601,-30.837408973360692],[152.678148727258161,-30.837820615268974],[152.678184986229326,-30.83800339027394],[152.678167201073933,-30.839187466281022],[152.678229821953522,-30.840033412293547],[152.678227733891845,-30.840498598296818],[152.678241798815009,-30.841062486302427],[152.678650243565016,-30.842557731354077],[152.677084121610932,-30.843681660207274],[152.677017052600547,-30.843822457201682],[152.676129109482758,-30.845540071126528],[152.675927519440478,-30.846047064110341],[152.675208483386001,-30.847130746047185],[152.67477470038213,-30.847566673007453],[152.675019793233218,-30.848455361038379],[152.675050889167409,-30.84892062804493],[152.672383998219857,-30.851028550796432],[152.67183109314837,-30.852084426749542],[152.671827714050266,-30.852824492754749],[152.671317280041109,-30.853372370708254],[152.671126707037672,-30.853576919690909],[152.670207095974575,-30.854913815609791],[152.670123892956838,-30.855125374603134],[152.669719742870512,-30.856153101570765],[152.669661054861933,-30.856272770565852],[152.669252612868974,-30.856603021527857],[152.668933924818845,-30.857278859501324],[152.668365313777457,-30.858123237451316],[152.667878633796391,-30.858438052405454],[152.66764896780532,-30.858586611383807],[152.665967606907117,-30.859399992223334],[152.664554736054043,-30.85962196708504],[152.664438013788498,-30.861726696089196],[152.664490613762695,-30.861871321095496],[152.66455093273612,-30.862014180102541],[152.664618448709064,-30.862154215110277],[152.66469265168169,-30.862290378118637],[152.664773031654192,-30.86242161012758],[152.664891570617073,-30.862589039140577],[152.665023645579254,-30.862749243154848],[152.665166485541135,-30.862901693170141],[152.665317295503058,-30.863045816186144],[152.665473330465574,-30.863181028202618],[152.665729367409995,-30.863358336229307],[152.666010414355384,-30.86350470825824],[152.666303957301182,-30.863636344288292],[152.666597472246792,-30.863769495318373],[152.66687839319161,-30.863920359347325],[152.667091708147211,-30.864053716369451],[152.667302469102509,-30.864191626391353],[152.667510540057549,-30.864333768413026],[152.66771576901246,-30.864479845434449],[152.667918013967295,-30.864629534455609],[152.66810502892551,-30.864767893475172],[152.668293073883518,-30.864906870494824],[152.668476942841409,-30.865050393514124],[152.668651407799388,-30.865202386532541],[152.668811243757546,-30.865366776549603],[152.668934910721106,-30.865524255563031],[152.669046098684817,-30.865692571575309],[152.669150806648531,-30.865866625586982],[152.669255057612276,-30.866041314598601],[152.669364847575878,-30.866211558610754],[152.669435465552283,-30.866322433618581],[152.669503421528532,-30.866437145626172],[152.669573662504803,-30.866549284633972],[152.669651119481387,-30.866652496642413],[152.669740759458477,-30.866740369651946],[152.669941641419655,-30.866843473672617],[152.670192040381863,-30.866892380697777],[152.670470227345675,-30.866902868725429],[152.670754465311802,-30.866890678753499],[152.671023034280779,-30.866871575779967],[152.671301553252817,-30.866819961807177],[152.671578602230795,-30.866725167833909],[152.671854199210401,-30.866620029860435],[152.672128388187105,-30.866537426886978],[152.67240118815667,-30.866510212913809],[152.672545947137024,-30.866521838928232],[152.672690912116025,-30.866543441942763],[152.672835205094032,-30.866573264957289],[152.672977983071348,-30.866609568971707],[152.673118358048328,-30.866650614985922],[152.673541563970474,-30.866838205029254],[152.673942072883989,-30.867111767070977],[152.674323586792497,-30.867440745111242],[152.67468980869964,-30.867794588150169],[152.675044449608976,-30.86814274018791],[152.675204240565961,-30.868315494205049],[152.675354297522404,-30.868501917221305],[152.675504407479082,-30.868686521237553],[152.675664396436787,-30.86885386125466],[152.675844096396389,-30.86898844627347],[152.675992091369267,-30.869053291288623],[152.676153496343346,-30.869096686304932],[152.676317859317749,-30.869134326321511],[152.676474747291763,-30.869181897337413],[152.676613751264682,-30.869255124351731],[152.67676872022426,-30.86941349136827],[152.676889267181792,-30.869619025381745],[152.676990900138151,-30.869851067393558],[152.677089136094224,-30.870088961405067],[152.677199500050705,-30.870312039417676],[152.677301367014138,-30.870491175429112],[152.677402264977502,-30.870671368440455],[152.677505583940814,-30.870849904452026],[152.677614710903981,-30.871024056464137],[152.677733053866916,-30.871191082477111],[152.677924111813894,-30.871410143497695],[152.678137157760347,-30.871612110520314],[152.678360468706586,-30.871806405543886],[152.67858233565272,-30.872002456567337],[152.678791052599053,-30.872209703589572],[152.678932163561086,-30.872362270604704],[152.67907299652299,-30.872516029619799],[152.679209974484991,-30.872672853634562],[152.679339521447247,-30.872834635648598],[152.679458079409955,-30.873003247661597],[152.67955308837756,-30.873157275672174],[152.679641822345303,-30.873316171682166],[152.679683254329149,-30.873398469686887],[152.679703602320615,-30.873443674689234],[152.679727563311673,-30.87348797469194],[152.679754714302618,-30.873530706694947],[152.679784645293495,-30.873571205698219],[152.6798169332844,-30.873608818701708],[152.679829178281267,-30.873621125703007],[152.679846712276685,-30.87363873970488],[152.679878713269005,-30.873666940708251],[152.679912471261275,-30.873693339711807],[152.679947529253582,-30.87371787371546],[152.679983403246126,-30.873740418719184],[152.680054909232439,-30.87377573672654],[152.680132079219248,-30.873802332734385],[152.680212746206479,-30.873822671742531],[152.68029471319403,-30.873839228750775],[152.680375792181849,-30.873854467758935],[152.680468972168313,-30.873868594768272],[152.680563237155411,-30.873877020777673],[152.680658103142832,-30.873882318787118],[152.680753112130361,-30.873887096796569],[152.680847762117594,-30.873893890805995],[152.680938227104946,-30.873904038815038],[152.681028664092054,-30.873916175824093],[152.681119084079199,-30.873927756833133],[152.681209458066746,-30.873936236842173],[152.68129979705509,-30.873939060851146],[152.68138884504458,-30.873934300859929],[152.681477813034888,-30.873923696868662],[152.681566762025568,-30.873910241877383],[152.681655783016197,-30.873896938886102],[152.681744957006401,-30.873886791894865],[152.681835160996087,-30.873879629903762],[152.681925499985624,-30.873873534912661],[152.68201591897494,-30.873868666921595],[152.68210637496415,-30.873865161930528],[152.682196820953095,-30.873863180939473],[152.682313845938495,-30.873862804951074],[152.682430995923625,-30.873864758962704],[152.682548127908376,-30.873869106974343],[152.682665089892851,-30.873875901985986],[152.682781728877018,-30.873885205997624],[152.682875222864141,-30.873894197006944],[152.682968689851123,-30.873904506016299],[152.683061959837801,-30.873916544025629],[152.683154826824335,-30.873930743034933],[152.683247101810565,-30.873947560044215],[152.683352203794414,-30.873970113054792],[152.683456831777931,-30.873995831065365],[152.683560786761063,-30.874024516075888],[152.683663862743998,-30.874055997086341],[152.683765854726744,-30.87409007809671],[152.683855700711291,-30.874121712105854],[152.683945367695657,-30.874154780114985],[152.684034011679842,-30.874190331124026],[152.684120809663767,-30.874229343132921],[152.68420493664749,-30.874272827141588],[152.684293518629261,-30.874326575150786],[152.684332529620804,-30.874353574154831],[152.684379142610595,-30.874385970159697],[152.684462426591779,-30.874449381168432],[152.68454398057284,-30.874515177177006],[152.68459047656188,-30.874553642181905],[152.684624423553913,-30.874581726185475],[152.684690470538186,-30.874637652192455],[152.684757161522015,-30.874696599199499],[152.684819398506676,-30.874753431206095],[152.684882298490834,-30.874813041212768],[152.684944168475056,-30.874873593219363],[152.685015933455844,-30.874950513227052],[152.685084230436559,-30.875031117234407],[152.68515196141729,-30.875112187241733],[152.685222051398085,-30.875190496249271],[152.685297375379037,-30.875262836257289],[152.685401599355146,-30.875344327268206],[152.685512878331423,-30.875417868279797],[152.68562864730788,-30.875486119291786],[152.685746290284442,-30.875551736303933],[152.685863198261075,-30.875617361316028],[152.685944286244592,-30.875664933324419],[152.686025437228039,-30.875712881332813],[152.686107296211645,-30.875759341341276],[152.686190535195465,-30.875802440349862],[152.686275810179751,-30.875840286358581],[152.686397227158608,-30.87588512437096],[152.686522812137838,-30.8759235083837],[152.68665088011781,-30.875953699396618],[152.68677969209898,-30.875973975409543],[152.68690755408187,-30.875982617422281],[152.686989897071811,-30.875980645430428],[152.687072401062522,-30.875973115438551],[152.687154942053695,-30.875961919446645],[152.687237356045131,-30.875948957454717],[152.687319511036577,-30.875936112462785],[152.687417102026359,-30.875921079472338],[152.687514576016355,-30.875904675481877],[152.687611754006639,-30.875886541491379],[152.687708438997248,-30.875866309500815],[152.687804442988266,-30.875843631510158],[152.687884688981143,-30.87582166951794],[152.687964306974436,-30.875797224525655],[152.688043646967969,-30.875771668533343],[152.688123057961377,-30.875746354541015],[152.688202900954565,-30.875722626548765],[152.688303179945791,-30.875694435558483],[152.68840368393694,-30.875666664568257],[152.688504528927865,-30.875640301578056],[152.688605821918401,-30.875616332587914],[152.688707696908381,-30.875595724597865],[152.688806569898276,-30.875578835607541],[152.688906042887822,-30.875564260617281],[152.689005909876869,-30.875552311627093],[152.689105947865585,-30.875543320636943],[152.689205994853808,-30.875537610646838],[152.689349408836108,-30.875536024661031],[152.689493388817397,-30.875541689675348],[152.68963745679784,-30.875553181689725],[152.68978113177775,-30.875569110704095],[152.689923927757349,-30.875588060718396],[152.690060699737415,-30.875609511732105],[152.690197050716989,-30.875634986745819],[152.690332836696172,-30.875663958759496],[152.690467932675006,-30.875695906773132],[152.690602194653678,-30.875730292786692],[152.690738858631732,-30.875766658800519],[152.690875505609569,-30.875804728814352],[152.691011013587087,-30.875846303828091],[152.691144226564177,-30.875893149841659],[152.691274024540775,-30.875947059854933],[152.691362212523842,-30.875991359864013],[152.691448140506566,-30.876040598872898],[152.691533235489118,-30.876091701881712],[152.691618931471766,-30.876141568890578],[152.691706652454712,-30.876187123899626],[152.691786189439853,-30.876223902907785],[152.691866623425113,-30.876259041916033],[152.691947872410566,-30.876292351924324],[152.69202985639609,-30.876323626932678],[152.692112477381926,-30.876352696941098],[152.69218108736996,-30.8763779849481],[152.692250540357691,-30.876404965955182],[152.69232028034574,-30.876428998962282],[152.692389732334902,-30.876445429969284],[152.69245833432575,-30.876449597976123],[152.692520705319112,-30.876440929982245],[152.692583193313681,-30.876423064988302],[152.692645035309226,-30.876398592994242],[152.69270548830545,-30.876370105000031],[152.692763789302177,-30.876340193005593],[152.692829719299283,-30.876300061011825],[152.692892073297742,-30.876253188017657],[152.692952633296869,-30.876202838023293],[152.693013194296043,-30.876152245028916],[152.693075547294598,-30.876104673034742],[152.693135444292665,-30.876062740040357],[152.693195772290665,-30.876021326046043],[152.693256664288441,-30.875980765051789],[152.693318273286053,-30.875941395057588],[152.693380743283257,-30.875903549063501],[152.693452813279947,-30.875860692070344],[152.693525601276548,-30.87581803307723],[152.693599526272664,-30.875777820084256],[152.693674994267951,-30.875742314091482],[152.69375242526209,-30.875713782098938],[152.693835825254439,-30.87569293210705],[152.69392172724551,-30.875679495115477],[152.694009126235642,-30.87567126612409],[152.694096999225366,-30.875666004132761],[152.694184308215057,-30.875661495141387],[152.694287752202627,-30.875657829151621],[152.694391492189652,-30.87565788316191],[152.694495358176283,-30.875660832172223],[152.694599160162625,-30.875665861182561],[152.69470273914888,-30.87567210919287],[152.694791939136763,-30.875679280201773],[152.694880987124378,-30.875688584210682],[152.6949699901119,-30.875698812219579],[152.695059020099421,-30.875708771228489],[152.695148158087136,-30.875717242237378],[152.695265469070904,-30.875729308249113],[152.695383381054313,-30.875743256260911],[152.695501141038079,-30.875754523272672],[152.69561796802293,-30.87575852128429],[152.695733119009617,-30.875750696295647],[152.695825358000178,-30.875734892304681],[152.695917247991616,-30.875712814313623],[152.696008168983951,-30.875685385322438],[152.696097521977009,-30.875653500331058],[152.69618470497079,-30.875618110339449],[152.696257510966205,-30.875584450346416],[152.696328872962255,-30.875547169353208],[152.696399024958822,-30.875507172359871],[152.696468145955748,-30.875465355366416],[152.696536441952929,-30.875422642372865],[152.696606889950402,-30.875375545379502],[152.696675598948445,-30.875325733385942],[152.696743581946748,-30.875274763392305],[152.696811841944964,-30.875224189398708],[152.696881393942732,-30.875175577405244],[152.696965618939714,-30.875119328413167],[152.697050426936528,-30.875063635421157],[152.697136265932983,-30.875009627429272],[152.69722353892891,-30.874958434437538],[152.697312703924069,-30.874911185446038],[152.697396659918837,-30.874871798454063],[152.69748231991295,-30.874835646462284],[152.697569144906595,-30.874801924470649],[152.697656614899955,-30.874769815479084],[152.697744228893157,-30.874738513487532],[152.697853069884587,-30.874700837498064],[152.697962689875652,-30.874665161508663],[152.698073017866307,-30.874631582519353],[152.698183955856649,-30.87460027153012],[152.698295395846571,-30.874571371540956],[152.698425633834205,-30.874541718553662],[152.698556883821254,-30.874516054566474],[152.69868877980781,-30.87449306257939],[152.698820953794183,-30.874471459592343],[152.698953046780559,-30.874449909605286],[152.699068367768717,-30.874430619616572],[152.699183778756861,-30.874411571627867],[152.69929931474482,-30.874393481639206],[152.699415048732533,-30.874377042650558],[152.699531024719903,-30.874362959661948],[152.699660858705272,-30.874350966674744],[152.699791051690141,-30.874342306687595],[152.699921449674775,-30.874335494700478],[152.700051902659311,-30.874329130713367],[152.700182247643994,-30.87432176172625],[152.700344423625097,-30.874311686742249],[152.700506626606114,-30.874301915758277],[152.700668811587178,-30.874291876774283],[152.700830924568351,-30.874281029790286],[152.700992939549735,-30.874268820806268],[152.701140521533034,-30.874255823820796],[152.701287988516555,-30.87424134683533],[152.701435418500125,-30.874226367849836],[152.701582884483628,-30.874211855864349],[152.701730458466926,-30.874198803878894],[152.70186750845096,-30.874189992892436],[152.70200487143461,-30.874183825906002],[152.702142164418319,-30.874177371919576],[152.702278972402496,-30.87416767293308],[152.702414883387661,-30.874151788946445],[152.702497522379218,-30.874137445954528],[152.702579739371259,-30.874120199962562],[152.702661823363371,-30.874102038970566],[152.702744058355393,-30.874084926978593],[152.702826724346949,-30.874070843986686],[152.70293241833545,-30.874058366997076],[152.703038677323292,-30.87404990500756],[152.703145249310808,-30.874043576018078],[152.703251866298274,-30.874037508028611],[152.703358296285984,-30.874029826039116],[152.703491213271093,-30.874017186052203],[152.703624023256367,-30.874003032065275],[152.703756816241651,-30.873988789078339],[152.703889688226781,-30.873975854091427],[152.704022732211541,-30.873965653104555],[152.704176697193219,-30.873958572119776],[152.704330877174414,-30.873955264135045],[152.704485173155348,-30.873953642150333],[152.70463945213632,-30.873951634165621],[152.704793632117685,-30.873947152180882],[152.704919926102775,-30.873940285193374],[152.705046174088181,-30.873931474205822],[152.705172396073607,-30.873922537218291],[152.705298636058785,-30.873915330230751],[152.705424920043498,-30.87391168124325],[152.705533886029798,-30.87391234525407],[152.705642888015717,-30.873915617264906],[152.705751899001513,-30.873920179275753],[152.70586091898727,-30.873924733286604],[152.705969946973198,-30.87392795129745],[152.706073651959912,-30.873930479307752],[152.706177418946538,-30.873933338318068],[152.706281167933298,-30.873935418328376],[152.706384835920346,-30.873935588338668],[152.706488351907751,-30.873932791348913],[152.706613775893061,-30.873925566361294],[152.706739253878794,-30.873915123373681],[152.706864470864986,-30.873901319386],[152.706989123851685,-30.873883974398229],[152.707112907839047,-30.873862935410365],[152.707184780831682,-30.8738509594174],[152.707257442824073,-30.873839638424524],[152.707329378816866,-30.873826210431563],[152.707399046810622,-30.873807950438341],[152.707464922805826,-30.873782080444695],[152.707512494803439,-30.87375511744921],[152.707557646802115,-30.873723187453436],[152.707601561801198,-30.873688658457549],[152.707645430800341,-30.873653878461639],[152.707690457799089,-30.873621186465865],[152.70776213379645,-30.873574027472618],[152.707834705793488,-30.873528114479466],[152.70790811179026,-30.873483473486434],[152.707982270786772,-30.873440168493463],[152.708057120783025,-30.873398226500562],[152.708120540788258,-30.873299577506142],[152.708291332817623,-30.872919201520229],[152.70838063285558,-30.872550935526338],[152.708395082878326,-30.872367022526408],[152.708394895903496,-30.872178393524973],[152.708379325930622,-30.871989406522033],[152.708347647959243,-30.871804453517502],[152.708299098988874,-30.871627890511366],[152.708211755025985,-30.871431266501212],[152.708093073065754,-30.871244376488054],[152.707954723107036,-30.871064452472975],[152.707808369148779,-30.87088868745715],[152.707665690189856,-30.870714275441689],[152.707532620226118,-30.870566944427374],[152.707385172263201,-30.870426927411707],[152.707240153299978,-30.870286972396269],[152.707114398335335,-30.870139847382699],[152.707024714368117,-30.869978299372594],[152.706983605389638,-30.869854954367597],[152.70695282441082,-30.869724923363577],[152.706933623431013,-30.869591772360675],[152.706927295449475,-30.869459052359055],[152.706935085465716,-30.869330311358851],[152.707016774484686,-30.869111205365321],[152.707180663491869,-30.868903859380037],[152.70738801849302,-30.868700924399096],[152.707600142493959,-30.8684950304186],[152.707778283500517,-30.868278837434659],[152.707823569503716,-30.868212602438657],[152.707909346509695,-30.86808715144624],[152.708042381519078,-30.867892275457987],[152.708165591530246,-30.86769314046871],[152.708267171544833,-30.867488681477266],[152.708335334564424,-30.867277875482454],[152.708363615583664,-30.867106968483991],[152.708375654605675,-30.866930593483865],[152.708373351629774,-30.866751968482301],[152.70835860665531,-30.866574338479513],[152.708333310681553,-30.866400948475707],[152.70828963870926,-30.866234289470132],[152.708226227738948,-30.866071253462614],[152.708155161769383,-30.865909498454357],[152.708088541799441,-30.865746613446532],[152.708038469827812,-30.865580269440311],[152.707997603883456,-30.865201676433443],[152.70802036393286,-30.86480950243276],[152.708076559979162,-30.864409529435353],[152.708136001025395,-30.864007477438246],[152.708168478074413,-30.863609100438499],[152.708175901102322,-30.863393104437616],[152.70818485613006,-30.863176481436881],[152.70819000215829,-30.86296008243578],[152.708185987187477,-30.862744830433776],[152.708167495218248,-30.862531568430352],[152.708127704252092,-30.862314819424778],[152.708070694287812,-30.862100419417516],[152.708004881324456,-30.861887094409393],[152.707938709361173,-30.86167361740123],[152.707880641397082,-30.861458715393873],[152.707823460435236,-30.861226136386456],[152.707765634473532,-30.860992992378982],[152.707712407511366,-30.860759122371949],[152.707669040548126,-30.860524374365884],[152.707640822583045,-30.860288594361329],[152.707618457623425,-30.860006516357004],[152.707603515664061,-30.85971594035335],[152.707608464701849,-30.859427721351679],[152.707645755733893,-30.859152742353334],[152.707727838757052,-30.858901859359598],[152.707792442767129,-30.858765723364986],[152.707866386776487,-30.85862641437128],[152.707950889783319,-30.858495719378695],[152.708047153785998,-30.858385435387422],[152.708156388782783,-30.858307350397681],[152.708317453766625,-30.858277652413438],[152.708512123737819,-30.858311294433008],[152.708725169701552,-30.858383660454685],[152.708941407663048,-30.858470099476786],[152.709145579627403,-30.858545997497611],[152.709461594571565,-30.858669180529894],[152.709768591513154,-30.858819631561467],[152.710072066453705,-30.858981278592797],[152.71037756739463,-30.859138031624276],[152.710690597337418,-30.859273835656364],[152.710908403300067,-30.859350046678546],[152.711128979263378,-30.859418818700949],[152.711350819226908,-30.859484282723447],[152.711572408190392,-30.859550543745932],[152.711792240153471,-30.859621762768274],[152.712135210095113,-30.859738195803192],[152.712478628036479,-30.85985635883814],[152.712819060977239,-30.859981701872865],[152.713153093917128,-30.860119620907035],[152.713477293855846,-30.860275575940385],[152.71379400779125,-30.860463362973221],[152.714097643725012,-30.860675701004936],[152.714395946658044,-30.860898438036202],[152.714696624591312,-30.861117428067683],[152.715007449525643,-30.861318543100033],[152.715177890491447,-30.86141525511767],[152.715350589457529,-30.861508086135505],[152.715524257423652,-30.861599313153441],[152.715697566389764,-30.861691166171312],[152.715869208355684,-30.86178591518906],[152.71608134031203,-30.861914701211077],[152.716289761267831,-30.862050908232781],[152.716498146223699,-30.862186730254482],[152.716710171180182,-30.862314351276467],[152.716929528137911,-30.862425943299076],[152.71719916408918,-30.862538907326691],[152.717477441041126,-30.862638219355059],[152.717761625994541,-30.862721673383881],[152.718048956949929,-30.862787065412888],[152.718336699907951,-30.862832208441791],[152.718620516870487,-30.862847124470072],[152.718907381836431,-30.862834224498446],[152.719195967803842,-30.862808094526905],[152.719484912771065,-30.862783273555394],[152.719772879736325,-30.862774336583922],[152.719983344708623,-30.862784689604879],[152.720194141679713,-30.86280425762596],[152.720404705650736,-30.862824175647013],[152.720614480622999,-30.862835595667928],[152.720822919597794,-30.862829679688566],[152.720833398596739,-30.862827546689594],[152.721206560560233,-30.862751854726071],[152.721583504532333,-30.86260794676242],[152.721958441508775,-30.862433695798341],[152.722336039484134,-30.862264859834561],[152.722720989453109,-30.862137212871826],[152.723030533423753,-30.862067203902033],[152.723343465392674,-30.862007512932649],[152.723658612359799,-30.861958721963582],[152.723974861325274,-30.861921467994687],[152.724291030289123,-30.861896350025887],[152.724543581260406,-30.86187551805082],[152.724801358231304,-30.861852239076235],[152.72505716420082,-30.861840953101559],[152.725303790168056,-30.861856138126154],[152.725534020131789,-30.861912217149424],[152.725762082085595,-30.862044982173071],[152.725965394034205,-30.862239931194701],[152.726158566980132,-30.862464568215564],[152.726356195925803,-30.862686426236845],[152.726572854873865,-30.862873038259757],[152.726730172840035,-30.86297927027617],[152.726891568806138,-30.863082374292961],[152.727057177772679,-30.863177930310133],[152.727227098740315,-30.863261519327622],[152.727401484709588,-30.863328740345441],[152.727672527668204,-30.863385293372769],[152.727957725630915,-30.863397565401186],[152.728250982595938,-30.863385499430215],[152.728546184561225,-30.863369059459409],[152.728837181524995,-30.863368181488294],[152.729139958485661,-30.863379664518451],[152.7294434514464,-30.863389623548667],[152.729746407406651,-30.86340411757886],[152.730047560365676,-30.863429189608954],[152.730345666322904,-30.863470908638863],[152.730644552277653,-30.863530410668979],[152.730942147230763,-30.863603288699082],[152.731236990182509,-30.863688759729012],[152.73152764713322,-30.863786054758595],[152.731812675083177,-30.863894419787727],[152.732078716035545,-30.864002319814958],[152.732345259987,-30.864116878842282],[152.732605429937593,-30.864243288869048],[152.73285235188763,-30.864386685894647],[152.734336998567613,-30.865394845049639],[152.734413802551074,-30.865446997057656],[152.734476424537604,-30.865489523064195],[152.734475536507603,-30.865715065065793],[152.734689433411205,-30.866237064090932],[152.735563093072301,-30.867958592190579],[152.736058348904919,-30.868748979245677],[152.736456526838168,-30.868876634286185],[152.736638484789012,-30.869074351305734],[152.736687606758409,-30.86925770031198],[152.736685462685273,-30.869807469315877],[152.736866604608053,-30.870216628336927],[152.73736165343314,-30.871063397392433],[152.738286386127299,-30.872488967494938],[152.738285839108556,-30.87262993449594],[152.738173798083608,-30.872921451486988],[152.738162028077966,-30.872974939486202],[152.7381525260719,-30.873029207485679],[152.738145381065493,-30.873083932485379],[152.738140621058733,-30.873138809485322],[152.738138272051742,-30.873193534485491],[152.738136650046272,-30.873235925485638],[152.738134946040702,-30.873279203485808],[152.738135350034923,-30.873322077486161],[152.738140065028858,-30.873363276486938],[152.738150247022929,-30.873397966488209],[152.738151287022333,-30.873401498488338],[152.738164052017368,-30.873426740489798],[152.738179936012159,-30.873450782491549],[152.738197882006858,-30.873473900493508],[152.738216849001475,-30.873496372495566],[152.738235771996187,-30.873518477497601],[152.738267548987466,-30.873553948501034],[152.738301450978696,-30.873587822504646],[152.738337001969938,-30.873620209508431],[152.738373753961213,-30.873651215512304],[152.73841123195254,-30.873680948516256],[152.738441179945795,-30.873703475519392],[152.738471782939058,-30.873725248522593],[152.738503021932388,-30.873746161525847],[152.73853483492573,-30.87376609752916],[152.738567203919189,-30.873784921532515],[152.738600083912786,-30.873802158535902],[152.738633733906426,-30.873818015539371],[152.738667841900224,-30.873833057542875],[152.738702092893931,-30.873847829546385],[152.738736164887655,-30.873862907549885],[152.738759480883317,-30.873873493552278],[152.738782822878989,-30.873884052554686],[152.738806173874679,-30.873894567557063],[152.738829542870377,-30.873905055559479],[152.738852929866056,-30.873915507561883],[152.738906883856828,-30.873934044567378],[152.739076516829215,-30.87398208158459],[152.739260340801906,-30.874014709603099],[152.73945362977625,-30.874025752622376],[152.739660580750495,-30.874025115642933],[152.739878117723578,-30.874023313664534],[152.740091836695711,-30.874032016685817],[152.74017908268462,-30.874033405694508],[152.740279514672608,-30.874029434704457],[152.740394539658325,-30.874028770715871],[152.740527358639184,-30.874047944729206],[152.74083157657634,-30.874233900760828],[152.740593869579953,-30.874429145738667],[152.740493311583691,-30.874495532729178],[152.740368658588494,-30.874576190717399],[152.740240411593106,-30.874661267705285],[152.740133991596281,-30.874737390695287],[152.740044342597912,-30.874808761686911],[152.739954523599067,-30.874884525678553],[152.739865260599714,-30.874963103670275],[152.739776140600043,-30.875043806662024],[152.739687845600258,-30.875124867653863],[152.739556988599986,-30.875249189641789],[152.739428956598942,-30.875376988630023],[152.739301291597371,-30.875508051618315],[152.7391727115957,-30.875640951606542],[152.739042617594237,-30.8757734925946],[152.738920250593111,-30.87589663958336],[152.738798349591946,-30.876019562572179],[152.738676143590766,-30.876142620560948],[152.738553426589675,-30.87626560654968],[152.738429776588731,-30.876388493538315],[152.738275273587874,-30.876539321524092],[152.738120017587363,-30.87668841950979],[152.737965433586908,-30.876836450495528],[152.737812552586263,-30.87698442748145],[152.737658990585089,-30.877136725467341],[152.737496518585317,-30.877287347452327],[152.737329609586965,-30.877431031436821],[152.737177857587454,-30.877569578422772],[152.737055239584492,-30.877706287411613],[152.736966146576179,-30.877852346403852],[152.736927098568771,-30.877944021400662],[152.73689023855971,-30.878046371397769],[152.736862808549745,-30.878146687395787],[152.736847676539071,-30.878240566394989],[152.736846403528176,-30.878323779395483],[152.736861579514709,-30.878410164397646],[152.73689444049802,-30.878504590401601],[152.736942684478464,-30.878605919407157],[152.737001532457157,-30.87871034941378],[152.737060999436721,-30.878807885420418],[152.737148334410278,-30.878924228429952],[152.737254646382382,-30.879033436441336],[152.737378061351762,-30.87914731445445],[152.737508711318782,-30.879271876468358],[152.737631929284703,-30.879411741481636],[152.737744282249537,-30.879570214493992],[152.737844185215636,-30.879730229505114],[152.737936639182664,-30.87989067551548],[152.738025157150474,-30.880048853525459],[152.738113971118707,-30.880203866535432],[152.738195077090154,-30.880341651544541],[152.738276541061367,-30.880481013553673],[152.738357467032557,-30.880621156562754],[152.738437550003709,-30.880762194571766],[152.738517839974378,-30.880906774580811],[152.738612041937472,-30.88109494559157],[152.738697063901583,-30.881284138601437],[152.738779343867236,-30.881464430610961],[152.738866014834258,-30.881630039620806],[152.738964716802116,-30.881778482631727],[152.739090417766846,-30.881925015645297],[152.739234414730106,-30.882065202660655],[152.739392027692531,-30.882198953677314],[152.739558899654611,-30.882327012694851],[152.739729591616907,-30.882449648712722],[152.739835258594127,-30.882521252723745],[152.739943461571414,-30.882589808735002],[152.740054345548714,-30.882656231746523],[152.740167390525926,-30.882720950758234],[152.740275826504359,-30.882781018769457],[152.740381126484948,-30.882827899780271],[152.74051157846236,-30.882874986793588],[152.740651783437755,-30.882927918807908],[152.740796184409504,-30.883004372822821],[152.740931216367812,-30.883189899837628],[152.740821497355171,-30.8833873758282],[152.74068460835943,-30.883483702815315],[152.740544608366775,-30.88355971680198],[152.740409037374349,-30.883629761789027],[152.740294567379806,-30.883695987778161],[152.740141014386438,-30.883790055763608],[152.739982405394215,-30.88388031374852],[152.739834598400961,-30.8839682417345],[152.739704576405074,-30.884058965722261],[152.739592741405431,-30.88416103871192],[152.739500672402897,-30.884266293703536],[152.739411058398503,-30.884383129695522],[152.739334560392052,-30.88450292368881],[152.739277477383467,-30.884620584684011],[152.739243512372639,-30.884733566681493],[152.739231168359623,-30.884842604681076],[152.739234108342998,-30.884964451682279],[152.739251587323764,-30.88509164968497],[152.739281679303247,-30.88521726168889],[152.73931988428356,-30.885329060693536],[152.739396355254911,-30.885471641702193],[152.739505599222895,-30.885609229714063],[152.739642649187573,-30.885745508728697],[152.739796211150662,-30.885878255744945],[152.739950238114687,-30.886003419761188],[152.740146190071215,-30.88614534578171],[152.740356046028268,-30.886270518803496],[152.740579445985162,-30.886384504826534],[152.740811513942049,-30.886490009850384],[152.741042630900068,-30.886588048874071],[152.741275030860038,-30.886669907897776],[152.74151851882084,-30.886735612922458],[152.741773498780532,-30.88679880894826],[152.742034287738079,-30.886872671974722],[152.742291301692859,-30.886970630000992],[152.742526865647562,-30.8870893580253],[152.742750749601981,-30.887220966048517],[152.742966548556382,-30.887360463071001],[152.743176492511168,-30.887502462092918],[152.743384268466428,-30.887642873114615],[152.743574779425415,-30.887771631134491],[152.743764483384069,-30.887903661154333],[152.743952386342642,-30.888037843174008],[152.744138621301232,-30.888173817193522],[152.7443235832597,-30.88831142321294],[152.744538306211041,-30.88847477323549],[152.744751066162223,-30.88864091125787],[152.744961782113393,-30.88880930828007],[152.74517061506458,-30.888979624302092],[152.745377046015875,-30.889150934323883],[152.745555598973851,-30.889298292342723],[152.745735935931492,-30.889446368361753],[152.745916335888637,-30.889598621380816],[152.746093910845161,-30.889757704399639],[152.74626402880159,-30.889924757417806],[152.74635469977747,-30.890020546427522],[152.746442779753579,-30.890116926436992],[152.746529218729592,-30.890215404446316],[152.746613668705635,-30.890316052455461],[152.746692004682671,-30.89041428846399],[152.746740821669022,-30.890470868469254],[152.746799239653399,-30.890533186475523],[152.746864363635183,-30.890608528482563],[152.746926877614584,-30.890704541489502],[152.746969599590955,-30.890841018494751],[152.746964624588514,-30.890863912494435],[152.747056245559889,-30.890992589504503],[152.747065110557145,-30.891004924505474],[152.747148403531241,-30.891120900514615],[152.747241091502531,-30.891248833524777],[152.747334289473855,-30.891376373534992],[152.747428016445156,-30.891503535545251],[152.747476645430368,-30.891568506550581],[152.747574756400837,-30.891697838561289],[152.747623376386088,-30.891762818566612],[152.747671154371346,-30.891828408571843],[152.747786368334857,-30.89199367658453],[152.747897924298456,-30.892161742596883],[152.748006038262133,-30.892332174608892],[152.748110979225999,-30.892504542620607],[152.748212971190014,-30.892678416632037],[152.748272115168561,-30.892783527638709],[152.748329171147873,-30.892884946645129],[152.748441176105928,-30.893094147657823],[152.748548842064196,-30.8933057236701],[152.748652017022749,-30.893519415681947],[152.748750574981614,-30.893734927693355],[152.749193573878415,-30.894092500740051],[152.750045587532981,-30.89588046283809],[152.75008365751674,-30.895966480842517],[152.750126084500096,-30.896051145847363],[152.750172580483223,-30.896133900852593],[152.750222814466213,-30.896214190858188],[152.750276472449173,-30.896291442864094],[152.75043812840596,-30.896463496881452],[152.750651175356012,-30.89663799890393],[152.750865441308719,-30.896791586926369],[152.750998475280284,-30.89687953294025],[152.751035675272476,-30.896903295944124],[152.751042694271121,-30.896907203944846],[152.751049632269655,-30.89691128294557],[152.751056472268203,-30.896915540946281],[152.751063195266823,-30.896919968946989],[152.751069801265345,-30.896924522947678],[152.751082844262385,-30.896934570949057],[152.751095304259394,-30.896945471950364],[152.751097043258937,-30.896947129950551],[152.751107324256367,-30.896956962951641],[152.751119058253295,-30.896968786952904],[152.751130631250277,-30.896980681954126],[152.751143404246875,-30.896994136955506],[152.751155873243448,-30.897007923956849],[152.751168019240055,-30.897021996958159],[152.751179870236655,-30.897036329959448],[152.751191424233269,-30.897050860960704],[152.751207873228338,-30.897072293962498],[152.751223901223455,-30.897094183964253],[152.751239175218529,-30.897116584965939],[152.751253410213707,-30.897139549967523],[152.751266282208888,-30.897163134968977],[152.75127231520645,-30.897176015969677],[152.751277837203986,-30.897189165970328],[152.751283126201571,-30.897202432970953],[152.751288531199123,-30.897215636971591],[152.751294358196617,-30.897228633972265],[152.751297549195357,-30.897235213972625],[152.751300803194084,-30.897241766973014],[152.751304101192801,-30.897248291973384],[152.751307463191523,-30.897254790973765],[152.751310878190225,-30.897261253974143],[152.751662265004995,-30.898318402016962],[152.751744535890509,-30.899097909030971],[152.751708714819415,-30.899663518031623],[152.75171870081661,-30.899674938032707],[152.751807882791837,-30.899776885042339],[152.752139747737004,-30.899876627076068],[152.752189550723159,-30.899933557081425],[152.752238924709474,-30.899989995086777],[152.752119890644963,-30.900583697079366],[152.752071395638268,-30.900679046075265],[152.752069593638055,-30.900682578075099],[152.752017736585941,-30.901120872073221],[152.752048186500815,-30.901729060080804],[152.752146197439401,-30.902096977093283],[152.752179364427434,-30.902155646097022],[152.752594215277469,-30.902889383143737],[152.752706614236786,-30.903088195156396],[152.752772114200241,-30.903300471164481],[152.753348970989919,-30.904334151229534],[152.753476150955407,-30.904473227243223],[152.753828461859825,-30.904858498281111],[152.754239539761357,-30.905210629324607],[152.754391236724956,-30.905340580340656],[152.754684410514244,-30.906642319379522],[152.754804115464879,-30.906899764393337],[152.755046446364901,-30.907420948421326],[152.755207150183992,-30.908623402446274],[152.755370939093496,-30.909147032466457],[152.755502978050487,-30.909345315481072],[152.755575765033768,-30.909402111488735],[152.756248133879495,-30.909926799559486],[152.75644715184319,-30.910012091579912],[152.756762791808882,-30.909973303611004],[152.757012473781771,-30.909942628635594],[152.757228236747125,-30.90999967565747],[152.757509776683463,-30.910212435687047],[152.757691547630429,-30.910439106706811],[152.758139010538343,-30.910708796753308],[152.758147293533284,-30.910739274754359],[152.758204393498033,-30.91094936276161],[152.758235838441124,-30.911345409767684],[152.758451170393329,-30.911501453790255],[152.758517127369913,-30.91161473179767],[152.758666117334172,-30.911742342813437],[152.758897423265495,-30.912039838838652],[152.759194255160168,-30.912549610871956],[152.759325792102032,-30.912861027887367],[152.759441221061081,-30.91305926690033],[152.759905006957524,-30.913399699948979],[152.760214324727684,-30.914828745990402],[152.759862128706374,-30.91531775795902],[152.759716373697529,-30.915520128946046],[152.759461777682134,-30.915873622923375],[152.760157084515441,-30.916469117996961],[152.762028904269499,-30.916556676183724],[152.762513817127171,-30.917167213236503],[152.762575682981321,-30.918199738250362],[152.762913477788544,-30.919324475292342],[152.762968649757084,-30.919508174299203],[152.763132446663604,-30.920053578319568],[152.763737879498876,-30.920718624384733],[152.76377744648812,-30.920762081388983],[152.763275461434262,-30.921634358345585],[152.762671958369509,-30.922683036293396],[152.762732738191545,-30.923955975308946],[152.762860347071097,-30.924737132327461],[152.762862157069378,-30.924748212327724],[152.762886378068458,-30.924732453330019],[152.763078853061131,-30.924607262348221],[152.763977472982418,-30.924354638435695],[152.76540597876317,-30.924656742580009],[152.768909050225574,-30.925397559933931],[152.770185076951918,-30.926248788067198],[152.770202619948691,-30.926256300068999],[152.771114074782389,-30.926646725162573],[152.771391414588578,-30.927835259199043],[152.772689802486241,-30.927385419324821],[152.773955239397509,-30.926864790446821],[152.775386320270997,-30.926471773586258],[152.77604411417218,-30.926594911652625],[152.77615023815622,-30.926614775663339],[152.776912882001852,-30.927054754742485],[152.777079207984769,-30.927026813758825],[152.778177501888649,-30.926717940865796],[152.778691093866541,-30.926402990914539],[152.778844081859944,-30.926309164929066],[152.778981979996047,-30.925163917934231],[152.779880367911744,-30.924953622022063],[152.780909859752285,-30.925181988126205],[152.782789927578989,-30.924719077309845],[152.784005470498471,-30.924184115426815],[152.784751332340562,-30.924666439504637],[152.787884836703256,-30.926496999830178],[152.789130467518589,-30.926711578955771],[152.789173387527654,-30.926603670959231],[152.789180451528296,-30.926592276959859],[152.789195430529446,-30.926569822961177],[152.789211717530321,-30.926548012962634],[152.789229152530964,-30.926527019964212],[152.789247609531344,-30.92650701196591],[152.789266936531448,-30.926488160967686],[152.78937068552986,-30.926402930977375],[152.789476129527799,-30.92631957498725],[152.789583186525334,-30.926238199997293],[152.789691695522379,-30.926158868007516],[152.789801566518975,-30.926081688017874],[152.789953936512774,-30.925985711032318],[152.790111918504806,-30.925897568047386],[152.790270939496452,-30.92581112806257],[152.79042653648915,-30.925720260077387],[152.790574155484251,-30.925618823091323],[152.790718511482112,-30.925499737104797],[152.790856144482092,-30.925371570117534],[152.790989036483467,-30.925237343129766],[152.791119148485535,-30.925100086141704],[152.791248481487685,-30.924962874153557],[152.791389978491225,-30.924804660166455],[152.791401640491671,-30.924790542167504],[152.791525514496243,-30.924640547178726],[152.791660001501469,-30.924475565190871],[152.791798379505707,-30.924314715203458],[152.791945559507639,-30.924163035216967],[152.792068931506492,-30.924056247228453],[152.792199195503542,-30.923956496240692],[152.792330921500223,-30.923858394253063],[152.792458658497878,-30.923756554265012],[152.792576983497895,-30.923645615275976],[152.792683270501129,-30.923522405285635],[152.792770768505989,-30.923404377293469],[152.792780754506538,-30.923390904294351],[152.792873890513079,-30.923255207302613],[152.792967134519557,-30.923119411310886],[152.79306496752497,-30.922987623319646],[152.793175422529799,-30.922848573329599],[152.793287185534325,-30.922710331339697],[152.793401118538327,-30.922573916350018],[152.793518081541578,-30.922440371360665],[152.793638925543831,-30.922310698371735],[152.793759284545331,-30.922187048382789],[152.793882100546369,-30.9220649323941],[152.793976411546367,-30.92197652040284],[152.794008367546382,-30.921946562405793],[152.794139098545088,-30.921834199417972],[152.794275306541977,-30.92173005543075],[152.794457464534588,-30.921615172448025],[152.794650494523751,-30.921515609466486],[152.794849576511069,-30.92142451748564],[152.795049903497983,-30.921335012504919],[152.795246671486041,-30.921240244523801],[152.795274298484571,-30.921225543526454],[152.795409054477318,-30.921153814539331],[152.795436565475825,-30.921139175541953],[152.795625095466136,-30.921035184559955],[152.79581331245646,-30.920931892577922],[152.79581376945643,-30.920931641577951],[152.796004156445974,-30.920831917596178],[152.796197778434163,-30.920739364614757],[152.796374673422406,-30.920661808631802],[152.79655341540996,-30.920587658649037],[152.796733923396744,-30.920517783666487],[152.79691609838261,-30.920453054684149],[152.797099824367507,-30.920394349701997],[152.797275930351958,-30.920345944719173],[152.797454018335287,-30.920304082736592],[152.797633306317891,-30.920266272754159],[152.797813034300276,-30.920230049771785],[152.797992394282829,-30.920192938789377],[152.798220527261066,-30.92014206781171],[152.798262990257058,-30.920132359815863],[152.798448697239508,-30.920089906834043],[152.798677242217565,-30.920040228856433],[152.798906541194697,-30.919996851878935],[152.799136969170348,-30.91996353290163],[152.799351091146036,-30.919945183922824],[152.799566316120206,-30.91993664094419],[152.799782106093716,-30.919932831965646],[152.799997958067252,-30.919928671987122],[152.800213317041624,-30.919919072008479],[152.80046446101332,-30.919895981033321],[152.800715388986077,-30.919864786058078],[152.800966147958917,-30.919833448082809],[152.801216779930712,-30.91980993610759],[152.801467313900389,-30.919802200132494],[152.801704912868729,-30.919816865156267],[152.801942305834785,-30.919848248180141],[152.802179634800154,-30.919885413204053],[152.802417072766161,-30.919917405227945],[152.802654778734251,-30.919933326251737],[152.802873947707809,-30.919925993273495],[152.803093583683307,-30.919903736295211],[152.803313191659356,-30.919877785316888],[152.803532261634388,-30.919859382338569],[152.803750292607077,-30.919859750360295],[152.803960174577981,-30.919881183381353],[152.804169384547066,-30.919916277402447],[152.804377957515072,-30.919960362423549],[152.804585867482558,-30.920008767444624],[152.804793204450192,-30.920056850465638],[152.805015689415853,-30.920105229488151],[152.80523877538144,-30.920153966510739],[152.805460490346519,-30.920207293533227],[152.805678825310906,-30.92026944055544],[152.805891763274161,-30.920344630577201],[152.806097360237231,-30.920428408598308],[152.80630267119929,-30.920519903619439],[152.806502369160626,-30.920622057640088],[152.8066911321215,-30.920737818659756],[152.80686366108219,-30.920870135677944],[152.806994480047962,-30.921003116691956],[152.807111002013443,-30.921152196704693],[152.807220656978643,-30.921309334716774],[152.807330859943789,-30.921466500728922],[152.807449039909017,-30.921615661741814],[152.80761913886252,-30.921803895760164],[152.807795252815907,-30.921987307779069],[152.807976503769282,-30.922165996798459],[152.808162047722703,-30.922340094818246],[152.808351033676331,-30.922509720838331],[152.808506557637884,-30.922651494854886],[152.808662565599008,-30.922796020871502],[152.808822374560435,-30.922934559888468],[152.808989310522918,-30.923058405906016],[152.809166670487315,-30.923158829924432],[152.809323647459365,-30.923220357940522],[152.809488144432635,-30.923266405957257],[152.809657205406694,-30.923302387974374],[152.809827834381139,-30.923333734991605],[152.809997055355609,-30.923365871008698],[152.810202635324714,-30.923404550029463],[152.810409380294431,-30.923437789050315],[152.810616860264503,-30.923467397071196],[152.81082463623477,-30.923495167092106],[152.811032304205071,-30.923522910113011],[152.811216191178488,-30.923549560131523],[152.811400167151731,-30.923577268150058],[152.811584296125261,-30.923602986168603],[152.811768658099425,-30.923623701187125],[152.811953307074646,-30.923636340205608],[152.812162759046487,-30.923650485226588],[152.812379284017226,-30.923666827248287],[152.81259271598995,-30.923671183269576],[152.812792916967823,-30.923649374289365],[152.812969713954033,-30.923587217306508],[152.813084802951465,-30.923498877317314],[152.813183810954769,-30.923381718326311],[152.813276982960389,-30.923253183334626],[152.813374600964551,-30.923130744343446],[152.813486919963793,-30.923031818353905],[152.813623540956428,-30.92295904836697],[152.813772450945038,-30.922905094381399],[152.81392816393145,-30.922861323396582],[152.814085221917395,-30.922819165411919],[152.814238174904858,-30.922770015426792],[152.814399669892936,-30.922708406442428],[152.814560402881341,-30.922644771457964],[152.814720679869993,-30.92257992547345],[152.81488080285871,-30.922514658488922],[152.815041070847343,-30.922449804504392],[152.815241666832947,-30.922370195523797],[152.815442558818376,-30.922291249543221],[152.815643172803959,-30.922211648562609],[152.815842935789902,-30.92213010358191],[152.816041254776451,-30.922045295601038],[152.816250958762907,-30.92195076962123],[152.816459255749947,-30.921852999641263],[152.816666466737445,-30.921752773661165],[152.816872881725288,-30.921650915680971],[152.817078837713268,-30.921548233700726],[152.817260421702599,-30.921458467718146],[152.817442247691872,-30.921368881735596],[152.817623158681471,-30.921277610752941],[152.817801990671825,-30.921182824770067],[152.817977577663271,-30.921082652786808],[152.818118088657201,-30.920996822800177],[152.818256941651754,-30.920908051813342],[152.818394171646787,-30.920816646826339],[152.818529760642434,-30.920722882839147],[152.818663719638522,-30.920627075851787],[152.818789654635907,-30.920529000863599],[152.818911869634519,-30.92042543087501],[152.819033655633206,-30.920321457886363],[152.819158255630953,-30.920222136898037],[152.819288950626628,-30.920132559910403],[152.819488014616581,-30.920021504929409],[152.819697323603378,-30.919924738949558],[152.819913687587587,-30.919840629970484],[152.820133968569877,-30.919767518991893],[152.820354940550772,-30.919703741013436],[152.820608979526355,-30.919648720038349],[152.820868253498674,-30.919613330063914],[152.821130423469214,-30.919588490089861],[152.821393139439522,-30.919565112115876],[152.821654072410979,-30.919534097141639],[152.821846851390461,-30.919507375160663],[152.822039962369786,-30.919481603179708],[152.822232715349344,-30.919454066198718],[152.822424446329677,-30.919422020217592],[152.822614464311187,-30.919382757236239],[152.822806034294189,-30.919330766254941],[152.822995273278792,-30.919268753273347],[152.823183714264047,-30.919203271291636],[152.823372890248748,-30.919140891310025],[152.823564343231851,-30.919088192328708],[152.823798491209118,-30.919039392351689],[152.824035105184691,-30.919000631374981],[152.824273206159262,-30.918968397398476],[152.824511872133343,-30.918939138422054],[152.824750144107526,-30.918909324445568],[152.824992817079419,-30.918892615469645],[152.825242787048325,-30.918891046494551],[152.825489467018372,-30.918884546519088],[152.825722235993481,-30.918853047542044],[152.825930523977689,-30.918776449562245],[152.826061075972461,-30.918693675574637],[152.826185165970259,-30.918594435586275],[152.826301061970725,-30.918482654596989],[152.826407016973661,-30.91836222260665],[152.826501282978626,-30.918237103615116],[152.826568038985755,-30.918121620620902],[152.826621634995774,-30.917997146625318],[152.826670113006884,-30.917869024629191],[152.826721559017415,-30.917742614633376],[152.82678400202559,-30.917623276638725],[152.826854854030643,-30.917519482644998],[152.826932896034236,-30.917420179652034],[152.82701474603698,-30.917323215659486],[152.827097019039684,-30.917226440666955],[152.827176350042976,-30.917127692674129],[152.827266269048692,-30.917001470682141],[152.827351912055434,-30.916871268689714],[152.827438137061989,-30.916741846697338],[152.827529795067136,-30.916618036705565],[152.827631752069578,-30.916504632714872],[152.827764052068375,-30.916390458727221],[152.827908938063842,-30.916288859740895],[152.828061496057359,-30.91619523075541],[152.828216843050029,-30.916104972770224],[152.828370074043136,-30.916013503784821],[152.828513301036367,-30.915930416798464],[152.828659988028477,-30.915852276812512],[152.828806442020664,-30.915774047826527],[152.828948952014031,-30.915690781840109],[152.829083825009661,-30.915597465852866],[152.829200725008008,-30.915500905863794],[152.829312452007912,-30.91539724587415],[152.829420164009036,-30.915288566884083],[152.829524998010896,-30.915176919893707],[152.829628112013097,-30.915064367903145],[152.829755796016798,-30.914917761914783],[152.829878030021831,-30.914766144925832],[152.829996876027735,-30.914611452936526],[152.830114404033907,-30.914455623947088],[152.830232667039922,-30.914300581957722],[152.830333504044887,-30.914169402966781],[152.830433614050065,-30.914037650975786],[152.830533420055275,-30.913905637984747],[152.830633289060472,-30.913773714993724],[152.83073364206561,-30.913642141002732],[152.830819554070189,-30.91352777001045],[152.830904443075042,-30.913412466018062],[152.830990086079709,-30.913297808025746],[152.831078230083762,-30.913185390033689],[152.831170622086773,-30.913076792042094],[152.831283498088879,-30.912955751052451],[152.831401079089915,-30.912838564063286],[152.831522533089952,-30.912725035074562],[152.831647043089106,-30.912614940086151],[152.831773786087638,-30.912508071097989],[152.831931893084715,-30.912382467112803],[152.832094716080462,-30.912262090128145],[152.832261384075139,-30.912146633143902],[152.832431037068801,-30.912035722159988],[152.832602805061669,-30.91192903217631],[152.832740770055523,-30.911846106189454],[152.832880206048941,-30.911765009202757],[152.833021469041739,-30.911687210216257],[152.833164885033597,-30.911614216230024],[152.833310783024274,-30.911547497244072],[152.833483465011909,-30.911478509260768],[152.833659884998156,-30.911417106277902],[152.833839003983059,-30.911362578295357],[152.834019780966912,-30.911314199313011],[152.834201193950008,-30.911271261330782],[152.834380777932125,-30.911237161348435],[152.83456224491286,-30.911211605366343],[152.834744688892926,-30.911190360384378],[152.834927213872902,-30.911169168402417],[152.835108921853617,-30.911143818420356],[152.835288013834088,-30.911122384438055],[152.835470842813322,-30.911106823456169],[152.835651502793468,-30.911086438474033],[152.835824077776692,-30.911050519490971],[152.835982641765213,-30.910988380506321],[152.83609553376175,-30.910909201516986],[152.836197078762524,-30.91080861652636],[152.836294768764787,-30.910700636535292],[152.836396115765723,-30.91059934354465],[152.836508640762446,-30.910518729555264],[152.836632092754826,-30.910460580567147],[152.836763459744617,-30.910414182579895],[152.836899783732378,-30.910378290593229],[152.837038071718695,-30.91035165760681],[152.837175354703987,-30.910333066620368],[152.837331300685861,-30.910323080635841],[152.837489729665691,-30.91032588565167],[152.837648813643938,-30.910339537667646],[152.837806767621174,-30.910362108683561],[152.837961745597852,-30.910391653699236],[152.838150786567326,-30.910442998718473],[152.838336331534919,-30.910511724737496],[152.838519473501321,-30.910591342756355],[152.838701289467338,-30.910675370775103],[152.838882845433631,-30.910757300793836],[152.839082759395922,-30.910852085814472],[152.839279527357462,-30.910955376834874],[152.839476062319051,-30.911058578855243],[152.839675259281421,-30.911153112875816],[152.839880041245465,-30.911230390896812],[152.840133022203474,-30.911307892922625],[152.840396437161161,-30.911377543949428],[152.840662228121289,-30.911427051976311],[152.840922345086483,-30.911444111002371],[152.841168738059423,-30.911416430026744],[152.841310396047106,-30.911376128040569],[152.841450171036882,-30.911322048054107],[152.841586783028561,-30.911256907067248],[152.841718921021908,-30.91118342107988],[152.841845313016705,-30.911104314091897],[152.84195225401362,-30.911027492101994],[152.84205445201215,-30.910943141111556],[152.842153209011855,-30.910853735120746],[152.842249832012072,-30.91076173712969],[152.84234563001246,-30.910669588138557],[152.842443177013536,-30.910570822147548],[152.842536967015604,-30.910468059156134],[152.842629843017903,-30.910364364164625],[152.84272461101969,-30.910262811173315],[152.84282412002014,-30.910166448182526],[152.84295716401914,-30.910050195194927],[152.843094932016953,-30.90993803720783],[152.843237262013474,-30.909831492221233],[152.843383940008465,-30.909732099235125],[152.843534804001763,-30.909641375249493],[152.84368588299327,-30.909563845263989],[152.843842250982931,-30.909495405279074],[152.844001998971322,-30.909433142294546],[152.844163233959051,-30.909374141310185],[152.844324047946856,-30.909315480325791],[152.844529672929468,-30.909253288345834],[152.844743113909345,-30.909204399366768],[152.844954619889648,-30.909154156387491],[152.845154426873563,-30.909087859406931],[152.845332809864317,-30.908990841424004],[152.845442233862173,-30.90890477843428],[152.845545776862224,-30.908807940443882],[152.845642408864251,-30.908702685452731],[152.845731143868079,-30.908591344460756],[152.845810959873575,-30.908476228467858],[152.845896458885505,-30.908307625475125],[152.845957386902597,-30.908123702479831],[152.846006985922088,-30.907932186483347],[152.846058501941286,-30.907740895487052],[152.846125158957562,-30.907557617492341],[152.846189753969412,-30.907409057497667],[152.846255952981267,-30.907259233503151],[152.846327835991929,-30.907112932509229],[152.846409472000204,-30.906974914516351],[152.84650494700503,-30.906849938524946],[152.846607729006365,-30.906744504534409],[152.846721760005266,-30.906646258545056],[152.846844405001917,-30.906557049556614],[152.84697301199634,-30.906478748568873],[152.847104934988693,-30.90641315058155],[152.847291206973807,-30.90635019659965],[152.84749078995381,-30.906313578619287],[152.847697946930282,-30.906296054639832],[152.847907067904885,-30.906290371660656],[152.848112459879331,-30.906289313681135],[152.848383207843142,-30.906307098708279],[152.848653838803159,-30.906352877735621],[152.848924685761574,-30.906410507763077],[152.849196033720517,-30.906463869790553],[152.849468198682075,-30.906496830817954],[152.849716760648704,-30.906513942842874],[152.849968074615305,-30.906528554868061],[152.850218761583449,-30.906532642893108],[152.850465432554529,-30.906518228917594],[152.850704707530127,-30.906477289941176],[152.850879953515118,-30.906425854958286],[152.851052268502428,-30.906359960974982],[152.851221768491484,-30.906283649991323],[152.851388561481741,-30.906200895007366],[152.851552782472652,-30.906115719023099],[152.851716249463664,-30.906030472038779],[152.851879645455114,-30.905942096054428],[152.852039123447838,-30.90584771406963],[152.852179912443091,-30.905751871082966],[152.852205594446815,-30.905700373085146],[152.852249733447536,-30.905653895089195],[152.852303293446795,-30.905609470094223],[152.852357220446152,-30.905564094099251],[152.852402479447107,-30.90551482810341],[152.852431487449053,-30.905473136105989],[152.852450338450694,-30.905443627107644],[152.852458962451408,-30.905430136108411],[152.852484778454112,-30.905386033110656],[152.852505225456696,-30.905347757112402],[152.852508820457132,-30.905341025112705],[152.852530773460472,-30.905295739114568],[152.852530970460492,-30.905295318114582],[152.852698248488878,-30.904928288128524],[152.8527321775112,-30.904730345130442],[152.852783129546566,-30.904419286133205],[152.852736134660631,-30.903613100122492],[152.852738484749551,-30.902948412117766],[152.852873762821815,-30.902283921126301],[152.853158487871582,-30.90164793514996],[152.853525994899599,-30.901096919182532],[152.853867621884774,-30.90088939421506],[152.853984700892539,-30.900722574225487],[152.854141463897463,-30.900539960239779],[152.854316091896408,-30.900385107256046],[152.854518874886992,-30.900266603275401],[152.854745708870155,-30.9001808182974],[152.854985719849367,-30.900112360320833],[152.855228042828003,-30.900045811344523],[152.85546179680955,-30.899965771367256],[152.855759992788876,-30.899842104396093],[152.856056592769079,-30.899713507424725],[152.856350539750423,-30.899578913453063],[152.856640784733173,-30.899437255480969],[152.856926287717585,-30.89928745850834],[152.857065749710557,-30.899210197521693],[152.857204279703865,-30.899131108534924],[152.85734179669754,-30.899050226548042],[152.857478228691548,-30.898967578561042],[152.857613521685977,-30.898883227573915],[152.857711427700224,-30.89868608258222],[152.857811636714047,-30.898489995590747],[152.857914087727409,-30.898295046599522],[152.858018751740303,-30.89810130860851],[152.858125576752798,-30.897908852617746],[152.858296377771239,-30.897612395632578],[152.858472969788551,-30.897319013648012],[152.858654617804859,-30.89702856266398],[152.858840603820255,-30.896740926680383],[152.859030229834815,-30.896455970697179],[152.859178843842159,-30.896262734710572],[152.859343746846776,-30.896074750725639],[152.859503494852163,-30.895886175740173],[152.859636682861691,-30.895691092752006],[152.859721859878874,-30.895483648758947],[152.859750742898655,-30.895309559760545],[152.859756426922303,-30.895127931759752],[152.859744532948667,-30.894942753757185],[152.859720680976437,-30.894758050753413],[152.859690500004405,-30.894577785749057],[152.859658294027639,-30.894434603744784],[152.859616254051872,-30.894293206739523],[152.859569104076598,-30.89415270473377],[152.859521560101399,-30.894012176727976],[152.859478346125798,-30.893870716722596],[152.859430219151506,-30.893723958716699],[152.859374912178339,-30.893575541710071],[152.859325038204418,-30.893427439703988],[152.859293252227957,-30.89328164969973],[152.859292177247113,-30.893140161698565],[152.859358082263242,-30.892958372703788],[152.859489728270404,-30.892782642715609],[152.85966193627155,-30.892613680731543],[152.859849517269822,-30.892452203749045],[152.86002728226822,-30.892298883765655],[152.860164154268261,-30.892170914778362],[152.860304764268221,-30.892040335791418],[152.86045058226631,-30.891918864805064],[152.860603077260777,-30.891818244819532],[152.860763721249839,-30.891750189835069],[152.860926140233488,-30.891720922851064],[152.861098051212338,-30.891718457868198],[152.861274650188022,-30.891735166885958],[152.861451150162225,-30.891763438903791],[152.861622748136455,-30.891795654921161],[152.861797679108918,-30.891837821938932],[152.861970029079913,-30.891893837956548],[152.862140828049945,-30.891957992974085],[152.862311099019735,-30.892024558991576],[152.862481879989929,-30.892087827009096],[152.862654632959305,-30.892155191026845],[152.862826346927875,-30.892229654044549],[152.862998301896766,-30.892301357062244],[152.863171798867143,-30.892360448080009],[152.863348128840244,-30.892397047097887],[152.863604839806783,-30.892407114123596],[152.863871203777194,-30.892379962149985],[152.864138850751488,-30.892322171176264],[152.864399398729944,-30.892240294201667],[152.864644455712693,-30.892140893225388],[152.864804275703136,-30.892063444240758],[152.864961503695241,-30.891975938255811],[152.865113309689349,-30.891878589270227],[152.865256832685787,-30.891771586283774],[152.865389222684911,-30.891655117296114],[152.865491869686423,-30.891548419305558],[152.865587847689824,-30.891433707314285],[152.865677452694854,-30.89131289932234],[152.865760898701183,-30.891187906329733],[152.865838456708588,-30.891060653336513],[152.865839370708727,-30.891058887336605],[152.86590605471747,-30.8909315273423],[152.86596481472813,-30.89079730134717],[152.866019181739745,-30.890660484351571],[152.866073629751327,-30.890523568355988],[152.866116370759073,-30.890426094359523],[152.866132613762034,-30.890389064360875],[152.866217862775102,-30.890212205368066],[152.866305773787701,-30.890036475375531],[152.866396561799775,-30.889862171383299],[152.866490424811246,-30.889689605391368],[152.866587577821974,-30.889519075399793],[152.866679190832087,-30.889358718407742],[152.86677119884223,-30.889197519415728],[152.866867140851525,-30.889039144424125],[152.866970586858969,-30.888887321433312],[152.867085084863675,-30.888745762443694],[152.8671745188648,-30.888654087451936],[152.867270048864441,-30.888567944460828],[152.86736892186326,-30.888484767470075],[152.867468314861952,-30.888401985479391],[152.867565413861229,-30.888317033488448],[152.867670489860984,-30.888221074498215],[152.867775386860842,-30.888124882507977],[152.867879611860815,-30.888027963517665],[152.867982662861095,-30.887929879527217],[152.868084045861821,-30.88783014653659],[152.868192179863797,-30.887715004546532],[152.868296278866836,-30.887595613556034],[152.868399929869952,-30.887475881565482],[152.868506673872218,-30.887359735575281],[152.868620095872643,-30.887251092585782],[152.868746175870911,-30.887146644597596],[152.868877910867667,-30.887048210610022],[152.869013805863261,-30.886954725622893],[152.869152344858009,-30.886865094636057],[152.869292030852193,-30.886778243649356],[152.869381733847717,-30.886728385657936],[152.869474564842221,-30.886682758666879],[152.869567082836824,-30.886637051675756],[152.869655817832466,-30.886586934684235],[152.869737336830184,-30.88652809469195],[152.869816721830233,-30.886453855699326],[152.869890262832143,-30.886371386706045],[152.869958165835527,-30.886282867712172],[152.870020654840147,-30.886190502717721],[152.870077925845607,-30.886096497722733],[152.870150068856674,-30.885946745728816],[152.870204677871385,-30.885786711733076],[152.870248933888121,-30.885620698736265],[152.870290007905481,-30.885453000739101],[152.870335070922039,-30.885287938742369],[152.870374737932536,-30.885172813745463],[152.870418822942497,-30.885057644749008],[152.87046008395285,-30.884942314752259],[152.870491358964472,-30.884826687754529],[152.870505432978263,-30.884710675755066],[152.870492129996961,-30.884583834752803],[152.87045467001866,-30.884456796748108],[152.870406829041798,-30.884329257742369],[152.870362359064558,-30.884200946736971],[152.87033502808535,-30.884071587733278],[152.870324549102634,-30.883952545731336],[152.870319690119459,-30.883831764729948],[152.870321751135407,-30.883710786729253],[152.87033206015019,-30.883591188729383],[152.870351924163373,-30.883474530730492],[152.870374504174208,-30.883372852731988],[152.870401315184836,-30.88326849373389],[152.87043550319413,-30.883167540736558],[152.870480152200855,-30.883076089740335],[152.87053840920376,-30.883000200745588],[152.870656033197776,-30.882935426756848],[152.870817465180949,-30.882910819772786],[152.871003699157427,-30.882912854791385],[152.871195752131399,-30.882928012810684],[152.871374609107107,-30.882942784828654],[152.87152099008685,-30.88295734184338],[152.87166686006546,-30.882980907858123],[152.871812390043431,-30.883010031872875],[152.871957677021072,-30.88304127988761],[152.872102856998936,-30.883071201902329],[152.87235305796105,-30.883120628927696],[152.872602918922922,-30.883172421953031],[152.872852106884437,-30.883227370978332],[152.873100308845522,-30.883286193003556],[152.873347184806249,-30.883349621028682],[152.873583527767693,-30.883416734052794],[152.873818409728642,-30.88348927107679],[152.874052484689287,-30.883564846100739],[152.874286398649843,-30.883641057124652],[152.874520777610599,-30.883715530148628],[152.874730228575828,-30.883779380170022],[152.874940029541222,-30.883842190191441],[152.875149704506583,-30.883905341212852],[152.875358806471752,-30.883970204234235],[152.875566876436665,-30.884038169255515],[152.875763159402453,-30.884110427275669],[152.875957614367621,-30.884189202295669],[152.876151987332833,-30.884267682315663],[152.876348010298699,-30.884339079335788],[152.876547449266127,-30.884396583356128],[152.876737107236465,-30.88444077537541],[152.876930047207082,-30.884480279394978],[152.877124241178848,-30.884510021414588],[152.877317665152702,-30.884525000434024],[152.877508318129571,-30.884520150453032],[152.877718325108248,-30.884483549473732],[152.8779260290911,-30.88441829149399],[152.878132145076421,-30.884335921513962],[152.878337393062623,-30.88424796553381],[152.878542478048018,-30.884165980553686],[152.878681661038229,-30.88410958856716],[152.878819634029298,-30.884047772580487],[152.878957769020133,-30.883987453593836],[152.879097427009697,-30.883935578607399],[152.879239961996802,-30.883899085621362],[152.879408824977816,-30.883883550638107],[152.879581478955345,-30.883890237655411],[152.879756221931189,-30.883907492673],[152.87993132290714,-30.883923654690609],[152.880105097885007,-30.883927078707977],[152.880354877856348,-30.883908388732795],[152.880604182829643,-30.883875642757459],[152.880853101804092,-30.883834183782017],[152.881101725779132,-30.883789308806513],[152.88135014275386,-30.883746379831017],[152.881538788733792,-30.883720258849667],[152.881729030713075,-30.883697830868513],[152.881918250692934,-30.883672174887209],[152.882103839674556,-30.883636399905498],[152.882283180659243,-30.883583610923012],[152.882429284648339,-30.883529045937195],[152.882576203638195,-30.883467965951422],[152.882718210629918,-30.88339774096508],[152.882849604624511,-30.883315782977593],[152.882964665623064,-30.883219491988381],[152.883043961626527,-30.883120331995556],[152.883108439633702,-30.883006660001154],[152.883166974642506,-30.882886793006108],[152.883228431650679,-30.882769042011368],[152.883301712655935,-30.882661698017884],[152.883415788657857,-30.882541303028383],[152.883543470656605,-30.882432085040321],[152.883679140653413,-30.882329510053104],[152.883817140649711,-30.882229024066149],[152.883951869646722,-30.882126090078838],[152.884097498644309,-30.882008724092511],[152.884243422641816,-30.881891645106215],[152.884390064639121,-30.881775499119996],[152.88453788063606,-30.8816609211339],[152.884687301632511,-30.881548548148004],[152.884838962628749,-30.881435341162305],[152.884991036624996,-30.881322018176654],[152.88514492262064,-30.881211484191201],[152.88530200761511,-30.881106623206104],[152.885463709607848,-30.881010323221552],[152.885625348598637,-30.880928607237085],[152.885791953587642,-30.880855927253197],[152.885961184575677,-30.880787953269593],[152.886130694563548,-30.880720338286032],[152.886298159552268,-30.880648761302226],[152.886502189539669,-30.8805527833219],[152.886704533527819,-30.880453032341361],[152.886906591516123,-30.880352663360814],[152.887109724503887,-30.880254884380371],[152.887315332490573,-30.880162877400235],[152.887554231473786,-30.880066183423367],[152.887795874455719,-30.879975916446856],[152.888039175436973,-30.879889584470515],[152.888283076417935,-30.879804731494257],[152.888526493399041,-30.879718874517941],[152.888628880391337,-30.879681261527889],[152.888731061383737,-30.879642931537809],[152.888833412376073,-30.879605130547759],[152.888936292368044,-30.879569095557777],[152.88904007735951,-30.879536081567892],[152.889141908351007,-30.879504805577835],[152.889244420342436,-30.879473539587842],[152.889347524333346,-30.879445374597939],[152.88945113932337,-30.87942336860813],[152.889555202312096,-30.87941062161844],[152.889724262290116,-30.879417057635369],[152.889895169264207,-30.879451237652717],[152.890067170236051,-30.879501059670265],[152.890239511207369,-30.879554458687895],[152.890411449179851,-30.879599367705413],[152.890551905158446,-30.87962851871967],[152.890692568137069,-30.87965671073394],[152.890833230115732,-30.879684937748205],[152.890973642094281,-30.879714178762448],[152.891113597072604,-30.879745418776679],[152.891315205040513,-30.879797265797212],[152.891515469007743,-30.879855119817652],[152.891715418974826,-30.879914209838077],[152.891916068942351,-30.87996980485855],[152.89211842991071,-30.880017134879129],[152.892280453884837,-30.880059319895633],[152.89245004285678,-30.880110602912971],[152.892616754830271,-30.880152920929937],[152.892770119809086,-30.880168258945385],[152.892899693796892,-30.88013856995812],[152.892980289794167,-30.880084050965763],[152.89305306879487,-30.880011263972488],[152.893119034797991,-30.879926589978453],[152.89317921980259,-30.879836430983797],[152.893234617807678,-30.879747176988662],[152.893239439808269,-30.879738274989087],[152.893270419824518,-30.879588675991066],[152.893294318841811,-30.879437775992329],[152.893311091860085,-30.879285925992857],[152.893320683879381,-30.879133448992683],[152.893323095899603,-30.878980693991778],[152.893318309920716,-30.878827992990164],[152.89330503495745,-30.87856686398689],[152.893284141995053,-30.878306226982843],[152.893255646033566,-30.878046316978057],[152.893124216274998,-30.876371353952408],[152.893094932328779,-30.875998236946689],[152.892853170483789,-30.875068959915584],[152.892424189761954,-30.873396443860205],[152.893230630810422,-30.872286686932512],[152.89542538063472,-30.871556290146401],[152.896359353748949,-30.869838769226934],[152.896310430815618,-30.869388007218674],[152.896261452878463,-30.868965400210627],[152.89734322886261,-30.868079018312141],[152.897237302900066,-30.867898725300186],[152.897210894909449,-30.867853287297212],[152.896667370108588,-30.866875406235582],[152.896618293135674,-30.866719504229508],[152.89690665125201,-30.86558575924985],[152.898370973156773,-30.864935203391362],[152.899407886178295,-30.863812567486633],[152.900582221039485,-30.863755566603604],[152.901331102037801,-30.863072968673379],[152.900991775219637,-30.862034438631692],[152.90137037045173,-30.859955362654002],[152.901431506495101,-30.859575522657263],[152.901921165501221,-30.859075736702479],[152.903569185384896,-30.858411883862303],[152.905577223146054,-30.858326243062439],[152.907528808032396,-30.857361452250384],[152.906812729414696,-30.855180393162456],[152.906682557561709,-30.854206984142163],[152.905957059701819,-30.85383733406686],[152.905953734702365,-30.853836322066527],[152.905957373705945,-30.853806149066649],[152.905965109713605,-30.853741949066961],[152.905973724722173,-30.853670434067279],[152.906027392784807,-30.853154152068793],[152.906088277855901,-30.852568471070494],[152.905869739010768,-30.851618448041538],[152.905759978191355,-30.850375992021274],[152.906550018141161,-30.850016599097582],[152.906857097121701,-30.84987691412725],[152.906893168116738,-30.849880006130867],[152.908110089951037,-30.849984510253357],[152.908615155905522,-30.84985501630289],[152.908650545901907,-30.849848813306387],[152.908659267901527,-30.849843703307226],[152.908890977890621,-30.84970997932939],[152.909145832878608,-30.849562907353778],[152.909245825873882,-30.849505187363356],[152.909378116867657,-30.849428841376021],[152.909909017842665,-30.849122452426823],[152.91004093184273,-30.848999654439087],[152.910253665842816,-30.848801595458895],[152.911593693843486,-30.847554013583569],[152.911646017885147,-30.847195229586131],[152.911688051958038,-30.846613797585981],[152.91169380696374,-30.846565759586202],[152.91170373097367,-30.84648295058658],[152.911715088984977,-30.846388227587003],[152.911721811991669,-30.846332113587259],[152.912192367279545,-30.843753027615048],[152.91247349524474,-30.843751548643137],[152.912804526215041,-30.843665485675601],[152.913019312180865,-30.843720578697507],[152.913366774145402,-30.843662528731826],[152.913834259259318,-30.842381142769007],[152.9140686623644,-30.841381271784968],[152.914550674327046,-30.841212623831922],[152.914783182299288,-30.841203803855116],[152.916948816040559,-30.841121570071135],[152.918078743968096,-30.840613160180371],[152.919311642943427,-30.839653755296542],[152.919468975098084,-30.838357096302591],[152.92048044502522,-30.83796171440083],[152.921808868080262,-30.83632092952147],[152.921901933084115,-30.836205983529929],[152.921425674320062,-30.834891253472435],[152.921913970302512,-30.834569419518882],[152.922467038235027,-30.834558976574147],[152.923172334175064,-30.834351774643157],[152.923505402201698,-30.833844932672704],[152.923516267226745,-30.833648675672322],[152.923574027359734,-30.832605481670292],[152.924189910387071,-30.831831226726131],[152.924239617435774,-30.831422710728063],[152.924267101462732,-30.831196817729118],[152.924273708469173,-30.831142558729379],[152.924287110483675,-30.83102209172981],[152.924008752526987,-30.830957819701474],[152.921592782869652,-30.830646239457391],[152.921936794093625,-30.828660473476965],[152.921945427117151,-30.828477366476459],[152.919815619601906,-30.826842818251134],[152.919300120719242,-30.826447192196607],[152.918836255862175,-30.825813017145443],[152.917548116103461,-30.825210672012076],[152.917508791110777,-30.825192287008012],[152.916796022298939,-30.824452282931166],[152.916789498430262,-30.823480398923238],[152.916756646460868,-30.82328318191848],[152.916700119499865,-30.823045295911029],[152.916655694530476,-30.822858306905207],[152.916542409608638,-30.822381565890296],[152.916934002657285,-30.821656469924061],[152.917316621658841,-30.821290541959588],[152.917615481702995,-30.820684665984949],[152.917733331720427,-30.820445739994952],[152.918383007788947,-30.819333479051629],[152.918450586788538,-30.819273905057937],[152.918514580789349,-30.819208405063858],[152.918574047791424,-30.819138109069272],[152.918628037794605,-30.819064147074133],[152.918675591798973,-30.818987640078323],[152.918721908805395,-30.818897068082265],[152.918761296813386,-30.818800929085484],[152.918777736818271,-30.818749305086751],[152.918793038822827,-30.818701258087916],[152.918816371833486,-30.818600091089497],[152.918830570845273,-30.81849947009017],[152.918821436864903,-30.818361693088217],[152.918782040888686,-30.818221039083216],[152.918732613913846,-30.818079444077217],[152.91869344193762,-30.817938898072246],[152.918684782957143,-30.817801319070348],[152.918705283970127,-30.817685979071545],[152.918740915981061,-30.817571464074248],[152.918787043990534,-30.817458312078028],[152.918839017999005,-30.817347078082385],[152.918892192006979,-30.817238300086899],[152.919037507019112,-30.817013223099753],[152.919222892023669,-30.816807652116758],[152.919421659025659,-30.816608598135147],[152.919607124030193,-30.816403044152171],[152.919752583042339,-30.816178003165032],[152.91982626705942,-30.815982364170949],[152.919875793081133,-30.815774902174354],[152.919917440104285,-30.815563630176936],[152.919967486125898,-30.815356544180386],[152.919997372132656,-30.815278620182806],[152.920042210142782,-30.815161685186421],[152.92011255115267,-30.815022779192415],[152.920188843161839,-30.814883774199],[152.920273212169263,-30.81475031820645],[152.920367800173892,-30.814628049215003],[152.920474741174786,-30.814522624224907],[152.92054909717362,-30.814462520231899],[152.92062824017151,-30.814404667239383],[152.920711175168123,-30.814353070247293],[152.920796861163041,-30.814311791255559],[152.920884323155775,-30.814284872264103],[152.920973075146122,-30.814274384272895],[152.921065780134256,-30.814276894282198],[152.921159982120827,-30.814289498291725],[152.921253199106559,-30.814309281301203],[152.921342991092189,-30.814333331310348],[152.921520845058012,-30.814422658328823],[152.921682384019022,-30.814563652346035],[152.921837325977378,-30.814729907362793],[152.92199534293556,-30.814895024379833],[152.922166168895785,-30.815032621397954],[152.922272471873498,-30.815100057409094],[152.92238069385121,-30.815166032420411],[152.92249115682921,-30.815227713431945],[152.922604165807797,-30.815282268443664],[152.922720051787394,-30.81532684645558],[152.922880040761896,-30.815368466471902],[152.923046877737789,-30.815393251488779],[152.923217443715032,-30.815404680505946],[152.923388682693542,-30.81540622252308],[152.923557501673201,-30.81540135553994],[152.923624139665293,-30.815398361546578],[152.923690866657466,-30.81539442655323],[152.923757478649975,-30.815388913559854],[152.923823695642795,-30.815381132566419],[152.923889275636043,-30.815370438572906],[152.924041680622452,-30.815330423587849],[152.924191477611629,-30.815272381602409],[152.924338477602817,-30.815201754616588],[152.924482519595358,-30.815123982630418],[152.924623451588474,-30.815044498643928],[152.924730346583885,-30.814979671654147],[152.924834337580307,-30.814909761664026],[152.924937029577279,-30.814837529673753],[152.925040025574077,-30.814765701683527],[152.925144930570269,-30.814697072693512],[152.925234166566867,-30.814639685702012],[152.925323268563659,-30.814581114710492],[152.925413329560058,-30.814524569719083],[152.925505452555456,-30.814473242727932],[152.925600739549367,-30.814430331737128],[152.925670335543941,-30.81440636174392],[152.925741545537761,-30.814386515750897],[152.925813741531073,-30.814369223757993],[152.925886259524248,-30.814352963765121],[152.925958491517491,-30.814336191772224],[152.926107248503797,-30.814300541786846],[152.926256552489747,-30.814266649801528],[152.926406375475352,-30.814235149816287],[152.92655671046046,-30.814206715831119],[152.926707520445035,-30.814182046846042],[152.926877853426618,-30.814161483862925],[152.927049190407132,-30.814147786879968],[152.92722095838721,-30.814136904897079],[152.927392600367483,-30.814124794914168],[152.927563534348565,-30.814107394931145],[152.927847781318121,-30.814070714959307],[152.928132504288243,-30.814029363987501],[152.928415648259715,-30.813979587015456],[152.928695154233282,-30.813917664042972],[152.928968967209613,-30.813839829069796],[152.929213845190304,-30.813757047093691],[152.929457593172373,-30.813664682117388],[152.929696626156613,-30.813560736140538],[152.929927367143705,-30.813443227162754],[152.930146214134339,-30.813310201183672],[152.930285953130351,-30.813210611196908],[152.930420942127938,-30.813103384209615],[152.93055196012682,-30.812990482221874],[152.930679795126565,-30.812873870233801],[152.930805228126871,-30.812755482245471],[152.93091643512733,-30.812649160255813],[152.931026666128133,-30.812541117266033],[152.931133893129669,-30.812430268275932],[152.931236127132365,-30.812315574285307],[152.931331361136586,-30.812195949293955],[152.931414457143632,-30.812066617301294],[152.931486384153231,-30.811928724307464],[152.931555344163428,-30.811788742313315],[152.931629494172427,-30.811653171319726],[152.931717036178327,-30.811528482327553],[152.931779946180569,-30.811453274333285],[152.93184549918243,-30.811378846339291],[152.931914486183359,-30.811307958345665],[152.931987695182954,-30.811243400352513],[152.932065888180688,-30.81118794835993],[152.932180905173851,-30.811132192371019],[152.932307288163287,-30.811093943383391],[152.932440413150317,-30.811067086396516],[152.932575688136382,-30.811045492409889],[152.932708526122838,-30.811023028423019],[152.932865198106697,-30.810998565438528],[152.93302331408924,-30.810981793454214],[152.933182031071368,-30.81096810547],[152.933340523053658,-30.810952902485752],[152.93349795803698,-30.810931586501365],[152.933640897022087,-30.810910054515503],[152.933784985006952,-30.810889150529771],[152.933927897992561,-30.81086420354389],[152.934067206979734,-30.810830525557581],[152.934200518969448,-30.810783446570586],[152.934265812965435,-30.810752924576885],[152.934329627962086,-30.810718905583023],[152.934392509959139,-30.810682726589043],[152.934455006956313,-30.81064573259502],[152.934517674953412,-30.810609302601026],[152.93468944294591,-30.810506180617441],[152.934858072939534,-30.81039737563351],[152.935025995933444,-30.810287405649504],[152.93519564892668,-30.810180733665689],[152.93536946891831,-30.810081860682352],[152.935527701909308,-30.810002636697604],[152.935688784899156,-30.809928800713166],[152.93585142788848,-30.809857912728923],[152.936014348877677,-30.809787527744707],[152.93617627486725,-30.809715196760376],[152.936474283848469,-30.809579212789195],[152.936772596829542,-30.809443641818049],[152.937070013811024,-30.809306249846795],[152.937365332793348,-30.8091648248753],[152.937657362776832,-30.809017134903435],[152.937885406765105,-30.808893565925342],[152.938110887754334,-30.80876506694695],[152.938335301743905,-30.80863452396845],[152.938560172733389,-30.808504814989988],[152.938787024722103,-30.808378826011758],[152.938950035713162,-30.808294511027466],[152.93911492870356,-30.808213395043357],[152.939279606693987,-30.80813202905923],[152.939441962685265,-30.808046961074858],[152.939599899677972,-30.807954766089971],[152.939712809673381,-30.807884677100752],[152.939825711668902,-30.807813341111526],[152.939936246665184,-30.807738850122036],[152.940042093662726,-30.807659277132025],[152.940140895662068,-30.807572739141285],[152.940240772662605,-30.807476223150559],[152.940340452664032,-30.807373415159773],[152.940431535667329,-30.807264691168076],[152.940505605673422,-30.807150472174641],[152.940554235683436,-30.807031108178617],[152.940566130689291,-30.806976400179394],[152.940573553695913,-30.806920429179719],[152.940578089702967,-30.806863696179757],[152.940581325710241,-30.806806739179649],[152.940584839717388,-30.806750069179586],[152.9405875117439,-30.806550548178354],[152.940573259772634,-30.806349845175419],[152.940552732802217,-30.806148639171866],[152.940536652831241,-30.805947622168741],[152.940535702858256,-30.805747465167151],[152.940546442881669,-30.805562978166851],[152.94056194190469,-30.805377486167014],[152.940585176926618,-30.805193007167968],[152.94061910694677,-30.805011603169998],[152.940666696964541,-30.804835291173447],[152.940727696979991,-30.804663998178267],[152.940800556993651,-30.804494623184297],[152.940884667005378,-30.804329794191485],[152.940979399014765,-30.804172126199791],[152.941084170021639,-30.804024256209189],[152.941171614025052,-30.803917710217132],[152.941265799027093,-30.8038154672258],[152.941365622027774,-30.803718010235063],[152.941469945027194,-30.803625825244815],[152.941577693025408,-30.803539367254963],[152.941679551022702,-30.803465199264611],[152.941785326018959,-30.803395352274674],[152.941894319014182,-30.803330121285107],[152.94200584900841,-30.803269784295821],[152.942119199001723,-30.80321461130676],[152.942207681995541,-30.803178548315344],[152.942298594988415,-30.803147757324229],[152.942390278980923,-30.803118624333184],[152.942481038973824,-30.803087573342044],[152.94256920896774,-30.803050964350597],[152.942742320958729,-30.802957971367238],[152.94290854995279,-30.80284832438306],[152.943068691949236,-30.802726700398185],[152.943223544947273,-30.802597852412731],[152.943373915946268,-30.802466449426795],[152.943491917947597,-30.802347434437731],[152.94360159195142,-30.802217465447729],[152.943710137955435,-30.802086994457635],[152.943824768957398,-30.801966456468215],[152.943952666954942,-30.801866310480275],[152.944112709946495,-30.801781107495653],[152.944286790933802,-30.801714514512589],[152.944469583917936,-30.801663536530516],[152.944655756899948,-30.801625170548878],[152.944839957880873,-30.801596413567104],[152.945063348855143,-30.801581515589373],[152.945290109825663,-30.801590891612154],[152.945518789794079,-30.801614359635227],[152.945747925761907,-30.801641744658376],[152.945976049730689,-30.801662881681377],[152.946200407698541,-30.801694605704096],[152.946440381661972,-30.801744812728504],[152.946672494627535,-30.801786450752051],[152.946873286601743,-30.801792456772215],[152.947019255591215,-30.801735750786417],[152.947100783596085,-30.801623915793733],[152.947151367609706,-30.801475776797687],[152.947183046628538,-30.801306590799602],[152.947207877648964,-30.801131631800775],[152.947237853667474,-30.800966201802538],[152.94726848368208,-30.800829366804575],[152.947296558697047,-30.800691903806371],[152.947322617712302,-30.800553993807938],[152.947347205727851,-30.800415786809367],[152.947370871743516,-30.800277490810704],[152.947417691790349,-30.799885360812468],[152.94744063984092,-30.799488256811792],[152.947460254891837,-30.79909105381078],[152.947497088940025,-30.798698646811527],[152.94757169698218,-30.798315902816135],[152.94760718599801,-30.79816538881856],[152.947640989014587,-30.798010786820793],[152.947680960029913,-30.797859644823671],[152.947734915042048,-30.797719475828014],[152.947810678048995,-30.7975977898347],[152.947892412049953,-30.797515096842261],[152.947988345047662,-30.797443555851341],[152.948092883043302,-30.797379202861329],[152.948200459038105,-30.797318050871652],[152.948305481033429,-30.797256118881705],[152.948390702029997,-30.797202648889836],[152.948476415026477,-30.797149536898029],[152.948563106022618,-30.79709820890632],[152.948651267018136,-30.797050081914794],[152.948741399012761,-30.797006570923489],[152.948956301996702,-30.796927472944429],[152.949183295975985,-30.796871644966746],[152.949417515951922,-30.796833906989917],[152.949654074925832,-30.796809112013424],[152.949888105899049,-30.79679209003675],[152.950087024875501,-30.796783368056605],[152.950287181850712,-30.796782749076652],[152.950487498824771,-30.796790369096776],[152.950686947797834,-30.796806352116878],[152.950884440770011,-30.796830841136835],[152.951071724742235,-30.796863919155843],[152.951257843713449,-30.796906372174803],[152.951442841683814,-30.796955701193706],[152.951626755653734,-30.797009404212531],[152.951809610623542,-30.797064972231272],[152.951959057598657,-30.797111845246597],[152.952107886573543,-30.79716105726186],[152.952255925548201,-30.797212671277077],[152.952403042522633,-30.797266751292234],[152.952549064496878,-30.797323332307279],[152.952705306468602,-30.797389396323421],[152.952859620439853,-30.797460284339419],[152.953013164411004,-30.797533116355329],[152.953167101382206,-30.797605025371297],[152.953322590353679,-30.797673151387375],[152.953460778328292,-30.797734573401698],[152.953599047302419,-30.797799006416028],[152.95373818527699,-30.797859728430424],[152.953879018252678,-30.797910061444906],[152.954022333230398,-30.797943254459515],[152.954199560205865,-30.797961926477406],[152.954384558182625,-30.797963854495961],[152.954569825161826,-30.797947217514388],[152.954747885144656,-30.797910186531954],[152.954911227132328,-30.79785092654787],[152.954980250128642,-30.797814559554514],[152.95504662812607,-30.797772491560853],[152.955111491124057,-30.797727160567014],[152.955175987122288,-30.797681013573129],[152.955241227120155,-30.797636489579325],[152.955394691114378,-30.797537330593965],[152.955548432108571,-30.797438574608609],[152.95570199410281,-30.797339566623275],[152.9558549290972,-30.79723962763784],[152.956006779091979,-30.797138083652303],[152.956135520087287,-30.797054010664571],[152.956266009082185,-30.796971443677016],[152.956394803077501,-30.796886913689285],[152.956518426074268,-30.796796914701002],[152.95663343407324,-30.796697988711781],[152.956783769075884,-30.796539451725661],[152.956922003082269,-30.796364313738202],[152.95704661309199,-30.796176867749288],[152.95715610810467,-30.795981416758796],[152.957248958119891,-30.795782245766613],[152.957307987138819,-30.795586768771059],[152.957340671162598,-30.795379557772765],[152.957366138187666,-30.795169629773763],[152.957403501210422,-30.79496597677597],[152.957471888227246,-30.794777616781417],[152.957570905238867,-30.79459967379001],[152.957689024247969,-30.794422876800521],[152.95782399525325,-30.794258925812812],[152.957973514253354,-30.794119490826755],[152.958135332247139,-30.794016270842196],[152.958274910236469,-30.793966556855807],[152.958425720221385,-30.793939727870722],[152.958582984203616,-30.793926308886377],[152.958741942185128,-30.793916842902231],[152.958897835167761,-30.79390186391775],[152.959331960122284,-30.79383887396077],[152.9597676540767,-30.793775329003971],[152.960203867029719,-30.79372164304726],[152.960639550980062,-30.793688217090676],[152.961073648926458,-30.793685527134144],[152.96124025290473,-30.793693155150901],[152.961406945882572,-30.793703921167683],[152.961573397859951,-30.793718299184473],[152.961739302836861,-30.793736756201241],[152.961904337813223,-30.793759757217956],[152.962070609788697,-30.79378868423483],[152.962236137763512,-30.793822971251668],[152.96240102973789,-30.793861095268483],[152.962565123712011,-30.793901827285236],[152.962728796686093,-30.793943429301965],[152.963123989622005,-30.794054645342388],[152.963515220556303,-30.794181548382543],[152.96390428248975,-30.794317101422553],[152.964292986423004,-30.794454231462542],[152.964683123356821,-30.794585912502612],[152.964911175318321,-30.794661397526042],[152.965138832279678,-30.794738362549438],[152.965366821241162,-30.794814206572855],[152.96559602920297,-30.794886088596368],[152.965827191165459,-30.794951382620017],[152.965964779143548,-30.79498716663408],[152.966102411121824,-30.79502167764814],[152.96624046510027,-30.79505439566222],[152.966378985078961,-30.795084801676332],[152.966517970057964,-30.795112356690463],[152.966781833019212,-30.795157015717255],[152.967047954981297,-30.795192960744195],[152.967315510944388,-30.795219942771215],[152.967583962908634,-30.795237681798255],[152.967851886874229,-30.795245910825177],[152.968075025845707,-30.795251907847586],[152.968301320816778,-30.795257957870305],[152.968526119789288,-30.795254515892811],[152.968744803765134,-30.795232024914576],[152.968952704746158,-30.795180948935034],[152.969110596734396,-30.795122646950418],[152.96926959072411,-30.79505240496583],[152.969421440716417,-30.794969039980433],[152.969557871712624,-30.794871376993378],[152.969670602713819,-30.794758243003827],[152.969745497719003,-30.794650388010531],[152.969808415727385,-30.794530011015933],[152.969859609738307,-30.794401575020103],[152.969899373751105,-30.794269598023103],[152.96992808576519,-30.794138536024995],[152.969889569813688,-30.793813260018698],[152.969702600884574,-30.793459200997308],[152.969428708968252,-30.793090073967097],[152.969128409055401,-30.792719502934215],[152.96886472713652,-30.792360208905109],[152.968768445166745,-30.792224476894418],[152.968664903197435,-30.792091621883046],[152.968563817227988,-30.791958094871912],[152.968474886257553,-30.791820335861978],[152.968407801285451,-30.791674796854164],[152.968372412306252,-30.791552976849697],[152.968348102326303,-30.791426628846317],[152.968332281345567,-30.791297610843763],[152.968322385364303,-30.791167740841797],[152.968315842382424,-30.791038892840177],[152.968312598410421,-30.790833751838317],[152.968321697437261,-30.790625966837666],[152.968344063462325,-30.790418647838372],[152.96838068248519,-30.790214851840506],[152.968432449505258,-30.790017608844227],[152.968511270522612,-30.789815990850609],[152.968613451536044,-30.789621651859409],[152.96872901554724,-30.78943148986956],[152.968848003557923,-30.78924240388007],[152.968960439569656,-30.789051309889917],[152.969040228580042,-30.788900123896774],[152.969117811590962,-30.788747439903414],[152.969196596601591,-30.78859554591018],[152.96927990861127,-30.788446805917417],[152.969371143619213,-30.78830354392548],[152.9694502336244,-30.788191897932574],[152.969532827628854,-30.788082187940041],[152.969619141632506,-30.787975291947888],[152.969709373635197,-30.787872116956159],[152.969803701636721,-30.787773539964871],[152.969991443636815,-30.787599503982392],[152.970195409633448,-30.787436082001623],[152.970412248626388,-30.78728849902225],[152.970638507615263,-30.787162089043978],[152.970870799599822,-30.787062122066519],[152.971137253575449,-30.786997411092749],[152.971418417543504,-30.786975190120778],[152.971707405507829,-30.786973594149735],[152.971997327472195,-30.786970815178769],[152.972281296440343,-30.786944999207048],[152.972438362424413,-30.786918510222598],[152.972595106408875,-30.786889341238101],[152.972751366393737,-30.786857501253525],[152.972906989379055,-30.78682294526887],[152.973061850364843,-30.786785664284114],[152.973199725352316,-30.786751466297684],[152.97333772533986,-30.786716390311245],[152.973474865327944,-30.786678544324715],[152.973610149316869,-30.786635974337962],[152.973742610306999,-30.786586753350868],[152.973882304296893,-30.786533282364477],[152.97402695528632,-30.786477930378567],[152.974165709277543,-30.786415101392009],[152.974287762272581,-30.786339230403676],[152.974382305273565,-30.786244732412445],[152.974439854278785,-30.786152914417539],[152.97448826028679,-30.786048475421605],[152.97452388329728,-30.785937778424348],[152.974543291309772,-30.785826984425459],[152.974542906323876,-30.785722302424638],[152.974511613343253,-30.785607160420639],[152.974449870366499,-30.785491346413586],[152.974366837391784,-30.785379977404425],[152.974271658417337,-30.785278236394127],[152.974173521441202,-30.785191241383622],[152.974053288466251,-30.785116114371004],[152.973916328490589,-30.785061685356883],[152.973769723514494,-30.785019384341865],[152.973620482538252,-30.784980641326591],[152.973475660562087,-30.784936933311762],[152.973316156588737,-30.784886090295394],[152.973154456615049,-30.784839961278831],[152.972993400641371,-30.784792757262327],[152.972835850668247,-30.784738713246131],[152.972684629695976,-30.784672030230467],[152.972563544719605,-30.784608242217853],[152.97244365174376,-30.784539202205305],[152.97232762276829,-30.784463976193127],[152.972218137792993,-30.78438160618153],[152.972117857817636,-30.784291151170791],[152.971989611854127,-30.784138037156801],[152.971880888891235,-30.783962729144577],[152.971787735928274,-30.783773078133812],[152.971706226964756,-30.783576964124187],[152.971632437000153,-30.783382258115328],[152.971569376032477,-30.783200208107644],[152.971514536064319,-30.783013812100744],[152.971469170095446,-30.782824537094776],[152.971434507125366,-30.78263382008987],[152.971411793153834,-30.782443138086165],[152.971399387175552,-30.7822932870838],[152.9713905501971,-30.782140989081778],[152.971389869217631,-30.781989113080577],[152.971401890236137,-30.781840490080665],[152.971431248251633,-30.781697891082537],[152.971482656262282,-30.781571320086751],[152.971554422269548,-30.781450951093049],[152.971634982275447,-30.781332986100228],[152.97171278028182,-30.781213558107133],[152.971776201290709,-30.781088834112559],[152.971826767300939,-30.780966009116721],[152.971875988311893,-30.780839438120697],[152.971917196324,-30.780711163123868],[152.971943694337881,-30.780583230125565],[152.971948804354184,-30.780457698125137],[152.971923204374633,-30.780329065121613],[152.971870756398204,-30.780202198115408],[152.971803339423531,-30.780076173107695],[152.971732847449232,-30.779950086099696],[152.971671166473982,-30.779823022092554],[152.97159731350402,-30.779667882083981],[152.971514568535326,-30.779511569074518],[152.971348107570662,-30.779402459057021],[152.971292101599175,-30.77924222805019],[152.971274228622718,-30.779083476047226],[152.971306625641517,-30.778914030049201],[152.971380757655197,-30.778743661055358],[152.97148250866519,-30.778575523064287],[152.971597722672726,-30.778412773074628],[152.97171222967927,-30.778258584084956],[152.971836514683218,-30.778114479096338],[152.971977267683485,-30.777982530109451],[152.972123649682487,-30.777854721123177],[152.97226480568267,-30.777723005136338],[152.972389898686458,-30.777579321147801],[152.972523937696025,-30.777384444159779],[152.972645516708781,-30.777177260170426],[152.972753013724514,-30.776961031179582],[152.972844778742967,-30.776739020187115],[152.972919224763899,-30.776514517192904],[152.973804304813967,-30.775325052272734],[152.974364228725904,-30.775463088329893],[152.974643975691293,-30.775462299357937],[152.975515605607796,-30.775278269443959],[152.976172790573401,-30.774927284507225],[152.976567760522613,-30.774940112546929],[152.977093175510191,-30.77454760759667],[152.97867174836739,-30.774152071751995],[152.979888875243034,-30.77395305387255],[152.980119007225852,-30.773868604895011],[152.980381741217741,-30.773686303919991],[152.980610546208283,-30.77354551594188],[152.981256087161796,-30.773295323004742],[152.982798460965739,-30.773329279159693],[152.983693021995322,-30.772283864241579],[152.984384584018187,-30.771475663304887],[152.984798494958142,-30.771539926346886],[152.985102838915964,-30.771572689377667],[152.986678360724909,-30.771539200535432],[152.988116108643709,-30.770815995674258],[152.988470955638547,-30.770527364707682],[152.989231055639266,-30.769820582778646],[152.989411920596012,-30.769975264797949],[152.98947941060004,-30.769883061804027],[152.989555200604542,-30.769779527810847],[152.989838937591344,-30.769616042838091],[152.990887259542518,-30.769012022938739],[152.99091227755639,-30.768885639940294],[152.991138827682221,-30.767741567954467],[152.991280881761099,-30.767024162963349],[152.991246417879267,-30.766177712953542],[152.992023292781141,-30.766190631031584],[152.992564593741747,-30.765984003084348],[152.993979591640112,-30.765434494222198],[152.994645351652878,-30.764725480283694],[152.99467029865383,-30.764695460285964],[152.994806576766564,-30.763732084292435],[152.995507361792676,-30.762891595356443],[152.997683441662957,-30.761849068567013],[153.000017590490302,-30.76098022779475],[153.000272742473129,-30.760872749819551],[153.23257230567458,-30.729444372556774],[153.232594,-30.7296365]]]]}}
]
}
