{
"type": "FeatureCollection",
"name": "MIM",
"crs": { "type": "name", "properties": { "name": "urn:ogc:def:crs:EPSG::7844" } },
"features": [
{"type":"Feature","properties":{"Region":"Merimbula","IATA":"MIM","Channels":"#nsw","Status":"Tentative","Scopes":"au, au-nsw, ?au-nsw-mim?"},"geometry":{"type":"MultiPolygon","coordinates":[[[[150.083269794692399,-36.363699762169148],[150.3325208,-36.4409144],[150.331751,-36.448821],[150.330072300000012,-36.4596084],[150.328551299999987,-36.4667522],[150.3267109,-36.4738469],[150.324553400000013,-36.480883],[150.3224926,-36.4867662],[150.3203191,-36.4923992],[150.3179409,-36.497978],[150.315672799999987,-36.5077719],[150.312803699999989,-36.5174626],[150.313419399999987,-36.5203419],[150.3148488,-36.5276764],[150.3159406,-36.5350485],[150.3166932,-36.5424483],[150.3171055,-36.5498654],[150.3171768,-36.5572898],[150.3169069,-36.5647112],[150.316296200000011,-36.5721194],[150.3153452,-36.5795042],[150.3140554,-36.5868556],[150.3124282,-36.5941633],[150.3104659,-36.6014172],[150.30817110000001,-36.6086075],[150.3055468,-36.6157243],[150.302596599999987,-36.6227576],[150.2975692,-36.6331301],[150.2962043,-36.6370147],[150.292199,-36.6474946],[150.287486699999988,-36.6577818],[150.2824507,-36.6672087],[150.2787625,-36.6733723],[150.2748144,-36.6794307],[150.2706111,-36.6853767],[150.265831600000013,-36.6917774],[150.2607582,-36.6980298],[150.2526126,-36.7071115],[150.2509248,-36.7098613],[150.246230700000012,-36.7200986],[150.2425766,-36.7270713],[150.240369500000014,-36.7347849],[150.239734,-36.742165],[150.239146799999986,-36.747122],[150.2376424,-36.7576324],[150.236256700000013,-36.7645974],[150.23456680000001,-36.7715189],[150.2314711,-36.7818016],[150.226498600000014,-36.7991608],[150.226388,-36.7995456],[150.2236301,-36.8102156],[150.2201536,-36.8207491],[150.2159685,-36.8311147],[150.2110873,-36.8412819],[150.20645110000001,-36.851822],[150.2029557,-36.8587258],[150.1991424,-36.8655203],[150.1980198,-36.8767881],[150.196832300000011,-36.8842639],[150.1943961,-36.8953971],[150.1911859,-36.9064031],[150.1933962,-36.9174394],[150.1946027,-36.9241944],[150.1955221,-36.9309785],[150.196389399999987,-36.9416684],[150.1965715,-36.9488092],[150.1962495,-36.9595186],[150.1956385,-36.966644],[150.194856,-36.9728046],[150.19383590000001,-36.9789428],[150.1960416,-36.9892148],[150.19714110000001,-36.996108],[150.197941899999989,-37.0030275],[150.198581100000013,-37.0134382],[150.2009397,-37.0157566],[150.2092499,-37.0245225],[150.2169486,-37.033641],[150.2240122,-37.0430845],[150.230419399999988,-37.0528245],[150.235331699999989,-37.0612526],[150.2383336,-37.0669688],[150.2416821,-37.073996],[150.2446995,-37.0811188],[150.247381499999989,-37.0883274],[150.2497241,-37.0956115],[150.2513505,-37.1014566],[150.252757800000012,-37.107338],[150.2575698,-37.117169],[150.260416,-37.1238299],[150.2631528,-37.131081],[150.2655456,-37.1384098],[150.267591,-37.1458057],[150.2692858,-37.1532582],[150.270354200000014,-37.1590408],[150.2712115,-37.164846],[150.274721,-37.1700642],[150.2780364,-37.1753632],[150.28199570000001,-37.1822572],[150.2856265,-37.1892661],[150.290445299999988,-37.1999729],[150.2932327,-37.207225],[150.295675100000011,-37.2145562],[150.2986842,-37.2256785],[150.3001726,-37.2327165],[150.301346599999988,-37.2397924],[150.302514800000012,-37.2504577],[150.302896800000013,-37.2575891],[150.3029606,-37.2647268],[150.3024595,-37.2754253],[150.3016801,-37.2829631],[150.300544800000011,-37.290472],[150.298178,-37.3016576],[150.2961608,-37.3090473],[150.293795100000011,-37.3163709],[150.289600900000011,-37.3272093],[150.2863798,-37.3343219],[150.282824,-37.3413322],[150.2768738,-37.3516339],[150.272504199999986,-37.3583448],[150.267819300000014,-37.364919],[150.2602158,-37.3745035],[150.253241800000012,-37.3823635],[150.2483321,-37.3874507],[150.2400863,-37.3952985],[150.231346699999989,-37.4027992],[150.2223659,-37.4102406],[150.2236086,-37.4162922],[150.225035600000012,-37.4254194],[150.226788,-37.4359663],[150.2278359,-37.4465725],[150.2281863,-37.4575425],[150.2277822,-37.4685113],[150.2278948,-37.4742009],[150.227848099999989,-37.4788962],[150.22804880000001,-37.4812545],[150.228339799999986,-37.4835423],[150.229286699999989,-37.494294],[150.229514099999989,-37.5014777],[150.2294178,-37.5086632],[150.2289978,-37.5158414],[150.2283175,-37.522625],[150.227348,-37.5293863],[150.2256002,-37.5385285],[150.224141,-37.5445833],[150.221993,-37.5521452],[150.2209828,-37.5553064],[150.2174919,-37.5649112],[150.213402,-37.5743651],[150.209057300000012,-37.5830459],[150.2058795,-37.5887393],[150.204385699999989,-37.5912734],[150.2038605,-37.5921577],[150.20177480000001,-37.5955724],[149.976669558708267,-37.505325174139969],[149.975836557891398,-37.505004533064103],[149.881559955634174,-37.468486285495068],[149.794610458744899,-37.434710444622731],[149.79286188712905,-37.434029988464722],[149.792180238278718,-37.433765300403124],[149.726272931751538,-37.408098626456201],[149.725700339877505,-37.4078734754046],[149.725127855003052,-37.407650960353024],[149.67793175536076,-37.389232505105028],[149.677494923456635,-37.389061617065757],[149.594175906727344,-37.356482282587834],[149.590085168623943,-37.354880317221379],[149.49455172955021,-37.317412760682117],[149.490993491329021,-37.316015940364771],[149.472410601396774,-37.308712591708122],[149.471138942675111,-37.308213008594805],[149.437488800038352,-37.294978467598554],[149.430288756613692,-37.292143458958016],[149.411237909780766,-37.28464251526421],[149.397066771879821,-37.27906000800516],[149.388600237731225,-37.275722870253333],[149.356316884788754,-37.262990998389093],[149.356182083818197,-37.262937930377156],[149.356328252859896,-37.262449286386591],[149.356387599876825,-37.262250897390423],[149.356585990933382,-37.26158769640324],[149.3565859919334,-37.26158769640324],[149.360265881983025,-37.249286947640897],[149.360265882983043,-37.249286947640897],[149.360296744991842,-37.249183772642887],[149.36029674599186,-37.249183772642887],[149.360332126001964,-37.249065501645184],[149.377906978015204,-37.190318909780622],[149.378438332166809,-37.188542752814961],[149.378970726318698,-37.18676312584936],[149.390321266556924,-37.148821619583025],[149.390421348585477,-37.148487066589503],[149.390421349585495,-37.148487066589503],[149.394311292695335,-37.135484305841004],[149.394389933717747,-37.135221454846089],[149.396604891349682,-37.127817599989307],[149.399457219163537,-37.11828324917375],[149.400398018431957,-37.11513849923459],[149.400079957955995,-37.096761924088263],[149.399180289089117,-37.044777804674062],[149.398840804777677,-37.025164550517665],[149.39768975636872,-37.022165542398909],[149.397911711538342,-37.020630514408133],[149.398271103500321,-37.02047523143812],[149.398279700499415,-37.020471520438832],[149.399596650359769,-37.019904495548779],[149.399823645336511,-37.019800495567708],[149.400165396306477,-37.019607321595934],[149.401488038190138,-37.018859654705217],[149.40171662817005,-37.018730447724103],[149.40321150403858,-37.017885431847617],[149.406878357669797,-37.01615837015288],[149.408949257531333,-37.014663331321948],[149.409966200516976,-37.013529316402376],[149.411114144449044,-37.012635294495688],[149.412479867310736,-37.011999408609455],[149.41348106120941,-37.011533254692864],[149.416921905947675,-37.009286201975399],[149.418135785147285,-37.006319169060987],[149.418040551321752,-37.005135923045081],[149.417892711592515,-37.003299150020396],[149.417814664798243,-37.001862144004335],[149.417412981974479,-37.001038739964322],[149.417412980974518,-37.001038739964315],[149.417322024014425,-37.000852288955258],[149.41719365207075,-37.000589142942459],[149.417057651130449,-37.000310138928896],[149.413414712775989,-36.999943178611993],[149.411747128061677,-36.999847818467394],[149.411461330110654,-36.999831477442612],[149.409515790444033,-36.999720233273941],[149.409280800484623,-36.999704223253559],[149.407776834691902,-36.99999424312562],[149.405765908893443,-37.000945265958222],[149.405351513943486,-37.001077968923326],[149.40533684894433,-37.001089316922126],[149.404999022978785,-37.001244778893977],[149.404714892017836,-37.001300211869811],[149.40464844202836,-37.001303107864103],[149.402087019337614,-37.002123318648373],[149.398403119864071,-37.002694366334211],[149.396138156262225,-37.002490390137503],[149.394761163587816,-37.001743394013857],[149.394449360755146,-37.000876092981336],[149.394371616796889,-37.00065983697322],[149.394371615796899,-37.00065983697322],[149.394344132811625,-37.000583391970366],[149.394706061984493,-36.99885237599036],[149.394773050029727,-36.998433363993406],[149.395491944031448,-36.997542748049653],[149.395606154040365,-36.997336765058172],[149.39575604105039,-36.997079275069424],[149.395816455051801,-36.99699504207409],[149.395920199054189,-36.99685039808211],[149.395920198054228,-36.996850397082113],[149.396091491054534,-36.996638677095504],[149.396091492054552,-36.996638677095504],[149.396248523056471,-36.996432685107713],[149.39638412106342,-36.996215246118012],[149.396491187078141,-36.995974931125687],[149.396598244091308,-36.995746063133446],[149.396712436103314,-36.995517185141814],[149.396826638113794,-36.995299755150249],[149.396919415127741,-36.995082325156844],[149.397040752142402,-36.994824844165642],[149.397140665155206,-36.994607414172847],[149.397226316170361,-36.994389984178824],[149.397297678190114,-36.994155396183459],[149.39734763521264,-36.993926528186293],[149.397404735236279,-36.993680503189616],[149.397468963257239,-36.993445915193639],[149.397526054281656,-36.993194162196929],[149.397590300306433,-36.992930962200766],[149.397618832337059,-36.992667779201504],[149.397597417371202,-36.99243892019819],[149.397547461410085,-36.992210070192392],[149.397454675459045,-36.991958343182752],[149.397461810491592,-36.991706599181747],[149.397426125528114,-36.991477748177175],[149.397376168570815,-36.991220294171193],[149.397340483607309,-36.990991443166628],[149.397283382650443,-36.990739708160071],[149.397219155697002,-36.990470806152793],[149.397147784740895,-36.990230518145061],[149.397076413782429,-36.990007396137457],[149.396969364829147,-36.989790001126813],[149.396869451873869,-36.989578316116834],[149.396790944915836,-36.989360922108652],[149.396691031961353,-36.989143518098615],[149.396569713011871,-36.988914676086665],[149.396405573067881,-36.988697300071095],[149.396248568124236,-36.988468458056069],[149.396091563175986,-36.988273948041254],[149.395920288229348,-36.988085167025254],[149.395834656255602,-36.987993637017269],[149.395749022281933,-36.987902104009308],[149.395749021281915,-36.987902104009308],[149.395592017334423,-36.98770187599446],[149.39544215739042,-36.987467323979999],[149.395442156390402,-36.987467323979999],[149.395199528488376,-36.987032525956245],[149.395199527488359,-36.987032525956245],[149.394971178587099,-36.986574842933592],[149.394849869636829,-36.986351728921676],[149.39484986863684,-36.986351728921676],[149.394721423689305,-36.986117167909072],[149.394600113740609,-36.985882598897078],[149.394493074787221,-36.985665203886434],[149.394393170833467,-36.985442081876378],[149.394279005882083,-36.985218958865069],[149.394171966931793,-36.984978670854275],[149.394171965931776,-36.984978670854282],[149.394079206977636,-36.984749828844798],[149.394007862022278,-36.984503812837062],[149.39400787105447,-36.984263514835497],[149.394043566080057,-36.984028936837049],[149.394129216096729,-36.983800076842954],[149.394129217096747,-36.983800076842954],[149.394243391105675,-36.983594084851468],[149.394364718113422,-36.983388092860594],[149.394493172120832,-36.983176381870308],[149.394643040127733,-36.982941784881703],[149.394814315129622,-36.982718626895036],[149.395021266117993,-36.98255268591182],[149.395249623101364,-36.982398173930505],[149.395499387077393,-36.982272265951217],[149.395756285053011,-36.982140638972545],[149.395998913028649,-36.982026177992722],[149.396284343994239,-36.981934593016767],[149.396555512958344,-36.981871621039737],[149.396840943913162,-36.981860129064287],[149.396840943913162,-36.981860130064298],[149.397119257859231,-36.981923030088716],[149.39739755280371,-36.981997368113198],[149.397397553803728,-36.981997368113205],[149.397682992744762,-36.982088864138426],[149.39768299374478,-36.982088864138419],[149.39796843268735,-36.982168921163563],[149.397968433687367,-36.982168921163563],[149.398104019658689,-36.982217529175585],[149.398239602629985,-36.982266136187597],[149.398539322575573,-36.982306142213709],[149.398797395527907,-36.982346848236247],[149.399073970488075,-36.98230647425985],[149.399307660467002,-36.982178406279168],[149.39923770453214,-36.981777805270532],[149.399103047573107,-36.981636640258003],[149.398810463654712,-36.981384949231135],[149.398810462654694,-36.981384949231135],[149.398525022715205,-36.981282007205841],[149.39828953877057,-36.981156179184687],[149.398039784831354,-36.981007458162189],[149.397797165892541,-36.980847298140205],[149.397797164892523,-36.980847298140205],[149.39752600495757,-36.980692858115816],[149.397254845015709,-36.98058991509177],[149.39675533612504,-36.980384030047325],[149.396427093195598,-36.980258194018191],[149.396141662260646,-36.980120918992675],[149.395891925319148,-36.97998936397029],[149.395613621379994,-36.979874973945542],[149.395335334437021,-36.979789197920965],[149.395142671492323,-36.97961185490319],[149.394900061551112,-36.97946885188135],[149.394621775617367,-36.979314411856336],[149.394496907647749,-36.979240046845078],[149.394372039678132,-36.979165680833823],[149.394372038678142,-36.979165680833823],[149.394115158740846,-36.979011240810664],[149.3939082257954,-36.978856781791812],[149.393679894850408,-36.978725217771263],[149.393437293908477,-36.978587934749442],[149.393437293908477,-36.978587933749445],[149.393180422967362,-36.978462097726478],[149.392909272030863,-36.978319086702164],[149.39268808608773,-36.978164636682081],[149.39240980915622,-36.977993021656971],[149.392152937212046,-36.977890070634139],[149.391874651270598,-36.977792828609502],[149.391617780325618,-36.977695596586727],[149.391310952388835,-36.977598364559626],[149.391032693447386,-36.977501122534996],[149.390882849476071,-36.97746967252187],[149.390733010504817,-36.977438222508745],[149.390733009504828,-36.977438222508745],[149.390383361569661,-36.977381041478218],[149.390105084619819,-36.977346736453988],[149.38981966367183,-36.977306712429126],[149.389819662671812,-36.977306712429112],[149.389527096721991,-36.977289573403766],[149.389527096721991,-36.97728957240377],[149.389276795767614,-36.977254471381961],[149.389241693774039,-36.977249548378914],[149.388949145829514,-36.977192358353307],[149.388656597887348,-36.977118002327579],[149.388356914950151,-36.977015042301076],[149.3880786460102,-36.976906354276373],[149.3880786460102,-36.97690635327637],[149.38782891906564,-36.976797665254132],[149.387564921121083,-36.976706152230776],[149.387265238179282,-36.976637506204497],[149.386965564240541,-36.976545975178048],[149.386680160296407,-36.976477346152997],[149.386394747350749,-36.97642014712801],[149.386109335402807,-36.976380114103151],[149.385766839464196,-36.97634008107336],[149.385417199526756,-36.97630004804293],[149.385131796573404,-36.976300057018342],[149.384824968625907,-36.97628290899177],[149.384532430679087,-36.976242875966292],[149.384532429679126,-36.976242875966292],[149.384211331734718,-36.976219999938451],[149.384211331734718,-36.976219998938447],[149.383875980795665,-36.976174246909245],[149.383590576850025,-36.976117038884276],[149.383298046910852,-36.976019788858416],[149.383019769967149,-36.975939695833901],[149.382748637019915,-36.975876768810124],[149.382484657082244,-36.975733738786431],[149.382185000148866,-36.975602156759749],[149.381999518202946,-36.975424795742597],[149.381814035259339,-36.975230267725337],[149.381699924306361,-36.975018574714134],[149.381614345351807,-36.974783995705238],[149.38161434435176,-36.974783995705245],[149.38154304439712,-36.974532250697465],[149.381500285438591,-36.974274786692099],[149.381450400480475,-36.974023041686166],[149.381414776518483,-36.973782744681536],[149.381372008556127,-36.973553875676359],[149.381372061587541,-36.973319305674849],[149.381400655613533,-36.973090445675815],[149.381450647635205,-36.97286730567869],[149.381536314652607,-36.972632726684544],[149.381586306670499,-36.972438189687601],[149.38160062169726,-36.972220776687422],[149.381614962737814,-36.971900376686577],[149.382385761750442,-36.970864766746317],[149.382385762750431,-36.970864766746317],[149.380849614412028,-36.967800048593993],[149.38075236345756,-36.967578610584177],[149.380389226794705,-36.965503768539399],[149.378969646115621,-36.96484007441272],[149.378969645115632,-36.96484007441272],[149.377956777390011,-36.964027613320141],[149.378064213585333,-36.962437042319081],[149.376431009092045,-36.960646171166687],[149.376074545254454,-36.95986803313091],[149.37600628328687,-36.959708869123993],[149.375765215348736,-36.959541314102133],[149.375490792414553,-36.959384569077457],[149.375490791414592,-36.959384569077457],[149.375391672440486,-36.959312194068453],[149.375292553466352,-36.959239819059434],[149.375127041516919,-36.959063999044027],[149.374984791572359,-36.958823486030212],[149.374950198618194,-36.958523362025275],[149.375008831646312,-36.958241660028506],[149.375171956660779,-36.957934195040572],[149.375298347676193,-36.957664656049701],[149.375404955689334,-36.957436065057415],[149.375528191700766,-36.95720037506652],[149.375589549716665,-36.957006493070523],[149.375627456746741,-36.956735341072047],[149.375627457746731,-36.956735341072047],[149.375644308780238,-36.956464610071741],[149.375640462801641,-36.956309246070411],[149.375624344833199,-36.956093214067593],[149.375690228865096,-36.955774176071202],[149.375738229886366,-36.955556907073927],[149.375776756913609,-36.955306013075628],[149.375814870942747,-36.955041620077203],[149.375822189955358,-36.954938380077152],[149.375829507967978,-36.954835143077126],[149.375829508967968,-36.954835143077126],[149.375857716986985,-36.954658822078407],[149.375930127007905,-36.954414024083057],[149.376061252020293,-36.954161284092713],[149.376196266033418,-36.953898325102642],[149.376341374037651,-36.953689240113796],[149.376470284041829,-36.953500763123678],[149.376470285041819,-36.953500763123678],[149.376603820043442,-36.953325714134053],[149.376773337047354,-36.953089100147132],[149.376921609055671,-36.95284615815833],[149.377054509060059,-36.952650832168516],[149.37718793706216,-36.952472404178863],[149.377324628067782,-36.952263489189278],[149.377445318072319,-36.952081941198514],[149.377578432075808,-36.951893374208758],[149.377715222080951,-36.951687839219204],[149.377835285088338,-36.951486014228252],[149.377945352104121,-36.951233696236095],[149.378001654124461,-36.951012867239513],[149.378017502149646,-36.950805243239529],[149.378017503149664,-36.950805243239522],[149.378025865179382,-36.950572995238751],[149.377980112220655,-36.950320417233165],[149.377931401256973,-36.950108454227582],[149.377900000279425,-36.94997895522404],[149.377868599301905,-36.949849457220495],[149.377868598301916,-36.949849457220495],[149.377814742343105,-36.949607178214272],[149.377789929381464,-36.949350799210471],[149.377729063421583,-36.949125336203764],[149.377670106463597,-36.948883389197121],[149.377647185511591,-36.948552609192987],[149.377647184511602,-36.948552609192994],[149.37762321454619,-36.948323256189433],[149.377626027603327,-36.947892993186883],[149.377626028603316,-36.947892993186876],[149.377787467609494,-36.947649459199226],[149.377787468609483,-36.947649459199219],[149.378282545634619,-36.946857418236739],[149.380486871442088,-36.945604439418616],[149.380486872442077,-36.945604439418616],[149.381642864532665,-36.943516101504706],[149.381257969735657,-36.942469074464739],[149.382360120942906,-36.939574788540938],[149.382200148986101,-36.939447051526329],[149.382085043017184,-36.939355153515805],[149.381267098233508,-36.93873671944128],[149.381258618251422,-36.938613456439739],[149.381251169267102,-36.938505243438399],[149.381123944535261,-36.936656057415426],[149.382015646515924,-36.935712008486163],[149.382015647515914,-36.935712008486156],[149.381916138713592,-36.934356020468783],[149.382808066836589,-36.932347778532623],[149.382430406065083,-36.931100495491961],[149.382944215180203,-36.929612916526594],[149.382630627333185,-36.928851954494618],[149.383251383431599,-36.927358636538436],[149.382574260712033,-36.926088473471808],[149.382574259712044,-36.9260884734718],[149.382603168912368,-36.924555112464326],[149.382910014984702,-36.923639666484839],[149.382560759122839,-36.923033189450784],[149.382354138245347,-36.922369495428647],[149.382796494307826,-36.92136251746026],[149.38263302561603,-36.919257002432481],[149.384087830519377,-36.918204239551059],[149.384309044592726,-36.917386061564819],[149.385457550754211,-36.914777043646879],[149.38790380946682,-36.913941124852386],[149.387721204513213,-36.913817053835842],[149.386234189890985,-36.91280665970104],[149.386138606915239,-36.91274170669238],[149.386057509935853,-36.912686605685025],[149.385664843035585,-36.912419792649438],[149.384852381341034,-36.911126748570986],[149.385052361341224,-36.910881145586629],[149.38543002734167,-36.910417279616183],[149.385430028341659,-36.910417279616183],[149.385180681480307,-36.909684941589916],[149.384553492686649,-36.908906815530784],[149.382051090071911,-36.909078461316156],[149.381759022227783,-36.90826886728572],[149.381466954383683,-36.907459274255281],[149.381466953383693,-36.907459274255281],[149.380012936757765,-36.906435096123275],[149.379635527000573,-36.90507909108193],[149.379735985267871,-36.902956419076801],[149.381468907290355,-36.900673580211333],[149.381404999413206,-36.899832518200363],[149.381175520514233,-36.899356576177489],[149.381080511556036,-36.89915952916801],[149.380756713698617,-36.898487948135724],[149.380756714698606,-36.898487948135724],[149.381997224591146,-36.897778504238062],[149.381997224591117,-36.897778503238058],[149.382147363785322,-36.89614216524037],[149.379944935199518,-36.895730152047832],[149.378968756502417,-36.894654464956687],[149.378477179689611,-36.893853443909101],[149.378562992788716,-36.893006651911001],[149.381410049513335,-36.891593770147232],[149.381410050513352,-36.891593770147232],[149.381507954503888,-36.891545185155344],[149.38219020447184,-36.890952460210315],[149.382190205471858,-36.890952460210315],[149.38229400847905,-36.89077171921808],[149.382462630524458,-36.890226109229076],[149.381343698745894,-36.889934286130718],[149.380510434163028,-36.887828745045184],[149.380510433163039,-36.887828745045184],[149.379862013338283,-36.887308062985916],[149.380226033510553,-36.885574448006004],[149.379926940662529,-36.884802029975212],[149.380405179900976,-36.882433325001031],[149.382260675962073,-36.879711906143285],[149.382515575970501,-36.879338045162825],[149.380598947450238,-36.878084968989455],[149.377899323241991,-36.875450120739607],[149.377899322242001,-36.875450120739607],[149.377521329317744,-36.875344201706348],[149.377521328317727,-36.875344201706355],[149.377279138392339,-36.87508099568376],[149.377036941466969,-36.874817782661175],[149.383397079554129,-36.873893179203407],[149.383529020535207,-36.873873996214648],[149.384233313479371,-36.873433004272513],[149.385223531400868,-36.87281299335384],[149.385929500415017,-36.871845986408431],[149.38664049821827,-36.872451988473671],[149.388276481873731,-36.873035965618548],[149.38832948586267,-36.873053965623228],[149.389294792654823,-36.873432954708932],[149.389690526569552,-36.873588309744072],[149.389872289530388,-36.873659680760206],[149.392775636018371,-36.873951766012517],[149.393963043894274,-36.873432883111555],[149.394576355830168,-36.873164877162715],[149.396019325583609,-36.873250856287747],[149.396109887568116,-36.873256467295604],[149.396245314544927,-36.873264848307336],[149.396534311495572,-36.873281843332371],[149.396707683447147,-36.873432841348318],[149.397165345319308,-36.873831423390378],[149.397842328197584,-36.873917225449361],[149.398083709137723,-36.874070903471171],[149.398875662941293,-36.874575143542778],[149.399987351753282,-36.874626548639029],[149.400731349670906,-36.874336329701336],[149.400869762741848,-36.873637004708719],[149.400910180762565,-36.873432777710875],[149.400910181762555,-36.873432777710875],[149.400926217770774,-36.873351779711733],[149.400954202785073,-36.873210775713225],[149.400954203785062,-36.873210775713233],[149.400943715802526,-36.873092926711557],[149.40093320082002,-36.872974781709885],[149.400066219029014,-36.872467789631777],[149.401264161038398,-36.870937770725199],[149.401397150122591,-36.870145766731518],[149.401397151122609,-36.870145766731518],[149.402524115019673,-36.869542749824824],[149.403201081009627,-36.868792733878372],[149.403443942068805,-36.86805411189453],[149.403444067068875,-36.868053734894524],[149.403460068070387,-36.868022728895703],[149.404277016158545,-36.866367720955438],[149.404297007236067,-36.865763719953229],[149.404300556250064,-36.865654717952836],[149.404300557250053,-36.865654717952829],[149.404303004259674,-36.865579716952546],[149.404339981405485,-36.864443713948361],[149.404352970458177,-36.864033719946796],[149.405526936350583,-36.863408699044044],[149.406132919304127,-36.863017692093798],[149.407375874222595,-36.862113678195186],[149.408688845035272,-36.861915665307222],[149.411139834389672,-36.863759635530798],[149.411604832301009,-36.863856626571561],[149.414076789829608,-36.864371600788324],[149.414118131833618,-36.86429128279137],[149.414118132833664,-36.86429128279137],[149.41416378583807,-36.864202602794734],[149.415339719949742,-36.8619355808815],[149.415802701976787,-36.861169573916492],[149.416435683917996,-36.860838579968998],[149.416688665894327,-36.860707562989987],[149.417434657825027,-36.860317559051872],[149.417623644807378,-36.860219556067548],[149.418698614707409,-36.859658537156726],[149.418698615707399,-36.859658537156726],[149.422016573043123,-36.860586501449305],[149.424657494748601,-36.859574464670821],[149.42465749574859,-36.859574464670814],[149.425722469627516,-36.859183467760261],[149.425922448727533,-36.858192455771089],[149.429258389120861,-36.85866843106237],[149.43015438986302,-36.859505417145236],[149.431109365713041,-36.859464408227467],[149.433185314437765,-36.858996385403799],[149.435872952063391,-36.858524834632995],[149.437631226818496,-36.858216348782946],[149.440573191302434,-36.858494328039043],[149.441978175025838,-36.858852320162825],[149.442281947960424,-36.858971426189868],[149.442710166868295,-36.859139315227978],[149.442710167868285,-36.859139315227978],[149.443442175615104,-36.860140307297783],[149.44452917040644,-36.860377302393296],[149.444983185150278,-36.861738304441403],[149.446760150911814,-36.861359290592574],[149.448112123747734,-36.860941280706761],[149.448810093830048,-36.859478274757592],[149.448867056041621,-36.85782927175179],[149.448132046358211,-36.856358271678651],[149.448216032442048,-36.855630272681168],[149.447647033583905,-36.855262280629582],[149.447647032583887,-36.855262280629582],[149.448024992787651,-36.853281258649353],[149.448386977774419,-36.852940260678437],[149.448874960756569,-36.852480257717644],[149.448915961755006,-36.852442259720945],[149.448915962754995,-36.852442259720945],[149.450207925606918,-36.851978242829645],[149.4529708562211,-36.851502209065501],[149.455381754081856,-36.849613171261723],[149.456656713928766,-36.849207146369373],[149.457971671698004,-36.849333135483946],[149.461823562288089,-36.847715077806669],[149.464050493934877,-36.847648053998924],[149.466627459356886,-36.848833025229659],[149.468012450929507,-36.850341021359341],[149.468344456792153,-36.850963020392129],[149.46867646165478,-36.85158501842492],[149.468676462654741,-36.85158501842492],[149.469401471300529,-36.853348012499147],[149.470725453977764,-36.854148999618964],[149.472592393726444,-36.853757972778034],[149.473284367701524,-36.853103968833672],[149.476908262211992,-36.85235792514257],[149.476620234615467,-36.849697917100315],[149.476728218723878,-36.848757918103544],[149.477061204756097,-36.848113910128184],[149.477061205756087,-36.848113910128184],[149.478107167569505,-36.848236398219548],[149.479153158382928,-36.848358889310916],[149.480682110273278,-36.847321857436569],[149.48189707508655,-36.847240849541258],[149.483146056843054,-36.847541832651395],[149.484929013576533,-36.847366811804683],[149.487658959990767,-36.848423780048037],[149.490159895666096,-36.847811747260728],[149.490159896666114,-36.847811747260728],[149.490566874754677,-36.846657743288468],[149.492110821632025,-36.845700722416005],[149.492848805507947,-36.845730715480151],[149.494375791125606,-36.846729696618972],[149.49508476700683,-36.84675568268058],[149.495938746818325,-36.847125669757006],[149.497509702687495,-36.84619665088708],[149.498401665576921,-36.845939634962726],[149.499952626320521,-36.845970613097364],[149.500519602235613,-36.845916613146152],[149.501232582132417,-36.845821603207327],[149.502698538920214,-36.845626581333136],[149.503271520884311,-36.845199573380029],[149.503326500018318,-36.844134563377864],[149.503800476041647,-36.843386563414079],[149.503406471247956,-36.84232656437301],[149.503055466404874,-36.841582564337742],[149.503055465404884,-36.841582564337742],[149.50307546443085,-36.841364569338062],[149.503092236452147,-36.841185549338341],[149.503099461461318,-36.841108567338466],[149.503050279557243,-36.840453381329937],[149.503050278557254,-36.84045338132993],[149.50300044962222,-36.840029564322862],[149.505017358526572,-36.838298527486415],[149.505065351524422,-36.83825653049032],[149.505561322564859,-36.837354520527441],[149.506074281677144,-36.835896501562416],[149.507579209655972,-36.834231476682056],[149.508854150637944,-36.832821458783421],[149.509612109660225,-36.831737443842073],[149.509612110660242,-36.83173744384208],[149.510252070679002,-36.830822427891626],[149.509880076809139,-36.830303431855974],[149.509253080028429,-36.829428440795887],[149.508894086153703,-36.82892944276152],[149.507375112525068,-36.828001448623759],[149.505907117133603,-36.825243466478511],[149.504352143504462,-36.824362487337964],[149.503983125790427,-36.822677482294978],[149.502672148188253,-36.821299486172343],[149.50157518434699,-36.821444515078198],[149.50123220837682,-36.821637519049737],[149.500913202404519,-36.821817525023249],[149.499500242705835,-36.821282536897286],[149.49877125393499,-36.820456541828712],[149.498359265009583,-36.820399549792654],[149.496154359152314,-36.822006586612027],[149.495131392314249,-36.822038597523587],[149.494873392380839,-36.821854603500029],[149.493339402856463,-36.820165619356104],[149.491581414320109,-36.81883763419512],[149.491415419410998,-36.818360633177619],[149.488579504819455,-36.818750676934478],[149.487913532820301,-36.819551689881983],[149.486483583939759,-36.820393704763617],[149.484579617396491,-36.819293727591528],[149.484613617415505,-36.819110728593287],[149.483867599752301,-36.817501731518185],[149.484201573879574,-36.816146719538274],[149.483729558114106,-36.814968728489717],[149.483504552247268,-36.814247729465521],[149.48309154642206,-36.813443733424513],[149.482726543563331,-36.812831737388912],[149.482726542563313,-36.812831737388912],[149.481146538153382,-36.810342759235851],[149.481146537153364,-36.810342759235851],[149.481017537201495,-36.810139761223354],[149.480544536378119,-36.809394765177537],[149.481249493408001,-36.808316744231547],[149.482595443334617,-36.807232716341062],[149.483469389411994,-36.80559570140607],[149.483266372626844,-36.804237692379644],[149.484303300819676,-36.801540667451874],[149.484303299819686,-36.801540667451874],[149.483956295977549,-36.800782672416872],[149.485242216078063,-36.798473635513197],[149.485242217078024,-36.798473635513197],[149.486936132188902,-36.795592598641143],[149.486949120273607,-36.79494460063804],[149.486505119440068,-36.794239610594978],[149.485291132707943,-36.79371062048638],[149.484707149820281,-36.793579629434944],[149.484916952923072,-36.79255774544643],[149.485470078194027,-36.789863611476797],[149.485517067217074,-36.789634609479371],[149.485537487227077,-36.78953520748049],[149.485548154232276,-36.789483252481084],[149.485553425234883,-36.789457579481358],[149.485524185240138,-36.789453724478797],[149.48550351424376,-36.789451752476992],[149.485482825247402,-36.7894498794752],[149.485462127250969,-36.789448059473386],[149.485442210254433,-36.789446383471649],[149.485425702257288,-36.789444958470206],[149.485409196260207,-36.789443532468781],[149.485409195260161,-36.789443532468781],[149.485374532266206,-36.789440530465761],[149.485336946272668,-36.789437616462486],[149.485296420279582,-36.789435304458948],[149.485253814286636,-36.789434174455259],[149.485211639293425,-36.7894345244516],[149.485207489294083,-36.789434676451251],[149.485207488294066,-36.789434676451251],[149.485171319299781,-36.789435985448122],[149.485132756305745,-36.7894382084448],[149.485104062310143,-36.789440306442316],[149.485095968311356,-36.789440888441632],[149.485062048316507,-36.789443676438701],[149.485028039321662,-36.789446285435773],[149.484990328327399,-36.78944917143253],[149.484946889333855,-36.789453393428794],[149.484946888333866,-36.789453393428786],[149.484897963340927,-36.789460259424608],[149.484843319348244,-36.78947163541995],[149.484790037354685,-36.789488200415434],[149.484782454355496,-36.789491248414805],[149.484778277355986,-36.789492664414439],[149.484767314357271,-36.789496393413522],[149.484756360358546,-36.789500158412594],[149.484745415359811,-36.789503923411672],[149.484722180362496,-36.789511964409719],[149.484709738363932,-36.789516293408667],[149.484697135365423,-36.78952069540761],[149.484684406366824,-36.789525186406536],[149.484671435368369,-36.78952980240544],[149.484655578370166,-36.789535530404095],[149.484639981371913,-36.78954124040277],[149.484624796373623,-36.789546843401517],[149.484588447377718,-36.789560289398437],[149.484574239379327,-36.789565524397247],[149.484545805382538,-36.789576047394867],[149.484524597384933,-36.789583873393063],[149.484524596384944,-36.789583873393063],[149.484511626386393,-36.789588669391975],[149.484511625386403,-36.789588669391975],[149.482936139559769,-36.790203643259531],[149.481485188683962,-36.791034668139289],[149.47931424195653,-36.791630691955191],[149.47820328100471,-36.792617714865415],[149.474528363484637,-36.793488769552916],[149.473581309595858,-36.793806317472985],[149.473488487606744,-36.793837449465165],[149.473483422607359,-36.793839161464732],[149.473372663620353,-36.793876281455383],[149.473332397625057,-36.793889781451988],[149.473315402628117,-36.793887782450504],[149.473315401628099,-36.793887782450504],[149.473074405671241,-36.793857788429442],[149.472904654701637,-36.793836570414626],[149.472834412714207,-36.793827785408467],[149.472575416760662,-36.793794789385842],[149.471874416993842,-36.792902800319339],[149.470902410360907,-36.791338809225003],[149.468720401144537,-36.788128824015203],[149.467783380589452,-36.785939835919827],[149.467535366793584,-36.784714835890369],[149.467535365793623,-36.784714835890369],[149.467613990998956,-36.783084368886556],[149.467641537070875,-36.782513165885213],[149.467642263072804,-36.782497962885159],[149.467645392080925,-36.782433233885008],[149.467650206093481,-36.782333347884773],[149.467650331093807,-36.782330819884777],[149.46765641810947,-36.782206534884487],[149.467658372114471,-36.782166679884398],[149.4676603261195,-36.782126826884308],[149.467660327119489,-36.782126826884316],[149.46766816114058,-36.781959746883899],[149.467677878166683,-36.781752750883385],[149.467680316173244,-36.781700822883259],[149.46732429542439,-36.78025482484302],[149.466574305615239,-36.779737834774735],[149.465492324819024,-36.779526848679723],[149.463860344064528,-36.779670870539434],[149.462632389166799,-36.780395884437908],[149.462354418102365,-36.78121488741921],[149.462297184101686,-36.781289449414743],[149.462007434098268,-36.781666896392132],[149.462000137098158,-36.781676335391552],[149.461914881097243,-36.781786807384911],[149.461831445096323,-36.781894903378394],[149.461820957096194,-36.781908555377569],[149.461447225091774,-36.782395066348407],[149.460999487086497,-36.782977913313474],[149.460232819236666,-36.782785276245889],[149.459554902369462,-36.782614960186116],[149.459459579388096,-36.782591008177718],[149.459411514397516,-36.78257893317349],[149.459061526466087,-36.782490933142633],[149.459061525466097,-36.782490933142633],[149.459006890476815,-36.782477147137811],[149.458993408478989,-36.782477156136657],[149.458796991517886,-36.782424653119307],[149.458796990517868,-36.782424653119307],[149.458796148518104,-36.782423927119233],[149.458796147518086,-36.782423927119233],[149.458665534543712,-36.782390939107721],[149.458612162554175,-36.782377475103011],[149.458391281597443,-36.782321755083551],[149.458336538608222,-36.782307950078724],[149.45765418474187,-36.782136405018562],[149.457654183741852,-36.782136405018562],[149.457624549747663,-36.78212895601596],[149.456974565835907,-36.78225795596056],[149.455456599116843,-36.78199898382757],[149.455126751203039,-36.781754768797448],[149.455126750203021,-36.781754768797448],[149.454715920310321,-36.781450583759948],[149.454674596321155,-36.781419989756159],[149.454619055335655,-36.78137881775109],[149.454481457371628,-36.781276779738526],[149.454469588374735,-36.781268004737441],[149.453943974512043,-36.780878911689442],[149.453943973512025,-36.780878911689442],[149.453164594715588,-36.780302005618275],[149.450497640224825,-36.779730035383885],[149.448424686566,-36.779694049204394],[149.446498740843879,-36.779953069039557],[149.444595792049398,-36.780726094880066],[149.444236084115289,-36.780670158848608],[149.443894807177713,-36.780617099818748],[149.443773847199907,-36.780597997808179],[149.443666808219547,-36.780581099798809],[149.443662819220265,-36.780580481798452],[149.443546735241512,-36.780562355788305],[149.443092548324699,-36.780491449748581],[149.441597846598427,-36.780258113617847],[149.438042849720944,-36.776173139283927],[149.437518826048347,-36.774358138226795],[149.4379018031035,-36.773480135254161],[149.44013873592354,-36.772110111438579],[149.440583796882493,-36.771876922475528],[149.440982890845675,-36.771667811508657],[149.441037705840586,-36.77163910951321],[149.441074054837259,-36.77161993551622],[149.441182303827333,-36.771562835525216],[149.441238695822136,-36.771533092529879],[149.441581298790567,-36.771353410558326],[149.443711622594236,-36.770236071735212],[149.446596516427263,-36.767983042969931],[149.445886516703496,-36.766777045900668],[149.444782540897506,-36.766665056804484],[149.443213559236682,-36.766031067664699],[149.442938563339368,-36.765596062638103],[149.443053517626112,-36.76330906463312],[149.442408515835012,-36.762528067572262],[149.442408514835023,-36.762528067572262],[149.442060498066638,-36.761216071533624],[149.441395515216129,-36.760904070474083],[149.441395515216129,-36.760904069474108],[149.441108507370984,-36.760093071444011],[149.440436514519092,-36.759800073384007],[149.440436513519074,-36.759800073384007],[149.439501517769344,-36.759061081298363],[149.438880520956815,-36.758411083240446],[149.438716508107007,-36.757485086220228],[149.43867549821087,-36.756757085211923],[149.440780427048736,-36.755415064385112],[149.441610409996656,-36.754797053452826],[149.442172370015044,-36.753977047496058],[149.442172371015033,-36.753977047496058],[149.442676352006089,-36.753432037536058],[149.444469280934555,-36.751791022680358],[149.447206205609177,-36.750904991911199],[149.447070195745795,-36.750046994893836],[149.446260201984813,-36.749240002818524],[149.446323084072958,-36.748503476819174],[149.446323085073004,-36.748503476819174],[149.446400551069956,-36.748432006825404],[149.446400552069946,-36.748432006825404],[149.448191131000357,-36.746779813969432],[149.448193112000268,-36.746777975969593],[149.448043109069999,-36.746437971954407],[149.447638108258332,-36.745518974913374],[149.449499020282417,-36.74307994205838],[149.451574969005691,-36.742632920234989],[149.452299956916534,-36.742420914296304],[149.452299957916551,-36.742420914296304],[149.45240695089916,-36.742420914305548],[149.452406951899178,-36.742420914305562],[149.452512949884152,-36.742404913314616],[149.452610944871196,-36.742382907322934],[149.452708947858952,-36.742355907331238],[149.452818944848076,-36.742303907340421],[149.45290894283778,-36.742271906347995],[149.453004937829832,-36.742214904355926],[149.453099928822581,-36.742153895363728],[149.453202934814271,-36.742090897372243],[149.453376924806264,-36.741939899386303],[149.453469926802569,-36.741854893393793],[149.453616917797291,-36.741715889405604],[149.453695916797187,-36.74162088941182],[149.453781908795236,-36.74153089141867],[149.453881910790415,-36.741445885426749],[149.453954904788333,-36.741372883432589],[149.454073891785896,-36.741246885442067],[149.454160896783776,-36.741156878448997],[149.454225894783548,-36.741079877454119],[149.454318895781427,-36.740982878461523],[149.454454887783982,-36.740798875472095],[149.454454888783971,-36.740798875472088],[149.454498874787788,-36.74071687247536],[149.454556879788697,-36.740639872479875],[149.454556880788658,-36.740639872479875],[149.454665872793981,-36.740467871488178],[149.454665873793971,-36.740467871488178],[149.454724873794049,-36.740395872492812],[149.454724874794039,-36.740395872492812],[149.454775869796066,-36.740318872496722],[149.454775870796055,-36.740318872496722],[149.454899868798094,-36.740152868506357],[149.455078861792543,-36.739977864520704],[149.455172857787829,-36.739898865528318],[149.455354844778611,-36.739746863543068],[149.4554338517747,-36.739680459549461],[149.455448848773955,-36.739667855550692],[149.455448849773944,-36.739667854550682],[149.45554984676815,-36.7395888555589],[149.455752835754112,-36.739447861575535],[149.455866830748704,-36.739349849584748],[149.455961830742268,-36.739282852592538],[149.456049830736276,-36.739220848599743],[149.456158823728487,-36.739146851608687],[149.456278815722811,-36.739043846618401],[149.45649481170986,-36.738878846636005],[149.456602809703725,-36.738793841644792],[149.456695801700789,-36.738702839652241],[149.456760799702124,-36.738613835657269],[149.456839798701395,-36.738523837663529],[149.456904796701934,-36.738440831668605],[149.457070791696822,-36.738277830681902],[149.457150785695063,-36.738193828688267],[149.457150786695081,-36.738193828688267],[149.457237781691418,-36.738115833695289],[149.457395780688216,-36.73794783070786],[149.457476778684878,-36.737874827714393],[149.457476779684868,-36.737874828714389],[149.457542771683791,-36.737802820719629],[149.457613775684166,-36.737713826725177],[149.45767976868467,-36.737629824730355],[149.457730764687369,-36.737547822734228],[149.457752761694763,-36.737465819735604],[149.457752762694753,-36.73746581973559],[149.457796765698589,-36.737383817738873],[149.457796766698607,-36.737383817738873],[149.457833760702755,-36.73730782074157],[149.457877755707528,-36.73721881774479],[149.457907757712775,-36.737142829746894],[149.457907758712793,-36.737142829746901],[149.457971751715775,-36.737042818751775],[149.457971752715792,-36.737042818751775],[149.458001754720271,-36.73697281875392],[149.458038748724562,-36.736895818756615],[149.458079749734225,-36.736773809759356],[149.458079750734214,-36.736773809759363],[149.458109743740323,-36.736691816761407],[149.458139745746251,-36.736610817763477],[149.458139746746269,-36.73661081776347],[149.458162738752691,-36.73653481276498],[149.458191736759602,-36.736447807766915],[149.458191737759591,-36.736447807766915],[149.458206733768122,-36.736365814767687],[149.458229735775234,-36.736284806769135],[149.458251732783282,-36.736197811770474],[149.458251733783271,-36.736197811770474],[149.458266729792484,-36.736110806771201],[149.458275729801699,-36.736030803771463],[149.458289721824798,-36.735840802771442],[149.458289722824787,-36.735840802771442],[149.458311728832825,-36.735753807772767],[149.458321723840555,-36.735683807773171],[149.458344724846853,-36.735608806774671],[149.458344725846871,-36.735608806774671],[149.458352720855572,-36.735533804774882],[149.458352721855562,-36.735533804774882],[149.45838371887379,-36.735359804776422],[149.458383718886068,-36.73526780777582],[149.458384291888791,-36.735246723775745],[149.458384292888809,-36.735246723775745],[149.458387706969717,-36.734636796772037],[149.458212658410503,-36.731547790736734],[149.458212657410513,-36.731547790736734],[149.457450648717554,-36.730172795661836],[149.457450647717536,-36.730172795661829],[149.45633466099838,-36.729422804560407],[149.454949682229483,-36.729371823440275],[149.45489868623801,-36.72936982443585],[149.454607698276305,-36.729435835411103],[149.454607697276316,-36.729435835411103],[149.453251727455353,-36.729739846295814],[149.452285743636196,-36.729556854211076],[149.452047618753028,-36.721477821137711],[149.453134588645781,-36.720962806228371],[149.454607555401708,-36.72100478735603],[149.455380500574989,-36.718768770408282],[149.456504455524509,-36.717783757499063],[149.456504456524527,-36.717783757499063],[149.459694369160871,-36.71663972576755],[149.459694370160861,-36.71663972576755],[149.459570362229783,-36.716273726754437],[149.458638336746333,-36.713533733655893],[149.459267301805369,-36.712328724702445],[149.459520273932952,-36.711065718716064],[149.459399018954741,-36.711049879705477],[149.459298272972802,-36.711036720696669],[149.455642353628178,-36.7105587673773],[149.452545426183406,-36.710153801106777],[149.450438477561221,-36.709877825922796],[149.450475463579124,-36.709698824924807],[149.449197478837533,-36.709311840811772],[149.448338479128495,-36.708172852730051],[149.448220478168508,-36.70801585771882],[149.448220477168491,-36.70801585771882],[149.448007475240757,-36.707732855698566],[149.447458485344384,-36.70762186465037],[149.447911446518873,-36.705763858677386],[149.447690448559285,-36.705728863658052],[149.445158445304884,-36.703209896422671],[149.442942494614357,-36.70357792123351],[149.438814518620347,-36.701041965860135],[149.443654462029656,-36.699599167269056],[149.443769389015642,-36.699564907278777],[149.444189743979109,-36.699328876313572],[149.445876320832497,-36.698381876453197],[149.446702284791286,-36.697688861520071],[149.446999519789244,-36.69734356954352],[149.447562246785424,-36.696689852587895],[149.449410144833053,-36.694090817730689],[149.450695050010324,-36.691202800822936],[149.450746012249397,-36.689347802815213],[149.451489987175108,-36.6890027878773],[149.453641936940699,-36.688150753057826],[149.454278631850997,-36.688051530112261],[149.454809909776145,-36.687968739157668],[149.455317773715421,-36.687808633200547],[149.455594716682242,-36.687721315223925],[149.457997828394724,-36.68696369742684],[149.456622652710081,-36.686265968303346],[149.456555476725498,-36.686231886297286],[149.456318073779954,-36.686111428275971],[149.455898854876068,-36.685898722238321],[149.454902828362066,-36.683461738136238],[149.455160802435984,-36.682594732152879],[149.455213797451023,-36.68241773015631],[149.455497776532667,-36.681460726174613],[149.455391758692883,-36.680387719158432],[149.455272053731704,-36.680241696147128],[149.455272052731715,-36.680241696147128],[149.454477752989305,-36.679272734072086],[149.454398707252409,-36.677394735052971],[149.455514670284032,-36.675804712139097],[149.456417649204838,-36.675303706213924],[149.457458579242427,-36.673760212293871],[149.458499540279973,-36.672216675373839],[149.458499539279956,-36.672216675373839],[149.454156563387869,-36.669169736978233],[149.455223497550946,-36.666652707054062],[149.455296490562063,-36.666480706059254],[149.455360484571599,-36.666331707063812],[149.45539954057233,-36.66627886406684],[149.455516484574531,-36.666120695075932],[149.456208447587471,-36.66518469612965],[149.458023371540435,-36.663337681274562],[149.458653340518111,-36.662741667325157],[149.459697300480769,-36.661756663409029],[149.460898264369575,-36.661135651508872],[149.462087236193668,-36.661014631610939],[149.463404214934258,-36.661364622727199],[149.464374186831094,-36.660963613808484],[149.463597168157435,-36.659456615731401],[149.462839174373727,-36.658752626661212],[149.462346173544006,-36.658072626614093],[149.461969166683332,-36.657483629577627],[149.461985148814307,-36.656481634572458],[149.462880128717131,-36.656126618647583],[149.463699113584028,-36.656132616718473],[149.464646075528037,-36.65540560379565],[149.463451087861245,-36.654353614685377],[149.462942105018868,-36.653787752637626],[149.46294210401885,-36.653787752637626],[149.462078583285944,-36.652829679556653],[149.46121508655304,-36.651871634475675],[149.460718096648492,-36.651757638431917],[149.460367102761268,-36.651336643398807],[149.460668076805661,-36.650638636420283],[149.460240081954737,-36.650038640379321],[149.460175066073646,-36.649224638368374],[149.461177022080619,-36.647958629446777],[149.461058356184083,-36.647325655432375],[149.460962666267562,-36.646815228420749],[149.460962665267573,-36.646815228420756],[149.460936836290102,-36.646677429417615],[149.460911006312614,-36.646539630414487],[149.457650073841307,-36.646522663132259],[149.457537082851161,-36.646585662122895],[149.456827099913795,-36.646975674064024],[149.455990132050744,-36.646962181991562],[149.455153141187651,-36.646948688919075],[149.453744155560059,-36.645860700790088],[149.453112168667531,-36.645819706735168],[149.453112167667513,-36.645819706735168],[149.453010588684776,-36.645813386726331],[149.452887172705715,-36.64580571371561],[149.452085183841945,-36.645754715645921],[149.452085182841955,-36.645754715645914],[149.451483548879878,-36.646199435596813],[149.449574269000152,-36.647610749440929],[149.44900730620256,-36.646778353386452],[149.448867270252549,-36.646572755372993],[149.446375322639796,-36.646685781158283],[149.444860337969601,-36.646045806023118],[149.444658346997699,-36.646079806005872],[149.444456350025774,-36.646113806988637],[149.444403862932433,-36.646878821989105],[149.444351376839023,-36.647643815989582],[149.444351375839005,-36.647643815989575],[149.441791438209975,-36.647961847770354],[149.440454482298748,-36.648916861661036],[149.438255520742729,-36.648248892466604],[149.437770542836887,-36.648129715423927],[149.437518609885814,-36.648067810401749],[149.437419297905109,-36.648043410393008],[149.437414259906092,-36.648042173392568],[149.437376530913411,-36.648032895389242],[149.435763551307616,-36.647027915243285],[149.435165725426344,-36.646860979190528],[149.435110319437314,-36.646845498185634],[149.434958702467469,-36.646803170172241],[149.434874131484264,-36.646779549164791],[149.434789560501059,-36.646755929157329],[149.43478955950107,-36.646755929157322],[149.434798093505037,-36.646715744157802],[149.434813036511969,-36.646645412158627],[149.435204523694097,-36.644801924180399],[149.433354548975046,-36.644934936021414],[149.432668561033665,-36.64532693796469],[149.430719604310298,-36.645612964798183],[149.429563623489372,-36.645669980698699],[149.429563622489383,-36.645669980698692],[149.428754649529935,-36.646346983633244],[149.427466672701684,-36.646619001523753],[149.427248668741385,-36.646585044504697],[149.427248667741395,-36.646585044504697],[149.427030591781147,-36.646551070485629],[149.427030590781129,-36.646551070485629],[149.426765766829391,-36.646509826462506],[149.426569938865072,-36.646479321445376],[149.426349683905187,-36.646445015426131],[149.425542697090975,-36.646028018353697],[149.424143720248225,-36.646544034236236],[149.424143719248235,-36.646544034236243],[149.424032727265086,-36.646552039226712],[149.423914725282259,-36.646566031216608],[149.423914724282298,-36.646566031216601],[149.423822736295818,-36.646576035208717],[149.423512742340165,-36.646619043182248],[149.423344739363188,-36.646650040167934],[149.423231738379911,-36.646661039158239],[149.423132740393783,-36.6466770391498],[149.423020743409609,-36.646694044140233],[149.422908747424799,-36.646716050130706],[149.422788746441086,-36.646739051120491],[149.422698747452017,-36.646766050112902],[149.422646250459053,-36.646777049108429],[149.422593752466042,-36.646788048103971],[149.422593751466053,-36.646788048103971],[149.422534252473383,-36.64680504809894],[149.42247475448076,-36.646822048093917],[149.422342759496615,-36.646863049082789],[149.422209760513454,-36.646898053071517],[149.422091758527159,-36.646938058061593],[149.421966764541224,-36.646984052051089],[149.421841770556114,-36.647024058040586],[149.421841769556096,-36.647024058040579],[149.421722772571485,-36.647053056030494],[149.421555773591365,-36.647106060016405],[149.421555772591375,-36.647106060016412],[149.421451763603642,-36.647140060007636],[149.421257782624593,-36.647218063991403],[149.421126782638026,-36.647276060980481],[149.421009784650977,-36.647321068970662],[149.420919785659464,-36.647366075963184],[149.420815785672715,-36.647393066954386],[149.420683790687747,-36.647440064943297],[149.420683789687757,-36.647440063943293],[149.420558796702636,-36.647480069932769],[149.42046880671279,-36.647513075925204],[149.420371797723249,-36.647552068917101],[149.420287804734016,-36.647573070909957],[149.420183804745619,-36.647612072901239],[149.420093814755774,-36.647645077893678],[149.419996806767045,-36.64767807388553],[149.419906808777199,-36.647711079877972],[149.419906807777181,-36.647711079877972],[149.41980280878866,-36.647751077869259],[149.419692812798189,-36.64781308186015],[149.419692811798171,-36.647813081860157],[149.419589816808042,-36.647864077851594],[149.419398821824814,-36.647970086835798],[149.419199831841894,-36.648083086819348],[149.419199830841876,-36.648083086819348],[149.419090838851218,-36.648145090810345],[149.418961838861293,-36.648226080799745],[149.418866838868411,-36.648288093791933],[149.418547856890513,-36.648509101765839],[149.418441858893289,-36.648617100757399],[149.418326860900407,-36.648703100748023],[149.41832685990039,-36.648703100748023],[149.418225863906201,-36.648782100739837],[149.418125870910245,-36.648873103731795],[149.418011876915756,-36.648970111722591],[149.417945875917383,-36.649038112717328],[149.417945874917365,-36.649038112717321],[149.417929376917783,-36.649055113716017],[149.417912878918202,-36.649072113714702],[149.417827882918374,-36.649174114708032],[149.417728885919331,-36.649287106700228],[149.417676885918127,-36.6493591136962],[149.417581895913145,-36.649512111688999],[149.417517892910041,-36.64961311768414],[149.417374900907078,-36.649809115673065],[149.417337906902134,-36.649891118670404],[149.417249907896831,-36.650038119663783],[149.417198911893223,-36.650127122659946],[149.41714891188812,-36.650226121656281],[149.417126913880765,-36.650308123654924],[149.41708192487792,-36.650384120651538],[149.417045924871218,-36.650478125649052],[149.417045925871207,-36.650478126649048],[149.416968925856537,-36.65068212864373],[149.416944929851098,-36.650752128642111],[149.41694492885108,-36.650752128642111],[149.416916935841641,-36.650857123640385],[149.416872931837872,-36.650939126637127],[149.416829940833111,-36.651027126633991],[149.416829939833093,-36.651027126633991],[149.416791942829803,-36.651098129631166],[149.416726944830089,-36.651175121626068],[149.416654946829738,-36.651265129620434],[149.416559946835349,-36.651338132612715],[149.416449950846356,-36.651389137603545],[149.416337954861376,-36.651412139594029],[149.416224955877482,-36.651428140584372],[149.416224954877464,-36.651428140584372],[149.416139958890682,-36.651432138577064],[149.416025964909096,-36.651432139567227],[149.415939964924718,-36.651419141559714],[149.415802967950555,-36.651391156547703],[149.415700966971059,-36.651361145538701],[149.415584973994441,-36.651326141528457],[149.415495971014252,-36.651285149520511],[149.415495970014263,-36.651285149520504],[149.41539997503682,-36.651232154511867],[149.415294971063076,-36.651162154502344],[149.415127972109588,-36.651015154486956],[149.415057973131951,-36.650932157480383],[149.415057972131962,-36.650932157480383],[149.41498197615428,-36.650856161473328],[149.414903981178753,-36.650767157466007],[149.414903980178764,-36.650767157466007],[149.414834976200126,-36.650690157459543],[149.414834975200137,-36.650690157459543],[149.414801538212117,-36.650640598456341],[149.41477897722018,-36.650607159454161],[149.414730975237518,-36.650535161449561],[149.41468297325568,-36.650457156444908],[149.414619974276235,-36.650379161438941],[149.414556975298211,-36.650290167432935],[149.414556975298211,-36.650290166432931],[149.414493976318624,-36.65021316642698],[149.41442397634097,-36.650130160420403],[149.414354972361537,-36.650059156413981],[149.414214972406228,-36.649893170400802],[149.414073987452412,-36.64971717238749],[149.414073986452422,-36.64971717238749],[149.414002982477967,-36.64961117338067],[149.413953976497055,-36.64952717137588],[149.413882972520213,-36.649439172369178],[149.413840976538978,-36.649349174364964],[149.413807980553997,-36.649276171361628],[149.41380797955398,-36.649276171361628],[149.413766969569537,-36.649209174357658],[149.413700976598165,-36.649074177351082],[149.413659975613541,-36.649008175347106],[149.413626969627899,-36.648940174343807],[149.413592969643076,-36.648867172340402],[149.413559972657339,-36.648800175337115],[149.413518971673682,-36.648727172333096],[149.413324972742515,-36.648445174314503],[149.409871950102428,-36.642409209976954],[149.409896951100961,-36.642390223978992],[149.410109944087566,-36.64223221599633],[149.411408903005963,-36.641268200102147],[149.411607893993477,-36.641120195118354],[149.411766102983563,-36.641002700131239],[149.41192431197365,-36.640885204144134],[149.411924312973639,-36.640885204144134],[149.412077039964032,-36.640771764156568],[149.412220615955107,-36.640665129168262],[149.413156982896311,-36.63996971024455],[149.413476834876292,-36.639732164270598],[149.41417479695059,-36.638325159321653],[149.414174797950608,-36.638325159321646],[149.413730536301358,-36.636225805269568],[149.413659990357047,-36.635892381261293],[149.413632686378577,-36.635763362258082],[149.413598776405365,-36.635603167254118],[149.413096785502063,-36.63548516621001],[149.412922356701301,-36.634198065186517],[149.412874982755397,-36.633848479180145],[149.412830763805886,-36.633522172174203],[149.412609766855752,-36.633415447154412],[149.412330996918683,-36.633280817129481],[149.412068773977808,-36.633154184106012],[149.411302778244561,-36.632077199032842],[149.411167755415164,-36.630957194013853],[149.410656773537511,-36.630657206967769],[149.408097815102764,-36.629511236739425],[149.406962835330944,-36.629172256639251],[149.406745836374597,-36.629107259620099],[149.406745835374608,-36.629107259620099],[149.406347845454633,-36.628988262584969],[149.40524584486721,-36.627221276478309],[149.404242859074628,-36.626878289389502],[149.404242858074639,-36.626878289389502],[149.404206639080371,-36.626879093386393],[149.402574897338866,-36.626915313245846],[149.402574897338866,-36.626915312245835],[149.401720909522112,-36.626573329169922],[149.398251936498951,-36.623432362850082],[149.398153942526619,-36.623343368841049],[149.397430927897119,-36.621431377766172],[149.399162874704928,-36.620774352911262],[149.399162875704889,-36.620774352911269],[149.400155842732971,-36.619356331987653],[149.400318717737576,-36.619123716000182],[149.400328596737864,-36.619109607000937],[149.400489822742429,-36.618879331013346],[149.401422784768897,-36.617546316085111],[149.401422785768915,-36.617546316085104],[149.400788765169494,-36.615299315015704],[149.399724777402355,-36.614838332920883],[149.400083749511253,-36.61358132194362],[149.396908790235756,-36.611981356659257],[149.397212750481373,-36.609761343670939],[149.397094480530399,-36.609535603659261],[149.397069650540715,-36.609488193656802],[149.397069649540725,-36.609488193656809],[149.397004751567607,-36.609364346650395],[149.397004750567589,-36.609364346650388],[149.394993730407208,-36.60548136145151],[149.394993729407219,-36.60548136145151],[149.394673716665096,-36.603926360413737],[149.394673716665096,-36.603926359413734],[149.393999226810337,-36.603651366353752],[149.393324736955606,-36.603376373293784],[149.393248739943402,-36.603560377288439],[149.392228765090152,-36.603694389201344],[149.387854794144516,-36.601062424806926],[149.387065777571337,-36.598803427724107],[149.386712776648551,-36.598650430692672],[149.385817786832888,-36.598348450613535],[149.385251791951731,-36.598140450563371],[149.384681800071462,-36.597930450512855],[149.384092804199923,-36.597677459460428],[149.383865800247804,-36.597592463440293],[149.383303804366278,-36.597382463390474],[149.382685818481661,-36.597263475336426],[149.382007828601843,-36.597181481277445],[149.381850824634057,-36.597129481263572],[149.381374828731339,-36.596974485221516],[149.380855831854149,-36.596679489174861],[149.380791300869333,-36.596643050169064],[149.380662837899706,-36.596570495157508],[149.380608838912508,-36.596539498152652],[149.379893837109847,-36.595920498086969],[149.379545828216862,-36.595536508054451],[149.379155833338302,-36.59509449401795],[149.378885829422643,-36.594786508992655],[149.378652829476778,-36.594661514971769],[149.37865282847676,-36.594661514971754],[149.378701782743008,-36.59259350496243],[149.380834725504684,-36.59179747614106],[149.381543705461866,-36.591258472198639],[149.382196694344685,-36.591348461255507],[149.382181689356514,-36.591277458253749],[149.382461679364155,-36.590879457275278],[149.382461680364173,-36.590879457275285],[149.382428665415063,-36.590535455270185],[149.383117663296332,-36.590593452329962],[149.383117664296321,-36.590593452329962],[149.383533646255529,-36.590395446364518],[149.383610691236896,-36.590442355371465],[149.383712648212224,-36.590504439380659],[149.384012627202196,-36.590215441404631],[149.384645610145384,-36.58987443345697],[149.385639572072847,-36.589213410538335],[149.386097560048171,-36.588842409575385],[149.386146557051944,-36.588754409579039],[149.386146558051962,-36.588754409579039],[149.386363540068146,-36.588368402595222],[149.386716515094918,-36.587737400621521],[149.3870014891491,-36.586982390641133],[149.3867954882503,-36.586469390620017],[149.386609477341779,-36.586005405600943],[149.386497472396968,-36.585725397589457],[149.386553470397615,-36.585652394593808],[149.38683945739993,-36.585287399616064],[149.387002450401383,-36.585078385628748],[149.386629424610078,-36.583957385589237],[149.386249406823055,-36.582812387548977],[149.386362397877377,-36.582265396555137],[149.386375395883249,-36.582205382555863],[149.386757377861329,-36.581906379586833],[149.387532315944952,-36.580333361643348],[149.387601800019837,-36.579684368645083],[149.387671285094655,-36.579035357646816],[149.387671286094672,-36.579035357646809],[149.387683763108186,-36.578918108647137],[149.387683764108147,-36.57891810864713],[149.387696286121781,-36.578800357647438],[149.387735271164416,-36.578431355648391],[149.387745248175236,-36.578337537648629],[149.387755261186101,-36.57824335364888],[149.387531269224183,-36.578228356629459],[149.387626234362386,-36.577070352630059],[149.388543188353452,-36.576023340702271],[149.385583255885621,-36.575605367444318],[149.386686210785598,-36.575019355535574],[149.386742157032415,-36.573089346527752],[149.385653169329032,-36.572174355427869],[149.384682139829152,-36.569580364327152],[149.384747111952095,-36.568573359326166],[149.384808094065363,-36.567644358325317],[149.384214080465483,-36.565346349259052],[149.384012069601226,-36.564567351236541],[149.385269000739811,-36.561993333328033],[149.38568298468644,-36.561893313363051],[149.385811079669935,-36.56186222637389],[149.385921972655638,-36.561835316383288],[149.38750792545116,-36.561451290517496],[149.38883187039491,-36.560267273623886],[149.390074825342282,-36.559154251723776],[149.390281804438672,-36.558175239735206],[149.390303801448937,-36.558071150736424],[149.390303802448955,-36.558071150736424],[149.390322796457781,-36.55798124173748],[149.390491776536692,-36.557180237746792],[149.393137700307591,-36.555695190965224],[149.394917659077009,-36.555273167115978],[149.396294606047974,-36.553820149225217],[149.396634566294978,-36.551543135239619],[149.395614557741993,-36.549408137137625],[149.396335521812404,-36.548001131190595],[149.39860548630935,-36.549041098393211],[149.400352448048977,-36.548885079542906],[149.400580454973976,-36.549174078564484],[149.401448444688015,-36.550278065646602],[149.40322041641403,-36.550194037798931],[149.403932397331687,-36.549951032858765],[149.405845354039769,-36.549831014023049],[149.406351343991759,-36.549579010065052],[149.406935312076229,-36.54823299510663],[149.407320306008984,-36.548272984140112],[149.410354242479229,-36.548586948404022],[149.411851208285441,-36.5482319295309],[149.413698147212955,-36.546537905679209],[149.414012146173434,-36.546454899705779],[149.414012147173452,-36.546454899705779],[149.414112247160858,-36.54642832971426],[149.414238137145048,-36.546394894724891],[149.416387088874927,-36.545824865906674],[149.418690024666034,-36.544606830097528],[149.418905024571899,-36.545055827119029],[149.419468016458666,-36.545226824168758],[149.422194956045615,-36.545033795402986],[149.424503896796267,-36.54411376759635],[149.42596684574707,-36.542710733713513],[149.425966846747059,-36.542710733713513],[149.427112827583585,-36.542553721811473],[149.427216997560464,-36.542601875820786],[149.427311818539408,-36.542645718829263],[149.430304779873978,-36.544032691096909],[149.431226769680848,-36.544370679178769],[149.432507755349945,-36.545311665295621],[149.432507756349935,-36.545311665295614],[149.433823721204249,-36.544814648406067],[149.434375697225732,-36.543983642448303],[149.434705689308203,-36.542962635470111],[149.434756676320831,-36.542805631473499],[149.434930667317531,-36.542619628487301],[149.434045681540397,-36.54201263140687],[149.433376674811853,-36.540777635340952],[149.433376675811843,-36.540777635340959],[149.435687615591291,-36.539639604533178],[149.438814528244023,-36.538467563795706],[149.439718492263523,-36.537225549865688],[149.44018645943288,-36.53538253589403],[149.43903246474423,-36.534434539788094],[149.439032465744248,-36.534434539788094],[149.440468431587846,-36.533873519908511],[149.440881411611002,-36.533198522939792],[149.440050407946188,-36.531679520857985],[149.44017439797031,-36.531347512866525],[149.440277393976345,-36.531177510874315],[149.441756343959952,-36.529509491991206],[149.443779305621945,-36.529606465166694],[149.444929277488598,-36.529218450263571],[149.445972253314579,-36.529266434354049],[149.446049254328102,-36.529071432359423],[149.446711209445226,-36.527387421405599],[149.447943182261554,-36.527279405511408],[149.451133144571685,-36.528614368795985],[149.451133145571674,-36.528614368795985],[149.451751131401721,-36.529146290852921],[149.45185113237423,-36.529232364862139],[149.454601089816094,-36.530107331105697],[149.455430069756801,-36.529550327173752],[149.456365014936097,-36.527068297238323],[149.457009991904698,-36.526524291290535],[149.456955985014474,-36.525763293280875],[149.457644957020875,-36.524881273334685],[149.45908592484048,-36.524496261456811],[149.460180901762357,-36.523759242546689],[149.460378862927655,-36.522275236554073],[149.461036829021253,-36.520774217601144],[149.461071851026276,-36.520694043603648],[149.461112835032139,-36.520600217606585],[149.461524802090935,-36.519659214636036],[149.460252805511999,-36.518027221515283],[149.461927744491277,-36.51615719164792],[149.462175715642644,-36.514717180659929],[149.460004740130074,-36.513672203465248],[149.459549747278658,-36.513103205422134],[149.459888720360738,-36.512075197444723],[149.462381657185915,-36.510376164649252],[149.462612641169699,-36.510219160668186],[149.464358599931643,-36.509900141817162],[149.467594528451599,-36.509602101095219],[149.467594528451599,-36.509602100095229],[149.468381481579399,-36.507688086150758],[149.468406472586366,-36.50760508815236],[149.46846047159778,-36.507454081156048],[149.468510480608984,-36.507309080159416],[149.468572466622703,-36.507131082163632],[149.468626456633814,-36.506982083167316],[149.46868445264414,-36.506834079171369],[149.468742449657128,-36.506666076175279],[149.468832447663431,-36.506510076182039],[149.468964441660574,-36.506372076192562],[149.46922444164349,-36.506186073213847],[149.469407431624234,-36.506110068229184],[149.469584424603653,-36.506051067244115],[149.469584425603642,-36.506051067244115],[149.46976041458322,-36.505992066258955],[149.469924410563124,-36.505945068272844],[149.470113406542055,-36.505875060288744],[149.470310407520543,-36.505799063305297],[149.470493397502054,-36.505717061320588],[149.47066939648775,-36.505612057335135],[149.470865384474706,-36.505473053351182],[149.471033377467023,-36.505328051364771],[149.471033378466984,-36.505328051364778],[149.47116637546398,-36.505190051375372],[149.471263374466872,-36.505051047382864],[149.471350370473516,-36.504896051389366],[149.471407362487184,-36.504724041393168],[149.471440358504054,-36.504557042394943],[149.471459353520004,-36.504414040395652],[149.471478356535926,-36.504271046396347],[149.471491345552181,-36.504133046396568],[149.471481350574237,-36.503979045394694],[149.471465340597376,-36.503824040392281],[149.47144134362091,-36.503676053389242],[149.47141033764953,-36.503498038385388],[149.471410336649512,-36.503498038385388],[149.471394335671761,-36.503350042383019],[149.471396334686261,-36.503238037382467],[149.471368331714672,-36.503058041378871],[149.471368330714682,-36.503058041378864],[149.471352330735584,-36.502920040376566],[149.47133632975715,-36.502777038374248],[149.471313327779029,-36.50264004137135],[149.471275319804761,-36.502492037367098],[149.471251323828398,-36.502343038364032],[149.471244322835389,-36.502299043363145],[149.471228321850305,-36.502206041361148],[149.471183321880403,-36.502034041356119],[149.471117319912082,-36.501875037349365],[149.471079312937974,-36.501726038345097],[149.471056319961463,-36.501577039342131],[149.471025313984626,-36.501440042338537],[149.470973295014232,-36.501280044332987],[149.470928305044168,-36.501109039327972],[149.470905303066019,-36.500972042325088],[149.470846293097566,-36.500806038318892],[149.470808304122642,-36.500663045314674],[149.470770296150619,-36.50049804531028],[149.470747294172128,-36.500364042307417],[149.47072329719694,-36.500206043304303],[149.470686294224123,-36.500046045300053],[149.470648287249901,-36.499898041295786],[149.470648286249912,-36.499898041295793],[149.47061228727199,-36.499775046291873],[149.470573284298439,-36.499623053287479],[149.470543282322893,-36.499475040283912],[149.470498283350565,-36.499321047279018],[149.470498282350576,-36.499321047279025],[149.470482784363355,-36.499243544277164],[149.470467285376145,-36.499166042275327],[149.47043728240061,-36.499018047271733],[149.470413276424239,-36.498869048268688],[149.470390275446135,-36.498732042265793],[149.470390274446117,-36.498732042265807],[149.470365274468065,-36.498597045262741],[149.470314268498299,-36.498431041257248],[149.470276270520856,-36.498307042253131],[149.470269269531144,-36.498238046252077],[149.470255267544019,-36.498158043250342],[149.47024926155413,-36.498089047249358],[149.470221267579888,-36.4979290402459],[149.47022126657987,-36.497929040245907],[149.470179261607854,-36.497769042241202],[149.470151257623769,-36.497683042238229],[149.470130255636292,-36.49761404623596],[149.470116262647679,-36.497545041234297],[149.470088258662003,-36.497471044231375],[149.470046253687087,-36.497333043226838],[149.470018268703001,-36.497247043223844],[149.470018267703011,-36.497247043223844],[149.469990254717345,-36.497173045220926],[149.469969252731318,-36.497093042218587],[149.469941257745745,-36.497018049215676],[149.469906253762787,-36.496932049212084],[149.469878249777906,-36.496852054209135],[149.469843254792693,-36.496783049205668],[149.469801249808626,-36.496714045201571],[149.469801248808608,-36.496714045201564],[149.469766244824058,-36.496640047198049],[149.469716252842034,-36.496565045193229],[149.469667245859711,-36.496491048188517],[149.469618248876742,-36.496422052183817],[149.469568247894586,-36.496348045178991],[149.46952625191048,-36.496279041174915],[149.469491246925287,-36.496210054171428],[149.469449250941182,-36.496141049167342],[149.469414246955949,-36.49607205316385],[149.46941424595596,-36.49607205316385],[149.469379241971382,-36.495998047160342],[149.4693502349852,-36.495929051157368],[149.46935023398521,-36.495929051157368],[149.469336236992007,-36.495894553155942],[149.46932223999886,-36.495860055154502],[149.469301246011241,-36.495792054152233],[149.469280243024599,-36.495717053149924],[149.469260245038413,-36.495637049147675],[149.469239242050946,-36.495568054145402],[149.469218239064162,-36.495494047143097],[149.469197237078134,-36.495414052140752],[149.469197236078116,-36.49541405214076],[149.469183235089531,-36.495345048139093],[149.469155231103997,-36.495270055136167],[149.469134237118794,-36.495184055133777],[149.469120235130049,-36.495116054132133],[149.469106233150626,-36.494978054130009],[149.469100227160595,-36.49491005312904],[149.469100227179581,-36.494767050128118],[149.46910123119244,-36.494669056127549],[149.469101222202283,-36.494595050127067],[149.469094222214011,-36.494515055125937],[149.469094221214021,-36.494515055125937],[149.469080220234559,-36.494377055123813],[149.469067222245712,-36.49430905412224],[149.469060212257574,-36.494228046121101],[149.46905322026771,-36.494160055120055],[149.469039219279921,-36.494085053118354],[149.469039218279931,-36.494085053118347],[149.469047214291521,-36.493988054118404],[149.469047214310507,-36.493845051117461],[149.469048200320316,-36.493770050117057],[149.46905521032977,-36.493690046117131],[149.469055210338809,-36.493622046116691],[149.469063205346686,-36.49355305011693],[149.469063205357315,-36.493473046116414],[149.469070206366808,-36.493393052116488],[149.46907120137584,-36.493324047116118],[149.469078202383855,-36.493255051116265],[149.469085203394144,-36.493169051116318],[149.469093199402693,-36.493095044116515],[149.469093199411873,-36.493026049116075],[149.469086198421962,-36.492958048115007],[149.469087193430965,-36.492889043114644],[149.469080192442732,-36.492809048113507],[149.46908019245268,-36.492734038113014],[149.469073191464446,-36.492654043111884],[149.469081195473791,-36.492574049112051],[149.469081196473809,-36.492574049112058],[149.469081186482924,-36.492505044111603],[149.469095188489717,-36.492437043112361],[149.469096183498721,-36.492368048111999],[149.469103184506764,-36.492299043112162],[149.469111189514507,-36.492231042112394],[149.46911118052364,-36.492162046111943],[149.469104179534582,-36.492088049110862],[149.46910417954453,-36.492013047110362],[149.469105183552898,-36.491949044110022],[149.469833137675664,-36.490144031161179],[149.468254151036405,-36.489335049019211],[149.46917110211561,-36.487630038087367],[149.467807107574004,-36.485825050957459],[149.467807106574014,-36.485825050957459],[149.466093122944926,-36.485102069804391],[149.464704154164821,-36.485124084684372],[149.46265620941395,-36.485723110511096],[149.461975215520283,-36.485745116452321],[149.460678245712614,-36.485864131340904],[149.460678244712597,-36.485864131340904],[149.459481276936742,-36.485622148235763],[149.458439295033344,-36.48615416014912],[149.457276327188254,-36.486393175050097],[149.457186310358395,-36.485219172034597],[149.458399270271514,-36.484407161134179],[149.459110229336517,-36.483057150186816],[149.462020131223142,-36.480393092421053],[149.462020132223131,-36.480393092421053],[149.462304612249596,-36.479849600442073],[149.46258910227607,-36.479306093463123],[149.463972056215169,-36.478093077574819],[149.463435051407686,-36.477291078523066],[149.464290978731952,-36.473812056574275],[149.465204963555607,-36.474036049654842],[149.468856852262036,-36.471834997956385],[149.469275846279771,-36.471194986988444],[149.469275847279732,-36.471194986988444],[149.469638807377976,-36.470015981012111],[149.470341781393557,-36.469048973066585],[149.471802739253235,-36.468340953188402],[149.474034680002234,-36.467535925376282],[149.474106670067528,-36.466956923378717],[149.473583668233374,-36.466338919329388],[149.473583667233385,-36.466338919329388],[149.470640695991221,-36.46418295406049],[149.469726711193942,-36.463758965978592],[149.469098695503391,-36.462184962913895],[149.469800655623004,-36.460434951963137],[149.471127583746153,-36.457902932061344],[149.471385567792765,-36.457239929079321],[149.471349567806897,-36.457176930075782],[149.47053456312463,-36.45576593599597],[149.471156529222071,-36.454279923040026],[149.473043474021551,-36.453511898198308],[149.475132377149379,-36.450024864356209],[149.474047377504917,-36.448654871253275],[149.472924387773276,-36.447987879151682],[149.475560272644003,-36.445778831365331],[149.476313957564429,-36.445468550428537],[149.47662423453167,-36.445340814454553],[149.476624235531659,-36.445340814454553],[149.476771716586512,-36.444748814463438],[149.476919203641444,-36.444156798472306],[149.477886156614574,-36.443191780549682],[149.478670110643662,-36.44202576460988],[149.478974078698684,-36.441243755631056],[149.479135063727625,-36.440830748642284],[149.479902030689601,-36.440191733704488],[149.480141517717954,-36.439688728721904],[149.480381003746317,-36.439185723739349],[149.480381004746306,-36.439185723739349],[149.48033199878077,-36.438985220733777],[149.480282991815216,-36.438784711728211],[149.480322988813953,-36.438745717731422],[149.481114950789504,-36.437973703794917],[149.480875934895465,-36.437463688770876],[149.481056917983324,-36.436582690780753],[149.481002901080018,-36.435918683771703],[149.481458856121463,-36.435055666805503],[149.48170984817304,-36.434363665822687],[149.482369824109668,-36.434044654877738],[149.482565786259755,-36.432676643885706],[149.483480753165395,-36.432283634962374],[149.484064723190869,-36.431386618007046],[149.484480671335035,-36.429797600032607],[149.485792627235099,-36.428967579140767],[149.488503578780353,-36.429124554376621],[149.488503579780371,-36.429124554376621],[149.488541541978549,-36.427584541369775],[149.489123513005296,-36.42668052341422],[149.489123514005314,-36.42668052341422],[149.490186475943659,-36.425862505500916],[149.492365466420011,-36.427181491698384],[149.495459403957966,-36.426931457964798],[149.496060411753774,-36.427745460022223],[149.496182410722696,-36.427832455033375],[149.497072407496006,-36.428467456114667],[149.49817934357776,-36.42651642819775],[149.498618318563729,-36.426092423233015],[149.498859804573272,-36.425729423251539],[149.499101297582797,-36.425366413270076],[149.499101298582815,-36.425366413270083],[149.498974278714826,-36.424524408253546],[149.50122523135957,-36.424487389448366],[149.501508224314932,-36.424482387472871],[149.502994183136991,-36.424031375598688],[149.503867140145019,-36.42291835466704],[149.504305138128331,-36.422516347702363],[149.504912107089183,-36.422079335752095],[149.507565005968161,-36.419793307967034],[149.508835963891414,-36.418839291070952],[149.510619588718868,-36.417989811219996],[149.512371867549348,-36.417155248366456],[149.515577822900013,-36.418183223651255],[149.515577823900003,-36.418183223651255],[149.522253665013835,-36.416815164221333],[149.525940567620808,-36.415334123531444],[149.525940568620825,-36.415334123531444],[149.528258374335564,-36.407162054678786],[149.529668330253969,-36.406079040794026],[149.529646307436877,-36.404728034783211],[149.532606220257264,-36.402518004025545],[149.536593128727304,-36.401709978366313],[149.539315058546265,-36.399797954590035],[149.542056994191711,-36.399167924823963],[149.542073957455273,-36.397163919812236],[149.542884911549663,-36.395477903871544],[149.543586889505406,-36.394966894929134],[149.543874883487291,-36.394756886952763],[149.543913885484756,-36.394728891955964],[149.543875854700758,-36.39314888394226],[149.543630843837008,-36.392417880916163],[149.537945879263617,-36.388515907396865],[149.537945878263628,-36.388515907396865],[149.536734878634235,-36.387181900282926],[149.53705286866537,-36.386564893306485],[149.537924826750469,-36.384874882371044],[149.538108780034349,-36.382515869371474],[149.537009776414493,-36.38097486726592],[149.538909719359879,-36.379100840418509],[149.537808698787416,-36.377204837310437],[149.538501656006986,-36.374717812354213],[149.538657631153058,-36.373429805359258],[149.538849606334026,-36.371835796365431],[149.539467551544135,-36.369509772403745],[149.537968529169973,-36.366597763254411],[149.539195498107517,-36.365592754354331],[149.54022648291388,-36.365811748445275],[149.541192455802957,-36.365485736526999],[149.542178435694808,-36.365114725610177],[149.543009410594209,-36.36487371068074],[149.543094406582895,-36.364856714688017],[149.54317940256999,-36.364851712695355],[149.54317940356998,-36.364851712695355],[149.543264398557881,-36.364840713702662],[149.543371401542259,-36.36482970671188],[149.543371401542259,-36.364829705711884],[149.54345240053172,-36.364811707718793],[149.543470399529383,-36.364807708720335],[149.543654392503583,-36.364780708736141],[149.543746389491162,-36.364763703744011],[149.543831385479876,-36.364746708751269],[149.543831386479866,-36.364746708751269],[149.543917385468262,-36.364730707758646],[149.544002381455385,-36.364725705765998],[149.544002382455346,-36.364725705765998],[149.544186375428893,-36.364703698781824],[149.544285373413771,-36.364698705790389],[149.544370378401709,-36.364687706797689],[149.544483368384306,-36.364682695807481],[149.544483369384295,-36.364682695807481],[149.544582366370776,-36.364665699815966],[149.544674363356705,-36.364660698823918],[149.54478836634064,-36.364644697833711],[149.544873363328577,-36.364633698841025],[149.544958359318059,-36.364610687848248],[149.545043364306594,-36.364594695855516],[149.545164359290226,-36.364572689865888],[149.545249355278912,-36.364555693873157],[149.545341352267116,-36.364533677881006],[149.545433348254733,-36.36451669188888],[149.545433349254722,-36.36451669088887],[149.545525346242954,-36.364494684896727],[149.545610342233118,-36.364466689903921],[149.545656842227942,-36.36444968990785],[149.545703342222794,-36.364432689911773],[149.545703343222783,-36.364432689911766],[149.545788338212958,-36.364404685918977],[149.545788339212947,-36.364404685918977],[149.545887336201645,-36.364370685927341],[149.545980337191168,-36.364337679935197],[149.546178323168618,-36.364269678951956],[149.546178324168608,-36.364269678951956],[149.546264323158596,-36.364241675959235],[149.546363321147311,-36.364207674967616],[149.546548319125236,-36.364151676983305],[149.546640316113468,-36.364129678991155],[149.546732322101036,-36.364112674999035],[149.546831310086588,-36.364102671007551],[149.54693030807141,-36.364097669016132],[149.547022305058221,-36.364086670024051],[149.547075801049971,-36.364084169028672],[149.547129298041796,-36.364081668033307],[149.547129299041785,-36.364081668033307],[149.547221304027062,-36.364081668041301],[149.547320302010377,-36.364088669049934],[149.547412298996477,-36.364082672057897],[149.547504295982492,-36.364077670065839],[149.547589291971008,-36.364061669073124],[149.547759283946817,-36.364039662087748],[149.547844288933931,-36.364034660095093],[149.547936285920713,-36.364023661103019],[149.548035283905563,-36.364018659111579],[149.548134280891219,-36.364007660120109],[149.548240279876609,-36.363990656129189],[149.548332276863192,-36.36398066113712],[149.548446270845034,-36.363980661147025],[149.548559269827649,-36.363975659156807],[149.548658267811732,-36.363976654165413],[149.548743263797377,-36.363982650172844],[149.548828259784443,-36.363977648180189],[149.54892025676898,-36.363983663188215],[149.549012262754957,-36.363978652196181],[149.54911125973905,-36.363979647204786],[149.5492812527132,-36.363969652219467],[149.549366248699641,-36.363969652226864],[149.549458245685628,-36.363964650234813],[149.549557242671312,-36.363953642243345],[149.549656240655366,-36.363954646251948],[149.549748237641353,-36.363949644259911],[149.549847226627037,-36.363938645268426],[149.550038229598641,-36.363922644284919],[149.550145232582224,-36.36391764229419],[149.550244230567898,-36.363906652302695],[149.550329226554993,-36.363901641310058],[149.550435224538063,-36.363901641319273],[149.550527221524703,-36.363891628327202],[149.550633220509241,-36.363880638336319],[149.550725216496033,-36.363869631344244],[149.550817213483612,-36.363852635352124],[149.550910214470917,-36.363836634360105],[149.550995210458808,-36.363825635367412],[149.551193205431588,-36.363792630384395],[149.551285202419848,-36.363770632392232],[149.551285203419837,-36.363770632392232],[149.551377199407398,-36.363753627400129],[149.551470200394817,-36.363736622408084],[149.551562197381458,-36.363726627416007],[149.551668195366005,-36.363715628425155],[149.551668196365995,-36.363715628425155],[149.551760192353555,-36.36369862443302],[149.551866191337353,-36.363693622442199],[149.55195118732442,-36.363688620449544],[149.55212117829717,-36.363689624464342],[149.55212117929716,-36.363689624464335],[149.552234178278979,-36.363690618474152],[149.552340177262096,-36.363690618483361],[149.552389676254506,-36.363688117487641],[149.552439174246956,-36.363685616491921],[149.552439175246946,-36.363685616491914],[149.552539176231647,-36.363680614500588],[149.55263117321843,-36.363669606508502],[149.552716169206349,-36.36365861751581],[149.552808166192335,-36.363653615523774],[149.552914164176713,-36.363643611532915],[149.55302016316125,-36.363632612542048],[149.553127156146445,-36.363615607551232],[149.553226154132744,-36.363599606559717],[149.553318151121118,-36.363576604567577],[149.553403147109663,-36.36356060457485],[149.553502144097621,-36.363532609583274],[149.553595145086518,-36.36350460559116],[149.553687142074864,-36.363481604599002],[149.553793140062339,-36.363448598607995],[149.553793141062357,-36.363448598607995],[149.553879140052345,-36.363420604615271],[149.553964136043277,-36.363386603622445],[149.553964137043266,-36.363386603622445],[149.554077127030467,-36.363347601631993],[149.554163127021212,-36.363313600639245],[149.554269125010279,-36.363268601648166],[149.554355125001877,-36.363228595655372],[149.55444012099349,-36.363189592662494],[149.554625108976069,-36.363098590677957],[149.55471710596737,-36.363053590685674],[149.554831108955938,-36.363002585695234],[149.554930106946927,-36.362951589703499],[149.555023097938033,-36.362906590711283],[149.555094116930434,-36.362878610717267],[149.55512209592743,-36.362867587719641],[149.55512209692742,-36.362867587719641],[149.55517129992208,-36.362848790723781],[149.555300093908073,-36.362799587734642],[149.55540609289713,-36.362754578743555],[149.555499084888226,-36.362709579751353],[149.555591081878902,-36.362669582759061],[149.555705076868122,-36.362613575768606],[149.555812079857844,-36.362562579777567],[149.555911077847185,-36.362523577785907],[149.556025072835808,-36.362472572795483],[149.556160078822501,-36.362410577806799],[149.556245065814238,-36.362370571813919],[149.556345058804254,-36.362325571822311],[149.556444056794419,-36.36228057283062],[149.556444057794408,-36.36228057283062],[149.556530057786006,-36.362240566837833],[149.556622054777336,-36.362195567845525],[149.556714051767159,-36.362161567853285],[149.556714052767177,-36.362161567853285],[149.55680705275671,-36.362128570861159],[149.556899050748143,-36.362082567868853],[149.557006044737676,-36.362032566877815],[149.557098041729148,-36.361986563885509],[149.557283039713155,-36.361884562900904],[149.557383032705417,-36.361822558909182],[149.557468028697855,-36.361777559916284],[149.557468029697844,-36.361777559916277],[149.557518029693256,-36.361752061920441],[149.557568031688675,-36.361726563924627],[149.55766002867918,-36.361687560932367],[149.557767022667406,-36.361647545941395],[149.557894014653101,-36.361602555952132],[149.557979020642478,-36.361580558959382],[149.558086014627662,-36.361563553968573],[149.558178011615098,-36.361547552976447],[149.558277009601539,-36.361530548984952],[149.55839000958494,-36.361519549994696],[149.558511005568619,-36.361497552005055],[149.558617004553014,-36.361487549014214],[149.558716002539484,-36.361470553022698],[149.558836998523105,-36.361448546033067],[149.558928995512133,-36.361420543040886],[149.559028997501485,-36.361380546049311],[149.559113994490843,-36.361358548056543],[149.559233985476226,-36.361324548066747],[149.559233986476244,-36.361324548066747],[149.559326987463493,-36.361308538074731],[149.559425985448343,-36.361303545083302],[149.559552978430361,-36.361286541094231],[149.55977998139997,-36.361242546113679],[149.559779982399988,-36.361242546113679],[149.559871979387566,-36.361225541121549],[149.559978973373404,-36.361203535130699],[149.56007097036246,-36.361175540138511],[149.560176969348447,-36.361153534147562],[149.560176970348465,-36.361153534147554],[149.560268966336707,-36.361131536155426],[149.560268967336725,-36.361131536155426],[149.560361968324116,-36.361114531163388],[149.560467958310937,-36.361086528172414],[149.560580958295816,-36.361064531182095],[149.560665954284502,-36.361047535189364],[149.560665955284492,-36.361047535189364],[149.560779958270047,-36.361019531199091],[149.560885948255248,-36.361003531208191],[149.560885949255265,-36.361003531208191],[149.561077948232082,-36.360947524224507],[149.561247941210922,-36.360902534239003],[149.561339938199154,-36.360880527246849],[149.56146094318359,-36.360852524257176],[149.56155294017185,-36.360830526265026],[149.561666935158144,-36.3607965172747],[149.561765933145267,-36.360774520283151],[149.561765934145285,-36.360774520283144],[149.561864931133215,-36.360746516291591],[149.561864932133204,-36.360746516291591],[149.56195692912155,-36.360723515299426],[149.562041925110151,-36.360707514306711],[149.562041926110169,-36.360707514306711],[149.562127925100128,-36.360679520313994],[149.562127926100146,-36.360679520314001],[149.562219923089174,-36.360651516321823],[149.562325922076013,-36.360623513330843],[149.562432916062619,-36.360595518339956],[149.562524913050225,-36.360578514347843],[149.562524914050186,-36.360578514347843],[149.562630912033967,-36.360573512357028],[149.562630913033956,-36.360573512357021],[149.562736911018504,-36.360562513366169],[149.562736912018494,-36.360562513366169],[149.562849910999546,-36.360569514376024],[149.562977907978961,-36.360570509387159],[149.56306291396541,-36.360570509394542],[149.563161902948053,-36.360582512403234],[149.563252904931119,-36.360600512411267],[149.563358903911819,-36.360618503420589],[149.563464894892547,-36.360636502429927],[149.563599891870979,-36.360636503441654],[149.56368489785649,-36.360643503449097],[149.563861890828122,-36.360644508464489],[149.563988892806265,-36.360656501475589],[149.564073888791143,-36.360668495483068],[149.564073889791104,-36.360668495483068],[149.564172887774475,-36.360674501491715],[149.564278886757478,-36.360675496500924],[149.56438488573977,-36.360681502510182],[149.56451187872014,-36.360676500521194],[149.564660877698515,-36.360660500534038],[149.564752875684462,-36.360655498542009],[149.564858874669,-36.36064449955115],[149.56499387164817,-36.36063949856284],[149.564993872648159,-36.36063949856284],[149.565099870632565,-36.360629494571974],[149.565099871632583,-36.360629494571974],[149.56518486761982,-36.360623497579333],[149.565276864604982,-36.360624492587341],[149.565403866583836,-36.360631493598419],[149.565488862570248,-36.360631493605823],[149.565580860555428,-36.360632488613817],[149.56572985953153,-36.360633492626782],[149.565842859513481,-36.360633492636609],[149.565941857497563,-36.360634487645214],[149.566047856481305,-36.360629486654396],[149.566146855465547,-36.360629486663001],[149.566238852451534,-36.360624484670964],[149.566330849438287,-36.36061348567889],[149.566472848416964,-36.360603481691165],[149.566592840398499,-36.360598480701569],[149.566691829384126,-36.360587481710105],[149.566776834371268,-36.360582479717444],[149.566897839352578,-36.360577477727936],[149.566982836340514,-36.360566478735251],[149.567081834326984,-36.360549474743742],[149.567322831294348,-36.360505488764396],[149.567414828281812,-36.360489478772301],[149.567464326275058,-36.36048097677655],[149.567513826268254,-36.360472474780799],[149.5675138272683,-36.360472474780806],[149.567641823250739,-36.360450476791776],[149.567790813230744,-36.360422464804536],[149.567790814230705,-36.360422464804536],[149.567924816211502,-36.360406472816088],[149.568023814197147,-36.360395473824632],[149.568108811185027,-36.360384466831938],[149.568222806170553,-36.360356471841662],[149.568314803158017,-36.360340471849561],[149.56850680313255,-36.360301469865995],[149.568605801119674,-36.360279462874452],[149.568725793103624,-36.360256461884731],[149.568853798087588,-36.360223464895647],[149.568974794071949,-36.360195461905988],[149.569080784059622,-36.36016146191497],[149.569165790049766,-36.360133457922174],[149.569212287045332,-36.360110957926075],[149.569258782040919,-36.360088458929972],[149.569258783040908,-36.360088458929972],[149.56937879202772,-36.360043459940101],[149.569378793027738,-36.360043459940101],[149.56948577701516,-36.360009459949183],[149.569485778015149,-36.360009459949183],[149.569584776004575,-36.359970457957523],[149.569705771992858,-36.359913455967671],[149.569790767984472,-36.359874453974797],[149.569890769974478,-36.35982945398321],[149.569996769963552,-36.359784454992123],[149.570082760954335,-36.359750454999372],[149.570274760936456,-36.35965445101543],[149.57038775192521,-36.35960343702493],[149.570487753915273,-36.359558447033315],[149.570601748905432,-36.359495448042829],[149.570700746894829,-36.359456446051176],[149.570700747894819,-36.359456446051176],[149.570814741884874,-36.359394442060676],[149.570906739876961,-36.359343446068337],[149.571027735865925,-36.359281452078449],[149.571148731857249,-36.359201439088444],[149.57124873384808,-36.359150443096794],[149.571355727840029,-36.359082443105656],[149.571355728840018,-36.359082443105656],[149.571440724832456,-36.35903743411275],[149.571532721825349,-36.358980433120379],[149.571639715815706,-36.358924435129303],[149.57172471280748,-36.358884438136442],[149.571824714798964,-36.358828431144758],[149.571945710787247,-36.358771429154906],[149.572030707779675,-36.358726430161987],[149.572116707771244,-36.358686433169211],[149.572286700758383,-36.358579430183283],[149.572286701758344,-36.358579430183283],[149.572408691750979,-36.358488427193294],[149.572529696741526,-36.358414430203318],[149.572635686733662,-36.358346420212101],[149.572728688726386,-36.358289427219809],[149.572820685720785,-36.358221427227363],[149.572899676717981,-36.358147420233735],[149.572978675715234,-36.358073423240121],[149.57304267871632,-36.357988417245132],[149.573114668715448,-36.357908423250855],[149.573114669715494,-36.357908423250855],[149.573171670716874,-36.357829414255292],[149.573171671716835,-36.357829414255285],[149.573235664717288,-36.357749420260333],[149.573271664720721,-36.357680415263005],[149.573329661722767,-36.35759541926749],[149.57336566072766,-36.357515415270093],[149.573401660733339,-36.357429415272655],[149.573444651737788,-36.357344410275843],[149.573481654742523,-36.357264415278529],[149.57351065374931,-36.35717841528048],[149.573535649752927,-36.357121414282268],[149.573560645756487,-36.357064411284078],[149.573560646756505,-36.357064411284085],[149.573597640762017,-36.356978411286725],[149.573619637771401,-36.356881411288001],[149.573641644778519,-36.356801408289385],[149.573656641787551,-36.356715407290118],[149.573664646802882,-36.35659040529],[149.573672633812379,-36.356509406290151],[149.573687630825958,-36.356389406290667],[149.573695625839832,-36.356275402290599],[149.573710622847244,-36.356201404291433],[149.573711635856284,-36.356132408291067],[149.573719622864161,-36.356063395291301],[149.57371962386415,-36.356063395291301],[149.573748621872426,-36.355966404293184],[149.573763618881458,-36.355880404293906],[149.573764613891967,-36.355800392293482],[149.573757612902909,-36.35572640329238],[149.573744614914943,-36.355651401290757],[149.573717615932935,-36.355548405287728],[149.573710614943224,-36.355479400286661],[149.573711609952085,-36.355411400286307],[149.573704608962373,-36.355342404285246],[149.573706607984917,-36.355170403284276],[149.573707602995398,-36.355090400283849],[149.573707603005204,-36.355016402283354],[149.573708598014235,-36.354947397282977],[149.573702602025065,-36.354873400281967],[149.573710598033728,-36.354798398282171],[149.573725603044238,-36.354701390282848],[149.573725604044228,-36.354701390282848],[149.573747592049756,-36.354633398284314],[149.573761594057487,-36.354558397285025],[149.573791587064818,-36.354467394287049],[149.573791588064807,-36.354467394287035],[149.573813585071917,-36.354387391288427],[149.573941582071171,-36.354239396298588],[149.574006580070659,-36.354165389303745],[149.574099581067941,-36.354074387311222],[149.574177577065285,-36.35400038931752],[149.574177578065303,-36.35400038931752],[149.574263569062225,-36.353920386324475],[149.574348565056113,-36.353864388331495],[149.574462569049359,-36.353778388340842],[149.574548561043116,-36.35372238134795],[149.574683558032177,-36.353642386359162],[149.574783552023689,-36.353586380367503],[149.574875549016582,-36.3535293783751],[149.574968551012262,-36.353450378382668],[149.575046546011237,-36.353364378388889],[149.575046547011254,-36.353364378388889],[149.575139539009285,-36.353267379396343],[149.575218538006339,-36.35319438540273],[149.575218539006386,-36.35319438540273],[149.575325533001433,-36.353103374411447],[149.5754325359934,-36.35303537342029],[149.575524532985497,-36.352984377427958],[149.575610524978543,-36.352933372435103],[149.575664021977587,-36.352876371439372],[149.57571751897666,-36.352819369443658],[149.575717519976678,-36.352819369443658],[149.575817520974368,-36.352716373451663],[149.575817521974386,-36.352716373451671],[149.575895516972452,-36.352637373457945],[149.575960514973502,-36.352551364463018],[149.576010506975393,-36.352477366466879],[149.576067508976905,-36.352397363471297],[149.576111504980418,-36.352318363474616],[149.576225499978989,-36.352192366483699],[149.576311499974253,-36.352124365490724],[149.576411493971875,-36.352022364498751],[149.576503490966246,-36.351954363506309],[149.576682483956574,-36.351812356520931],[149.57680347994858,-36.351727360530894],[149.576888475940365,-36.351687354538029],[149.577030474928989,-36.351602357549815],[149.577116475921258,-36.351557367556993],[149.577158973917477,-36.351534858560555],[149.577201471913696,-36.3515123505641],[149.577201472913657,-36.3515123505641],[149.577343470899393,-36.35144935257604],[149.577343470899393,-36.351449351576036],[149.577442459888005,-36.351416355584426],[149.57754246187659,-36.351382346592892],[149.577634459864157,-36.351365350600787],[149.57771945585435,-36.351337347607981],[149.577811453843395,-36.351309344615807],[149.577910451830519,-36.351287346624289],[149.577996451821292,-36.351253346631523],[149.578081448811503,-36.351225342638728],[149.5781804468009,-36.351186340647089],[149.57827343979136,-36.351146352654929],[149.578358444782339,-36.351112343662088],[149.578479440769001,-36.351067344672316],[149.57857143775874,-36.351034338680094],[149.578571438758729,-36.351034338680094],[149.578748431740337,-36.350960341695021],[149.578848425728893,-36.35092634170347],[149.579047425706079,-36.350859335720337],[149.579153424693686,-36.350825335729333],[149.579252414682287,-36.350792338737733],[149.579337419671788,-36.350769337744971],[149.579337420671834,-36.350769337744978],[149.579437421658781,-36.350747330753521],[149.579437422658771,-36.350747330753521],[149.579522409650536,-36.350707333760653],[149.579607406642168,-36.350668331767793],[149.579721401633833,-36.350594333777224],[149.579828404623527,-36.350543337786178],[149.579913400613719,-36.35051532579341],[149.580005398601941,-36.350493328801242],[149.580154397584181,-36.350448329813915],[149.580303388564801,-36.350415323826667],[149.580438385548575,-36.35037532683814],[149.580438386548565,-36.35037532683814],[149.580544375536874,-36.350336315847088],[149.580544376536892,-36.350336315847095],[149.580644387526917,-36.350291325855508],[149.580772383512482,-36.350246317866343],[149.580871373501992,-36.350206329874695],[149.580956378492175,-36.350178316881887],[149.581063372480259,-36.350139314890953],[149.58116937246939,-36.350094315899874],[149.58126236445986,-36.350054318907695],[149.5813823654467,-36.350009310917834],[149.581553362428451,-36.349941309932277],[149.581695352413277,-36.349885311944256],[149.581801351403129,-36.349834306953134],[149.581901353395466,-36.349772312961413],[149.581958346397755,-36.349686311965812],[149.58211633639516,-36.349516310978423],[149.582216339392915,-36.349413305986452],[149.582294335391794,-36.349328308992689],[149.582387327390649,-36.349225304000079],[149.582487329386822,-36.349134302008181],[149.582566311385477,-36.349049306014507],[149.582623322386269,-36.348975299018967],[149.582702313386562,-36.348878300025206],[149.582759315388103,-36.348798297029639],[149.582809307389965,-36.348724299033499],[149.582881306388998,-36.348645299039241],[149.582938299389724,-36.348571293043712],[149.582988291391729,-36.348496300047564],[149.583046297394588,-36.348405298052008],[149.583103299399056,-36.348303297056283],[149.583154295401556,-36.3482232850602],[149.583197296406951,-36.34813129606335],[149.583215296410117,-36.348085800064617],[149.583233295413265,-36.348040303065879],[149.583233296413283,-36.348040303065872],[149.583277291419961,-36.347937289069023],[149.583327283425547,-36.347835288072709],[149.583356281430895,-36.347760286074724],[149.583356282430884,-36.347760286074724],[149.583378279436403,-36.347692286076189],[149.583400277442109,-36.347623290077642],[149.583422274447628,-36.347555289079111],[149.58343727145828,-36.347457286079774],[149.583445276466051,-36.34738928508002],[149.583474275473634,-36.347297288081947],[149.583496272482193,-36.347206283083253],[149.583518270490799,-36.347115275084576],[149.583518271490817,-36.347115275084569],[149.58354726049842,-36.347023286086483],[149.583569248507843,-36.346926278087743],[149.583569249507832,-36.346926278087743],[149.5835702615191,-36.346840287087268],[149.583570262519089,-36.346840287087268],[149.583571257528746,-36.346766280086861],[149.5835652605397,-36.346691287085854],[149.583572252548407,-36.346617281085983],[149.583587249558235,-36.346525284086674],[149.583602254567154,-36.346440278087414],[149.583617251576214,-36.346354278088157],[149.583639249583342,-36.346274283089535],[149.583661247591266,-36.346188283090896],[149.583712243594448,-36.346103278094759],[149.583804240591178,-36.346017277102199],[149.583918235584292,-36.345932281111565],[149.584011228579982,-36.345853272119129],[149.584097219578382,-36.345762288126011],[149.584183229576098,-36.345676261132922],[149.584268225571577,-36.345608260139876],[149.58435421756613,-36.345546274146955],[149.584432213563503,-36.345472268153237],[149.584546217556635,-36.345387272162604],[149.584646210549863,-36.345318267170839],[149.584767206539595,-36.345250266180926],[149.584852203533529,-36.345194268187953],[149.584959206527088,-36.345114265196734],[149.585059199520828,-36.345041262204944],[149.585144196513397,-36.344995268212038],[149.58525819150347,-36.344933265221542],[149.585393179491803,-36.344859258232809],[149.585393180491792,-36.344859258232809],[149.585492187482771,-36.344808262241088],[149.585585179473924,-36.344763254248889],[149.585670176465555,-36.344724261256019],[149.585777179458347,-36.344650254264842],[149.585898175449557,-36.34457125527485],[149.586019171441706,-36.344485255284809],[149.586090669437766,-36.344428754290661],[149.586162164433915,-36.344372255296499],[149.586162165433933,-36.344372255296499],[149.586247161427139,-36.344321250303565],[149.586468150410809,-36.344179252321844],[149.586567148404868,-36.344105254329975],[149.586674134398265,-36.344026246338764],[149.586767144390222,-36.343975250346524],[149.586852140385048,-36.343912260353505],[149.586959135378521,-36.343833243362283],[149.58706613837208,-36.343753248371073],[149.587244127364045,-36.343600242385548],[149.587344111358732,-36.34352023939374],[149.58743012135858,-36.343418238400531],[149.587515117354911,-36.34334424040744],[149.587608119348317,-36.343282236415128],[149.587708112339953,-36.343225234423443],[149.587754111337148,-36.343191234427223],[149.587800109334324,-36.343157234431004],[149.587800110334285,-36.343157234431011],[149.587886110328157,-36.343100232438118],[149.587985099320662,-36.343038237446322],[149.588149095308069,-36.34293623645992],[149.588256090300035,-36.342868236468775],[149.588256090300035,-36.342868235468778],[149.588398097290309,-36.342771227480505],[149.588483085284992,-36.34270923348749],[149.588529586282874,-36.342669231491264],[149.588576086280796,-36.342629229495046],[149.588576087280813,-36.342629229495039],[149.588662078276144,-36.342561228502092],[149.588754075269691,-36.342499225509691],[149.589053069242397,-36.342346228534687],[149.589167064234061,-36.342272221544121],[149.589273063223146,-36.342227222553056],[149.589366056213493,-36.342188220560878],[149.589458053203316,-36.342154220568666],[149.589564061190174,-36.342126216577697],[149.589564062190163,-36.342126216577697],[149.589671055177632,-36.342092216586785],[149.589671056177622,-36.342092216586785],[149.589869052153517,-36.342036218603653],[149.589961049141806,-36.342014221611507],[149.590075044128128,-36.34198021162122],[149.590231036109941,-36.341930210634445],[149.590380035092153,-36.341885211647117],[149.590515033074354,-36.341857208658688],[149.590582030065917,-36.341840208664408],[149.590649026057491,-36.341823208670114],[149.590649027057481,-36.341823208670121],[149.590791025038442,-36.341796208682304],[149.591011019009358,-36.341751209701151],[149.591117008995383,-36.34172920371023],[149.591216016981889,-36.341712207718736],[149.59130101296978,-36.34170120872605],[149.591393009956448,-36.341691205734001],[149.591507013939747,-36.341680206743845],[149.591599011926547,-36.341669207751785],[149.591684016913689,-36.341664205759145],[149.591797007896275,-36.341659204768952],[149.591902998880073,-36.34165420277813],[149.591988003866504,-36.341654202785534],[149.592087001850615,-36.341655197794154],[149.592171998837046,-36.341655197801565],[149.592291999816979,-36.341662198812031],[149.59237699580342,-36.341662198819442],[149.592482994785627,-36.341669199828708],[149.592708985748004,-36.341681193848466],[149.592828986727142,-36.341694191858998],[149.593005980697342,-36.341706194874469],[149.593090985682977,-36.341712191881925],[149.593090986682995,-36.341712191881918],[149.593196975665137,-36.341719192891183],[149.593196976665126,-36.341719192891183],[149.593281981651614,-36.34171919289858],[149.593408974630421,-36.341726193909686],[149.59356498360475,-36.341732190923302],[149.59364897659043,-36.341739191930657],[149.593783973568918,-36.341739191942409],[149.593875971554155,-36.341740186950432],[149.593960967540568,-36.341740186957828],[149.594094961519744,-36.341736188969456],[149.594214962499819,-36.341742176979942],[149.59439895646878,-36.341755183996042],[149.594398957468769,-36.341755183996042],[149.594497946452179,-36.341761181004692],[149.594603954435172,-36.341762185013941],[149.594688950420817,-36.341768182021362],[149.594688951420807,-36.341768182021362],[149.59478094740615,-36.341768182029377],[149.594780948406139,-36.341768182029377],[149.594893948388005,-36.341769177039218],[149.595013949369559,-36.341764184049637],[149.595127944351219,-36.341765179059557],[149.595247945332119,-36.341765179070002],[149.595346943316173,-36.341766174078629],[149.595431939302642,-36.341766175086036],[149.595516936288959,-36.341767179093431],[149.595629936271592,-36.341762177103227],[149.595728934256471,-36.341757175111809],[149.595834933240269,-36.341752173121016],[149.595983933217184,-36.341747171133953],[149.596131928194239,-36.341742170146802],[149.596252924176412,-36.341731171157257],[149.59634492216324,-36.341720172165182],[149.596450921147664,-36.341710168174359],[149.596570913130762,-36.341693173184687],[149.596663914118096,-36.341677172192682],[149.596748910106783,-36.341660167199969],[149.596748911106801,-36.341660167199969],[149.596833916096159,-36.341638170207233],[149.59691891208567,-36.341615168214467],[149.597024912072499,-36.341587165223508],[149.597152908057296,-36.341548163234393],[149.597272900041105,-36.341526165244694],[149.59746490001487,-36.341493160261194],[149.59746490101486,-36.34149316026118],[149.597556897003244,-36.341470159269058],[149.597556898003262,-36.341470159269058],[149.597655895990414,-36.341448161277526],[149.597754902976902,-36.341431156286028],[149.597839889966281,-36.341409159293285],[149.59783989096627,-36.341409159293285],[149.598052874939782,-36.341353161311453],[149.598144880927379,-36.34133615631935],[149.598229877916765,-36.341314159326608],[149.598314873905451,-36.341297154333901],[149.598399879895624,-36.341269151341102],[149.598527876879615,-36.341236146352031],[149.598626874868359,-36.341202154360431],[149.59871286585917,-36.341168154367701],[149.598712866859188,-36.341168154367701],[149.598758869854237,-36.341150154371576],[149.598797862850148,-36.341134154374863],[149.598882858841819,-36.341095151382007],[149.59888285984178,-36.341095151382007],[149.599017856824815,-36.341061151393539],[149.599102862811947,-36.341056149400906],[149.599201860795318,-36.341062146409548],[149.599293857779742,-36.341069147417613],[149.599406848761731,-36.341069147427447],[149.599540851740244,-36.341070142439122],[149.599639849724355,-36.341071146447767],[149.599738838708532,-36.341071146456386],[149.599859834690733,-36.341060148466838],[149.599993846669889,-36.341056141478468],[149.60022084163586,-36.341040140498137],[149.600326831619611,-36.341035138507323],[149.600411836606838,-36.341029150514693],[149.600411837606856,-36.341029150514693],[149.6005178265913,-36.341019138523848],[149.60051782759129,-36.341019138523848],[149.600867718577518,-36.340703381552231],[149.601135311577906,-36.34037961157339],[149.601674468562294,-36.339851202616856],[149.602125643585083,-36.339139238651441],[149.602413173633494,-36.338430842671805],[149.602746266688882,-36.337615469695429],[149.602728195763945,-36.337072709690275],[149.602569694882391,-36.336372102671845],[149.602548692897216,-36.336286101669451],[149.60252869491103,-36.336206107667188],[149.602528693910983,-36.336206107667188],[149.602493698926565,-36.336131105663647],[149.602438695955129,-36.33598210665788],[149.602404695972012,-36.335896105654363],[149.602376691987274,-36.335815107651371],[149.602307688021796,-36.335638104644204],[149.602265691039918,-36.335552104639973],[149.6022386830534,-36.335483108637156],[149.60216305409719,-36.335244415629006],[149.601399978390162,-36.333956165554078],[149.601167022479558,-36.333562888531183],[149.560183693187753,-36.264373668509492],[149.536593600207112,-36.224548218197398],[149.536514519236903,-36.224417747189683],[149.536580557232838,-36.224369162195075],[149.536633938230381,-36.224323670199418],[149.536710624226828,-36.224258332205636],[149.536818040224119,-36.224150092214252],[149.536890299225661,-36.224051524219874],[149.536906003233014,-36.223977338220735],[149.536883154241991,-36.223936847218482],[149.536849288252171,-36.223900203215308],[149.536811667262839,-36.223864831211806],[149.536777541273096,-36.2238281862086],[149.536754198282154,-36.223787696206308],[149.536742357293861,-36.22371374320479],[149.536750846303818,-36.223627922204955],[149.536775380311724,-36.223538614206504],[149.536811649317144,-36.223454218209092],[149.53685539331957,-36.223383116212425],[149.536956919311734,-36.223320690220817],[149.537117330289504,-36.22329624623459],[149.537310450258445,-36.223299213251373],[149.537510167224099,-36.223319041268844],[149.537690325192045,-36.223345180284646],[149.537926876146571,-36.223405293305575],[149.538160253096606,-36.223502911326491],[149.538387956044033,-36.223627376347075],[149.538607456990576,-36.223767994367059],[149.538816236938089,-36.223914098386153],[149.538976171893921,-36.224056096400979],[149.539122688848693,-36.224222459414783],[149.539266434803693,-36.224389888428377],[149.539417970760411,-36.2245350784425],[149.539587936720267,-36.224634748457916],[149.53969398069907,-36.224667682467341],[149.539804434678558,-36.22469020047707],[149.539917533658638,-36.22470510748699],[149.54003150163922,-36.224715191496948],[149.540144563620174,-36.224723241506823],[149.540144564620192,-36.22472324150683],[149.540515592563906,-36.224703422538902],[149.540890457516156,-36.224614589570862],[149.54126830747245,-36.224491397602861],[149.541648272428375,-36.224368555635031],[149.54202949237947,-36.224280717667561],[149.542271134345839,-36.2242448796883],[149.542513718311596,-36.224212689709148],[149.542756919276513,-36.224185771730085],[149.543000435240515,-36.224165754751098],[149.543243942203389,-36.224154280772176],[149.543401775177983,-36.224156898785893],[149.543559608152606,-36.22415951579962],[149.543875696099064,-36.224184892827239],[149.544192071044336,-36.224219045854923],[149.544508651989901,-36.224250563882627],[149.544825268937302,-36.22426805291024],[149.545082660895133,-36.224278082932656],[149.545342167852255,-36.224290668955284],[149.545600742810564,-36.22429570697777],[149.545855364771825,-36.224283103999788],[149.545855364771825,-36.224283102999806],[149.546102976737814,-36.224242757021038],[149.546184611728165,-36.224217944027956],[149.546184612728155,-36.224217944027963],[149.546265287719478,-36.224186660034754],[149.546345622710902,-36.224155134041531],[149.546345623710891,-36.224155134041531],[149.546426244701507,-36.224129613048355],[149.546426245701468,-36.224129613048362],[149.546507790690299,-36.224116320055359],[149.546605174673857,-36.224123464063851],[149.546703411654818,-36.224149523072555],[149.54680229263468,-36.224183380081378],[149.546901613614864,-36.224213947090199],[149.547001167596932,-36.22423010009895],[149.547235719561883,-36.22421338211921],[149.547481269531715,-36.224146995140089],[149.547724659506912,-36.224042197160543],[149.547952739488153,-36.22391022117948],[149.548152358476045,-36.22376229719584],[149.548323937473924,-36.223572386209483],[149.548460871482632,-36.223342362219853],[149.548580307496906,-36.223090976228555],[149.548699448511599,-36.222836981237243],[149.548767452516529,-36.222718058242371],[149.548835458521495,-36.22259913124747],[149.548835459521513,-36.22259913124747],[149.54889990052439,-36.222499730252416],[149.548899901524408,-36.222499730252416],[149.548963580527612,-36.222399073257293],[149.54896358152763,-36.222399073257293],[149.549029188530312,-36.222300084262329],[149.54909943853167,-36.222205648267803],[149.549099439531687,-36.222205648267803],[149.549177022530841,-36.222118698273967],[149.549254013527218,-36.222053718280222],[149.549254014527207,-36.222053718280229],[149.549339297521215,-36.221996680287269],[149.549426552514632,-36.22194179429448],[149.549509496509216,-36.221883241301285],[149.54958182650671,-36.221815267307122],[149.54967116150803,-36.221698018314108],[149.549750251513188,-36.221564079320082],[149.549813769522103,-36.221420476324667],[149.549856375534716,-36.221274282327393],[149.549872779550867,-36.221132535327868],[149.549869149563307,-36.221042671326977],[149.54985668057742,-36.220951175325276],[149.549835910592719,-36.22086036132287],[149.549807360608895,-36.22077253231982],[149.54977156762547,-36.220690028316156],[149.549718671639425,-36.220648014311294],[149.549718670639436,-36.220648014311301],[149.549668490653659,-36.220600657306619],[149.549621976667879,-36.220549006302235],[149.54958011468176,-36.22049415629823],[149.54954384669503,-36.220437172294709],[149.549494643720067,-36.220307382289583],[149.549475352743002,-36.220156985286913],[149.549478131763919,-36.219995624286078],[149.549495136782724,-36.219832946286481],[149.549518532799425,-36.219678586287486],[149.549597737825849,-36.219383985292424],[149.549597738825838,-36.219383985292424],[149.549734653844069,-36.21908189030232],[149.549916721853037,-36.218795607316238],[149.550131399851665,-36.218548443333255],[149.550366085838817,-36.218363705352424],[149.550490102828149,-36.218295794362746],[149.55062170281505,-36.218237187373788],[149.550758349799736,-36.218188504385331],[149.550897479782719,-36.218150389397159],[149.551036564764246,-36.218123479409059],[149.551214875735525,-36.218126590424575],[149.551214876735514,-36.218126590424575],[149.551411339699285,-36.218164875441907],[149.551602146663271,-36.218207929458742],[149.551763471635383,-36.218225337472894],[149.551871505623353,-36.218186685482017],[149.551910068623215,-36.218141399485063],[149.551944983624452,-36.218090161487758],[149.551974537627046,-36.218035023489968],[149.551996992631047,-36.217978021491533],[149.552010653636415,-36.217921181492343],[149.551957192656118,-36.217836283487145],[149.551810595691819,-36.217742277473789],[149.55162874373417,-36.217640151457317],[149.551469506773913,-36.217530889442763],[149.551390767801649,-36.217415468435156],[149.551385290814125,-36.217327837434105],[149.551394585825022,-36.217234513434299],[149.551416735833925,-36.217140740435589],[149.551449830840426,-36.217051800437872],[149.551491970844154,-36.216972962441019],[149.551520718844614,-36.216934999443268],[149.551554117843949,-36.216900067445941],[149.551589579842755,-36.216866416448781],[149.551624529841689,-36.216832299451603],[149.551656414841432,-36.216795959454139],[149.551724809845069,-36.216686706459349],[149.551777760852673,-36.21656579146314],[149.551868583871908,-36.21631137546936],[149.551922062879612,-36.216189089473211],[149.551972117882457,-36.216107355477],[149.552030759883792,-36.216026903481563],[149.552087169885453,-36.215946855485932],[149.552130457889263,-36.215866341489168],[149.552149765896985,-36.215784508490302],[149.552133693912168,-36.215689221488276],[149.55208540493274,-36.215591523483425],[149.552017313956526,-36.215493421476872],[149.551941854981237,-36.215396942469681],[149.551871443004728,-36.215304075462946],[149.551815786023184,-36.215231476457625],[149.55175605004186,-36.215161736451975],[149.551695050060658,-36.215092892446215],[149.551635583079332,-36.215022991440591],[149.551580472097726,-36.214950069435332],[149.551460992143546,-36.214746856423602],[149.551364243187948,-36.214527543413737],[149.551281685231316,-36.214298567405066],[149.551204792274262,-36.21406640939685],[149.551125030317166,-36.21383748738841],[149.551077692341664,-36.213709185383443],[149.551031312366035,-36.213580516378563],[149.550985820390338,-36.213451525373763],[149.550941152414509,-36.213322237369027],[149.550897309438568,-36.213192699364363],[149.550851638464906,-36.213048522359429],[149.550808880490905,-36.21290329635476],[149.550766175516884,-36.212758089350096],[149.550720692543138,-36.212613975345192],[149.55066958057003,-36.212472048339805],[149.550598818603049,-36.21230726333259],[149.550519899636953,-36.212145715324652],[149.550437135671274,-36.211985636316406],[149.550354845705527,-36.211825288308198],[149.550277387739328,-36.211662897300393],[149.550213905769482,-36.21151106529387],[149.550155011799177,-36.211356947287733],[149.550096252828865,-36.211202892281619],[149.550033119858938,-36.211051230275132],[149.549961111889814,-36.210904320267908],[149.549884299921302,-36.210758260260263],[149.549804663953608,-36.210609467252368],[149.549717892986308,-36.210466689243887],[149.549619665018781,-36.210338692234494],[149.549505679050668,-36.210234244223919],[149.549410643072946,-36.210179698215285],[149.549305783094979,-36.210139109205919],[149.549196557116915,-36.210104302196207],[149.549088460138989,-36.21006709218657],[149.548986997161393,-36.210019314177451],[149.548893467183632,-36.209963720168957],[149.548893466183642,-36.209963720168957],[149.548800707206226,-36.209903984160505],[149.548711713228897,-36.209839174152336],[149.548629442251325,-36.209768359144718],[149.548556869273114,-36.209690596137897],[149.548510275288493,-36.209630618133474],[149.548466423303807,-36.209567090129248],[149.548426892318872,-36.209500685125363],[149.548410076326093,-36.209466367123675],[149.548393260333285,-36.20943204812199],[149.548393259333267,-36.20943204812199],[149.548367111346693,-36.209361878119253],[149.54836711234671,-36.209361877119257],[149.548352213356196,-36.209307905117612],[149.548340560365403,-36.209252311116224],[149.548332564374135,-36.209195900115155],[149.54832862038225,-36.209139445114431],[149.548329149389531,-36.20908373411411],[149.548338194396479,-36.209020152114483],[149.548355781402023,-36.208957109115595],[149.548377698406853,-36.208894244117083],[149.548399741411686,-36.208831219118586],[149.54841769641726,-36.208767655119722],[149.548431536422413,-36.20871223112055],[149.54844624642746,-36.208656349121462],[149.548459091432818,-36.208600369122195],[149.548467347438901,-36.208544640122547],[149.548468298446011,-36.208489511122274],[149.548462893453035,-36.208443078121498],[149.548462892453017,-36.208443078121498],[149.548453221460704,-36.208396492120357],[149.548453220460715,-36.208396492120357],[149.548439918468887,-36.208350363118889],[149.548423648477467,-36.208305310117183],[149.548405039486141,-36.208261943115282],[149.548377556496831,-36.20821401211257],[149.548377555496842,-36.20821401211257],[149.548343797508153,-36.208169076109328],[149.548307323519708,-36.208125367105879],[149.548271718531225,-36.208081058102501],[149.548240577542344,-36.208034374099491],[149.548209472554873,-36.207976628096404],[149.5481810835673,-36.207916964093542],[149.548155599579445,-36.20785582009092],[149.548133189591226,-36.20779367308856],[149.548114060602529,-36.207730943086482],[149.548086487611471,-36.207696620083873],[149.548060993620339,-36.207659966081394],[149.54803790262909,-36.207621502079135],[149.548017527637541,-36.207581773077116],[149.548008863641627,-36.207561537076238],[149.548000200645674,-36.207541301075345],[149.548000199645685,-36.207541301075345],[149.547983025656293,-36.207481726073453],[149.547973837666035,-36.207419014072237],[149.547969436675231,-36.207354473071433],[149.547969435675242,-36.207354473071433],[149.547966639684319,-36.20728944007076],[149.547962246693487,-36.207225231069955],[149.547957003703004,-36.207159471069069],[149.547957002703015,-36.207159471069062],[149.547953309712312,-36.207093523068309],[149.547949697721634,-36.207027584067561],[149.547944722731103,-36.206961851066687],[149.547936932740981,-36.206896521065573],[149.547907056761943,-36.206773625062176],[149.547862334785123,-36.206652244057487],[149.547814853808603,-36.206531615052562],[149.547814852808585,-36.206531615052562],[149.547776648830592,-36.206411014048456],[149.547759805849324,-36.206289668046175],[149.547758711859473,-36.206214183045581],[149.547760101869528,-36.206136295045191],[149.547767093878605,-36.206059482045291],[149.547782816885643,-36.205987233046187],[149.547810398889766,-36.205923032048148],[149.547849624890404,-36.205871373051203],[149.547899948888443,-36.205825684055291],[149.547957219884836,-36.205784324059984],[149.548017296880403,-36.205745671064946],[149.548076064876057,-36.205708103069803],[149.548141770870814,-36.205668841075251],[149.548210335864553,-36.205633953080969],[149.548210336864571,-36.205633953080969],[149.548280200857846,-36.205600992086829],[149.548280201857864,-36.205600992086822],[149.548349815851225,-36.205567521092647],[149.548417618845264,-36.205531100098298],[149.548417619845253,-36.205531100098298],[149.548430302844253,-36.205523508099347],[149.54843030384427,-36.205523508099347],[149.548485010839954,-36.205490771103889],[149.54855159483489,-36.205448954109393],[149.548617372830165,-36.205405811114822],[149.548682352825693,-36.205361493120165],[149.548746525821542,-36.205316171125446],[149.548804890818332,-36.20527043713021],[149.548861309815834,-36.205221529134782],[149.54891763981334,-36.205172729139356],[149.548975743810132,-36.205127327144105],[149.549037496805482,-36.205088593149206],[149.549158465792601,-36.205040654159397],[149.549290720775275,-36.205013153170697],[149.549429527755223,-36.204998254182662],[149.549570172734235,-36.204988089194821],[149.549707957714162,-36.204974805206689],[149.550053707665597,-36.204927125236402],[149.550406386615549,-36.204882575266744],[149.550758231563151,-36.204856794297143],[149.551101498507563,-36.204865463327003],[149.551428441447911,-36.2049242223558],[149.551523576428878,-36.204954206364263],[149.5516174204094,-36.204988852372644],[149.551710493389692,-36.205026187380966],[149.551803341369919,-36.205064293389299],[149.551896513350272,-36.20510121639763],[149.552065385313938,-36.205173385412778],[149.55223317327679,-36.205253110427876],[149.552401301239996,-36.205329609442984],[149.552571141204766,-36.205392133458162],[149.552571142204783,-36.205392133458162],[149.552744110172313,-36.205429916473442],[149.552744111172331,-36.205429916473442],[149.552987402132317,-36.205440619494631],[149.553243396094928,-36.205416578516726],[149.553499183061717,-36.205360643538576],[149.553741874034472,-36.205275637559104],[149.55395856001482,-36.205164412577169],[149.554049715008944,-36.205099558584664],[149.554135214005129,-36.205025749591613],[149.55421813900233,-36.20494770859829],[149.554301593999327,-36.204870143605035],[149.554388660995102,-36.204797768612117],[149.554525155987278,-36.204693086623294],[149.554525156987296,-36.204693086623294],[149.554664536979004,-36.204588745634695],[149.554807772969156,-36.204491235646501],[149.554955857956799,-36.204407028658807],[149.555109742940886,-36.204342621671749],[149.555350084909406,-36.204292414692304],[149.555608211869355,-36.204285906714695],[149.555875203823689,-36.204310817738055],[149.556142124775562,-36.204354884761536],[149.556400098727863,-36.204405818784288],[149.556688631670937,-36.204490026809914],[149.556969732610526,-36.204609883835133],[149.557248260548704,-36.20474327786021],[149.557248261548722,-36.20474327786021],[149.557529057487642,-36.204868055885434],[149.55781697142956,-36.204962088911074],[149.557960054402031,-36.204998634923747],[149.558104706374252,-36.205035350936562],[149.558249922347073,-36.205066438949373],[149.558249923347063,-36.205066438949366],[149.558394708321515,-36.205086096962091],[149.558394709321504,-36.205086096962091],[149.558538060298474,-36.205088516974563],[149.558650151284326,-36.205060992984137],[149.558762241270188,-36.205033468993683],[149.558762242270177,-36.205033468993683],[149.558981357250758,-36.204917287011945],[149.559199729235047,-36.204774258029985],[149.559421614217825,-36.204638678048362],[149.559651299193803,-36.204544861067703],[149.559927237155762,-36.204501556091401],[149.560212991110888,-36.204498024116198],[149.560503711062893,-36.204512349141552],[149.560794592015384,-36.204522630166913],[149.561080811972062,-36.204506926191677],[149.561272076943993,-36.204489715208176],[149.561470601914294,-36.204476349225345],[149.561664581886532,-36.204453877242059],[149.561842203864245,-36.204409380257196],[149.561991651851002,-36.204329914269664],[149.562101693853663,-36.204177965278213],[149.562165454871405,-36.203967661282377],[149.562189428882903,-36.203851818283695],[149.562213402894429,-36.203735978285003],[149.562213403894418,-36.203735978285003],[149.562276025913093,-36.20351990128902],[149.562383790917607,-36.203356416297297],[149.562482394911797,-36.203282347305382],[149.56259292090246,-36.203220379314573],[149.562711048890691,-36.203167626324493],[149.562832527877561,-36.203121219334761],[149.562832528877578,-36.203121219334761],[149.562953057864149,-36.203078273344943],[149.562953058864167,-36.20307827334495],[149.563049761852881,-36.203047455353143],[149.563148203840711,-36.203021531361522],[149.563247632827995,-36.202998368370011],[149.563347293815156,-36.202975850378529],[149.563446426802585,-36.202951845386984],[149.563611372783214,-36.202901019400976],[149.563776641764832,-36.202841767414959],[149.56394166874594,-36.202786433428926],[149.564105880725094,-36.202747359442945],[149.564268710700645,-36.202736907457037],[149.564339786688436,-36.202744105463253],[149.564410548675511,-36.202756807469491],[149.564481202662279,-36.202772243475735],[149.564551927649006,-36.202787607481973],[149.564622931636109,-36.202800121488238],[149.564788756607015,-36.202821213502787],[149.564955728578411,-36.202837160517412],[149.565123283550463,-36.202847621532044],[149.565290847523272,-36.202852247546637],[149.565457863496988,-36.202850687561153],[149.565736760456019,-36.202826054585209],[149.566014778418491,-36.20277630460906],[149.56629249138274,-36.202713583632772],[149.566292492382757,-36.202713583632772],[149.566570527347068,-36.202650037656525],[149.566849424309765,-36.202597813680427],[149.56732957023803,-36.202564665721937],[149.567830854157449,-36.202572634765566],[149.568323559079232,-36.202573154808398],[149.568777998014497,-36.202517658847526],[149.569164470974414,-36.202357588880083],[149.569377966961156,-36.202201767897606],[149.569587239952199,-36.202018893914598],[149.569775788949215,-36.201815303929649],[149.569927100954061,-36.201597371941361],[149.570024691968513,-36.20137144294835],[149.570051781996028,-36.201130813949106],[149.570018579035491,-36.200872659944515],[149.569950328081774,-36.200604600936806],[149.569872252129926,-36.200334255928233],[149.569809594174956,-36.200069235921028],[149.569767159205071,-36.199892411916174],[149.569713277237298,-36.199713579910302],[149.569664154268594,-36.19953591390486],[149.569636034295996,-36.199362621901258],[149.56964512431648,-36.199196886900964],[149.56964512531647,-36.199196886900964],[149.56966039932189,-36.199137733901892],[149.569680254326443,-36.199079530903241],[149.569702584330543,-36.19902182090479],[149.569725307334579,-36.198964172906393],[149.569746319338918,-36.198906103907824],[149.569815082354921,-36.198702684912455],[149.569883128371202,-36.198498143917021],[149.569945885388506,-36.19829227692113],[149.569998782407566,-36.198084886924349],[149.570037255429128,-36.197875720926305],[149.570068612456026,-36.197635171927445],[149.57009088848514,-36.19738819692774],[149.570096221516991,-36.197141390926582],[149.570076734551805,-36.196901343923301],[149.570024573590075,-36.196674653917263],[149.569947743626699,-36.196490228909354],[149.569845554666358,-36.196312849899307],[149.569726127707952,-36.196141717887791],[149.569597548750266,-36.195976027875503],[149.569467929792097,-36.195814962863174],[149.569325384834627,-36.195664447849794],[149.56916501887838,-36.195525703834925],[149.569003819922074,-36.195388894820006],[149.568858755964243,-36.195244171806429],[149.568746832003484,-36.195081680795631],[149.568688253030842,-36.194945051789631],[149.568688252030853,-36.194945051789631],[149.568666407043906,-36.19487264478726],[149.568644562056932,-36.194800238784879],[149.568611170082022,-36.194650406780987],[149.568583517106504,-36.194498735777579],[149.568583516106514,-36.194498735777579],[149.568557045130575,-36.194348391774284],[149.568520033162116,-36.19415436676978],[149.568484804193844,-36.193957105765413],[149.568459238224023,-36.193759512761879],[149.56845117025108,-36.193564483759893],[149.568468470273444,-36.193374913760138],[149.568468471273462,-36.193374913760138],[149.568475637277146,-36.193338232760517],[149.568482804280876,-36.193301552760907],[149.568500095287817,-36.193228442761921],[149.568520336294199,-36.193155977763205],[149.56854352529993,-36.193084561764749],[149.568569664305073,-36.193014598766545],[149.568628521312689,-36.192886691770823],[149.568628522312679,-36.192886691770823],[149.568699830317797,-36.192762531776211],[149.568780918320783,-36.192642889782448],[149.568869141321926,-36.192528580789372],[149.568961819321515,-36.192420385796709],[149.56909825131595,-36.192298995807754],[149.569255658304684,-36.192195506820767],[149.569255659304702,-36.192195506820767],[149.569418220291965,-36.192097082834238],[149.56957011428193,-36.191990904846755],[149.569695529278789,-36.191864099856815],[149.569785698281635,-36.1917346878638],[149.569867870287254,-36.191593603870004],[149.569867871287272,-36.191593603870011],[149.569902229291671,-36.19151937787251],[149.569936588296031,-36.191445150874998],[149.569986374308201,-36.191293659878333],[149.570011777324027,-36.191143459879541],[149.570005332345886,-36.190986079877931],[149.569969036372896,-36.19082531087372],[149.569913190403156,-36.190663591867803],[149.56984809443469,-36.190503333861074],[149.569784046465514,-36.190346966854477],[149.569726945490174,-36.190229125848717],[149.569657850516364,-36.190113884841949],[149.569589464542361,-36.189999405835259],[149.569534514566328,-36.189883860829717],[149.56950572258657,-36.189765401826428],[149.569504305597377,-36.189685541825774],[149.569512579606766,-36.189604695825956],[149.56952660861532,-36.189523329826635],[149.569542492623555,-36.189441900827468],[149.569556305632091,-36.189360839828147],[149.569574116641746,-36.189266762829078],[149.569596777650588,-36.189172452830412],[149.569618111659651,-36.189078420831642],[149.569631969669814,-36.188985123832239],[149.569632203681948,-36.188893054831645],[149.569632202681959,-36.188893054831645],[149.569625470689061,-36.188847249830751],[149.569615215696729,-36.188801792829565],[149.569603284704584,-36.188756488828226],[149.569591460712473,-36.188711113826898],[149.569581591720095,-36.188665486825748],[149.569557415743475,-36.188517823822664],[149.569539200766229,-36.188367578820078],[149.569529267787743,-36.188216606818223],[149.569529957807504,-36.188066666817292],[149.56954361882481,-36.187919567817502],[149.569588841847747,-36.18769174881993],[149.569661467867547,-36.187455108824672],[149.569760805881771,-36.187228714831811],[149.569886202887972,-36.187031606841394],[149.570036958883748,-36.186882858853529],[149.570157452873616,-36.186815233863555],[149.570292270858516,-36.186767554874969],[149.570435156840716,-36.186730936887145],[149.570579852822362,-36.186696479899489],[149.570579853822323,-36.186696479899496],[149.570720085805561,-36.186655281911406],[149.570832762792662,-36.186617749920963],[149.570946201779492,-36.186581498930586],[149.571058977766626,-36.186543796940143],[149.571169628754632,-36.186501871949481],[149.571276703744132,-36.18645300095848],[149.571597407725193,-36.18621191498476],[149.57186958872694,-36.185872575006179],[149.571869589726958,-36.185872575006179],[149.572111723741102,-36.185475516024603],[149.57234226775941,-36.185061264041906],[149.572579668773443,-36.184670364059969],[149.57278384978116,-36.184367749075705],[149.572986273789297,-36.184063485091279],[149.573184000798648,-36.183756290106452],[149.573374126809711,-36.183444864120915],[149.573463921816483,-36.183286406127692],[149.573553718823177,-36.183127943134437],[149.573553719823195,-36.183127943134444],[149.573666099832195,-36.182925286142876],[149.573779377841191,-36.182721750151366],[149.573887052851376,-36.182515865159381],[149.573982661863937,-36.182306171166296],[149.574059715880196,-36.182091233171569],[149.574113122899007,-36.181884919174863],[149.574152662920739,-36.181673548176896],[149.574180665944652,-36.18145913917791],[149.57419949897016,-36.181243717178113],[149.574211491996635,-36.18102924517774],[149.574210640031424,-36.180767219175941],[149.574191107069282,-36.180504458172493],[149.574161875108729,-36.180241231168218],[149.574131935148358,-36.179977798163875],[149.574110251186653,-36.179714401160233],[149.574082562307467,-36.178834129152001],[149.574085538365381,-36.178392971149343],[149.574088514423295,-36.177951813146677],[149.574088515423284,-36.177951813146677],[149.574115891535769,-36.177068386143205],[149.574152473646876,-36.176184816140548],[149.574152474646866,-36.176184816140548],[149.574186053758353,-36.175302034137616],[149.574193126776834,-36.175153967137256],[149.574202654794931,-36.175005774137098],[149.574211170813186,-36.174857645136861],[149.574211171813147,-36.174857645136861],[149.574215222832066,-36.17470979313623],[149.574211341852163,-36.174562425134916],[149.574179770897189,-36.174260160130167],[149.574122938946402,-36.173955886123217],[149.574042666998935,-36.173654831114241],[149.573940791053815,-36.173362193103443],[149.573819141109993,-36.173083207091025],[149.5735996771933,-36.172716051069493],[149.573599676193311,-36.172716051069493],[149.573323685282332,-36.172373681043247],[149.573010663374646,-36.172050538013885],[149.573010662374656,-36.172050538013885],[149.57268013446793,-36.171741046983101],[149.572351631559798,-36.171439632952534],[149.572025414647243,-36.171169485922391],[149.571676500735208,-36.170922303890421],[149.571323705823119,-36.170679980858139],[149.570985843910421,-36.170424389827069],[149.570681731996558,-36.170137417798728],[149.570681731996558,-36.170137416798738],[149.570506693050021,-36.16994279978222],[149.570335033103817,-36.169741513765963],[149.570173726157009,-36.169532599750561],[149.570029720208595,-36.169315106736597],[149.569910015257562,-36.169088066724683],[149.56981098130322,-36.168861609714583],[149.569719271349527,-36.168620863705009],[149.569719270349594,-36.168620863705002],[149.569649253393038,-36.168375770697303],[149.569615271430109,-36.168136261692766],[149.569631684457136,-36.1679122696927],[149.569714861472221,-36.167698344698522],[149.569855479477042,-36.167493759709387],[149.570032930474696,-36.167298793723525],[149.570226633468479,-36.167113705739133],[149.570415997461623,-36.166938764754455],[149.570664389445653,-36.166762200774869],[149.570964252418747,-36.166606451799908],[149.571256308391952,-36.166459325824334],[149.571481259376242,-36.166308650842893],[149.571579827382635,-36.166142252850342],[149.571552442410251,-36.16596619084681],[149.571458356449313,-36.16578337083741],[149.571324856495067,-36.165597555824576],[149.57117914654259,-36.165412503810686],[149.571048496587167,-36.165231959798135],[149.570812349664095,-36.164932742775612],[149.57053417974609,-36.164646011749532],[149.570262750826572,-36.16436223872406],[149.570046835899177,-36.164071877703364],[149.569935198957353,-36.163765389691626],[149.569919852982764,-36.163591721689144],[149.569919851982746,-36.163591721689144],[149.569920292006429,-36.163412208687994],[149.569937243027539,-36.163232292688278],[149.569971476045254,-36.163057423690098],[149.570023736058687,-36.162893024693545],[149.570331291034222,-36.16270964871908],[149.570627168991024,-36.162682222744614],[149.570923038947797,-36.162654797770152],[149.570923039947786,-36.162654797770152],[149.571629194838465,-36.162635982831425],[149.572279988745379,-36.162560766887509],[149.572705643707593,-36.162336720923044],[149.572841626713142,-36.162132028933513],[149.572954393725581,-36.161902756941792],[149.572954394725571,-36.161902756941792],[149.573043415743797,-36.161658264947917],[149.573108252766644,-36.161407873951902],[149.573148392792973,-36.161160924953755],[149.573129801846363,-36.160779094949604],[149.573016883916068,-36.160387368937201],[149.573016882916079,-36.160387368937201],[149.572852528994702,-36.159989341920259],[149.572679632075079,-36.159588570902585],[149.572541121149897,-36.159188633887879],[149.572487041183706,-36.15899750388192],[149.572430963217869,-36.158806346875771],[149.572377878251615,-36.158614670869881],[149.572332799284254,-36.158421980864695],[149.572332798284236,-36.158421980864695],[149.572300726315007,-36.158227766860612],[149.572300725315017,-36.158227766860612],[149.572278791341319,-36.158055003857577],[149.572278790341301,-36.158055003857577],[149.5722593303677,-36.157878754854707],[149.572249559392503,-36.157702907852688],[149.572256730414011,-36.157531364852183],[149.57228807843066,-36.157368049853808],[149.57234654144105,-36.157219498857927],[149.572428274446963,-36.157076944864087],[149.572525050449883,-36.156939132871585],[149.572628638451221,-36.156804788879704],[149.572730818452499,-36.15667268688771],[149.572953824449769,-36.156426204905472],[149.573209782438681,-36.156203673926257],[149.573474408425284,-36.155988063947845],[149.573598925420526,-36.155875213957913],[149.573723445415709,-36.155762359968001],[149.573723446415727,-36.155762359968001],[149.57393260241605,-36.15550953098451],[149.574158844430229,-36.155131269001657],[149.574358221454219,-36.154711047016228],[149.574510251488306,-36.154271337026529],[149.574510251488306,-36.154271336026532],[149.574594459532705,-36.153834638030965],[149.574590380587722,-36.153423434027893],[149.574572408605206,-36.153312827025587],[149.574549540623423,-36.15320240902286],[149.574521752642283,-36.153092941019722],[149.574488989661745,-36.15298514901616],[149.57445121568162,-36.15287979501219],[149.57438203170986,-36.152749163005304],[149.574291647740694,-36.152624177996607],[149.574199184771572,-36.152501299987769],[149.574123707799941,-36.152376969980381],[149.57408433782328,-36.15224764597609],[149.574106954845604,-36.152051782976763],[149.574200278859735,-36.151833160983422],[149.574343011865807,-36.151616384994405],[149.57444817786461,-36.151499226002777],[149.574513865863906,-36.151426053007995],[149.574691540854189,-36.151286780022524],[149.574922927827743,-36.151209842042135],[149.57492292882776,-36.151209842042135],[149.575200515784445,-36.151205190066257],[149.575504098731045,-36.15124533909291],[149.575813463674535,-36.151302772120189],[149.576108405621568,-36.151349976146157],[149.576469456554889,-36.151422074178029],[149.576830104483463,-36.151530681210126],[149.577188583412124,-36.151641171242012],[149.577543180345742,-36.151718907273363],[149.577892147289134,-36.151729261303799],[149.578129433255668,-36.15169816532422],[149.578370564223889,-36.151649965344873],[149.578606909195486,-36.151581911364971],[149.578829834172211,-36.151491258383757],[149.579030690155747,-36.151375256400478],[149.579174051148129,-36.151261458412186],[149.579306942144456,-36.151129876422871],[149.579430143144037,-36.150985654432624],[149.579544425145997,-36.150833939441561],[149.579650550149609,-36.150679875449768],[149.579752784157932,-36.150494294457445],[149.579834437171371,-36.150294989463212],[149.579909260186497,-36.150091121468364],[149.579990966199915,-36.149891870474157],[149.579990967199905,-36.149891870474157],[149.580093299208244,-36.149706378481817],[149.580208218208867,-36.149564308490881],[149.580341700204997,-36.149433470501627],[149.580478455200307,-36.149305402512674],[149.580603162198258,-36.149171623522633],[149.580700511202451,-36.149023655530129],[149.580780004217672,-36.148813100535655],[149.580826572240824,-36.148582528538171],[149.580847315269466,-36.148340922538367],[149.580849305301342,-36.148097255536932],[149.58083964233424,-36.147860507534524],[149.580828643348383,-36.147766563532933],[149.580817645362544,-36.14767262253136],[149.580817644362554,-36.14767262253136],[149.580778974393354,-36.147485821526764],[149.580732317425372,-36.147299415521474],[149.580732316425411,-36.147299415521474],[149.580686376457351,-36.147112696516231],[149.580649866487988,-36.146924927511812],[149.580624408512676,-36.146768613508556],[149.580598619537511,-36.146611627505287],[149.580576702561757,-36.146454417502333],[149.580562862584713,-36.146297413500086],[149.580561293605626,-36.146141063498916],[149.580561294605644,-36.146141063498916],[149.580579383628731,-36.145944358499186],[149.580615660649102,-36.145747392501036],[149.580665670667088,-36.145551431504089],[149.580724931683307,-36.14535772850796],[149.580788979698326,-36.145167557512266],[149.580916707722224,-36.144833927521169],[149.580916708722214,-36.144833927521169],[149.581069714741716,-36.144503479532283],[149.581247407755797,-36.144184334545635],[149.581449195763497,-36.143884624561196],[149.58167448776382,-36.143612468578993],[149.581674488763838,-36.143612468578993],[149.581807396761178,-36.143473348589637],[149.581807397761196,-36.143473347589634],[149.581947109756982,-36.143338126600881],[149.582093742750629,-36.1432105156128],[149.582247403741718,-36.143094225625383],[149.582408208729674,-36.142992959638704],[149.58259409471205,-36.142903687654282],[149.582791248690171,-36.142833248670968],[149.58299539366547,-36.142775834688344],[149.583202264639368,-36.142725645706008],[149.583407603613296,-36.142676881723553],[149.583409753613012,-36.142676441723729],[149.583547001595036,-36.142648465735498],[149.583688444575529,-36.142626727747654],[149.583829770556008,-36.142605285759807],[149.583968801537651,-36.142577775771713],[149.584103378521661,-36.142537805783149],[149.584214307509967,-36.142493343792509],[149.584323452499461,-36.142442509801675],[149.584430267489978,-36.142386080810589],[149.584534195481638,-36.142324857819233],[149.584634691474349,-36.142259653827537],[149.584728373469829,-36.142182034835173],[149.584815422467983,-36.142091560842147],[149.584901163466441,-36.14200071084899],[149.584990955462672,-36.141921944856293],[149.585090107454135,-36.141867721864557],[149.585169052444428,-36.141846637871289],[149.585251933432744,-36.141835773878434],[149.585337091419831,-36.141831650885798],[149.585422859406378,-36.141830825893258],[149.585507568393126,-36.141829794900623],[149.585586030380597,-36.141830655907469],[149.58566463536755,-36.141835433914331],[149.585743240354361,-36.141841053921212],[149.585821666341474,-36.141844415928048],[149.585899742329389,-36.141842443934827],[149.586101378303056,-36.141800455952087],[149.586299437282491,-36.141719233968793],[149.586496618264221,-36.141621077985278],[149.586695618245045,-36.141528274001999],[149.586899127221471,-36.141463142019269],[149.587053478199664,-36.141443251032563],[149.587212124175153,-36.141438868046322],[149.587370768150322,-36.141436824060115],[149.587525101127568,-36.141424006073464],[149.587670811109405,-36.141387271085897],[149.587856024094435,-36.141278977101287],[149.588021293089184,-36.141120987114626],[149.588177437088746,-36.140937495127005],[149.588335301088193,-36.140752684139521],[149.588505734082673,-36.14059075915327],[149.588616054075771,-36.140510738162348],[149.588730937067481,-36.140436131171839],[149.588846321059009,-36.14036233918138],[149.588958147051557,-36.140284783190609],[149.589062353046444,-36.140198827199114],[149.589278564047476,-36.139932355216139],[149.589443609063807,-36.139611633228384],[149.589581503088368,-36.139261052238062],[149.589716267114142,-36.138905003247423],[149.589871945134064,-36.138567885258738],[149.589925253139995,-36.138459305262657],[149.589975246146992,-36.138346672266266],[149.590027695153253,-36.138236496270096],[149.590088318157029,-36.138135275274699],[149.590162899156638,-36.138049525280628],[149.59025480615108,-36.137981265288175],[149.590360160141699,-36.137926199296977],[149.590473976129658,-36.137881236306583],[149.590591224116139,-36.137843300316533],[149.590706869102348,-36.137809300326374],[149.590811613088846,-36.137786146335337],[149.590919154073674,-36.1377722883446],[149.591027447057968,-36.137761154353953],[149.591134468043066,-36.137746185363149],[149.591238200030006,-36.137720799372026],[149.591371673016766,-36.137661260383254],[149.59149850500728,-36.137581194393746],[149.591623113999077,-36.137494225404005],[149.591749917989659,-36.137413998414516],[149.59188337397643,-36.137354154425729],[149.592055490953783,-36.137319670440483],[149.592236384926025,-36.137313216456185],[149.592421033896215,-36.137317680472286],[149.592604427867428,-36.137315959488234],[149.592781555842748,-36.137290923503478],[149.593066439814294,-36.137165355527443],[149.59333521579785,-36.136968300549526],[149.593598174785029,-36.136750583570972],[149.593865606767565,-36.136563039593007],[149.594147792737033,-36.136456484616858],[149.594366603704003,-36.136444526635813],[149.594590881665368,-36.136468460655493],[149.594818342623938,-36.136509757675562],[149.595046709582476,-36.136549871695713],[149.595273695543909,-36.136570264715601],[149.595838165460265,-36.136527739764439],[149.596403130386733,-36.13640788281284],[149.596969232317434,-36.136254912861098],[149.597537119246425,-36.136113066909594],[149.598107416167636,-36.136026591958661],[149.598584740096982,-36.135990009999979],[149.599067791024311,-36.135961998041829],[149.599550007948835,-36.135956064083771],[149.600024838869814,-36.13598573512531],[149.600485719786462,-36.136064510165944],[149.600559439772354,-36.136083280172485],[149.600632772758075,-36.136103655179028],[149.600705927743661,-36.136124765185528],[149.600779127729368,-36.136145732192027],[149.600852595715082,-36.136165650198556],[149.601290278630614,-36.136281177237436],[149.601735024545548,-36.136392214276896],[149.602182289462917,-36.136482149316421],[149.602627599385556,-36.136534372355541],[149.603066438316461,-36.136532283393734],[149.603516177253567,-36.13646984043249],[149.603969565196735,-36.136357816471218],[149.604415673146718,-36.136202425509033],[149.604843558104534,-36.136009870545024],[149.605242301071058,-36.13578634357826],[149.605583972055172,-36.135497945606105],[149.605886577055344,-36.135135208630032],[149.606177735058992,-36.134759895652898],[149.606485073053506,-36.134433776677518],[149.606836227026491,-36.134218605706664],[149.607106229993974,-36.134141792729665],[149.607391659954743,-36.134097043754224],[149.607685040910667,-36.134079330779663],[149.607978895863624,-36.134083597805287],[149.608265732815482,-36.134104814830401],[149.608525857770729,-36.13413205685324],[149.6087932877235,-36.134169516876781],[149.609054640674685,-36.134226222899912],[149.609296505625167,-36.134311218921546],[149.609505491575902,-36.134433522940562],[149.609596617550466,-36.134516824949038],[149.609678216524941,-36.134612299956792],[149.60975599749932,-36.134712902964232],[149.609835677473683,-36.134811586971821],[149.609922968448018,-36.134901316980013],[149.610100552401235,-36.13504258899642],[149.610294209353953,-36.135168300014122],[149.610499017306751,-36.135280268032702],[149.610710046260152,-36.135380306051736],[149.61092236621468,-36.135470242070838],[149.611232976151626,-36.135575478098588],[149.611556502090338,-36.135651770127268],[149.611887926030619,-36.135707051156515],[149.612222181972157,-36.135749253185892],[149.61255428691473,-36.135786310215074],[149.613185428806844,-36.135847605270463],[149.61383041170032,-36.13588161332688],[149.614474811599564,-36.135872953382957],[149.615104233508845,-36.135806270437349],[149.615704273432499,-36.135666181488673],[149.61599111139796,-36.135584448513143],[149.61630312936029,-36.135496430539732],[149.616596951327466,-36.135393649564641],[149.616829253307429,-36.135267634584054],[149.616956649308122,-36.135109886594108],[149.616974326313112,-36.135051333595257],[149.616988086318941,-36.13499096159606],[149.616998063325468,-36.134929531596512],[149.617004400332632,-36.134867778596657],[149.617007242340293,-36.134806464596501],[149.6169778583658,-36.134649084592901],[149.616901879398625,-36.134492035585232],[149.616806432434629,-36.134334009575873],[149.616718648469714,-36.134173742567164],[149.616665662499798,-36.13400995256147],[149.616666504540063,-36.133704962559513],[149.616745854570354,-36.133381236564283],[149.616879167592884,-36.133051963573713],[149.617041927609705,-36.132730353585757],[149.61720959862302,-36.132429576598383],[149.617430892635952,-36.132067772615265],[149.617688607642577,-36.131709876635355],[149.617978619640581,-36.131378630658411],[149.618296814627627,-36.131096794684261],[149.618639068601254,-36.130887127712697],[149.618883874576511,-36.130781630733338],[149.619146985546934,-36.130690843755659],[149.619416720512845,-36.130626248778718],[149.619681417474567,-36.130599338801623],[149.619929415432381,-36.130621623823373],[149.620173692382707,-36.130705131845211],[149.620416302326163,-36.13084228086727],[149.620645565266642,-36.131018575888412],[149.620849808207709,-36.13121956590755],[149.621017381153223,-36.13143076692355],[149.62112972610538,-36.13165806593485],[149.621197780060697,-36.131914498942471],[149.621246356017167,-36.132184977948498],[149.621300246972964,-36.132454407954981],[149.621384274926129,-36.13270770296397],[149.621448850897622,-36.132845990970516],[149.621518106868592,-36.132982520977457],[149.621591754839159,-36.133116917984765],[149.621669534809371,-36.133248804992419],[149.621751160779411,-36.133377788000388],[149.621841023747635,-36.133510472009107],[149.621935405715448,-36.1336406830182],[149.622034197683007,-36.133767766027638],[149.622137274650356,-36.133891065037439],[149.622244546617679,-36.134009928047583],[149.622454158554831,-36.134234090067331],[149.622681386488495,-36.134463478088655],[149.622921460423242,-36.134669919110948],[149.62316960936343,-36.134825237133597],[149.623421067313586,-36.134901261156017],[149.623631810281012,-36.134895578174337],[149.623849518253337,-36.134844600192977],[149.624069387229326,-36.134763592211613],[149.624286602207661,-36.134667812229893],[149.624496359187134,-36.13457253424756],[149.6247288761665,-36.134450445267007],[149.624951075150648,-36.134305130285412],[149.625169590136437,-36.134151317303441],[149.625391091120974,-36.134003752321767],[149.625622236101236,-36.133877163341076],[149.625817194080554,-36.133800162357552],[149.626019573056823,-36.133737961374777],[149.626223145032469,-36.133678862392124],[149.626421680010054,-36.133611166408983],[149.626608972992074,-36.133523167424741],[149.626731393982197,-36.133451858434924],[149.62685272197308,-36.133375700444994],[149.626969763965462,-36.133293474454661],[149.627079330960015,-36.133203960463611],[149.627178231957345,-36.133105939471584],[149.627273401956444,-36.132999016479175],[149.627372794956699,-36.132878558487043],[149.627458749959544,-36.132754667493707],[149.627513627966408,-36.132637445497714],[149.627519776978744,-36.132536995497574],[149.627487049992595,-36.132471334494291],[149.627433777008918,-36.132411804489259],[149.627370294026491,-36.132354775483343],[149.62730696404418,-36.132296581477448],[149.62725412206089,-36.132233564472422],[149.627153582102153,-36.132042165462387],[149.627081646142443,-36.131823973454658],[149.627037193180229,-36.131591483449242],[149.627019141214163,-36.131357201446129],[149.627026375242593,-36.131133630445284],[149.62709220626985,-36.130849132449121],[149.627223108286529,-36.130566999458672],[149.627396983295682,-36.130290577471989],[149.627591761300295,-36.130023182487193],[149.62778536630347,-36.129768175502377],[149.627977876303191,-36.129540391517651],[149.628190439297725,-36.129327900534776],[149.628411761290067,-36.129121836552684],[149.628630500283123,-36.128913334570377],[149.62883533627982,-36.128693519586776],[149.628889415280781,-36.128621915591005],[149.628940268282861,-36.128545578594952],[149.628991919284573,-36.12847091759896],[149.629048365284461,-36.128404306603443],[149.629113631281086,-36.128352153608766],[149.629153835277521,-36.128330864612138],[149.629196261273222,-36.128313070615725],[149.629240087268329,-36.128297715619439],[149.629284504263126,-36.128283704623215],[149.629328696257943,-36.128269972626981],[149.629420810246955,-36.128243089634829],[149.629514726235101,-36.128220464642872],[149.629609816222484,-36.128202222651034],[149.62970544320919,-36.128188489659287],[149.629800964195312,-36.128179373667543],[149.629911319181446,-36.128152311676992],[149.630027188165201,-36.128136633686985],[149.630146113147674,-36.128127131697298],[149.630265701129872,-36.128118588707665],[149.630383488112955,-36.128105779717835],[149.630554673089279,-36.128080285732601],[149.630725544065911,-36.12805307174731],[149.630896012042768,-36.128024162761974],[149.631066005019932,-36.127993550776601],[149.631235441997433,-36.127961262791153],[149.631346864984351,-36.127927234800651],[149.631460688970151,-36.127898612810384],[149.63157607395496,-36.127875548820285],[149.631692165938915,-36.127858230830292],[149.63180810592209,-36.127846819840322],[149.631936541902206,-36.127843762851505],[149.632065703880869,-36.127850521862804],[149.632195286858746,-36.127863062874184],[149.632324941836373,-36.127877368885585],[149.632454345814324,-36.127889425896953],[149.632606572788859,-36.127899913910291],[149.632758932763437,-36.127909881923642],[149.632911168737877,-36.127921005936976],[149.63306300971206,-36.127934926950317],[149.633214204685743,-36.127953329963617],[149.633387173654683,-36.127981234978897],[149.633559371622994,-36.128014885994126],[149.633731013590932,-36.128052346009341],[149.633902315558657,-36.128091653024526],[149.634073491526379,-36.128130862039718],[149.634198709502812,-36.128159359050819],[149.634323792479165,-36.128188509061935],[149.634448732455496,-36.128218297073012],[149.634573502431721,-36.128248721084098],[149.634698119407915,-36.128279781095173],[149.634753400397784,-36.128290260100066],[149.634976397356695,-36.128334255119803],[149.635354389284657,-36.128427256153373],[149.635699386222143,-36.128487261183864],[149.636052378169012,-36.128467254214513],[149.636442374106451,-36.12847425524857],[149.636794372040612,-36.12855125527976],[149.637137368968524,-36.128686253310555],[149.637408368905028,-36.128842253335229],[149.637666369839451,-36.129029269358973],[149.637879371784834,-36.129187259378597],[149.638090373738095,-36.129288256397679],[149.638321931692133,-36.129358973418334],[149.638388372678946,-36.129379259424276],[149.638644365634491,-36.129409261446796],[149.638965356581082,-36.129429260474922],[149.639235351536968,-36.129440259498523],[149.639476357495937,-36.129462256519709],[149.639615352471736,-36.129479252531937],[149.639678351460333,-36.129490251537504],[149.639745348448571,-36.129499251543393],[149.639836350431921,-36.129516255551458],[149.639928347415122,-36.129533251559586],[149.640217346367052,-36.129551251584928],[149.640316344349145,-36.129568256593664],[149.640436345327117,-36.129591248604285],[149.640535343310006,-36.129602265612995],[149.640641342292469,-36.129608253622273],[149.640740341276029,-36.129614250630951],[149.640831334261634,-36.12961425063888],[149.640916330249667,-36.129603251646223],[149.641015329236296,-36.129586247654743],[149.641107326224784,-36.129563254662628],[149.64119832821342,-36.129540252670402],[149.641283325202238,-36.129523248677714],[149.641368321191862,-36.129500246684962],[149.641452323180829,-36.129483251692179],[149.641544320169999,-36.129455247700022],[149.641636317158543,-36.129432246707893],[149.641735315145894,-36.129409244716385],[149.641826318133781,-36.129392239724197],[149.641911314122666,-36.129375244731499],[149.642003312109523,-36.129364245739445],[149.642109311094345,-36.129352242748624],[149.642201308079791,-36.129352242756646],[149.642292310063851,-36.129364245764656],[149.642426304040413,-36.129381241776457],[149.642525293023198,-36.129393244785163],[149.642617299007213,-36.129404242793264],[149.642716297989949,-36.129416245801977],[149.642800298973611,-36.129439229809456],[149.64290628895381,-36.129462239818857],[149.642998294937001,-36.129479244827003],[149.643082296922131,-36.129491238834404],[149.643167292907265,-36.129502246841881],[149.643259290889688,-36.129525238850064],[149.643343282874781,-36.129537241857484],[149.643435288858001,-36.129554237865612],[149.64352029484067,-36.129583244873217],[149.643604295822939,-36.12961724588078],[149.643689292804851,-36.129652240888419],[149.643781289785039,-36.129692238896723],[149.643865290768048,-36.129720241904224],[149.643964289746947,-36.129761242913133],[149.644084289724276,-36.129789237923788],[149.644169286707779,-36.129812238931365],[149.644260288689566,-36.129841237939488],[149.644451284649449,-36.12991623995665],[149.644536280635293,-36.129921241964084],[149.644620282621304,-36.129927237971458],[149.644712279607376,-36.129922236979446],[149.644818278592879,-36.129905240988577],[149.644917276578013,-36.129899243997173],[149.645015279563353,-36.1298932380057],[149.645100276548305,-36.129905241013184],[149.645192282532975,-36.129911238021243],[149.645305273512065,-36.129934239031265],[149.645389275497962,-36.129940236038635],[149.645502275478663,-36.129951235048559],[149.645587271462972,-36.129968240056087],[149.645686269445719,-36.12998023406481],[149.645785267427868,-36.129997239073553],[149.645869269412287,-36.130014234080996],[149.645954274397269,-36.130026237088494],[149.646053263378604,-36.130049239097275],[149.646144266361944,-36.130066234105328],[149.646229262346111,-36.130084234112871],[149.646321260330126,-36.130095233120969],[149.646412262314954,-36.130101239128948],[149.646511260297842,-36.130112238137642],[149.646624260279168,-36.130118235147549],[149.646786257251193,-36.130136234161803],[149.646878254234394,-36.130153239169928],[149.646963251218722,-36.130170235177474],[149.647069250198086,-36.130199233186914],[149.647153260184012,-36.130205230194271],[149.647238248169174,-36.130216247201766],[149.647323244154904,-36.130222235209217],[149.647414247138954,-36.130234238217234],[149.647513245120251,-36.130257230226029],[149.647626245100128,-36.130274235236001],[149.647716243085085,-36.130280232243891],[149.647814246069487,-36.130281245252455],[149.647947236046718,-36.130294234264149],[149.648049237027152,-36.130320229273224],[149.648134242009888,-36.130349228280821],[149.648226239990834,-36.130383228289077],[149.648310239972915,-36.130418233296638],[149.648409237950489,-36.130469229305611],[149.648515236926869,-36.130521229315192],[149.648606239905689,-36.130572234323488],[149.648705237883973,-36.130618228332423],[149.648804226864456,-36.130647236341247],[149.648889232850252,-36.130653224348713],[149.648973233837751,-36.130647236355998],[149.649058238825006,-36.130642234363386],[149.649143226810907,-36.130647236370841],[149.649227227796814,-36.130653224378193],[149.649319225779863,-36.130671232386341],[149.649411222763064,-36.13068822839449],[149.649517221742627,-36.130716232403913],[149.649615224724073,-36.130739233412626],[149.6497072227057,-36.130768232420841],[149.649799219686543,-36.130803227429091],[149.64989821766477,-36.130849230438045],[149.650003212641423,-36.130900226447544],[149.650095219622273,-36.130935231455801],[149.65018022460427,-36.130969222463449],[149.650349222570014,-36.131026224478575],[149.650448220548952,-36.131067225487477],[149.65053921353001,-36.131101226495645],[149.650638221510548,-36.131130224504481],[149.650723217494829,-36.131147229512017],[149.650822215476126,-36.131170240520802],[149.650913218458726,-36.131193223528896],[149.65103021543635,-36.131222231539297],[149.651111214417483,-36.131268225546663],[149.651158329403984,-36.131313511551092],[149.651188215395536,-36.131342232553877],[149.651252217376225,-36.131411227559923],[149.651301213358664,-36.131485225564695],[149.651343219342891,-36.131554239568807],[149.651386219325502,-36.131634233573095],[149.651421214310034,-36.131709226576639],[149.651463219293532,-36.131783233580798],[149.651498233278886,-36.131852228584322],[149.651519074271135,-36.131885601586355],[149.651548225260342,-36.1319322325892],[149.651583220244873,-36.132007233592752],[149.651618225229527,-36.13208123159631],[149.651641226218487,-36.132137229598683],[149.651683222196709,-36.1322512336031],[149.65171723118047,-36.132333235606602],[149.651738224165769,-36.132419236609017],[149.651752217154353,-36.132488232610697],[149.651759236141999,-36.132573237611865],[149.651773247128347,-36.132659246613663],[149.651773247110071,-36.132797238614565],[149.651780239099935,-36.132865239615633],[149.651794240088634,-36.132934234617316],[149.651808242076442,-36.133009236619031],[149.651822243065197,-36.133077237620718],[149.651843245051936,-36.133152238623033],[149.651871249036901,-36.133232242626015],[149.651906235021556,-36.133306249629563],[149.65194824900496,-36.133381241633714],[149.651991249988384,-36.133455239637968],[149.652033254971116,-36.133535242642161],[149.652068249956443,-36.133604238645681],[149.652117255938066,-36.133684242650482],[149.652167256920251,-36.133759243655334],[149.652209253904431,-36.133828239659451],[149.65227925187969,-36.133931244666243],[149.652343254859801,-36.13400524267233],[149.652406253839871,-36.134080234678315],[149.652470256820749,-36.134148253684366],[149.652540256798915,-36.13422924369101],[149.652611259777899,-36.134303240697697],[149.652674258758793,-36.134372245703645],[149.652745262734697,-36.134469244710473],[149.652780257717779,-36.134555245714104],[149.652822262701193,-36.134630246718274],[149.652850266687722,-36.134698247721168],[149.652871267673646,-36.134779246723539],[149.652885269662448,-36.134847246725201],[149.652907267649795,-36.134916251727589],[149.652928269636675,-36.134990240729906],[149.652949272623431,-36.135065250732232],[149.652970275610954,-36.135134246734523],[149.652998269595912,-36.135214250737505],[149.653033273580547,-36.135288247741045],[149.653054276568071,-36.135357252743347],[149.653078273556844,-36.135413250745813],[149.653034276538222,-36.135606253743255],[149.642067595779793,-36.184550652110701],[149.646024534073234,-36.18515162045987],[149.644583686466405,-36.191441619375802],[149.644562683457536,-36.191533617374581],[149.644459687465485,-36.191596615366016],[149.64437969247021,-36.191656620359446],[149.644296695474424,-36.191723617352658],[149.644217695477778,-36.191792622346199],[149.644161697477244,-36.191863616341791],[149.644131704474034,-36.191923621339569],[149.644105699468469,-36.191996624337783],[149.644092702460426,-36.192072621337161],[149.644079704453219,-36.192142611336479],[149.644079704443527,-36.192215623336978],[149.644086705433637,-36.192281616338008],[149.644092710424843,-36.192340617338928],[149.64412370841211,-36.192399627342027],[149.644157708397813,-36.192466615345431],[149.644197715383115,-36.192529613349336],[149.644250710366123,-36.192594611354394],[149.644312713346721,-36.192666619360288],[149.644389714324035,-36.192745619367521],[149.644450714305577,-36.192811612373291],[149.64453571928297,-36.192880616381153],[149.6446057102618,-36.192956613387757],[149.644664710240875,-36.193043626393482],[149.644681715227051,-36.193127610395514],[149.644682719215581,-36.193212615396163],[149.644666718206707,-36.193298616395346],[149.644625717201791,-36.193384616392343],[149.64455973320068,-36.193471612387157],[149.644468722206085,-36.193539612379674],[149.64437873221064,-36.193612615372309],[149.644273728220242,-36.193665619363507],[149.644175725231406,-36.19369861535516],[149.644075741245388,-36.193712617346534],[149.643728745300365,-36.193712617316258],[149.643642745312519,-36.193723625308834],[149.643555740324842,-36.193734624301314],[149.643461753336823,-36.193756621293268],[149.643366744348953,-36.193778619285133],[149.643264752360722,-36.193811624276442],[149.643176752370977,-36.193839628268954],[149.64310075537864,-36.193872624262546],[149.643036762381286,-36.193928622257332],[149.643018762377551,-36.193978623256093],[149.643023764369417,-36.194033626256896],[149.643063761355165,-36.194093622260773],[149.643117760337816,-36.194159624265922],[149.643175766319445,-36.194228620271446],[149.643235762299469,-36.194307619277204],[149.643282769281029,-36.194390626281837],[149.64330777026646,-36.194470620284555],[149.643315766252556,-36.194565621285882],[149.643289770244166,-36.194659617284245],[149.643224772243059,-36.194745626279143],[149.643145782244432,-36.194829619272795],[149.643050781251901,-36.194886621264899],[149.642962773259484,-36.194934623257531],[149.642870785267974,-36.194980626249816],[149.642785797275309,-36.195026629242705],[149.642677790285774,-36.195076630233615],[149.642589791296587,-36.19510062722609],[149.642482797308048,-36.19514162821703],[149.642382794320554,-36.195166629208487],[149.642281797334192,-36.195184628199783],[149.642060809363244,-36.195229627180808],[149.641981810372982,-36.19525063917407],[149.641899807382259,-36.195278634167082],[149.64180881439259,-36.19530962215935],[149.641715813404772,-36.195328635151377],[149.641623815417887,-36.195339633143419],[149.641542817428444,-36.19535663813646],[149.64145682543986,-36.195373634129083],[149.641364819452036,-36.195391633121176],[149.641263822465504,-36.195410637112488],[149.641088827493235,-36.195410637097218],[149.640996830507021,-36.195416643089246],[149.640806838537117,-36.195416643072669],[149.64072482754932,-36.195422640065559],[149.640643837561498,-36.195427642058533],[149.640537838576194,-36.195443642049383],[149.640486457582881,-36.195454426044968],[149.640465839576819,-36.195524641043647],[149.647471731327613,-36.196571579661729],[149.722943685680946,-36.231751573490747],[149.740220956865898,-36.239805088057246],[149.740298951870216,-36.239680085063256],[149.740334951873677,-36.239611089065953],[149.740354949880555,-36.239536088067204],[149.740368942887415,-36.239468087067976],[149.740382944895202,-36.23939308506872],[149.740410938902244,-36.2393070850706],[149.740431941909577,-36.239227090071907],[149.740452934915481,-36.239158076073295],[149.740473936923479,-36.239073080074569],[149.740522933925718,-36.238998078078374],[149.740592924925323,-36.238918075083973],[149.74067792092265,-36.238837076090888],[149.74076991891647,-36.23877407709854],[149.740860920908176,-36.238728074106199],[149.740959918898596,-36.238682071114575],[149.741044915890484,-36.238642074121771],[149.74112890788183,-36.238607069128882],[149.741213904872893,-36.238573069136102],[149.741298909862451,-36.23855006814339],[149.741382902853019,-36.238521069150565],[149.741474899841506,-36.238498068158464],[149.74155989483188,-36.238469060165734],[149.741644891820698,-36.238452064173067],[149.741728892811238,-36.238423057180228],[149.741813889800795,-36.238400064187537],[149.741905886788516,-36.238383060195474],[149.741990883775827,-36.2383770542029],[149.742074884762502,-36.238377054210261],[149.742166872748072,-36.238376059218318],[149.74225187873455,-36.238376059225764],[149.742343875719172,-36.238382056233853],[149.74255587368566,-36.238381052252421],[149.742647871671096,-36.238381052260479],[149.742731872659363,-36.238369049267767],[149.742823869647054,-36.238352054275715],[149.742908866635162,-36.238340042283092],[149.74299386262237,-36.238335049290491],[149.743077864610626,-36.238323046297786],[149.743183863596101,-36.238306041306963],[149.743268859583424,-36.238300045314382],[149.743353865571521,-36.238288042321742],[149.743530840543457,-36.238288042337253],[149.743614851530282,-36.238287038344609],[149.743706848514876,-36.238293044352702],[149.74379184550142,-36.238293035360165],[149.743890843485048,-36.238298037368864],[149.743982840470437,-36.238298037376921],[149.744067846458421,-36.238287038384307],[149.744158839444793,-36.23828103239223],[149.744250836431803,-36.238269038400212],[149.744280839427603,-36.238265031402818],[149.74433583341991,-36.23825704440759],[149.744420838407223,-36.23825103941499],[149.744540839390481,-36.238234034425396],[149.744624831380236,-36.238211032432602],[149.744705830371373,-36.238181030439513],[149.74487982134832,-36.238147030454527],[149.74498582033462,-36.238124028463673],[149.745076822322432,-36.238107023471535],[149.745161819310567,-36.238095021478898],[149.745246815297861,-36.238089024486321],[149.745422814269944,-36.23808902450174],[149.745514811256982,-36.238077021509724],[149.745613809244304,-36.238054020518234],[149.745705807235879,-36.23800801652601],[149.745804796224718,-36.237974016534466],[149.745902799214633,-36.237933015542772],[149.745987796205753,-36.237899005550005],[149.746072792196117,-36.237870016557252],[149.746156794188153,-36.237830010564352],[149.746255783180857,-36.2377670115726],[149.746445783167701,-36.237640009588418],[149.746537781162289,-36.23757100459602],[149.746636760156491,-36.237496998604222],[149.746734772150177,-36.237428002612333],[149.746819768145087,-36.237365003619381],[149.746903761138697,-36.23731300362639],[149.746995758133352,-36.237243998633993],[149.747016761131874,-36.237229997635751],[149.747080755127485,-36.237186996641064],[149.74716475612334,-36.237117992647974],[149.747227746124082,-36.237037997652976],[149.747291749123917,-36.236962996658086],[149.74734074612536,-36.236893982661925],[149.747375741128906,-36.236825990664535],[149.747424729130358,-36.236756985668372],[149.747502733128783,-36.23667598767468],[149.747586735123861,-36.236612988681628],[149.747671731120278,-36.236538981688575],[149.747755724117781,-36.236457983695409],[149.747840720111924,-36.236400981702488],[149.747931722105932,-36.23633798271004],[149.74801671910015,-36.236279976717107],[149.74810072009447,-36.236222974724093],[149.748185708087902,-36.236170974731209],[149.74827070408125,-36.236119978738309],[149.74835470507341,-36.236078977745414],[149.748524698057139,-36.23599897375977],[149.748615700048049,-36.235958967767488],[149.748700696040004,-36.235917966774672],[149.748785702033359,-36.235866969781767],[149.748869685028609,-36.235802967788729],[149.749024690019269,-36.23568896380155],[149.749116679013184,-36.235624960809183],[149.749207672007202,-36.235561961816757],[149.749299669001829,-36.235492947824362],[149.749390662997229,-36.235418959831854],[149.749482667992737,-36.235343957839419],[149.749574664987364,-36.235274952847021],[149.749658657984668,-36.235194958853853],[149.749743653981227,-36.2351199568608],[149.749834647978275,-36.235033947868217],[149.749912642977392,-36.234947946874478],[149.749982642976988,-36.234867952880087],[149.750059643974794,-36.234792950886337],[149.750130637974223,-36.234712955892036],[149.750200636974597,-36.234626946897599],[149.750270627973407,-36.234552939903253],[149.750334630974066,-36.234471941908339],[149.750390628975083,-36.234397943912754],[149.750453617975893,-36.234316936917729],[149.750517620975614,-36.234242929922857],[149.750601613972322,-36.234167936929722],[149.750693609966191,-36.234104938937357],[149.750784611957869,-36.23405893494504],[149.750876600951699,-36.233995936952688],[149.750946600952091,-36.233909926958255],[149.751017594950838,-36.23383493396399],[149.751076990950452,-36.233767040968736],[149.751094281950714,-36.23374494497012],[149.751111626950916,-36.23372287597148],[149.751129034951077,-36.23370085997287],[149.751146487951246,-36.233678879974256],[149.751164003951402,-36.233656945975639],[149.751179537951344,-36.233638846976881],[149.751195834951147,-36.233621151978191],[149.751211807950966,-36.233603295979478],[149.751216585951028,-36.233597209979848],[149.751226382951131,-36.233584740980625],[149.751238493951888,-36.233564920981557],[149.751245601952775,-36.23354985298208],[149.75125186795384,-36.233534246982529],[149.751257245955117,-36.233518236982896],[149.751261682956624,-36.233502011983177],[149.751265116958251,-36.233485715983363],[149.751315681034839,-36.232851907983608],[149.751828277944185,-36.232922464028995],[149.762294616092106,-36.234363068956299],[149.769001410905304,-36.235286199550735],[149.778923588878115,-36.238680701443897],[149.807410544056097,-36.248426445010416],[149.813976598735934,-36.25050739460135],[149.834204270170346,-36.253174193398102],[149.834511268116188,-36.253215185425397],[149.834814260062757,-36.253255183452303],[149.835057488019885,-36.253287104473927],[149.835488206944035,-36.253343640512206],[149.835493656943072,-36.253344348512698],[149.83560577792332,-36.253359067522652],[149.83570819190524,-36.253372513531758],[149.887465514785077,-36.260165342136716],[149.902442626145699,-36.262130968471254],[149.914515141018114,-36.263715369547633],[149.938137075854939,-36.266815623655425],[149.942930677010054,-36.267444750083428],[149.943998043821949,-36.267584847178753],[149.949816260796467,-36.268348425698377],[149.950135108740284,-36.268390268726868],[149.953050343226465,-36.268772864987298],[149.952973486182543,-36.269188766983248],[149.952722745039239,-36.270545582970037],[149.95255491794336,-36.271453679961198],[149.952341427821295,-36.272608904949948],[149.951936977675274,-36.274166773924492],[149.950152552030829,-36.281040127812105],[149.945185221236812,-36.300174350499297],[149.94392032468204,-36.305772261424451],[149.953347169419658,-36.311441026295739],[149.951160449438788,-36.321274008167279],[149.95112046242096,-36.321453011164934],[149.950714515238928,-36.323278011141078],[149.950506525225222,-36.323624013124984],[149.9511115021796,-36.323250007176014],[149.951501488161568,-36.322924999208375],[149.951559485158441,-36.322880000213196],[149.951824477135119,-36.322740995235719],[149.952352472076228,-36.322556005281214],[149.952502458061304,-36.322489994294038],[149.953540430959123,-36.322025980382804],[149.953812414936152,-36.321875977405867],[149.954086407919135,-36.321679969428828],[149.954273403904409,-36.32156896844463],[149.954508394878133,-36.321486965464892],[149.954636391859822,-36.321471959476106],[149.954918388808125,-36.321522956501397],[149.955468373713359,-36.32157795055042],[149.955531371702506,-36.321583955556029],[149.956033363620065,-36.321603945600572],[149.956420364550752,-36.32166194263521],[149.956963348452462,-36.321750937683838],[149.957146348422981,-36.321753940700042],[149.957324346399702,-36.321716927715556],[149.957504969377197,-36.321671022731238],[149.957505336377153,-36.321670924731272],[149.957871326361868,-36.32135392076156],[149.958010321361826,-36.321190919772796],[149.958183298355692,-36.321032928787034],[149.958343304353775,-36.320858919800067],[149.958483295356757,-36.320671912811207],[149.95864228835211,-36.320519909824256],[149.958821280334064,-36.320442908839603],[149.959205269283729,-36.320363908873048],[149.9594042702563,-36.320332901890474],[149.959648259235678,-36.320198898911165],[149.959721262237707,-36.320097901916959],[149.959752251249,-36.31997789191891],[149.959732252259187,-36.319925899916804],[149.959608253291464,-36.319832898905226],[149.959537258305289,-36.319813903898797],[149.959481252315015,-36.319807897893796],[149.959228261361972,-36.319757905871093],[149.958777265441711,-36.319697909830779],[149.958706271455412,-36.319679909824387],[149.958560265489012,-36.319602918810958],[149.958497266505361,-36.319555910805065],[149.958354263554583,-36.319359912791121],[149.958288261592372,-36.31915791778394],[149.958247250639147,-36.318859918778344],[149.95824124464778,-36.318802916777443],[149.958309244694959,-36.318373916780622],[149.958354234705382,-36.318243920783736],[149.958391237706394,-36.318192915786675],[149.958477227736665,-36.317867916792132],[149.958493228740309,-36.317821921793247],[149.958657205795873,-36.317217908803762],[149.958701199833627,-36.316886912805479],[149.958731191841821,-36.316790917807495],[149.958750186864364,-36.316601920807926],[149.958782187877773,-36.316464914809856],[149.958887173892577,-36.316231912817614],[149.9589831678949,-36.316101907825228],[149.959091165892204,-36.315994904834085],[149.959207158888944,-36.315882907843623],[149.959495153867408,-36.31570390586792],[149.959788139835553,-36.315594894893138],[149.960029136802973,-36.315552888914176],[149.960149138782015,-36.315566891924895],[149.960275136757105,-36.315602882936261],[149.960407150722801,-36.31570189094861],[149.960441142709527,-36.315759888952002],[149.960493142678729,-36.315926887957716],[149.960511143656532,-36.316069890960243],[149.960494147646813,-36.316161888959357],[149.960493152640765,-36.316207891959564],[149.960492148633193,-36.316264893959861],[149.960327157612682,-36.316610894947537],[149.960251179597805,-36.316809895942121],[149.960233170580551,-36.316958903941511],[149.960246168572297,-36.317004889942972],[149.960272173554245,-36.31710789494597],[149.960523176458821,-36.317518895970892],[149.960765169392801,-36.31772289099365],[149.960890182361879,-36.317804886005256],[149.960967184345606,-36.317834889012282],[149.961177184300197,-36.317923884031451],[149.961424179259666,-36.317933889053371],[149.961859167207308,-36.317809884091055],[149.962452156143513,-36.317584881142039],[149.962836148095647,-36.317487874175399],[149.963177140047577,-36.317442877205281],[149.963318145024886,-36.317444877217767],[149.963572140980091,-36.31747786524047],[149.963705140952499,-36.317525868252559],[149.963851137918198,-36.317607881266028],[149.963914136901849,-36.317654870271909],[149.964010141870915,-36.317770865281169],[149.964077138840025,-36.317920878288092],[149.964112152799601,-36.318178862292896],[149.96406515477932,-36.318383868290091],[149.964035151774794,-36.318452864287892],[149.963814169763282,-36.318797870270629],[149.963768166755159,-36.318911864267292],[149.963704172723027,-36.319224869263707],[149.963676187691931,-36.319487873262965],[149.963714185664941,-36.319642870267337],[149.963863194608422,-36.319885866282156],[149.964015189563753,-36.320037870296595],[149.964154194528277,-36.320136869309557],[149.964287193499842,-36.320190859321691],[149.964407195478231,-36.320209855332429],[149.964548190457066,-36.320200864344855],[149.964620189448567,-36.320178858351092],[149.964863176427116,-36.320051857371759],[149.96505217442305,-36.319859858387218],[149.965075166427795,-36.319797854388838],[149.965208166435048,-36.31958785539922],[149.965314157458238,-36.319291856406657],[149.965347153475278,-36.319126855408477],[149.965384157477132,-36.319069854411389],[149.965399145480831,-36.319024854412412],[149.965553138486229,-36.318803857424577],[149.965733135475745,-36.31866985543963],[149.965876130461282,-36.318608855451885],[149.966188132415652,-36.318579849479306],[149.96640412938379,-36.318561851498323],[149.966413129382204,-36.318562846499113],[149.966510909364587,-36.318578336507869],[149.966634120342377,-36.318597851518916],[149.966711121328245,-36.318611844525819],[149.967063120263845,-36.318674845557403],[149.967260114229845,-36.318694845574967],[149.967386112204963,-36.318730845586359],[149.967570117175995,-36.318728838602652],[149.96769811515702,-36.318718843613901],[149.967761122145248,-36.318731841619567],[149.967891110102698,-36.318893839632153],[149.968031118035185,-36.319228833646754],[149.96812611899901,-36.319384834656198],[149.96869512581074,-36.320108831711359],[149.968796122770357,-36.320288829721498],[149.968836129750088,-36.320391834725712],[149.968858135713219,-36.320638828729294],[149.968847136696439,-36.320775833729222],[149.968773138692086,-36.320894830723461],[149.968636149697232,-36.321017833712155],[149.968456143709858,-36.321135835696992],[149.968384153716045,-36.321174828690857],[149.968313148725287,-36.321189833684684],[149.967891158767742,-36.321371836648524],[149.967756168783211,-36.321415840636867],[149.967391172818736,-36.321581843605649],[149.967254174829293,-36.321664840594075],[149.967087183832973,-36.321833846580404],[149.966999192829377,-36.321963833573477],[149.966901198813446,-36.322196842566342],[149.966852200785638,-36.322459837563741],[149.966833205762441,-36.322653844563348],[149.966886218695919,-36.323083838570881],[149.966971214645895,-36.323353843580179],[149.96699021763277,-36.323428827582354],[149.967052221579365,-36.323750841589977],[149.967117228537944,-36.323980839597262],[149.967236234475536,-36.324302835609927],[149.967379236424676,-36.324510836623951],[149.967490237394344,-36.324604833634382],[149.967574238375448,-36.324645826642112],[149.96773623634536,-36.324677828656675],[149.968119223292234,-36.32462082769019],[149.968183226282747,-36.32461582569583],[149.968318224267108,-36.324572825707492],[149.968562215243367,-36.324461825728356],[149.968734208232661,-36.324338822742767],[149.969060193218723,-36.324058824769779],[149.969132193214875,-36.324002817775792],[149.969319192203415,-36.323867820791449],[149.969527183184567,-36.323762816809172],[149.969726184157963,-36.323725814826552],[149.969951181117096,-36.323763813846725],[149.970105182079919,-36.323857810860979],[149.970305178025143,-36.324027822879799],[149.970414179983607,-36.324206806890636],[149.970446179961499,-36.324332813894301],[149.97044519292055,-36.324636808896223],[149.970406190905265,-36.324795820893826],[149.970301194893523,-36.325005810885919],[149.970206201889425,-36.325147809878445],[149.969689219896111,-36.325705824836362],[149.969412231891965,-36.326061810814195],[149.969249238895173,-36.326229813800872],[149.969019248899656,-36.326466820782066],[149.968983248898496,-36.326517816779223],[149.968922249887356,-36.32667180877484],[149.96889725687214,-36.326813816773566],[149.968894262854747,-36.326945819774167],[149.968946261787522,-36.327381819781657],[149.969036267723624,-36.327748814792052],[149.969160274648601,-36.328157814805728],[149.96924428455776,-36.328730811816953],[149.969275298528743,-36.328908809820874],[149.969350291501144,-36.329024812828294],[149.969538299382577,-36.329680815849258],[149.96982730725864,-36.330257801878666],[149.970024308185941,-36.330563814898113],[149.970098307152284,-36.330725812905754],[149.970132298139816,-36.330777821909095],[149.970376317045606,-36.331187808933414],[149.970642323948567,-36.331592812959641],[149.970751316912441,-36.331731817970216],[149.970916325860287,-36.33192381798608],[149.971185326781267,-36.332191806011672],[149.971262317761074,-36.332250807018887],[149.971650324659237,-36.332547803055213],[149.971719320641085,-36.33260080806167],[149.971887314606306,-36.332660804076937],[149.972472312463964,-36.333025801131157],[149.972735316393766,-36.333235801155823],[149.972811313368425,-36.333333796163195],[149.972858320346887,-36.333437796168056],[149.972868325324328,-36.33359280216996],[149.972855327297879,-36.333803796170201],[149.972749338274667,-36.334099797162779],[149.97271134026991,-36.334179800159944],[149.972526351254771,-36.334508806145742],[149.972387366253201,-36.334683810134585],[149.972321364249751,-36.334786806129415],[149.972107377238729,-36.335119800112672],[149.972053378221887,-36.335307811109132],[149.972065381175071,-36.335639820112384],[149.972118386143364,-36.335811813118227],[149.972212392104211,-36.33599081512773],[149.972260394088721,-36.336048812132354],[149.972796396917914,-36.336681815184001],[149.973086399834756,-36.336955809211496],[149.973225395799972,-36.337049805224417],[149.973526388736815,-36.337162806251825],[149.973744392696233,-36.337206801271421],[149.974090383639748,-36.337217801302124],[149.974175380626775,-36.337213803309623],[149.974296376608777,-36.33720480332029],[149.974521371567874,-36.337242793340458],[149.974853370512108,-36.337264791369996],[149.975120363460519,-36.337332792394101],[149.975366362410028,-36.337416785416444],[149.975812358304921,-36.337669785457607],[149.976131360219455,-36.337926783487561],[149.976228360196728,-36.337980782496508],[149.976367366162719,-36.338068781509399],[149.976408358149172,-36.338120781513361],[149.976638366091208,-36.338278781534783],[149.976896359030206,-36.338426777558624],[149.977277365929297,-36.338724776594326],[149.977354357909235,-36.338782773601523],[149.977733365800162,-36.339143772637478],[149.977849378755849,-36.339334768649017],[149.977921368717119,-36.339536771656739],[149.977944371685538,-36.339742773660127],[149.977939378660096,-36.339936781660967],[149.977781398593322,-36.340615777651472],[149.977733406574714,-36.340809776648491],[149.977569410556271,-36.341138782636143],[149.97751841355597,-36.341200786632044],[149.97734541952957,-36.34159878761934],[149.977083447496057,-36.342154788599807],[149.977009450490073,-36.342285788594118],[149.976865461462182,-36.342660797583854],[149.976828468458905,-36.342728789581017],[149.976672487370138,-36.343567792572749],[149.976649486365403,-36.343629805571112],[149.976581494350768,-36.343817807566339],[149.976243507337927,-36.344309805539666],[149.976018521342439,-36.344540816521253],[149.975961519348544,-36.344562814516351],[149.975924524346027,-36.344624809513483],[149.975815531350349,-36.344720813504473],[149.975706529349424,-36.34485582049571],[149.975668531344638,-36.34493580649287],[149.975642535324823,-36.345112818491735],[149.975662544312286,-36.345181823493959],[149.97575853928214,-36.345291820503199],[149.975982541232867,-36.345392818523692],[149.976115540207502,-36.345423815535682],[149.976334540170683,-36.345438813555184],[149.976817529102789,-36.345372811597507],[149.97704552007454,-36.34531380161733],[149.977123515065927,-36.345285807624037],[149.97747251101967,-36.345217797654506],[149.977869508961135,-36.34518379768943],[149.978201499909204,-36.345177791718804],[149.978647494836508,-36.345190790758394],[149.978731487820568,-36.345209776765962],[149.978830485804707,-36.345210789774733],[149.979436479693732,-36.345318779829128],[149.979690473648247,-36.345356777851869],[149.979984475588367,-36.345453777878568],[149.980228476530499,-36.345594772901094],[149.980360471494492,-36.345705765913522],[149.980426473459914,-36.345883772920544],[149.980431475451269,-36.345941778921372],[149.980441479426503,-36.346112776923391],[149.980424474413667,-36.346227775922642],[149.98031249639692,-36.346482774914413],[149.980245499392964,-36.3465907819092],[149.979992508388534,-36.346920782888965],[149.979704522393462,-36.347222788865444],[149.979522525397897,-36.347403789850517],[149.979444530393522,-36.347527797844421],[149.979381531391454,-36.347616791839428],[149.979342538381275,-36.347737796836782],[149.979342538364222,-36.347863795837618],[149.979425536332087,-36.348003795845891],[149.979540544288881,-36.348187799857293],[149.979580541272526,-36.348261797861326],[149.979826541224355,-36.348328794883557],[149.979903541209495,-36.348347789890504],[149.98009353417271,-36.348396786907657],[149.980269533142803,-36.348410788923331],[149.980553530100906,-36.348386783948349],[149.980909518055796,-36.348301778979319],[149.981159514031901,-36.348184781000668],[149.981785497983566,-36.347806769053626],[149.981935491969409,-36.347734770066438],[149.982299484927125,-36.347619762097921],[149.982463480907541,-36.347571760112139],[149.982718470873493,-36.347523758134408],[149.982981465834143,-36.347505759157585],[149.983080463818254,-36.347506754166368],[149.983157464804236,-36.347519761173267],[149.983423462747339,-36.347627751197557],[149.983576460708804,-36.347732755211801],[149.983625466694633,-36.347779753216457],[149.983728463664193,-36.347883754226267],[149.983808466626442,-36.348068753234585],[149.983843470581974,-36.348355754239584],[149.983808475548983,-36.348640756238353],[149.983769482538264,-36.348765759235732],[149.983547498518988,-36.349168762218724],[149.983429505514778,-36.349338755209395],[149.983118508528435,-36.34960277218358],[149.983067511528162,-36.34966476717949],[149.982936521530718,-36.349799765168768],[149.982690530540992,-36.35001277614839],[149.982395060564102,-36.350188928123373],[149.982105011596246,-36.350292318098347],[149.981838143609053,-36.350511506076153],[149.981652132610577,-36.350718547061049],[149.98149413357487,-36.351167778050026],[149.981397922554237,-36.351433301043258],[149.98135700252837,-36.351672147041199],[149.981403373489655,-36.351903759046849],[149.981488010442234,-36.352154644055993],[149.981551396407042,-36.352340280062847],[149.981665543361174,-36.352544892074299],[149.981788458305061,-36.35281506808699],[149.981971664225171,-36.353189996105684],[149.982201008151804,-36.353462574127803],[149.98238295009881,-36.353640187145082],[149.982537956056859,-36.353767880159666],[149.982794307994368,-36.353928452183439],[149.983120373917558,-36.354112591213536],[149.983416804861832,-36.354176021240221],[149.983710921814719,-36.3541787912663],[149.983912594772875,-36.354250781284648],[149.98419459272273,-36.35428978430987],[149.984372590696324,-36.354275782325544],[149.984678585660134,-36.354183776352059],[149.984965998645379,-36.353955140376009],[149.985152198643135,-36.353753146391163],[149.985377059630736,-36.353580535409961],[149.985654612600541,-36.353477458433865],[149.985866135571058,-36.353446864452408],[149.986011029544386,-36.353473604465421],[149.986248261506915,-36.353472026486422],[149.986373129471389,-36.353587716498254],[149.986357460446129,-36.353792472498213],[149.986338762421695,-36.353994924497897],[149.986347555392541,-36.354199761500034],[149.986510199324073,-36.354514478516514],[149.986577554300453,-36.354609766523119],[149.986645367280005,-36.354681012529589],[149.986715554258865,-36.354754759536306],[149.986797557238901,-36.354805764543919],[149.986848563226602,-36.354836761548633],[149.987001560192653,-36.354907757562657],[149.987514552089664,-36.355065757609154],[149.987894545021504,-36.355122750643211],[149.988514539907527,-36.3552367466989],[149.988655542880196,-36.35527274671162],[149.988801529847336,-36.355343741725036],[149.98894053480862,-36.355466745738163],[149.988966539791335,-36.355563745741101],[149.988957538785741,-36.35561574574065],[149.988933542771804,-36.355746745739395],[149.98886654576404,-36.355882747734356],[149.988698551767015,-36.35605775172062],[149.988634557771121,-36.356102759715249],[149.988306564775996,-36.356451754688486],[149.987809582807387,-36.356803762646777],[149.987636586815114,-36.356949767632415],[149.987541595816424,-36.357051768624672],[149.98745960280479,-36.357233765618602],[149.987345597783644,-36.357523768610434],[149.987275615760126,-36.357779771605912],[149.987240620727761,-36.358059771604651],[149.987237617716602,-36.358145771604953],[149.987291625691626,-36.358266777610545],[149.987429626653949,-36.358382771623539],[149.987660619600405,-36.358506770644823],[149.987913618551801,-36.358568775667649],[149.988252619497871,-36.358568766697694],[149.989010596379615,-36.358551753764736],[149.989094598365284,-36.358558763772244],[149.989455587303979,-36.358587753804414],[149.990273577161929,-36.358675744877473],[149.990611573098846,-36.358744749907899],[149.990674572084885,-36.35877374891367],[149.99109556399759,-36.358923742951966],[149.991157567982867,-36.358959742957701],[149.991823554842284,-36.359215727018402],[149.991992552808739,-36.359264733033719],[149.992062551794362,-36.359288730040085],[149.992462550716652,-36.359392730076216],[149.992857539642841,-36.359473720111751],[149.993259538572659,-36.359519714147702],[149.993393530550975,-36.359522716159582],[149.994060522453537,-36.359458704218277],[149.994216512433098,-36.359426702231893],[149.994366506415844,-36.359377705244874],[149.994702503378647,-36.359257695273861],[149.99485250736376,-36.359191693286718],[149.995067489347065,-36.359062692304917],[149.995126490346024,-36.359000687309738],[149.995197484339229,-36.358967691315819],[149.99536447433556,-36.358798683329496],[149.995474471335569,-36.358669682338387],[149.995570466345782,-36.358481680345669],[149.995596461363306,-36.358321682346919],[149.995630452428372,-36.357801680346498],[149.995638448433198,-36.357756680346903],[149.995645440467825,-36.357492672345778],[149.99562144449726,-36.357303675342401],[149.99556943552966,-36.357125677336612],[149.995571434537879,-36.357062678336376],[149.995458434596316,-36.356763675324402],[149.995336434640819,-36.356578676312346],[149.995122429706441,-36.356345674291845],[149.994866427777879,-36.356118670267669],[149.994804432798048,-36.356042682261645],[149.994388432905367,-36.355738686222772],[149.994180432965294,-36.355540680203035],[149.994009436019155,-36.355343687186569],[149.993867429078591,-36.355071684172188],[149.993741422144524,-36.35473268315878],[149.993728424152835,-36.354686689157326],[149.993665418202539,-36.354393673149808],[149.993623412253527,-36.35406668414393],[149.993621405280237,-36.353871681142465],[149.993694397314187,-36.353535674146698],[149.993790392325053,-36.353342679153933],[149.993900389326654,-36.353201675162765],[149.993958386323527,-36.353156676167607],[149.994165383299588,-36.353090674185523],[149.994243377287688,-36.353086667192393],[149.994370379267252,-36.353088666203675],[149.994588374226623,-36.353132661223285],[149.994854370168326,-36.353250663247636],[149.994979373138023,-36.353327664259226],[149.995207372071832,-36.3535486622809],[149.995248382058918,-36.353595652284838],[149.995461373991361,-36.353844654305369],[149.995704368924265,-36.354054653328291],[149.996013276843769,-36.354286122357202],[149.996052053833751,-36.354314600360844],[149.996108033819269,-36.354355718366065],[149.996732366660808,-36.354792650424294],[149.996961367598232,-36.354985645445865],[149.99704437457865,-36.355032644453537],[149.997107364560776,-36.355090641459498],[149.997170363547525,-36.355114646465232],[149.997218365531211,-36.35517864946992],[149.997742362414954,-36.355421636517995],[149.998051359352019,-36.355523638546053],[149.998430347278457,-36.355621632580295],[149.998487349267776,-36.355633626585423],[149.99909933615433,-36.35575262364047],[149.999760330029176,-36.355900618700048],[150.00092330681764,-36.356096597804445],[150.001214312768298,-36.3561195998304],[150.001491299719504,-36.356154594855191],[150.001789296663418,-36.356218588882037],[150.002099289591911,-36.356382584910591],[150.002367294520809,-36.356592584935747],[150.00262329643698,-36.356910581960548],[150.002844294358908,-36.35722758498224],[150.003082296282003,-36.357515581005252],[150.003309300202432,-36.357836581027506],[150.00353630412863,-36.35811458204946],[150.00375130505472,-36.358407579070459],[150.004018305959676,-36.3587955770967],[150.004175309901655,-36.359039577112235],[150.004335316839445,-36.359310577128213],[150.004435319786296,-36.35958557413889],[150.00450132073334,-36.359898579146829],[150.004515332689493,-36.360205578150079],[150.004497332652818,-36.360497579150419],[150.004460347610035,-36.360856578149509],[150.004414353568677,-36.361215585147811],[150.004362362530571,-36.361557579145448],[150.004323368489366,-36.361907586144305],[150.004277374457899,-36.362193582142119],[150.00424738242117,-36.362499585141478],[150.00423639238349,-36.362790582142424],[150.004253397334537,-36.363131590146189],[150.004251407287313,-36.363482583148325],[150.004256417240924,-36.363818589150988],[150.004293421194006,-36.364121589156277],[150.004385427136782,-36.364435588166508],[150.004448426087009,-36.364728585174021],[150.004469437054553,-36.364943586177304],[150.004479432038181,-36.365052588178905],[150.004515441011591,-36.365206589183117],[150.004721441949499,-36.365422585202808],[150.00509443187201,-36.365556578236777],[150.005501432802504,-36.365591573273093],[150.006011419729134,-36.365534571317951],[150.006478406664598,-36.365462563358889],[150.007011395582026,-36.365446554406049],[150.00749438350897,-36.365418550448695],[150.00805937342318,-36.365388538498607],[150.008556363348447,-36.365356537542475],[150.009065356274419,-36.36530554158729],[150.009509340213668,-36.365232529626176],[150.010067330133211,-36.365171520675283],[150.01061831805012,-36.365137511723923],[150.011126306970993,-36.365125508768891],[150.011702295884248,-36.365089499819753],[150.012335286796002,-36.364997493875293],[150.012884266725109,-36.364876488923194],[150.013368258655078,-36.364825465965787],[150.01397124756727,-36.364765470018888],[150.014410239500677,-36.364741465057683],[150.014796228443373,-36.364711462091719],[150.015245224382255,-36.364635456131055],[150.015681214321603,-36.364571453169319],[150.016143199257868,-36.364499446209827],[150.016641201187866,-36.364431436253568],[150.017114177118913,-36.364385433295226],[150.017635171043622,-36.364329426341079],[150.018003160989451,-36.364297424373511],[150.018345153935883,-36.364291418403823],[150.018673144878534,-36.364329417433176],[150.019022139822368,-36.364334409464178],[150.019363129783983,-36.364217403493655],[150.019738118753651,-36.364001398525517],[150.020118109722802,-36.363783394557792],[150.020644088681735,-36.363469385602379],[150.021188075642982,-36.363117378648333],[150.021640057609744,-36.362832368686568],[150.02204304159369,-36.362478363719994],[150.022309029602667,-36.362100361741113],[150.022679007603671,-36.361659360771021],[150.023237991584239,-36.361147346817269],[150.023447686574855,-36.360970487834699],[150.023869970556035,-36.360614339869834],[150.024587948516086,-36.360067330929944],[150.025349913471842,-36.359500322993824],[150.026201885413712,-36.35893031306567],[150.026579430385766,-36.358693780097639],[150.027047861351122,-36.358400299137287],[150.027539858298212,-36.358213292179691],[150.028225835207905,-36.358075282239689],[150.028822819129687,-36.357952278291876],[150.029308102073287,-36.357799029333947],[150.029738417031382,-36.357603740370841],[150.030052632005862,-36.357423501397555],[150.030296783994913,-36.357218261417884],[150.030352781992235,-36.357172258422537],[150.030401778991489,-36.357120258426555],[150.030450766989958,-36.357074255430589],[150.030485770990651,-36.357028252433409],[150.030512761993378,-36.356976251435448],[150.03054776599555,-36.356919258438182],[150.030589770995135,-36.356873255441613],[150.030624766995771,-36.356827252444404],[150.030652760997611,-36.356781249446591],[150.030672760001465,-36.35672924944803],[150.030693762004375,-36.356683255449589],[150.030706760008542,-36.356637251450429],[150.030727763012123,-36.356586255451958],[150.030748748015839,-36.356534264453479],[150.030768755018926,-36.356488252454959],[150.030796750026923,-36.356396246456825],[150.030809756031829,-36.356345250457643],[150.030837751033573,-36.35629924745983],[150.030844752038718,-36.356253252460142],[150.030878752039541,-36.356207249462862],[150.030913747041041,-36.356155249465623],[150.030941742042842,-36.35610924646781],[150.030976746044331,-36.356057246470577],[150.031039745040545,-36.356011243475855],[150.031109736035688,-36.355965248481766],[150.03116573403301,-36.355919245486433],[150.031235743027452,-36.355878253492378],[150.031299736022021,-36.35584323949783],[150.031362744015894,-36.355814241503232],[150.031439727008433,-36.355779236509839],[150.031495725006607,-36.355727227514464],[150.031544722005037,-36.355681242518514],[150.031579726005731,-36.355635239521312],[150.031586727010875,-36.355589236521638],[150.031536717025716,-36.35553823151686],[150.031479724033971,-36.35554424651184],[150.03142372604205,-36.355550252506909],[150.031359723048979,-36.355574239501394],[150.031296725056677,-36.355591244495905],[150.031233726062652,-36.355621256490508],[150.031169732068889,-36.355650245485023],[150.031106733074267,-36.355684246479647],[150.031043743078726,-36.355725247474325],[150.03091773608628,-36.355817244463744],[150.030853743090091,-36.355864252458382],[150.030811746090535,-36.35591024645494],[150.030755748093156,-36.35595624945028],[150.030692750097757,-36.355996246444946],[150.030629751103703,-36.356026249439566],[150.030559751110928,-36.356055256433542],[150.030502749117659,-36.356072252428596],[150.03043975012443,-36.356096258423143],[150.030368755134077,-36.356108252416931],[150.030290760145647,-36.356114258410052],[150.030234762153725,-36.356120255405109],[150.03017776016199,-36.356126261400085],[150.030121762172399,-36.356115262395058],[150.030057759184047,-36.356104254389287],[150.029993765196537,-36.356087258383504],[150.029922762212294,-36.356054262376979],[150.029851767225892,-36.356037258370563],[150.029794756238118,-36.356014265365353],[150.029737763250949,-36.355986262360105],[150.029673760264103,-36.355964273354289],[150.029609766278895,-36.355930264348373],[150.029553768291606,-36.355902260343214],[150.029489766304891,-36.355879268337389],[150.029432764319239,-36.355840275332071],[150.029368770333207,-36.355812262326197],[150.029311768344598,-36.355795267321028],[150.029254766359912,-36.355749264315662],[150.029197764372782,-36.355721269310415],[150.029133770386721,-36.355693266304549],[150.029019766412489,-36.355637268294068],[150.028955772425775,-36.355614266288235],[150.028898770439412,-36.355580275282939],[150.028820775456325,-36.3555472702758],[150.028763773470786,-36.355507273270476],[150.028706771483684,-36.355479269265238],[150.028642777499272,-36.355439272259289],[150.028585775513591,-36.35540027025398],[150.028528773527285,-36.355366279248685],[150.028464770542882,-36.355326264242734],[150.028407768558878,-36.35527527723734],[150.02835077557171,-36.355247273232109],[150.028286773587325,-36.355207276226153],[150.028222770602127,-36.355173276220242],[150.028158776616124,-36.355145281214384],[150.028080771633796,-36.355106279207199],[150.028023778648276,-36.355066282201875],[150.027959776663067,-36.355032282195971],[150.02790277467443,-36.355015286190806],[150.027831779691837,-36.354970287184194],[150.027774777704678,-36.354942284178954],[150.027710773720315,-36.354902286173015],[150.027653780733147,-36.354874283167753],[150.027596778744538,-36.354857287162595],[150.027539776758175,-36.354823287157295],[150.02748277477022,-36.35480129015211],[150.02742578178308,-36.354773286146852],[150.027369783795791,-36.3547452921417],[150.027305780810565,-36.354711292135804],[150.027248788824267,-36.354677291130507],[150.027191777837118,-36.354649288125266],[150.027127783850432,-36.354626295119424],[150.027070781863301,-36.354598292114197],[150.027006778878047,-36.354564292108293],[150.026942784891219,-36.354542294102458],[150.026878781905225,-36.354514282096588],[150.026821779915764,-36.354503292091465],[150.026765781926969,-36.354486297086368],[150.026708788939146,-36.35446329508116],[150.026644786953113,-36.354435301075299],[150.026587784969081,-36.354384296069902],[150.026530782982746,-36.354350296064617],[150.026473789997937,-36.354305296059266],[150.026437781011367,-36.354248304055695],[150.026386785026432,-36.354197299050831],[150.026372784034919,-36.354151296049288],[150.026350777045309,-36.354100300046994],[150.026335780053927,-36.354054296045348],[150.026321779062414,-36.354008302043809],[150.026306782070861,-36.353963303042178],[150.026291794079498,-36.35391730004055],[150.026298777085486,-36.353865300040816],[150.026304783090609,-36.353820292041057],[150.026335780089596,-36.353791302043618],[150.02635378008921,-36.353773303045095],[150.026417774081324,-36.353756298050669],[150.026473772074041,-36.353744295055549],[150.026530783063492,-36.35375529406069],[150.026587776049809,-36.353789294065976],[150.026651778035017,-36.353823294071866],[150.026722782018481,-36.353862297078436],[150.026779775003973,-36.35390229408376],[150.026843777986869,-36.353953290089784],[150.026901774970725,-36.354004295095258],[150.026958767956273,-36.354044292100582],[150.027008768941386,-36.354095288105363],[150.027079772925475,-36.354129288111892],[150.02713677491343,-36.354151294117095],[150.027192772901373,-36.35417428712222],[150.027306767881953,-36.354184291132391],[150.027369765871128,-36.354190287138024],[150.027433768858742,-36.354206288143835],[150.02749076184972,-36.354206288148887],[150.027547763839152,-36.354217287154022],[150.027603761828772,-36.35422828515906],[150.027667755816253,-36.354245272164853],[150.027724766803402,-36.354273284170098],[150.027788751790268,-36.354295282175919],[150.027845762778043,-36.354318283181144],[150.02790276476523,-36.354346278186377],[150.027965762752189,-36.354368284192113],[150.028022755740864,-36.354385280197285],[150.028079757728676,-36.354408281202495],[150.02814376071467,-36.354436276208368],[150.02820075470342,-36.354452276213543],[150.028257756691232,-36.35447527821875],[150.028320755679744,-36.35448627722441],[150.028377757669205,-36.354497275229541],[150.028441769656695,-36.354514271235338],[150.028505754644385,-36.354530271241117],[150.028561752633976,-36.354541270246166],[150.02873274859985,-36.354592275261687],[150.028789750587805,-36.354614272266893],[150.028845748575804,-36.354637274272008],[150.028909751562651,-36.354659271277839],[150.028973754550151,-36.354676258283625],[150.029030747536495,-36.354710267288915],[150.029087749523626,-36.35473827129416],[150.029144751511581,-36.354760268299366],[150.029200749501172,-36.354771267304422],[150.029264743489534,-36.35478226631016],[150.029321754478957,-36.354793264315305],[150.029385747467273,-36.354804263321057],[150.029441745459167,-36.354798266325986],[150.029498747450134,-36.354798266331045],[150.029554745441374,-36.354797253335995],[150.029611738432322,-36.354797253341061],[150.029667736424244,-36.354791247346],[150.029724738415325,-36.354790261351049],[150.029781740406264,-36.354790261356115],[150.029844739397845,-36.354778258361627],[150.029908733390101,-36.354760258367186],[150.029964731381199,-36.354760258372153],[150.030021733372934,-36.354754252377198],[150.030084732363775,-36.354748255382731],[150.03015572635411,-36.354736252388953],[150.030211733346022,-36.354730255393903],[150.030275727337482,-36.354718253399476],[150.030338726329063,-36.354706250405016],[150.030395728321679,-36.354694247409981],[150.030451726314396,-36.354682253414879],[150.030508719306937,-36.354670250419865],[150.030564726298877,-36.354664244424782],[150.030621719291418,-36.354652241429768],[150.030684718283851,-36.354634250435254],[150.030747717278473,-36.354600250440612],[150.030811711273827,-36.354559249446027],[150.03086770827116,-36.354513246450701],[150.030930698267383,-36.354467242455989],[150.030957707269351,-36.354421239458063],[150.030978709272262,-36.354375245459636],[150.030999703275967,-36.354323245461153],[150.031012701280815,-36.354272240461974],[150.031012701287864,-36.354220240461629],[150.031011706294294,-36.354174237461223],[150.031004705301513,-36.354129246460303],[150.030996700309856,-36.354077237459265],[150.03098870431802,-36.354026241458214],[150.030952696331497,-36.353969240454639],[150.030916697344253,-36.353917239451107],[150.030873696357986,-36.353866243446952],[150.030816703373205,-36.35382124444159],[150.030766702388064,-36.353770239436827],[150.030709700403349,-36.353724245431451],[150.030652698417725,-36.353685243426121],[150.030588696432517,-36.353651243420231],[150.03053170344532,-36.35362324941498],[150.030474701459013,-36.353589248409698],[150.030417699473503,-36.353549251404381],[150.030360697489499,-36.353498246398985],[150.030296703507418,-36.353441244392918],[150.03025370352114,-36.353390248388777],[150.030231696531587,-36.353339252386469],[150.030216699540233,-36.353293249384826],[150.030209690547565,-36.353247246383916],[150.03021569555284,-36.353201252384146],[150.03022969755753,-36.353150247385038],[150.03025069156044,-36.353104253386597],[150.030292696560025,-36.353058249390045],[150.030334692559592,-36.353012246393455],[150.030382685558209,-36.352966243397418],[150.030453689553269,-36.352919245403413],[150.030509687551444,-36.352867245408035],[150.030572686544531,-36.352844252413469],[150.0306296795371,-36.352832240418458],[150.030685677530499,-36.352815244423311],[150.030741675523274,-36.352803241428212],[150.0307986775166,-36.35278524243315],[150.030868677505509,-36.352785242439367],[150.030946672494736,-36.352773230446211],[150.031003674487295,-36.352761236451194],[150.0310666734797,-36.352743236456654],[150.031136664473365,-36.352708231462643],[150.031200667467914,-36.3526732364681],[150.03123466746942,-36.352622231470775],[150.031255670472319,-36.352576237472334],[150.031290665473023,-36.352530234475147],[150.031311659476728,-36.352478233476667],[150.031338658478688,-36.352432230478755],[150.031366662486704,-36.352340233480632],[150.031379659491563,-36.352289228481467],[150.031400653494472,-36.352243234483019],[150.031406659499766,-36.352197230483242],[150.031413651504863,-36.352151227483567],[150.031412656511293,-36.352105233483165],[150.031405655518483,-36.352060234482252],[150.03139064952714,-36.352014231480617],[150.031368652537566,-36.351963226478318],[150.031361651544898,-36.351917232477405],[150.031332652557239,-36.351860239474441],[150.031296644570716,-36.351803228470864],[150.031281647579306,-36.351757234469233],[150.031245648591948,-36.351706229465712],[150.031202648605728,-36.351655233461543],[150.031166648618353,-36.351604228458022],[150.031102645635627,-36.351552237452005],[150.031038643651073,-36.351513235446049],[150.030974649670469,-36.351445234439922],[150.030860645699448,-36.351365240429281],[150.030803643711465,-36.351343224424056],[150.030746650726002,-36.351303236418744],[150.030682647741429,-36.351264234412803],[150.030625645753588,-36.351241241407592],[150.03056865276568,-36.351219226402385],[150.030504649778976,-36.351196243396537],[150.030447646790179,-36.351180242391386],[150.030391639801394,-36.351163246386292],[150.030334647813561,-36.351140245381089],[150.03027064482589,-36.351124244375292],[150.030206650839233,-36.351101234369473],[150.03014265685087,-36.351090244363718],[150.030086649861971,-36.351074244358628],[150.030029656872614,-36.3510622503535],[150.029972654884659,-36.351040243348294],[150.029915652897557,-36.35101224934305],[150.029900655906175,-36.3509662463414],[150.029879653916424,-36.350915241339209],[150.029865633924516,-36.350872250337687],[150.029864656925071,-36.350869247337577],[150.029863652931425,-36.350823244337171],[150.029877654936172,-36.350772247338085],[150.029898647939035,-36.35072624433964],[150.02994064493862,-36.350680241343071],[150.030003643934151,-36.35063924934839],[150.030073642928471,-36.350599242354335],[150.030151638920785,-36.350564247361035],[150.030214637914042,-36.35054024136646],[150.030277636908664,-36.350506241371853],[150.030340634904206,-36.350465239377158],[150.030404637897988,-36.350436241382646],[150.030453634896418,-36.350390238386694],[150.03050963289374,-36.350344234391365],[150.030572631891602,-36.350286237396574],[150.030628629888923,-36.350240234401234],[150.030663625889645,-36.350194231404046],[150.030697625891293,-36.350142231406728],[150.030753623894839,-36.350050233411089],[150.030774617897777,-36.350004230412644],[150.030801625899699,-36.349958236414729],[150.030822619902636,-36.349912233416305],[150.030836611907461,-36.349860233417189],[150.030869626910771,-36.349797234419704],[150.030877613913304,-36.349769230420229],[150.030884614918421,-36.349723227420561],[150.030883610925599,-36.349671236420114],[150.030897611931152,-36.349614234420976],[150.030896607937507,-36.349568231420591],[150.030888603945016,-36.34952222841958],[150.030888603951126,-36.349477229419279],[150.030873606960597,-36.349425229417605],[150.030873606968328,-36.34936822741723],[150.030865601975847,-36.34932223341621],[150.030843603986256,-36.349271227413922],[150.030836602993617,-36.349225242412999],[150.03081460600319,-36.349180234410746],[150.030771606017083,-36.349128234406585],[150.030735597029746,-36.349077229403051],[150.030706590041291,-36.349026233400139],[150.030649597056424,-36.348981234394792],[150.030613598069209,-36.348929234391242],[150.030570597082942,-36.348878229387097],[150.03052059609783,-36.348827233382316],[150.030502453102656,-36.348812774380605],[150.030502292102739,-36.348812649380584],[150.030456602114896,-36.348776228376302],[150.030399601128579,-36.348742237371013],[150.030342599143097,-36.348702222365695],[150.030285597155938,-36.348674237360449],[150.030228604168769,-36.348646242355194],[150.030171602180133,-36.348629238350021],[150.030114600192206,-36.348607240344819],[150.030058602203411,-36.348590236339739],[150.029994590215864,-36.348573240333941],[150.02993760622644,-36.348562242328804],[150.029873594237301,-36.348557240323089],[150.029795608253494,-36.348529245315994],[150.029739610262368,-36.348529246311017],[150.029682608271315,-36.348530241305959],[150.029619609280502,-36.348536247300409],[150.029562607288767,-36.348542244295395],[150.029506609297528,-36.348543248290419],[150.029442606309175,-36.348532249284666],[150.029364610324706,-36.34850924827758],[150.029307617336059,-36.348492252272429],[150.029250607345801,-36.348487250267318],[150.029194626357707,-36.348465253262212],[150.029144616372548,-36.348414248257434],[150.029101616386441,-36.34836224825326],[150.029086611395741,-36.348311252251612],[150.029071614404359,-36.34826524924997],[150.029071614411293,-36.34821425324963],[150.029070610418501,-36.3481622532492],[150.029077611423645,-36.348116250249511],[150.029076607429914,-36.348071251249138],[150.029083608435002,-36.348025247249453],[150.02910160743636,-36.347994250250842],[150.029110607436962,-36.347979253251545],[150.029208601433879,-36.347887256259632],[150.029264599431343,-36.347840248264291],[150.029335603425523,-36.347800242270331],[150.029398593418733,-36.347776245275767],[150.029468593412247,-36.347742245281758],[150.029539596405698,-36.347707240287832],[150.02960959639617,-36.347695255293957],[150.029680591388825,-36.347666239300068],[150.029743590381287,-36.347648239305542],[150.029813589375721,-36.34760723831149],[150.029883580371632,-36.347555237317351],[150.030030580366997,-36.347417228329491],[150.030086578364347,-36.347371233334172],[150.030143571361521,-36.347325230338903],[150.030199569359667,-36.347273230343546],[150.030240571359371,-36.347227236346882],[150.030304564354793,-36.3471862343523],[150.030360562352087,-36.34714023135696],[150.030444564351257,-36.347048234363804],[150.030471563353217,-36.347002230365895],[150.030506559353881,-36.346956218368703],[150.030569558347821,-36.346927228374106],[150.030633560341556,-36.346898230379594],[150.030696559334814,-36.346874224385026],[150.030759549330241,-36.346834227390367],[150.030823552324023,-36.346805219395854],[150.030893552318446,-36.346764218401802],[150.030956542313163,-36.346729222407156],[150.030991546313828,-36.346683219409961],[150.031071531300995,-36.346684223417064],[150.031111547294898,-36.346682215420607],[150.031168540283545,-36.346699228425784],[150.031225542272978,-36.346710218430921],[150.031288540262324,-36.346715220436536],[150.031345542253234,-36.346715220441602],[150.031409536243217,-36.346714215447285],[150.031472535232353,-36.346720212452908],[150.031529537223435,-36.346719217457967],[150.031585544214551,-36.346719217462933],[150.031642537206324,-36.346713211467943],[150.031698535198217,-36.3467072144729],[150.0317555371916,-36.34668921447782],[150.031818536184716,-36.346666212483264],[150.031874534182833,-36.346614212487907],[150.031923531182144,-36.346562203491899],[150.031972528183701,-36.34649320749579],[150.032021525182984,-36.346441207499808],[150.03206352118255,-36.346395204503231],[150.032097522184216,-36.346343204505906],[150.03213951818455,-36.346291212509293],[150.03217451318676,-36.346234201512011],[150.032223510186014,-36.346182201516037],[150.032251514187806,-36.346136198518209],[150.032264512192825,-36.346084189519011],[150.032299507193471,-36.346038204521811],[150.032320519196361,-36.345992200523384],[150.032340508201742,-36.345929202524744],[150.03237550420323,-36.345877201527507],[150.032403507205004,-36.345831198529687],[150.032423506208744,-36.345780202531131],[150.032479504206123,-36.345734199535798],[150.032536497197981,-36.345727198540814],[150.032572496185225,-36.345779198544342],[150.032579497178034,-36.345824188545258],[150.032566499173839,-36.345870200544418],[150.032545506170123,-36.345922200542887],[150.032518506165843,-36.34598519954092],[150.032511505159931,-36.346037199540639],[150.032505508154628,-36.346083202540413],[150.032498507149626,-36.346128202540079],[150.032484506145607,-36.346174196539152],[150.032485510139225,-36.346220208539542],[150.032485510133,-36.346266202539837],[150.032479513127669,-36.346312196539621],[150.032472512122695,-36.346357195539291],[150.032452513119637,-36.346403199537818],[150.032424519117882,-36.346449202535638],[150.032403516113334,-36.346507199534159],[150.03236852111263,-36.346553202531354],[150.032334520111789,-36.346599205528641],[150.032299525110318,-36.346651205525873],[150.032271522108516,-36.346697200523693],[150.032243527106743,-36.346743212521517],[150.032209527103589,-36.346806202518906],[150.032188533099173,-36.346863204517426],[150.032167530095478,-36.346915204515909],[150.032147532092409,-36.346961207514425],[150.032140531087265,-36.34700720151411],[150.032127533082445,-36.347058206513296],[150.03209953007439,-36.347150204511415],[150.032079540070526,-36.347202204509983],[150.032072539065524,-36.34724720350966],[150.032059541059709,-36.347305209508889],[150.032045540054213,-36.34736221150802],[150.032032542050018,-36.347408205507172],[150.03201854004601,-36.347454208506228],[150.032011548040884,-36.347500212505921],[150.03199855003669,-36.347546206505072],[150.031991550030114,-36.347603208504822],[150.031992545023684,-36.347649211505228],[150.031992553015954,-36.347706213505596],[150.031993548009552,-36.347752207505984],[150.031993548003442,-36.347797206506279],[150.031987542998166,-36.34784320950606],[150.031994551990806,-36.347889212506978],[150.032009557981524,-36.347940209508643],[150.032031555970292,-36.347997210510968],[150.032060553957933,-36.348054212513922],[150.032089552946303,-36.348106212516853],[150.032104557937799,-36.348151211518477],[150.032125560928193,-36.348197206520652],[150.032154559916677,-36.348248211523554],[150.032183557905,-36.348300219526479],[150.03221255589267,-36.348357212529415],[150.03223456388227,-36.348408208531716],[150.03227756386849,-36.348459204535864],[150.032334565853205,-36.34850520754123],[150.032391558839691,-36.348538204546514],[150.032455561824889,-36.348572204552426],[150.032512563812702,-36.348595205557636],[150.032575562800361,-36.348612201563334],[150.032632555791452,-36.348611206568386],[150.032689557781708,-36.348616199573499],[150.03274555577363,-36.348610211578418],[150.032802557765393,-36.348604196583445],[150.032865555756189,-36.348598190588987],[150.032929549746171,-36.348597204594668],[150.032992548738434,-36.348580199600157],[150.033056551731505,-36.348556202605678],[150.033196541717132,-36.348498196617726],[150.033260544712391,-36.348458198623135],[150.033316542709855,-36.348411191627811],[150.033379541704477,-36.348377191633169],[150.033442540700833,-36.34833019263845],[150.033498538698183,-36.348284189643124],[150.033561537692123,-36.348255190648523],[150.033618530685345,-36.348238186653475],[150.033681529677779,-36.348220186658942],[150.033738531668718,-36.348220186664008],[150.033795533657496,-36.348236186669176],[150.033851531646263,-36.348253182674256],[150.033965525618925,-36.348321182684835],[150.034022527602957,-36.348372187690217],[150.034144527562688,-36.348526179702077],[150.034166534553066,-36.348571187704337],[150.034202533539627,-36.348628180707905],[150.034224531529873,-36.348674183710166],[150.034245533520448,-36.34871918271233],[150.034260530511801,-36.348765186713962],[150.034268535504282,-36.348811180714982],[150.034282528495936,-36.348856179716513],[150.034283532487962,-36.348914185716978],[150.034284536481664,-36.348959184717373],[150.034291545472684,-36.349017181718381],[150.034292540464804,-36.349074183718855],[150.034299541457443,-36.349120186719766],[150.034300536451155,-36.349165194720136],[150.034293544445234,-36.34921718571988],[150.034294548438794,-36.349263180720264],[150.034295543432535,-36.349308188720649],[150.034281542428545,-36.349354191719705],[150.034281542421496,-36.349406182720045],[150.034282546414403,-36.349457187720496],[150.034276549407508,-36.349515184720339],[150.034269548401682,-36.349566189720051],[150.034263551396407,-36.34961218371982],[150.03425655039041,-36.349664183719547],[150.034257554384197,-36.349709183719931],[150.034257554377945,-36.349755186720238],[150.034265559368947,-36.349812197721327],[150.034272560361586,-36.349858182722258],[150.034287556352979,-36.349904185723886],[150.034309545340903,-36.34996718472626],[150.034331561330504,-36.350018189728544],[150.034345562322017,-36.350064183730083],[150.034374561309676,-36.350121185733038],[150.0343895583012,-36.350166184734668],[150.034404563292554,-36.350212187736304],[150.03441156428454,-36.350263183737269],[150.034426561275922,-36.350309186738905],[150.03442756526951,-36.3503551907393],[150.034420564264366,-36.350401184738978],[150.034428569257017,-36.35044618373999],[150.034428569250764,-36.350492186740283],[150.034436565243254,-36.3505381897413],[150.034437569231414,-36.350624190741954],[150.034430568225616,-36.350675186741675],[150.034424571218693,-36.350733183741525],[150.034410569213975,-36.350784188740612],[150.034404581206388,-36.350847187740513],[150.034397571200458,-36.350899178740228],[150.034391574193677,-36.350956189740067],[150.03438457418855,-36.351002192739749],[150.034378577183247,-36.351048186739533],[150.034364584177752,-36.35110518873865],[150.034351586172733,-36.351157188737844],[150.034337584168867,-36.351202188736913],[150.034316582165985,-36.351248191735344],[150.034296583162899,-36.351294194733875],[150.034282590158085,-36.351346194732962],[150.034268589154067,-36.351392188732028],[150.034255591149901,-36.351438191731177],[150.034241589144386,-36.351495193730308],[150.034228591138685,-36.351552195729532],[150.034193596134912,-36.351621191726892],[150.034180589130727,-36.351667194726033],[150.03416659612671,-36.351713189725075],[150.0341455941238,-36.351759192723534],[150.034125595119235,-36.351816194722133],[150.034104602115519,-36.351868194720616],[150.034076598112904,-36.351920194718467],[150.034070601106976,-36.351971199718278],[150.03404960810326,-36.35202319971674],[150.034021604101468,-36.352069184714573],[150.034015607095483,-36.352120199714385],[150.0339876130937,-36.3521661937122],[150.033981607088407,-36.352212196711967],[150.033960613083877,-36.352270193710481],[150.033954616077921,-36.352321198710285],[150.033933614074158,-36.352373198708761],[150.033927617067377,-36.352430200708611],[150.033906614064506,-36.352476203707056],[150.033913616057106,-36.352522197707984],[150.03390761905186,-36.352568201707747],[150.03390862304397,-36.352625203708207],[150.033901622037348,-36.352682196707974],[150.033909636028341,-36.352739198709067],[150.033902626022382,-36.352791198708779],[150.03390362101365,-36.352854196709274],[150.033911626004681,-36.352911189710376],[150.033911625998428,-36.352957202710677],[150.033919630989431,-36.353014204711762],[150.033934627980102,-36.353065200713431],[150.033948628971643,-36.353111203714981],[150.033963634962362,-36.35316219971665],[150.033971621954009,-36.353214199717698],[150.03398563294553,-36.353260202719248],[150.034007629935928,-36.353305201721497],[150.034043629923303,-36.353356197725027],[150.034100631908785,-36.353396203730355],[150.034157633893642,-36.353441202735716],[150.034214634879135,-36.353481200741037],[150.034271627866985,-36.353504201746254],[150.034335630853803,-36.353526199752089],[150.034413626840745,-36.353531191759025],[150.034469633831833,-36.353531191763999],[150.034526626822924,-36.353530196769071],[150.034582624813993,-36.353530196774038],[150.034653627806676,-36.353501189780161],[150.034681622808449,-36.353455194782335],[150.034715622810097,-36.35340319478501],[150.034774623808744,-36.353344193789859],[150.034827618805622,-36.353305191794313],[150.034898613799044,-36.35327018680038],[150.034968613791023,-36.353247185806438],[150.03502561578361,-36.353235191811422],[150.035095614775742,-36.353211185817486],[150.035173610765668,-36.353194190824297],[150.035236609757277,-36.353182187829802],[150.035300603750358,-36.35315818183534],[150.035356601743075,-36.353146178840227],[150.035420603733712,-36.353140181845866],[150.03547660272713,-36.353123186850738],[150.03554760671679,-36.353116185856976],[150.035603604708712,-36.353110179861922],[150.035667598698524,-36.353110179867606],[150.035737598688996,-36.353098176873743],[150.03580160167968,-36.35309217987939],[150.035858593670753,-36.353091175884437],[150.03591460066184,-36.353091175889411],[150.035971593653585,-36.353085187894436],[150.036119589634126,-36.353055176907382],[150.036182589626577,-36.353037176912842],[150.036239591616692,-36.353043173917953],[150.036302589610642,-36.353014183923364],[150.036366583603694,-36.35299016992888],[150.036429582595986,-36.352973173934366],[150.03649258159237,-36.352926166939653],[150.036548579585769,-36.352909170944521],[150.036619583578414,-36.352880172950627],[150.036682581572478,-36.352850169956028],[150.036745571568702,-36.352804157961309],[150.036816575562824,-36.352764169967351],[150.036872573560998,-36.352712160971983],[150.036913566560742,-36.352666165975315],[150.03695557156027,-36.352620162978738],[150.036997568559997,-36.352573164982161],[150.037032563560672,-36.352527161984973],[150.037053566564254,-36.352476156986491],[150.0370885615649,-36.3524301629893],[150.037151569561303,-36.352383163994574],[150.037214559556759,-36.352343166999908],[150.037284558550368,-36.352308163005901],[150.037347557545758,-36.352268156011228],[150.037411551540316,-36.352233161016684],[150.037537549529816,-36.352163152027401],[150.037607549524097,-36.352123155033368],[150.037671542519519,-36.352082154038769],[150.03774154351396,-36.35204115204472],[150.037804542509349,-36.352001155050054],[150.037860540506699,-36.351955152054714],[150.037923539502231,-36.351914151060036],[150.037986538499297,-36.351862151065305],[150.038028534498864,-36.351816147068718],[150.03808453249701,-36.351764147073354],[150.038147531494047,-36.351712147078601],[150.038196537492524,-36.351666144082657],[150.038260531487765,-36.351626147088062],[150.038323521484841,-36.351574147093316],[150.038386519479531,-36.351539142098687],[150.038446524473784,-36.351511139103827],[150.03851251746741,-36.351481145109489],[150.038583521460851,-36.351446141115559],[150.038667514450765,-36.351422135122867],[150.038731517442898,-36.351405140128428],[150.038794516436155,-36.351381134133867],[150.038851509429406,-36.351364138138827],[150.038977507414273,-36.351328139149778],[150.039048510405308,-36.351311134155964],[150.039111509397713,-36.351293134161438],[150.039168502390254,-36.351281132166434],[150.03922450038138,-36.351281132171394],[150.039288503372006,-36.351275135177048],[150.039344501364724,-36.351263132181934],[150.039408505353919,-36.351268134187649],[150.039479500342736,-36.351267121193956],[150.039599500323703,-36.351267121204614],[150.039656493314737,-36.351266126209659],[150.039712491305835,-36.351266126214632],[150.039826495286349,-36.351276139224844],[150.039882502277464,-36.351276121229802],[150.039939495266907,-36.351287128234951],[150.040002494256214,-36.351292121240576],[150.040059478245666,-36.35130312024571],[150.040116490234283,-36.351320125250865],[150.040173492223744,-36.351331124256014],[150.040244487207161,-36.351370117262583],[150.040436486162804,-36.351472118280306],[150.040543489135757,-36.351546115290304],[150.040607492118653,-36.351597121296322],[150.040664485104998,-36.351631121301615],[150.040728489087201,-36.351687119307655],[150.040785491071233,-36.351738115313061],[150.040843488054975,-36.351790115318558],[150.040943490025199,-36.351892116328116],[150.040993491009516,-36.351949118332932],[150.041065488984259,-36.352051110339993],[150.041108489969673,-36.352108112344197],[150.041144488957002,-36.352159126347736],[150.041166495945788,-36.352216110350057],[150.041202495933021,-36.352268101353609],[150.041259497913217,-36.35234711035919],[150.04129549689975,-36.352404103362758],[150.041331496887096,-36.352455108366293],[150.041367495874312,-36.352507108369835],[150.041439494849044,-36.352609109376907],[150.041483489826561,-36.35272310438156],[150.041504500816984,-36.352769107383743],[150.041533499805467,-36.352820112386652],[150.041555496795695,-36.352866106388909],[150.041570502786413,-36.352917111390582],[150.04159950177322,-36.352980101393563],[150.041627505761852,-36.353031106396394],[150.041663504749096,-36.353083106399943],[150.041692503737551,-36.353134111402852],[150.041714501727938,-36.353179110405101],[150.041750500713675,-36.353242109408704],[150.041772506703921,-36.353288112410979],[150.041794504693513,-36.353339108413266],[150.041815507683964,-36.353385112415431],[150.041859511661471,-36.353499107420092],[150.041881508651045,-36.35355011242239],[150.0419105076395,-36.353601108425302],[150.041939505624725,-36.35367610942837],[150.041961512615075,-36.353721108430619],[150.041968513607742,-36.353767112431541],[150.041990511597334,-36.353818108433842],[150.042005517588706,-36.353864111435485],[150.042041517572926,-36.353938108439166],[150.042070515561392,-36.353989105442082],[150.042106514548635,-36.35404110544561],[150.042135513537062,-36.354092110448541],[150.042170517524596,-36.354143106451971],[150.042207520509351,-36.354212110455713],[150.042235515497993,-36.354263107458536],[150.042272518482832,-36.354331107462286],[150.042293512471758,-36.35438810946453],[150.042322519459447,-36.354445111467484],[150.042351519447777,-36.35449710247039],[150.042380517436214,-36.354548107473299],[150.042402524426478,-36.35459411047556],[150.042424521416052,-36.354645107477857],[150.042467522401495,-36.354702108482051],[150.04250352138888,-36.354753104485582],[150.042553531373983,-36.354804110490363],[150.042610524357997,-36.354855106495769],[150.042667526343479,-36.354895103501093],[150.042724519330648,-36.354923106506341],[150.04278152131846,-36.354946099511558],[150.042837520307387,-36.354962109516627],[150.042901523296393,-36.354968096522349],[150.04295852528665,-36.354973098527459],[150.043014523278572,-36.354967101532381],[150.043078517270004,-36.354955099537989],[150.043134514262761,-36.354943096542883],[150.043191525255338,-36.35493110254788],[150.043282510245604,-36.35489609855572],[150.043346513239356,-36.354867099561226],[150.043423513233364,-36.354821096567747],[150.043458509234057,-36.354775093570552],[150.043485508236017,-36.354729090572647],[150.043506502238927,-36.354683095574224],[150.043534505240729,-36.354637092576397],[150.043562500243297,-36.354585092578553],[150.043575497247474,-36.35453908957939],[150.043589499253017,-36.354482096580249],[150.043595496258291,-36.354436084580492],[150.043595496264544,-36.354390090580189],[150.043601502269809,-36.354344095580423],[150.043608494274963,-36.354298092580734],[150.043607490281261,-36.354253093580354],[150.043607490287485,-36.35420709058004],[150.043599494295819,-36.354155090578985],[150.043599494301901,-36.354110091578683],[150.043605491308057,-36.354058091578878],[150.04359849931538,-36.354012088577953],[150.043597486321659,-36.353967088577562],[150.043604487326803,-36.353921094577892],[150.043610484332078,-36.353875091578111],[150.043624486336114,-36.353829088579047],[150.043637483341769,-36.353772086579824],[150.04366548734356,-36.353726092582022],[150.043700482344263,-36.35368008958482],[150.043784475343386,-36.353588091591668],[150.043840473340879,-36.353541084596337],[150.043882478341231,-36.35348908459973],[150.043945477335882,-36.35345507560509],[150.044008458331405,-36.353414082610421],[150.044071466326159,-36.353379087615792],[150.044135468317592,-36.353367084621397],[150.044191467308707,-36.353367084626363],[150.044248469298964,-36.353372077631469],[150.044312463284172,-36.353406077637366],[150.044369465267408,-36.353463079642815],[150.044419466252521,-36.353514084647607],[150.044490470237406,-36.35354207965409],[150.04456846522109,-36.353571077661194],[150.044611466211279,-36.353593075665174],[150.044668468200712,-36.353604074670308],[150.044725462189348,-36.353621078675481],[150.044781460178967,-36.353632077680537],[150.044845462165796,-36.353654075686372],[150.044902464154433,-36.353671070691533],[150.044966458142738,-36.353682069697292],[150.045023460131489,-36.353698070702464],[150.045086450117594,-36.35372706870826],[150.045150462104374,-36.353749075714092],[150.045207455092367,-36.35377107271929],[150.045278450077973,-36.353794074725748],[150.045392454056866,-36.35381607173602],[150.045455453047651,-36.353810065741577],[150.045519456040722,-36.353786069747102],[150.04558245503236,-36.353774066752628],[150.045646449022144,-36.353774066758312],[150.045717452007892,-36.353796064764765],[150.045774453991896,-36.353847069770168],[150.04579645198217,-36.353893063772432],[150.045810453973047,-36.353944068774027],[150.045811458966625,-36.353990062774393],[150.045819454955279,-36.354064069775596],[150.045827458945467,-36.354127068776727],[150.045827458936088,-36.354196054777162],[150.04580746093302,-36.354242066775718],[150.045772464930849,-36.354299068772974],[150.045737460930042,-36.354346067770187],[150.045709466927576,-36.354397072768023],[150.04568946792449,-36.354443066766564],[150.045654463923,-36.354495066763775],[150.045626468919721,-36.354552068761691],[150.0456274819133,-36.354598062762072],[150.045613470908478,-36.354650071761171],[150.045614474901384,-36.354701067761596],[150.045621475894023,-36.354747070762514],[150.045629471885832,-36.354798066763571],[150.04563747687601,-36.354861065764702],[150.04565947386547,-36.354913065766993],[150.045680476855182,-36.354964070769199],[150.045709474843676,-36.355015066772111],[150.045738473831307,-36.355072068775065],[150.045760471820728,-36.355124068777357],[150.045789478809183,-36.355175064780276],[150.045811477798793,-36.35522606978256],[150.045854477785042,-36.355277066786719],[150.045897477769643,-36.355340064790965],[150.045947478753135,-36.355403063795798],[150.045990478739355,-36.355454068799979],[150.046026478726702,-36.355505064803502],[150.046069487712941,-36.355556069807676],[150.046091475703207,-36.355602063809918],[150.04612748468972,-36.355659065813498],[150.046213485662207,-36.355761066821813],[150.046270487648542,-36.35579506782711],[150.046334481633778,-36.355829067833021],[150.046398484620624,-36.355851065838849],[150.046455486608409,-36.355874057844062],[150.046511484598028,-36.355885065849115],[150.046568486587461,-36.355896064854242],[150.046625480576097,-36.355913059859432],[150.046682482565529,-36.355924058864559],[150.046738480554438,-36.355940059869631],[150.046795482541455,-36.355969057874908],[150.046852483529392,-36.355991055880111],[150.046909468518038,-36.35600806088528],[150.046973479504089,-36.356036054891156],[150.04702947749368,-36.356047053896191],[150.047086479482317,-36.356064058901381],[150.047143473473398,-36.356063054906443],[150.047199480462979,-36.356074052911488],[150.047263474452819,-36.356074052917172],[150.047327477443446,-36.356068055922812],[150.047383475436163,-36.356056052927705],[150.047447469429272,-36.356032056933238],[150.047496466427702,-36.355986044937289],[150.047559465423973,-36.355940050942586],[150.047622463418662,-36.355905045947956],[150.047671461418673,-36.355848052951927],[150.047699464420475,-36.3558020499541],[150.047740456421792,-36.355744043957365],[150.047782462427591,-36.355652037960489],[150.047781458434713,-36.355601050960054],[150.047795450440361,-36.355543044960925],[150.047808457444404,-36.355498045961781],[150.04781544944953,-36.355452041962096],[150.047828456453686,-36.355406047962958],[150.047842457458557,-36.355354047963857],[150.04784844546532,-36.355297045964008],[150.047855446472767,-36.355234046964213],[150.047861443478894,-36.355182046964408],[150.04785344748791,-36.355125044963309],[150.047853447494163,-36.355079041963009],[150.047845442501512,-36.355034042962011],[150.047845442509384,-36.354976045961614],[150.047844439516467,-36.354925040961191],[150.047858440520514,-36.354879046962139],[150.047864436527334,-36.354822053962287],[150.047863432535991,-36.354759045961785],[150.047870433543437,-36.35469604696199],[150.047883440548446,-36.354644046962797],[150.047897433553175,-36.354593041963703],[150.047917431557863,-36.354535044965111],[150.047938425562222,-36.354478042966598],[150.047994423565854,-36.354386036970951],[150.048028423568297,-36.354328039973602],[150.048056427570799,-36.354277043975749],[150.048098423570366,-36.354231031979175],[150.048161422565897,-36.354190039984509],[150.048196417566601,-36.354144035987311],[150.048322415554452,-36.354086038998112],[150.048393411547124,-36.354057032004242],[150.048457413536227,-36.354062034009957],[150.04851341152434,-36.354084031015084],[150.048570413510674,-36.354118032020359],[150.048613414496913,-36.354169046024523],[150.048649413484128,-36.354221037028069],[150.048671410474554,-36.354266036030317],[150.048700418462829,-36.354318036033241],[150.048722416453245,-36.354363035035483],[150.048743418443678,-36.354409029037654],[150.048758416435021,-36.354455032039297],[150.048773413426545,-36.354500032040917],[150.048795419415285,-36.354557033043257],[150.048795419407554,-36.354614035043632],[150.048810416398112,-36.354666035045312],[150.048825413387192,-36.354729034047047],[150.048825413380939,-36.354775028047356],[150.048833426371914,-36.354832030048456],[150.048848423362585,-36.354883035050115],[150.048870421351381,-36.35494002805244],[150.048870430345119,-36.354986032052757],[150.048892427333868,-36.355043034055093],[150.04890742432525,-36.355089037056722],[150.048914425318031,-36.355134036057635],[150.048929432307773,-36.35519203305936],[150.048951429297347,-36.355243029061661],[150.048966435288037,-36.35529403406332],[150.04899543327636,-36.355346034066251],[150.049009435268033,-36.355391033067782],[150.049038443256507,-36.355442038070706],[150.049053430247852,-36.355488032072337],[150.049089430234375,-36.355545034075902],[150.049139431218691,-36.355602027080728],[150.049203435203083,-36.355642033086674],[150.049267437188433,-36.355675030092584],[150.049324430178558,-36.355681027097681],[150.049380428171304,-36.355669033102593],[150.049437430163863,-36.355657030107572],[150.049500429156325,-36.355639030113046],[150.049556427149042,-36.35562702711794],[150.049620430141971,-36.35560402612348],[150.049683429134404,-36.355586026128947],[150.049747423127315,-36.355563033134487],[150.049789419126938,-36.355517021137921],[150.049823419128614,-36.355465021140589],[150.049858415129279,-36.355419018143408],[150.049900420128836,-36.355373024146822],[150.049956418132439,-36.355281018151203],[150.04998340813674,-36.355218019153178],[150.050018413139696,-36.355155020155877],[150.050038411143561,-36.355103020157301],[150.050066406146158,-36.355051020159451],[150.050101401149192,-36.354988021162143],[150.050136406149846,-36.354942018164955],[150.050177398150396,-36.354890018168248],[150.050233396148542,-36.354838018172877],[150.050297399142977,-36.354804018178342],[150.050374400136292,-36.354763016184926],[150.050430398129095,-36.354751014189823],[150.050487391120811,-36.35474501719483],[150.050551394108339,-36.354762012200638],[150.050608396097147,-36.354778013205809],[150.050664394085061,-36.354801015210953],[150.050721396070742,-36.35484000821625],[150.050772392055563,-36.354891999221138],[150.050800397044185,-36.354943013223959],[150.050843397030405,-36.354994009228115],[150.050887392014857,-36.35505700823245],[150.050930391999628,-36.355119012236656],[150.050966399986976,-36.355170008240215],[150.051002399974152,-36.35522200824375],[150.051038398961509,-36.355273013247292],[150.05113840193178,-36.355375005256853],[150.051195394914174,-36.355438004262339],[150.05125239689977,-36.355477016267656],[150.051309398886787,-36.355506005272915],[150.051366400872439,-36.355545007278231],[150.051437395856539,-36.355579008284771],[150.051501399843403,-36.355601014290592],[150.051565393831709,-36.355612004296347],[150.051629395820697,-36.355618001302076],[150.051692394809237,-36.355629000307758],[150.05174939680029,-36.355628005312816],[150.051806389790528,-36.355632998317915],[150.051862396780166,-36.355643997322957],[150.051926399767638,-36.355661001328762],[150.051990393753698,-36.355688996334635],[150.052047396740818,-36.355716999339883],[150.052090396726953,-36.355768999344043],[150.052112393717323,-36.355813999346303],[150.052119394709166,-36.355865999347259],[150.052120398702755,-36.355911993347654],[150.052120398695791,-36.355962998347998],[150.05209339969386,-36.356009001345903],[150.052065404691263,-36.356061001343768],[150.052023399691706,-36.35610699534034],[150.051960400696942,-36.356142000334962],[150.051890401701002,-36.356193999329079],[150.051834403702173,-36.356251001324488],[150.051770409708411,-36.356280000318982],[150.051707410713647,-36.356315004313622],[150.051644410717415,-36.35636100730833],[150.051581411721855,-36.356402009303004],[150.0515534177201,-36.356448003300805],[150.051526417716616,-36.3565050052988],[150.051498414714814,-36.356551008296606],[150.051505415707453,-36.356597011297538],[150.05152042069804,-36.356649011299218],[150.051563421683568,-36.356705009303404],[150.05159942167009,-36.356762002306979],[150.051642421656197,-36.356814002311154],[150.05169242264131,-36.356865007315932],[150.051749424626166,-36.356910006321293],[150.051806417613278,-36.356938001326526],[150.051920421585947,-36.357006001337112],[150.051977433573768,-36.357029003342326],[150.052091419552625,-36.357051001352609],[150.05214741754159,-36.357067001357692],[150.052204419529374,-36.357090003362906],[150.052304421499628,-36.357191995372474],[150.052340420486985,-36.357243000376009],[150.052369419475298,-36.35729500037894],[150.052398426462275,-36.357356995381906],[150.052406423453249,-36.357413997382999],[150.052406423447025,-36.357460000383298],[150.052407427439789,-36.357512000383743],[150.052407427433536,-36.357557994384045],[150.052394429426386,-36.357625995383351],[150.052388432420287,-36.357677995383149],[150.052367439417338,-36.357723998381594],[150.052346436413757,-36.357775003380063],[150.05233343840959,-36.3578209973792],[150.052305426407798,-36.35786700037702],[150.052298434402644,-36.357913003376709],[150.052292437397341,-36.357958998376475],[150.052271434394441,-36.358005001374906],[150.052279439386922,-36.358051004375938],[150.052293441378623,-36.358096003377469],[150.052351438359324,-36.358170001383108],[150.052394438343896,-36.358233008387352],[150.052451440328753,-36.358277999392705],[150.052515452313116,-36.358317996398661],[150.052572445299461,-36.358351996403947],[150.05264344128355,-36.358385997410487],[150.0527004432723,-36.358401997415655],[150.052757444260976,-36.358418993420834],[150.05281443725039,-36.358429992425975],[150.052877436238873,-36.35844099143165],[150.052934438229812,-36.358440991436709],[150.053005442217852,-36.358445993443063],[150.053069436205362,-36.358462979448838],[150.0531254341943,-36.358478989453936],[150.053182436183761,-36.358489988459063],[150.05326743217023,-36.358489988466616],[150.053323431162966,-36.358477985471531],[150.053451437139614,-36.358499983483043],[150.053508430129853,-36.358504985488139],[150.053564428121803,-36.358498988493089],[150.053620435114539,-36.358486985497983],[150.053691429103367,-36.35848598150428],[150.053762424093719,-36.358473978510503],[150.053832415084202,-36.358461984516644],[150.053889426076665,-36.358450968521645],[150.053952425067564,-36.358443976527205],[150.054016427058883,-36.358432977532829],[150.054086428049374,-36.358420974538966],[150.054157432039062,-36.358413973545225],[150.054214425030807,-36.358407977550257],[150.054291416021726,-36.358384975556945],[150.054355419014797,-36.358360969562462],[150.054411417007515,-36.358348976567356],[150.05447541999817,-36.358342970573013],[150.054531417987761,-36.358353969578069],[150.054602412974134,-36.358370973584485],[150.054659423962789,-36.358387969589671],[150.054723417947315,-36.358426971595613],[150.054780420932815,-36.358466969600933],[150.054837412920762,-36.358488966606153],[150.054894414907125,-36.358522967611449],[150.054951416892607,-36.35856297361677],[150.055015410876308,-36.358607963622759],[150.055072412862614,-36.358641963628045],[150.055129414846647,-36.358692959633444],[150.055187411829678,-36.358749961638978],[150.055244413815188,-36.358789958644309],[150.055294405800339,-36.358840963649101],[150.05533041378763,-36.358891960652635],[150.055358417776262,-36.358942965655444],[150.055366413768752,-36.358988959656465],[150.055381418758628,-36.359045961658182],[150.055388419751267,-36.359091964659093],[150.055396416742212,-36.359148966660186],[150.055390419736256,-36.35919996266],[150.055390419730003,-36.359245965660286],[150.055384422724728,-36.359291959660077],[150.055363429720984,-36.359343959658545],[150.055307430722848,-36.359395968653907],[150.055244431727402,-36.359435965648586],[150.055181432733491,-36.359464964643166],[150.055110428742324,-36.359482963636978],[150.055054430749607,-36.359494966632084],[150.054997428757844,-36.35950097262706],[150.054933435768021,-36.359500972621383],[150.054870436777094,-36.35950797361582],[150.054806433786439,-36.359513970610166],[150.054736433795938,-36.359525972604025],[150.054672439806126,-36.359525972598334],[150.054608437816967,-36.359520971592616],[150.054552439825727,-36.359521974587658],[150.054481444837847,-36.359515978581292],[150.054417440848709,-36.359510976575571],[150.054361442856788,-36.359516973570635],[150.054297439865309,-36.359528975565027],[150.054241441874098,-36.359529979560065],[150.054184448881699,-36.359540978555067],[150.054121440890043,-36.359552972549551],[150.05405743889861,-36.359564984543937],[150.053994448906167,-36.359582983538452],[150.053937446913608,-36.359594986533466],[150.053867446920009,-36.359629981527483],[150.053804456925235,-36.359664986522127],[150.053741457929817,-36.359704983516785],[150.053643454932882,-36.359796989508673],[150.053601458933315,-36.35984299250525],[150.053538459937784,-36.359883994499924],[150.053467464945129,-36.35991299249379],[150.053404465951871,-36.359936989488361],[150.053326460960335,-36.359965996481634],[150.053242467971273,-36.359983996474284],[150.053171464978561,-36.360012994468157],[150.053101473985805,-36.360041993462133],[150.053038474991041,-36.360076997456758],[150.052982476992895,-36.360128997452122],[150.052926478994863,-36.360180002447493],[150.052891473993355,-36.360232002444732],[150.052870479990446,-36.360277996443159],[150.052864473985181,-36.360323999442926],[150.05283647998337,-36.360370002440739],[150.052822477979333,-36.360416005439795],[150.052816480973377,-36.360467001439609],[150.052823472965201,-36.360519001440572],[150.052824484958762,-36.360565004440971],[150.052832489949765,-36.360621997442053],[150.052846482941248,-36.360668000443596],[150.052868488929363,-36.360730004445969],[150.052897478917686,-36.360782004448886],[150.052912483908386,-36.360833000450562],[150.052955484893005,-36.360895998454794],[150.052977499883383,-36.360940997457057],[150.052999488872814,-36.360992997459348],[150.053013490864458,-36.36103799646088],[150.053042487852139,-36.361094998463834],[150.053072490834836,-36.361186986467118],[150.053108489820687,-36.361248999470732],[150.053144488807931,-36.361300999474267],[150.053180488795249,-36.361351995477818],[150.053215492782783,-36.361403000481253],[150.053244490770425,-36.361459993484203],[150.053280490756947,-36.361516995487783],[150.053302487747203,-36.361562998490037],[150.053345496733442,-36.361613994494199],[150.053374494721908,-36.361664990497118],[150.0534174947081,-36.361715995501278],[150.053439492698402,-36.361761998503532],[150.053503495681241,-36.361812994509556],[150.053553496666382,-36.361863990514344],[150.053610498651892,-36.361903987519675],[150.053674491637935,-36.361931990525534],[150.053731493626572,-36.361948995530717],[150.053788495614498,-36.361970992535937],[150.053852489602832,-36.361981991541683],[150.053908496590935,-36.362003989546807],[150.053965489580378,-36.362014988551955],[150.054022491570493,-36.362020985557052],[150.054078489561704,-36.362019981562028],[150.054135501553503,-36.362013993567054],[150.05419849154427,-36.362007978572606],[150.054255484536867,-36.36199598457759],[150.054318492529291,-36.361977984583078],[150.054389495521917,-36.361948977589208],[150.054445475515337,-36.361931981594047],[150.054509478508436,-36.361907976599589],[150.054572477501523,-36.36188497460504],[150.054642478495964,-36.361843973610995],[150.054705477490586,-36.36180997361636],[150.054762479483969,-36.361791973621308],[150.054839479475646,-36.361762975627954],[150.054910474466823,-36.36174498463415],[150.054980474457352,-36.3617329636403],[150.055037476449911,-36.361720969645276],[150.05509347544259,-36.361708967650166],[150.055150468435187,-36.361696973655164],[150.055213466424362,-36.361702970660801],[150.055277469413454,-36.36170797266653],[150.055348473400699,-36.361718971672907],[150.055405466389345,-36.36173596667809],[150.055469469376135,-36.361757964683932],[150.055533471363702,-36.361774968689716],[150.055597465348882,-36.361808960695626],[150.055668469329987,-36.36186496770231],[150.055725471315498,-36.361904964707634],[150.055775463300591,-36.361955960712429],[150.05583246528542,-36.36200095971779],[150.05589646826752,-36.362057961723849],[150.055961466252597,-36.362091961729845],[150.056017464240654,-36.362113958734966],[150.056074466228466,-36.362136960740187],[150.056138468214527,-36.362164954746063],[150.056195470201629,-36.362192958751322],[150.056259464190816,-36.36219795175704],[150.0563164661786,-36.362220952762257],[150.056380460165428,-36.362242950768099],[150.05643646715572,-36.362248956773108],[150.05649346014448,-36.362264947778293],[150.056550462133941,-36.362275955783424],[150.056607464121726,-36.362298948788634],[150.05666446610806,-36.36233294879392],[150.056721459093694,-36.362371950799258],[150.056771460078835,-36.362422946804031],[150.056828462062697,-36.362474946809449],[150.056864461050026,-36.362525951812977],[150.056893460038481,-36.362576947815896],[150.05690746102934,-36.362627943817486],[150.056922467019888,-36.362679943819153],[150.056937464011241,-36.362725946820788],[150.056944465004051,-36.362770945821701],[150.056959469995377,-36.362816948823344],[150.056967465987839,-36.362862942824357],[150.056981466979522,-36.362907941825902],[150.057011468964561,-36.362982943829067],[150.057054469950117,-36.363038941833267],[150.057097469936195,-36.363090940837417],[150.057161472920711,-36.363129943843362],[150.057218465908591,-36.363152944848594],[150.057274472897461,-36.363168945853666],[150.057331465886108,-36.363185940858841],[150.057395468875939,-36.363185940864533],[150.057479470865871,-36.363161926871854],[150.057550465859947,-36.363121938877896],[150.057613463855517,-36.363080937883232],[150.057725459850246,-36.362988939892567],[150.057767457849934,-36.362941932896],[150.057816454849899,-36.36288493189997],[150.057850454852371,-36.3628269349026],[150.057871448855934,-36.362775929904139],[150.057885449859953,-36.36272993590508],[150.057905448863039,-36.362683932906563],[150.05793344386484,-36.362637929908736],[150.057968447865505,-36.362591935911553],[150.058031447860259,-36.362556930916917],[150.058095450853216,-36.362533929922449],[150.058165440846892,-36.362498924928452],[150.058221447840396,-36.362480925933298],[150.058285441832538,-36.362463929938876],[150.058348440825768,-36.362439924944333],[150.058404438819167,-36.362422928949179],[150.058468442813052,-36.362392926954669],[150.058531441807673,-36.362358925960045],[150.058580438806132,-36.362312922964101],[150.058636436804335,-36.362260922968737],[150.058664430806914,-36.362208922970879],[150.058684429810825,-36.362156922972318],[150.058705432813724,-36.36211091997388],[150.0587324328188,-36.362041924975813],[150.058739424826257,-36.361978916976035],[150.058731428834477,-36.361927920974992],[150.058716422845436,-36.361864921973222],[150.058702421853866,-36.361818918971672],[150.058687424863194,-36.361767922970024],[150.058665435872939,-36.361721919967756],[150.058629427886416,-36.361664917964177],[150.058614421894902,-36.361619918962546],[150.058571421910301,-36.361556920958321],[150.058521420925189,-36.361505924953526],[150.058485421937831,-36.361454919949985],[150.058442420952417,-36.361397926945784],[150.05841342296398,-36.361346921942882],[150.058370423978516,-36.361289928938675],[150.058313421996985,-36.36122092493315],[150.05824842401492,-36.36116492692701],[150.058198423031428,-36.361101927922149],[150.058155423045207,-36.361050931917987],[150.058105422060891,-36.360993929913157],[150.058083415070655,-36.360947926910903],[150.058062421080905,-36.360896930908709],[150.058025418095383,-36.360833922905002],[150.057982418109816,-36.360777925900805],[150.057939418124391,-36.360720932896612],[150.057882416141183,-36.360663930891157],[150.05778241417093,-36.360561929881598],[150.057725412186954,-36.360510933876199],[150.057675419201928,-36.360458933871413],[150.057603412220999,-36.360402935864634],[150.057560412234807,-36.360351930860482],[150.057517411248682,-36.360299930856314],[150.057488414260206,-36.360248934853395],[150.057466416269961,-36.360202931851127],[150.057452415279954,-36.36014593884952],[150.057458411285239,-36.360099935849739],[150.057479414288821,-36.360048930851271],[150.057507409290622,-36.360002936853455],[150.057577408285766,-36.35995693385938],[150.057647408277063,-36.359938943865494],[150.057711402268495,-36.359926922871097],[150.057767400260417,-36.35992093487603],[150.057824402251526,-36.359919930881084],[150.057880400242595,-36.359919930886065],[150.057944404234036,-36.359907927891683],[150.058007402227162,-36.359884926897131],[150.058071396218594,-36.359872923902735],[150.058127394209862,-36.359871928907708],[150.058191397199664,-36.359871928913392],[150.058255400188017,-36.359882927919152],[150.058312393176777,-36.359898927924334],[150.058376396164277,-36.359915923930131],[150.058440399148651,-36.359955920936088],[150.05849739213582,-36.359983924941346],[150.058560390122835,-36.360005921947071],[150.058617392109937,-36.360033916952339],[150.05867439409775,-36.36005691795755],[150.058738388085288,-36.36007391396334],[150.058802391070628,-36.360106927969269],[150.058873395055372,-36.360135917975761],[150.058987390029671,-36.360191915986263],[150.059044391017579,-36.360213912991476],[150.059101393004596,-36.360242911996743],[150.059157390993533,-36.360258912001825],[150.059214392981346,-36.360281914007039],[150.059278386968174,-36.360303911012871],[150.059335388955958,-36.360326913018099],[150.059399391942833,-36.360348901023926],[150.059463386931981,-36.360353912029645],[150.059534390919197,-36.360364911036029],[150.059597388908458,-36.360369904041669],[150.059661382896849,-36.360380903047421],[150.059725385885827,-36.360386909053155],[150.059781383877066,-36.360385905058116],[150.059845386870023,-36.360362903063674],[150.059908385860126,-36.360361899069261],[150.059979379853615,-36.360326904075343],[150.060042378849005,-36.360286898080673],[150.060084374848572,-36.360240904084101],[150.060133373847037,-36.360194901088164],[150.060153371850106,-36.36014889708963],[150.060160372856103,-36.360096898089914],[150.060166369861349,-36.360050894090143],[150.06017337086638,-36.360005904090471],[150.06017937687335,-36.359947899090621],[150.06017236688055,-36.359902899089683],[150.06016437088806,-36.359856896088687],[150.060150368896529,-36.359810902087133],[150.060135372905194,-36.359764899085491],[150.060106364918198,-36.359702895082506],[150.060091367926816,-36.359656901080868],[150.060062369940681,-36.359588901077849],[150.059969368971792,-36.359468900068784],[150.059926367985526,-36.359417904064628],[150.059890359998207,-36.359366899061087],[150.05985436101102,-36.359314899057537],[150.059818361023673,-36.359263903054],[150.059768360039357,-36.359206901049191],[150.059718368054206,-36.359155905044403],[150.059675359067967,-36.359104891040239],[150.059617362083316,-36.359059901034783],[150.059567361098999,-36.359002908029971],[150.059510359114199,-36.358957909024589],[150.059467359128121,-36.358905909020443],[150.059417358142952,-36.358854904015651],[150.05935336416087,-36.358797902009584],[150.059296362177577,-36.358741904004148],[150.059260363190361,-36.358689904000613],[150.059217361204105,-36.35863890799645],[150.059202356212609,-36.35859390899482],[150.059187359221227,-36.358547905993184],[150.059215355223046,-36.358501911995361],[150.059250359223739,-36.35845590799817],[150.059292355223306,-36.358409905001615],[150.059334351223697,-36.358357905004993],[150.059446356218388,-36.358265908014346],[150.059572345209517,-36.358183906024998],[150.059649346203514,-36.358137903031547],[150.059727341197345,-36.358091900038168],[150.059790341191331,-36.358062901043574],[150.05986034118655,-36.358015894049494],[150.059909338185008,-36.35796990005354],[150.059965336183978,-36.357911894058141],[150.060021334181357,-36.357865900062819],[150.060035327185375,-36.35781990606376],[150.060062326188813,-36.357762895065775],[150.060069327194753,-36.35771089506607],[150.060061331202974,-36.357659899065006],[150.060039325212728,-36.357613896062752],[150.060003325225409,-36.35756289105921],[150.059946323242173,-36.357505898053766],[150.059889321257373,-36.357460899048398],[150.059832328270204,-36.357432904043151],[150.059775326283898,-36.357398895037853],[150.059711324297211,-36.357375903032022],[150.059647330308877,-36.357364904026248],[150.059584331321076,-36.357348903020551],[150.059527328330802,-36.357343901015447],[150.059470326340715,-36.357337904010336],[150.059399331353433,-36.357326905003966],[150.05933633236495,-36.357315906998295],[150.059279330374693,-36.357310904993177],[150.059215319385544,-36.357305893987458],[150.059151334398848,-36.35728290998162],[150.059088335410365,-36.357271910975953],[150.059024332421217,-36.357266908970225],[150.058953337433991,-36.357255901963846],[150.05888933544486,-36.357250908958115],[150.058826335456388,-36.357239909952455],[150.058762332467182,-36.357234907946733],[150.05870533947629,-36.357234907941674],[150.058634335489046,-36.357223908935268],[150.058570341502218,-36.357201911929437],[150.058514334514911,-36.357173916924289],[150.058457341527088,-36.357150915919064],[150.058386338542874,-36.357117918912536],[150.058329327557374,-36.357077912907194],[150.058272343570223,-36.35704991890195],[150.058200335588594,-36.356998921895219],[150.058143332605397,-36.356941919889771],[150.058100341619195,-36.356890915885607],[150.058050340634878,-36.356833922880803],[150.058014332648355,-36.356776920877202],[150.057985333659872,-36.356725924874304],[150.057963336669644,-36.356679920872033],[150.057949334678113,-36.356633917870482],[150.057934328691374,-36.356553923868631],[150.05791933169985,-36.356508933866998],[150.05790433570931,-36.35645692486532],[150.057896330718307,-36.35639992286422],[150.057903331723452,-36.35635391986456],[150.057902327729721,-36.356308920864173],[150.057916328735359,-36.356250923865034],[150.057929326740236,-36.35619991886584],[150.057957321742037,-36.35615391586802],[150.057985324744635,-36.356101915870184],[150.058013319746465,-36.356055921872361],[150.05802631675067,-36.356009917873202],[150.058047319754394,-36.355957918874729],[150.058068314757293,-36.355911923876292],[150.05808132076146,-36.355865920877157],[150.0580883127665,-36.355820912877469],[150.058073316775904,-36.355768912875796],[150.058051327785535,-36.355723913873547],[150.05800131680121,-36.355666929868725],[150.057951315816098,-36.355615915863929],[150.057887312833202,-36.355564919857919],[150.057830310848516,-36.355518907852542],[150.057780309864171,-36.35546192384772],[150.057729313879264,-36.355410918842864],[150.057708301890301,-36.355353925840603],[150.057693314898785,-36.355308917838975],[150.057692310906049,-36.355256917838538],[150.057699310911829,-36.355205912838827],[150.057698306918269,-36.355159918838439],[150.057705298924191,-36.355107918838712],[150.057718305928404,-36.355061924839568],[150.057725306934202,-36.355010910839844],[150.057738304938425,-36.354964916840707],[150.057752288943931,-36.354907923841573],[150.057773299946831,-36.354861920843135],[150.057807300947644,-36.354815907845861],[150.057849296948888,-36.35475792084921],[150.057884291949591,-36.354711916852018],[150.057905294952491,-36.354665913853566],[150.057925293955549,-36.354619919855047],[150.057953288963603,-36.35452791385692],[150.057952293969862,-36.35448291485654],[150.057916294982675,-36.354430914853005],[150.057873292997897,-36.354368919848767],[150.057802290015445,-36.35432291684215],[150.05774528802749,-36.354300918836948],[150.05768828604036,-36.354272915831686],[150.057631293051742,-36.354255919826521],[150.057575295062094,-36.354244920821465],[150.057496295077641,-36.354222923814284],[150.057433287088486,-36.354216926808654],[150.057376293099736,-36.354200925803475],[150.057312291112225,-36.354183929797671],[150.057255289122764,-36.354172921792539],[150.057192290133486,-36.354167928786914],[150.057135297144015,-36.354156930781755],[150.057078295155378,-36.3541399257766],[150.057014292167025,-36.354128926770827],[150.056951293179367,-36.354111930765114],[150.056880298192823,-36.354095930758703],[150.05682329620339,-36.354084931753555],[150.056759302213578,-36.354084931747863],[150.056696294225077,-36.354073932742196],[150.056625299237851,-36.354062924735821],[150.056561296249498,-36.354051934730059],[150.056483301263285,-36.354041930723049],[150.056419297274914,-36.354030932717301],[150.056363299284641,-36.354024935712275],[150.056306306293578,-36.354025939707228],[150.056242303305197,-36.354014940701461],[150.056172303315549,-36.354020937695267],[150.056115302326049,-36.354009929690136],[150.056044307337231,-36.354010942683836],[150.055981308348095,-36.354004936678194],[150.055924305357792,-36.353999943673102],[150.055853319367458,-36.354011946666873],[150.055797321377042,-36.354006944661869],[150.055726318389162,-36.3540009476555],[150.055669307398915,-36.353995945650396],[150.055613309406993,-36.354001942645468],[150.05552830342188,-36.353991947637844],[150.055464308432022,-36.35399194763216],[150.055400315443677,-36.353980948626401],[150.055344317454882,-36.353963952621307],[150.055287315466956,-36.353941946616104],[150.055230313478319,-36.353924950610924],[150.055166310493775,-36.353885948604969],[150.055080309522936,-36.353771953596578],[150.055072314530435,-36.35372595059556],[150.055036313543098,-36.35367495459203],[150.054993313556878,-36.35362394858786],[150.054971306566614,-36.353577954585617],[150.0549503135762,-36.353531951583427],[150.054935307585481,-36.353480955581759],[150.054899308599801,-36.353417956578141],[150.054877310611005,-36.35336095457582],[150.054855304620617,-36.353315955573571],[150.0548333066304,-36.35326995257131],[150.054819313639513,-36.353218956569727],[150.054811299647866,-36.353166956568664],[150.054789302659941,-36.353103957566297],[150.054774305669213,-36.353052952564632],[150.054760303678364,-36.353001956563055],[150.054745307687853,-36.352949965561372],[150.054737302696054,-36.352898951560334],[150.054723299704534,-36.352852957558767],[150.054701292714242,-36.35280695455652],[150.054672294725776,-36.352755958553601],[150.054643296738107,-36.35269895655064],[150.054607296750788,-36.352647951547112],[150.054585290760542,-36.352601957544856],[150.054542289775128,-36.352544955540651],[150.054492297789977,-36.352493959535877],[150.054428294802364,-36.352477958530073],[150.054371293815336,-36.352448959524828],[150.054315294827177,-36.352426962519694],[150.05420129984995,-36.352392961509338],[150.054145292857896,-36.352399962504414],[150.054074297871495,-36.352382957497994],[150.054017295882034,-36.352371958492853],[150.053960302890289,-36.352377964487829],[150.053897284900188,-36.352378959482238],[150.053791312916189,-36.352384965472851],[150.053706298929569,-36.352385978465293],[150.053649305939416,-36.352379972460199],[150.053593307948205,-36.352380967455233],[150.053536305959568,-36.352363971450053],[150.053472310974399,-36.352329980444146],[150.053415299988728,-36.352290969438819],[150.053379301001542,-36.352238968435266],[150.053364304009989,-36.352193978433633],[150.053328305022802,-36.3521419694301],[150.053299297035124,-36.352084967427146],[150.053278303044578,-36.352039968424997],[150.05324130006295,-36.351947971421083],[150.053226293073095,-36.351890969419372],[150.053226293079206,-36.351845970419078],[150.053218298087529,-36.351793970418022],[150.053218298093782,-36.351747967417722],[150.053210293101159,-36.35170296741672],[150.053202288109532,-36.351650967415658],[150.053195287118371,-36.351593974414655],[150.053173289128097,-36.351547971412394],[150.053151292137699,-36.351502972410152],[150.05310829215145,-36.351451967405985],[150.053058282166489,-36.35139997640119],[150.052994288184266,-36.351343969395145],[150.052880292213246,-36.35126397438448],[150.052823290226769,-36.351230978379206],[150.05277328924177,-36.351178978374421],[150.052723288256658,-36.351127973369628],[150.052708282266792,-36.351070971367932],[150.05270028627433,-36.351024977366905],[150.052700286281237,-36.350973981366572],[150.05269228128941,-36.350922976365531],[150.052691285298948,-36.350853971364991],[150.052698277305581,-36.350796978365238],[150.052697282312806,-36.350744978364787],[150.052704274318643,-36.350693973365068],[150.052717272322809,-36.350647970365927],[150.052731274326817,-36.350601976366875],[150.052744271332614,-36.350543970367646],[150.052751272337645,-36.350498971367962],[150.052750268345676,-36.35044097436748],[150.052750268351787,-36.350395975367192],[150.052749273359012,-36.350343974366751],[150.052734268373058,-36.350257974364865],[150.052719271381562,-36.350212975363235],[150.052719262389445,-36.350154969362841],[150.052704265398745,-36.350103973361179],[150.052689268407391,-36.350057970359529],[150.052682268414628,-36.350012971358623],[150.052667262423256,-36.349966976356988],[150.052659266431448,-36.349915971355941],[150.052630259443106,-36.34986397135301],[150.05260926545256,-36.349818981350865],[150.052565260472051,-36.349726975346336],[150.0525292604855,-36.349669973342763],[150.052486260499279,-36.349618977338601],[150.052450261511922,-36.349567972335066],[150.052400260526781,-36.349516976330285],[150.052343258544425,-36.349453977324799],[150.052293256560063,-36.349396975319983],[150.052271258569675,-36.349351976317728],[150.052242260584336,-36.349277978314667],[150.052220253594101,-36.349231975312399],[150.052177244608686,-36.349174982308199],[150.052155255618288,-36.349129974305953],[150.052126248629946,-36.349077974303036],[150.05209724864298,-36.349015979300042],[150.052061249657243,-36.348952980296438],[150.052025250669885,-36.348901975292897],[150.052004247679491,-36.348855981290718],[150.051989250688109,-36.348809977289086],[150.05194625070186,-36.348758981284924],[150.051924244713092,-36.348701979282602],[150.05188824472657,-36.348644977279029],[150.051845243741155,-36.348587975274825],[150.051773244766451,-36.348485983267743],[150.051741243777229,-36.348443978264626],[150.051707242787643,-36.348406984261366],[150.051668240801746,-36.348348978257505],[150.051656237811386,-36.34829199425608],[150.051649237817372,-36.348255976255203],[150.051650240823193,-36.348211981255005],[150.051635234832531,-36.348160976253332],[150.051620237841149,-36.348114982251708],[150.05160623584959,-36.348068979250158],[150.051584238860841,-36.348011977247822],[150.051569232869468,-36.347965983246183],[150.051554235877973,-36.347920983244556],[150.05153323388754,-36.347874980242388],[150.051518227896054,-36.347829981240757],[150.051510231903563,-36.34778397823974],[150.051489229913159,-36.347737984237568],[150.051453228927414,-36.347674985233958],[150.051410228941137,-36.347623980229812],[150.051388230952426,-36.347566978227469],[150.051323224971981,-36.34749898622124],[150.05126622298647,-36.347458980215919],[150.051181234009192,-36.347390979207908],[150.051138225022981,-36.34733998320376],[150.051081223038125,-36.347294984198385],[150.051023226053616,-36.347248989192927],[150.05096622306877,-36.347203981187569],[150.050909212085571,-36.347146988182125],[150.050852228103054,-36.347084984176668],[150.050795226115895,-36.34705699017141],[150.050738223135028,-36.346982983165852],[150.050694219149733,-36.346925990161552],[150.050673225159215,-36.346880991159402],[150.050651219169737,-36.346828991157096],[150.050629221179491,-36.346782987154832],[150.050614225188127,-36.346736984153203],[150.050594217198608,-36.34668298515107],[150.050578216208521,-36.346628986149291],[150.050563219217167,-36.346582992147653],[150.050549217225495,-36.346537984146103],[150.050548213231878,-36.346491990145715],[150.050540217240211,-36.346439990144667],[150.05053321624743,-36.346394991143747],[150.050539213253529,-36.346342990143931],[150.050553215257565,-36.346296987144875],[150.050566213264062,-36.34623398914561],[150.050587206267664,-36.346182984147127],[150.05060820927136,-36.346130983148662],[150.050635208276447,-36.346061988150595],[150.050656202279328,-36.346015985152157],[150.050669200285029,-36.345958983152947],[150.05069020228791,-36.345912989154513],[150.050696208294028,-36.345860989154694],[150.050710201298045,-36.345814985155648],[150.050717202303048,-36.345769986155965],[150.050716198311079,-36.345711980155492],[150.050737191314028,-36.345665986157051],[150.050764191316631,-36.345614981159116],[150.050785194320383,-36.34556298116064],[150.050806187323246,-36.345516978162209],[150.050833187327527,-36.345453979164184],[150.05086119033092,-36.345395982166288],[150.050881189335513,-36.345338981167693],[150.050895182339531,-36.345292977168626],[150.050909183343578,-36.345246983169567],[150.050915180348852,-36.345200980169793],[150.050922181353826,-36.34515598117013],[150.050928178359158,-36.345109978170342],[150.050928178366888,-36.345052976169981],[150.050920173374379,-36.345006991168951],[150.050905176383026,-36.344960979167332],[150.050898176390376,-36.344914975166397],[150.050868173408986,-36.344812983163052],[150.050854171417484,-36.344766980161509],[150.050832174427228,-36.344720977159248],[150.050824169434605,-36.34467598715824],[150.050821175441456,-36.344628979157662],[150.05088016743818,-36.344583980162604],[150.050950168432649,-36.344542970168554],[150.051020167426287,-36.344507975174544],[150.051091171418904,-36.34447897618066],[150.051154162413667,-36.344443972186035],[150.051217161407578,-36.34441497419143],[150.051280169402332,-36.344379970196819],[150.051344162396134,-36.344350971202296],[150.051414163390405,-36.344310974208263],[150.05147715338515,-36.34427597021363],[150.051547153380284,-36.344229967219533],[150.051603152377766,-36.344182969224207],[150.051674155373547,-36.344130969230172],[150.051737154369789,-36.344084966235464],[150.051807145364876,-36.344038963241381],[150.051870145361278,-36.343991964246669],[150.051933144355871,-36.343957964252041],[150.051989142353364,-36.343910966256708],[150.052038139351851,-36.343864963260756],[150.052101139347229,-36.343824957266094],[150.052143144346843,-36.343778963269514],[150.05218514034803,-36.343720957272872],[150.052220136348694,-36.343674963275667],[150.052262132348261,-36.343628960279098],[150.052297137348944,-36.343582956281907],[150.052338129348726,-36.343536953285245],[150.052373134350177,-36.343484953288005],[150.052415130352074,-36.343421955291333],[150.05242913235611,-36.343375951292273],[150.05244913935914,-36.343329957293747],[150.052463124363186,-36.343283945294679],[150.052526123357126,-36.343254956300086],[150.052590126350083,-36.343231954305629],[150.052646124343624,-36.343213955310489],[150.052717118333163,-36.343207949316756],[150.052780118323284,-36.343206954322341],[150.052836125313831,-36.343210952327347],[150.052901123302433,-36.343218948333181],[150.052951115293808,-36.343223950337652],[150.053017117282934,-36.343226944343542],[150.053066124274437,-36.343231946347927],[150.053104122268792,-36.343228943351292],[150.053236117246911,-36.343235944363066],[150.053268118237042,-36.343270949366136],[150.053305113225605,-36.343311941369699],[150.053362115209609,-36.343362946375102],[150.053419118195137,-36.343402944380429],[150.053476120182268,-36.343430947385684],[150.053540113169134,-36.343452945391512],[150.053596120158744,-36.343463953396565],[150.053653113147391,-36.343480940401754],[150.053717117134909,-36.343497944407538],[150.053774119120561,-36.343536938412868],[150.053782115113023,-36.343582941413871],[150.053740119113456,-36.343628944410447],[150.053676124118056,-36.343669945405033],[150.05361312512494,-36.343692938399599],[150.053550126130176,-36.343727942394217],[150.053480125134257,-36.343779933388355],[150.053368130139546,-36.343871948379004],[150.053312132142082,-36.343918955374328],[150.053263134143634,-36.343964949370275],[150.053221128144031,-36.344010952366851],[150.053186133143356,-36.344056946364049],[150.053144137143789,-36.344102950360622],[150.053109132143078,-36.344148953357802],[150.053060135144648,-36.344194947353763],[150.052976142145468,-36.344286953346895],[150.052935140145593,-36.344333951343557],[150.052907146143838,-36.344379963341389],[150.052872142143144,-36.344425957338579],[150.052844147140632,-36.344476953336432],[150.052817147138711,-36.34452295633433],[150.052796144134959,-36.344574948332813],[150.052775150132078,-36.344620960331255],[150.052747147130276,-36.344666954329071],[150.052720156126838,-36.344723956327037],[150.0526991541239,-36.344769950325485],[150.052686156118114,-36.344827956324707],[150.052672154113395,-36.344878961323801],[150.052659155109211,-36.344924955322952],[150.052645154104397,-36.344976955322053],[150.052638162099271,-36.345022958321735],[150.052632156093296,-36.345073963321532],[150.052625164088141,-36.345119957321216],[150.052619158082166,-36.345170962321021],[150.05261216607704,-36.345216957320709],[150.052613161069814,-36.345268956321135],[150.052606169063978,-36.345319962320858],[150.052607164055274,-36.345382960321359],[150.052608168047243,-36.345440957321827],[150.052616165039041,-36.345491962322875],[150.052630176029908,-36.345542958324458],[150.052638172021545,-36.345594958325513],[150.052653168012284,-36.345645963327186],[150.052667170003758,-36.345691958328736],[150.052682175995159,-36.345737961330364],[150.0526831709889,-36.345782960330766],[150.052690171980743,-36.345834960331729],[150.052691175974331,-36.345880963332114],[150.052705176964338,-36.345937965333725],[150.052706180958097,-36.345982964334119],[150.052714176950559,-36.346028958335133],[150.052728178941265,-36.346080959336724],[150.052743184931188,-36.346137960338432],[150.052751180922968,-36.346188957339479],[150.052773178911735,-36.346245958341811],[150.052802186900095,-36.346297959344724],[150.052831184886173,-36.34636595934775],[150.052874184872422,-36.346416964351924],[150.052895187862049,-36.346468955354126],[150.052931186849406,-36.346519961357679],[150.052974187835616,-36.346570957361813],[150.053031189820473,-36.346615956367195],[150.053096187805522,-36.346649956373199],[150.053152185793493,-36.346672958378313],[150.053209187783779,-36.346677960383403],[150.053266190773229,-36.346688959388558],[150.05332218876282,-36.346699958393586],[150.053386182750359,-36.346716953399401],[150.05344318473982,-36.346727952404528],[150.053507187728968,-36.34673295441025],[150.053563186718577,-36.346743953415313],[150.053634180705814,-36.346754943421693],[150.053705184694621,-36.346753948427995],[150.053768183684639,-36.346753948433594],[150.053825185673276,-36.346770953438778],[150.053889180662424,-36.346775946444481],[150.053946182653476,-36.346774951449554],[150.05400918164267,-36.346780948455176],[150.054073174631014,-36.34679194746095],[150.054137177620987,-36.346790943466623],[150.054200177609459,-36.346801933472307],[150.054257179600398,-36.346801933477366],[150.054313177593116,-36.346789939482264],[150.054370179585703,-36.346777946487258],[150.05444017057701,-36.346759937493339],[150.054511174568887,-36.346736945499515],[150.054567172562429,-36.346718936504367],[150.054638167552781,-36.3467069425106],[150.054701166545073,-36.346689938516079],[150.05475816853766,-36.346677935521072],[150.054821168530083,-36.346659927526552],[150.054878179515583,-36.34669993353188],[150.05491416950295,-36.346750938535422],[150.054971171492411,-36.346761937540563],[150.055027169483623,-36.346760933545539],[150.055084163475385,-36.34675493655056],[150.055140170468775,-36.346737931555431],[150.055218165464936,-36.346674933561943],[150.055332160447932,-36.34666692857202],[150.055282168441749,-36.346770928568255],[150.055261166438044,-36.346822928566731],[150.055241167434275,-36.346873933565298],[150.055199171433088,-36.346931930561951],[150.055164166431581,-36.346983930559183],[150.055122170430508,-36.347040923555817],[150.055095171428547,-36.347086935553733],[150.055060175427883,-36.347132938550914],[150.055032181425247,-36.347184938548779],[150.055005180421801,-36.347241940546759],[150.054984178418067,-36.347293940545221],[150.054970176413207,-36.347345940544336],[150.054957178409069,-36.347391934543474],[150.054936185406262,-36.347436942541911],[150.054922183402255,-36.34748293654097],[150.054902193397538,-36.347540942539567],[150.054888182393512,-36.347586936538633],[150.054868184388965,-36.347643938537239],[150.054854191382645,-36.347706937536408],[150.054841193378451,-36.347752940535557],[150.054834192373306,-36.347798943535224],[150.054828196367339,-36.347849939535045],[150.054814194362507,-36.34790193953414],[150.054801196358341,-36.347947942533288],[150.054773193356539,-36.347993936531097],[150.054766201349906,-36.348050938530868],[150.054746202346024,-36.348102938529429],[150.054746202339743,-36.348148941529729],[150.054740214333776,-36.348199937529536],[150.05473320432867,-36.348245940529218],[150.054734199321558,-36.348296954529644],[150.054756206311822,-36.348342940531907],[150.054770208303353,-36.348388943533443],[150.054785204294859,-36.348433942535081],[150.054807202285104,-36.348479936537345],[150.05484321027248,-36.348530941540886],[150.054886211258719,-36.348581937545042],[150.054943204243386,-36.348627940550408],[150.055000215229057,-36.348666943555742],[150.055071210212333,-36.348706940562302],[150.05512820320024,-36.348728938567518],[150.055185205187286,-36.34875793657276],[150.055241204175417,-36.348779934577898],[150.055298206164053,-36.348796939583075],[150.055355208153458,-36.348807937588205],[150.055412210142094,-36.348824933593384],[150.055469203129263,-36.348852937598643],[150.055525201117376,-36.348874934603757],[150.055639206090035,-36.348942935614346],[150.055697212073852,-36.348993931619837],[150.055754205059401,-36.349033929625158],[150.055804206043717,-36.349090930629991],[150.055854208028165,-36.349146928634802],[150.055911210011345,-36.34920393064025],[150.055961210996486,-36.349254927645028],[150.055997209983673,-36.349306927648563],[150.056047210968813,-36.349357932653348],[150.056090201954277,-36.349414925657548],[150.056126210941557,-36.349465930661083],[150.05616220992664,-36.349533930664741],[150.056205210912879,-36.349584927668879],[150.056234209900509,-36.349641928671844],[150.056263216888851,-36.349693929674771],[150.056307211867988,-36.349795930679342],[150.056322217859389,-36.349841924680995],[150.056336219850209,-36.349892929682575],[150.056351216841563,-36.349938923684206],[150.056359211834064,-36.349984926685231],[150.056366221826693,-36.350030929686156],[150.056374217818529,-36.350081925687192],[150.056396224806434,-36.350144924689587],[150.056403225799073,-36.350190927690512],[150.056411220790068,-36.350247929691591],[150.056426226781582,-36.350292928693207],[150.056440228773113,-36.350338922694775],[150.056456229753422,-36.350464929697019],[150.056471225741831,-36.350532921698793],[150.056486231733174,-36.35057892470045],[150.056507225722129,-36.35063592670268],[150.056522231713501,-36.350681929704315],[150.056530227705281,-36.350732925705373],[150.05655223469472,-36.350784925707657],[150.056566236685597,-36.350835921709248],[150.056602235672131,-36.350892914712823],[150.056674234646835,-36.350994924719899],[150.056703232635158,-36.351046924722809],[150.056746232620554,-36.351103926727014],[150.05678225060791,-36.351154922730551],[150.056825241593344,-36.351211924734748],[150.056882234580485,-36.351239919740003],[150.056953238564574,-36.351273910746549],[150.057017241550597,-36.351301922752413],[150.057088236536998,-36.351318918758835],[150.057145238524953,-36.351340916764052],[150.057209232513287,-36.351351915769804],[150.057273235500816,-36.351368919775609],[150.057336234488645,-36.351384920781314],[150.057400237478447,-36.351384911787008],[150.05745723047022,-36.351378914792022],[150.057513228460635,-36.351383916797047],[150.057570230452399,-36.351377910802071],[150.057640230442075,-36.35137191480824],[150.057711226432417,-36.35135991181447],[150.057774215427173,-36.351324907819851],[150.057831226419751,-36.351312913824827],[150.057908227416192,-36.351248910831259],[150.057964225413571,-36.351202907835933],[150.058034216407862,-36.351162910841886],[150.058083223407152,-36.351110910845904],[150.058104216410044,-36.351064907847459],[150.058124215413102,-36.351018904848942],[150.058145218416854,-36.350966904850459],[150.058158215421031,-36.350920901851318],[150.058172217425039,-36.350874916852248],[150.058186210429056,-36.350828904853195],[150.058199199433119,-36.350783905854051],[150.058206209438225,-36.350737901854366],[150.058212205444363,-36.350685901854568],[150.05822620744911,-36.350634905855472],[150.058225203456288,-36.350582905855035],[150.058232204461433,-36.35053690285536],[150.058253207464332,-36.350490899856922],[150.058280206467799,-36.350433897858935],[150.058308201470396,-36.350381897861091],[150.058328199474971,-36.350324904862475],[150.058349202477899,-36.350278901864058],[150.058384198479388,-36.350226901866819],[150.058447206474824,-36.350186895872156],[150.058489193474514,-36.350139897875565],[150.058552192469961,-36.350099900880913],[150.05861519146697,-36.350047900886167],[150.058664188465457,-36.350001897890216],[150.058727188462512,-36.34994988889548],[150.058769184462079,-36.349903894898908],[150.05881119046245,-36.349851894902287],[150.058937178461207,-36.349713894912583],[150.058971179462844,-36.349661894915258],[150.058992181465783,-36.349615882916822],[150.059006175470614,-36.349563891917718],[150.059019173476287,-36.349506889918501],[150.059026174481403,-36.34946088691882],[150.059025170488496,-36.349409890918409],[150.059024175494898,-36.349363887917995],[150.059031176500071,-36.349317893918318],[150.059030172507278,-36.349265893917881],[150.059037173513076,-36.349214888918176],[150.059036169520311,-36.349162888917739],[150.059043178526935,-36.349105886917989],[150.059042165534009,-36.349054890917557],[150.059042165540234,-36.349008887917257],[150.059055163545281,-36.348956887918071],[150.059055163551534,-36.348910884917764],[150.059061160556666,-36.348865885917995],[150.059075162560731,-36.348819890918939],[150.059081159566034,-36.348773878919175],[150.059095160570848,-36.348721887920057],[150.059094157577931,-36.348670891919632],[150.059094157584184,-36.348624888919346],[150.059100153589469,-36.348578876919568],[150.0591001535972,-36.34852188391919],[150.059092158605552,-36.348469883918149],[150.059091154611821,-36.348424884917755],[150.059091154618073,-36.348378890917452],[150.059090150625963,-36.34832187991698],[150.059104151630009,-36.348275885917936],[150.059124150633863,-36.34822388591936],[150.059152145635693,-36.34817788292154],[150.059187150636376,-36.34813188892435],[150.059215144638983,-36.348079888926485],[150.05926414163747,-36.348033885930541],[150.05932714063286,-36.347993888935875],[150.059397140627311,-36.347952878941832],[150.059461135619586,-36.347934878947399],[150.059531135612417,-36.347905880953434],[150.059594133603213,-36.347899883958988],[150.059658136595516,-36.347881874964557],[150.059728136586017,-36.347869890970706],[150.059792131577296,-36.347858873976328],[150.059849133567582,-36.347863875981417],[150.059905131557969,-36.347868877986436],[150.05997613454673,-36.347868877992745],[150.060033127536968,-36.347873870997837],[150.060089126528254,-36.347872876002825],[150.060146128520699,-36.347861868007818],[150.060209127513104,-36.34784386901331],[150.060279127505225,-36.347819872019365],[150.060350122497908,-36.347790874025478],[150.06041312249252,-36.347756865030853],[150.060476120486555,-36.347726871036258],[150.060547124478404,-36.347703870042423],[150.060603122471122,-36.34769186704731],[150.060667116461786,-36.347685862052963],[150.060730116452589,-36.347679865058524],[150.060794119440942,-36.347690864064298],[150.060851120432005,-36.347689860069352],[150.060907118421653,-36.347700867074408],[150.060964111412574,-36.347700868079478],[150.06102111440282,-36.34770586108457],[150.061077121393936,-36.347705861089544],[150.061141115384686,-36.347698860095193],[150.061197113374988,-36.347704857100211],[150.061254115366069,-36.34770387110526],[150.061311108356193,-36.347709859110374],[150.061400112338106,-36.347738857118486],[150.061438111330688,-36.347748852121924],[150.061517101312859,-36.347787855129205],[150.061573099300176,-36.347815858134382],[150.061626112289161,-36.347834853139219],[150.061694114274019,-36.347866854145458],[150.06180810924667,-36.347934855156048],[150.061865174231485,-36.347979917161425],[150.061894289219907,-36.348031038164329],[150.061930405207079,-36.348083164167896],[150.061945500198533,-36.348128262169531],[150.061960595189106,-36.34818036017122],[150.061967686180992,-36.34823145517219],[150.061975753173471,-36.348277539173225],[150.061982844166096,-36.348323622174142],[150.06198392915897,-36.348374699174592],[150.061977985153646,-36.348420774174365],[150.061978057147371,-36.348466858174675],[150.061979115141099,-36.348511920175049],[150.061986205133707,-36.348557994176005],[150.061980280127557,-36.34861007517582],[150.061973342122428,-36.348656150175501],[150.061967408117255,-36.34870120317526],[150.0619464591135,-36.348753256173758],[150.061897470115014,-36.348799268169699],[150.061834435121114,-36.348828231164283],[150.061770406127351,-36.348857193158793],[150.061707389131755,-36.348898186153455],[150.061637344139001,-36.348927139147428],[150.061567308145385,-36.348962099141431],[150.061503287150771,-36.348997076135966],[150.061433260155667,-36.349043061130047],[150.061370252160117,-36.349084044124716],[150.061293215166955,-36.349123997118127],[150.061237226169425,-36.349171012113459],[150.061173205174185,-36.34921098310803],[150.061139241173322,-36.34925702210532],[150.061068210178348,-36.349302998099311],[150.061019230179767,-36.349350014095258],[150.060971246180458,-36.349401028091329],[150.060936277178939,-36.349453063088561],[150.060901327176623,-36.34951111408585],[150.060873377174119,-36.349562155083696],[150.060846413172158,-36.349608194081597],[150.060790505166892,-36.349712292077328],[150.060777560162677,-36.349758349076474],[150.060756602159785,-36.349804397074919],[150.060749664154599,-36.349850454074605],[150.06073672014972,-36.349901531073783],[150.060715789145178,-36.349959590072302],[150.060702854140288,-36.350010658071504],[150.060695925134326,-36.35006273007123],[150.06068999112901,-36.350108795071009],[150.060690054122858,-36.350153866071317],[150.060691120116445,-36.350199941071715],[150.060713235105993,-36.350251054074008],[150.060735358093893,-36.3503141870764],[150.060742439086482,-36.350360262077338],[150.060743524078589,-36.350417362077799],[150.060751636067891,-36.350486483078981],[150.060751735060137,-36.350543566079374],[150.060745792054803,-36.350589641079146],[150.06074688504691,-36.350646732079618],[150.060746948040617,-36.350692798079933],[150.060741032033803,-36.350749898079776],[150.060741130025178,-36.350812987080211],[150.060721177022117,-36.350859035078749],[150.060707238017244,-36.350911106077838],[150.060701303011257,-36.350962183077648],[150.060680381006676,-36.351020243076185],[150.060681455998775,-36.351077334076642],[150.060674526993608,-36.35112340907633],[150.060682612985403,-36.351174495077395],[150.060704708975635,-36.351220596079663],[150.060711780968347,-36.351265685080591],[150.060726858958077,-36.351323754082316],[150.060748918948434,-36.351368807084569],[150.060770952937872,-36.351420843086871],[150.060791972927603,-36.35147189208908],[150.060821024916038,-36.351522924092002],[150.060864087901479,-36.351579998096206],[150.060900142888784,-36.351631048099755],[150.060950205873894,-36.351682116104534],[150.061008301858379,-36.351728208110011],[150.061072393840476,-36.351785318116079],[150.06113648682333,-36.351836403122114],[150.061193559808117,-36.35188149212749],[150.061250642794448,-36.351915573132786],[150.061314735780428,-36.351943676138667],[150.061371808767547,-36.351971769143937],[150.06142889275381,-36.352005841149229],[150.061485974742425,-36.352022926154419],[150.061543057729551,-36.352051010159684],[150.061600140715029,-36.352091097165015],[150.061657231701474,-36.352124174170307],[150.061714305686962,-36.352164279175653],[150.061770384676549,-36.352175350180715],[150.061827457665117,-36.352192435185884],[150.061884540655399,-36.352197518191005],[150.061940620646425,-36.352197598196],[150.061997693639029,-36.352185685200986],[150.062060773632226,-36.35216176920644],[150.062116851630236,-36.352110854211091],[150.062165911628853,-36.352063919215141],[150.06220096063015,-36.35201296821792],[150.06223600263084,-36.351967009220736],[150.062256027633936,-36.351921042222202],[150.062284075636484,-36.351869087224351],[150.062312097638284,-36.351823120226541],[150.062340127640908,-36.351771156228686],[150.062381191642118,-36.351714217231965],[150.062423241644098,-36.351650268235289],[150.062465300644362,-36.351599334238685],[150.062493332646142,-36.351553367240868],[150.062541378646387,-36.351495415244763],[150.062583366646777,-36.351443397248147],[150.0626113246486,-36.351397367250335],[150.062660313647058,-36.351351355254387],[150.062702300646663,-36.351305334257816],[150.062737268647339,-36.351259314260624],[150.062786257645797,-36.351213302264668],[150.06282023164664,-36.351167272267396],[150.062855208647335,-36.351121242270189],[150.062890177648882,-36.351069206272953],[150.06293213765008,-36.351011173276305],[150.062960096651892,-36.350965116278473],[150.063015073651712,-36.350902100282958],[150.063043014655165,-36.350844058285055],[150.06309894065879,-36.350751971289419],[150.063104847666409,-36.350688874289538],[150.063125805670069,-36.350637815291059],[150.063138749674238,-36.350591767291903],[150.063152688679082,-36.350539705292803],[150.063165623683972,-36.350488637293608],[150.06317956268802,-36.350442580294548],[150.063192507693032,-36.350390517295352],[150.063199427698891,-36.350339441295631],[150.063212362703865,-36.350287369296439],[150.063219291710567,-36.350230286296672],[150.063218216717814,-36.350178197296238],[150.063232146722498,-36.350127147297151],[150.063245072728392,-36.350069061297901],[150.063237999735577,-36.350023981296971],[150.063236915743687,-36.349965894296503],[150.063235839749979,-36.349920815296102],[150.063235758757031,-36.349868734295747],[150.063241692762375,-36.349822668295978],[150.063255631767078,-36.349771609296873],[150.063269579771116,-36.349725544297812],[150.063296544773124,-36.349679505299903],[150.063324503775732,-36.349627460302052],[150.063359471776408,-36.349581430304859],[150.063415451775427,-36.349523415309449],[150.063478468770853,-36.349483436314799],[150.063534467768193,-36.349437433319459],[150.063611512760701,-36.349402474326077],[150.063675542753799,-36.349378522331627],[150.063745605745055,-36.34936058533772],[150.063823655736627,-36.34933164134447],[150.0638867257274,-36.349325715350041],[150.063943781719928,-36.349313766355039],[150.064006834711563,-36.349301827360556],[150.06406390770249,-36.349301907365636],[150.064119995692067,-36.349312996370699],[150.064177133677646,-36.34935213237604],[150.064213248664146,-36.349409278379625],[150.064264406648249,-36.349466432384553],[150.064278488639729,-36.34951252538611],[150.064286619629115,-36.349581646387279],[150.064287684622769,-36.349626726387683],[150.064273745617896,-36.34967878838679],[150.064267820611803,-36.349730860386614],[150.064260891605954,-36.349781928386321],[150.064240982598875,-36.349857028385046],[150.06424104559278,-36.349902099385346],[150.064228110587777,-36.349954161384545],[150.064221172582563,-36.350000227384236],[150.064215237577258,-36.350046293384011],[150.064222319570007,-36.350091382384939],[150.064244424560258,-36.350137475387221],[150.064259510550926,-36.350188587388885],[150.064295644537424,-36.350245714392472],[150.064324759525704,-36.350297840395427],[150.064360875512989,-36.350348970398962],[150.064418038496143,-36.350406134404423],[150.064454163483504,-36.350457264407964],[150.064490288469955,-36.350514409411566],[150.064526413457259,-36.350565531415114],[150.064555546444865,-36.350622667418072],[150.064563631435846,-36.35067975941918],[150.064563703429542,-36.350725834419485],[150.064535744427758,-36.350771882417312],[150.064515791424697,-36.350817929415825],[150.064487822422848,-36.350863959413651],[150.064424823426606,-36.350909953408355],[150.064354823429852,-36.350967959402517],[150.064291825432804,-36.351019959397256],[150.064249846433256,-36.351065971393837],[150.064200866433964,-36.351117989389813],[150.064158888433525,-36.351170025386416],[150.064116910433967,-36.351216037382997],[150.064096965430025,-36.351268108381568],[150.064054995429814,-36.351319131378176],[150.064034038426058,-36.351371185376649],[150.064028094420735,-36.351417251376432],[150.064028175413767,-36.351468327376772],[150.064029259407363,-36.351514411377174],[150.064015347400186,-36.351583496376399],[150.064002403394483,-36.351640552375621],[150.063988401389651,-36.351692552374729],[150.063975394385437,-36.351738546373859],[150.063961374380739,-36.351789524372961],[150.063933335378948,-36.351835482370767],[150.063920319373153,-36.351893461369997],[150.063906309369116,-36.351939447369055],[150.063886283364582,-36.351996430367642],[150.063872272360555,-36.352042416366707],[150.063873267354154,-36.352088410367102],[150.063866266348327,-36.352139406366817],[150.063867270341092,-36.352191415367251],[150.063867270334867,-36.352237400367549],[150.06386828332694,-36.352294411368021],[150.063862277320169,-36.352351412367859],[150.063862277313092,-36.352403412368204],[150.063856280307931,-36.352448411367966],[150.063849270302768,-36.352494406367654],[150.063850274296385,-36.352540400368042],[150.063851278286165,-36.352614415368613],[150.063858288277999,-36.352666424369588],[150.063859301271549,-36.35271242736998],[150.063859301265438,-36.352757435370272],[150.063853304259339,-36.352809426370086],[150.063846293253391,-36.352861417369823],[150.063840287248212,-36.352906416369571],[150.063847297240869,-36.352952410370492],[150.063869330230432,-36.35300346037279],[150.063905383217616,-36.353055514376344],[150.063927426206362,-36.353112543378678],[150.063970489192599,-36.353163619382848],[150.064027571175757,-36.353220711388303],[150.06408464516133,-36.353259785393632],[150.064141720146864,-36.353299881398975],[150.064198811133139,-36.353333962404271],[150.064255894120265,-36.353362046409536],[150.064319933104628,-36.353402097415497],[150.064383998091444,-36.353424148421347],[150.064441045078581,-36.353452206426581],[150.064498119068787,-36.353457279431701],[150.064561207062724,-36.353428380437123],[150.064624315056619,-36.353399498442528],[150.064680411053956,-36.353353593447231],[150.064778612052464,-36.353249800455266],[150.064806642054236,-36.353203832457453],[150.064841691054909,-36.353157892460267],[150.064911781052302,-36.353094983466079],[150.064981871047536,-36.353048084472007],[150.065058979041538,-36.35300219747856],[150.065122058036934,-36.352962289483905],[150.065186142029972,-36.352938374489455],[150.065270260021379,-36.352903504496702],[150.065341352013178,-36.352880601502861],[150.065404441006422,-36.352856676508317],[150.065468523998504,-36.352839788513904],[150.065538622990601,-36.35281588151998],[150.0656167259813,-36.352792996526766],[150.06567280397482,-36.352775077531639],[150.065728873967515,-36.352763155536557],[150.065792966958981,-36.352751251542173],[150.06586306495015,-36.352734354548296],[150.065920137941191,-36.352733430553364],[150.065984229931018,-36.352733529559046],[150.066040308920577,-36.35274460856413],[150.066111410906274,-36.352766714570571],[150.066168484893382,-36.35279479857585],[150.066190517883626,-36.352840837578121],[150.066226579870971,-36.352891895581656],[150.066241594860799,-36.352948915583369],[150.066262631851203,-36.352994945585536],[150.066284620840804,-36.353045941587823],[150.066299599831353,-36.353097914589505],[150.066314560819734,-36.353165879591295],[150.066315519811866,-36.353222836591755],[150.066322493804506,-36.35326879459268],[150.066302431801432,-36.353314735591198],[150.066288367797426,-36.353360684590243],[150.06626731979452,-36.353406606588678],[150.066232234793034,-36.353458517585899],[150.066205163791125,-36.353504448583799],[150.066184098788227,-36.353550379582224],[150.066156023786419,-36.353596302580037],[150.0661359527804,-36.353664222578693],[150.066121897776384,-36.353710162577741],[150.06610884577222,-36.353756111576899],[150.066066723764806,-36.353859968573836],[150.066053654759145,-36.353916898573054],[150.066046608754021,-36.353962847572724],[150.066033548748351,-36.354019786571946],[150.066027487741565,-36.354076716571782],[150.066020450735664,-36.354128681571488],[150.066014400730353,-36.354174630571258],[150.066007336722919,-36.354237566571058],[150.066001285716993,-36.354288517570851],[150.066001268710721,-36.35433447557115],[150.066002227704303,-36.354380442571554],[150.066009192696271,-36.354431402572501],[150.066010133689872,-36.354477343572874],[150.066023651681661,-36.354522091574374],[150.06602871567415,-36.354571464575152],[150.066041623665285,-36.354621690576636],[150.066047665657607,-36.354671036577493],[150.066067493647751,-36.354720203579596],[150.06606585264197,-36.354764817579742],[150.066078966633853,-36.354809225581192],[150.066070451629116,-36.354853946580732],[150.066076080619951,-36.35491493758164],[150.066067582615318,-36.354958672581169],[150.066061101609364,-36.355010259580936],[150.066041192603166,-36.355079318579612],[150.066034308597295,-36.355130386579347],[150.06602142759229,-36.35518245757855],[150.066000558588485,-36.355234538577044],[150.065958688588239,-36.355285624573654],[150.065902824590722,-36.35533270256898],[150.065839942596057,-36.355366774563628],[150.065776002604622,-36.355378804558015],[150.065720049612509,-36.355385832553083],[150.065663073621579,-36.355385859548022],[150.065600103632278,-36.35538086654239],[150.065536109644739,-36.355363861536588],[150.065472097657931,-36.355341864530757],[150.065415113669303,-36.355324877525575],[150.065351200680936,-36.35531392351983],[150.06528796869469,-36.355286565514014],[150.065225426705979,-36.35527677650839],[150.06516387171709,-36.355266979502851],[150.065094840730808,-36.355246604496578],[150.065032298742096,-36.355236815490954],[150.064969156751204,-36.355243520485381],[150.064914081759866,-36.355244291480481],[150.064837134771039,-36.355252152473703],[150.064767869780326,-36.355264756467626],[150.064704341788087,-36.355282119462103],[150.064634305798279,-36.355288922455905],[150.064572104807127,-36.355296577450439],[150.064516053815936,-36.355297357445451],[150.064453878824906,-36.355304035439971],[150.06439742383219,-36.355316459435038],[150.064341424839455,-36.355328453430133],[150.064270313847658,-36.355351338423958],[150.064200197854717,-36.355381233417923],[150.064130098860431,-36.355421096411952],[150.064073984862347,-36.355472970407313],[150.064017511865131,-36.355518561402583],[150.063981458864703,-36.355563659399671],[150.063931420865714,-36.355614762395561],[150.063901830862733,-36.355671405393309],[150.063880522860046,-36.355716297391709],[150.063865113856338,-36.355761108390645],[150.063849749852807,-36.355804942389554],[150.06385597984584,-36.355849430390407],[150.063855325839853,-36.355894043390641],[150.063861465832758,-36.355939311391488],[150.063869488823713,-36.355996322392578],[150.063891548811597,-36.356059366394952],[150.063920654800057,-36.356110416397883],[150.063992832774687,-36.356212533404964],[150.064165227716302,-36.35644078342181],[150.064237441689301,-36.356554903428986],[150.064266583675419,-36.356622984432022],[150.064309673661512,-36.356675038436215],[150.064331760651839,-36.356720091438469],[150.064374886635619,-36.35678917644276],[150.06441098462227,-36.356845237446336],[150.064433134609345,-36.356914313448762],[150.064477263592295,-36.356988391453172],[150.064520362577667,-36.357045456457378],[150.064534463569174,-36.357091513458947],[150.064570552556489,-36.357142572462493],[150.064592657546058,-36.357193630464785],[150.064628755532567,-36.35725069546838],[150.064650850522099,-36.357301754470676],[150.064673036506861,-36.357387862473225],[150.064688140497395,-36.35743992447491],[150.064703244488044,-36.357490983476595],[150.064739360473766,-36.357554054480218],[150.064782459459934,-36.357605112484393],[150.064890762419481,-36.35777630649514],[150.064947853402799,-36.357832358500588],[150.064997944387756,-36.357884412505392],[150.065048026372835,-36.357935452510183],[150.065105064359955,-36.357963474515444],[150.065162111345472,-36.358003507520785],[150.065226167329143,-36.358048542526774],[150.065291236312703,-36.358093586532867],[150.065355274297872,-36.358127604538787],[150.065412303285029,-36.358155625544015],[150.065483334269913,-36.358183638550528],[150.065539305259506,-36.358194627555584],[150.065596298249631,-36.358200615560683],[150.065674275235892,-36.358210610567681],[150.065745233224618,-36.358210583574007],[150.065822180213218,-36.358204541580797],[150.065886111204691,-36.358192503586402],[150.065942038198244,-36.358174458591272],[150.066004929193014,-36.35813940059662],[150.066082817185418,-36.35810432460331],[150.06615966517947,-36.358058231609853],[150.066215529176844,-36.358012157614496],[150.066278402172401,-36.357971084619827],[150.06634229716704,-36.357936008625288],[150.06638317316677,-36.357889933628599],[150.066439045164202,-36.357843849633255],[150.066522760165014,-36.357739679640012],[150.066564640164614,-36.357693613643441],[150.066592527166478,-36.357647538645615],[150.066641353167256,-36.357584441649536],[150.06667523716817,-36.357538366652243],[150.066717099168557,-36.357486277655624],[150.066744977170401,-36.357440211657803],[150.066765854174179,-36.357388130659324],[150.066785754177261,-36.357342055660787],[150.066813614179807,-36.357290988662925],[150.066834500182722,-36.357244913664481],[150.066861374185521,-36.357192841666517],[150.066903254185149,-36.357146766669942],[150.066966109181408,-36.35710068367522],[150.06702896517848,-36.357048593680467],[150.067092833173945,-36.357007511685879],[150.067155707169377,-36.356967433691203],[150.06722561716154,-36.356943383697264],[150.067282564154141,-36.356931344702254],[150.067338517146027,-36.35692531270719],[150.067402475135907,-36.356925294712866],[150.067458446127148,-36.356924281717838],[150.067522404117767,-36.356918239723491],[150.067578321110517,-36.356906200728368],[150.067635305101504,-36.356906182733447],[150.067692289091781,-36.356911175738546],[150.067755261081089,-36.356916159744181],[150.067819218070895,-36.356916141749871],[150.067882172061701,-36.356910109755425],[150.067939138052765,-36.356909087760485],[150.068010106040845,-36.356914062766826],[150.068066077031943,-36.356914044771813],[150.068123052022202,-36.356919037776905],[150.06818002801316,-36.356919019781984],[150.068236017002761,-36.356930000787031],[150.068293000993009,-36.356935001792131],[150.068350001981628,-36.35695199779731],[150.068414039966854,-36.356986024803227],[150.068471041955604,-36.357002025808406],[150.068528088941918,-36.357036052813704],[150.068585126927417,-36.357076085819038],[150.068649200911096,-36.357121120825035],[150.068706256896604,-36.357161153830369],[150.068763364879089,-36.357223211835851],[150.068827385865092,-36.357251232841733],[150.068884414852079,-36.357280248847005],[150.068941452839198,-36.357308279852269],[150.068998454827948,-36.35732426185745],[150.069054461816762,-36.357341275862524],[150.069118455804272,-36.357358262868324],[150.069189457790685,-36.357375275874766],[150.069246450780128,-36.357386265879896],[150.06930340777123,-36.357385243884956],[150.069359396761627,-36.35739023688997],[150.069423381749971,-36.357401226895732],[150.069487357739007,-36.35740720590146],[150.069543364727878,-36.357423223906551],[150.069600357717377,-36.357434204911691],[150.069657332707493,-36.357440192916791],[150.069714324696946,-36.357451182921935],[150.069770304687353,-36.357456175926941],[150.069876241670642,-36.357455135936348],[150.069933198662426,-36.357449111941385],[150.06999616165254,-36.35744808094698],[150.070053145642675,-36.357454068952094],[150.070110120632961,-36.357459061957194],[150.070173065623749,-36.357453037962749],[150.070230040614831,-36.357452007967815],[150.070307990602458,-36.357451980974737],[150.070370953592573,-36.357450958980337],[150.070427910584357,-36.357444934985352],[150.070483863576271,-36.357438901990292],[150.070540829567221,-36.357438883995364],[150.070611797555244,-36.357443868001702],[150.070674760545415,-36.357442837007305],[150.070731735536327,-36.357442819012377],[150.070787697527606,-36.357441806017334],[150.070844671518529,-36.357441780022405],[150.0709006245105,-36.357435756027343],[150.070957554503877,-36.357417711032284],[150.071042488491202,-36.357411670039802],[150.071119444479109,-36.357410648046631],[150.071183357471256,-36.357393598052205],[150.071240350461522,-36.357398591057319],[150.071303286453201,-36.357386553062831],[150.071367253442304,-36.357391536068555],[150.071430215433111,-36.357385504074117],[150.071487280425657,-36.357373546079117],[150.071550341418117,-36.357355582084608],[150.071614443407924,-36.357355636090297],[150.071678535397837,-36.357354703096],[150.071734641387422,-36.357365774101062],[150.071798778374927,-36.357382841106876],[150.071869916360555,-36.357404928113347],[150.071927017349168,-36.357421996118546],[150.071984125337821,-36.357439063123728],[150.072048254324585,-36.357461133129583],[150.072112391310611,-36.357489226135471],[150.07216847930016,-36.357500278140527],[150.072232625286006,-36.357529357146433],[150.072296780270506,-36.357568458152393],[150.072353925256806,-36.35760253915771],[150.072411052243069,-36.357636620163007],[150.072476238225789,-36.357687732169154],[150.072540384210271,-36.357726815175113],[150.072604521195416,-36.357760905181038],[150.072661640182417,-36.357789975186307],[150.072717745170479,-36.357812036191454],[150.07277484615841,-36.357834105196666],[150.072838929146712,-36.357845157202441],[150.072895993136825,-36.357851190207569],[150.072966047126641,-36.357844225213746],[150.073030103116452,-36.357844261219448],[150.073087159107502,-36.357843293224505],[150.073149503098222,-36.357838766230039],[150.073205233088999,-36.357841509235001],[150.073259734082342,-36.357826602239747],[150.073322069074266,-36.357813057245217],[150.073376660066856,-36.357804013250011],[150.073451445059135,-36.35777349925646],[150.07352053105086,-36.357753447262482],[150.073581737044549,-36.357728133267749],[150.073650831036161,-36.357709057273752],[150.073711786032192,-36.357667115278922],[150.073765893029446,-36.357623864283447],[150.073827009024001,-36.357592678288668],[150.07386058802453,-36.357549391291371],[150.073900944024643,-36.357501569294648],[150.073948211023065,-36.357457986298556],[150.073987653022613,-36.357414986301791],[150.074021097024655,-36.357360960304398],[150.074047837026285,-36.357317341306491],[150.074066123035493,-36.357228383307543],[150.074086023038319,-36.357184424309011],[150.074098098042441,-36.357140088309791],[150.074117926045915,-36.357091252311243],[150.07413098704987,-36.357046961312093],[150.074136213055112,-36.357002294312281],[150.074142425060188,-36.356957662312531],[150.074138911075892,-36.356846141311486],[150.074124586084395,-36.356800515309914],[150.074102374094878,-36.356749609307592],[150.07410068810205,-36.356698738307117],[150.074092155110208,-36.35664851330602],[150.074084680117551,-36.35660320930505],[150.074069387126201,-36.356557538303392],[150.074047004138293,-36.356494898300987],[150.074024720149538,-36.356438129298624],[150.073988433166022,-36.356359192294882],[150.0739731321747,-36.356313512293212],[150.073943999187065,-36.356256402290249],[150.073922835196697,-36.356210444288081],[150.073900712206353,-36.356165409285801],[150.073871498219546,-36.356102428282782],[150.073828749233371,-36.356050509278639],[150.07381344924201,-36.356004838276966],[150.073784083256726,-36.355931118273872],[150.073748191269431,-36.355879549270334],[150.073719049281834,-36.355822448267382],[150.073676300295801,-36.355769561263223],[150.073626639311442,-36.355712424258428],[150.073577050326605,-36.355659197253658],[150.073520703341899,-36.355612485248336],[150.073464437356392,-36.355571628243062],[150.073408475367899,-36.355552274237958],[150.073352683377834,-36.355544655232954],[150.073276265391939,-36.35553016922605],[150.073221522401013,-36.355527480221163],[150.07316572141093,-36.355519852216162],[150.073096394421583,-36.355522308210006],[150.073041660430505,-36.355520605205129],[150.072986003438956,-36.355523724200197],[150.07293134144723,-36.355526897195361],[150.072814191465056,-36.355532867184962],[150.072745025474063,-36.355547066178922],[150.072690362482319,-36.355550240174068],[150.072628036490272,-36.35556476116863],[150.072559587501559,-36.355561400162522],[150.072497198510348,-36.35557005015702],[150.072441470519408,-36.355568302152065],[150.072386825527701,-36.355571475147215],[150.072331087536924,-36.355568741142243],[150.072269272549249,-36.355550078136616],[150.072206470561952,-36.355530393130906],[150.072150275575751,-36.355494421125663],[150.072085869594645,-36.355430714119507],[150.072049959607511,-36.355378168115962],[150.07204926161441,-36.355328301115591],[150.072047656620754,-36.355283293115143],[150.072053859625839,-36.355238679115395],[150.072094296625266,-36.35519573311872],[150.072106289630142,-36.355145526119443],[150.072126118633662,-36.355096690120881],[150.072138112638584,-36.355046492121623],[150.072151011644024,-36.354991453122416],[150.072184518645372,-36.354942304125061],[150.072210281647187,-36.354898640127061],[150.072223180652657,-36.354843602127858],[150.072241941657239,-36.354787873129162],[150.072261770660731,-36.354739019130605],[150.072281679663547,-36.354695087132079],[150.072314281664262,-36.354651755134682],[150.072341020665931,-36.354608127136778],[150.072354072669867,-36.354563836137643],[150.072352306677715,-36.35450808913712],[150.072336933687183,-36.354456547135413],[150.072264970714258,-36.354341664128242],[150.072229069726944,-36.354290086124728],[150.072193097740467,-36.354232645121137],[150.072157197753171,-36.354181075117609],[150.072121216766703,-36.354123634114025],[150.072085324779437,-36.354072055110493],[150.072057231790978,-36.354019885107647],[150.072028178802583,-36.353968647104722],[150.071998956815804,-36.353905684101711],[150.071983672824302,-36.353860981100055],[150.071975138832585,-36.353809770098955],[150.071959452845022,-36.353736732097076],[150.071972512848959,-36.353692441097948],[150.071977675854868,-36.353642870098078],[150.071990332862754,-36.353570244098727],[150.071994914870373,-36.353508877098719],[150.071999997875338,-36.3534662800989],[150.072002749881761,-36.353415786098807],[150.0720060568907,-36.353346279098645],[150.072015935895337,-36.353300267099229],[150.072024809900228,-36.353254201099709],[150.072034624904802,-36.35320918410028],[150.072036489910772,-36.353162841100151],[150.072039366916613,-36.353116533100092],[150.072048232921503,-36.353070467100565],[150.072051109927315,-36.353024159100528],[150.07206230593718,-36.352938482100953],[150.072063040943846,-36.352888902100688],[150.072056497953241,-36.352827149099717],[150.072060495959022,-36.352780205099741],[150.072070991963756,-36.352732795100366],[150.07208015396813,-36.352690010100901],[150.072104839969882,-36.352648264102811],[150.072178909960513,-36.352630543109285],[150.072237981950593,-36.35263446911457],[150.072296731940042,-36.352643092119855],[150.072353679928341,-36.352662903125058],[150.072411336915849,-36.352687491130347],[150.072468247901924,-36.352723347135644],[150.07251643788652,-36.352780313140308],[150.072550492874257,-36.352830681143672],[150.072563104866219,-36.352874909145079],[150.072578172858584,-36.352913642146667],[150.072596235847328,-36.352975467148688],[150.072616583837203,-36.35302595215083],[150.072636241826928,-36.35307856115292],[150.072654303815312,-36.353142905154961],[150.072673424805885,-36.353190109156976],[150.07270586379272,-36.353248984160253],[150.072731679781469,-36.35330151316289],[150.072756483770405,-36.353354015165465],[150.072795853753746,-36.353430325169455],[150.072834927738683,-36.353495520173354],[150.072860734727442,-36.353548049175991],[150.072900543713871,-36.3536011781799],[150.072953610696516,-36.353666956185045],[150.073008172682194,-36.353708567190175],[150.073047919668483,-36.353762691194063],[150.073101425651998,-36.35382141419921],[150.073157091636716,-36.353869022204478],[150.073219758621349,-36.353908777210307],[150.073289346605435,-36.353944534216744],[150.07335902259095,-36.353969517223113],[150.073414867577924,-36.353999752228269],[150.073490676566024,-36.353999098235008],[150.073546691555833,-36.354008662240055],[150.073610291546061,-36.354005901245699],[150.073666298536864,-36.35400821425069],[150.07372297752687,-36.354015600255785],[150.073784219515119,-36.354030238261331],[150.073841964505078,-36.354036657266505],[150.073954596483532,-36.354063504276688],[150.074017156470063,-36.354089293282442],[150.074065284460204,-36.354105410286813],[150.074135776447548,-36.354116400293158],[150.074191407435336,-36.354140889298286],[150.07424697442309,-36.354166401303395],[150.074302586410909,-36.354190890308509],[150.074357159398772,-36.354216348313514],[150.074404955383869,-36.354269800318129],[150.074445562368368,-36.354336420322177],[150.074458954359898,-36.354383293323693],[150.074468554350148,-36.354443692324935],[150.074486043338851,-36.354506359326905],[150.074508327327607,-36.354563128329261],[150.074530468317818,-36.354609140331533],[150.074559600305406,-36.354666249334514],[150.07459549229273,-36.354717819338042],[150.074638241278848,-36.354769729342181],[150.074681071264223,-36.354827502346382],[150.074703212254406,-36.354873523348658],[150.074739185240901,-36.354930955352231],[150.074788854225119,-36.354989068357028],[150.074838443210098,-36.355041319361789],[150.074901620193714,-36.355088371367735],[150.074958138176754,-36.355146816373129],[150.075014485161432,-36.355193527378447],[150.07507865014486,-36.355240633384469],[150.075141774129065,-36.355282808390371],[150.075197888116065,-36.355312909395558],[150.075268147099194,-36.355354672402086],[150.075324889086318,-36.355383259407311],[150.075383666071787,-36.355421705412802],[150.075444406056846,-36.355460250418467],[150.075505549040457,-36.35550938142422],[150.075530110030542,-36.355553645426703],[150.075546317022059,-36.355596924428433],[150.075564021011701,-36.355652706430369],[150.075581474002234,-36.355701757432243],[150.075584189995766,-36.355745976432779],[150.075600386987333,-36.355789254434505],[150.075610390979705,-36.355833491435682],[150.075613491971779,-36.355888288436333],[150.075615383964703,-36.355938271436827],[150.075625378957056,-36.355982490438009],[150.07563596494731,-36.35604211043934],[150.07564492893988,-36.356086347440439],[150.075655335931316,-36.356136921441681],[150.07565762192479,-36.356182046442193],[150.075676293914569,-36.356235408444206],[150.075695216903682,-36.356293773446275],[150.075712185894361,-36.356342313448103],[150.075720181887306,-36.356384802449092],[150.075743460877305,-36.35643123545146],[150.07576690186707,-36.356478950453877],[150.07580562485299,-36.35653735145771],[150.075829702842498,-36.356586455460175],[150.07586706383006,-36.356634224463818],[150.075898419818003,-36.356686278466952],[150.075930394805482,-36.356740958470162],[150.075962351793066,-36.356794625473356],[150.075978656783406,-36.356847002475142],[150.075988543775424,-36.356893847476343],[150.075990094768912,-36.356940003476787],[150.075992855761513,-36.356991259477375],[150.075988552754353,-36.357048933477351],[150.075990067747966,-36.357094084477794],[150.075992864740442,-36.357146362478389],[150.075987118735156,-36.357191908478171],[150.075982581728965,-36.357242572478107],[150.075962242726177,-36.357286908476588],[150.075950239721976,-36.357331952475825],[150.075944690715829,-36.357383531475662],[150.0759328587109,-36.357433585474936],[150.075919824706858,-36.357478531474079],[150.075906773702798,-36.357523485473223],[150.075887482699841,-36.357567928471795],[150.075881727694565,-36.357613474471592],[150.075869895689607,-36.357663538470867],[150.075856852685632,-36.357708483469999],[150.07586674067764,-36.357755329471203],[150.075868658669606,-36.357812528471726],[150.075871607661327,-36.35786981747237],[150.075873176654795,-36.357915954472823],[150.075861568648889,-36.357973037472171],[150.07587617064118,-36.358012810473724],[150.075881808634364,-36.358056401474528],[150.075887841627093,-36.358102880475364],[150.07589367661916,-36.35815401047622],[150.075905437611198,-36.358198991477565],[150.075911398604177,-36.358243596478374],[150.075924002595258,-36.358294565479838],[150.075942593585893,-36.358341581481817],[150.075971582574397,-36.358392389484713],[150.076001127561369,-36.358453254487756],[150.076036454548671,-36.35850566649124],[150.076059446538892,-36.358550585493596],[150.076108103524177,-36.358602118498276],[150.07613528251386,-36.358646248500968],[150.076235920481992,-36.35876280651069],[150.076277262468381,-36.358814654514724],[150.076298256460149,-36.358850599516828],[150.076309317455724,-36.358870006517932],[150.07634740444351,-36.358915436521627],[150.076356682440519,-36.358926506522508],[150.076367475436427,-36.358944102523594],[150.076386774429068,-36.358975548525514],[150.076407830421715,-36.35900515652758],[150.07642453941591,-36.359028310529226],[150.076462493403454,-36.359075460532914],[150.07654805437727,-36.359168282541134],[150.076610336361796,-36.359209050546944],[150.076699958336434,-36.359290631555467],[150.076751966322604,-36.359331614560354],[150.076802558307861,-36.359381095565176],[150.076855993294885,-36.359413599570161],[150.07691661628084,-36.359446308575755],[150.076971610268942,-36.359469552580805],[150.077025824256566,-36.359497430585812],[150.07708722724297,-36.359525505591471],[150.077142992231529,-36.359544123596542],[150.077204404217952,-36.359572198602201],[150.077267358205404,-36.359591022607923],[150.077380187183479,-36.359620532618152],[150.07744172516999,-36.359647845623812],[150.077484376160925,-36.359664545627716],[150.077559547144347,-36.359698473634623],[150.077615196132086,-36.359723653639747],[150.077684442116208,-36.359759401646144],[150.07774001810327,-36.359789628651271],[150.077794591090367,-36.359820840656354],[150.077857948075462,-36.359856400662224],[150.077912548062528,-36.359887595667281],[150.077975143050111,-36.359905926672965],[150.078086611027175,-36.359944139683137],[150.078142268015057,-36.359968297688241],[150.078197100004559,-36.35998129569321],[150.078273445989709,-36.360001105700142],[150.078336058977129,-36.360020450705839],[150.078405628964418,-36.360032936712102],[150.078468232951792,-36.360052281717799],[150.078524203942635,-36.360054181722795],[150.078579125932976,-36.360061119727725],[150.078634845921528,-36.360080230732812],[150.078690592910192,-36.360098311737893],[150.07874549690041,-36.360106271742836],[150.078801243889046,-36.360124360747911],[150.078857133879126,-36.360132329752936],[150.07891980986733,-36.360145605758603],[150.078981517855681,-36.360158844764179],[150.079044292844742,-36.360166051769809],[150.079100280835746,-36.360166948774804],[150.079162311827247,-36.360156917780259],[150.07921836381891,-36.360152767785216],[150.079294171806424,-36.360155841791979],[150.07934208479648,-36.360173061796367],[150.079413527778826,-36.360219450803022],[150.079474230760383,-36.360283740808839],[150.079519776738721,-36.360390303813595],[150.079568513720432,-36.36046731381844],[150.079593540706185,-36.360543050821164],[150.079618325692962,-36.360611445823821],[150.079642922680563,-36.360673700826432],[150.07968248066345,-36.36075321183047],[150.079721805647381,-36.36082535383445],[150.079753841632737,-36.360895613837769],[150.079862484590819,-36.361076811848619],[150.079909069573347,-36.361150826853255],[150.079978684550582,-36.361236863860022],[150.08001099953475,-36.361315701863418],[150.080043950516114,-36.361414162866993],[150.080083498498993,-36.361493654871055],[150.080122814482934,-36.361565787875016],[150.080193540455184,-36.361687375882106],[150.080247629435263,-36.361770614887483],[150.08031601541353,-36.361850251894097],[150.080377131393249,-36.361928013900041],[150.0804457423705,-36.362015009906727],[150.080492328353017,-36.362089024911349],[150.080561341333038,-36.362155447917935],[150.080620324315731,-36.362213597923571],[150.080675946300829,-36.362258390928815],[150.080744915281997,-36.362316082935344],[150.080793956266859,-36.362370171940057],[150.080841699250328,-36.362435670944734],[150.080917803225958,-36.362526045952102],[150.080964739212902,-36.362567154956558],[150.081021661197866,-36.362611221961906],[150.081074763185455,-36.362640578966833],[150.081119592173195,-36.362678137971066],[150.0811693511599,-36.362717803975741],[150.081204221149449,-36.36275390197909],[150.081231722138682,-36.362800980981845],[150.081259331128365,-36.362844607984592],[150.08130122011687,-36.36288007898856],[150.081336108106456,-36.362915486991895],[150.081525571056574,-36.363060981009724],[150.081757952999396,-36.363209559031368],[150.082139594912576,-36.363401872066611],[150.082462648846018,-36.363513832096096],[150.082821423777773,-36.363596031128566],[150.083197087708896,-36.363663592162425],[150.083269794692399,-36.363699762169148]]]]}}
]
}
