{
"type": "FeatureCollection",
"name": "MYA",
"crs": { "type": "name", "properties": { "name": "urn:ogc:def:crs:EPSG::7844" } },
"features": [
{"type":"Feature","properties":{"Region":"Moruya","IATA":"MYA","Channels":"#nsw","Status":"Future","Scopes":"au, au-nsw, ?au-nsw-mya?"},"geometry":{"type":"MultiPolygon","coordinates":[[[[150.5623759,-35.7084454],[150.5571955,-35.7181275],[150.5533965,-35.7244525],[150.5471915,-35.7337258],[150.5427245,-35.739754],[150.538668,-35.7504184],[150.533887600000014,-35.7608818],[150.528398,-35.7711116],[150.5222161,-35.7810759],[150.517868,-35.7873529],[150.5132448,-35.7934982],[150.5083525,-35.7995039],[150.503197699999987,-35.8053621],[150.496328799999986,-35.8135003],[150.4927533,-35.819814],[150.4901396,-35.825298],[150.4854279,-35.8341611],[150.481996400000014,-35.8399623],[150.4812325,-35.8450628],[150.480628599999989,-35.8524425],[150.4796902,-35.859799],[150.4776584,-35.8707682],[150.4758902,-35.8780229],[150.47379380000001,-35.8852194],[150.470039899999989,-35.8958837],[150.467136,-35.9028922],[150.463915500000013,-35.9098085],[150.4585008,-35.9199897],[150.4545087,-35.9266347],[150.450217,-35.9331551],[150.4432305,-35.9426828],[150.440773299999989,-35.9458272],[150.433153299999987,-35.9548366],[150.4249381,-35.9634939],[150.4161523,-35.9717731],[150.4099908,-35.9770702],[150.410769499999986,-35.9872704],[150.4109326,-35.9940827],[150.4108287,-36.0004474],[150.41125790000001,-36.0117826],[150.4109264,-36.0227072],[150.409861799999987,-36.0336008],[150.408032,-36.0447623],[150.4063839,-36.0521492],[150.4032875,-36.063092],[150.39943980000001,-36.0738767],[150.3964631,-36.0809617],[150.391391,-36.0914076],[150.3981963,-36.0963103],[150.4047751,-36.1014129],[150.414199200000013,-36.1094264],[150.42017340000001,-36.114998],[150.4258912,-36.1207443],[150.4339703,-36.129674],[150.4390138,-36.1358224],[150.4437753,-36.1421172],[150.4503745,-36.1518153],[150.4544031,-36.1584385],[150.458128499999987,-36.1651776],[150.463137,-36.1754833],[150.4674925,-36.1861303],[150.471107,-36.1969581],[150.4729433,-36.2035631],[150.4745034,-36.2102146],[150.476343,-36.2203232],[150.477215,-36.2270988],[150.4778023,-36.2338945],[150.478104,-36.2407024],[150.47839110000001,-36.2478386],[150.478364,-36.2549785],[150.4777344,-36.2656755],[150.4763993,-36.2763299],[150.4743623,-36.2869112],[150.4729806,-36.2937505],[150.4713071,-36.3005469],[150.4693438,-36.3072923],[150.467093,-36.3139787],[150.463484099999988,-36.3232727],[150.4607691,-36.329385],[150.455897,-36.3390921],[150.4523025,-36.345443],[150.446401900000012,-36.3547694],[150.442135799999988,-36.3608426],[150.4374603,-36.3669921],[150.432513,-36.373001],[150.4273004,-36.3788617],[150.4218292,-36.3845663],[150.416106500000012,-36.3901076],[150.4101397,-36.3954782],[150.4039366,-36.4006711],[150.397505099999989,-36.4056796],[150.3877814,-36.4126106],[150.377620799999988,-36.4191201],[150.3670512,-36.4251902],[150.356101599999988,-36.4308042],[150.3479778,-36.4345774],[150.3354742,-36.4397641],[150.3325208,-36.4409144],[150.083269794692399,-36.363699762169148],[150.083197087708896,-36.363663592162425],[150.082821423777773,-36.363596031128566],[150.082462648846018,-36.363513832096096],[150.082139594912576,-36.363401872066611],[150.081757952999396,-36.363209559031368],[150.081525571056574,-36.363060981009724],[150.081336108106456,-36.362915486991895],[150.08130122011687,-36.36288007898856],[150.081259331128365,-36.362844607984592],[150.081231722138682,-36.362800980981845],[150.081204221149449,-36.36275390197909],[150.0811693511599,-36.362717803975741],[150.081119592173195,-36.362678137971066],[150.081074763185455,-36.362640578966833],[150.081021661197866,-36.362611221961906],[150.080964739212902,-36.362567154956558],[150.080917803225958,-36.362526045952102],[150.080841699250328,-36.362435670944734],[150.080793956266859,-36.362370171940057],[150.080744915281997,-36.362316082935344],[150.080675946300829,-36.362258390928815],[150.080620324315731,-36.362213597923571],[150.080561341333038,-36.362155447917935],[150.080492328353017,-36.362089024911349],[150.0804457423705,-36.362015009906727],[150.080377131393249,-36.361928013900041],[150.08031601541353,-36.361850251894097],[150.080247629435263,-36.361770614887483],[150.080193540455184,-36.361687375882106],[150.080122814482934,-36.361565787875016],[150.080083498498993,-36.361493654871055],[150.080043950516114,-36.361414162866993],[150.08001099953475,-36.361315701863418],[150.079978684550582,-36.361236863860022],[150.079909069573347,-36.361150826853255],[150.079862484590819,-36.361076811848619],[150.079753841632737,-36.360895613837769],[150.079721805647381,-36.36082535383445],[150.07968248066345,-36.36075321183047],[150.079642922680563,-36.360673700826432],[150.079618325692962,-36.360611445823821],[150.079593540706185,-36.360543050821164],[150.079568513720432,-36.36046731381844],[150.079519776738721,-36.360390303813595],[150.079474230760383,-36.360283740808839],[150.079413527778826,-36.360219450803022],[150.07934208479648,-36.360173061796367],[150.079294171806424,-36.360155841791979],[150.07921836381891,-36.360152767785216],[150.079162311827247,-36.360156917780259],[150.079100280835746,-36.360166948774804],[150.079044292844742,-36.360166051769809],[150.078981517855681,-36.360158844764179],[150.07891980986733,-36.360145605758603],[150.078857133879126,-36.360132329752936],[150.078801243889046,-36.360124360747911],[150.07874549690041,-36.360106271742836],[150.078690592910192,-36.360098311737893],[150.078634845921528,-36.360080230732812],[150.078579125932976,-36.360061119727725],[150.078524203942635,-36.360054181722795],[150.078468232951792,-36.360052281717799],[150.078405628964418,-36.360032936712102],[150.078336058977129,-36.360020450705839],[150.078273445989709,-36.360001105700142],[150.078197100004559,-36.35998129569321],[150.078142268015057,-36.359968297688241],[150.078086611027175,-36.359944139683137],[150.077975143050111,-36.359905926672965],[150.077912548062528,-36.359887595667281],[150.077857948075462,-36.359856400662224],[150.077794591090367,-36.359820840656354],[150.07774001810327,-36.359789628651271],[150.077684442116208,-36.359759401646144],[150.077615196132086,-36.359723653639747],[150.077559547144347,-36.359698473634623],[150.077484376160925,-36.359664545627716],[150.07744172516999,-36.359647845623812],[150.077380187183479,-36.359620532618152],[150.077267358205404,-36.359591022607923],[150.077204404217952,-36.359572198602201],[150.077142992231529,-36.359544123596542],[150.07708722724297,-36.359525505591471],[150.077025824256566,-36.359497430585812],[150.076971610268942,-36.359469552580805],[150.07691661628084,-36.359446308575755],[150.076855993294885,-36.359413599570161],[150.076802558307861,-36.359381095565176],[150.076751966322604,-36.359331614560354],[150.076699958336434,-36.359290631555467],[150.076610336361796,-36.359209050546944],[150.07654805437727,-36.359168282541134],[150.076462493403454,-36.359075460532914],[150.07642453941591,-36.359028310529226],[150.076407830421715,-36.35900515652758],[150.076386774429068,-36.358975548525514],[150.076367475436427,-36.358944102523594],[150.076356682440519,-36.358926506522508],[150.07634740444351,-36.358915436521627],[150.076309317455724,-36.358870006517932],[150.076298256460149,-36.358850599516828],[150.076277262468381,-36.358814654514724],[150.076235920481992,-36.35876280651069],[150.07613528251386,-36.358646248500968],[150.076108103524177,-36.358602118498276],[150.076059446538892,-36.358550585493596],[150.076036454548671,-36.35850566649124],[150.076001127561369,-36.358453254487756],[150.075971582574397,-36.358392389484713],[150.075942593585893,-36.358341581481817],[150.075924002595258,-36.358294565479838],[150.075911398604177,-36.358243596478374],[150.075905437611198,-36.358198991477565],[150.07589367661916,-36.35815401047622],[150.075887841627093,-36.358102880475364],[150.075881808634364,-36.358056401474528],[150.07587617064118,-36.358012810473724],[150.075861568648889,-36.357973037472171],[150.075873176654795,-36.357915954472823],[150.075871607661327,-36.35786981747237],[150.075868658669606,-36.357812528471726],[150.07586674067764,-36.357755329471203],[150.075856852685632,-36.357708483469999],[150.075869895689607,-36.357663538470867],[150.075881727694565,-36.357613474471592],[150.075887482699841,-36.357567928471795],[150.075906773702798,-36.357523485473223],[150.075919824706858,-36.357478531474079],[150.0759328587109,-36.357433585474936],[150.075944690715829,-36.357383531475662],[150.075950239721976,-36.357331952475825],[150.075962242726177,-36.357286908476588],[150.075982581728965,-36.357242572478107],[150.075987118735156,-36.357191908478171],[150.075992864740442,-36.357146362478389],[150.075990067747966,-36.357094084477794],[150.075988552754353,-36.357048933477351],[150.075992855761513,-36.356991259477375],[150.075990094768912,-36.356940003476787],[150.075988543775424,-36.356893847476343],[150.075978656783406,-36.356847002475142],[150.075962351793066,-36.356794625473356],[150.075930394805482,-36.356740958470162],[150.075898419818003,-36.356686278466952],[150.07586706383006,-36.356634224463818],[150.075829702842498,-36.356586455460175],[150.07580562485299,-36.35653735145771],[150.07576690186707,-36.356478950453877],[150.075743460877305,-36.35643123545146],[150.075720181887306,-36.356384802449092],[150.075712185894361,-36.356342313448103],[150.075695216903682,-36.356293773446275],[150.075676293914569,-36.356235408444206],[150.07565762192479,-36.356182046442193],[150.075655335931316,-36.356136921441681],[150.07564492893988,-36.356086347440439],[150.07563596494731,-36.35604211043934],[150.075625378957056,-36.355982490438009],[150.075615383964703,-36.355938271436827],[150.075613491971779,-36.355888288436333],[150.075610390979705,-36.355833491435682],[150.075600386987333,-36.355789254434505],[150.075584189995766,-36.355745976432779],[150.075581474002234,-36.355701757432243],[150.075564021011701,-36.355652706430369],[150.075546317022059,-36.355596924428433],[150.075530110030542,-36.355553645426703],[150.075505549040457,-36.35550938142422],[150.075444406056846,-36.355460250418467],[150.075383666071787,-36.355421705412802],[150.075324889086318,-36.355383259407311],[150.075268147099194,-36.355354672402086],[150.075197888116065,-36.355312909395558],[150.075141774129065,-36.355282808390371],[150.07507865014486,-36.355240633384469],[150.075014485161432,-36.355193527378447],[150.074958138176754,-36.355146816373129],[150.074901620193714,-36.355088371367735],[150.074838443210098,-36.355041319361789],[150.074788854225119,-36.354989068357028],[150.074739185240901,-36.354930955352231],[150.074703212254406,-36.354873523348658],[150.074681071264223,-36.354827502346382],[150.074638241278848,-36.354769729342181],[150.07459549229273,-36.354717819338042],[150.074559600305406,-36.354666249334514],[150.074530468317818,-36.354609140331533],[150.074508327327607,-36.354563128329261],[150.074486043338851,-36.354506359326905],[150.074468554350148,-36.354443692324935],[150.074458954359898,-36.354383293323693],[150.074445562368368,-36.354336420322177],[150.074404955383869,-36.354269800318129],[150.074357159398772,-36.354216348313514],[150.074302586410909,-36.354190890308509],[150.07424697442309,-36.354166401303395],[150.074191407435336,-36.354140889298286],[150.074135776447548,-36.354116400293158],[150.074065284460204,-36.354105410286813],[150.074017156470063,-36.354089293282442],[150.073954596483532,-36.354063504276688],[150.073841964505078,-36.354036657266505],[150.073784219515119,-36.354030238261331],[150.07372297752687,-36.354015600255785],[150.073666298536864,-36.35400821425069],[150.073610291546061,-36.354005901245699],[150.073546691555833,-36.354008662240055],[150.073490676566024,-36.353999098235008],[150.073414867577924,-36.353999752228269],[150.07335902259095,-36.353969517223113],[150.073289346605435,-36.353944534216744],[150.073219758621349,-36.353908777210307],[150.073157091636716,-36.353869022204478],[150.073101425651998,-36.35382141419921],[150.073047919668483,-36.353762691194063],[150.073008172682194,-36.353708567190175],[150.072953610696516,-36.353666956185045],[150.072900543713871,-36.3536011781799],[150.072860734727442,-36.353548049175991],[150.072834927738683,-36.353495520173354],[150.072795853753746,-36.353430325169455],[150.072756483770405,-36.353354015165465],[150.072731679781469,-36.35330151316289],[150.07270586379272,-36.353248984160253],[150.072673424805885,-36.353190109156976],[150.072654303815312,-36.353142905154961],[150.072636241826928,-36.35307856115292],[150.072616583837203,-36.35302595215083],[150.072596235847328,-36.352975467148688],[150.072578172858584,-36.352913642146667],[150.072563104866219,-36.352874909145079],[150.072550492874257,-36.352830681143672],[150.07251643788652,-36.352780313140308],[150.072468247901924,-36.352723347135644],[150.072411336915849,-36.352687491130347],[150.072353679928341,-36.352662903125058],[150.072296731940042,-36.352643092119855],[150.072237981950593,-36.35263446911457],[150.072178909960513,-36.352630543109285],[150.072104839969882,-36.352648264102811],[150.07208015396813,-36.352690010100901],[150.072070991963756,-36.352732795100366],[150.072060495959022,-36.352780205099741],[150.072056497953241,-36.352827149099717],[150.072063040943846,-36.352888902100688],[150.07206230593718,-36.352938482100953],[150.072051109927315,-36.353024159100528],[150.072048232921503,-36.353070467100565],[150.072039366916613,-36.353116533100092],[150.072036489910772,-36.353162841100151],[150.072034624904802,-36.35320918410028],[150.072024809900228,-36.353254201099709],[150.072015935895337,-36.353300267099229],[150.0720060568907,-36.353346279098645],[150.072002749881761,-36.353415786098807],[150.071999997875338,-36.3534662800989],[150.071994914870373,-36.353508877098719],[150.071990332862754,-36.353570244098727],[150.071977675854868,-36.353642870098078],[150.071972512848959,-36.353692441097948],[150.071959452845022,-36.353736732097076],[150.071975138832585,-36.353809770098955],[150.071983672824302,-36.353860981100055],[150.071998956815804,-36.353905684101711],[150.072028178802583,-36.353968647104722],[150.072057231790978,-36.354019885107647],[150.072085324779437,-36.354072055110493],[150.072121216766703,-36.354123634114025],[150.072157197753171,-36.354181075117609],[150.072193097740467,-36.354232645121137],[150.072229069726944,-36.354290086124728],[150.072264970714258,-36.354341664128242],[150.072336933687183,-36.354456547135413],[150.072352306677715,-36.35450808913712],[150.072354072669867,-36.354563836137643],[150.072341020665931,-36.354608127136778],[150.072314281664262,-36.354651755134682],[150.072281679663547,-36.354695087132079],[150.072261770660731,-36.354739019130605],[150.072241941657239,-36.354787873129162],[150.072223180652657,-36.354843602127858],[150.072210281647187,-36.354898640127061],[150.072184518645372,-36.354942304125061],[150.072151011644024,-36.354991453122416],[150.072138112638584,-36.355046492121623],[150.072126118633662,-36.355096690120881],[150.072106289630142,-36.355145526119443],[150.072094296625266,-36.35519573311872],[150.072053859625839,-36.355238679115395],[150.072047656620754,-36.355283293115143],[150.07204926161441,-36.355328301115591],[150.072049959607511,-36.355378168115962],[150.072085869594645,-36.355430714119507],[150.072150275575751,-36.355494421125663],[150.072206470561952,-36.355530393130906],[150.072269272549249,-36.355550078136616],[150.072331087536924,-36.355568741142243],[150.072386825527701,-36.355571475147215],[150.072441470519408,-36.355568302152065],[150.072497198510348,-36.35557005015702],[150.072559587501559,-36.355561400162522],[150.072628036490272,-36.35556476116863],[150.072690362482319,-36.355550240174068],[150.072745025474063,-36.355547066178922],[150.072814191465056,-36.355532867184962],[150.07293134144723,-36.355526897195361],[150.072986003438956,-36.355523724200197],[150.073041660430505,-36.355520605205129],[150.073096394421583,-36.355522308210006],[150.07316572141093,-36.355519852216162],[150.073221522401013,-36.355527480221163],[150.073276265391939,-36.35553016922605],[150.073352683377834,-36.355544655232954],[150.073408475367899,-36.355552274237958],[150.073464437356392,-36.355571628243062],[150.073520703341899,-36.355612485248336],[150.073577050326605,-36.355659197253658],[150.073626639311442,-36.355712424258428],[150.073676300295801,-36.355769561263223],[150.073719049281834,-36.355822448267382],[150.073748191269431,-36.355879549270334],[150.073784083256726,-36.355931118273872],[150.07381344924201,-36.356004838276966],[150.073828749233371,-36.356050509278639],[150.073871498219546,-36.356102428282782],[150.073900712206353,-36.356165409285801],[150.073922835196697,-36.356210444288081],[150.073943999187065,-36.356256402290249],[150.0739731321747,-36.356313512293212],[150.073988433166022,-36.356359192294882],[150.074024720149538,-36.356438129298624],[150.074047004138293,-36.356494898300987],[150.074069387126201,-36.356557538303392],[150.074084680117551,-36.35660320930505],[150.074092155110208,-36.35664851330602],[150.07410068810205,-36.356698738307117],[150.074102374094878,-36.356749609307592],[150.074124586084395,-36.356800515309914],[150.074138911075892,-36.356846141311486],[150.074142425060188,-36.356957662312531],[150.074136213055112,-36.357002294312281],[150.07413098704987,-36.357046961312093],[150.074117926045915,-36.357091252311243],[150.074098098042441,-36.357140088309791],[150.074086023038319,-36.357184424309011],[150.074066123035493,-36.357228383307543],[150.074047837026285,-36.357317341306491],[150.074021097024655,-36.357360960304398],[150.073987653022613,-36.357414986301791],[150.073948211023065,-36.357457986298556],[150.073900944024643,-36.357501569294648],[150.07386058802453,-36.357549391291371],[150.073827009024001,-36.357592678288668],[150.073765893029446,-36.357623864283447],[150.073711786032192,-36.357667115278922],[150.073650831036161,-36.357709057273752],[150.073581737044549,-36.357728133267749],[150.07352053105086,-36.357753447262482],[150.073451445059135,-36.35777349925646],[150.073376660066856,-36.357804013250011],[150.073322069074266,-36.357813057245217],[150.073259734082342,-36.357826602239747],[150.073205233088999,-36.357841509235001],[150.073149503098222,-36.357838766230039],[150.073087159107502,-36.357843293224505],[150.073030103116452,-36.357844261219448],[150.072966047126641,-36.357844225213746],[150.072895993136825,-36.357851190207569],[150.072838929146712,-36.357845157202441],[150.07277484615841,-36.357834105196666],[150.072717745170479,-36.357812036191454],[150.072661640182417,-36.357789975186307],[150.072604521195416,-36.357760905181038],[150.072540384210271,-36.357726815175113],[150.072476238225789,-36.357687732169154],[150.072411052243069,-36.357636620163007],[150.072353925256806,-36.35760253915771],[150.072296780270506,-36.357568458152393],[150.072232625286006,-36.357529357146433],[150.07216847930016,-36.357500278140527],[150.072112391310611,-36.357489226135471],[150.072048254324585,-36.357461133129583],[150.071984125337821,-36.357439063123728],[150.071927017349168,-36.357421996118546],[150.071869916360555,-36.357404928113347],[150.071798778374927,-36.357382841106876],[150.071734641387422,-36.357365774101062],[150.071678535397837,-36.357354703096],[150.071614443407924,-36.357355636090297],[150.071550341418117,-36.357355582084608],[150.071487280425657,-36.357373546079117],[150.071430215433111,-36.357385504074117],[150.071367253442304,-36.357391536068555],[150.071303286453201,-36.357386553062831],[150.071240350461522,-36.357398591057319],[150.071183357471256,-36.357393598052205],[150.071119444479109,-36.357410648046631],[150.071042488491202,-36.357411670039802],[150.070957554503877,-36.357417711032284],[150.0709006245105,-36.357435756027343],[150.070844671518529,-36.357441780022405],[150.070787697527606,-36.357441806017334],[150.070731735536327,-36.357442819012377],[150.070674760545415,-36.357442837007305],[150.070611797555244,-36.357443868001702],[150.070540829567221,-36.357438883995364],[150.070483863576271,-36.357438901990292],[150.070427910584357,-36.357444934985352],[150.070370953592573,-36.357450958980337],[150.070307990602458,-36.357451980974737],[150.070230040614831,-36.357452007967815],[150.070173065623749,-36.357453037962749],[150.070110120632961,-36.357459061957194],[150.070053145642675,-36.357454068952094],[150.06999616165254,-36.35744808094698],[150.069933198662426,-36.357449111941385],[150.069876241670642,-36.357455135936348],[150.069770304687353,-36.357456175926941],[150.069714324696946,-36.357451182921935],[150.069657332707493,-36.357440192916791],[150.069600357717377,-36.357434204911691],[150.069543364727878,-36.357423223906551],[150.069487357739007,-36.35740720590146],[150.069423381749971,-36.357401226895732],[150.069359396761627,-36.35739023688997],[150.06930340777123,-36.357385243884956],[150.069246450780128,-36.357386265879896],[150.069189457790685,-36.357375275874766],[150.069118455804272,-36.357358262868324],[150.069054461816762,-36.357341275862524],[150.068998454827948,-36.35732426185745],[150.068941452839198,-36.357308279852269],[150.068884414852079,-36.357280248847005],[150.068827385865092,-36.357251232841733],[150.068763364879089,-36.357223211835851],[150.068706256896604,-36.357161153830369],[150.068649200911096,-36.357121120825035],[150.068585126927417,-36.357076085819038],[150.068528088941918,-36.357036052813704],[150.068471041955604,-36.357002025808406],[150.068414039966854,-36.356986024803227],[150.068350001981628,-36.35695199779731],[150.068293000993009,-36.356935001792131],[150.068236017002761,-36.356930000787031],[150.06818002801316,-36.356919019781984],[150.068123052022202,-36.356919037776905],[150.068066077031943,-36.356914044771813],[150.068010106040845,-36.356914062766826],[150.067939138052765,-36.356909087760485],[150.067882172061701,-36.356910109755425],[150.067819218070895,-36.356916141749871],[150.067755261081089,-36.356916159744181],[150.067692289091781,-36.356911175738546],[150.067635305101504,-36.356906182733447],[150.067578321110517,-36.356906200728368],[150.067522404117767,-36.356918239723491],[150.067458446127148,-36.356924281717838],[150.067402475135907,-36.356925294712866],[150.067338517146027,-36.35692531270719],[150.067282564154141,-36.356931344702254],[150.06722561716154,-36.356943383697264],[150.067155707169377,-36.356967433691203],[150.067092833173945,-36.357007511685879],[150.06702896517848,-36.357048593680467],[150.066966109181408,-36.35710068367522],[150.066903254185149,-36.357146766669942],[150.066861374185521,-36.357192841666517],[150.066834500182722,-36.357244913664481],[150.066813614179807,-36.357290988662925],[150.066785754177261,-36.357342055660787],[150.066765854174179,-36.357388130659324],[150.066744977170401,-36.357440211657803],[150.066717099168557,-36.357486277655624],[150.06667523716817,-36.357538366652243],[150.066641353167256,-36.357584441649536],[150.066592527166478,-36.357647538645615],[150.066564640164614,-36.357693613643441],[150.066522760165014,-36.357739679640012],[150.066439045164202,-36.357843849633255],[150.06638317316677,-36.357889933628599],[150.06634229716704,-36.357936008625288],[150.066278402172401,-36.357971084619827],[150.066215529176844,-36.358012157614496],[150.06615966517947,-36.358058231609853],[150.066082817185418,-36.35810432460331],[150.066004929193014,-36.35813940059662],[150.065942038198244,-36.358174458591272],[150.065886111204691,-36.358192503586402],[150.065822180213218,-36.358204541580797],[150.065745233224618,-36.358210583574007],[150.065674275235892,-36.358210610567681],[150.065596298249631,-36.358200615560683],[150.065539305259506,-36.358194627555584],[150.065483334269913,-36.358183638550528],[150.065412303285029,-36.358155625544015],[150.065355274297872,-36.358127604538787],[150.065291236312703,-36.358093586532867],[150.065226167329143,-36.358048542526774],[150.065162111345472,-36.358003507520785],[150.065105064359955,-36.357963474515444],[150.065048026372835,-36.357935452510183],[150.064997944387756,-36.357884412505392],[150.064947853402799,-36.357832358500588],[150.064890762419481,-36.35777630649514],[150.064782459459934,-36.357605112484393],[150.064739360473766,-36.357554054480218],[150.064703244488044,-36.357490983476595],[150.064688140497395,-36.35743992447491],[150.064673036506861,-36.357387862473225],[150.064650850522099,-36.357301754470676],[150.064628755532567,-36.35725069546838],[150.064592657546058,-36.357193630464785],[150.064570552556489,-36.357142572462493],[150.064534463569174,-36.357091513458947],[150.064520362577667,-36.357045456457378],[150.064477263592295,-36.356988391453172],[150.064433134609345,-36.356914313448762],[150.06441098462227,-36.356845237446336],[150.064374886635619,-36.35678917644276],[150.064331760651839,-36.356720091438469],[150.064309673661512,-36.356675038436215],[150.064266583675419,-36.356622984432022],[150.064237441689301,-36.356554903428986],[150.064165227716302,-36.35644078342181],[150.063992832774687,-36.356212533404964],[150.063920654800057,-36.356110416397883],[150.063891548811597,-36.356059366394952],[150.063869488823713,-36.355996322392578],[150.063861465832758,-36.355939311391488],[150.063855325839853,-36.355894043390641],[150.06385597984584,-36.355849430390407],[150.063849749852807,-36.355804942389554],[150.063865113856338,-36.355761108390645],[150.063880522860046,-36.355716297391709],[150.063901830862733,-36.355671405393309],[150.063931420865714,-36.355614762395561],[150.063981458864703,-36.355563659399671],[150.064017511865131,-36.355518561402583],[150.064073984862347,-36.355472970407313],[150.064130098860431,-36.355421096411952],[150.064200197854717,-36.355381233417923],[150.064270313847658,-36.355351338423958],[150.064341424839455,-36.355328453430133],[150.06439742383219,-36.355316459435038],[150.064453878824906,-36.355304035439971],[150.064516053815936,-36.355297357445451],[150.064572104807127,-36.355296577450439],[150.064634305798279,-36.355288922455905],[150.064704341788087,-36.355282119462103],[150.064767869780326,-36.355264756467626],[150.064837134771039,-36.355252152473703],[150.064914081759866,-36.355244291480481],[150.064969156751204,-36.355243520485381],[150.065032298742096,-36.355236815490954],[150.065094840730808,-36.355246604496578],[150.06516387171709,-36.355266979502851],[150.065225426705979,-36.35527677650839],[150.06528796869469,-36.355286565514014],[150.065351200680936,-36.35531392351983],[150.065415113669303,-36.355324877525575],[150.065472097657931,-36.355341864530757],[150.065536109644739,-36.355363861536588],[150.065600103632278,-36.35538086654239],[150.065663073621579,-36.355385859548022],[150.065720049612509,-36.355385832553083],[150.065776002604622,-36.355378804558015],[150.065839942596057,-36.355366774563628],[150.065902824590722,-36.35533270256898],[150.065958688588239,-36.355285624573654],[150.066000558588485,-36.355234538577044],[150.06602142759229,-36.35518245757855],[150.066034308597295,-36.355130386579347],[150.066041192603166,-36.355079318579612],[150.066061101609364,-36.355010259580936],[150.066067582615318,-36.354958672581169],[150.066076080619951,-36.35491493758164],[150.066070451629116,-36.354853946580732],[150.066078966633853,-36.354809225581192],[150.06606585264197,-36.354764817579742],[150.066067493647751,-36.354720203579596],[150.066047665657607,-36.354671036577493],[150.066041623665285,-36.354621690576636],[150.06602871567415,-36.354571464575152],[150.066023651681661,-36.354522091574374],[150.066010133689872,-36.354477343572874],[150.066009192696271,-36.354431402572501],[150.066002227704303,-36.354380442571554],[150.066001268710721,-36.35433447557115],[150.066001285716993,-36.354288517570851],[150.066007336722919,-36.354237566571058],[150.066014400730353,-36.354174630571258],[150.066020450735664,-36.354128681571488],[150.066027487741565,-36.354076716571782],[150.066033548748351,-36.354019786571946],[150.066046608754021,-36.353962847572724],[150.066053654759145,-36.353916898573054],[150.066066723764806,-36.353859968573836],[150.06610884577222,-36.353756111576899],[150.066121897776384,-36.353710162577741],[150.0661359527804,-36.353664222578693],[150.066156023786419,-36.353596302580037],[150.066184098788227,-36.353550379582224],[150.066205163791125,-36.353504448583799],[150.066232234793034,-36.353458517585899],[150.06626731979452,-36.353406606588678],[150.066288367797426,-36.353360684590243],[150.066302431801432,-36.353314735591198],[150.066322493804506,-36.35326879459268],[150.066315519811866,-36.353222836591755],[150.066314560819734,-36.353165879591295],[150.066299599831353,-36.353097914589505],[150.066284620840804,-36.353045941587823],[150.066262631851203,-36.352994945585536],[150.066241594860799,-36.352948915583369],[150.066226579870971,-36.352891895581656],[150.066190517883626,-36.352840837578121],[150.066168484893382,-36.35279479857585],[150.066111410906274,-36.352766714570571],[150.066040308920577,-36.35274460856413],[150.065984229931018,-36.352733529559046],[150.065920137941191,-36.352733430553364],[150.06586306495015,-36.352734354548296],[150.065792966958981,-36.352751251542173],[150.065728873967515,-36.352763155536557],[150.06567280397482,-36.352775077531639],[150.0656167259813,-36.352792996526766],[150.065538622990601,-36.35281588151998],[150.065468523998504,-36.352839788513904],[150.065404441006422,-36.352856676508317],[150.065341352013178,-36.352880601502861],[150.065270260021379,-36.352903504496702],[150.065186142029972,-36.352938374489455],[150.065122058036934,-36.352962289483905],[150.065058979041538,-36.35300219747856],[150.064981871047536,-36.353048084472007],[150.064911781052302,-36.353094983466079],[150.064841691054909,-36.353157892460267],[150.064806642054236,-36.353203832457453],[150.064778612052464,-36.353249800455266],[150.064680411053956,-36.353353593447231],[150.064624315056619,-36.353399498442528],[150.064561207062724,-36.353428380437123],[150.064498119068787,-36.353457279431701],[150.064441045078581,-36.353452206426581],[150.064383998091444,-36.353424148421347],[150.064319933104628,-36.353402097415497],[150.064255894120265,-36.353362046409536],[150.064198811133139,-36.353333962404271],[150.064141720146864,-36.353299881398975],[150.06408464516133,-36.353259785393632],[150.064027571175757,-36.353220711388303],[150.063970489192599,-36.353163619382848],[150.063927426206362,-36.353112543378678],[150.063905383217616,-36.353055514376344],[150.063869330230432,-36.35300346037279],[150.063847297240869,-36.352952410370492],[150.063840287248212,-36.352906416369571],[150.063846293253391,-36.352861417369823],[150.063853304259339,-36.352809426370086],[150.063859301265438,-36.352757435370272],[150.063859301271549,-36.35271242736998],[150.063858288277999,-36.352666424369588],[150.063851278286165,-36.352614415368613],[150.063850274296385,-36.352540400368042],[150.063849270302768,-36.352494406367654],[150.063856280307931,-36.352448411367966],[150.063862277313092,-36.352403412368204],[150.063862277320169,-36.352351412367859],[150.06386828332694,-36.352294411368021],[150.063867270334867,-36.352237400367549],[150.063867270341092,-36.352191415367251],[150.063866266348327,-36.352139406366817],[150.063873267354154,-36.352088410367102],[150.063872272360555,-36.352042416366707],[150.063886283364582,-36.351996430367642],[150.063906309369116,-36.351939447369055],[150.063920319373153,-36.351893461369997],[150.063933335378948,-36.351835482370767],[150.063961374380739,-36.351789524372961],[150.063975394385437,-36.351738546373859],[150.063988401389651,-36.351692552374729],[150.064002403394483,-36.351640552375621],[150.064015347400186,-36.351583496376399],[150.064029259407363,-36.351514411377174],[150.064028175413767,-36.351468327376772],[150.064028094420735,-36.351417251376432],[150.064034038426058,-36.351371185376649],[150.064054995429814,-36.351319131378176],[150.064096965430025,-36.351268108381568],[150.064116910433967,-36.351216037382997],[150.064158888433525,-36.351170025386416],[150.064200866433964,-36.351117989389813],[150.064249846433256,-36.351065971393837],[150.064291825432804,-36.351019959397256],[150.064354823429852,-36.350967959402517],[150.064424823426606,-36.350909953408355],[150.064487822422848,-36.350863959413651],[150.064515791424697,-36.350817929415825],[150.064535744427758,-36.350771882417312],[150.064563703429542,-36.350725834419485],[150.064563631435846,-36.35067975941918],[150.064555546444865,-36.350622667418072],[150.064526413457259,-36.350565531415114],[150.064490288469955,-36.350514409411566],[150.064454163483504,-36.350457264407964],[150.064418038496143,-36.350406134404423],[150.064360875512989,-36.350348970398962],[150.064324759525704,-36.350297840395427],[150.064295644537424,-36.350245714392472],[150.064259510550926,-36.350188587388885],[150.064244424560258,-36.350137475387221],[150.064222319570007,-36.350091382384939],[150.064215237577258,-36.350046293384011],[150.064221172582563,-36.350000227384236],[150.064228110587777,-36.349954161384545],[150.06424104559278,-36.349902099385346],[150.064240982598875,-36.349857028385046],[150.064260891605954,-36.349781928386321],[150.064267820611803,-36.349730860386614],[150.064273745617896,-36.34967878838679],[150.064287684622769,-36.349626726387683],[150.064286619629115,-36.349581646387279],[150.064278488639729,-36.34951252538611],[150.064264406648249,-36.349466432384553],[150.064213248664146,-36.349409278379625],[150.064177133677646,-36.34935213237604],[150.064119995692067,-36.349312996370699],[150.06406390770249,-36.349301907365636],[150.064006834711563,-36.349301827360556],[150.063943781719928,-36.349313766355039],[150.0638867257274,-36.349325715350041],[150.063823655736627,-36.34933164134447],[150.063745605745055,-36.34936058533772],[150.063675542753799,-36.349378522331627],[150.063611512760701,-36.349402474326077],[150.063534467768193,-36.349437433319459],[150.063478468770853,-36.349483436314799],[150.063415451775427,-36.349523415309449],[150.063359471776408,-36.349581430304859],[150.063324503775732,-36.349627460302052],[150.063296544773124,-36.349679505299903],[150.063269579771116,-36.349725544297812],[150.063255631767078,-36.349771609296873],[150.063241692762375,-36.349822668295978],[150.063235758757031,-36.349868734295747],[150.063235839749979,-36.349920815296102],[150.063236915743687,-36.349965894296503],[150.063237999735577,-36.350023981296971],[150.063245072728392,-36.350069061297901],[150.063232146722498,-36.350127147297151],[150.063218216717814,-36.350178197296238],[150.063219291710567,-36.350230286296672],[150.063212362703865,-36.350287369296439],[150.063199427698891,-36.350339441295631],[150.063192507693032,-36.350390517295352],[150.06317956268802,-36.350442580294548],[150.063165623683972,-36.350488637293608],[150.063152688679082,-36.350539705292803],[150.063138749674238,-36.350591767291903],[150.063125805670069,-36.350637815291059],[150.063104847666409,-36.350688874289538],[150.06309894065879,-36.350751971289419],[150.063043014655165,-36.350844058285055],[150.063015073651712,-36.350902100282958],[150.062960096651892,-36.350965116278473],[150.06293213765008,-36.351011173276305],[150.062890177648882,-36.351069206272953],[150.062855208647335,-36.351121242270189],[150.06282023164664,-36.351167272267396],[150.062786257645797,-36.351213302264668],[150.062737268647339,-36.351259314260624],[150.062702300646663,-36.351305334257816],[150.062660313647058,-36.351351355254387],[150.0626113246486,-36.351397367250335],[150.062583366646777,-36.351443397248147],[150.062541378646387,-36.351495415244763],[150.062493332646142,-36.351553367240868],[150.062465300644362,-36.351599334238685],[150.062423241644098,-36.351650268235289],[150.062381191642118,-36.351714217231965],[150.062340127640908,-36.351771156228686],[150.062312097638284,-36.351823120226541],[150.062284075636484,-36.351869087224351],[150.062256027633936,-36.351921042222202],[150.06223600263084,-36.351967009220736],[150.06220096063015,-36.35201296821792],[150.062165911628853,-36.352063919215141],[150.062116851630236,-36.352110854211091],[150.062060773632226,-36.35216176920644],[150.061997693639029,-36.352185685200986],[150.061940620646425,-36.352197598196],[150.061884540655399,-36.352197518191005],[150.061827457665117,-36.352192435185884],[150.061770384676549,-36.352175350180715],[150.061714305686962,-36.352164279175653],[150.061657231701474,-36.352124174170307],[150.061600140715029,-36.352091097165015],[150.061543057729551,-36.352051010159684],[150.061485974742425,-36.352022926154419],[150.06142889275381,-36.352005841149229],[150.061371808767547,-36.351971769143937],[150.061314735780428,-36.351943676138667],[150.061250642794448,-36.351915573132786],[150.061193559808117,-36.35188149212749],[150.06113648682333,-36.351836403122114],[150.061072393840476,-36.351785318116079],[150.061008301858379,-36.351728208110011],[150.060950205873894,-36.351682116104534],[150.060900142888784,-36.351631048099755],[150.060864087901479,-36.351579998096206],[150.060821024916038,-36.351522924092002],[150.060791972927603,-36.35147189208908],[150.060770952937872,-36.351420843086871],[150.060748918948434,-36.351368807084569],[150.060726858958077,-36.351323754082316],[150.060711780968347,-36.351265685080591],[150.060704708975635,-36.351220596079663],[150.060682612985403,-36.351174495077395],[150.060674526993608,-36.35112340907633],[150.060681455998775,-36.351077334076642],[150.060680381006676,-36.351020243076185],[150.060701303011257,-36.350962183077648],[150.060707238017244,-36.350911106077838],[150.060721177022117,-36.350859035078749],[150.060741130025178,-36.350812987080211],[150.060741032033803,-36.350749898079776],[150.060746948040617,-36.350692798079933],[150.06074688504691,-36.350646732079618],[150.060745792054803,-36.350589641079146],[150.060751735060137,-36.350543566079374],[150.060751636067891,-36.350486483078981],[150.060743524078589,-36.350417362077799],[150.060742439086482,-36.350360262077338],[150.060735358093893,-36.3503141870764],[150.060713235105993,-36.350251054074008],[150.060691120116445,-36.350199941071715],[150.060690054122858,-36.350153866071317],[150.06068999112901,-36.350108795071009],[150.060695925134326,-36.35006273007123],[150.060702854140288,-36.350010658071504],[150.060715789145178,-36.349959590072302],[150.06073672014972,-36.349901531073783],[150.060749664154599,-36.349850454074605],[150.060756602159785,-36.349804397074919],[150.060777560162677,-36.349758349076474],[150.060790505166892,-36.349712292077328],[150.060846413172158,-36.349608194081597],[150.060873377174119,-36.349562155083696],[150.060901327176623,-36.34951111408585],[150.060936277178939,-36.349453063088561],[150.060971246180458,-36.349401028091329],[150.061019230179767,-36.349350014095258],[150.061068210178348,-36.349302998099311],[150.061139241173322,-36.34925702210532],[150.061173205174185,-36.34921098310803],[150.061237226169425,-36.349171012113459],[150.061293215166955,-36.349123997118127],[150.061370252160117,-36.349084044124716],[150.061433260155667,-36.349043061130047],[150.061503287150771,-36.348997076135966],[150.061567308145385,-36.348962099141431],[150.061637344139001,-36.348927139147428],[150.061707389131755,-36.348898186153455],[150.061770406127351,-36.348857193158793],[150.061834435121114,-36.348828231164283],[150.061897470115014,-36.348799268169699],[150.0619464591135,-36.348753256173758],[150.061967408117255,-36.34870120317526],[150.061973342122428,-36.348656150175501],[150.061980280127557,-36.34861007517582],[150.061986205133707,-36.348557994176005],[150.061979115141099,-36.348511920175049],[150.061978057147371,-36.348466858174675],[150.061977985153646,-36.348420774174365],[150.06198392915897,-36.348374699174592],[150.061982844166096,-36.348323622174142],[150.061975753173471,-36.348277539173225],[150.061967686180992,-36.34823145517219],[150.061960595189106,-36.34818036017122],[150.061945500198533,-36.348128262169531],[150.061930405207079,-36.348083164167896],[150.061894289219907,-36.348031038164329],[150.061865174231485,-36.347979917161425],[150.06180810924667,-36.347934855156048],[150.061694114274019,-36.347866854145458],[150.061626112289161,-36.347834853139219],[150.061573099300176,-36.347815858134382],[150.061517101312859,-36.347787855129205],[150.061438111330688,-36.347748852121924],[150.061400112338106,-36.347738857118486],[150.061311108356193,-36.347709859110374],[150.061254115366069,-36.34770387110526],[150.061197113374988,-36.347704857100211],[150.061141115384686,-36.347698860095193],[150.061077121393936,-36.347705861089544],[150.06102111440282,-36.34770586108457],[150.060964111412574,-36.347700868079478],[150.060907118421653,-36.347700867074408],[150.060851120432005,-36.347689860069352],[150.060794119440942,-36.347690864064298],[150.060730116452589,-36.347679865058524],[150.060667116461786,-36.347685862052963],[150.060603122471122,-36.34769186704731],[150.060547124478404,-36.347703870042423],[150.060476120486555,-36.347726871036258],[150.06041312249252,-36.347756865030853],[150.060350122497908,-36.347790874025478],[150.060279127505225,-36.347819872019365],[150.060209127513104,-36.34784386901331],[150.060146128520699,-36.347861868007818],[150.060089126528254,-36.347872876002825],[150.060033127536968,-36.347873870997837],[150.05997613454673,-36.347868877992745],[150.059905131557969,-36.347868877986436],[150.059849133567582,-36.347863875981417],[150.059792131577296,-36.347858873976328],[150.059728136586017,-36.347869890970706],[150.059658136595516,-36.347881874964557],[150.059594133603213,-36.347899883958988],[150.059531135612417,-36.347905880953434],[150.059461135619586,-36.347934878947399],[150.059397140627311,-36.347952878941832],[150.05932714063286,-36.347993888935875],[150.05926414163747,-36.348033885930541],[150.059215144638983,-36.348079888926485],[150.059187150636376,-36.34813188892435],[150.059152145635693,-36.34817788292154],[150.059124150633863,-36.34822388591936],[150.059104151630009,-36.348275885917936],[150.059090150625963,-36.34832187991698],[150.059091154618073,-36.348378890917452],[150.059091154611821,-36.348424884917755],[150.059092158605552,-36.348469883918149],[150.0591001535972,-36.34852188391919],[150.059100153589469,-36.348578876919568],[150.059094157584184,-36.348624888919346],[150.059094157577931,-36.348670891919632],[150.059095160570848,-36.348721887920057],[150.059081159566034,-36.348773878919175],[150.059075162560731,-36.348819890918939],[150.059061160556666,-36.348865885917995],[150.059055163551534,-36.348910884917764],[150.059055163545281,-36.348956887918071],[150.059042165540234,-36.349008887917257],[150.059042165534009,-36.349054890917557],[150.059043178526935,-36.349105886917989],[150.059036169520311,-36.349162888917739],[150.059037173513076,-36.349214888918176],[150.059030172507278,-36.349265893917881],[150.059031176500071,-36.349317893918318],[150.059024175494898,-36.349363887917995],[150.059025170488496,-36.349409890918409],[150.059026174481403,-36.34946088691882],[150.059019173476287,-36.349506889918501],[150.059006175470614,-36.349563891917718],[150.058992181465783,-36.349615882916822],[150.058971179462844,-36.349661894915258],[150.058937178461207,-36.349713894912583],[150.05881119046245,-36.349851894902287],[150.058769184462079,-36.349903894898908],[150.058727188462512,-36.34994988889548],[150.058664188465457,-36.350001897890216],[150.05861519146697,-36.350047900886167],[150.058552192469961,-36.350099900880913],[150.058489193474514,-36.350139897875565],[150.058447206474824,-36.350186895872156],[150.058384198479388,-36.350226901866819],[150.058349202477899,-36.350278901864058],[150.058328199474971,-36.350324904862475],[150.058308201470396,-36.350381897861091],[150.058280206467799,-36.350433897858935],[150.058253207464332,-36.350490899856922],[150.058232204461433,-36.35053690285536],[150.058225203456288,-36.350582905855035],[150.05822620744911,-36.350634905855472],[150.058212205444363,-36.350685901854568],[150.058206209438225,-36.350737901854366],[150.058199199433119,-36.350783905854051],[150.058186210429056,-36.350828904853195],[150.058172217425039,-36.350874916852248],[150.058158215421031,-36.350920901851318],[150.058145218416854,-36.350966904850459],[150.058124215413102,-36.351018904848942],[150.058104216410044,-36.351064907847459],[150.058083223407152,-36.351110910845904],[150.058034216407862,-36.351162910841886],[150.057964225413571,-36.351202907835933],[150.057908227416192,-36.351248910831259],[150.057831226419751,-36.351312913824827],[150.057774215427173,-36.351324907819851],[150.057711226432417,-36.35135991181447],[150.057640230442075,-36.35137191480824],[150.057570230452399,-36.351377910802071],[150.057513228460635,-36.351383916797047],[150.05745723047022,-36.351378914792022],[150.057400237478447,-36.351384911787008],[150.057336234488645,-36.351384920781314],[150.057273235500816,-36.351368919775609],[150.057209232513287,-36.351351915769804],[150.057145238524953,-36.351340916764052],[150.057088236536998,-36.351318918758835],[150.057017241550597,-36.351301922752413],[150.056953238564574,-36.351273910746549],[150.056882234580485,-36.351239919740003],[150.056825241593344,-36.351211924734748],[150.05678225060791,-36.351154922730551],[150.056746232620554,-36.351103926727014],[150.056703232635158,-36.351046924722809],[150.056674234646835,-36.350994924719899],[150.056602235672131,-36.350892914712823],[150.056566236685597,-36.350835921709248],[150.05655223469472,-36.350784925707657],[150.056530227705281,-36.350732925705373],[150.056522231713501,-36.350681929704315],[150.056507225722129,-36.35063592670268],[150.056486231733174,-36.35057892470045],[150.056471225741831,-36.350532921698793],[150.056456229753422,-36.350464929697019],[150.056440228773113,-36.350338922694775],[150.056426226781582,-36.350292928693207],[150.056411220790068,-36.350247929691591],[150.056403225799073,-36.350190927690512],[150.056396224806434,-36.350144924689587],[150.056374217818529,-36.350081925687192],[150.056366221826693,-36.350030929686156],[150.056359211834064,-36.349984926685231],[150.056351216841563,-36.349938923684206],[150.056336219850209,-36.349892929682575],[150.056322217859389,-36.349841924680995],[150.056307211867988,-36.349795930679342],[150.056263216888851,-36.349693929674771],[150.056234209900509,-36.349641928671844],[150.056205210912879,-36.349584927668879],[150.05616220992664,-36.349533930664741],[150.056126210941557,-36.349465930661083],[150.056090201954277,-36.349414925657548],[150.056047210968813,-36.349357932653348],[150.055997209983673,-36.349306927648563],[150.055961210996486,-36.349254927645028],[150.055911210011345,-36.34920393064025],[150.055854208028165,-36.349146928634802],[150.055804206043717,-36.349090930629991],[150.055754205059401,-36.349033929625158],[150.055697212073852,-36.348993931619837],[150.055639206090035,-36.348942935614346],[150.055525201117376,-36.348874934603757],[150.055469203129263,-36.348852937598643],[150.055412210142094,-36.348824933593384],[150.055355208153458,-36.348807937588205],[150.055298206164053,-36.348796939583075],[150.055241204175417,-36.348779934577898],[150.055185205187286,-36.34875793657276],[150.05512820320024,-36.348728938567518],[150.055071210212333,-36.348706940562302],[150.055000215229057,-36.348666943555742],[150.054943204243386,-36.348627940550408],[150.054886211258719,-36.348581937545042],[150.05484321027248,-36.348530941540886],[150.054807202285104,-36.348479936537345],[150.054785204294859,-36.348433942535081],[150.054770208303353,-36.348388943533443],[150.054756206311822,-36.348342940531907],[150.054734199321558,-36.348296954529644],[150.05473320432867,-36.348245940529218],[150.054740214333776,-36.348199937529536],[150.054746202339743,-36.348148941529729],[150.054746202346024,-36.348102938529429],[150.054766201349906,-36.348050938530868],[150.054773193356539,-36.347993936531097],[150.054801196358341,-36.347947942533288],[150.054814194362507,-36.34790193953414],[150.054828196367339,-36.347849939535045],[150.054834192373306,-36.347798943535224],[150.054841193378451,-36.347752940535557],[150.054854191382645,-36.347706937536408],[150.054868184388965,-36.347643938537239],[150.054888182393512,-36.347586936538633],[150.054902193397538,-36.347540942539567],[150.054922183402255,-36.34748293654097],[150.054936185406262,-36.347436942541911],[150.054957178409069,-36.347391934543474],[150.054970176413207,-36.347345940544336],[150.054984178418067,-36.347293940545221],[150.055005180421801,-36.347241940546759],[150.055032181425247,-36.347184938548779],[150.055060175427883,-36.347132938550914],[150.055095171428547,-36.347086935553733],[150.055122170430508,-36.347040923555817],[150.055164166431581,-36.346983930559183],[150.055199171433088,-36.346931930561951],[150.055241167434275,-36.346873933565298],[150.055261166438044,-36.346822928566731],[150.055282168441749,-36.346770928568255],[150.055332160447932,-36.34666692857202],[150.055218165464936,-36.346674933561943],[150.055140170468775,-36.346737931555431],[150.055084163475385,-36.34675493655056],[150.055027169483623,-36.346760933545539],[150.054971171492411,-36.346761937540563],[150.05491416950295,-36.346750938535422],[150.054878179515583,-36.34669993353188],[150.054821168530083,-36.346659927526552],[150.05475816853766,-36.346677935521072],[150.054701166545073,-36.346689938516079],[150.054638167552781,-36.3467069425106],[150.054567172562429,-36.346718936504367],[150.054511174568887,-36.346736945499515],[150.05444017057701,-36.346759937493339],[150.054370179585703,-36.346777946487258],[150.054313177593116,-36.346789939482264],[150.054257179600398,-36.346801933477366],[150.054200177609459,-36.346801933472307],[150.054137177620987,-36.346790943466623],[150.054073174631014,-36.34679194746095],[150.05400918164267,-36.346780948455176],[150.053946182653476,-36.346774951449554],[150.053889180662424,-36.346775946444481],[150.053825185673276,-36.346770953438778],[150.053768183684639,-36.346753948433594],[150.053705184694621,-36.346753948427995],[150.053634180705814,-36.346754943421693],[150.053563186718577,-36.346743953415313],[150.053507187728968,-36.34673295441025],[150.05344318473982,-36.346727952404528],[150.053386182750359,-36.346716953399401],[150.05332218876282,-36.346699958393586],[150.053266190773229,-36.346688959388558],[150.053209187783779,-36.346677960383403],[150.053152185793493,-36.346672958378313],[150.053096187805522,-36.346649956373199],[150.053031189820473,-36.346615956367195],[150.052974187835616,-36.346570957361813],[150.052931186849406,-36.346519961357679],[150.052895187862049,-36.346468955354126],[150.052874184872422,-36.346416964351924],[150.052831184886173,-36.34636595934775],[150.052802186900095,-36.346297959344724],[150.052773178911735,-36.346245958341811],[150.052751180922968,-36.346188957339479],[150.052743184931188,-36.346137960338432],[150.052728178941265,-36.346080959336724],[150.052714176950559,-36.346028958335133],[150.052706180958097,-36.345982964334119],[150.052705176964338,-36.345937965333725],[150.052691175974331,-36.345880963332114],[150.052690171980743,-36.345834960331729],[150.0526831709889,-36.345782960330766],[150.052682175995159,-36.345737961330364],[150.052667170003758,-36.345691958328736],[150.052653168012284,-36.345645963327186],[150.052638172021545,-36.345594958325513],[150.052630176029908,-36.345542958324458],[150.052616165039041,-36.345491962322875],[150.052608168047243,-36.345440957321827],[150.052607164055274,-36.345382960321359],[150.052606169063978,-36.345319962320858],[150.052613161069814,-36.345268956321135],[150.05261216607704,-36.345216957320709],[150.052619158082166,-36.345170962321021],[150.052625164088141,-36.345119957321216],[150.052632156093296,-36.345073963321532],[150.052638162099271,-36.345022958321735],[150.052645154104397,-36.344976955322053],[150.052659155109211,-36.344924955322952],[150.052672154113395,-36.344878961323801],[150.052686156118114,-36.344827956324707],[150.0526991541239,-36.344769950325485],[150.052720156126838,-36.344723956327037],[150.052747147130276,-36.344666954329071],[150.052775150132078,-36.344620960331255],[150.052796144134959,-36.344574948332813],[150.052817147138711,-36.34452295633433],[150.052844147140632,-36.344476953336432],[150.052872142143144,-36.344425957338579],[150.052907146143838,-36.344379963341389],[150.052935140145593,-36.344333951343557],[150.052976142145468,-36.344286953346895],[150.053060135144648,-36.344194947353763],[150.053109132143078,-36.344148953357802],[150.053144137143789,-36.344102950360622],[150.053186133143356,-36.344056946364049],[150.053221128144031,-36.344010952366851],[150.053263134143634,-36.343964949370275],[150.053312132142082,-36.343918955374328],[150.053368130139546,-36.343871948379004],[150.053480125134257,-36.343779933388355],[150.053550126130176,-36.343727942394217],[150.05361312512494,-36.343692938399599],[150.053676124118056,-36.343669945405033],[150.053740119113456,-36.343628944410447],[150.053782115113023,-36.343582941413871],[150.053774119120561,-36.343536938412868],[150.053717117134909,-36.343497944407538],[150.053653113147391,-36.343480940401754],[150.053596120158744,-36.343463953396565],[150.053540113169134,-36.343452945391512],[150.053476120182268,-36.343430947385684],[150.053419118195137,-36.343402944380429],[150.053362115209609,-36.343362946375102],[150.053305113225605,-36.343311941369699],[150.053268118237042,-36.343270949366136],[150.053236117246911,-36.343235944363066],[150.053104122268792,-36.343228943351292],[150.053066124274437,-36.343231946347927],[150.053017117282934,-36.343226944343542],[150.052951115293808,-36.343223950337652],[150.052901123302433,-36.343218948333181],[150.052836125313831,-36.343210952327347],[150.052780118323284,-36.343206954322341],[150.052717118333163,-36.343207949316756],[150.052646124343624,-36.343213955310489],[150.052590126350083,-36.343231954305629],[150.052526123357126,-36.343254956300086],[150.052463124363186,-36.343283945294679],[150.05244913935914,-36.343329957293747],[150.05242913235611,-36.343375951292273],[150.052415130352074,-36.343421955291333],[150.052373134350177,-36.343484953288005],[150.052338129348726,-36.343536953285245],[150.052297137348944,-36.343582956281907],[150.052262132348261,-36.343628960279098],[150.052220136348694,-36.343674963275667],[150.05218514034803,-36.343720957272872],[150.052143144346843,-36.343778963269514],[150.052101139347229,-36.343824957266094],[150.052038139351851,-36.343864963260756],[150.051989142353364,-36.343910966256708],[150.051933144355871,-36.343957964252041],[150.051870145361278,-36.343991964246669],[150.051807145364876,-36.344038963241381],[150.051737154369789,-36.344084966235464],[150.051674155373547,-36.344130969230172],[150.051603152377766,-36.344182969224207],[150.051547153380284,-36.344229967219533],[150.05147715338515,-36.34427597021363],[150.051414163390405,-36.344310974208263],[150.051344162396134,-36.344350971202296],[150.051280169402332,-36.344379970196819],[150.051217161407578,-36.34441497419143],[150.051154162413667,-36.344443972186035],[150.051091171418904,-36.34447897618066],[150.051020167426287,-36.344507975174544],[150.050950168432649,-36.344542970168554],[150.05088016743818,-36.344583980162604],[150.050821175441456,-36.344628979157662],[150.050824169434605,-36.34467598715824],[150.050832174427228,-36.344720977159248],[150.050854171417484,-36.344766980161509],[150.050868173408986,-36.344812983163052],[150.050898176390376,-36.344914975166397],[150.050905176383026,-36.344960979167332],[150.050920173374379,-36.345006991168951],[150.050928178366888,-36.345052976169981],[150.050928178359158,-36.345109978170342],[150.050922181353826,-36.34515598117013],[150.050915180348852,-36.345200980169793],[150.050909183343578,-36.345246983169567],[150.050895182339531,-36.345292977168626],[150.050881189335513,-36.345338981167693],[150.05086119033092,-36.345395982166288],[150.050833187327527,-36.345453979164184],[150.050806187323246,-36.345516978162209],[150.050785194320383,-36.34556298116064],[150.050764191316631,-36.345614981159116],[150.050737191314028,-36.345665986157051],[150.050716198311079,-36.345711980155492],[150.050717202303048,-36.345769986155965],[150.050710201298045,-36.345814985155648],[150.050696208294028,-36.345860989154694],[150.05069020228791,-36.345912989154513],[150.050669200285029,-36.345958983152947],[150.050656202279328,-36.346015985152157],[150.050635208276447,-36.346061988150595],[150.05060820927136,-36.346130983148662],[150.050587206267664,-36.346182984147127],[150.050566213264062,-36.34623398914561],[150.050553215257565,-36.346296987144875],[150.050539213253529,-36.346342990143931],[150.05053321624743,-36.346394991143747],[150.050540217240211,-36.346439990144667],[150.050548213231878,-36.346491990145715],[150.050549217225495,-36.346537984146103],[150.050563219217167,-36.346582992147653],[150.050578216208521,-36.346628986149291],[150.050594217198608,-36.34668298515107],[150.050614225188127,-36.346736984153203],[150.050629221179491,-36.346782987154832],[150.050651219169737,-36.346828991157096],[150.050673225159215,-36.346880991159402],[150.050694219149733,-36.346925990161552],[150.050738223135028,-36.346982983165852],[150.050795226115895,-36.34705699017141],[150.050852228103054,-36.347084984176668],[150.050909212085571,-36.347146988182125],[150.05096622306877,-36.347203981187569],[150.051023226053616,-36.347248989192927],[150.051081223038125,-36.347294984198385],[150.051138225022981,-36.34733998320376],[150.051181234009192,-36.347390979207908],[150.05126622298647,-36.347458980215919],[150.051323224971981,-36.34749898622124],[150.051388230952426,-36.347566978227469],[150.051410228941137,-36.347623980229812],[150.051453228927414,-36.347674985233958],[150.051489229913159,-36.347737984237568],[150.051510231903563,-36.34778397823974],[150.051518227896054,-36.347829981240757],[150.05153323388754,-36.347874980242388],[150.051554235877973,-36.347920983244556],[150.051569232869468,-36.347965983246183],[150.051584238860841,-36.348011977247822],[150.05160623584959,-36.348068979250158],[150.051620237841149,-36.348114982251708],[150.051635234832531,-36.348160976253332],[150.051650240823193,-36.348211981255005],[150.051649237817372,-36.348255976255203],[150.051656237811386,-36.34829199425608],[150.051668240801746,-36.348348978257505],[150.051707242787643,-36.348406984261366],[150.051741243777229,-36.348443978264626],[150.051773244766451,-36.348485983267743],[150.051845243741155,-36.348587975274825],[150.05188824472657,-36.348644977279029],[150.051924244713092,-36.348701979282602],[150.05194625070186,-36.348758981284924],[150.051989250688109,-36.348809977289086],[150.052004247679491,-36.348855981290718],[150.052025250669885,-36.348901975292897],[150.052061249657243,-36.348952980296438],[150.05209724864298,-36.349015979300042],[150.052126248629946,-36.349077974303036],[150.052155255618288,-36.349129974305953],[150.052177244608686,-36.349174982308199],[150.052220253594101,-36.349231975312399],[150.052242260584336,-36.349277978314667],[150.052271258569675,-36.349351976317728],[150.052293256560063,-36.349396975319983],[150.052343258544425,-36.349453977324799],[150.052400260526781,-36.349516976330285],[150.052450261511922,-36.349567972335066],[150.052486260499279,-36.349618977338601],[150.0525292604855,-36.349669973342763],[150.052565260472051,-36.349726975346336],[150.05260926545256,-36.349818981350865],[150.052630259443106,-36.34986397135301],[150.052659266431448,-36.349915971355941],[150.052667262423256,-36.349966976356988],[150.052682268414628,-36.350012971358623],[150.052689268407391,-36.350057970359529],[150.052704265398745,-36.350103973361179],[150.052719262389445,-36.350154969362841],[150.052719271381562,-36.350212975363235],[150.052734268373058,-36.350257974364865],[150.052749273359012,-36.350343974366751],[150.052750268351787,-36.350395975367192],[150.052750268345676,-36.35044097436748],[150.052751272337645,-36.350498971367962],[150.052744271332614,-36.350543970367646],[150.052731274326817,-36.350601976366875],[150.052717272322809,-36.350647970365927],[150.052704274318643,-36.350693973365068],[150.052697282312806,-36.350744978364787],[150.052698277305581,-36.350796978365238],[150.052691285298948,-36.350853971364991],[150.05269228128941,-36.350922976365531],[150.052700286281237,-36.350973981366572],[150.05270028627433,-36.351024977366905],[150.052708282266792,-36.351070971367932],[150.052723288256658,-36.351127973369628],[150.05277328924177,-36.351178978374421],[150.052823290226769,-36.351230978379206],[150.052880292213246,-36.35126397438448],[150.052994288184266,-36.351343969395145],[150.053058282166489,-36.35139997640119],[150.05310829215145,-36.351451967405985],[150.053151292137699,-36.351502972410152],[150.053173289128097,-36.351547971412394],[150.053195287118371,-36.351593974414655],[150.053202288109532,-36.351650967415658],[150.053210293101159,-36.35170296741672],[150.053218298093782,-36.351747967417722],[150.053218298087529,-36.351793970418022],[150.053226293079206,-36.351845970419078],[150.053226293073095,-36.351890969419372],[150.05324130006295,-36.351947971421083],[150.053278303044578,-36.352039968424997],[150.053299297035124,-36.352084967427146],[150.053328305022802,-36.3521419694301],[150.053364304009989,-36.352193978433633],[150.053379301001542,-36.352238968435266],[150.053415299988728,-36.352290969438819],[150.053472310974399,-36.352329980444146],[150.053536305959568,-36.352363971450053],[150.053593307948205,-36.352380967455233],[150.053649305939416,-36.352379972460199],[150.053706298929569,-36.352385978465293],[150.053791312916189,-36.352384965472851],[150.053897284900188,-36.352378959482238],[150.053960302890289,-36.352377964487829],[150.054017295882034,-36.352371958492853],[150.054074297871495,-36.352382957497994],[150.054145292857896,-36.352399962504414],[150.05420129984995,-36.352392961509338],[150.054315294827177,-36.352426962519694],[150.054371293815336,-36.352448959524828],[150.054428294802364,-36.352477958530073],[150.054492297789977,-36.352493959535877],[150.054542289775128,-36.352544955540651],[150.054585290760542,-36.352601957544856],[150.054607296750788,-36.352647951547112],[150.054643296738107,-36.35269895655064],[150.054672294725776,-36.352755958553601],[150.054701292714242,-36.35280695455652],[150.054723299704534,-36.352852957558767],[150.054737302696054,-36.352898951560334],[150.054745307687853,-36.352949965561372],[150.054760303678364,-36.353001956563055],[150.054774305669213,-36.353052952564632],[150.054789302659941,-36.353103957566297],[150.054811299647866,-36.353166956568664],[150.054819313639513,-36.353218956569727],[150.0548333066304,-36.35326995257131],[150.054855304620617,-36.353315955573571],[150.054877310611005,-36.35336095457582],[150.054899308599801,-36.353417956578141],[150.054935307585481,-36.353480955581759],[150.0549503135762,-36.353531951583427],[150.054971306566614,-36.353577954585617],[150.054993313556878,-36.35362394858786],[150.055036313543098,-36.35367495459203],[150.055072314530435,-36.35372595059556],[150.055080309522936,-36.353771953596578],[150.055166310493775,-36.353885948604969],[150.055230313478319,-36.353924950610924],[150.055287315466956,-36.353941946616104],[150.055344317454882,-36.353963952621307],[150.055400315443677,-36.353980948626401],[150.055464308432022,-36.35399194763216],[150.05552830342188,-36.353991947637844],[150.055613309406993,-36.354001942645468],[150.055669307398915,-36.353995945650396],[150.055726318389162,-36.3540009476555],[150.055797321377042,-36.354006944661869],[150.055853319367458,-36.354011946666873],[150.055924305357792,-36.353999943673102],[150.055981308348095,-36.354004936678194],[150.056044307337231,-36.354010942683836],[150.056115302326049,-36.354009929690136],[150.056172303315549,-36.354020937695267],[150.056242303305197,-36.354014940701461],[150.056306306293578,-36.354025939707228],[150.056363299284641,-36.354024935712275],[150.056419297274914,-36.354030932717301],[150.056483301263285,-36.354041930723049],[150.056561296249498,-36.354051934730059],[150.056625299237851,-36.354062924735821],[150.056696294225077,-36.354073932742196],[150.056759302213578,-36.354084931747863],[150.05682329620339,-36.354084931753555],[150.056880298192823,-36.354095930758703],[150.056951293179367,-36.354111930765114],[150.057014292167025,-36.354128926770827],[150.057078295155378,-36.3541399257766],[150.057135297144015,-36.354156930781755],[150.057192290133486,-36.354167928786914],[150.057255289122764,-36.354172921792539],[150.057312291112225,-36.354183929797671],[150.057376293099736,-36.354200925803475],[150.057433287088486,-36.354216926808654],[150.057496295077641,-36.354222923814284],[150.057575295062094,-36.354244920821465],[150.057631293051742,-36.354255919826521],[150.05768828604036,-36.354272915831686],[150.05774528802749,-36.354300918836948],[150.057802290015445,-36.35432291684215],[150.057873292997897,-36.354368919848767],[150.057916294982675,-36.354430914853005],[150.057952293969862,-36.35448291485654],[150.057953288963603,-36.35452791385692],[150.057925293955549,-36.354619919855047],[150.057905294952491,-36.354665913853566],[150.057884291949591,-36.354711916852018],[150.057849296948888,-36.35475792084921],[150.057807300947644,-36.354815907845861],[150.057773299946831,-36.354861920843135],[150.057752288943931,-36.354907923841573],[150.057738304938425,-36.354964916840707],[150.057725306934202,-36.355010910839844],[150.057718305928404,-36.355061924839568],[150.057705298924191,-36.355107918838712],[150.057698306918269,-36.355159918838439],[150.057699310911829,-36.355205912838827],[150.057692310906049,-36.355256917838538],[150.057693314898785,-36.355308917838975],[150.057708301890301,-36.355353925840603],[150.057729313879264,-36.355410918842864],[150.057780309864171,-36.35546192384772],[150.057830310848516,-36.355518907852542],[150.057887312833202,-36.355564919857919],[150.057951315816098,-36.355615915863929],[150.05800131680121,-36.355666929868725],[150.058051327785535,-36.355723913873547],[150.058073316775904,-36.355768912875796],[150.0580883127665,-36.355820912877469],[150.05808132076146,-36.355865920877157],[150.058068314757293,-36.355911923876292],[150.058047319754394,-36.355957918874729],[150.05802631675067,-36.356009917873202],[150.058013319746465,-36.356055921872361],[150.057985324744635,-36.356101915870184],[150.057957321742037,-36.35615391586802],[150.057929326740236,-36.35619991886584],[150.057916328735359,-36.356250923865034],[150.057902327729721,-36.356308920864173],[150.057903331723452,-36.35635391986456],[150.057896330718307,-36.35639992286422],[150.05790433570931,-36.35645692486532],[150.05791933169985,-36.356508933866998],[150.057934328691374,-36.356553923868631],[150.057949334678113,-36.356633917870482],[150.057963336669644,-36.356679920872033],[150.057985333659872,-36.356725924874304],[150.058014332648355,-36.356776920877202],[150.058050340634878,-36.356833922880803],[150.058100341619195,-36.356890915885607],[150.058143332605397,-36.356941919889771],[150.058200335588594,-36.356998921895219],[150.058272343570223,-36.35704991890195],[150.058329327557374,-36.357077912907194],[150.058386338542874,-36.357117918912536],[150.058457341527088,-36.357150915919064],[150.058514334514911,-36.357173916924289],[150.058570341502218,-36.357201911929437],[150.058634335489046,-36.357223908935268],[150.05870533947629,-36.357234907941674],[150.058762332467182,-36.357234907946733],[150.058826335456388,-36.357239909952455],[150.05888933544486,-36.357250908958115],[150.058953337433991,-36.357255901963846],[150.059024332421217,-36.357266908970225],[150.059088335410365,-36.357271910975953],[150.059151334398848,-36.35728290998162],[150.059215319385544,-36.357305893987458],[150.059279330374693,-36.357310904993177],[150.05933633236495,-36.357315906998295],[150.059399331353433,-36.357326905003966],[150.059470326340715,-36.357337904010336],[150.059527328330802,-36.357343901015447],[150.059584331321076,-36.357348903020551],[150.059647330308877,-36.357364904026248],[150.059711324297211,-36.357375903032022],[150.059775326283898,-36.357398895037853],[150.059832328270204,-36.357432904043151],[150.059889321257373,-36.357460899048398],[150.059946323242173,-36.357505898053766],[150.060003325225409,-36.35756289105921],[150.060039325212728,-36.357613896062752],[150.060061331202974,-36.357659899065006],[150.060069327194753,-36.35771089506607],[150.060062326188813,-36.357762895065775],[150.060035327185375,-36.35781990606376],[150.060021334181357,-36.357865900062819],[150.059965336183978,-36.357911894058141],[150.059909338185008,-36.35796990005354],[150.05986034118655,-36.358015894049494],[150.059790341191331,-36.358062901043574],[150.059727341197345,-36.358091900038168],[150.059649346203514,-36.358137903031547],[150.059572345209517,-36.358183906024998],[150.059446356218388,-36.358265908014346],[150.059334351223697,-36.358357905004993],[150.059292355223306,-36.358409905001615],[150.059250359223739,-36.35845590799817],[150.059215355223046,-36.358501911995361],[150.059187359221227,-36.358547905993184],[150.059202356212609,-36.35859390899482],[150.059217361204105,-36.35863890799645],[150.059260363190361,-36.358689904000613],[150.059296362177577,-36.358741904004148],[150.05935336416087,-36.358797902009584],[150.059417358142952,-36.358854904015651],[150.059467359128121,-36.358905909020443],[150.059510359114199,-36.358957909024589],[150.059567361098999,-36.359002908029971],[150.059617362083316,-36.359059901034783],[150.059675359067967,-36.359104891040239],[150.059718368054206,-36.359155905044403],[150.059768360039357,-36.359206901049191],[150.059818361023673,-36.359263903054],[150.05985436101102,-36.359314899057537],[150.059890359998207,-36.359366899061087],[150.059926367985526,-36.359417904064628],[150.059969368971792,-36.359468900068784],[150.060062369940681,-36.359588901077849],[150.060091367926816,-36.359656901080868],[150.060106364918198,-36.359702895082506],[150.060135372905194,-36.359764899085491],[150.060150368896529,-36.359810902087133],[150.06016437088806,-36.359856896088687],[150.06017236688055,-36.359902899089683],[150.06017937687335,-36.359947899090621],[150.06017337086638,-36.360005904090471],[150.060166369861349,-36.360050894090143],[150.060160372856103,-36.360096898089914],[150.060153371850106,-36.36014889708963],[150.060133373847037,-36.360194901088164],[150.060084374848572,-36.360240904084101],[150.060042378849005,-36.360286898080673],[150.059979379853615,-36.360326904075343],[150.059908385860126,-36.360361899069261],[150.059845386870023,-36.360362903063674],[150.059781383877066,-36.360385905058116],[150.059725385885827,-36.360386909053155],[150.059661382896849,-36.360380903047421],[150.059597388908458,-36.360369904041669],[150.059534390919197,-36.360364911036029],[150.059463386931981,-36.360353912029645],[150.059399391942833,-36.360348901023926],[150.059335388955958,-36.360326913018099],[150.059278386968174,-36.360303911012871],[150.059214392981346,-36.360281914007039],[150.059157390993533,-36.360258912001825],[150.059101393004596,-36.360242911996743],[150.059044391017579,-36.360213912991476],[150.058987390029671,-36.360191915986263],[150.058873395055372,-36.360135917975761],[150.058802391070628,-36.360106927969269],[150.058738388085288,-36.36007391396334],[150.05867439409775,-36.36005691795755],[150.058617392109937,-36.360033916952339],[150.058560390122835,-36.360005921947071],[150.05849739213582,-36.359983924941346],[150.058440399148651,-36.359955920936088],[150.058376396164277,-36.359915923930131],[150.058312393176777,-36.359898927924334],[150.058255400188017,-36.359882927919152],[150.058191397199664,-36.359871928913392],[150.058127394209862,-36.359871928907708],[150.058071396218594,-36.359872923902735],[150.058007402227162,-36.359884926897131],[150.057944404234036,-36.359907927891683],[150.057880400242595,-36.359919930886065],[150.057824402251526,-36.359919930881084],[150.057767400260417,-36.35992093487603],[150.057711402268495,-36.359926922871097],[150.057647408277063,-36.359938943865494],[150.057577408285766,-36.35995693385938],[150.057507409290622,-36.360002936853455],[150.057479414288821,-36.360048930851271],[150.057458411285239,-36.360099935849739],[150.057452415279954,-36.36014593884952],[150.057466416269961,-36.360202931851127],[150.057488414260206,-36.360248934853395],[150.057517411248682,-36.360299930856314],[150.057560412234807,-36.360351930860482],[150.057603412220999,-36.360402935864634],[150.057675419201928,-36.360458933871413],[150.057725412186954,-36.360510933876199],[150.05778241417093,-36.360561929881598],[150.057882416141183,-36.360663930891157],[150.057939418124391,-36.360720932896612],[150.057982418109816,-36.360777925900805],[150.058025418095383,-36.360833922905002],[150.058062421080905,-36.360896930908709],[150.058083415070655,-36.360947926910903],[150.058105422060891,-36.360993929913157],[150.058155423045207,-36.361050931917987],[150.058198423031428,-36.361101927922149],[150.05824842401492,-36.36116492692701],[150.058313421996985,-36.36122092493315],[150.058370423978516,-36.361289928938675],[150.05841342296398,-36.361346921942882],[150.058442420952417,-36.361397926945784],[150.058485421937831,-36.361454919949985],[150.058521420925189,-36.361505924953526],[150.058571421910301,-36.361556920958321],[150.058614421894902,-36.361619918962546],[150.058629427886416,-36.361664917964177],[150.058665435872939,-36.361721919967756],[150.058687424863194,-36.361767922970024],[150.058702421853866,-36.361818918971672],[150.058716422845436,-36.361864921973222],[150.058731428834477,-36.361927920974992],[150.058739424826257,-36.361978916976035],[150.0587324328188,-36.362041924975813],[150.058705432813724,-36.36211091997388],[150.058684429810825,-36.362156922972318],[150.058664430806914,-36.362208922970879],[150.058636436804335,-36.362260922968737],[150.058580438806132,-36.362312922964101],[150.058531441807673,-36.362358925960045],[150.058468442813052,-36.362392926954669],[150.058404438819167,-36.362422928949179],[150.058348440825768,-36.362439924944333],[150.058285441832538,-36.362463929938876],[150.058221447840396,-36.362480925933298],[150.058165440846892,-36.362498924928452],[150.058095450853216,-36.362533929922449],[150.058031447860259,-36.362556930916917],[150.057968447865505,-36.362591935911553],[150.05793344386484,-36.362637929908736],[150.057905448863039,-36.362683932906563],[150.057885449859953,-36.36272993590508],[150.057871448855934,-36.362775929904139],[150.057850454852371,-36.3628269349026],[150.057816454849899,-36.36288493189997],[150.057767457849934,-36.362941932896],[150.057725459850246,-36.362988939892567],[150.057613463855517,-36.363080937883232],[150.057550465859947,-36.363121938877896],[150.057479470865871,-36.363161926871854],[150.057395468875939,-36.363185940864533],[150.057331465886108,-36.363185940858841],[150.057274472897461,-36.363168945853666],[150.057218465908591,-36.363152944848594],[150.057161472920711,-36.363129943843362],[150.057097469936195,-36.363090940837417],[150.057054469950117,-36.363038941833267],[150.057011468964561,-36.362982943829067],[150.056981466979522,-36.362907941825902],[150.056967465987839,-36.362862942824357],[150.056959469995377,-36.362816948823344],[150.056944465004051,-36.362770945821701],[150.056937464011241,-36.362725946820788],[150.056922467019888,-36.362679943819153],[150.05690746102934,-36.362627943817486],[150.056893460038481,-36.362576947815896],[150.056864461050026,-36.362525951812977],[150.056828462062697,-36.362474946809449],[150.056771460078835,-36.362422946804031],[150.056721459093694,-36.362371950799258],[150.05666446610806,-36.36233294879392],[150.056607464121726,-36.362298948788634],[150.056550462133941,-36.362275955783424],[150.05649346014448,-36.362264947778293],[150.05643646715572,-36.362248956773108],[150.056380460165428,-36.362242950768099],[150.0563164661786,-36.362220952762257],[150.056259464190816,-36.36219795175704],[150.056195470201629,-36.362192958751322],[150.056138468214527,-36.362164954746063],[150.056074466228466,-36.362136960740187],[150.056017464240654,-36.362113958734966],[150.055961466252597,-36.362091961729845],[150.05589646826752,-36.362057961723849],[150.05583246528542,-36.36200095971779],[150.055775463300591,-36.361955960712429],[150.055725471315498,-36.361904964707634],[150.055668469329987,-36.36186496770231],[150.055597465348882,-36.361808960695626],[150.055533471363702,-36.361774968689716],[150.055469469376135,-36.361757964683932],[150.055405466389345,-36.36173596667809],[150.055348473400699,-36.361718971672907],[150.055277469413454,-36.36170797266653],[150.055213466424362,-36.361702970660801],[150.055150468435187,-36.361696973655164],[150.05509347544259,-36.361708967650166],[150.055037476449911,-36.361720969645276],[150.054980474457352,-36.3617329636403],[150.054910474466823,-36.36174498463415],[150.054839479475646,-36.361762975627954],[150.054762479483969,-36.361791973621308],[150.054705477490586,-36.36180997361636],[150.054642478495964,-36.361843973610995],[150.054572477501523,-36.36188497460504],[150.054509478508436,-36.361907976599589],[150.054445475515337,-36.361931981594047],[150.054389495521917,-36.361948977589208],[150.054318492529291,-36.361977984583078],[150.054255484536867,-36.36199598457759],[150.05419849154427,-36.362007978572606],[150.054135501553503,-36.362013993567054],[150.054078489561704,-36.362019981562028],[150.054022491570493,-36.362020985557052],[150.053965489580378,-36.362014988551955],[150.053908496590935,-36.362003989546807],[150.053852489602832,-36.361981991541683],[150.053788495614498,-36.361970992535937],[150.053731493626572,-36.361948995530717],[150.053674491637935,-36.361931990525534],[150.053610498651892,-36.361903987519675],[150.053553496666382,-36.361863990514344],[150.053503495681241,-36.361812994509556],[150.053439492698402,-36.361761998503532],[150.0534174947081,-36.361715995501278],[150.053374494721908,-36.361664990497118],[150.053345496733442,-36.361613994494199],[150.053302487747203,-36.361562998490037],[150.053280490756947,-36.361516995487783],[150.053244490770425,-36.361459993484203],[150.053215492782783,-36.361403000481253],[150.053180488795249,-36.361351995477818],[150.053144488807931,-36.361300999474267],[150.053108489820687,-36.361248999470732],[150.053072490834836,-36.361186986467118],[150.053042487852139,-36.361094998463834],[150.053013490864458,-36.36103799646088],[150.052999488872814,-36.360992997459348],[150.052977499883383,-36.360940997457057],[150.052955484893005,-36.360895998454794],[150.052912483908386,-36.360833000450562],[150.052897478917686,-36.360782004448886],[150.052868488929363,-36.360730004445969],[150.052846482941248,-36.360668000443596],[150.052832489949765,-36.360621997442053],[150.052824484958762,-36.360565004440971],[150.052823472965201,-36.360519001440572],[150.052816480973377,-36.360467001439609],[150.052822477979333,-36.360416005439795],[150.05283647998337,-36.360370002440739],[150.052864473985181,-36.360323999442926],[150.052870479990446,-36.360277996443159],[150.052891473993355,-36.360232002444732],[150.052926478994863,-36.360180002447493],[150.052982476992895,-36.360128997452122],[150.053038474991041,-36.360076997456758],[150.053101473985805,-36.360041993462133],[150.053171464978561,-36.360012994468157],[150.053242467971273,-36.359983996474284],[150.053326460960335,-36.359965996481634],[150.053404465951871,-36.359936989488361],[150.053467464945129,-36.35991299249379],[150.053538459937784,-36.359883994499924],[150.053601458933315,-36.35984299250525],[150.053643454932882,-36.359796989508673],[150.053741457929817,-36.359704983516785],[150.053804456925235,-36.359664986522127],[150.053867446920009,-36.359629981527483],[150.053937446913608,-36.359594986533466],[150.053994448906167,-36.359582983538452],[150.05405743889861,-36.359564984543937],[150.054121440890043,-36.359552972549551],[150.054184448881699,-36.359540978555067],[150.054241441874098,-36.359529979560065],[150.054297439865309,-36.359528975565027],[150.054361442856788,-36.359516973570635],[150.054417440848709,-36.359510976575571],[150.054481444837847,-36.359515978581292],[150.054552439825727,-36.359521974587658],[150.054608437816967,-36.359520971592616],[150.054672439806126,-36.359525972598334],[150.054736433795938,-36.359525972604025],[150.054806433786439,-36.359513970610166],[150.054870436777094,-36.35950797361582],[150.054933435768021,-36.359500972621383],[150.054997428757844,-36.35950097262706],[150.055054430749607,-36.359494966632084],[150.055110428742324,-36.359482963636978],[150.055181432733491,-36.359464964643166],[150.055244431727402,-36.359435965648586],[150.055307430722848,-36.359395968653907],[150.055363429720984,-36.359343959658545],[150.055384422724728,-36.359291959660077],[150.055390419730003,-36.359245965660286],[150.055390419736256,-36.35919996266],[150.055396416742212,-36.359148966660186],[150.055388419751267,-36.359091964659093],[150.055381418758628,-36.359045961658182],[150.055366413768752,-36.358988959656465],[150.055358417776262,-36.358942965655444],[150.05533041378763,-36.358891960652635],[150.055294405800339,-36.358840963649101],[150.055244413815188,-36.358789958644309],[150.055187411829678,-36.358749961638978],[150.055129414846647,-36.358692959633444],[150.055072412862614,-36.358641963628045],[150.055015410876308,-36.358607963622759],[150.054951416892607,-36.35856297361677],[150.054894414907125,-36.358522967611449],[150.054837412920762,-36.358488966606153],[150.054780420932815,-36.358466969600933],[150.054723417947315,-36.358426971595613],[150.054659423962789,-36.358387969589671],[150.054602412974134,-36.358370973584485],[150.054531417987761,-36.358353969578069],[150.05447541999817,-36.358342970573013],[150.054411417007515,-36.358348976567356],[150.054355419014797,-36.358360969562462],[150.054291416021726,-36.358384975556945],[150.054214425030807,-36.358407977550257],[150.054157432039062,-36.358413973545225],[150.054086428049374,-36.358420974538966],[150.054016427058883,-36.358432977532829],[150.053952425067564,-36.358443976527205],[150.053889426076665,-36.358450968521645],[150.053832415084202,-36.358461984516644],[150.053762424093719,-36.358473978510503],[150.053691429103367,-36.35848598150428],[150.053620435114539,-36.358486985497983],[150.053564428121803,-36.358498988493089],[150.053508430129853,-36.358504985488139],[150.053451437139614,-36.358499983483043],[150.053323431162966,-36.358477985471531],[150.05326743217023,-36.358489988466616],[150.053182436183761,-36.358489988459063],[150.0531254341943,-36.358478989453936],[150.053069436205362,-36.358462979448838],[150.053005442217852,-36.358445993443063],[150.052934438229812,-36.358440991436709],[150.052877436238873,-36.35844099143165],[150.05281443725039,-36.358429992425975],[150.052757444260976,-36.358418993420834],[150.0527004432723,-36.358401997415655],[150.05264344128355,-36.358385997410487],[150.052572445299461,-36.358351996403947],[150.052515452313116,-36.358317996398661],[150.052451440328753,-36.358277999392705],[150.052394438343896,-36.358233008387352],[150.052351438359324,-36.358170001383108],[150.052293441378623,-36.358096003377469],[150.052279439386922,-36.358051004375938],[150.052271434394441,-36.358005001374906],[150.052292437397341,-36.357958998376475],[150.052298434402644,-36.357913003376709],[150.052305426407798,-36.35786700037702],[150.05233343840959,-36.3578209973792],[150.052346436413757,-36.357775003380063],[150.052367439417338,-36.357723998381594],[150.052388432420287,-36.357677995383149],[150.052394429426386,-36.357625995383351],[150.052407427433536,-36.357557994384045],[150.052407427439789,-36.357512000383743],[150.052406423447025,-36.357460000383298],[150.052406423453249,-36.357413997382999],[150.052398426462275,-36.357356995381906],[150.052369419475298,-36.35729500037894],[150.052340420486985,-36.357243000376009],[150.052304421499628,-36.357191995372474],[150.052204419529374,-36.357090003362906],[150.05214741754159,-36.357067001357692],[150.052091419552625,-36.357051001352609],[150.051977433573768,-36.357029003342326],[150.051920421585947,-36.357006001337112],[150.051806417613278,-36.356938001326526],[150.051749424626166,-36.356910006321293],[150.05169242264131,-36.356865007315932],[150.051642421656197,-36.356814002311154],[150.05159942167009,-36.356762002306979],[150.051563421683568,-36.356705009303404],[150.05152042069804,-36.356649011299218],[150.051505415707453,-36.356597011297538],[150.051498414714814,-36.356551008296606],[150.051526417716616,-36.3565050052988],[150.0515534177201,-36.356448003300805],[150.051581411721855,-36.356402009303004],[150.051644410717415,-36.35636100730833],[150.051707410713647,-36.356315004313622],[150.051770409708411,-36.356280000318982],[150.051834403702173,-36.356251001324488],[150.051890401701002,-36.356193999329079],[150.051960400696942,-36.356142000334962],[150.052023399691706,-36.35610699534034],[150.052065404691263,-36.356061001343768],[150.05209339969386,-36.356009001345903],[150.052120398695791,-36.355962998347998],[150.052120398702755,-36.355911993347654],[150.052119394709166,-36.355865999347259],[150.052112393717323,-36.355813999346303],[150.052090396726953,-36.355768999344043],[150.052047396740818,-36.355716999339883],[150.051990393753698,-36.355688996334635],[150.051926399767638,-36.355661001328762],[150.051862396780166,-36.355643997322957],[150.051806389790528,-36.355632998317915],[150.05174939680029,-36.355628005312816],[150.051692394809237,-36.355629000307758],[150.051629395820697,-36.355618001302076],[150.051565393831709,-36.355612004296347],[150.051501399843403,-36.355601014290592],[150.051437395856539,-36.355579008284771],[150.051366400872439,-36.355545007278231],[150.051309398886787,-36.355506005272915],[150.05125239689977,-36.355477016267656],[150.051195394914174,-36.355438004262339],[150.05113840193178,-36.355375005256853],[150.051038398961509,-36.355273013247292],[150.051002399974152,-36.35522200824375],[150.050966399986976,-36.355170008240215],[150.050930391999628,-36.355119012236656],[150.050887392014857,-36.35505700823245],[150.050843397030405,-36.354994009228115],[150.050800397044185,-36.354943013223959],[150.050772392055563,-36.354891999221138],[150.050721396070742,-36.35484000821625],[150.050664394085061,-36.354801015210953],[150.050608396097147,-36.354778013205809],[150.050551394108339,-36.354762012200638],[150.050487391120811,-36.35474501719483],[150.050430398129095,-36.354751014189823],[150.050374400136292,-36.354763016184926],[150.050297399142977,-36.354804018178342],[150.050233396148542,-36.354838018172877],[150.050177398150396,-36.354890018168248],[150.050136406149846,-36.354942018164955],[150.050101401149192,-36.354988021162143],[150.050066406146158,-36.355051020159451],[150.050038411143561,-36.355103020157301],[150.050018413139696,-36.355155020155877],[150.04998340813674,-36.355218019153178],[150.049956418132439,-36.355281018151203],[150.049900420128836,-36.355373024146822],[150.049858415129279,-36.355419018143408],[150.049823419128614,-36.355465021140589],[150.049789419126938,-36.355517021137921],[150.049747423127315,-36.355563033134487],[150.049683429134404,-36.355586026128947],[150.049620430141971,-36.35560402612348],[150.049556427149042,-36.35562702711794],[150.049500429156325,-36.355639030113046],[150.049437430163863,-36.355657030107572],[150.049380428171304,-36.355669033102593],[150.049324430178558,-36.355681027097681],[150.049267437188433,-36.355675030092584],[150.049203435203083,-36.355642033086674],[150.049139431218691,-36.355602027080728],[150.049089430234375,-36.355545034075902],[150.049053430247852,-36.355488032072337],[150.049038443256507,-36.355442038070706],[150.049009435268033,-36.355391033067782],[150.04899543327636,-36.355346034066251],[150.048966435288037,-36.35529403406332],[150.048951429297347,-36.355243029061661],[150.048929432307773,-36.35519203305936],[150.048914425318031,-36.355134036057635],[150.04890742432525,-36.355089037056722],[150.048892427333868,-36.355043034055093],[150.048870430345119,-36.354986032052757],[150.048870421351381,-36.35494002805244],[150.048848423362585,-36.354883035050115],[150.048833426371914,-36.354832030048456],[150.048825413380939,-36.354775028047356],[150.048825413387192,-36.354729034047047],[150.048810416398112,-36.354666035045312],[150.048795419407554,-36.354614035043632],[150.048795419415285,-36.354557033043257],[150.048773413426545,-36.354500032040917],[150.048758416435021,-36.354455032039297],[150.048743418443678,-36.354409029037654],[150.048722416453245,-36.354363035035483],[150.048700418462829,-36.354318036033241],[150.048671410474554,-36.354266036030317],[150.048649413484128,-36.354221037028069],[150.048613414496913,-36.354169046024523],[150.048570413510674,-36.354118032020359],[150.04851341152434,-36.354084031015084],[150.048457413536227,-36.354062034009957],[150.048393411547124,-36.354057032004242],[150.048322415554452,-36.354086038998112],[150.048196417566601,-36.354144035987311],[150.048161422565897,-36.354190039984509],[150.048098423570366,-36.354231031979175],[150.048056427570799,-36.354277043975749],[150.048028423568297,-36.354328039973602],[150.047994423565854,-36.354386036970951],[150.047938425562222,-36.354478042966598],[150.047917431557863,-36.354535044965111],[150.047897433553175,-36.354593041963703],[150.047883440548446,-36.354644046962797],[150.047870433543437,-36.35469604696199],[150.047863432535991,-36.354759045961785],[150.047864436527334,-36.354822053962287],[150.047858440520514,-36.354879046962139],[150.047844439516467,-36.354925040961191],[150.047845442509384,-36.354976045961614],[150.047845442501512,-36.355034042962011],[150.047853447494163,-36.355079041963009],[150.04785344748791,-36.355125044963309],[150.047861443478894,-36.355182046964408],[150.047855446472767,-36.355234046964213],[150.04784844546532,-36.355297045964008],[150.047842457458557,-36.355354047963857],[150.047828456453686,-36.355406047962958],[150.04781544944953,-36.355452041962096],[150.047808457444404,-36.355498045961781],[150.047795450440361,-36.355543044960925],[150.047781458434713,-36.355601050960054],[150.047782462427591,-36.355652037960489],[150.047740456421792,-36.355744043957365],[150.047699464420475,-36.3558020499541],[150.047671461418673,-36.355848052951927],[150.047622463418662,-36.355905045947956],[150.047559465423973,-36.355940050942586],[150.047496466427702,-36.355986044937289],[150.047447469429272,-36.356032056933238],[150.047383475436163,-36.356056052927705],[150.047327477443446,-36.356068055922812],[150.047263474452819,-36.356074052917172],[150.047199480462979,-36.356074052911488],[150.047143473473398,-36.356063054906443],[150.047086479482317,-36.356064058901381],[150.04702947749368,-36.356047053896191],[150.046973479504089,-36.356036054891156],[150.046909468518038,-36.35600806088528],[150.046852483529392,-36.355991055880111],[150.046795482541455,-36.355969057874908],[150.046738480554438,-36.355940059869631],[150.046682482565529,-36.355924058864559],[150.046625480576097,-36.355913059859432],[150.046568486587461,-36.355896064854242],[150.046511484598028,-36.355885065849115],[150.046455486608409,-36.355874057844062],[150.046398484620624,-36.355851065838849],[150.046334481633778,-36.355829067833021],[150.046270487648542,-36.35579506782711],[150.046213485662207,-36.355761066821813],[150.04612748468972,-36.355659065813498],[150.046091475703207,-36.355602063809918],[150.046069487712941,-36.355556069807676],[150.046026478726702,-36.355505064803502],[150.045990478739355,-36.355454068799979],[150.045947478753135,-36.355403063795798],[150.045897477769643,-36.355340064790965],[150.045854477785042,-36.355277066786719],[150.045811477798793,-36.35522606978256],[150.045789478809183,-36.355175064780276],[150.045760471820728,-36.355124068777357],[150.045738473831307,-36.355072068775065],[150.045709474843676,-36.355015066772111],[150.045680476855182,-36.354964070769199],[150.04565947386547,-36.354913065766993],[150.04563747687601,-36.354861065764702],[150.045629471885832,-36.354798066763571],[150.045621475894023,-36.354747070762514],[150.045614474901384,-36.354701067761596],[150.045613470908478,-36.354650071761171],[150.0456274819133,-36.354598062762072],[150.045626468919721,-36.354552068761691],[150.045654463923,-36.354495066763775],[150.04568946792449,-36.354443066766564],[150.045709466927576,-36.354397072768023],[150.045737460930042,-36.354346067770187],[150.045772464930849,-36.354299068772974],[150.04580746093302,-36.354242066775718],[150.045827458936088,-36.354196054777162],[150.045827458945467,-36.354127068776727],[150.045819454955279,-36.354064069775596],[150.045811458966625,-36.353990062774393],[150.045810453973047,-36.353944068774027],[150.04579645198217,-36.353893063772432],[150.045774453991896,-36.353847069770168],[150.045717452007892,-36.353796064764765],[150.045646449022144,-36.353774066758312],[150.04558245503236,-36.353774066752628],[150.045519456040722,-36.353786069747102],[150.045455453047651,-36.353810065741577],[150.045392454056866,-36.35381607173602],[150.045278450077973,-36.353794074725748],[150.045207455092367,-36.35377107271929],[150.045150462104374,-36.353749075714092],[150.045086450117594,-36.35372706870826],[150.045023460131489,-36.353698070702464],[150.044966458142738,-36.353682069697292],[150.044902464154433,-36.353671070691533],[150.044845462165796,-36.353654075686372],[150.044781460178967,-36.353632077680537],[150.044725462189348,-36.353621078675481],[150.044668468200712,-36.353604074670308],[150.044611466211279,-36.353593075665174],[150.04456846522109,-36.353571077661194],[150.044490470237406,-36.35354207965409],[150.044419466252521,-36.353514084647607],[150.044369465267408,-36.353463079642815],[150.044312463284172,-36.353406077637366],[150.044248469298964,-36.353372077631469],[150.044191467308707,-36.353367084626363],[150.044135468317592,-36.353367084621397],[150.044071466326159,-36.353379087615792],[150.044008458331405,-36.353414082610421],[150.043945477335882,-36.35345507560509],[150.043882478341231,-36.35348908459973],[150.043840473340879,-36.353541084596337],[150.043784475343386,-36.353588091591668],[150.043700482344263,-36.35368008958482],[150.04366548734356,-36.353726092582022],[150.043637483341769,-36.353772086579824],[150.043624486336114,-36.353829088579047],[150.043610484332078,-36.353875091578111],[150.043604487326803,-36.353921094577892],[150.043597486321659,-36.353967088577562],[150.04359849931538,-36.354012088577953],[150.043605491308057,-36.354058091578878],[150.043599494301901,-36.354110091578683],[150.043599494295819,-36.354155090578985],[150.043607490287485,-36.35420709058004],[150.043607490281261,-36.354253093580354],[150.043608494274963,-36.354298092580734],[150.043601502269809,-36.354344095580423],[150.043595496264544,-36.354390090580189],[150.043595496258291,-36.354436084580492],[150.043589499253017,-36.354482096580249],[150.043575497247474,-36.35453908957939],[150.043562500243297,-36.354585092578553],[150.043534505240729,-36.354637092576397],[150.043506502238927,-36.354683095574224],[150.043485508236017,-36.354729090572647],[150.043458509234057,-36.354775093570552],[150.043423513233364,-36.354821096567747],[150.043346513239356,-36.354867099561226],[150.043282510245604,-36.35489609855572],[150.043191525255338,-36.35493110254788],[150.043134514262761,-36.354943096542883],[150.043078517270004,-36.354955099537989],[150.043014523278572,-36.354967101532381],[150.04295852528665,-36.354973098527459],[150.042901523296393,-36.354968096522349],[150.042837520307387,-36.354962109516627],[150.04278152131846,-36.354946099511558],[150.042724519330648,-36.354923106506341],[150.042667526343479,-36.354895103501093],[150.042610524357997,-36.354855106495769],[150.042553531373983,-36.354804110490363],[150.04250352138888,-36.354753104485582],[150.042467522401495,-36.354702108482051],[150.042424521416052,-36.354645107477857],[150.042402524426478,-36.35459411047556],[150.042380517436214,-36.354548107473299],[150.042351519447777,-36.35449710247039],[150.042322519459447,-36.354445111467484],[150.042293512471758,-36.35438810946453],[150.042272518482832,-36.354331107462286],[150.042235515497993,-36.354263107458536],[150.042207520509351,-36.354212110455713],[150.042170517524596,-36.354143106451971],[150.042135513537062,-36.354092110448541],[150.042106514548635,-36.35404110544561],[150.042070515561392,-36.353989105442082],[150.042041517572926,-36.353938108439166],[150.042005517588706,-36.353864111435485],[150.041990511597334,-36.353818108433842],[150.041968513607742,-36.353767112431541],[150.041961512615075,-36.353721108430619],[150.041939505624725,-36.35367610942837],[150.0419105076395,-36.353601108425302],[150.041881508651045,-36.35355011242239],[150.041859511661471,-36.353499107420092],[150.041815507683964,-36.353385112415431],[150.041794504693513,-36.353339108413266],[150.041772506703921,-36.353288112410979],[150.041750500713675,-36.353242109408704],[150.041714501727938,-36.353179110405101],[150.041692503737551,-36.353134111402852],[150.041663504749096,-36.353083106399943],[150.041627505761852,-36.353031106396394],[150.04159950177322,-36.352980101393563],[150.041570502786413,-36.352917111390582],[150.041555496795695,-36.352866106388909],[150.041533499805467,-36.352820112386652],[150.041504500816984,-36.352769107383743],[150.041483489826561,-36.35272310438156],[150.041439494849044,-36.352609109376907],[150.041367495874312,-36.352507108369835],[150.041331496887096,-36.352455108366293],[150.04129549689975,-36.352404103362758],[150.041259497913217,-36.35234711035919],[150.041202495933021,-36.352268101353609],[150.041166495945788,-36.352216110350057],[150.041144488957002,-36.352159126347736],[150.041108489969673,-36.352108112344197],[150.041065488984259,-36.352051110339993],[150.040993491009516,-36.351949118332932],[150.040943490025199,-36.351892116328116],[150.040843488054975,-36.351790115318558],[150.040785491071233,-36.351738115313061],[150.040728489087201,-36.351687119307655],[150.040664485104998,-36.351631121301615],[150.040607492118653,-36.351597121296322],[150.040543489135757,-36.351546115290304],[150.040436486162804,-36.351472118280306],[150.040244487207161,-36.351370117262583],[150.040173492223744,-36.351331124256014],[150.040116490234283,-36.351320125250865],[150.040059478245666,-36.35130312024571],[150.040002494256214,-36.351292121240576],[150.039939495266907,-36.351287128234951],[150.039882502277464,-36.351276121229802],[150.039826495286349,-36.351276139224844],[150.039712491305835,-36.351266126214632],[150.039656493314737,-36.351266126209659],[150.039599500323703,-36.351267121204614],[150.039479500342736,-36.351267121193956],[150.039408505353919,-36.351268134187649],[150.039344501364724,-36.351263132181934],[150.039288503372006,-36.351275135177048],[150.03922450038138,-36.351281132171394],[150.039168502390254,-36.351281132166434],[150.039111509397713,-36.351293134161438],[150.039048510405308,-36.351311134155964],[150.038977507414273,-36.351328139149778],[150.038851509429406,-36.351364138138827],[150.038794516436155,-36.351381134133867],[150.038731517442898,-36.351405140128428],[150.038667514450765,-36.351422135122867],[150.038583521460851,-36.351446141115559],[150.03851251746741,-36.351481145109489],[150.038446524473784,-36.351511139103827],[150.038386519479531,-36.351539142098687],[150.038323521484841,-36.351574147093316],[150.038260531487765,-36.351626147088062],[150.038196537492524,-36.351666144082657],[150.038147531494047,-36.351712147078601],[150.03808453249701,-36.351764147073354],[150.038028534498864,-36.351816147068718],[150.037986538499297,-36.351862151065305],[150.037923539502231,-36.351914151060036],[150.037860540506699,-36.351955152054714],[150.037804542509349,-36.352001155050054],[150.03774154351396,-36.35204115204472],[150.037671542519519,-36.352082154038769],[150.037607549524097,-36.352123155033368],[150.037537549529816,-36.352163152027401],[150.037411551540316,-36.352233161016684],[150.037347557545758,-36.352268156011228],[150.037284558550368,-36.352308163005901],[150.037214559556759,-36.352343166999908],[150.037151569561303,-36.352383163994574],[150.0370885615649,-36.3524301629893],[150.037053566564254,-36.352476156986491],[150.037032563560672,-36.352527161984973],[150.036997568559997,-36.352573164982161],[150.03695557156027,-36.352620162978738],[150.036913566560742,-36.352666165975315],[150.036872573560998,-36.352712160971983],[150.036816575562824,-36.352764169967351],[150.036745571568702,-36.352804157961309],[150.036682581572478,-36.352850169956028],[150.036619583578414,-36.352880172950627],[150.036548579585769,-36.352909170944521],[150.03649258159237,-36.352926166939653],[150.036429582595986,-36.352973173934366],[150.036366583603694,-36.35299016992888],[150.036302589610642,-36.353014183923364],[150.036239591616692,-36.353043173917953],[150.036182589626577,-36.353037176912842],[150.036119589634126,-36.353055176907382],[150.035971593653585,-36.353085187894436],[150.03591460066184,-36.353091175889411],[150.035858593670753,-36.353091175884437],[150.03580160167968,-36.35309217987939],[150.035737598688996,-36.353098176873743],[150.035667598698524,-36.353110179867606],[150.035603604708712,-36.353110179861922],[150.03554760671679,-36.353116185856976],[150.03547660272713,-36.353123186850738],[150.035420603733712,-36.353140181845866],[150.035356601743075,-36.353146178840227],[150.035300603750358,-36.35315818183534],[150.035236609757277,-36.353182187829802],[150.035173610765668,-36.353194190824297],[150.035095614775742,-36.353211185817486],[150.03502561578361,-36.353235191811422],[150.034968613791023,-36.353247185806438],[150.034898613799044,-36.35327018680038],[150.034827618805622,-36.353305191794313],[150.034774623808744,-36.353344193789859],[150.034715622810097,-36.35340319478501],[150.034681622808449,-36.353455194782335],[150.034653627806676,-36.353501189780161],[150.034582624813993,-36.353530196774038],[150.034526626822924,-36.353530196769071],[150.034469633831833,-36.353531191763999],[150.034413626840745,-36.353531191759025],[150.034335630853803,-36.353526199752089],[150.034271627866985,-36.353504201746254],[150.034214634879135,-36.353481200741037],[150.034157633893642,-36.353441202735716],[150.034100631908785,-36.353396203730355],[150.034043629923303,-36.353356197725027],[150.034007629935928,-36.353305201721497],[150.03398563294553,-36.353260202719248],[150.033971621954009,-36.353214199717698],[150.033963634962362,-36.35316219971665],[150.033948628971643,-36.353111203714981],[150.033934627980102,-36.353065200713431],[150.033919630989431,-36.353014204711762],[150.033911625998428,-36.352957202710677],[150.033911626004681,-36.352911189710376],[150.03390362101365,-36.352854196709274],[150.033902626022382,-36.352791198708779],[150.033909636028341,-36.352739198709067],[150.033901622037348,-36.352682196707974],[150.03390862304397,-36.352625203708207],[150.03390761905186,-36.352568201707747],[150.033913616057106,-36.352522197707984],[150.033906614064506,-36.352476203707056],[150.033927617067377,-36.352430200708611],[150.033933614074158,-36.352373198708761],[150.033954616077921,-36.352321198710285],[150.033960613083877,-36.352270193710481],[150.033981607088407,-36.352212196711967],[150.0339876130937,-36.3521661937122],[150.034015607095483,-36.352120199714385],[150.034021604101468,-36.352069184714573],[150.03404960810326,-36.35202319971674],[150.034070601106976,-36.351971199718278],[150.034076598112904,-36.351920194718467],[150.034104602115519,-36.351868194720616],[150.034125595119235,-36.351816194722133],[150.0341455941238,-36.351759192723534],[150.03416659612671,-36.351713189725075],[150.034180589130727,-36.351667194726033],[150.034193596134912,-36.351621191726892],[150.034228591138685,-36.351552195729532],[150.034241589144386,-36.351495193730308],[150.034255591149901,-36.351438191731177],[150.034268589154067,-36.351392188732028],[150.034282590158085,-36.351346194732962],[150.034296583162899,-36.351294194733875],[150.034316582165985,-36.351248191735344],[150.034337584168867,-36.351202188736913],[150.034351586172733,-36.351157188737844],[150.034364584177752,-36.35110518873865],[150.034378577183247,-36.351048186739533],[150.03438457418855,-36.351002192739749],[150.034391574193677,-36.350956189740067],[150.034397571200458,-36.350899178740228],[150.034404581206388,-36.350847187740513],[150.034410569213975,-36.350784188740612],[150.034424571218693,-36.350733183741525],[150.034430568225616,-36.350675186741675],[150.034437569231414,-36.350624190741954],[150.034436565243254,-36.3505381897413],[150.034428569250764,-36.350492186740283],[150.034428569257017,-36.35044618373999],[150.034420564264366,-36.350401184738978],[150.03442756526951,-36.3503551907393],[150.034426561275922,-36.350309186738905],[150.03441156428454,-36.350263183737269],[150.034404563292554,-36.350212187736304],[150.0343895583012,-36.350166184734668],[150.034374561309676,-36.350121185733038],[150.034345562322017,-36.350064183730083],[150.034331561330504,-36.350018189728544],[150.034309545340903,-36.34996718472626],[150.034287556352979,-36.349904185723886],[150.034272560361586,-36.349858182722258],[150.034265559368947,-36.349812197721327],[150.034257554377945,-36.349755186720238],[150.034257554384197,-36.349709183719931],[150.03425655039041,-36.349664183719547],[150.034263551396407,-36.34961218371982],[150.034269548401682,-36.349566189720051],[150.034276549407508,-36.349515184720339],[150.034282546414403,-36.349457187720496],[150.034281542421496,-36.349406182720045],[150.034281542428545,-36.349354191719705],[150.034295543432535,-36.349308188720649],[150.034294548438794,-36.349263180720264],[150.034293544445234,-36.34921718571988],[150.034300536451155,-36.349165194720136],[150.034299541457443,-36.349120186719766],[150.034292540464804,-36.349074183718855],[150.034291545472684,-36.349017181718381],[150.034284536481664,-36.348959184717373],[150.034283532487962,-36.348914185716978],[150.034282528495936,-36.348856179716513],[150.034268535504282,-36.348811180714982],[150.034260530511801,-36.348765186713962],[150.034245533520448,-36.34871918271233],[150.034224531529873,-36.348674183710166],[150.034202533539627,-36.348628180707905],[150.034166534553066,-36.348571187704337],[150.034144527562688,-36.348526179702077],[150.034022527602957,-36.348372187690217],[150.033965525618925,-36.348321182684835],[150.033851531646263,-36.348253182674256],[150.033795533657496,-36.348236186669176],[150.033738531668718,-36.348220186664008],[150.033681529677779,-36.348220186658942],[150.033618530685345,-36.348238186653475],[150.033561537692123,-36.348255190648523],[150.033498538698183,-36.348284189643124],[150.033442540700833,-36.34833019263845],[150.033379541704477,-36.348377191633169],[150.033316542709855,-36.348411191627811],[150.033260544712391,-36.348458198623135],[150.033196541717132,-36.348498196617726],[150.033056551731505,-36.348556202605678],[150.032992548738434,-36.348580199600157],[150.032929549746171,-36.348597204594668],[150.032865555756189,-36.348598190588987],[150.032802557765393,-36.348604196583445],[150.03274555577363,-36.348610211578418],[150.032689557781708,-36.348616199573499],[150.032632555791452,-36.348611206568386],[150.032575562800361,-36.348612201563334],[150.032512563812702,-36.348595205557636],[150.032455561824889,-36.348572204552426],[150.032391558839691,-36.348538204546514],[150.032334565853205,-36.34850520754123],[150.03227756386849,-36.348459204535864],[150.03223456388227,-36.348408208531716],[150.03221255589267,-36.348357212529415],[150.032183557905,-36.348300219526479],[150.032154559916677,-36.348248211523554],[150.032125560928193,-36.348197206520652],[150.032104557937799,-36.348151211518477],[150.032089552946303,-36.348106212516853],[150.032060553957933,-36.348054212513922],[150.032031555970292,-36.347997210510968],[150.032009557981524,-36.347940209508643],[150.031994551990806,-36.347889212506978],[150.031987542998166,-36.34784320950606],[150.031993548003442,-36.347797206506279],[150.031993548009552,-36.347752207505984],[150.031992553015954,-36.347706213505596],[150.031992545023684,-36.347649211505228],[150.031991550030114,-36.347603208504822],[150.03199855003669,-36.347546206505072],[150.032011548040884,-36.347500212505921],[150.03201854004601,-36.347454208506228],[150.032032542050018,-36.347408205507172],[150.032045540054213,-36.34736221150802],[150.032059541059709,-36.347305209508889],[150.032072539065524,-36.34724720350966],[150.032079540070526,-36.347202204509983],[150.03209953007439,-36.347150204511415],[150.032127533082445,-36.347058206513296],[150.032140531087265,-36.34700720151411],[150.032147532092409,-36.346961207514425],[150.032167530095478,-36.346915204515909],[150.032188533099173,-36.346863204517426],[150.032209527103589,-36.346806202518906],[150.032243527106743,-36.346743212521517],[150.032271522108516,-36.346697200523693],[150.032299525110318,-36.346651205525873],[150.032334520111789,-36.346599205528641],[150.03236852111263,-36.346553202531354],[150.032403516113334,-36.346507199534159],[150.032424519117882,-36.346449202535638],[150.032452513119637,-36.346403199537818],[150.032472512122695,-36.346357195539291],[150.032479513127669,-36.346312196539621],[150.032485510133,-36.346266202539837],[150.032485510139225,-36.346220208539542],[150.032484506145607,-36.346174196539152],[150.032498507149626,-36.346128202540079],[150.032505508154628,-36.346083202540413],[150.032511505159931,-36.346037199540639],[150.032518506165843,-36.34598519954092],[150.032545506170123,-36.345922200542887],[150.032566499173839,-36.345870200544418],[150.032579497178034,-36.345824188545258],[150.032572496185225,-36.345779198544342],[150.032536497197981,-36.345727198540814],[150.032479504206123,-36.345734199535798],[150.032423506208744,-36.345780202531131],[150.032403507205004,-36.345831198529687],[150.03237550420323,-36.345877201527507],[150.032340508201742,-36.345929202524744],[150.032320519196361,-36.345992200523384],[150.032299507193471,-36.346038204521811],[150.032264512192825,-36.346084189519011],[150.032251514187806,-36.346136198518209],[150.032223510186014,-36.346182201516037],[150.03217451318676,-36.346234201512011],[150.03213951818455,-36.346291212509293],[150.032097522184216,-36.346343204505906],[150.03206352118255,-36.346395204503231],[150.032021525182984,-36.346441207499808],[150.031972528183701,-36.34649320749579],[150.031923531182144,-36.346562203491899],[150.031874534182833,-36.346614212487907],[150.031818536184716,-36.346666212483264],[150.0317555371916,-36.34668921447782],[150.031698535198217,-36.3467072144729],[150.031642537206324,-36.346713211467943],[150.031585544214551,-36.346719217462933],[150.031529537223435,-36.346719217457967],[150.031472535232353,-36.346720212452908],[150.031409536243217,-36.346714215447285],[150.031345542253234,-36.346715220441602],[150.031288540262324,-36.346715220436536],[150.031225542272978,-36.346710218430921],[150.031168540283545,-36.346699228425784],[150.031111547294898,-36.346682215420607],[150.031071531300995,-36.346684223417064],[150.030991546313828,-36.346683219409961],[150.030956542313163,-36.346729222407156],[150.030893552318446,-36.346764218401802],[150.030823552324023,-36.346805219395854],[150.030759549330241,-36.346834227390367],[150.030696559334814,-36.346874224385026],[150.030633560341556,-36.346898230379594],[150.030569558347821,-36.346927228374106],[150.030506559353881,-36.346956218368703],[150.030471563353217,-36.347002230365895],[150.030444564351257,-36.347048234363804],[150.030360562352087,-36.34714023135696],[150.030304564354793,-36.3471862343523],[150.030240571359371,-36.347227236346882],[150.030199569359667,-36.347273230343546],[150.030143571361521,-36.347325230338903],[150.030086578364347,-36.347371233334172],[150.030030580366997,-36.347417228329491],[150.029883580371632,-36.347555237317351],[150.029813589375721,-36.34760723831149],[150.029743590381287,-36.347648239305542],[150.029680591388825,-36.347666239300068],[150.02960959639617,-36.347695255293957],[150.029539596405698,-36.347707240287832],[150.029468593412247,-36.347742245281758],[150.029398593418733,-36.347776245275767],[150.029335603425523,-36.347800242270331],[150.029264599431343,-36.347840248264291],[150.029208601433879,-36.347887256259632],[150.029110607436962,-36.347979253251545],[150.02910160743636,-36.347994250250842],[150.029083608435002,-36.348025247249453],[150.029076607429914,-36.348071251249138],[150.029077611423645,-36.348116250249511],[150.029070610418501,-36.3481622532492],[150.029071614411293,-36.34821425324963],[150.029071614404359,-36.34826524924997],[150.029086611395741,-36.348311252251612],[150.029101616386441,-36.34836224825326],[150.029144616372548,-36.348414248257434],[150.029194626357707,-36.348465253262212],[150.029250607345801,-36.348487250267318],[150.029307617336059,-36.348492252272429],[150.029364610324706,-36.34850924827758],[150.029442606309175,-36.348532249284666],[150.029506609297528,-36.348543248290419],[150.029562607288767,-36.348542244295395],[150.029619609280502,-36.348536247300409],[150.029682608271315,-36.348530241305959],[150.029739610262368,-36.348529246311017],[150.029795608253494,-36.348529245315994],[150.029873594237301,-36.348557240323089],[150.02993760622644,-36.348562242328804],[150.029994590215864,-36.348573240333941],[150.030058602203411,-36.348590236339739],[150.030114600192206,-36.348607240344819],[150.030171602180133,-36.348629238350021],[150.030228604168769,-36.348646242355194],[150.030285597155938,-36.348674237360449],[150.030342599143097,-36.348702222365695],[150.030399601128579,-36.348742237371013],[150.030456602114896,-36.348776228376302],[150.030502292102739,-36.348812649380584],[150.030502453102656,-36.348812774380605],[150.03052059609783,-36.348827233382316],[150.030570597082942,-36.348878229387097],[150.030613598069209,-36.348929234391242],[150.030649597056424,-36.348981234394792],[150.030706590041291,-36.349026233400139],[150.030735597029746,-36.349077229403051],[150.030771606017083,-36.349128234406585],[150.03081460600319,-36.349180234410746],[150.030836602993617,-36.349225242412999],[150.030843603986256,-36.349271227413922],[150.030865601975847,-36.34932223341621],[150.030873606968328,-36.34936822741723],[150.030873606960597,-36.349425229417605],[150.030888603951126,-36.349477229419279],[150.030888603945016,-36.34952222841958],[150.030896607937507,-36.349568231420591],[150.030897611931152,-36.349614234420976],[150.030883610925599,-36.349671236420114],[150.030884614918421,-36.349723227420561],[150.030877613913304,-36.349769230420229],[150.030869626910771,-36.349797234419704],[150.030836611907461,-36.349860233417189],[150.030822619902636,-36.349912233416305],[150.030801625899699,-36.349958236414729],[150.030774617897777,-36.350004230412644],[150.030753623894839,-36.350050233411089],[150.030697625891293,-36.350142231406728],[150.030663625889645,-36.350194231404046],[150.030628629888923,-36.350240234401234],[150.030572631891602,-36.350286237396574],[150.03050963289374,-36.350344234391365],[150.030453634896418,-36.350390238386694],[150.030404637897988,-36.350436241382646],[150.030340634904206,-36.350465239377158],[150.030277636908664,-36.350506241371853],[150.030214637914042,-36.35054024136646],[150.030151638920785,-36.350564247361035],[150.030073642928471,-36.350599242354335],[150.030003643934151,-36.35063924934839],[150.02994064493862,-36.350680241343071],[150.029898647939035,-36.35072624433964],[150.029877654936172,-36.350772247338085],[150.029863652931425,-36.350823244337171],[150.029864656925071,-36.350869247337577],[150.029865633924516,-36.350872250337687],[150.029879653916424,-36.350915241339209],[150.029900655906175,-36.3509662463414],[150.029915652897557,-36.35101224934305],[150.029972654884659,-36.351040243348294],[150.030029656872614,-36.3510622503535],[150.030086649861971,-36.351074244358628],[150.03014265685087,-36.351090244363718],[150.030206650839233,-36.351101234369473],[150.03027064482589,-36.351124244375292],[150.030334647813561,-36.351140245381089],[150.030391639801394,-36.351163246386292],[150.030447646790179,-36.351180242391386],[150.030504649778976,-36.351196243396537],[150.03056865276568,-36.351219226402385],[150.030625645753588,-36.351241241407592],[150.030682647741429,-36.351264234412803],[150.030746650726002,-36.351303236418744],[150.030803643711465,-36.351343224424056],[150.030860645699448,-36.351365240429281],[150.030974649670469,-36.351445234439922],[150.031038643651073,-36.351513235446049],[150.031102645635627,-36.351552237452005],[150.031166648618353,-36.351604228458022],[150.031202648605728,-36.351655233461543],[150.031245648591948,-36.351706229465712],[150.031281647579306,-36.351757234469233],[150.031296644570716,-36.351803228470864],[150.031332652557239,-36.351860239474441],[150.031361651544898,-36.351917232477405],[150.031368652537566,-36.351963226478318],[150.03139064952714,-36.352014231480617],[150.031405655518483,-36.352060234482252],[150.031412656511293,-36.352105233483165],[150.031413651504863,-36.352151227483567],[150.031406659499766,-36.352197230483242],[150.031400653494472,-36.352243234483019],[150.031379659491563,-36.352289228481467],[150.031366662486704,-36.352340233480632],[150.031338658478688,-36.352432230478755],[150.031311659476728,-36.352478233476667],[150.031290665473023,-36.352530234475147],[150.031255670472319,-36.352576237472334],[150.03123466746942,-36.352622231470775],[150.031200667467914,-36.3526732364681],[150.031136664473365,-36.352708231462643],[150.0310666734797,-36.352743236456654],[150.031003674487295,-36.352761236451194],[150.030946672494736,-36.352773230446211],[150.030868677505509,-36.352785242439367],[150.0307986775166,-36.35278524243315],[150.030741675523274,-36.352803241428212],[150.030685677530499,-36.352815244423311],[150.0306296795371,-36.352832240418458],[150.030572686544531,-36.352844252413469],[150.030509687551444,-36.352867245408035],[150.030453689553269,-36.352919245403413],[150.030382685558209,-36.352966243397418],[150.030334692559592,-36.353012246393455],[150.030292696560025,-36.353058249390045],[150.03025069156044,-36.353104253386597],[150.03022969755753,-36.353150247385038],[150.03021569555284,-36.353201252384146],[150.030209690547565,-36.353247246383916],[150.030216699540233,-36.353293249384826],[150.030231696531587,-36.353339252386469],[150.03025370352114,-36.353390248388777],[150.030296703507418,-36.353441244392918],[150.030360697489499,-36.353498246398985],[150.030417699473503,-36.353549251404381],[150.030474701459013,-36.353589248409698],[150.03053170344532,-36.35362324941498],[150.030588696432517,-36.353651243420231],[150.030652698417725,-36.353685243426121],[150.030709700403349,-36.353724245431451],[150.030766702388064,-36.353770239436827],[150.030816703373205,-36.35382124444159],[150.030873696357986,-36.353866243446952],[150.030916697344253,-36.353917239451107],[150.030952696331497,-36.353969240454639],[150.03098870431802,-36.354026241458214],[150.030996700309856,-36.354077237459265],[150.031004705301513,-36.354129246460303],[150.031011706294294,-36.354174237461223],[150.031012701287864,-36.354220240461629],[150.031012701280815,-36.354272240461974],[150.030999703275967,-36.354323245461153],[150.030978709272262,-36.354375245459636],[150.030957707269351,-36.354421239458063],[150.030930698267383,-36.354467242455989],[150.03086770827116,-36.354513246450701],[150.030811711273827,-36.354559249446027],[150.030747717278473,-36.354600250440612],[150.030684718283851,-36.354634250435254],[150.030621719291418,-36.354652241429768],[150.030564726298877,-36.354664244424782],[150.030508719306937,-36.354670250419865],[150.030451726314396,-36.354682253414879],[150.030395728321679,-36.354694247409981],[150.030338726329063,-36.354706250405016],[150.030275727337482,-36.354718253399476],[150.030211733346022,-36.354730255393903],[150.03015572635411,-36.354736252388953],[150.030084732363775,-36.354748255382731],[150.030021733372934,-36.354754252377198],[150.029964731381199,-36.354760258372153],[150.029908733390101,-36.354760258367186],[150.029844739397845,-36.354778258361627],[150.029781740406264,-36.354790261356115],[150.029724738415325,-36.354790261351049],[150.029667736424244,-36.354791247346],[150.029611738432322,-36.354797253341061],[150.029554745441374,-36.354797253335995],[150.029498747450134,-36.354798266331045],[150.029441745459167,-36.354798266325986],[150.029385747467273,-36.354804263321057],[150.029321754478957,-36.354793264315305],[150.029264743489534,-36.35478226631016],[150.029200749501172,-36.354771267304422],[150.029144751511581,-36.354760268299366],[150.029087749523626,-36.35473827129416],[150.029030747536495,-36.354710267288915],[150.028973754550151,-36.354676258283625],[150.028909751562651,-36.354659271277839],[150.028845748575804,-36.354637274272008],[150.028789750587805,-36.354614272266893],[150.02873274859985,-36.354592275261687],[150.028561752633976,-36.354541270246166],[150.028505754644385,-36.354530271241117],[150.028441769656695,-36.354514271235338],[150.028377757669205,-36.354497275229541],[150.028320755679744,-36.35448627722441],[150.028257756691232,-36.35447527821875],[150.02820075470342,-36.354452276213543],[150.02814376071467,-36.354436276208368],[150.028079757728676,-36.354408281202495],[150.028022755740864,-36.354385280197285],[150.027965762752189,-36.354368284192113],[150.02790276476523,-36.354346278186377],[150.027845762778043,-36.354318283181144],[150.027788751790268,-36.354295282175919],[150.027724766803402,-36.354273284170098],[150.027667755816253,-36.354245272164853],[150.027603761828772,-36.35422828515906],[150.027547763839152,-36.354217287154022],[150.02749076184972,-36.354206288148887],[150.027433768858742,-36.354206288143835],[150.027369765871128,-36.354190287138024],[150.027306767881953,-36.354184291132391],[150.027192772901373,-36.35417428712222],[150.02713677491343,-36.354151294117095],[150.027079772925475,-36.354129288111892],[150.027008768941386,-36.354095288105363],[150.026958767956273,-36.354044292100582],[150.026901774970725,-36.354004295095258],[150.026843777986869,-36.353953290089784],[150.026779775003973,-36.35390229408376],[150.026722782018481,-36.353862297078436],[150.026651778035017,-36.353823294071866],[150.026587776049809,-36.353789294065976],[150.026530783063492,-36.35375529406069],[150.026473772074041,-36.353744295055549],[150.026417774081324,-36.353756298050669],[150.02635378008921,-36.353773303045095],[150.026335780089596,-36.353791302043618],[150.026304783090609,-36.353820292041057],[150.026298777085486,-36.353865300040816],[150.026291794079498,-36.35391730004055],[150.026306782070861,-36.353963303042178],[150.026321779062414,-36.354008302043809],[150.026335780053927,-36.354054296045348],[150.026350777045309,-36.354100300046994],[150.026372784034919,-36.354151296049288],[150.026386785026432,-36.354197299050831],[150.026437781011367,-36.354248304055695],[150.026473789997937,-36.354305296059266],[150.026530782982746,-36.354350296064617],[150.026587784969081,-36.354384296069902],[150.026644786953113,-36.354435301075299],[150.026708788939146,-36.35446329508116],[150.026765781926969,-36.354486297086368],[150.026821779915764,-36.354503292091465],[150.026878781905225,-36.354514282096588],[150.026942784891219,-36.354542294102458],[150.027006778878047,-36.354564292108293],[150.027070781863301,-36.354598292114197],[150.027127783850432,-36.354626295119424],[150.027191777837118,-36.354649288125266],[150.027248788824267,-36.354677291130507],[150.027305780810565,-36.354711292135804],[150.027369783795791,-36.3547452921417],[150.02742578178308,-36.354773286146852],[150.02748277477022,-36.35480129015211],[150.027539776758175,-36.354823287157295],[150.027596778744538,-36.354857287162595],[150.027653780733147,-36.354874283167753],[150.027710773720315,-36.354902286173015],[150.027774777704678,-36.354942284178954],[150.027831779691837,-36.354970287184194],[150.02790277467443,-36.355015286190806],[150.027959776663067,-36.355032282195971],[150.028023778648276,-36.355066282201875],[150.028080771633796,-36.355106279207199],[150.028158776616124,-36.355145281214384],[150.028222770602127,-36.355173276220242],[150.028286773587325,-36.355207276226153],[150.02835077557171,-36.355247273232109],[150.028407768558878,-36.35527527723734],[150.028464770542882,-36.355326264242734],[150.028528773527285,-36.355366279248685],[150.028585775513591,-36.35540027025398],[150.028642777499272,-36.355439272259289],[150.028706771483684,-36.355479269265238],[150.028763773470786,-36.355507273270476],[150.028820775456325,-36.3555472702758],[150.028898770439412,-36.355580275282939],[150.028955772425775,-36.355614266288235],[150.029019766412489,-36.355637268294068],[150.029133770386721,-36.355693266304549],[150.029197764372782,-36.355721269310415],[150.029254766359912,-36.355749264315662],[150.029311768344598,-36.355795267321028],[150.029368770333207,-36.355812262326197],[150.029432764319239,-36.355840275332071],[150.029489766304891,-36.355879268337389],[150.029553768291606,-36.355902260343214],[150.029609766278895,-36.355930264348373],[150.029673760264103,-36.355964273354289],[150.029737763250949,-36.355986262360105],[150.029794756238118,-36.356014265365353],[150.029851767225892,-36.356037258370563],[150.029922762212294,-36.356054262376979],[150.029993765196537,-36.356087258383504],[150.030057759184047,-36.356104254389287],[150.030121762172399,-36.356115262395058],[150.03017776016199,-36.356126261400085],[150.030234762153725,-36.356120255405109],[150.030290760145647,-36.356114258410052],[150.030368755134077,-36.356108252416931],[150.03043975012443,-36.356096258423143],[150.030502749117659,-36.356072252428596],[150.030559751110928,-36.356055256433542],[150.030629751103703,-36.356026249439566],[150.030692750097757,-36.355996246444946],[150.030755748093156,-36.35595624945028],[150.030811746090535,-36.35591024645494],[150.030853743090091,-36.355864252458382],[150.03091773608628,-36.355817244463744],[150.031043743078726,-36.355725247474325],[150.031106733074267,-36.355684246479647],[150.031169732068889,-36.355650245485023],[150.031233726062652,-36.355621256490508],[150.031296725056677,-36.355591244495905],[150.031359723048979,-36.355574239501394],[150.03142372604205,-36.355550252506909],[150.031479724033971,-36.35554424651184],[150.031536717025716,-36.35553823151686],[150.031586727010875,-36.355589236521638],[150.031579726005731,-36.355635239521312],[150.031544722005037,-36.355681242518514],[150.031495725006607,-36.355727227514464],[150.031439727008433,-36.355779236509839],[150.031362744015894,-36.355814241503232],[150.031299736022021,-36.35584323949783],[150.031235743027452,-36.355878253492378],[150.03116573403301,-36.355919245486433],[150.031109736035688,-36.355965248481766],[150.031039745040545,-36.356011243475855],[150.030976746044331,-36.356057246470577],[150.030941742042842,-36.35610924646781],[150.030913747041041,-36.356155249465623],[150.030878752039541,-36.356207249462862],[150.030844752038718,-36.356253252460142],[150.030837751033573,-36.35629924745983],[150.030809756031829,-36.356345250457643],[150.030796750026923,-36.356396246456825],[150.030768755018926,-36.356488252454959],[150.030748748015839,-36.356534264453479],[150.030727763012123,-36.356586255451958],[150.030706760008542,-36.356637251450429],[150.030693762004375,-36.356683255449589],[150.030672760001465,-36.35672924944803],[150.030652760997611,-36.356781249446591],[150.030624766995771,-36.356827252444404],[150.030589770995135,-36.356873255441613],[150.03054776599555,-36.356919258438182],[150.030512761993378,-36.356976251435448],[150.030485770990651,-36.357028252433409],[150.030450766989958,-36.357074255430589],[150.030401778991489,-36.357120258426555],[150.030352781992235,-36.357172258422537],[150.030296783994913,-36.357218261417884],[150.030052632005862,-36.357423501397555],[150.029738417031382,-36.357603740370841],[150.029308102073287,-36.357799029333947],[150.028822819129687,-36.357952278291876],[150.028225835207905,-36.358075282239689],[150.027539858298212,-36.358213292179691],[150.027047861351122,-36.358400299137287],[150.026579430385766,-36.358693780097639],[150.026201885413712,-36.35893031306567],[150.025349913471842,-36.359500322993824],[150.024587948516086,-36.360067330929944],[150.023869970556035,-36.360614339869834],[150.023447686574855,-36.360970487834699],[150.023237991584239,-36.361147346817269],[150.022679007603671,-36.361659360771021],[150.022309029602667,-36.362100361741113],[150.02204304159369,-36.362478363719994],[150.021640057609744,-36.362832368686568],[150.021188075642982,-36.363117378648333],[150.020644088681735,-36.363469385602379],[150.020118109722802,-36.363783394557792],[150.019738118753651,-36.364001398525517],[150.019363129783983,-36.364217403493655],[150.019022139822368,-36.364334409464178],[150.018673144878534,-36.364329417433176],[150.018345153935883,-36.364291418403823],[150.018003160989451,-36.364297424373511],[150.017635171043622,-36.364329426341079],[150.017114177118913,-36.364385433295226],[150.016641201187866,-36.364431436253568],[150.016143199257868,-36.364499446209827],[150.015681214321603,-36.364571453169319],[150.015245224382255,-36.364635456131055],[150.014796228443373,-36.364711462091719],[150.014410239500677,-36.364741465057683],[150.01397124756727,-36.364765470018888],[150.013368258655078,-36.364825465965787],[150.012884266725109,-36.364876488923194],[150.012335286796002,-36.364997493875293],[150.011702295884248,-36.365089499819753],[150.011126306970993,-36.365125508768891],[150.01061831805012,-36.365137511723923],[150.010067330133211,-36.365171520675283],[150.009509340213668,-36.365232529626176],[150.009065356274419,-36.36530554158729],[150.008556363348447,-36.365356537542475],[150.00805937342318,-36.365388538498607],[150.00749438350897,-36.365418550448695],[150.007011395582026,-36.365446554406049],[150.006478406664598,-36.365462563358889],[150.006011419729134,-36.365534571317951],[150.005501432802504,-36.365591573273093],[150.00509443187201,-36.365556578236777],[150.004721441949499,-36.365422585202808],[150.004515441011591,-36.365206589183117],[150.004479432038181,-36.365052588178905],[150.004469437054553,-36.364943586177304],[150.004448426087009,-36.364728585174021],[150.004385427136782,-36.364435588166508],[150.004293421194006,-36.364121589156277],[150.004256417240924,-36.363818589150988],[150.004251407287313,-36.363482583148325],[150.004253397334537,-36.363131590146189],[150.00423639238349,-36.362790582142424],[150.00424738242117,-36.362499585141478],[150.004277374457899,-36.362193582142119],[150.004323368489366,-36.361907586144305],[150.004362362530571,-36.361557579145448],[150.004414353568677,-36.361215585147811],[150.004460347610035,-36.360856578149509],[150.004497332652818,-36.360497579150419],[150.004515332689493,-36.360205578150079],[150.00450132073334,-36.359898579146829],[150.004435319786296,-36.35958557413889],[150.004335316839445,-36.359310577128213],[150.004175309901655,-36.359039577112235],[150.004018305959676,-36.3587955770967],[150.00375130505472,-36.358407579070459],[150.00353630412863,-36.35811458204946],[150.003309300202432,-36.357836581027506],[150.003082296282003,-36.357515581005252],[150.002844294358908,-36.35722758498224],[150.00262329643698,-36.356910581960548],[150.002367294520809,-36.356592584935747],[150.002099289591911,-36.356382584910591],[150.001789296663418,-36.356218588882037],[150.001491299719504,-36.356154594855191],[150.001214312768298,-36.3561195998304],[150.00092330681764,-36.356096597804445],[149.999760330029176,-36.355900618700048],[149.99909933615433,-36.35575262364047],[149.998487349267776,-36.355633626585423],[149.998430347278457,-36.355621632580295],[149.998051359352019,-36.355523638546053],[149.997742362414954,-36.355421636517995],[149.997218365531211,-36.35517864946992],[149.997170363547525,-36.355114646465232],[149.997107364560776,-36.355090641459498],[149.99704437457865,-36.355032644453537],[149.996961367598232,-36.354985645445865],[149.996732366660808,-36.354792650424294],[149.996108033819269,-36.354355718366065],[149.996052053833751,-36.354314600360844],[149.996013276843769,-36.354286122357202],[149.995704368924265,-36.354054653328291],[149.995461373991361,-36.353844654305369],[149.995248382058918,-36.353595652284838],[149.995207372071832,-36.3535486622809],[149.994979373138023,-36.353327664259226],[149.994854370168326,-36.353250663247636],[149.994588374226623,-36.353132661223285],[149.994370379267252,-36.353088666203675],[149.994243377287688,-36.353086667192393],[149.994165383299588,-36.353090674185523],[149.993958386323527,-36.353156676167607],[149.993900389326654,-36.353201675162765],[149.993790392325053,-36.353342679153933],[149.993694397314187,-36.353535674146698],[149.993621405280237,-36.353871681142465],[149.993623412253527,-36.35406668414393],[149.993665418202539,-36.354393673149808],[149.993728424152835,-36.354686689157326],[149.993741422144524,-36.35473268315878],[149.993867429078591,-36.355071684172188],[149.994009436019155,-36.355343687186569],[149.994180432965294,-36.355540680203035],[149.994388432905367,-36.355738686222772],[149.994804432798048,-36.356042682261645],[149.994866427777879,-36.356118670267669],[149.995122429706441,-36.356345674291845],[149.995336434640819,-36.356578676312346],[149.995458434596316,-36.356763675324402],[149.995571434537879,-36.357062678336376],[149.99556943552966,-36.357125677336612],[149.99562144449726,-36.357303675342401],[149.995645440467825,-36.357492672345778],[149.995638448433198,-36.357756680346903],[149.995630452428372,-36.357801680346498],[149.995596461363306,-36.358321682346919],[149.995570466345782,-36.358481680345669],[149.995474471335569,-36.358669682338387],[149.99536447433556,-36.358798683329496],[149.995197484339229,-36.358967691315819],[149.995126490346024,-36.359000687309738],[149.995067489347065,-36.359062692304917],[149.99485250736376,-36.359191693286718],[149.994702503378647,-36.359257695273861],[149.994366506415844,-36.359377705244874],[149.994216512433098,-36.359426702231893],[149.994060522453537,-36.359458704218277],[149.993393530550975,-36.359522716159582],[149.993259538572659,-36.359519714147702],[149.992857539642841,-36.359473720111751],[149.992462550716652,-36.359392730076216],[149.992062551794362,-36.359288730040085],[149.991992552808739,-36.359264733033719],[149.991823554842284,-36.359215727018402],[149.991157567982867,-36.358959742957701],[149.99109556399759,-36.358923742951966],[149.990674572084885,-36.35877374891367],[149.990611573098846,-36.358744749907899],[149.990273577161929,-36.358675744877473],[149.989455587303979,-36.358587753804414],[149.989094598365284,-36.358558763772244],[149.989010596379615,-36.358551753764736],[149.988252619497871,-36.358568766697694],[149.987913618551801,-36.358568775667649],[149.987660619600405,-36.358506770644823],[149.987429626653949,-36.358382771623539],[149.987291625691626,-36.358266777610545],[149.987237617716602,-36.358145771604953],[149.987240620727761,-36.358059771604651],[149.987275615760126,-36.357779771605912],[149.987345597783644,-36.357523768610434],[149.98745960280479,-36.357233765618602],[149.987541595816424,-36.357051768624672],[149.987636586815114,-36.356949767632415],[149.987809582807387,-36.356803762646777],[149.988306564775996,-36.356451754688486],[149.988634557771121,-36.356102759715249],[149.988698551767015,-36.35605775172062],[149.98886654576404,-36.355882747734356],[149.988933542771804,-36.355746745739395],[149.988957538785741,-36.35561574574065],[149.988966539791335,-36.355563745741101],[149.98894053480862,-36.355466745738163],[149.988801529847336,-36.355343741725036],[149.988655542880196,-36.35527274671162],[149.988514539907527,-36.3552367466989],[149.987894545021504,-36.355122750643211],[149.987514552089664,-36.355065757609154],[149.987001560192653,-36.354907757562657],[149.986848563226602,-36.354836761548633],[149.986797557238901,-36.354805764543919],[149.986715554258865,-36.354754759536306],[149.986645367280005,-36.354681012529589],[149.986577554300453,-36.354609766523119],[149.986510199324073,-36.354514478516514],[149.986347555392541,-36.354199761500034],[149.986338762421695,-36.353994924497897],[149.986357460446129,-36.353792472498213],[149.986373129471389,-36.353587716498254],[149.986248261506915,-36.353472026486422],[149.986011029544386,-36.353473604465421],[149.985866135571058,-36.353446864452408],[149.985654612600541,-36.353477458433865],[149.985377059630736,-36.353580535409961],[149.985152198643135,-36.353753146391163],[149.984965998645379,-36.353955140376009],[149.984678585660134,-36.354183776352059],[149.984372590696324,-36.354275782325544],[149.98419459272273,-36.35428978430987],[149.983912594772875,-36.354250781284648],[149.983710921814719,-36.3541787912663],[149.983416804861832,-36.354176021240221],[149.983120373917558,-36.354112591213536],[149.982794307994368,-36.353928452183439],[149.982537956056859,-36.353767880159666],[149.98238295009881,-36.353640187145082],[149.982201008151804,-36.353462574127803],[149.981971664225171,-36.353189996105684],[149.981788458305061,-36.35281506808699],[149.981665543361174,-36.352544892074299],[149.981551396407042,-36.352340280062847],[149.981488010442234,-36.352154644055993],[149.981403373489655,-36.351903759046849],[149.98135700252837,-36.351672147041199],[149.981397922554237,-36.351433301043258],[149.98149413357487,-36.351167778050026],[149.981652132610577,-36.350718547061049],[149.981838143609053,-36.350511506076153],[149.982105011596246,-36.350292318098347],[149.982395060564102,-36.350188928123373],[149.982690530540992,-36.35001277614839],[149.982936521530718,-36.349799765168768],[149.983067511528162,-36.34966476717949],[149.983118508528435,-36.34960277218358],[149.983429505514778,-36.349338755209395],[149.983547498518988,-36.349168762218724],[149.983769482538264,-36.348765759235732],[149.983808475548983,-36.348640756238353],[149.983843470581974,-36.348355754239584],[149.983808466626442,-36.348068753234585],[149.983728463664193,-36.347883754226267],[149.983625466694633,-36.347779753216457],[149.983576460708804,-36.347732755211801],[149.983423462747339,-36.347627751197557],[149.983157464804236,-36.347519761173267],[149.983080463818254,-36.347506754166368],[149.982981465834143,-36.347505759157585],[149.982718470873493,-36.347523758134408],[149.982463480907541,-36.347571760112139],[149.982299484927125,-36.347619762097921],[149.981935491969409,-36.347734770066438],[149.981785497983566,-36.347806769053626],[149.981159514031901,-36.348184781000668],[149.980909518055796,-36.348301778979319],[149.980553530100906,-36.348386783948349],[149.980269533142803,-36.348410788923331],[149.98009353417271,-36.348396786907657],[149.979903541209495,-36.348347789890504],[149.979826541224355,-36.348328794883557],[149.979580541272526,-36.348261797861326],[149.979540544288881,-36.348187799857293],[149.979425536332087,-36.348003795845891],[149.979342538364222,-36.347863795837618],[149.979342538381275,-36.347737796836782],[149.979381531391454,-36.347616791839428],[149.979444530393522,-36.347527797844421],[149.979522525397897,-36.347403789850517],[149.979704522393462,-36.347222788865444],[149.979992508388534,-36.346920782888965],[149.980245499392964,-36.3465907819092],[149.98031249639692,-36.346482774914413],[149.980424474413667,-36.346227775922642],[149.980441479426503,-36.346112776923391],[149.980431475451269,-36.345941778921372],[149.980426473459914,-36.345883772920544],[149.980360471494492,-36.345705765913522],[149.980228476530499,-36.345594772901094],[149.979984475588367,-36.345453777878568],[149.979690473648247,-36.345356777851869],[149.979436479693732,-36.345318779829128],[149.978830485804707,-36.345210789774733],[149.978731487820568,-36.345209776765962],[149.978647494836508,-36.345190790758394],[149.978201499909204,-36.345177791718804],[149.977869508961135,-36.34518379768943],[149.97747251101967,-36.345217797654506],[149.977123515065927,-36.345285807624037],[149.97704552007454,-36.34531380161733],[149.976817529102789,-36.345372811597507],[149.976334540170683,-36.345438813555184],[149.976115540207502,-36.345423815535682],[149.975982541232867,-36.345392818523692],[149.97575853928214,-36.345291820503199],[149.975662544312286,-36.345181823493959],[149.975642535324823,-36.345112818491735],[149.975668531344638,-36.34493580649287],[149.975706529349424,-36.34485582049571],[149.975815531350349,-36.344720813504473],[149.975924524346027,-36.344624809513483],[149.975961519348544,-36.344562814516351],[149.976018521342439,-36.344540816521253],[149.976243507337927,-36.344309805539666],[149.976581494350768,-36.343817807566339],[149.976649486365403,-36.343629805571112],[149.976672487370138,-36.343567792572749],[149.976828468458905,-36.342728789581017],[149.976865461462182,-36.342660797583854],[149.977009450490073,-36.342285788594118],[149.977083447496057,-36.342154788599807],[149.97734541952957,-36.34159878761934],[149.97751841355597,-36.341200786632044],[149.977569410556271,-36.341138782636143],[149.977733406574714,-36.340809776648491],[149.977781398593322,-36.340615777651472],[149.977939378660096,-36.339936781660967],[149.977944371685538,-36.339742773660127],[149.977921368717119,-36.339536771656739],[149.977849378755849,-36.339334768649017],[149.977733365800162,-36.339143772637478],[149.977354357909235,-36.338782773601523],[149.977277365929297,-36.338724776594326],[149.976896359030206,-36.338426777558624],[149.976638366091208,-36.338278781534783],[149.976408358149172,-36.338120781513361],[149.976367366162719,-36.338068781509399],[149.976228360196728,-36.337980782496508],[149.976131360219455,-36.337926783487561],[149.975812358304921,-36.337669785457607],[149.975366362410028,-36.337416785416444],[149.975120363460519,-36.337332792394101],[149.974853370512108,-36.337264791369996],[149.974521371567874,-36.337242793340458],[149.974296376608777,-36.33720480332029],[149.974175380626775,-36.337213803309623],[149.974090383639748,-36.337217801302124],[149.973744392696233,-36.337206801271421],[149.973526388736815,-36.337162806251825],[149.973225395799972,-36.337049805224417],[149.973086399834756,-36.336955809211496],[149.972796396917914,-36.336681815184001],[149.972260394088721,-36.336048812132354],[149.972212392104211,-36.33599081512773],[149.972118386143364,-36.335811813118227],[149.972065381175071,-36.335639820112384],[149.972053378221887,-36.335307811109132],[149.972107377238729,-36.335119800112672],[149.972321364249751,-36.334786806129415],[149.972387366253201,-36.334683810134585],[149.972526351254771,-36.334508806145742],[149.97271134026991,-36.334179800159944],[149.972749338274667,-36.334099797162779],[149.972855327297879,-36.333803796170201],[149.972868325324328,-36.33359280216996],[149.972858320346887,-36.333437796168056],[149.972811313368425,-36.333333796163195],[149.972735316393766,-36.333235801155823],[149.972472312463964,-36.333025801131157],[149.971887314606306,-36.332660804076937],[149.971719320641085,-36.33260080806167],[149.971650324659237,-36.332547803055213],[149.971262317761074,-36.332250807018887],[149.971185326781267,-36.332191806011672],[149.970916325860287,-36.33192381798608],[149.970751316912441,-36.331731817970216],[149.970642323948567,-36.331592812959641],[149.970376317045606,-36.331187808933414],[149.970132298139816,-36.330777821909095],[149.970098307152284,-36.330725812905754],[149.970024308185941,-36.330563814898113],[149.96982730725864,-36.330257801878666],[149.969538299382577,-36.329680815849258],[149.969350291501144,-36.329024812828294],[149.969275298528743,-36.328908809820874],[149.96924428455776,-36.328730811816953],[149.969160274648601,-36.328157814805728],[149.969036267723624,-36.327748814792052],[149.968946261787522,-36.327381819781657],[149.968894262854747,-36.326945819774167],[149.96889725687214,-36.326813816773566],[149.968922249887356,-36.32667180877484],[149.968983248898496,-36.326517816779223],[149.969019248899656,-36.326466820782066],[149.969249238895173,-36.326229813800872],[149.969412231891965,-36.326061810814195],[149.969689219896111,-36.325705824836362],[149.970206201889425,-36.325147809878445],[149.970301194893523,-36.325005810885919],[149.970406190905265,-36.324795820893826],[149.97044519292055,-36.324636808896223],[149.970446179961499,-36.324332813894301],[149.970414179983607,-36.324206806890636],[149.970305178025143,-36.324027822879799],[149.970105182079919,-36.323857810860979],[149.969951181117096,-36.323763813846725],[149.969726184157963,-36.323725814826552],[149.969527183184567,-36.323762816809172],[149.969319192203415,-36.323867820791449],[149.969132193214875,-36.324002817775792],[149.969060193218723,-36.324058824769779],[149.968734208232661,-36.324338822742767],[149.968562215243367,-36.324461825728356],[149.968318224267108,-36.324572825707492],[149.968183226282747,-36.32461582569583],[149.968119223292234,-36.32462082769019],[149.96773623634536,-36.324677828656675],[149.967574238375448,-36.324645826642112],[149.967490237394344,-36.324604833634382],[149.967379236424676,-36.324510836623951],[149.967236234475536,-36.324302835609927],[149.967117228537944,-36.323980839597262],[149.967052221579365,-36.323750841589977],[149.96699021763277,-36.323428827582354],[149.966971214645895,-36.323353843580179],[149.966886218695919,-36.323083838570881],[149.966833205762441,-36.322653844563348],[149.966852200785638,-36.322459837563741],[149.966901198813446,-36.322196842566342],[149.966999192829377,-36.321963833573477],[149.967087183832973,-36.321833846580404],[149.967254174829293,-36.321664840594075],[149.967391172818736,-36.321581843605649],[149.967756168783211,-36.321415840636867],[149.967891158767742,-36.321371836648524],[149.968313148725287,-36.321189833684684],[149.968384153716045,-36.321174828690857],[149.968456143709858,-36.321135835696992],[149.968636149697232,-36.321017833712155],[149.968773138692086,-36.320894830723461],[149.968847136696439,-36.320775833729222],[149.968858135713219,-36.320638828729294],[149.968836129750088,-36.320391834725712],[149.968796122770357,-36.320288829721498],[149.96869512581074,-36.320108831711359],[149.96812611899901,-36.319384834656198],[149.968031118035185,-36.319228833646754],[149.967891110102698,-36.318893839632153],[149.967761122145248,-36.318731841619567],[149.96769811515702,-36.318718843613901],[149.967570117175995,-36.318728838602652],[149.967386112204963,-36.318730845586359],[149.967260114229845,-36.318694845574967],[149.967063120263845,-36.318674845557403],[149.966711121328245,-36.318611844525819],[149.966634120342377,-36.318597851518916],[149.966510909364587,-36.318578336507869],[149.966413129382204,-36.318562846499113],[149.96640412938379,-36.318561851498323],[149.966188132415652,-36.318579849479306],[149.965876130461282,-36.318608855451885],[149.965733135475745,-36.31866985543963],[149.965553138486229,-36.318803857424577],[149.965399145480831,-36.319024854412412],[149.965384157477132,-36.319069854411389],[149.965347153475278,-36.319126855408477],[149.965314157458238,-36.319291856406657],[149.965208166435048,-36.31958785539922],[149.965075166427795,-36.319797854388838],[149.96505217442305,-36.319859858387218],[149.964863176427116,-36.320051857371759],[149.964620189448567,-36.320178858351092],[149.964548190457066,-36.320200864344855],[149.964407195478231,-36.320209855332429],[149.964287193499842,-36.320190859321691],[149.964154194528277,-36.320136869309557],[149.964015189563753,-36.320037870296595],[149.963863194608422,-36.319885866282156],[149.963714185664941,-36.319642870267337],[149.963676187691931,-36.319487873262965],[149.963704172723027,-36.319224869263707],[149.963768166755159,-36.318911864267292],[149.963814169763282,-36.318797870270629],[149.964035151774794,-36.318452864287892],[149.96406515477932,-36.318383868290091],[149.964112152799601,-36.318178862292896],[149.964077138840025,-36.317920878288092],[149.964010141870915,-36.317770865281169],[149.963914136901849,-36.317654870271909],[149.963851137918198,-36.317607881266028],[149.963705140952499,-36.317525868252559],[149.963572140980091,-36.31747786524047],[149.963318145024886,-36.317444877217767],[149.963177140047577,-36.317442877205281],[149.962836148095647,-36.317487874175399],[149.962452156143513,-36.317584881142039],[149.961859167207308,-36.317809884091055],[149.961424179259666,-36.317933889053371],[149.961177184300197,-36.317923884031451],[149.960967184345606,-36.317834889012282],[149.960890182361879,-36.317804886005256],[149.960765169392801,-36.31772289099365],[149.960523176458821,-36.317518895970892],[149.960272173554245,-36.31710789494597],[149.960246168572297,-36.317004889942972],[149.960233170580551,-36.316958903941511],[149.960251179597805,-36.316809895942121],[149.960327157612682,-36.316610894947537],[149.960492148633193,-36.316264893959861],[149.960493152640765,-36.316207891959564],[149.960494147646813,-36.316161888959357],[149.960511143656532,-36.316069890960243],[149.960493142678729,-36.315926887957716],[149.960441142709527,-36.315759888952002],[149.960407150722801,-36.31570189094861],[149.960275136757105,-36.315602882936261],[149.960149138782015,-36.315566891924895],[149.960029136802973,-36.315552888914176],[149.959788139835553,-36.315594894893138],[149.959495153867408,-36.31570390586792],[149.959207158888944,-36.315882907843623],[149.959091165892204,-36.315994904834085],[149.9589831678949,-36.316101907825228],[149.958887173892577,-36.316231912817614],[149.958782187877773,-36.316464914809856],[149.958750186864364,-36.316601920807926],[149.958731191841821,-36.316790917807495],[149.958701199833627,-36.316886912805479],[149.958657205795873,-36.317217908803762],[149.958493228740309,-36.317821921793247],[149.958477227736665,-36.317867916792132],[149.958391237706394,-36.318192915786675],[149.958354234705382,-36.318243920783736],[149.958309244694959,-36.318373916780622],[149.95824124464778,-36.318802916777443],[149.958247250639147,-36.318859918778344],[149.958288261592372,-36.31915791778394],[149.958354263554583,-36.319359912791121],[149.958497266505361,-36.319555910805065],[149.958560265489012,-36.319602918810958],[149.958706271455412,-36.319679909824387],[149.958777265441711,-36.319697909830779],[149.959228261361972,-36.319757905871093],[149.959481252315015,-36.319807897893796],[149.959537258305289,-36.319813903898797],[149.959608253291464,-36.319832898905226],[149.959732252259187,-36.319925899916804],[149.959752251249,-36.31997789191891],[149.959721262237707,-36.320097901916959],[149.959648259235678,-36.320198898911165],[149.9594042702563,-36.320332901890474],[149.959205269283729,-36.320363908873048],[149.958821280334064,-36.320442908839603],[149.95864228835211,-36.320519909824256],[149.958483295356757,-36.320671912811207],[149.958343304353775,-36.320858919800067],[149.958183298355692,-36.321032928787034],[149.958010321361826,-36.321190919772796],[149.957871326361868,-36.32135392076156],[149.957505336377153,-36.321670924731272],[149.957504969377197,-36.321671022731238],[149.957324346399702,-36.321716927715556],[149.957146348422981,-36.321753940700042],[149.956963348452462,-36.321750937683838],[149.956420364550752,-36.32166194263521],[149.956033363620065,-36.321603945600572],[149.955531371702506,-36.321583955556029],[149.955468373713359,-36.32157795055042],[149.954918388808125,-36.321522956501397],[149.954636391859822,-36.321471959476106],[149.954508394878133,-36.321486965464892],[149.954273403904409,-36.32156896844463],[149.954086407919135,-36.321679969428828],[149.953812414936152,-36.321875977405867],[149.953540430959123,-36.322025980382804],[149.952502458061304,-36.322489994294038],[149.952352472076228,-36.322556005281214],[149.951824477135119,-36.322740995235719],[149.951559485158441,-36.322880000213196],[149.951501488161568,-36.322924999208375],[149.9511115021796,-36.323250007176014],[149.950506525225222,-36.323624013124984],[149.950714515238928,-36.323278011141078],[149.95112046242096,-36.321453011164934],[149.951160449438788,-36.321274008167279],[149.953347169419658,-36.311441026295739],[149.94392032468204,-36.305772261424451],[149.945185221236812,-36.300174350499297],[149.950152552030829,-36.281040127812105],[149.951936977675274,-36.274166773924492],[149.952341427821295,-36.272608904949948],[149.95255491794336,-36.271453679961198],[149.952722745039239,-36.270545582970037],[149.952973486182543,-36.269188766983248],[149.953050343226465,-36.268772864987298],[149.950135108740284,-36.268390268726868],[149.949816260796467,-36.268348425698377],[149.943998043821949,-36.267584847178753],[149.942930677010054,-36.267444750083428],[149.938137075854939,-36.266815623655425],[149.914515141018114,-36.263715369547633],[149.902442626145699,-36.262130968471254],[149.887465514785077,-36.260165342136716],[149.83570819190524,-36.253372513531758],[149.83560577792332,-36.253359067522652],[149.835493656943072,-36.253344348512698],[149.835488206944035,-36.253343640512206],[149.835057488019885,-36.253287104473927],[149.834814260062757,-36.253255183452303],[149.834511268116188,-36.253215185425397],[149.834204270170346,-36.253174193398102],[149.813976598735934,-36.25050739460135],[149.807410544056097,-36.248426445010416],[149.778923588878115,-36.238680701443897],[149.769001410905304,-36.235286199550735],[149.762294616092106,-36.234363068956299],[149.751828277944185,-36.232922464028995],[149.751315681034839,-36.232851907983608],[149.751265116958251,-36.233485715983363],[149.751261682956624,-36.233502011983177],[149.751257245955117,-36.233518236982896],[149.75125186795384,-36.233534246982529],[149.751245601952775,-36.23354985298208],[149.751238493951888,-36.233564920981557],[149.751226382951131,-36.233584740980625],[149.751216585951028,-36.233597209979848],[149.751211807950966,-36.233603295979478],[149.751195834951147,-36.233621151978191],[149.751179537951344,-36.233638846976881],[149.751164003951402,-36.233656945975639],[149.751146487951246,-36.233678879974256],[149.751129034951077,-36.23370085997287],[149.751111626950916,-36.23372287597148],[149.751094281950714,-36.23374494497012],[149.751076990950452,-36.233767040968736],[149.751017594950838,-36.23383493396399],[149.750946600952091,-36.233909926958255],[149.750876600951699,-36.233995936952688],[149.750784611957869,-36.23405893494504],[149.750693609966191,-36.234104938937357],[149.750601613972322,-36.234167936929722],[149.750517620975614,-36.234242929922857],[149.750453617975893,-36.234316936917729],[149.750390628975083,-36.234397943912754],[149.750334630974066,-36.234471941908339],[149.750270627973407,-36.234552939903253],[149.750200636974597,-36.234626946897599],[149.750130637974223,-36.234712955892036],[149.750059643974794,-36.234792950886337],[149.749982642976988,-36.234867952880087],[149.749912642977392,-36.234947946874478],[149.749834647978275,-36.235033947868217],[149.749743653981227,-36.2351199568608],[149.749658657984668,-36.235194958853853],[149.749574664987364,-36.235274952847021],[149.749482667992737,-36.235343957839419],[149.749390662997229,-36.235418959831854],[149.749299669001829,-36.235492947824362],[149.749207672007202,-36.235561961816757],[149.749116679013184,-36.235624960809183],[149.749024690019269,-36.23568896380155],[149.748869685028609,-36.235802967788729],[149.748785702033359,-36.235866969781767],[149.748700696040004,-36.235917966774672],[149.748615700048049,-36.235958967767488],[149.748524698057139,-36.23599897375977],[149.74835470507341,-36.236078977745414],[149.74827070408125,-36.236119978738309],[149.748185708087902,-36.236170974731209],[149.74810072009447,-36.236222974724093],[149.74801671910015,-36.236279976717107],[149.747931722105932,-36.23633798271004],[149.747840720111924,-36.236400981702488],[149.747755724117781,-36.236457983695409],[149.747671731120278,-36.236538981688575],[149.747586735123861,-36.236612988681628],[149.747502733128783,-36.23667598767468],[149.747424729130358,-36.236756985668372],[149.747375741128906,-36.236825990664535],[149.74734074612536,-36.236893982661925],[149.747291749123917,-36.236962996658086],[149.747227746124082,-36.237037997652976],[149.74716475612334,-36.237117992647974],[149.747080755127485,-36.237186996641064],[149.747016761131874,-36.237229997635751],[149.746995758133352,-36.237243998633993],[149.746903761138697,-36.23731300362639],[149.746819768145087,-36.237365003619381],[149.746734772150177,-36.237428002612333],[149.746636760156491,-36.237496998604222],[149.746537781162289,-36.23757100459602],[149.746445783167701,-36.237640009588418],[149.746255783180857,-36.2377670115726],[149.746156794188153,-36.237830010564352],[149.746072792196117,-36.237870016557252],[149.745987796205753,-36.237899005550005],[149.745902799214633,-36.237933015542772],[149.745804796224718,-36.237974016534466],[149.745705807235879,-36.23800801652601],[149.745613809244304,-36.238054020518234],[149.745514811256982,-36.238077021509724],[149.745422814269944,-36.23808902450174],[149.745246815297861,-36.238089024486321],[149.745161819310567,-36.238095021478898],[149.745076822322432,-36.238107023471535],[149.74498582033462,-36.238124028463673],[149.74487982134832,-36.238147030454527],[149.744705830371373,-36.238181030439513],[149.744624831380236,-36.238211032432602],[149.744540839390481,-36.238234034425396],[149.744420838407223,-36.23825103941499],[149.74433583341991,-36.23825704440759],[149.744280839427603,-36.238265031402818],[149.744250836431803,-36.238269038400212],[149.744158839444793,-36.23828103239223],[149.744067846458421,-36.238287038384307],[149.743982840470437,-36.238298037376921],[149.743890843485048,-36.238298037368864],[149.74379184550142,-36.238293035360165],[149.743706848514876,-36.238293044352702],[149.743614851530282,-36.238287038344609],[149.743530840543457,-36.238288042337253],[149.743353865571521,-36.238288042321742],[149.743268859583424,-36.238300045314382],[149.743183863596101,-36.238306041306963],[149.743077864610626,-36.238323046297786],[149.74299386262237,-36.238335049290491],[149.742908866635162,-36.238340042283092],[149.742823869647054,-36.238352054275715],[149.742731872659363,-36.238369049267767],[149.742647871671096,-36.238381052260479],[149.74255587368566,-36.238381052252421],[149.742343875719172,-36.238382056233853],[149.74225187873455,-36.238376059225764],[149.742166872748072,-36.238376059218318],[149.742074884762502,-36.238377054210261],[149.741990883775827,-36.2383770542029],[149.741905886788516,-36.238383060195474],[149.741813889800795,-36.238400064187537],[149.741728892811238,-36.238423057180228],[149.741644891820698,-36.238452064173067],[149.74155989483188,-36.238469060165734],[149.741474899841506,-36.238498068158464],[149.741382902853019,-36.238521069150565],[149.741298909862451,-36.23855006814339],[149.741213904872893,-36.238573069136102],[149.74112890788183,-36.238607069128882],[149.741044915890484,-36.238642074121771],[149.740959918898596,-36.238682071114575],[149.740860920908176,-36.238728074106199],[149.74076991891647,-36.23877407709854],[149.74067792092265,-36.238837076090888],[149.740592924925323,-36.238918075083973],[149.740522933925718,-36.238998078078374],[149.740473936923479,-36.239073080074569],[149.740452934915481,-36.239158076073295],[149.740431941909577,-36.239227090071907],[149.740410938902244,-36.2393070850706],[149.740382944895202,-36.23939308506872],[149.740368942887415,-36.239468087067976],[149.740354949880555,-36.239536088067204],[149.740334951873677,-36.239611089065953],[149.740298951870216,-36.239680085063256],[149.740220956865898,-36.239805088057246],[149.722943685680946,-36.231751573490747],[149.647471731327613,-36.196571579661729],[149.640465839576819,-36.195524641043647],[149.640486457582881,-36.195454426044968],[149.640537838576194,-36.195443642049383],[149.640643837561498,-36.195427642058533],[149.64072482754932,-36.195422640065559],[149.640806838537117,-36.195416643072669],[149.640996830507021,-36.195416643089246],[149.641088827493235,-36.195410637097218],[149.641263822465504,-36.195410637112488],[149.641364819452036,-36.195391633121176],[149.64145682543986,-36.195373634129083],[149.641542817428444,-36.19535663813646],[149.641623815417887,-36.195339633143419],[149.641715813404772,-36.195328635151377],[149.64180881439259,-36.19530962215935],[149.641899807382259,-36.195278634167082],[149.641981810372982,-36.19525063917407],[149.642060809363244,-36.195229627180808],[149.642281797334192,-36.195184628199783],[149.642382794320554,-36.195166629208487],[149.642482797308048,-36.19514162821703],[149.642589791296587,-36.19510062722609],[149.642677790285774,-36.195076630233615],[149.642785797275309,-36.195026629242705],[149.642870785267974,-36.194980626249816],[149.642962773259484,-36.194934623257531],[149.643050781251901,-36.194886621264899],[149.643145782244432,-36.194829619272795],[149.643224772243059,-36.194745626279143],[149.643289770244166,-36.194659617284245],[149.643315766252556,-36.194565621285882],[149.64330777026646,-36.194470620284555],[149.643282769281029,-36.194390626281837],[149.643235762299469,-36.194307619277204],[149.643175766319445,-36.194228620271446],[149.643117760337816,-36.194159624265922],[149.643063761355165,-36.194093622260773],[149.643023764369417,-36.194033626256896],[149.643018762377551,-36.193978623256093],[149.643036762381286,-36.193928622257332],[149.64310075537864,-36.193872624262546],[149.643176752370977,-36.193839628268954],[149.643264752360722,-36.193811624276442],[149.643366744348953,-36.193778619285133],[149.643461753336823,-36.193756621293268],[149.643555740324842,-36.193734624301314],[149.643642745312519,-36.193723625308834],[149.643728745300365,-36.193712617316258],[149.644075741245388,-36.193712617346534],[149.644175725231406,-36.19369861535516],[149.644273728220242,-36.193665619363507],[149.64437873221064,-36.193612615372309],[149.644468722206085,-36.193539612379674],[149.64455973320068,-36.193471612387157],[149.644625717201791,-36.193384616392343],[149.644666718206707,-36.193298616395346],[149.644682719215581,-36.193212615396163],[149.644681715227051,-36.193127610395514],[149.644664710240875,-36.193043626393482],[149.6446057102618,-36.192956613387757],[149.64453571928297,-36.192880616381153],[149.644450714305577,-36.192811612373291],[149.644389714324035,-36.192745619367521],[149.644312713346721,-36.192666619360288],[149.644250710366123,-36.192594611354394],[149.644197715383115,-36.192529613349336],[149.644157708397813,-36.192466615345431],[149.64412370841211,-36.192399627342027],[149.644092710424843,-36.192340617338928],[149.644086705433637,-36.192281616338008],[149.644079704443527,-36.192215623336978],[149.644079704453219,-36.192142611336479],[149.644092702460426,-36.192072621337161],[149.644105699468469,-36.191996624337783],[149.644131704474034,-36.191923621339569],[149.644161697477244,-36.191863616341791],[149.644217695477778,-36.191792622346199],[149.644296695474424,-36.191723617352658],[149.64437969247021,-36.191656620359446],[149.644459687465485,-36.191596615366016],[149.644562683457536,-36.191533617374581],[149.644583686466405,-36.191441619375802],[149.646024534073234,-36.18515162045987],[149.642067595779793,-36.184550652110701],[149.653034276538222,-36.135606253743255],[149.653078273556844,-36.135413250745813],[149.653054276568071,-36.135357252743347],[149.653033273580547,-36.135288247741045],[149.652998269595912,-36.135214250737505],[149.652970275610954,-36.135134246734523],[149.652949272623431,-36.135065250732232],[149.652928269636675,-36.134990240729906],[149.652907267649795,-36.134916251727589],[149.652885269662448,-36.134847246725201],[149.652871267673646,-36.134779246723539],[149.652850266687722,-36.134698247721168],[149.652822262701193,-36.134630246718274],[149.652780257717779,-36.134555245714104],[149.652745262734697,-36.134469244710473],[149.652674258758793,-36.134372245703645],[149.652611259777899,-36.134303240697697],[149.652540256798915,-36.13422924369101],[149.652470256820749,-36.134148253684366],[149.652406253839871,-36.134080234678315],[149.652343254859801,-36.13400524267233],[149.65227925187969,-36.133931244666243],[149.652209253904431,-36.133828239659451],[149.652167256920251,-36.133759243655334],[149.652117255938066,-36.133684242650482],[149.652068249956443,-36.133604238645681],[149.652033254971116,-36.133535242642161],[149.651991249988384,-36.133455239637968],[149.65194824900496,-36.133381241633714],[149.651906235021556,-36.133306249629563],[149.651871249036901,-36.133232242626015],[149.651843245051936,-36.133152238623033],[149.651822243065197,-36.133077237620718],[149.651808242076442,-36.133009236619031],[149.651794240088634,-36.132934234617316],[149.651780239099935,-36.132865239615633],[149.651773247110071,-36.132797238614565],[149.651773247128347,-36.132659246613663],[149.651759236141999,-36.132573237611865],[149.651752217154353,-36.132488232610697],[149.651738224165769,-36.132419236609017],[149.65171723118047,-36.132333235606602],[149.651683222196709,-36.1322512336031],[149.651641226218487,-36.132137229598683],[149.651618225229527,-36.13208123159631],[149.651583220244873,-36.132007233592752],[149.651548225260342,-36.1319322325892],[149.651519074271135,-36.131885601586355],[149.651498233278886,-36.131852228584322],[149.651463219293532,-36.131783233580798],[149.651421214310034,-36.131709226576639],[149.651386219325502,-36.131634233573095],[149.651343219342891,-36.131554239568807],[149.651301213358664,-36.131485225564695],[149.651252217376225,-36.131411227559923],[149.651188215395536,-36.131342232553877],[149.651158329403984,-36.131313511551092],[149.651111214417483,-36.131268225546663],[149.65103021543635,-36.131222231539297],[149.650913218458726,-36.131193223528896],[149.650822215476126,-36.131170240520802],[149.650723217494829,-36.131147229512017],[149.650638221510548,-36.131130224504481],[149.65053921353001,-36.131101226495645],[149.650448220548952,-36.131067225487477],[149.650349222570014,-36.131026224478575],[149.65018022460427,-36.130969222463449],[149.650095219622273,-36.130935231455801],[149.650003212641423,-36.130900226447544],[149.64989821766477,-36.130849230438045],[149.649799219686543,-36.130803227429091],[149.6497072227057,-36.130768232420841],[149.649615224724073,-36.130739233412626],[149.649517221742627,-36.130716232403913],[149.649411222763064,-36.13068822839449],[149.649319225779863,-36.130671232386341],[149.649227227796814,-36.130653224378193],[149.649143226810907,-36.130647236370841],[149.649058238825006,-36.130642234363386],[149.648973233837751,-36.130647236355998],[149.648889232850252,-36.130653224348713],[149.648804226864456,-36.130647236341247],[149.648705237883973,-36.130618228332423],[149.648606239905689,-36.130572234323488],[149.648515236926869,-36.130521229315192],[149.648409237950489,-36.130469229305611],[149.648310239972915,-36.130418233296638],[149.648226239990834,-36.130383228289077],[149.648134242009888,-36.130349228280821],[149.648049237027152,-36.130320229273224],[149.647947236046718,-36.130294234264149],[149.647814246069487,-36.130281245252455],[149.647716243085085,-36.130280232243891],[149.647626245100128,-36.130274235236001],[149.647513245120251,-36.130257230226029],[149.647414247138954,-36.130234238217234],[149.647323244154904,-36.130222235209217],[149.647238248169174,-36.130216247201766],[149.647153260184012,-36.130205230194271],[149.647069250198086,-36.130199233186914],[149.646963251218722,-36.130170235177474],[149.646878254234394,-36.130153239169928],[149.646786257251193,-36.130136234161803],[149.646624260279168,-36.130118235147549],[149.646511260297842,-36.130112238137642],[149.646412262314954,-36.130101239128948],[149.646321260330126,-36.130095233120969],[149.646229262346111,-36.130084234112871],[149.646144266361944,-36.130066234105328],[149.646053263378604,-36.130049239097275],[149.645954274397269,-36.130026237088494],[149.645869269412287,-36.130014234080996],[149.645785267427868,-36.129997239073553],[149.645686269445719,-36.12998023406481],[149.645587271462972,-36.129968240056087],[149.645502275478663,-36.129951235048559],[149.645389275497962,-36.129940236038635],[149.645305273512065,-36.129934239031265],[149.645192282532975,-36.129911238021243],[149.645100276548305,-36.129905241013184],[149.645015279563353,-36.1298932380057],[149.644917276578013,-36.129899243997173],[149.644818278592879,-36.129905240988577],[149.644712279607376,-36.129922236979446],[149.644620282621304,-36.129927237971458],[149.644536280635293,-36.129921241964084],[149.644451284649449,-36.12991623995665],[149.644260288689566,-36.129841237939488],[149.644169286707779,-36.129812238931365],[149.644084289724276,-36.129789237923788],[149.643964289746947,-36.129761242913133],[149.643865290768048,-36.129720241904224],[149.643781289785039,-36.129692238896723],[149.643689292804851,-36.129652240888419],[149.643604295822939,-36.12961724588078],[149.64352029484067,-36.129583244873217],[149.643435288858001,-36.129554237865612],[149.643343282874781,-36.129537241857484],[149.643259290889688,-36.129525238850064],[149.643167292907265,-36.129502246841881],[149.643082296922131,-36.129491238834404],[149.642998294937001,-36.129479244827003],[149.64290628895381,-36.129462239818857],[149.642800298973611,-36.129439229809456],[149.642716297989949,-36.129416245801977],[149.642617299007213,-36.129404242793264],[149.642525293023198,-36.129393244785163],[149.642426304040413,-36.129381241776457],[149.642292310063851,-36.129364245764656],[149.642201308079791,-36.129352242756646],[149.642109311094345,-36.129352242748624],[149.642003312109523,-36.129364245739445],[149.641911314122666,-36.129375244731499],[149.641826318133781,-36.129392239724197],[149.641735315145894,-36.129409244716385],[149.641636317158543,-36.129432246707893],[149.641544320169999,-36.129455247700022],[149.641452323180829,-36.129483251692179],[149.641368321191862,-36.129500246684962],[149.641283325202238,-36.129523248677714],[149.64119832821342,-36.129540252670402],[149.641107326224784,-36.129563254662628],[149.641015329236296,-36.129586247654743],[149.640916330249667,-36.129603251646223],[149.640831334261634,-36.12961425063888],[149.640740341276029,-36.129614250630951],[149.640641342292469,-36.129608253622273],[149.640535343310006,-36.129602265612995],[149.640436345327117,-36.129591248604285],[149.640316344349145,-36.129568256593664],[149.640217346367052,-36.129551251584928],[149.639928347415122,-36.129533251559586],[149.639836350431921,-36.129516255551458],[149.639745348448571,-36.129499251543393],[149.639678351460333,-36.129490251537504],[149.639615352471736,-36.129479252531937],[149.639476357495937,-36.129462256519709],[149.639235351536968,-36.129440259498523],[149.638965356581082,-36.129429260474922],[149.638644365634491,-36.129409261446796],[149.638388372678946,-36.129379259424276],[149.638321931692133,-36.129358973418334],[149.638090373738095,-36.129288256397679],[149.637879371784834,-36.129187259378597],[149.637666369839451,-36.129029269358973],[149.637408368905028,-36.128842253335229],[149.637137368968524,-36.128686253310555],[149.636794372040612,-36.12855125527976],[149.636442374106451,-36.12847425524857],[149.636052378169012,-36.128467254214513],[149.635699386222143,-36.128487261183864],[149.635354389284657,-36.128427256153373],[149.634976397356695,-36.128334255119803],[149.634753400397784,-36.128290260100066],[149.634698119407915,-36.128279781095173],[149.634573502431721,-36.128248721084098],[149.634448732455496,-36.128218297073012],[149.634323792479165,-36.128188509061935],[149.634198709502812,-36.128159359050819],[149.634073491526379,-36.128130862039718],[149.633902315558657,-36.128091653024526],[149.633731013590932,-36.128052346009341],[149.633559371622994,-36.128014885994126],[149.633387173654683,-36.127981234978897],[149.633214204685743,-36.127953329963617],[149.63306300971206,-36.127934926950317],[149.632911168737877,-36.127921005936976],[149.632758932763437,-36.127909881923642],[149.632606572788859,-36.127899913910291],[149.632454345814324,-36.127889425896953],[149.632324941836373,-36.127877368885585],[149.632195286858746,-36.127863062874184],[149.632065703880869,-36.127850521862804],[149.631936541902206,-36.127843762851505],[149.63180810592209,-36.127846819840322],[149.631692165938915,-36.127858230830292],[149.63157607395496,-36.127875548820285],[149.631460688970151,-36.127898612810384],[149.631346864984351,-36.127927234800651],[149.631235441997433,-36.127961262791153],[149.631066005019932,-36.127993550776601],[149.630896012042768,-36.128024162761974],[149.630725544065911,-36.12805307174731],[149.630554673089279,-36.128080285732601],[149.630383488112955,-36.128105779717835],[149.630265701129872,-36.128118588707665],[149.630146113147674,-36.128127131697298],[149.630027188165201,-36.128136633686985],[149.629911319181446,-36.128152311676992],[149.629800964195312,-36.128179373667543],[149.62970544320919,-36.128188489659287],[149.629609816222484,-36.128202222651034],[149.629514726235101,-36.128220464642872],[149.629420810246955,-36.128243089634829],[149.629328696257943,-36.128269972626981],[149.629284504263126,-36.128283704623215],[149.629240087268329,-36.128297715619439],[149.629196261273222,-36.128313070615725],[149.629153835277521,-36.128330864612138],[149.629113631281086,-36.128352153608766],[149.629048365284461,-36.128404306603443],[149.628991919284573,-36.12847091759896],[149.628940268282861,-36.128545578594952],[149.628889415280781,-36.128621915591005],[149.62883533627982,-36.128693519586776],[149.628630500283123,-36.128913334570377],[149.628411761290067,-36.129121836552684],[149.628190439297725,-36.129327900534776],[149.627977876303191,-36.129540391517651],[149.62778536630347,-36.129768175502377],[149.627591761300295,-36.130023182487193],[149.627396983295682,-36.130290577471989],[149.627223108286529,-36.130566999458672],[149.62709220626985,-36.130849132449121],[149.627026375242593,-36.131133630445284],[149.627019141214163,-36.131357201446129],[149.627037193180229,-36.131591483449242],[149.627081646142443,-36.131823973454658],[149.627153582102153,-36.132042165462387],[149.62725412206089,-36.132233564472422],[149.62730696404418,-36.132296581477448],[149.627370294026491,-36.132354775483343],[149.627433777008918,-36.132411804489259],[149.627487049992595,-36.132471334494291],[149.627519776978744,-36.132536995497574],[149.627513627966408,-36.132637445497714],[149.627458749959544,-36.132754667493707],[149.627372794956699,-36.132878558487043],[149.627273401956444,-36.132999016479175],[149.627178231957345,-36.133105939471584],[149.627079330960015,-36.133203960463611],[149.626969763965462,-36.133293474454661],[149.62685272197308,-36.133375700444994],[149.626731393982197,-36.133451858434924],[149.626608972992074,-36.133523167424741],[149.626421680010054,-36.133611166408983],[149.626223145032469,-36.133678862392124],[149.626019573056823,-36.133737961374777],[149.625817194080554,-36.133800162357552],[149.625622236101236,-36.133877163341076],[149.625391091120974,-36.134003752321767],[149.625169590136437,-36.134151317303441],[149.624951075150648,-36.134305130285412],[149.6247288761665,-36.134450445267007],[149.624496359187134,-36.13457253424756],[149.624286602207661,-36.134667812229893],[149.624069387229326,-36.134763592211613],[149.623849518253337,-36.134844600192977],[149.623631810281012,-36.134895578174337],[149.623421067313586,-36.134901261156017],[149.62316960936343,-36.134825237133597],[149.622921460423242,-36.134669919110948],[149.622681386488495,-36.134463478088655],[149.622454158554831,-36.134234090067331],[149.622244546617679,-36.134009928047583],[149.622137274650356,-36.133891065037439],[149.622034197683007,-36.133767766027638],[149.621935405715448,-36.1336406830182],[149.621841023747635,-36.133510472009107],[149.621751160779411,-36.133377788000388],[149.621669534809371,-36.133248804992419],[149.621591754839159,-36.133116917984765],[149.621518106868592,-36.132982520977457],[149.621448850897622,-36.132845990970516],[149.621384274926129,-36.13270770296397],[149.621300246972964,-36.132454407954981],[149.621246356017167,-36.132184977948498],[149.621197780060697,-36.131914498942471],[149.62112972610538,-36.13165806593485],[149.621017381153223,-36.13143076692355],[149.620849808207709,-36.13121956590755],[149.620645565266642,-36.131018575888412],[149.620416302326163,-36.13084228086727],[149.620173692382707,-36.130705131845211],[149.619929415432381,-36.130621623823373],[149.619681417474567,-36.130599338801623],[149.619416720512845,-36.130626248778718],[149.619146985546934,-36.130690843755659],[149.618883874576511,-36.130781630733338],[149.618639068601254,-36.130887127712697],[149.618296814627627,-36.131096794684261],[149.617978619640581,-36.131378630658411],[149.617688607642577,-36.131709876635355],[149.617430892635952,-36.132067772615265],[149.61720959862302,-36.132429576598383],[149.617041927609705,-36.132730353585757],[149.616879167592884,-36.133051963573713],[149.616745854570354,-36.133381236564283],[149.616666504540063,-36.133704962559513],[149.616665662499798,-36.13400995256147],[149.616718648469714,-36.134173742567164],[149.616806432434629,-36.134334009575873],[149.616901879398625,-36.134492035585232],[149.6169778583658,-36.134649084592901],[149.617007242340293,-36.134806464596501],[149.617004400332632,-36.134867778596657],[149.616998063325468,-36.134929531596512],[149.616988086318941,-36.13499096159606],[149.616974326313112,-36.135051333595257],[149.616956649308122,-36.135109886594108],[149.616829253307429,-36.135267634584054],[149.616596951327466,-36.135393649564641],[149.61630312936029,-36.135496430539732],[149.61599111139796,-36.135584448513143],[149.615704273432499,-36.135666181488673],[149.615104233508845,-36.135806270437349],[149.614474811599564,-36.135872953382957],[149.61383041170032,-36.13588161332688],[149.613185428806844,-36.135847605270463],[149.61255428691473,-36.135786310215074],[149.612222181972157,-36.135749253185892],[149.611887926030619,-36.135707051156515],[149.611556502090338,-36.135651770127268],[149.611232976151626,-36.135575478098588],[149.61092236621468,-36.135470242070838],[149.610710046260152,-36.135380306051736],[149.610499017306751,-36.135280268032702],[149.610294209353953,-36.135168300014122],[149.610100552401235,-36.13504258899642],[149.609922968448018,-36.134901316980013],[149.609835677473683,-36.134811586971821],[149.60975599749932,-36.134712902964232],[149.609678216524941,-36.134612299956792],[149.609596617550466,-36.134516824949038],[149.609505491575902,-36.134433522940562],[149.609296505625167,-36.134311218921546],[149.609054640674685,-36.134226222899912],[149.6087932877235,-36.134169516876781],[149.608525857770729,-36.13413205685324],[149.608265732815482,-36.134104814830401],[149.607978895863624,-36.134083597805287],[149.607685040910667,-36.134079330779663],[149.607391659954743,-36.134097043754224],[149.607106229993974,-36.134141792729665],[149.606836227026491,-36.134218605706664],[149.606485073053506,-36.134433776677518],[149.606177735058992,-36.134759895652898],[149.605886577055344,-36.135135208630032],[149.605583972055172,-36.135497945606105],[149.605242301071058,-36.13578634357826],[149.604843558104534,-36.136009870545024],[149.604415673146718,-36.136202425509033],[149.603969565196735,-36.136357816471218],[149.603516177253567,-36.13646984043249],[149.603066438316461,-36.136532283393734],[149.602627599385556,-36.136534372355541],[149.602182289462917,-36.136482149316421],[149.601735024545548,-36.136392214276896],[149.601290278630614,-36.136281177237436],[149.600852595715082,-36.136165650198556],[149.600779127729368,-36.136145732192027],[149.600705927743661,-36.136124765185528],[149.600632772758075,-36.136103655179028],[149.600559439772354,-36.136083280172485],[149.600485719786462,-36.136064510165944],[149.600024838869814,-36.13598573512531],[149.599550007948835,-36.135956064083771],[149.599067791024311,-36.135961998041829],[149.598584740096982,-36.135990009999979],[149.598107416167636,-36.136026591958661],[149.597537119246425,-36.136113066909594],[149.596969232317434,-36.136254912861098],[149.596403130386733,-36.13640788281284],[149.595838165460265,-36.136527739764439],[149.595273695543909,-36.136570264715601],[149.595046709582476,-36.136549871695713],[149.594818342623938,-36.136509757675562],[149.594590881665368,-36.136468460655493],[149.594366603704003,-36.136444526635813],[149.594147792737033,-36.136456484616858],[149.593865606767565,-36.136563039593007],[149.593598174785029,-36.136750583570972],[149.59333521579785,-36.136968300549526],[149.593066439814294,-36.137165355527443],[149.592781555842748,-36.137290923503478],[149.592604427867428,-36.137315959488234],[149.592421033896215,-36.137317680472286],[149.592236384926025,-36.137313216456185],[149.592055490953783,-36.137319670440483],[149.59188337397643,-36.137354154425729],[149.591749917989659,-36.137413998414516],[149.591623113999077,-36.137494225404005],[149.59149850500728,-36.137581194393746],[149.591371673016766,-36.137661260383254],[149.591238200030006,-36.137720799372026],[149.591134468043066,-36.137746185363149],[149.591027447057968,-36.137761154353953],[149.590919154073674,-36.1377722883446],[149.590811613088846,-36.137786146335337],[149.590706869102348,-36.137809300326374],[149.590591224116139,-36.137843300316533],[149.590473976129658,-36.137881236306583],[149.590360160141699,-36.137926199296977],[149.59025480615108,-36.137981265288175],[149.590162899156638,-36.138049525280628],[149.590088318157029,-36.138135275274699],[149.590027695153253,-36.138236496270096],[149.589975246146992,-36.138346672266266],[149.589925253139995,-36.138459305262657],[149.589871945134064,-36.138567885258738],[149.589716267114142,-36.138905003247423],[149.589581503088368,-36.139261052238062],[149.589443609063807,-36.139611633228384],[149.589278564047476,-36.139932355216139],[149.589062353046444,-36.140198827199114],[149.588958147051557,-36.140284783190609],[149.588846321059009,-36.14036233918138],[149.588730937067481,-36.140436131171839],[149.588616054075771,-36.140510738162348],[149.588505734082673,-36.14059075915327],[149.588335301088193,-36.140752684139521],[149.588177437088746,-36.140937495127005],[149.588021293089184,-36.141120987114626],[149.587856024094435,-36.141278977101287],[149.587670811109405,-36.141387271085897],[149.587525101127568,-36.141424006073464],[149.587370768150322,-36.141436824060115],[149.587212124175153,-36.141438868046322],[149.587053478199664,-36.141443251032563],[149.586899127221471,-36.141463142019269],[149.586695618245045,-36.141528274001999],[149.586496618264221,-36.141621077985278],[149.586299437282491,-36.141719233968793],[149.586101378303056,-36.141800455952087],[149.585899742329389,-36.141842443934827],[149.585821666341474,-36.141844415928048],[149.585743240354361,-36.141841053921212],[149.58566463536755,-36.141835433914331],[149.585586030380597,-36.141830655907469],[149.585507568393126,-36.141829794900623],[149.585422859406378,-36.141830825893258],[149.585337091419831,-36.141831650885798],[149.585251933432744,-36.141835773878434],[149.585169052444428,-36.141846637871289],[149.585090107454135,-36.141867721864557],[149.584990955462672,-36.141921944856293],[149.584901163466441,-36.14200071084899],[149.584815422467983,-36.142091560842147],[149.584728373469829,-36.142182034835173],[149.584634691474349,-36.142259653827537],[149.584534195481638,-36.142324857819233],[149.584430267489978,-36.142386080810589],[149.584323452499461,-36.142442509801675],[149.584214307509967,-36.142493343792509],[149.584103378521661,-36.142537805783149],[149.583968801537651,-36.142577775771713],[149.583829770556008,-36.142605285759807],[149.583688444575529,-36.142626727747654],[149.583547001595036,-36.142648465735498],[149.583409753613012,-36.142676441723729],[149.583407603613296,-36.142676881723553],[149.5832637306506,-36.1425672427103],[149.578162816961878,-36.138752664241352],[149.577569823114374,-36.138308669186841],[149.562181683069298,-36.126795248772737],[149.559397723784571,-36.124712297517014],[149.557680845225605,-36.12342772335932],[149.557210711346386,-36.123075869316125],[149.54777086077118,-36.116010791449298],[149.547770859771219,-36.116010791449298],[149.547965836890796,-36.114870797458671],[149.548891806809308,-36.114378792535831],[149.549088799793481,-36.114262789552157],[149.548358784071411,-36.11303079848058],[149.548478776160437,-36.11221180448559],[149.548029762311899,-36.111601805442547],[149.547281754540535,-36.110764821372044],[149.546459758742344,-36.110219829297037],[149.545888771829027,-36.110246828247632],[149.545888770829038,-36.110246828247632],[149.544737771153535,-36.10916584414052],[149.544737770153517,-36.109165844140513],[149.544014772326847,-36.108717851074765],[149.543633768498523,-36.107872853036085],[149.543028753679721,-36.107223860979239],[149.543029740776831,-36.106485865974435],[149.54356872774494,-36.106081859018552],[149.544246709736456,-36.105333851072473],[149.544597670823777,-36.104250860095767],[149.544658662839197,-36.104060860099793],[149.544945662826564,-36.103812863123068],[149.545487921751402,-36.103732815169622],[149.545758777713928,-36.103692832192898],[149.54602963267638,-36.103652848216143],[149.547039621485112,-36.103892849305439],[149.548040607220543,-36.104699839397732],[149.549296595001067,-36.104858824507865],[149.550843579721544,-36.105124812644],[149.551779561480771,-36.105828807729964],[149.552554560364911,-36.105778797796944],[149.551742550621697,-36.104804807719958],[149.55171754368908,-36.104323810714604],[149.551312276857914,-36.103529531674127],[149.551193540907377,-36.103296817662269],[149.551406506068673,-36.101818830670972],[149.551170490268703,-36.100584833642287],[149.551693469269537,-36.099951833683505],[149.551693470269555,-36.099951833683505],[149.551949457316852,-36.099286833701342],[149.551893430533283,-36.09771285068603],[149.551656425634661,-36.097227846662236],[149.552898388528376,-36.096545850765587],[149.553731342461646,-36.09605442783468],[149.554007434439484,-36.095891543857597],[149.554132356429506,-36.095817842867952],[149.554993333384743,-36.09512584293816],[149.55544233624633,-36.095637837980576],[149.555739393162241,-36.095919450008246],[149.556096336061245,-36.096257839041506],[149.556096337061234,-36.096257839041506],[149.557292326785642,-36.096914818149756],[149.558154311632734,-36.097041810225505],[149.559025289539619,-36.096704811298949],[149.559557277509555,-36.096295821342451],[149.560116094470203,-36.095924874388565],[149.560116095470221,-36.095924874388565],[149.560244253461178,-36.095839806399134],[149.560949593333277,-36.095964612461259],[149.561493240234768,-36.096060804509122],[149.562786220984577,-36.096408795623802],[149.56317021498765,-36.095925790653972],[149.5629302081297,-36.095136800627884],[149.562874956181162,-36.094812761620936],[149.562856204198653,-36.094702800618577],[149.562865189266745,-36.094175809615855],[149.56328317428779,-36.093515819647806],[149.564388749130472,-36.093385009743024],[149.564458148120565,-36.093376798748999],[149.564816136100546,-36.093099803778273],[149.564887409095689,-36.093051621784142],[149.565285124068367,-36.092782792816941],[149.566092109995935,-36.092365807884327],[149.566321301962148,-36.092347252904112],[149.567698081759431,-36.092235795023043],[149.568654056649933,-36.091921797104057],[149.568654057649923,-36.09192179710405],[149.568000056825923,-36.091370800043563],[149.568064950901061,-36.090723503044906],[149.568372041909555,-36.090291808068741],[149.568334036950233,-36.090028814063686],[149.568334035950244,-36.090028814063693],[149.568309401989723,-36.089759503059767],[149.568287020025537,-36.089514820056188],[149.568361017072789,-36.089067821059672],[149.568374006091204,-36.088912816059761],[149.568361895109348,-36.088789992057897],[149.568311992183993,-36.088283822050201],[149.568715003172997,-36.087885059082588],[149.568715004172986,-36.087885059082588],[149.568743670172182,-36.087856697084888],[149.568743671172172,-36.087856697084888],[149.569254958158211,-36.087350806125983],[149.569970938085703,-36.087043808186188],[149.570832933920826,-36.087261803262578],[149.571706913782691,-36.087262799338561],[149.572179728706175,-36.087277070379763],[149.572799902605766,-36.087295796433814],[149.574367865407055,-36.086925781567679],[149.574367866407044,-36.086925781567686],[149.574820852361512,-36.086728780605767],[149.575273837316018,-36.086531779643856],[149.575273838315979,-36.086531779643856],[149.57691583594999,-36.087340779792022],[149.577096674920909,-36.087344697807765],[149.577096675920956,-36.087344697807765],[149.57751482785369,-36.087353769844199],[149.578796803662129,-36.087271767955137],[149.578796804662147,-36.087271767955137],[149.579466790550782,-36.087313773013683],[149.580066786451226,-36.087350759066119],[149.58067277935524,-36.08735275811884],[149.580653766426224,-36.086837759113763],[149.579855754686889,-36.085817756037592],[149.580111738707075,-36.085358746056812],[149.58003272974517,-36.085164748048648],[149.579830725842641,-36.084667748027776],[149.579155235022313,-36.084114472965375],[149.578907721088143,-36.08391174294249],[149.579054712079369,-36.08380274095456],[149.579066715078483,-36.083794744955554],[149.579440701049009,-36.083570743986584],[149.580077682010909,-36.083097733038848],[149.580098425008373,-36.083092166040615],[149.581125652882577,-36.082816722128136],[149.582028649718779,-36.082977724207737],[149.582409627750394,-36.082282720236265],[149.58316160767157,-36.081980714299675],[149.583730568715225,-36.080969694342457],[149.583571564787718,-36.080610704326254],[149.583574549859861,-36.080060700322868],[149.582641568046341,-36.079763705239735],[149.581823549278397,-36.078983703163402],[149.581255545434004,-36.078483701110677],[149.580633551552808,-36.078327700055539],[149.580485556582886,-36.078276704042331],[149.580485555582896,-36.078276704042324],[149.579835558715189,-36.078051698984311],[149.579305562817297,-36.077911707937282],[149.578879556929536,-36.077570699897954],[149.578579075048367,-36.077029632868246],[149.57857855504858,-36.077028700868183],[149.57858045504986,-36.077016877868274],[149.578718526141301,-36.076158691874596],[149.578442965201447,-36.076032326849784],[149.578442964201457,-36.076032326849784],[149.577523536402197,-36.075610695767033],[149.577911514429644,-36.074938693796312],[149.577911514429644,-36.074938692796316],[149.578538482438518,-36.074121679845412],[149.578183480530441,-36.073849685812732],[149.577360477741337,-36.073235687737089],[149.576483484927991,-36.072869687658383],[149.577047453945227,-36.072064677702095],[149.577716445840991,-36.072054673760213],[149.578461424757222,-36.071798671823295],[149.579479392654008,-36.071363658908936],[149.580067376617592,-36.070936641957239],[149.580371353665811,-36.070207645978847],[149.580607338681631,-36.069805646996713],[149.581316228629618,-36.069352276055348],[149.581356315626692,-36.069326639058666],[149.581600306635352,-36.068969631077522],[149.582011286634213,-36.068486633110062],[149.581388028791878,-36.068036847052866],[149.581217282835098,-36.067913628037203],[149.580940280911022,-36.067669130011488],[149.580663280987039,-36.067424632985755],[149.580663279987021,-36.067424632985748],[149.579926278163839,-36.06696563191862],[149.579072287322077,-36.066787633843155],[149.578494278513233,-36.066029629787863],[149.576795306792718,-36.065942641639531],[149.576430803874132,-36.065761640606624],[149.576066300955489,-36.065580639573732],[149.576066299955528,-36.065580639573732],[149.575900276151458,-36.064293635550747],[149.575055266375358,-36.06360663447272],[149.573296287724759,-36.063061632316156],[149.57186731193022,-36.063212647192927],[149.571853309936131,-36.063184644191509],[149.571824310946766,-36.063138640188676],[149.571796307958692,-36.063081629185874],[149.571781310967168,-36.063035644184268],[149.571760308976394,-36.06299064518214],[149.571760307976376,-36.062990645182133],[149.571745302985619,-36.062938645180488],[149.571745301985601,-36.062938645180488],[149.571730802990885,-36.06291614617907],[149.571716303996112,-36.06289364617767],[149.57169530100694,-36.062836653175452],[149.571680304017633,-36.062773645173742],[149.571658307029423,-36.062710637171406],[149.571637304039456,-36.062659641169247],[149.571622298047856,-36.062613638167647],[149.571622298047856,-36.062613637167644],[149.571608296057605,-36.062556645166026],[149.571608296057605,-36.062556644166023],[149.571593300066013,-36.06251064116443],[149.571593299066024,-36.062510641164437],[149.571579298074937,-36.06245963616287],[149.571579297074976,-36.06245963616287],[149.571568299080127,-36.062433636161735],[149.571557300085288,-36.062407636160607],[149.571543298095008,-36.062350643159022],[149.571528292104119,-36.062299638157377],[149.57151429011239,-36.062253635155855],[149.571492293121935,-36.062207641153641],[149.571477287130222,-36.062162641152035],[149.57146329413851,-36.062116638150506],[149.571448288147735,-36.062064638148861],[149.571427286157729,-36.062013642146695],[149.571427285157739,-36.062013642146695],[149.571405288168762,-36.061956640144402],[149.57138428517959,-36.061899638142194],[149.571369288188777,-36.061847638140549],[149.571355286196933,-36.061802648139043],[149.571347281205703,-36.06174563713796],[149.571332285214964,-36.061693637136308],[149.571316937222861,-36.061651982134705],[149.571311282225821,-36.061636635134107],[149.571311282225821,-36.061636634134111],[149.571289293235338,-36.061590631131885],[149.57128227424235,-36.061545632130986],[149.571253276252975,-36.061499638128154],[149.571246275260819,-36.061448633127213],[149.571231278269266,-36.061402639125596],[149.571203265279763,-36.061356635122856],[149.571188277288826,-36.061305630121218],[149.571174276297114,-36.061259636119694],[149.571166271304463,-36.061213633118683],[149.571159270311512,-36.061168634117777],[149.571151274318765,-36.061122630116785],[149.571151265324886,-36.061076636116489],[149.571143269332879,-36.061025631115442],[149.571129258342609,-36.060968629113852],[149.571114261352591,-36.060910632112162],[149.571107260359639,-36.060865633111256],[149.571092263369508,-36.060808631109573],[149.571078261378602,-36.060756622108009],[149.571056264388773,-36.060705635105748],[149.571034257398338,-36.060659632103537],[149.571013263407707,-36.060613628101407],[149.571970232382682,-36.059658624178262],[149.571569192651651,-36.058098612133051],[149.571368165843182,-36.056886609107522],[149.571867138878929,-36.05601860014513],[149.572634106886056,-36.055047594205377],[149.572941096824309,-36.055148502232726],[149.573644097683001,-36.055379594295403],[149.57364409868299,-36.055379594295403],[149.57475705961869,-36.054536585386572],[149.575163029689975,-36.053510577415054],[149.57485602280758,-36.052985574384877],[149.574821009911233,-36.052241563376896],[149.574821008911215,-36.052241563376896],[149.574390505046296,-36.051732072336065],[149.57396000018133,-36.051222581295249],[149.573961981251983,-36.050684564291856],[149.573963962322608,-36.050146562288454],[149.573963963322598,-36.050146562288454],[149.574069316399118,-36.049440316292937],[149.574101954422787,-36.049221559294317],[149.574123943443198,-36.049040559295015],[149.574123944443187,-36.049040559295015],[149.57417284306095,-36.044296539267769],[149.573871912143119,-36.044033204239867],[149.572547829504543,-36.042874545117037],[149.572526646590177,-36.042250167111042],[149.57245175889301,-36.040042526089877],[149.570792754316187,-36.038815533937502],[149.57053970567182,-36.036419522899578],[149.57085167872836,-36.03561751492137],[149.571372637822606,-36.034279514957781],[149.570614641010849,-36.0337575148884],[149.570433612223184,-36.032362520863401],[149.570433611223194,-36.032362520863408],[149.570478583276412,-36.031904514864273],[149.57029558241004,-36.031109507843091],[149.570362569453778,-36.03069750484616],[149.570144554593526,-36.029897495821913],[149.57014354070381,-36.029061496816269],[149.569999505888461,-36.027832488795561],[149.570417440101892,-36.025712470817808],[149.569835423359081,-36.024456481758882],[149.569285087521251,-36.023883395707223],[149.568698411694157,-36.02327246365217],[149.568944230691017,-36.023002234671743],[149.569615363682487,-36.022264454725182],[149.569598367693743,-36.022199456723264],[149.569583361702314,-36.022152458721656],[149.569554363713451,-36.022102457718795],[149.569535359722266,-36.022058453716866],[149.569535359722266,-36.022058452716855],[149.569504362734364,-36.022003450713811],[149.569504361734374,-36.0220034497138],[149.569498355736016,-36.021998076713231],[149.569447360750047,-36.021952453708515],[149.569447359750058,-36.021952453708515],[149.569426361756399,-36.021929452706523],[149.569405363762741,-36.021906450704542],[149.569355362777344,-36.02185545469986],[149.569305360791304,-36.021809451695205],[149.569269361803663,-36.021758455691746],[149.569234357815077,-36.021713455688406],[149.569234356815116,-36.021713455688406],[149.569205358825741,-36.021667461685574],[149.569184355836541,-36.021610450683362],[149.569162358846057,-36.021564456681155],[149.569162357846068,-36.021564456681155],[149.569147854852076,-36.021535955679703],[149.569133350858181,-36.021507454678243],[149.569119357867095,-36.021456449676691],[149.569097350876575,-36.021410463674478],[149.56906935688707,-36.021364451671737],[149.569040348897573,-36.021319452668912],[149.569019354906885,-36.021273449666793],[149.568976354919641,-36.021228450662747],[149.56892635393433,-36.021176450658068],[149.568884348947648,-36.021125453654065],[149.568841347960387,-36.021080454650033],[149.568798356973218,-36.021034451645988],[149.568756350986547,-36.020983455642003],[149.568720342998262,-36.020937452638563],[149.568670351012059,-36.020892452633923],[149.568621345026656,-36.020840452629308],[149.568578345039327,-36.020795453625276],[149.568578344039338,-36.020795453625269],[149.568528343056158,-36.020727452620484],[149.568442342086314,-36.020601454612162],[149.568400346100447,-36.020544452608142],[149.568357346113118,-36.020499453604089],[149.568307345127067,-36.02045345059944],[149.568307344127106,-36.020453450599447],[149.5682653391396,-36.02040845059549],[149.56820833715463,-36.020362447590237],[149.568158345169252,-36.020311442585552],[149.568094342185248,-36.020266452579683],[149.568038344198527,-36.020232451574607],[149.567981342214352,-36.020180451569281],[149.56792434022924,-36.020135452564034],[149.567924339229251,-36.020135452564034],[149.567882334241915,-36.020089449560089],[149.56783234225577,-36.020044449555442],[149.567789342269236,-36.019993453551372],[149.567747336281911,-36.019947450547406],[149.567697335295691,-36.019902451542762],[149.567661336307424,-36.019856439539311],[149.567633332317911,-36.019810453536572],[149.567583331336976,-36.019725448531659],[149.56755434134763,-36.019679463528846],[149.567519337359812,-36.019628448525467],[149.56750540236493,-36.019606384524096],[149.567483338372995,-36.019571446521958],[149.567483337373005,-36.019571446521958],[149.56746133138256,-36.019525452519737],[149.567440328395605,-36.019451446517422],[149.567425331405445,-36.019394452515741],[149.56741032541612,-36.019331445514005],[149.567389323426141,-36.019280440511849],[149.567381327433452,-36.019234445510854],[149.567367325441722,-36.019188451509322],[149.567352319452368,-36.019125443507605],[149.567345318461747,-36.019062444506574],[149.567337322469768,-36.019011448505537],[149.567330322477716,-36.018959448504596],[149.567330321477698,-36.018959448504596],[149.56732231748569,-36.018908443503562],[149.567322316485701,-36.018908443503562],[149.56731531549363,-36.018856443502592],[149.567314311502088,-36.018793444502094],[149.567307310510699,-36.018736442501108],[149.567306315517584,-36.01868544650069],[149.567299314526167,-36.01862844449969],[149.567298310533971,-36.018570447499222],[149.56729030554277,-36.018513445498144],[149.567283304549932,-36.018467442497226],[149.567283304555843,-36.018422442496934],[149.567275309563144,-36.018376439495924],[149.567275308563183,-36.018376439495924],[149.567275308570686,-36.018319446495553],[149.567275309570675,-36.01831944649556],[149.567281305576557,-36.018267446495727],[149.56728130558264,-36.018221443495428],[149.567287302589193,-36.018164441495564],[149.567294303594792,-36.018113436495845],[149.567301295601993,-36.018050437496022],[149.567307291610149,-36.01798144149609],[149.567327290625173,-36.017843441496908],[149.567340288630618,-36.017786439497669],[149.567354289636711,-36.017723431498467],[149.567360286644885,-36.017654435498521],[149.567381280649073,-36.017597433499965],[149.567395281653717,-36.017545433500835],[149.56740127866027,-36.017488440500976],[149.567422281664477,-36.017431438502442],[149.567436273669131,-36.017379438503305],[149.56743627466912,-36.017379438503305],[149.567442279674907,-36.017328433503479],[149.567442280674896,-36.017328433503479],[149.56744927168063,-36.017276433503746],[149.567449272680648,-36.017276433503746],[149.567455770683353,-36.017247932504112],[149.567462269686104,-36.0172194315045],[149.567476270692168,-36.017156432505288],[149.567497273694926,-36.017110429506815],[149.56751727270165,-36.01703543650806],[149.56753126470619,-36.016984431508931],[149.567544262710157,-36.016938428509754],[149.567558264716297,-36.01687543851056],[149.567572265720116,-36.016829435511468],[149.56759925672273,-36.016777426513464],[149.567613258727278,-36.016726429514343],[149.567634260730784,-36.016674429515831],[149.567654259735917,-36.016611431517148],[149.567682253739832,-36.016548432519151],[149.567702252744965,-36.016485433520472],[149.567716244750272,-36.016428431521312],[149.567716245750262,-36.016428431521312],[149.567722250756987,-36.016370425521458],[149.567722251756976,-36.016370425521458],[149.567736243760805,-36.016324431522357],[149.567757245764227,-36.016273426523846],[149.567778239766994,-36.016227422525368],[149.567784245772884,-36.016175422525549],[149.567798238778181,-36.016118420526389],[149.567811235782216,-36.016072426527202],[149.567825237786735,-36.016021412528076],[149.567839239792164,-36.015963424528906],[149.567838235798376,-36.015917421528528],[149.567838235805084,-36.015866425528181],[149.567859237807852,-36.0158204225297],[149.567865225812966,-36.015774418529915],[149.567927220834122,-36.015539419533759],[149.567933225839255,-36.015493415533953],[149.567933226839244,-36.015493415533953],[149.567940217844864,-36.015442410534234],[149.567953215850338,-36.015385417534979],[149.567960216855283,-36.015339414535276],[149.567981218859643,-36.015281417536734],[149.56799421686506,-36.015224415537482],[149.568008209870385,-36.015167413538322],[149.568014214877081,-36.015109416538444],[149.568042209880957,-36.015046417540461],[149.568055207887227,-36.014983418541178],[149.56806920889332,-36.014920419541966],[149.568097203895604,-36.014869414544073],[149.568103200901504,-36.014817414544261],[149.56812420290575,-36.014760412545691],[149.56813819590954,-36.014714409546606],[149.568151192915025,-36.014657416547358],[149.568151193915043,-36.014657416547358],[149.568165194921903,-36.014588411548111],[149.568171191929281,-36.01452541254821],[149.568178192936472,-36.014462413548408],[149.568191189941274,-36.014410412549189],[149.568198190946219,-36.014364409549486],[149.568212183949925,-36.014319410550407],[149.568211188956951,-36.014267410549976],[149.568211188963005,-36.014221406549666],[149.568217185968763,-36.014170410549859],[149.568217185976408,-36.014112404549465],[149.568216181984099,-36.014055411549002],[149.568216180984109,-36.014055411549002],[149.56820918099271,-36.013998409548009],[149.568215177000042,-36.013935410548115],[149.568208176007204,-36.0138894065472],[149.568214173013757,-36.013832404547351],[149.568221174019499,-36.013780404547596],[149.568214173027314,-36.013729408546659],[149.568213169034209,-36.013678403546244],[149.568213169040291,-36.013632399545941],[149.568212156052567,-36.013540402545232],[149.568211170060977,-36.013477403544726],[149.568211161068518,-36.013420401544359],[149.568196164076909,-36.013374397542734],[149.568203165082508,-36.013323401543005],[149.568188159092415,-36.013266399541315],[149.568181158099577,-36.013220396540405],[149.568180163106604,-36.013168395539978],[149.568173153114373,-36.01311739953902],[149.568173153120426,-36.01307139653872],[149.568172158128107,-36.013014394538253],[149.568158156137173,-36.012962394536693],[149.56815715214546,-36.012900398536203],[149.568149147153605,-36.012848389535151],[149.56814914715963,-36.012802395534841],[149.568142146169038,-36.01273939653381],[149.568134150177826,-36.012682394532746],[149.568126154188036,-36.012614393531599],[149.568126154195653,-36.012556396531217],[149.568125141201762,-36.012511396530833],[149.568125141214693,-36.012413393530181],[149.568131138222014,-36.012350394530273],[149.568123133232206,-36.012282393529134],[149.568123133238259,-36.012236390528813],[149.568116132246246,-36.012184389527867],[149.568115137252306,-36.012139390527473],[149.568115128259961,-36.012081393527097],[149.568115127259972,-36.012081393527097],[149.56811413326605,-36.012036394526717],[149.568114132266032,-36.012036394526717],[149.568114132272115,-36.011990390526407],[149.568127130277702,-36.011932393527147],[149.568134131282505,-36.011887385527459],[149.568147120292593,-36.011795387527975],[149.568161121297209,-36.011743396528857],[149.568168122302836,-36.011692382529141],[149.568181120307656,-36.011640382529905],[149.568188121312573,-36.011594388530213],[149.56819411731837,-36.011543382530398],[149.568201118325561,-36.011480374530571],[149.568214125331821,-36.011417384531292],[149.568221108337553,-36.011365384531558],[149.568214107345369,-36.01131437953061],[149.568213112353845,-36.011251380530098],[149.568213112361349,-36.011194378529723],[149.568219108368027,-36.011136381529852],[149.56821910837553,-36.011079379529477],[149.568218104383988,-36.011016379528975],[149.568225105389615,-36.010965383529253],[149.568231102395515,-36.010913383529413],[149.568238103400461,-36.010867380529724],[149.568244100406218,-36.010816375529913],[149.568251091413401,-36.01075337653009],[149.568251092413419,-36.010753376530083],[149.568251091419484,-36.010707381529791],[149.568251092419501,-36.010707381529791],[149.568264089424957,-36.010650379530539],[149.56827809143104,-36.010587371531344],[149.56828408843694,-36.01053537153151],[149.56829808944147,-36.010484375532393],[149.568298090441459,-36.010484375532393],[149.568305099446405,-36.010438371532693],[149.568304086452628,-36.010392377532298],[149.568311087457602,-36.010346374532588],[149.568310083465235,-36.010289372532142],[149.568331085469453,-36.010232370533572],[149.568330081476404,-36.01018037853315],[149.568337064489725,-36.010071367533023],[149.568357072493228,-36.010020371534431],[149.568357072500106,-36.009968371534086],[149.568363068505903,-36.009917375534272],[149.568363069505892,-36.009917375534272],[149.568370069511644,-36.00986536553453],[149.568369065519306,-36.009808372534067],[149.568376066525701,-36.009751370534282],[149.568383067531443,-36.009699370534562],[149.568382063537655,-36.00965336753417],[149.568382063545158,-36.009596364533792],[149.568388059551722,-36.009539362533928],[149.568388059558544,-36.009487362533584],[149.568387064566224,-36.009430369533128],[149.568387064573074,-36.009378369532776],[149.568379059581076,-36.009327364531742],[149.56837905958713,-36.009281360531425],[149.568371054595104,-36.009230364530389],[149.568371054602608,-36.009173362530021],[149.568370051609577,-36.009121362529591],[149.568370050609559,-36.009121362529591],[149.568363049617403,-36.009070366528633],[149.568363050617421,-36.009070365528643],[149.568363049624253,-36.009018365528298],[149.568363050624271,-36.009018365528298],[149.568369548627004,-36.008989864528672],[149.568376047629727,-36.008961363529046],[149.568383048635468,-36.008909363529298],[149.568375043644238,-36.008852361528227],[149.568375043647421,-36.008828176528077],[149.56837999165711,-36.008748629527972],[149.568459044637081,-36.008806358535224],[149.568537040619674,-36.00884536054226],[149.568601043603508,-36.008891355548137],[149.568664042589944,-36.008919358553811],[149.568721044576478,-36.00895335955898],[149.568778046565257,-36.008970355564045],[149.568834044554194,-36.008987359569034],[149.568891038542347,-36.009009357574129],[149.568947045529711,-36.009038356579197],[149.569004047518661,-36.009054357584262],[149.569060045505978,-36.009083355589311],[149.569124039494483,-36.00909435459495],[149.569180037482766,-36.009116361599965],[149.569251040470789,-36.009122358606184],[149.569251041470807,-36.009122358606184],[149.569314039458732,-36.009138359611761],[149.56931404045875,-36.009138359611761],[149.569323425457071,-36.009139972612587],[149.569378034447226,-36.009149358617385],[149.569448034434629,-36.009161360623573],[149.569505036423578,-36.009177352628612],[149.569582036410679,-36.009183358635354],[149.569646030399127,-36.009194357640986],[149.56972303138636,-36.009199350647741],[149.569793031375326,-36.009199350653816],[149.569857034365384,-36.009198355659358],[149.569920033354691,-36.009204352664881],[149.570019031340678,-36.009192350673409],[149.570145029320969,-36.009191355684358],[149.570209023311719,-36.009185349689872],[149.570293025300032,-36.009173355697087],[149.570349023291357,-36.009172351701956],[149.570413025282079,-36.009166354707475],[149.570483016272647,-36.009154352713495],[149.570553016263062,-36.009143353719516],[149.570617019254598,-36.009131350724985],[149.570694020244019,-36.009119356731603],[149.570729020239327,-36.009113346734594],[149.570764019234616,-36.0091073367376],[149.570764020234606,-36.0091073367376],[149.570828013225338,-36.00910134874313],[149.570828014225327,-36.00910134874313],[149.570884011216492,-36.009101348748004],[149.57088401221651,-36.009101348748004],[149.57095401120705,-36.009089345754006],[149.571025006197459,-36.009077342760094],[149.571081004188642,-36.009077342764961],[149.57113701118223,-36.00905934276971],[149.57120700217277,-36.009047349775713],[149.571285006162071,-36.009035346782426],[149.571348005153595,-36.009024347787822],[149.571411004144579,-36.009017346793257],[149.571481999135671,-36.009000342799311],[149.571551999126228,-36.00898833980532],[149.57161499811707,-36.008982342810754],[149.571677996108747,-36.008970339816145],[149.571734989099809,-36.008970339821097],[149.571811990090083,-36.00895234082769],[149.571874989080897,-36.008946343833124],[149.571938992072432,-36.008934340838607],[149.57200199106407,-36.008922337844005],[149.572057989058322,-36.008899336848721],[149.572120988050642,-36.008882340854079],[149.572191982041033,-36.008870337860174],[149.572191983041023,-36.008870337860174],[149.572254972032709,-36.008858334865579],[149.572254973032699,-36.008858334865579],[149.572331982022149,-36.008846341872179],[149.572409978011478,-36.008834338878884],[149.572465976004224,-36.008822335883686],[149.572521973996857,-36.008811336888456],[149.572584971988533,-36.008799334893865],[149.572584972988523,-36.008799334893872],[149.572655966978914,-36.00878733189996],[149.572711964971717,-36.008775337904737],[149.572774963962587,-36.008769331910194],[149.572830970955323,-36.008757337914979],[149.572887963948602,-36.008740333919818],[149.57295096294024,-36.008728330925223],[149.57301396193111,-36.008722333930649],[149.573168957913595,-36.00867033394379],[149.573294955901389,-36.008612327954367],[149.573350953895726,-36.008588330959078],[149.573406951889154,-36.008571326963832],[149.573462949883407,-36.008548333968541],[149.57351894787692,-36.008530324973293],[149.573574945871144,-36.008507332978006],[149.573638948864101,-36.008484330983407],[149.573708938857663,-36.008449326989265],[149.573785939847141,-36.008437323995878],[149.573855939838495,-36.008419324001856],[149.573939931830552,-36.008379327008889],[149.573996933823963,-36.008361327013709],[149.574108920812392,-36.008315324023151],[149.574178929804418,-36.008292323029082],[149.574234927798727,-36.008268326033793],[149.57430592278979,-36.008251321039872],[149.574368921782906,-36.008228320045191],[149.574438920776544,-36.008193324051049],[149.574501919769602,-36.008170323056362],[149.574599913756572,-36.008152323064763],[149.574684910746356,-36.008128317071993],[149.574761910738061,-36.008099319078497],[149.574824909730381,-36.008082314083865],[149.574894909720911,-36.008070321089875],[149.574894909720911,-36.008070320089871],[149.574958903713906,-36.008047319095283],[149.575021902706339,-36.008029319100643],[149.575077900699796,-36.008012315105404],[149.575133898692513,-36.008000321110181],[149.575196897683412,-36.007994315115617],[149.575253899677477,-36.007971313120429],[149.575309897671019,-36.007953314125167],[149.575379896663804,-36.007924315131078],[149.575379897663822,-36.007924315131078],[149.575435894658028,-36.007901305135782],[149.575435895658075,-36.007901305135782],[149.575491892651627,-36.007883314140535],[149.575491893651616,-36.007883314140535],[149.575568893642497,-36.007860312147081],[149.575632887633219,-36.007854315152613],[149.575688885626789,-36.007836316157359],[149.575758884617329,-36.007824313163368],[149.575758885617347,-36.007824313163368],[149.575836880606516,-36.007813314170072],[149.575892878599291,-36.007801311174859],[149.575948876591241,-36.007795315179685],[149.576018876581827,-36.007783312185694],[149.576082879571715,-36.007783312191258],[149.576138877563068,-36.007782308196134],[149.57620187555537,-36.007765312201492],[149.576201876555388,-36.007765312201499],[149.57626586954612,-36.007759306207014],[149.576265870546081,-36.007759306207014],[149.576321867538866,-36.007747304211797],[149.576321868538827,-36.007747304211797],[149.576377874532454,-36.007729304216568],[149.5764338725252,-36.007717310221345],[149.576503863516422,-36.00770029622732],[149.576567866507958,-36.007688303232811],[149.576637866497691,-36.007682306238848],[149.576736864484474,-36.007664306247342],[149.57679986347614,-36.007652303252748],[149.576862862467692,-36.007641314258144],[149.576918860459671,-36.007635299262979],[149.576982853451995,-36.007617299268432],[149.577045852443632,-36.00760530527382],[149.577101850435611,-36.007599299278645],[149.57715784842901,-36.00758230428341],[149.577213846421813,-36.007570310288195],[149.577284850412184,-36.007558289294288],[149.57735485040277,-36.007546304300298],[149.577410848396994,-36.007523303305014],[149.577473846389438,-36.007505312310379],[149.577530839383485,-36.007482302315168],[149.577670839367528,-36.007436298327058],[149.577747830359328,-36.007406296333542],[149.577747831359346,-36.007406296333535],[149.577824831350227,-36.007383294340087],[149.577888834342446,-36.007366290345537],[149.577951833334879,-36.007348299350895],[149.578007831327625,-36.007336296355689],[149.578070829319302,-36.007324293361094],[149.578070830319319,-36.007324293361094],[149.578141833310383,-36.007307307367157],[149.578197813302324,-36.007301301371974],[149.578253820295089,-36.007289298376755],[149.578316819286783,-36.007277295382167],[149.578394815276084,-36.007265293388876],[149.578457813268443,-36.007248297394241],[149.578457814268432,-36.007248297394241],[149.578513811261189,-36.007236303399026],[149.578513812261178,-36.007236303399026],[149.578633812245442,-36.007212289409296],[149.578710813235574,-36.00719529341589],[149.578780804225318,-36.00718928742193],[149.578851807215756,-36.007177293428036],[149.578914806208218,-36.007159294433386],[149.578977805199088,-36.007153288438822],[149.579033803190271,-36.007153288443682],[149.579090805181409,-36.007152293448648],[149.579153795172317,-36.007146287454084],[149.579216794161596,-36.0071522844596],[149.579273796152762,-36.007151289464559],[149.579329794143945,-36.007151289469434],[149.579385792135923,-36.007145283474252],[149.579442794126294,-36.007150276479244],[149.579498792116681,-36.007156291484158],[149.579561790106084,-36.007161284489676],[149.579561791106102,-36.007161284489669],[149.579618792097136,-36.007161284494629],[149.579618793097126,-36.007161284494629],[149.579674790087665,-36.007166286499526],[149.579674791087683,-36.007166286499526],[149.579731792078718,-36.007166286504479],[149.579731793078679,-36.007166286504479],[149.579787790068423,-36.007177285509428],[149.579787791068441,-36.007177285509421],[149.579843788058952,-36.007182287514325],[149.579843789058941,-36.007182287514325],[149.579907783048071,-36.007188284519941],[149.579963781038657,-36.007193286524846],[149.580027784026299,-36.007210282530529],[149.580090783014157,-36.007227295536119],[149.580161786001526,-36.007238285542378],[149.580273781982612,-36.007248280552169],[149.580337775971685,-36.007254286557782],[149.580393773961447,-36.007265285562724],[149.580457776949913,-36.00727628456837],[149.580513774939647,-36.007287283573312],[149.580570776928454,-36.007304279578385],[149.580626774918983,-36.007309281583282],[149.580682772909398,-36.007315277588191],[149.580682772909398,-36.007315278588194],[149.580733340899656,-36.007328713592699],[149.580746775897069,-36.007332282593865],[149.580802773887598,-36.007337284598769],[149.580859766877182,-36.007348292603801],[149.580915773866138,-36.007365279608791],[149.581007771850182,-36.007376278616867],[149.581063769838465,-36.007398284621885],[149.581134764825066,-36.007415280628173],[149.581190762814003,-36.007432276633146],[149.581254765803294,-36.007437278638754],[149.581317763792612,-36.007443275644277],[149.581317764792601,-36.007443275644277],[149.58138176678105,-36.007454283649906],[149.581381767781068,-36.007454283649906],[149.581437764773028,-36.007448277654738],[149.581437765773046,-36.007448277654738],[149.581507764760573,-36.007459276660896],[149.581564757750925,-36.007464278665886],[149.581564758750943,-36.007464278665886],[149.581627756741824,-36.007458281671333],[149.581627757741785,-36.00745828167134],[149.581691759731058,-36.007463283676934],[149.581817757711235,-36.007463283687898],[149.581874750702383,-36.007462279692845],[149.581951751691065,-36.007456273699503],[149.582007749682276,-36.007456273704364],[149.582064751672618,-36.00746127570936],[149.58227574564259,-36.007437270727564],[149.582345745632352,-36.007431273733602],[149.582401743624331,-36.007425276738431],[149.582458736616132,-36.007419270743355],[149.582521743607828,-36.007407276748751],[149.58258474259722,-36.007412269754276],[149.582640740590023,-36.00740027675905],[149.582697724581863,-36.007394270763974],[149.582760732574172,-36.00737727476934],[149.582816730568339,-36.007354272774073],[149.582872728563387,-36.007325274778744],[149.582949728553643,-36.007307265785329],[149.582949729553633,-36.007307265785336],[149.583013722546582,-36.007284273790731],[149.583083722538731,-36.007260267796674],[149.583139720532927,-36.007237266801383],[149.583209719528014,-36.007191262807154],[149.583209720528032,-36.007191262807162],[149.583321715518025,-36.007133265816513],[149.583384714513357,-36.007093268821741],[149.583440712509969,-36.007052267826332],[149.583496710507205,-36.007006263830895],[149.583552707503685,-36.006966266835498],[149.583552708503703,-36.006966266835498],[149.583615706502172,-36.006902263840558],[149.58367170449867,-36.006862266845168],[149.583719697498566,-36.006805264848964],[149.583782695496325,-36.006747258854055],[149.583838693494357,-36.006695257858581],[149.583880689493839,-36.006649263861924],[149.5838806904938,-36.006649263861924],[149.583929686493605,-36.006592261865798],[149.584006687489932,-36.006528258872081],[149.584062684487151,-36.006482255876655],[149.584110677487274,-36.006424258880443],[149.584110678487264,-36.00642425888045],[149.584166675482152,-36.006396245885128],[149.5842306784767,-36.006361259890454],[149.584286675472498,-36.006326255895097],[149.584286676472487,-36.006326254895107],[149.584301672471554,-36.006315347896326],[149.584341670469115,-36.006286257899617],[149.584398671464726,-36.006251253904345],[149.584453665462149,-36.006205250908813],[149.584516664459869,-36.006147252913919],[149.584558660459948,-36.006096247917235],[149.584614658459572,-36.006032253921681],[149.584677656456506,-36.005980253926801],[149.584719652456698,-36.005929248930116],[149.58478164745452,-36.005871251935133],[149.584844645451454,-36.00581925194026],[149.584886642450954,-36.005773248943605],[149.584949631447842,-36.005721247948749],[149.585005638445892,-36.005669247953264],[149.585061636442362,-36.005629241957877],[149.585124635440081,-36.005571244962979],[149.585172628440063,-36.005514242966775],[149.585214624439516,-36.005468238970117],[149.585249628440039,-36.005422244972856],[149.585284624441385,-36.005370244975552],[149.585326620440838,-36.005324241978904],[149.585367621441918,-36.005267239982089],[149.585409617442167,-36.0052152389854],[149.585444612443467,-36.005163238988104],[149.585493609442636,-36.005111238992008],[149.585527610443989,-36.005060242994624],[149.585611602444487,-36.004956233001245],[149.585639606446108,-36.00491023900338],[149.585673606448296,-36.00485323700596],[149.585701600449966,-36.004807234008084],[149.585701601449983,-36.004807234008084],[149.585736595451323,-36.00475523401078],[149.585764599453768,-36.004703242012873],[149.585791589455425,-36.004658234014933],[149.585861589458119,-36.004554234020326],[149.585882591460859,-36.004508239021845],[149.585916583463842,-36.004445231024384],[149.585944586466297,-36.004393231026462],[149.585972580468564,-36.004342226028569],[149.585972581468582,-36.004342226028569],[149.585982579470851,-36.004313228029233],[149.585992579473071,-36.004284229029928],[149.586020582474731,-36.004238226032058],[149.586034575478607,-36.004192231032967],[149.586040572483569,-36.004147232033176],[149.586054573487473,-36.004101229034113],[149.586061574493215,-36.004049229034365],[149.586074572497239,-36.004003225035184],[149.586088564503314,-36.003940226035986],[149.586101562507338,-36.003894223036809],[149.586108562512948,-36.003843227037088],[149.586101561520877,-36.003791227036118],[149.586100557527004,-36.003746227035741],[149.586079563536344,-36.003700224033622],[149.586071558544319,-36.003649228032579],[149.586064566552267,-36.00359722803163],[149.586049560560696,-36.003551224030005],[149.586042550567726,-36.003506225029099],[149.586034554575832,-36.003454225028051],[149.586027553582994,-36.003408221027136],[149.586019548590968,-36.0033572250261],[149.586005546599921,-36.003306220024548],[149.586004550606162,-36.003260217024156],[149.585997549614092,-36.003208217023207],[149.58598954562288,-36.003151223022122],[149.585989544622862,-36.003151223022122],[149.585975533631114,-36.003105220020608],[149.585967546639893,-36.003048218019529],[149.585953544648049,-36.003003219018012],[149.585945539655341,-36.002957215017013],[149.585931537663583,-36.002911221015481],[149.585909539673821,-36.002860216013232],[149.585902538682404,-36.002803214012246],[149.585887532692396,-36.002745217010549],[149.585879536700389,-36.002694212009516],[149.585865534708631,-36.002648217007994],[149.585865534714685,-36.002602214007702],[149.585857529721892,-36.002557215006682],[149.58585052773131,-36.002494216005665],[149.585835521740535,-36.002442215004017],[149.585835521746475,-36.002397216003715],[149.585827516753767,-36.002351213002719],[149.585820524760919,-36.002305210001794],[149.585805518770798,-36.002248216000112],[149.585791516780517,-36.002191213998522],[149.585783520788596,-36.002139213997467],[149.58577551579819,-36.00207621499635],[149.585768514805977,-36.002025209995416],[149.5857675108129,-36.001974213995005],[149.585767509812882,-36.001974213994998],[149.58575350782192,-36.001922212993428],[149.585745511829913,-36.001871207992387],[149.585738510838667,-36.001813210991394],[149.585723504848545,-36.001756208989711],[149.585709502858265,-36.001699206988121],[149.585701506865547,-36.001653212987122],[149.585687504873704,-36.00160820398559],[149.585672498882928,-36.001556203983938],[149.585658487891067,-36.001511204982428],[149.585636498901351,-36.001459213980176],[149.58562249690948,-36.001414204978644],[149.585600498919007,-36.001368210976437],[149.585586496927277,-36.001322207974908],[149.585557497938566,-36.001271202972042],[149.585528480949165,-36.001225207969213],[149.585500495959508,-36.001180208966481],[149.585500494959518,-36.001180208966481],[149.585489491964665,-36.00115420896536],[149.585478488969841,-36.001128208964218],[149.585436491982364,-36.001083208960246],[149.585407501992961,-36.001037205957445],[149.585371493005368,-36.000986209953957],[149.585343490015816,-36.000940206951221],[149.585307490027418,-36.000895206947803],[149.585286487037564,-36.000843206945618],[149.58525748804891,-36.000792201942758],[149.585221488060597,-36.000746207939322],[149.585186484072807,-36.00069520193594],[149.585150484084551,-36.000649207932504],[149.585115479096004,-36.000604199929157],[149.585086480106639,-36.000558214926329],[149.585050480119037,-36.000507199922843],[149.585015476130565,-36.000461205919507],[149.584979476142962,-36.000410200916029],[149.584943486154515,-36.000365201912601],[149.584915473165807,-36.000313200909822],[149.584879473177381,-36.000268201906394],[149.584851479187847,-36.000222198903657],[149.584822471198493,-36.000176203900828],[149.584794477208817,-36.000131204898096],[149.584794476208799,-36.000131204898096],[149.584758477220532,-36.000085201894656],[149.584722468232911,-36.000034204891179],[149.58469447424406,-35.999983199888398],[149.584679468253256,-35.999931199886753],[149.584657470264233,-35.999874197884466],[149.584650470272067,-35.999823201883508],[149.584628472282361,-35.999771201881245],[149.58460747029315,-35.999714198879055],[149.584578462303824,-35.999668195876211],[149.584550468315712,-35.999611202873403],[149.584528461325903,-35.999560197871155],[149.584492462338289,-35.999509201867689],[149.58445046635174,-35.999457200863688],[149.584407466365207,-35.999406195859585],[149.584407465365217,-35.999406195859585],[149.5843714663784,-35.999349193856084],[149.584329461390922,-35.99930419485213],[149.584300463401576,-35.999258199849315],[149.584264463413263,-35.999212196845868],[149.584229459425501,-35.999161200842487],[149.584200461435984,-35.999116191839661],[149.584200460435994,-35.999116191839661],[149.58416545644755,-35.999070197836325],[149.584129457459966,-35.999019192832833],[149.584093458471642,-35.998973198829425],[149.584093457471653,-35.998973198829418],[149.584065445483617,-35.998916195826588],[149.584043457493806,-35.998865181824328],[149.584043456493788,-35.998865181824328],[149.584007457505464,-35.998819196820904],[149.583972453517731,-35.998768191817526],[149.583943454528367,-35.99872219681469],[149.583915451539468,-35.998671191811908],[149.583879452551173,-35.998625197808472],[149.583843452562803,-35.99858018880505],[149.583808457574378,-35.998534194801692],[149.583779449584824,-35.998489195798861],[149.583728453601026,-35.998427191794029],[149.58329744775051,-35.997807186752411],[149.58328944375927,-35.997750184751325],[149.583261448772788,-35.997681188748437],[149.5832544477814,-35.997624186747458],[149.583240445789642,-35.997578183745937],[149.583240445789642,-35.997578182745919],[149.583219443799692,-35.997527186743753],[149.583204437808917,-35.997475186742108],[149.583183443819678,-35.997418184739907],[149.58317644282684,-35.997372181738989],[149.583169442836919,-35.997304180737935],[149.583162441845644,-35.997246183736941],[149.583148439853773,-35.99720118373542],[149.583141438860935,-35.997155180734495],[149.583133433869051,-35.997103180733454],[149.583133433875787,-35.997052184733121],[149.583133433875787,-35.997052183733132],[149.583119432884047,-35.997006180731596],[149.583119431884057,-35.997006180731596],[149.583105430892942,-35.996955184730048],[149.58310543090127,-35.996892176729624],[149.583098429908432,-35.996846182728703],[149.583105430914827,-35.996789180728918],[149.583105421936068,-35.996628177727864],[149.583104417946743,-35.996548173727248],[149.583104417961749,-35.996434178726481],[149.583111417968155,-35.996377176726725],[149.583111418968144,-35.996377176726725],[149.583111417976454,-35.996314177726312],[149.583111418976443,-35.996314177726305],[149.583118409983655,-35.996251169726484],[149.583118410983673,-35.996251169726484],[149.583118409989709,-35.996205175726196],[149.583118410989726,-35.996205175726196],[149.583132411995791,-35.996142176726977],[149.583132412001845,-35.996096172726674],[149.583139413008297,-35.99603917072691],[149.583139404014332,-35.995993167726596],[149.583167407022046,-35.995901169728434],[149.583167408022064,-35.995901169728434],[149.583188401025438,-35.99585017372992],[149.583202403030782,-35.995793171730746],[149.583202403039081,-35.99573017273034],[149.583216395045952,-35.995661167731093],[149.583216396045941,-35.995661167731093],[149.583230397050613,-35.995609167731963],[149.583230398050603,-35.995609167731956],[149.583251391055484,-35.995547163733363],[149.583272402059805,-35.995489166734814],[149.583272403059823,-35.995489166734814],[149.583293387064003,-35.995432155736268],[149.583293388064021,-35.995432155736268],[149.583321391067102,-35.995375162738327],[149.583328382077354,-35.995289161738363],[149.583328383077344,-35.995289161738363],[149.583342384081192,-35.995243158739271],[149.58334238508121,-35.995243158739271],[149.583349385090628,-35.995163163739342],[149.583363378095271,-35.995111163740212],[149.583384389099479,-35.99505416174167],[149.58341237510183,-35.995003156743763],[149.583440369104267,-35.994951156745849],[149.583440370104228,-35.994951156745849],[149.583454371108104,-35.994905161746757],[149.583454372108093,-35.994905161746772],[149.583475374111543,-35.994854156748254],[149.583503368113952,-35.994802156750339],[149.583503369113942,-35.994802156750339],[149.583524371117363,-35.994751160751825],[149.583531372122337,-35.994705156752133],[149.583545365126213,-35.994659153753041],[149.583552374131187,-35.994613159753349],[149.583552375131177,-35.994613159753349],[149.58356636713566,-35.994562154754227],[149.583566368135678,-35.994562154754227],[149.583587361138427,-35.994516142755757],[149.58360835514199,-35.994464150757238],[149.583629357146179,-35.99440715775868],[149.583629358146197,-35.99440715775868],[149.583643359152262,-35.99434414975947],[149.58365036015789,-35.994293153759749],[149.583657352165062,-35.994230154759933],[149.583671353171184,-35.994167146760731],[149.583671354171202,-35.994167146760731],[149.583671353185537,-35.994058153760008],[149.583671354185554,-35.994058153760001],[149.58367834519197,-35.99400115176023],[149.583678346191931,-35.99400115176023],[149.583692347198053,-35.993938152761032],[149.58370634920351,-35.993880146761867],[149.583713341208323,-35.99383514676218],[149.58371334122188,-35.993732150761495],[149.583705345230754,-35.993674153760409],[149.583705345236694,-35.993629144760114],[149.583712337243242,-35.993571147760335],[149.583712337256031,-35.993474139759684],[149.583719338263222,-35.993411131759878],[149.583726329268842,-35.993360144760139],[149.58372633026886,-35.993360144760139],[149.583733330275379,-35.993302138760363],[149.583733331275397,-35.993302138760363],[149.583733331291199,-35.993182136759572],[149.583733330291182,-35.993182136759586],[149.583733322304738,-35.99307914075888],[149.58373332130472,-35.99307914075888],[149.583726320313332,-35.993022138757894],[149.583726321313321,-35.993022138757901],[149.583733321319073,-35.992970138758167],[149.583733322319063,-35.992970138758167],[149.583739318325655,-35.992913136758311],[149.583739319325673,-35.992913136758311],[149.583739318333187,-35.992856134757929],[149.583739319333176,-35.992856134757922],[149.583753320337792,-35.992804133758796],[149.583767313343117,-35.99274714075964],[149.583774314348744,-35.99269612675991],[149.583788315354184,-35.992638138760739],[149.583788316354173,-35.992638138760739],[149.58379531635984,-35.992587133761013],[149.583795317359801,-35.992587133761013],[149.583802308365534,-35.992535133761287],[149.583802309365552,-35.992535133761287],[149.583823311368974,-35.992484136762755],[149.583837304373617,-35.992432136763625],[149.583858306376385,-35.992386133765152],[149.583858307376374,-35.992386133765152],[149.583872308380109,-35.992341134766072],[149.583893302384411,-35.992283128767511],[149.583907304388163,-35.99223811976843],[149.583928297391708,-35.992186128769916],[149.583949300396711,-35.992123129771315],[149.583971298400741,-35.992066127772858],[149.583985299404588,-35.992020124773759],[149.584006293407356,-35.99197413077529],[149.58406229140607,-35.991917128779775],[149.584111288405211,-35.991865128783701],[149.584146284405762,-35.991819124786439],[149.584209283403339,-35.991762122791535],[149.58426628539965,-35.99172212579623],[149.584322283396091,-35.991682119800828],[149.584442266387128,-35.991607126810777],[149.584519276380291,-35.991567120817209],[149.584582275377073,-35.991516124822347],[149.584653270371973,-35.991470120828218],[149.584709268368442,-35.991430123832821],[149.584779268362809,-35.99138912283864],[149.584836261356884,-35.991366120843438],[149.584892259351108,-35.991343119848153],[149.584969260342064,-35.991320117854706],[149.5850262623361,-35.991297116859506],[149.585082260330324,-35.991274114864225],[149.585152251323763,-35.991240114870102],[149.585223255317914,-35.991200117875998],[149.585300247313285,-35.991143115882323],[149.585363237308798,-35.991102113887536],[149.585434259302076,-35.99106811389349],[149.585490239295524,-35.99105110889824],[149.58555324728863,-35.991028107903567],[149.585553248288647,-35.991028107903567],[149.585610240282705,-35.991005114908369],[149.585610241282694,-35.991005114908376],[149.585666239277714,-35.990976107913056],[149.585722237271938,-35.990953105917775],[149.585800233264962,-35.990913108924282],[149.585845734261511,-35.990884607928052],[149.585891235258146,-35.990856106931822],[149.585891236258135,-35.990856106931837],[149.585954234251261,-35.990833105937156],[149.586025229243887,-35.990804106943145],[149.586095229236719,-35.990775108949038],[149.586095230236708,-35.990775108949038],[149.586159224228879,-35.990758103954491],[149.586215222222336,-35.990741108959242],[149.58627122021511,-35.99072910596405],[149.586327218209334,-35.990706103968755],[149.586405223203087,-35.990660109975245],[149.586475214196582,-35.990626100981103],[149.586532207190658,-35.990603098985915],[149.586588214183422,-35.990591105990703],[149.586665224172748,-35.990580106997321],[149.586722208164559,-35.990574101002245],[149.586778215158006,-35.990557105007014],[149.586848215146972,-35.990557106013107],[149.586915810137754,-35.990546704018911],[149.586926211136301,-35.990545103019798],[149.586926212136319,-35.990545103019798],[149.587067206115591,-35.990534104032001],[149.587130205108082,-35.990516105037358],[149.587193204099577,-35.990505097042764],[149.587193205099567,-35.990505097042757],[149.587264199089191,-35.990499100048901],[149.587264200089209,-35.990499100048901],[149.58740520306705,-35.990499100061164],[149.587461201059824,-35.990487098065955],[149.587517200052417,-35.990476099070754],[149.587581194040951,-35.990487098076393],[149.587637192032162,-35.99048709808126],[149.587714192018581,-35.99049809708805],[149.58771419301857,-35.99049809708805],[149.587771195008827,-35.990504094093026],[149.587848195995235,-35.99051510209982],[149.587912189983598,-35.990527096105467],[149.588003191966379,-35.990549094113518],[149.588102190950849,-35.990549094122137],[149.588158188940412,-35.990561097127099],[149.588229183928576,-35.990566099133311],[149.588306184914245,-35.99058309514011],[149.588377179900817,-35.990600099146405],[149.588468182884952,-35.990612093154411],[149.588553178869319,-35.990629098161911],[149.588616178858786,-35.990634091167422],[149.588672176848377,-35.990646094172376],[149.588736179835308,-35.990669096178095],[149.58880617882204,-35.990686092184305],[149.588806179822058,-35.990686092184305],[149.58887017381133,-35.990691094189913],[149.58894717479987,-35.990686092196576],[149.589039171783952,-35.990697091204652],[149.589095178774471,-35.990702093209563],[149.589165169762651,-35.990708090215684],[149.589229173751193,-35.990719089221336],[149.589306173738265,-35.990725095228058],[149.589363166728532,-35.990731092233062],[149.589363167728521,-35.990731092233077],[149.589433167715271,-35.990748097239262],[149.589504171704107,-35.990748088245446],[149.589574170690838,-35.990765093251653],[149.589574171690828,-35.990765093251653],[149.589630168682049,-35.990765093256528],[149.589630169682067,-35.990765093256528],[149.589676168672554,-35.990782093260648],[149.589722166663108,-35.990799093264755],[149.589792157650663,-35.99081009227092],[149.589849159640067,-35.990822095275959],[149.589849160640085,-35.990822095275959],[149.589926160626533,-35.990833094282735],[149.58999716461534,-35.990833094288909],[149.590074156601787,-35.990844093295685],[149.590152161587952,-35.990856087302539],[149.590208159577685,-35.990867086307489],[149.590264157568129,-35.990873092312405],[149.590335152556293,-35.990878076318616],[149.590525154526404,-35.990878077335147],[149.590588153515711,-35.990884083340667],[149.590645155506081,-35.990889085345678],[149.590715146494261,-35.990895091351803],[149.590771153484781,-35.990900084356703],[149.590856150467602,-35.990929091364301],[149.590926159454369,-35.990946096370486],[149.591025148437353,-35.990957086379176],[149.591095148424756,-35.990969089385359],[149.591166143413574,-35.990969089391527],[149.591236152401109,-35.990980088397698],[149.591293145392143,-35.990980088402658],[149.591293146392161,-35.990980088402658],[149.591328150386232,-35.990983087405716],[149.591363154380332,-35.990986085408785],[149.591426145368985,-35.990997084414346],[149.591483138357773,-35.99101409841942],[149.591546145346427,-35.991025088424976],[149.591546146346417,-35.991025088424969],[149.59161715033369,-35.991037082431234],[149.591694133320146,-35.991048081437995],[149.591750140309074,-35.99106508544299],[149.591807133299341,-35.991071082447988],[149.591891135283845,-35.991088087455417],[149.592032130260264,-35.991099086467756],[149.592103134249072,-35.99109908647393],[149.592173134238891,-35.991093081479981],[149.592236133229733,-35.991087084485429],[149.592307127218561,-35.99108708449161],[149.59230712821855,-35.99108708449161],[149.592370127207886,-35.991093081497134],[149.592434121198607,-35.991087084502666],[149.592490128188984,-35.991093081507564],[149.592546126179542,-35.991098083512483],[149.592603110171268,-35.991093081517398],[149.592603111171258,-35.991093081517398],[149.592645115163862,-35.991098580521097],[149.592687121156558,-35.991104080524792],[149.592905117122285,-35.991104081543753],[149.592905118122303,-35.991104081543753],[149.59296211911348,-35.991103077548708],[149.59302511810273,-35.991109083554221],[149.593117125089037,-35.991103077562208],[149.59318711607807,-35.991103077568297],[149.593243114070049,-35.991097080573127],[149.593342113053694,-35.991103077581776],[149.593398111045701,-35.991097081586624],[149.593398111045701,-35.991097080586613],[149.593476107032615,-35.99110307859344],[149.593532105024565,-35.991097081598284],[149.593596108015305,-35.991091075603798],[149.593659107006175,-35.991085078609252],[149.593729097997425,-35.991068074615228],[149.593786099988449,-35.991068074620195],[149.593786100988467,-35.991068074620181],[149.593856099979007,-35.991056080626208],[149.593912097971696,-35.991045072630996],[149.593976100963175,-35.991033079636495],[149.594032099954376,-35.991033079641369],[149.594088097946241,-35.991028077646192],[149.594152091935484,-35.991033070651802],[149.594215090924024,-35.991045073657368],[149.59427209291519,-35.991044078662327],[149.594342092903389,-35.991050075668454],[149.594405091893492,-35.991050075673932],[149.594729077841066,-35.991061074702216],[149.594729078841084,-35.991061074702216],[149.594786079831323,-35.991067071707214],[149.594786080831312,-35.991067071707214],[149.59484207882187,-35.991072073712104],[149.594962079802968,-35.991072073722556],[149.595074075786954,-35.991060071732235],[149.595321070748071,-35.991060071753736],[149.59539107073789,-35.991054066759773],[149.595448072728146,-35.991060071764785],[149.595518072717908,-35.991054066770822],[149.595588072706107,-35.991060072776961],[149.595645065697937,-35.991054066781878],[149.595645066697926,-35.991054066781871],[149.595708064687244,-35.991060063787401],[149.595779068675398,-35.991065065793613],[149.595835066665813,-35.99107107179853],[149.595912067653046,-35.991076064805263],[149.59599706463743,-35.99109306081278],[149.596081066624237,-35.991093060820091],[149.596159061610393,-35.991105063826957],[149.596159062610383,-35.991105063826957],[149.596229053599359,-35.991105063833054],[149.596300057588991,-35.991099075839195],[149.596370056577314,-35.991104068845317],[149.596370057577303,-35.991104068845317],[149.59648304855952,-35.991104068855151],[149.59654605654805,-35.991116062860719],[149.59661705153701,-35.991115067866886],[149.596701053523816,-35.991115068874201],[149.596884044493436,-35.991127062890214],[149.596969050481675,-35.991115059897524],[149.597229042440745,-35.991115059920148],[149.597293045430064,-35.991120061925763],[149.597356044419342,-35.991126058931286],[149.59744804240421,-35.991131060939317],[149.597518033393868,-35.991126059945373],[149.597603039381283,-35.991120062952739],[149.597750031358174,-35.991120062965528],[149.597796029351741,-35.991114061969498],[149.597842028345241,-35.991108060973467],[149.597842029345259,-35.991108060973467],[149.597941027330478,-35.991102054982036],[149.598046031314766,-35.99109605799115],[149.59811002530617,-35.991085058996646],[149.598110026306159,-35.991085058996646],[149.598201028292664,-35.991079054004523],[149.598286025280032,-35.991073057011882],[149.598363025268753,-35.991067060018537],[149.598448022256179,-35.991061054025892],[149.598518022245855,-35.991056053031961],[149.598574020237777,-35.991050056036777],[149.598694013218932,-35.991050056047229],[149.59876401320949,-35.991038053053245],[149.598842000197237,-35.991038053060045],[149.598898016189196,-35.991032057064871],[149.598955009181054,-35.991026051069795],[149.599018008171896,-35.99102005407525],[149.59913100815416,-35.991020054085084],[149.599194007144888,-35.991015052090539],[149.599271008132945,-35.991014049097224],[149.59935601411874,-35.991020055104663],[149.599453999103361,-35.991020055113196],[149.599454000103378,-35.991020055113189],[149.599496499096318,-35.99102255211691],[149.599538996089336,-35.991025048120626],[149.599601995077848,-35.991037051126192],[149.59967299906603,-35.991042053132411],[149.599742999052751,-35.991059049138613],[149.599806993041142,-35.991071051144274],[149.599876993027863,-35.991088047150463],[149.599947997014482,-35.991105052156769],[149.600024998000919,-35.99111605116353],[149.600087996987924,-35.991139053169185],[149.600158991973728,-35.991162045175521],[149.600236001957171,-35.991196046182452],[149.600320989938524,-35.991236052190104],[149.60037698792749,-35.991253048195077],[149.600447991910272,-35.991299051201572],[149.600477993903809,-35.991312049204282],[149.600477994903827,-35.991312049204282],[149.600524992893639,-35.991333052208525],[149.600609989875011,-35.991373040216168],[149.600679988861771,-35.991390045222381],[149.600743983848645,-35.991413046228111],[149.600799981837611,-35.991430051233095],[149.600884986817533,-35.991481047240839],[149.600947985803799,-35.991510046246511],[149.601018989788145,-35.991544046252926],[149.601081988772961,-35.99158405325867],[149.601166985753565,-35.991630038266386],[149.601229984739149,-35.991664047272081],[149.601293987724603,-35.991698057277887],[149.601370979709458,-35.991721049284727],[149.601441983694457,-35.991750048291117],[149.60152598567376,-35.99180705029881],[149.601596980655842,-35.991858046305317],[149.601680981635923,-35.99190905131298],[149.601680982635912,-35.991909051312987],[149.601723479625406,-35.991938049316865],[149.601765978614907,-35.991967048320774],[149.601828986601305,-35.991995043326433],[149.60189998158566,-35.992029044332845],[149.601969981569397,-35.992069050339197],[149.602040985552946,-35.992109047345657],[149.602103984537791,-35.992149045351404],[149.602167978522402,-35.992189042357239],[149.602237978503865,-35.992246044363711],[149.602301982486352,-35.99230304636967],[149.602371982467673,-35.99236104337615],[149.602428984452786,-35.992406042381404],[149.602491983433765,-35.992475047387344],[149.602527991421368,-35.992526043390818],[149.602569988407936,-35.992578043394815],[149.602618985391899,-35.992641042399505],[149.602668986376528,-35.992698044404243],[149.602668987376546,-35.992698044404243],[149.602696990365416,-35.992749049407017],[149.602731986353803,-35.992795044410364],[149.602781978336878,-35.992864048415193],[149.602837985319866,-35.992926043420489],[149.602880985306257,-35.992978043424557],[149.602880986306275,-35.992978043424557],[149.602901989299596,-35.993003546426557],[149.602922991292928,-35.993029048428561],[149.60297898927729,-35.993081049433776],[149.60302899126188,-35.993138051438507],[149.603084989247037,-35.993184045443698],[149.603119994233225,-35.993247044447166],[149.603176996214472,-35.993321050452614],[149.603225993200056,-35.993372047457214],[149.60325499218942,-35.993418050460065],[149.603310990172332,-35.993481049465345],[149.603352996159003,-35.993532045469337],[149.60338899514727,-35.993578048472791],[149.603402997139,-35.993624042474309],[149.603437992125151,-35.993687050477774],[149.603437993125198,-35.993687050477774],[149.603467995115466,-35.993725048480641],[149.603565003106013,-35.993681044488795],[149.603565004106002,-35.993681044488795],[149.603620984100189,-35.993658052493508],[149.603684995093971,-35.993629045498878],[149.60372498408961,-35.993614442502277],[149.603747985087097,-35.993606043504222],[149.603747986087114,-35.993606043504222],[149.603859990080053,-35.993526049513434],[149.603965980070228,-35.993474040522322],[149.603965981070218,-35.993474040522322],[149.604021987065096,-35.993446045527023],[149.604021988065114,-35.993446045527023],[149.604092982058546,-35.993411041532966],[149.60415598105169,-35.993388040538299],[149.604232973044844,-35.993348042544724],[149.604296976039365,-35.993313038550077],[149.604352974034271,-35.993285044554781],[149.604408972028494,-35.993262042559479],[149.604465974024151,-35.993227038564221],[149.604528973017267,-35.993204036569551],[149.604567468012334,-35.993195539572838],[149.604605964007391,-35.993187041576149],[149.604605965007408,-35.993187041576142],[149.604676967997705,-35.993176033582237],[149.604676968997694,-35.993176033582245],[149.604746967988262,-35.993164039588272],[149.604802965981065,-35.993152037593063],[149.60485995897352,-35.99314103859794],[149.604929958964078,-35.993129035603971],[149.605063961943017,-35.993129036615628],[149.605126960933944,-35.993123030621071],[149.605190954925291,-35.993112031626573],[149.605246952918066,-35.993100037631372],[149.605309951908964,-35.993094032636833],[149.605380955899221,-35.993083042642937],[149.605450946889789,-35.993071030648935],[149.605521949880909,-35.993054035655007],[149.60557794787286,-35.993048029659846],[149.605640946864412,-35.99303703066527],[149.605711941854025,-35.993031033671414],[149.605711942854043,-35.993031033671414],[149.605767939846004,-35.993025027676246],[149.605767940845993,-35.993025027676246],[149.605823946838626,-35.993014029681042],[149.605823947838644,-35.993014029681042],[149.605901942827956,-35.993002026687755],[149.605971942819991,-35.9929790256937],[149.60602794081197,-35.992973028698543],[149.606098935802294,-35.992962029704643],[149.606175936794784,-35.992927025711118],[149.606323931776757,-35.992887028723736],[149.60640093276686,-35.992870014730322],[149.606464926759202,-35.992852024735782],[149.606532303749873,-35.992842400741587],[149.606541926748548,-35.992841025742408],[149.606541927748538,-35.992841025742408],[149.60659892874034,-35.992835019747325],[149.606598929740358,-35.992835019747325],[149.606675920729032,-35.992829022754002],[149.606745920718851,-35.992823016760056],[149.606802922712063,-35.992806021764906],[149.60688692470049,-35.992794018772145],[149.606957919690785,-35.992783019778251],[149.607027918681325,-35.992771017784278],[149.607027919681315,-35.992771017784278],[149.607097918670974,-35.99276601579033],[149.607175923660293,-35.99275402179704],[149.607245914650861,-35.99274201980306],[149.607309908642236,-35.99273102080857],[149.607379908634272,-35.992708018814511],[149.607463909624869,-35.992679011821629],[149.607520902617409,-35.99266801282652],[149.607611537607482,-35.992634926834185],[149.607611538607472,-35.992634926834178],[149.607646900603612,-35.992622009837177],[149.607717904596285,-35.992593011843169],[149.607780903589401,-35.9925700098485],[149.607851889580473,-35.992553014854579],[149.607928898569924,-35.992541011861192],[149.607998898561192,-35.992524016867186],[149.608069893553846,-35.992495008873178],[149.60812589154952,-35.992461008877818],[149.608188890546472,-35.992409008882959],[149.608245883541997,-35.992375008887691],[149.608301881538608,-35.9923340068923],[149.608329884540922,-35.992283010894397],[149.608350878543689,-35.99223700789593],[149.608364880547555,-35.992191004896839],[149.608385882550976,-35.992140017898329],[149.608392874556728,-35.992088008898584],[149.608406875562025,-35.992031006899424],[149.608406876562043,-35.992031006899424],[149.608427878564811,-35.991985003900957],[149.608441871570108,-35.99192800190179],[149.608455872573984,-35.991882007902696],[149.608455873573973,-35.991882007902696],[149.608469870579313,-35.99182500590355],[149.608483867584596,-35.991768003904397],[149.608497868588472,-35.991722000905305],[149.608504869593446,-35.9916760069056],[149.608518862600334,-35.991607001906353],[149.60851886260707,-35.991555996906023],[149.608525862612794,-35.991503996906296],[149.608525862620297,-35.991447003905918],[149.608539855624201,-35.991401000906826],[149.608552853629675,-35.991343998907581],[149.608545852638287,-35.991286996906581],[149.608552852646284,-35.991218000906734],[149.60854585165572,-35.991154992905706],[149.608538850662853,-35.991108998904785],[149.608545851667685,-35.991063999905101],[149.608545851676809,-35.990994994904639],[149.60854638067724,-35.990991050904661],[149.608552843682531,-35.990942994904898],[149.608559843688965,-35.990885992905135],[149.60855284269681,-35.990834996904191],[149.608544846705712,-35.990776990903107],[149.608544846711652,-35.99073199190282],[149.608551838716579,-35.990685997903121],[149.608530835728232,-35.990622989900871],[149.6085238357376,-35.990559990899833],[149.608523834737611,-35.990559990899833],[149.608523835744478,-35.990507990899481],[149.608523834744489,-35.990507990899481],[149.608509832752617,-35.990462991897964],[149.608508837760411,-35.990404994897489],[149.608501836767431,-35.99035999589659],[149.608494826777644,-35.990290990895524],[149.608501827784039,-35.990233988895753],[149.60850882879285,-35.990158986895857],[149.608508827800364,-35.990101984895482],[149.608508828800353,-35.990101984895482],[149.608522820804211,-35.990055990896387],[149.608522820813192,-35.989987989895951],[149.608529821818166,-35.989941986896234],[149.608529821827261,-35.98987299189578],[149.608536821832871,-35.989821985896057],[149.6085498198415,-35.989740987896646],[149.608563812848303,-35.989672986897418],[149.60857781385215,-35.989626983898333],[149.60857781485214,-35.989626983898333],[149.608584814855561,-35.989592485898726],[149.608591815859029,-35.989557987899083],[149.608598807863984,-35.989511984899401],[149.608619809867434,-35.98946097990089],[149.608647804869889,-35.989408979902983],[149.608697805874783,-35.989311980906685],[149.608739801875032,-35.989259980909999],[149.608788798874116,-35.98920897591394],[149.608844796871352,-35.989162981918497],[149.608900794866997,-35.989128981923152],[149.608964797863052,-35.989082977928405],[149.609090786850857,-35.989024972938992],[149.609161789842716,-35.989001970945026],[149.609224788835093,-35.988984975950395],[149.609280786827838,-35.98897297295521],[149.609280787827828,-35.98897297295521],[149.609344780820038,-35.988955976960668],[149.609344781820056,-35.988955976960661],[149.609407779812329,-35.988938972966039],[149.609407780812347,-35.988938972966039],[149.609463777805161,-35.988926969970819],[149.60946377880515,-35.988926969970819],[149.609541782794309,-35.988915970977551],[149.609604781785976,-35.98890396898296],[149.609675776777834,-35.988880975988991],[149.609731774770523,-35.988869967993786],[149.609787772764093,-35.988851968998553],[149.609857763756736,-35.988823974004461],[149.609921766750489,-35.988794976009842],[149.609984774743651,-35.988771965015182],[149.610047764737573,-35.988742967020485],[149.610125768729745,-35.988708967027037],[149.610125769729791,-35.988708967027037],[149.610195759721819,-35.988685965032971],[149.610259762715543,-35.988656967038352],[149.610343755706197,-35.988627968045485],[149.610399762701064,-35.988599974050175],[149.610463756693377,-35.988581965055623],[149.61052675568871,-35.988541968060858],[149.610610747681619,-35.988495965067848],[149.610709745672125,-35.988449962076167],[149.610765743666349,-35.98842696108089],[149.610765744666338,-35.98842696108089],[149.610821741662818,-35.98838696308551],[149.610821742662807,-35.988386963085503],[149.610920740652489,-35.98834695709386],[149.611004741643086,-35.988317959100982],[149.611004742643104,-35.988317959100989],[149.611029027640569,-35.988308244103038],[149.611089738634234,-35.98828395910818],[149.611159729627076,-35.98825496011407],[149.611398718603056,-35.9881519551342],[149.611490724593864,-35.98811195814195],[149.611553723589367,-35.988070966147149],[149.611638720579691,-35.988042954154366],[149.611694718575507,-35.988007949159027],[149.611778719567553,-35.98796795216608],[149.611835712562453,-35.987938954170843],[149.611905712554488,-35.987915952176792],[149.611968711548258,-35.987887949182088],[149.612025713542323,-35.9878649471869],[149.612102714533222,-35.987841946193456],[149.612165713527958,-35.987806950198717],[149.61224370852014,-35.987772950205283],[149.612320709511863,-35.987743943211797],[149.612390709506968,-35.987697949217576],[149.612468695500752,-35.987651946224084],[149.612538695495005,-35.987611939229893],[149.612538696495022,-35.987611939229893],[149.612615696488973,-35.987565945236312],[149.612679690482736,-35.987536938241682],[149.612735688476931,-35.987513945246413],[149.612798687471582,-35.987479945251664],[149.612862690466756,-35.98743993925698],[149.612939690459257,-35.98740494426346],[149.612995688454959,-35.987370934268093],[149.613059682448693,-35.987341936273481],[149.613129682441524,-35.987312938279388],[149.613185680435748,-35.987289936284107],[149.613242673433518,-35.987238940288748],[149.613298671429334,-35.98720393629339],[149.61336867142424,-35.987158937299185],[149.613438680417886,-35.987123932305039],[149.613474173414517,-35.987106932308016],[149.613509665411186,-35.987089932311001],[149.613509666411176,-35.987089932311001],[149.613572664406689,-35.987048931316224],[149.613572665406679,-35.987048931316224],[149.61362866240313,-35.987008934320826],[149.613628663403148,-35.987008934320826],[149.613699666397281,-35.98696892732675],[149.613783659389355,-35.986928930333789],[149.613839657385029,-35.986894930338458],[149.613910660379247,-35.986853929344363],[149.613910661379293,-35.986853929344363],[149.614043650368899,-35.986773925355415],[149.614100652366034,-35.98672792236006],[149.614177644362996,-35.986658927366321],[149.614254644357601,-35.986607922372698],[149.614318638353609,-35.986561927377963],[149.614381637348345,-35.986526923383209],[149.614451637344075,-35.986475918388969],[149.614507635339862,-35.986440923393616],[149.614592632333199,-35.98638991840069],[149.61465563033093,-35.986331921405778],[149.614725621326699,-35.986280916411545],[149.614789624321901,-35.986240919416851],[149.614852632318076,-35.986194916422029],[149.614901620317227,-35.986142916425955],[149.614957618315145,-35.986091920430503],[149.615021621313474,-35.986027917435656],[149.615063617315229,-35.985964918438896],[149.615112614315052,-35.98590791644277],[149.615154610318172,-35.985833909445951],[149.615182605321451,-35.985775912447977],[149.615189606326283,-35.9857309134483],[149.615203607332376,-35.985667914449103],[149.615224601335939,-35.985615914450591],[149.615252604339076,-35.985558912452646],[149.615280599340707,-35.985512909454776],[149.615343598336125,-35.985472912460025],[149.615407601328286,-35.985455907465457],[149.615477600315813,-35.985466906471643],[149.615534593305398,-35.985477905476685],[149.615534594305387,-35.985477905476685],[149.615597593294694,-35.985483902482208],[149.615773592267061,-35.985483902497542],[149.615836591257278,-35.985482907503012],[149.615900602246455,-35.985488904508642],[149.615900603246416,-35.985488904508642],[149.615970585233157,-35.985505899514834],[149.616034588218639,-35.985539900520649],[149.616118589197754,-35.985597906528355],[149.616118590197743,-35.985597906528355],[149.616175591186561,-35.985614901533417],[149.616175592186551,-35.985614901533417],[149.616217588178813,-35.98562340353714],[149.616259584171132,-35.985631906540846],[149.616337580158842,-35.985631906547638],[149.616400588149077,-35.985630902553133],[149.616506587131624,-35.985636899562415],[149.616506588131614,-35.985636899562415],[149.616759579091848,-35.985636899584456],[149.616815577083798,-35.985630902589278],[149.616914575068279,-35.985630893597914],[149.617006573054596,-35.985624896605884],[149.617041573049477,-35.985621898608912],[149.617076572044397,-35.985618900611939],[149.617076573044386,-35.985618900611939],[149.61715357303305,-35.985612894618605],[149.61715357403304,-35.985612894618605],[149.617238570020447,-35.985606897625992],[149.617308570010266,-35.985600891632046],[149.617527559973581,-35.98561789665122],[149.617597568960377,-35.985634891657455],[149.617653566949969,-35.985646885662398],[149.617731562937053,-35.985651887669235],[149.617801562925251,-35.985657893675359],[149.617872557912619,-35.98566889268163],[149.617949558896697,-35.985697890688527],[149.618020562881043,-35.98573189169494],[149.618076560865546,-35.985782887700168],[149.61814056384938,-35.985828890706046],[149.618210563832321,-35.985874893712456],[149.618274548816345,-35.985919892718321],[149.618323563802562,-35.985965896722888],[149.618372560788799,-35.986011890727468],[149.618372561788789,-35.986011890727468],[149.618443565770093,-35.986068892734032],[149.618506564754114,-35.986114886739841],[149.618612563729926,-35.986171888749446],[149.618697560709876,-35.98622288475719],[149.618760559696227,-35.986250888762868],[149.618838564680175,-35.986279886769857],[149.618922556661687,-35.986319884777444],[149.618922557661705,-35.986319884777444],[149.618965060653494,-35.98633138578122],[149.619007562645294,-35.986342885785],[149.619070561633919,-35.986353884790567],[149.61913455562086,-35.986376886796293],[149.61920455560616,-35.986404889802571],[149.619275559591983,-35.986427882808904],[149.619277603591485,-35.986428787809096],[149.619352560575379,-35.986461882815853],[149.619423546561165,-35.986484884822197],[149.619479553550917,-35.986495883827139],[149.619549553539116,-35.986501889833278],[149.619606555529373,-35.986507885838279],[149.619676555518339,-35.986507885844375],[149.619761552505111,-35.986506881851788],[149.619817550495526,-35.986512878856701],[149.619880549484833,-35.986518884862228],[149.619951552472997,-35.986523886868447],[149.619951553473015,-35.986523886868447],[149.620007550463384,-35.986529874873391],[149.620007551463402,-35.986529874873384],[149.620078546451566,-35.986534885879593],[149.620134544441953,-35.986540882884512],[149.620211545427651,-35.986557878891347],[149.620296541413495,-35.986563884898779],[149.620380543397232,-35.986586876906252],[149.620451547385414,-35.986591887912475],[149.620521538372941,-35.986602877918642],[149.62059254236101,-35.986608874924876],[149.620648540353642,-35.986597875929668],[149.620711539343915,-35.986596880935153],[149.620789535331625,-35.98659688094196],[149.620824535326506,-35.986593877944983],[149.620859534321397,-35.986590874948007],[149.620859535321387,-35.986590874948007],[149.620937530311409,-35.986573879954705],[149.621049535296009,-35.986556874964343],[149.621113529287527,-35.986544871969848],[149.621176528279079,-35.986533872975251],[149.621232526271854,-35.986521870980056],[149.621289528264356,-35.986510871984954],[149.621366529254601,-35.986492871991537],[149.621366530254619,-35.986492871991537],[149.62154952022729,-35.986481873007413],[149.621605518220065,-35.986469871012225],[149.621669521211487,-35.986458872017721],[149.621795519197747,-35.986412869028378],[149.621866514189605,-35.986389867034426],[149.621943515180647,-35.986365871040974],[149.622007509172875,-35.986348866046434],[149.622070508165194,-35.986331861051816],[149.62212650615794,-35.986319876056626],[149.622197510149022,-35.986302863062697],[149.622274501140794,-35.986273864069197],[149.622344501131209,-35.98626286507524],[149.622422506120557,-35.986250863081949],[149.622478504113161,-35.986239864086755],[149.622542498105474,-35.986221864092215],[149.622619499095634,-35.986204859098805],[149.622696499084952,-35.986193861105455],[149.622781496073173,-35.986181858112772],[149.62283749406663,-35.986164862117533],[149.622893492059376,-35.986152859122342],[149.622893493059394,-35.986152859122342],[149.622950494052674,-35.986135855127202],[149.622950495052663,-35.986135855127202],[149.623020485043952,-35.986118859133171],[149.623076492037484,-35.986100859137949],[149.623147487028604,-35.986083855144024],[149.623203485021236,-35.986072856148823],[149.623281481012015,-35.986049854155468],[149.623337479004817,-35.986037852160258],[149.623393476998217,-35.986020856165027],[149.623393477998206,-35.986020856165027],[149.623456475990679,-35.986002856170394],[149.623513477983977,-35.985985851175265],[149.623646476967537,-35.98595185118662],[149.623717471959424,-35.985928849192653],[149.623773469952965,-35.985910850197413],[149.623844473944075,-35.985893836203481],[149.623900471936707,-35.985882846208291],[149.623977463927787,-35.985858850214839],[149.62406246891743,-35.985835848222095],[149.62412546790901,-35.985824849227534],[149.62418846690133,-35.985807845232905],[149.624266462892905,-35.985778846239505],[149.624392460880756,-35.985720840250103],[149.624456454874377,-35.985692846255475],[149.624519453868288,-35.985663838260784],[149.624596453861443,-35.985623841267234],[149.624596454861461,-35.985623841267234],[149.624681450852762,-35.985588837274406],[149.624681450852734,-35.985588836274395],[149.624758442845888,-35.985548839280845],[149.624829445837776,-35.985525838286883],[149.624906446831716,-35.985479834293287],[149.624962444827389,-35.985445834297948],[149.625025434824352,-35.985393834303075],[149.625138434816364,-35.985319836312456],[149.625194432815221,-35.985261830316936],[149.62526443281476,-35.985181844322511],[149.625307423815514,-35.985124833325877],[149.625370422812495,-35.985072833331024],[149.625440422809049,-35.985015831336732],[149.625496420808503,-35.984952832341193],[149.625560414806785,-35.984889824346347],[149.625623413804533,-35.984831827351456],[149.62567241080356,-35.98478082235539],[149.625742410801649,-35.984711817361045],[149.625784406801898,-35.98465982636435],[149.625855401799754,-35.984591825370075],[149.625918400797474,-35.98453381937518],[149.626009402795972,-35.984436819382474],[149.626087398789764,-35.984390816388952],[149.626157398784017,-35.984350819394805],[149.626234390777995,-35.984304816401206],[149.626305393770679,-35.984275817407209],[149.626305394770668,-35.984275817407216],[149.62632827776855,-35.984264700409121],[149.626375384764174,-35.984241817413071],[149.626452385756664,-35.984206812419565],[149.626523380749319,-35.98417781442555],[149.626635385737814,-35.984131810435017],[149.626635386737803,-35.984131810435017],[149.626706380729672,-35.984108800441035],[149.626769379723441,-35.984080814446344],[149.626846380713744,-35.984062805452943],[149.626910374707364,-35.984034811458329],[149.626973373701304,-35.984005812463622],[149.627029371696295,-35.983976805468323],[149.627114376685967,-35.983953803475572],[149.627184367678012,-35.983930802481524],[149.62718436867803,-35.983930802481531],[149.627261368670389,-35.983896801488008],[149.627325362663385,-35.983873808493421],[149.627395362657637,-35.983833802499255],[149.627472363651606,-35.983787799505663],[149.627550358642395,-35.983764797512308],[149.627620358634431,-35.983741805518271],[149.627684352627398,-35.983718812523691],[149.627754352620201,-35.9836897955296],[149.627831353612692,-35.983654800536087],[149.627909348605783,-35.983614794542603],[149.627965347601446,-35.983580793547262],[149.62803534659875,-35.983517803552942],[149.628098345595703,-35.983465794558107],[149.628169340592905,-35.983402795563862],[149.628274335592181,-35.983282794572219],[149.62827433659217,-35.983282794572219],[149.628316332593243,-35.983224788575491],[149.628379331591674,-35.983161789580564],[149.628436324591007,-35.983098790585103],[149.628492322588954,-35.98304777658965],[149.628541319588095,-35.98299578459357],[149.628597317586156,-35.982943784598106],[149.628660316584558,-35.982880785603193],[149.628710317583455,-35.982829780607219],[149.628759314583391,-35.982771783611106],[149.628801311583516,-35.982720778614414],[149.628836306584844,-35.982668778617118],[149.628878311585026,-35.982617781620434],[149.628920307585275,-35.982565781623748],[149.62895530358648,-35.982514776626466],[149.628976803587307,-35.982483276628138],[149.628998303588048,-35.982451777629798],[149.628998304588038,-35.982451777629798],[149.629040299588297,-35.982399777633098],[149.629040300588287,-35.982399777633098],[149.629075295589644,-35.982347777635802],[149.629110299590906,-35.982296772638513],[149.629110300590895,-35.982296772638527],[149.629138294594014,-35.982239778640576],[149.629173289596821,-35.982176770643228],[149.629201293598499,-35.982130776645349],[149.629236288599856,-35.982078785648049],[149.629278284601526,-35.982015768651301],[149.629278285601544,-35.982015768651301],[149.629306288603885,-35.981964772653399],[149.629341283606692,-35.981901773656027],[149.629376279609659,-35.98183777065865],[149.629411274615336,-35.981752764661138],[149.6294542746177,-35.981683768664432],[149.629482278620173,-35.981631768666524],[149.629510272621815,-35.981585765668662],[149.629538267623388,-35.981540757670807],[149.629552268627236,-35.981494762671716],[149.629552269627226,-35.981494762671716],[149.629573271630022,-35.981448768673239],[149.629608266636666,-35.98135676167567],[149.629608267636655,-35.98135676167567],[149.62963626164057,-35.981293762677709],[149.629664273643698,-35.981236760679757],[149.629664274643687,-35.981236760679764],[149.629671256648692,-35.981190757680061],[149.629678257654291,-35.981139761680339],[149.629692259658952,-35.981087761681209],[149.629699260666825,-35.981019760681363],[149.629705257671958,-35.980973757681582],[149.629747253683519,-35.980835756684321],[149.62976824669002,-35.980761758685667],[149.629768247690038,-35.980761758685659],[149.629796250693175,-35.980704756687736],[149.629810243699268,-35.980641757688531],[149.629824244704707,-35.980583751689359],[149.629824245704697,-35.980583751689366],[149.62983124571258,-35.98051575068952],[149.62983124671257,-35.98051575068952],[149.629834741715854,-35.980486752689636],[149.629838237719127,-35.980457753689741],[149.629838237725068,-35.980412753689457],[149.629845238731633,-35.980354747689667],[149.629873241748328,-35.980194749691044],[149.629887234755898,-35.980120751691771],[149.629901227759774,-35.98007474869268],[149.629908227767004,-35.980011749692871],[149.629915228775019,-35.979942744693027],[149.629921225785353,-35.979856743692984],[149.6299282267926,-35.979793744693161],[149.629928217798522,-35.979748745692859],[149.629928217804604,-35.979702742692567],[149.629935218811795,-35.979639743692751],[149.62994921982019,-35.97955973969345],[149.62994922082018,-35.97955973969345],[149.629970204823763,-35.979507739694931],[149.629991216826511,-35.979461744696451],[149.630012209829147,-35.979416745697989],[149.630026202836859,-35.979341743698704],[149.63006120683886,-35.979284741701377],[149.63006120783885,-35.979284741701377],[149.630068207844658,-35.979232741701637],[149.63009620285527,-35.979118737703324],[149.630117204858067,-35.979072734704836],[149.630117205858056,-35.979072734704843],[149.630124196864472,-35.979015741705076],[149.630152200870612,-35.978935737706998],[149.630180194873105,-35.978883737709083],[149.630243193875316,-35.978791730713958],[149.630278188880368,-35.97871173671647],[149.630278189880386,-35.97871173671647],[149.630313193880937,-35.978665732719222],[149.630355189881868,-35.978608730722506],[149.630383192883528,-35.978562727724643],[149.630383193883546,-35.978562727724643],[149.630425180885283,-35.978499728727883],[149.630482182883156,-35.978447728732505],[149.630538180878858,-35.978413728737159],[149.630608180873111,-35.978373730743002],[149.630678162868179,-35.978327727748798],[149.630735173863059,-35.978298729753575],[149.630791171857965,-35.978270725758264],[149.630847169852188,-35.978247724762987],[149.630904171847078,-35.978218725767775],[149.630974162840687,-35.97818372177364],[149.631037161834456,-35.978155726778944],[149.631093159828708,-35.978132725783674],[149.631157162823257,-35.978097721789027],[149.63121316081893,-35.978063720793685],[149.631283160810966,-35.97804071979963],[149.631340153802824,-35.978034722804558],[149.631378654797572,-35.97802872080787],[149.631417153792285,-35.978022719811186],[149.631417154792302,-35.978022719811186],[149.631473151784149,-35.978017717816037],[149.631473152784139,-35.978017717816037],[149.631544155775373,-35.977999718822119],[149.631544156775362,-35.977999718822119],[149.631614146765145,-35.977993721828163],[149.631685150756226,-35.977976716834242],[149.631748149748603,-35.977959720839621],[149.631825141740308,-35.977930713846142],[149.631896145732185,-35.977907712852179],[149.631959144725329,-35.977884719857514],[149.632015142718785,-35.977867714862278],[149.632079136711752,-35.977844713867711],[149.63213513470518,-35.977827717872486],[149.632205134697216,-35.977804716878424],[149.632297131685931,-35.977780710886286],[149.632430130669519,-35.977746710897662],[149.632501125659132,-35.977740704903802],[149.632571125650401,-35.977723708909807],[149.632627123643857,-35.977706713914564],[149.632712128634296,-35.977677705921778],[149.632782119626313,-35.977654704927744],[149.632838117619912,-35.977636704932486],[149.632916113611344,-35.977608710939109],[149.632979121603796,-35.977590710944497],[149.633043124597435,-35.977562706949875],[149.633155102585278,-35.977521705959376],[149.63321811057682,-35.97751070796479],[149.633275112569436,-35.977498704969676],[149.633345112559113,-35.977493702975742],[149.633401110552683,-35.977475702980506],[149.633479106541898,-35.977464704987234],[149.633542105535014,-35.977441702992579],[149.633634102523587,-35.977418702000442],[149.633760100509193,-35.977377700011154],[149.633859099497329,-35.977349697019605],[149.633950092487652,-35.9773147020273],[149.634014095480666,-35.977291700032737],[149.634077094473753,-35.977268698038074],[149.634140093468346,-35.97723469804334],[149.634218098459144,-35.977211697049981],[149.634288089451957,-35.977182698055891],[149.63436508044515,-35.977142692062337],[149.634450077436412,-35.977107696069524],[149.634506075432085,-35.977073696074171],[149.634583076426054,-35.977027693080586],[149.634654071420982,-35.976981690086468],[149.6347170694157,-35.976946694091737],[149.634717070415718,-35.97694669409173],[149.634787069412226,-35.976889692097444],[149.634843067409491,-35.976843689102033],[149.634907061405499,-35.976797677107292],[149.635089057392719,-35.976677685122375],[149.63518205938658,-35.976613682130065],[149.635293051376635,-35.97655668013936],[149.635357054371099,-35.976522680144704],[149.63536287137066,-35.976519049145203],[149.635362872370678,-35.976519049145203],[149.635413052366914,-35.976487684149355],[149.635469050362559,-35.976453684154023],[149.635539050356186,-35.976418680159881],[149.635596043352535,-35.976378682164594],[149.635673044346504,-35.976332679171001],[149.635729042343627,-35.976287680175588],[149.635807037338253,-35.976235680182022],[149.635863035334069,-35.976200667186689],[149.635910147329668,-35.976177787190643],[149.635933026327564,-35.976166675192559],[149.635933027327553,-35.976166675192559],[149.635996034325188,-35.976109673197662],[149.636074030318355,-35.9760686722042],[149.63614403031184,-35.976034671210087],[149.636228022303897,-35.975994674217134],[149.636383019287223,-35.975936668230268],[149.636461015277973,-35.975913667236924],[149.63653101427002,-35.975890674242869],[149.636531015270037,-35.975890674242869],[149.636601014260464,-35.975879666248893],[149.636679010252038,-35.975850668255511],[149.63675601124217,-35.975833672262112],[149.636834006232277,-35.975815664268794],[149.636918008221329,-35.975798668275999],[149.637009002209282,-35.975781663283819],[149.637094007198328,-35.975763664291115],[149.637170999188442,-35.97574666829771],[149.637234993180641,-35.975729664303188],[149.637298001173093,-35.975711664308555],[149.63736100016547,-35.975694668313935],[149.637438996155424,-35.975677673320625],[149.637501995147801,-35.97566065932601],[149.637564994140234,-35.975642659331385],[149.63763598813054,-35.975631661337495],[149.637635989130558,-35.975631661337488],[149.637691987124128,-35.975613661342251],[149.637776983113014,-35.975596656349573],[149.637832990105693,-35.975585658354376],[149.637888988097671,-35.975579661359212],[149.637944986090446,-35.975567658364014],[149.63801598108077,-35.975556659370127],[149.638015982080759,-35.975556659370135],[149.638027984079201,-35.975554086371169],[149.638071979073516,-35.975544657374947],[149.63814197906251,-35.97554465738105],[149.638205982053222,-35.975538669386573],[149.638289975040863,-35.975532663393878],[149.638367980028619,-35.975532663400664],[149.638406475022919,-35.975529660403993],[149.638444971017293,-35.975526657407343],[149.638444972017311,-35.975526657407343],[149.638515975006129,-35.975526657413539],[149.638515976006147,-35.975526657413539],[149.63858597499592,-35.975520643419607],[149.638655974984118,-35.975526658425757],[149.638719968974101,-35.975526658431328],[149.638796977961306,-35.975531651438089],[149.638796978961295,-35.975531651438089],[149.638867963950162,-35.975531651444271],[149.63886796495018,-35.975531651444271],[149.638937964938378,-35.975537657450417],[149.638993962930385,-35.975531651455256],[149.639057965921126,-35.975525654460796],[149.63913496590979,-35.975519648467468],[149.639205960899432,-35.975513651473619],[149.639282961887972,-35.975508650480307],[149.639430957864903,-35.975507646493199],[149.639493956854182,-35.975513652498734],[149.639557950844932,-35.975507646504269],[149.6396349508328,-35.975507646510984],[149.639704950820374,-35.975518645517177],[149.639789947806207,-35.975524651524644],[149.63986694879344,-35.975529644531363],[149.639958945777408,-35.97554164753948],[149.640028945765749,-35.975546649545606],[149.640085947756006,-35.975552646550625],[149.640169939739764,-35.975575648558106],[149.640169940739781,-35.975575648558106],[149.640215943731818,-35.975581147562153],[149.640261946723882,-35.97558664756621],[149.640345939709221,-35.975597646573597],[149.640416943696465,-35.975609648579876],[149.640416943696437,-35.97560964957988],[149.640493943683737,-35.975614642586621],[149.640493944683755,-35.975614642586621],[149.64058594166849,-35.975620648594685],[149.640641939658224,-35.975631646599638],[149.640704938647502,-35.975637643605182],[149.640789926632721,-35.975648642612661],[149.640859935620966,-35.97565463961881],[149.6409239386102,-35.975659641624425],[149.64100092959734,-35.975665638631178],[149.641000930597301,-35.975665638631178],[149.641064932586602,-35.975670640636785],[149.641064933586591,-35.975670640636785],[149.641120931577007,-35.975676637641719],[149.641204932562346,-35.975687645649124],[149.641289929547412,-35.975699639656611],[149.6413599205342,-35.975716644662825],[149.641430923521568,-35.975727643669096],[149.641430924521558,-35.975727643669096],[149.641500924507568,-35.975750645675348],[149.641585929492749,-35.975761644682834],[149.64164192748089,-35.975784636687877],[149.641712922467491,-35.975801641694176],[149.641923926428376,-35.975846641712877],[149.641986925416916,-35.975858635718453],[149.642050910404606,-35.975875640724148],[149.642127920391857,-35.975880642730907],[149.642205915378014,-35.975892635737786],[149.642296918363058,-35.975897637745746],[149.642381915348921,-35.975903635753205],[149.64244491433837,-35.975908637758742],[149.642500912329524,-35.975908637763631],[149.642564924317895,-35.975920639769278],[149.642627913307365,-35.975925633774814],[149.642627914307354,-35.975925632774818],[149.642789911281909,-35.97592563378894],[149.642789912281927,-35.97592563378894],[149.642853905272631,-35.97591963679448],[149.642916904262734,-35.975919636799972],[149.642993905252212,-35.975907633806628],[149.643057899242962,-35.975901636812168],[149.643120907234504,-35.975890629817584],[149.643204899224372,-35.975867627824755],[149.643275903215425,-35.975850631830831],[149.643275904215415,-35.975850631830831],[149.643352895206363,-35.975827630837401],[149.643430900196506,-35.97580963984408],[149.643493899188826,-35.975792626849461],[149.643549897182311,-35.975775630854237],[149.6436138911738,-35.975763627859735],[149.643683900165058,-35.975746632865743],[149.643718895160333,-35.975740630868735],[149.643753890155608,-35.975734629871759],[149.643753891155626,-35.975734629871752],[149.643817884147836,-35.975717624877227],[149.643817885147854,-35.975717624877227],[149.643901886138451,-35.97568862688437],[149.64395788413114,-35.975677627889155],[149.644021878123425,-35.975659627894629],[149.644098879113614,-35.975642623901237],[149.644168879105621,-35.975619621907185],[149.64424687409641,-35.975596629913838],[149.644330876086229,-35.975573618921011],[149.644394870078429,-35.97555662292649],[149.644471871070152,-35.975527624932994],[149.644527869064376,-35.975504622937734],[149.644591872056566,-35.975487618943198],[149.644661863047958,-35.975469627949195],[149.644731872039955,-35.97544661795515],[149.644770869035398,-35.975435116958465],[149.644809867030744,-35.975423615961795],[149.644809868030762,-35.975423615961795],[149.644893860020602,-35.975400613968972],[149.644992858010312,-35.975360616977333],[149.64508385199909,-35.975337615985126],[149.645167852988919,-35.975314613992296],[149.645224854982985,-35.975291612997118],[149.645308847973666,-35.975262605004254],[149.645371846965958,-35.975245619009634],[149.645435849958972,-35.975222617015056],[149.645505849950979,-35.97519961602103],[149.645583844940973,-35.975182611027719],[149.645583845940962,-35.975182611027719],[149.64567134293145,-35.975150610035129],[149.645758840921928,-35.975118609042553],[149.645822834914924,-35.975095607047969],[149.645899834906658,-35.975066609054501],[149.645976835897585,-35.975043607061075],[149.646033837890855,-35.975026612065918],[149.646145815877759,-35.974992611075471],[149.646209827870763,-35.974969610080912],[149.646293838861368,-35.974940620088041],[149.646363820852628,-35.974923607094027],[149.646441824842753,-35.974905607100723],[149.646497822836182,-35.974888603105484],[149.646589820824744,-35.974865601113358],[149.646680813813532,-35.974842609121147],[149.646680814813521,-35.97484260912114],[149.64675081380409,-35.974830606127171],[149.646828809794073,-35.974813602133857],[149.646891808786421,-35.974796606139236],[149.646969822777208,-35.974773605145899],[149.647039803767797,-35.974761602151908],[149.647116804757275,-35.974749599158557],[149.647116805757292,-35.974749599158557],[149.64720180174541,-35.974738601165896],[149.647313797729367,-35.974726598175593],[149.647398803717465,-35.974715590182939],[149.647461802708364,-35.974709603188394],[149.647532796697988,-35.974703597194548],[149.647602796687778,-35.974697600200606],[149.647736790666755,-35.974697600212302],[149.647813791656233,-35.97468559821894],[149.647870793648053,-35.974679601223876],[149.647926791639918,-35.974674599228727],[149.648010784628298,-35.974662597235962],[149.648074787619834,-35.974650603241479],[149.64813078561167,-35.974645592246333],[149.648186783603023,-35.974644597251213],[149.648250786592172,-35.974650603256833],[149.648306784581933,-35.974661593261779],[149.648369783569791,-35.974678598267403],[149.648468781551998,-35.974695594276149],[149.648531789540499,-35.974707597281721],[149.648609775524534,-35.974735592288717],[149.648609776524552,-35.974735592288724],[149.648679776508288,-35.974775598295096],[149.648764781490428,-35.974809590302726],[149.648820780478587,-35.97483259230777],[149.648884773464744,-35.974861591313555],[149.648884774464733,-35.974861590313552],[149.648947781451113,-35.974889594319237],[149.649011775438055,-35.97491259632497],[149.649081775420967,-35.974958590331383],[149.649145778405625,-35.974998597337226],[149.649229780383422,-35.975066598345009],[149.649307776365873,-35.975106596352084],[149.649377775348142,-35.975157592358535],[149.64937777634816,-35.975157592358535],[149.649448780329493,-35.975214585365116],[149.649497777314906,-35.975266595369725],[149.649547769300995,-35.97531259837438],[149.649610777283584,-35.975369591380264],[149.649674771265978,-35.975426593386231],[149.649730778250444,-35.975477590391456],[149.649787780232373,-35.975546595396885],[149.649843779216837,-35.975597600402125],[149.649878792204447,-35.975649600405518],[149.649921783189541,-35.975711595409678],[149.649949778179064,-35.975757599412432],[149.649977781168587,-35.975803593415186],[149.649977782168577,-35.975803593415186],[149.649997977161973,-35.975829401417101],[149.650013781156844,-35.975849597418623],[149.650023706152894,-35.975867675419614],[149.650041784145714,-35.975900602421419],[149.650041785145703,-35.975900602421426],[149.650055787140474,-35.975923599422792],[149.650069788135255,-35.975946596424158],[149.650097783124096,-35.975997592426936],[149.650119790113138,-35.97605459542924],[149.650168787092497,-35.976152598434162],[149.650204786077865,-35.97622059943776],[149.650232790066582,-35.976272599440549],[149.650267794052752,-35.976335598444031],[149.650296792042241,-35.976380598446859],[149.650296793042259,-35.976380598446859],[149.650324797031004,-35.976432598449648],[149.65035979201943,-35.976478601452996],[149.650387796006839,-35.97654060545586],[149.650387796006839,-35.97654060645587],[149.650409792996527,-35.976592606458127],[149.650437796986068,-35.976638609460871],[149.650465799974086,-35.976695602463693],[149.650487797961659,-35.976763603466061],[149.650494798953673,-35.976815603467038],[149.650536794938773,-35.976878603471114],[149.650536795938763,-35.976878603471107],[149.650543796933533,-35.97691010347193],[149.650550796928258,-35.976941602472749],[149.650586805912042,-35.977021605476423],[149.650607799901223,-35.977078608478635],[149.650635802887024,-35.977152596481581],[149.650643807878936,-35.977204606482616],[149.650664810868875,-35.977255602484796],[149.65067881185837,-35.977318610486421],[149.650678812858359,-35.977318610486421],[149.650699805846727,-35.977381609488674],[149.650713807838457,-35.977427603490206],[149.650721812830483,-35.977478608491253],[149.650721812830454,-35.977478609491257],[149.650742815815789,-35.977564609493655],[149.650756808806733,-35.977616618495212],[149.650770818798577,-35.977661609496742],[149.650785815788623,-35.977719606498439],[149.65080681877933,-35.977764605500575],[149.650820820769468,-35.977822611502177],[149.650834821760526,-35.977873608503742],[149.650834822760515,-35.977873608503742],[149.650856819749549,-35.977930610506043],[149.650877822737925,-35.977993609508289],[149.650969820700766,-35.978165610517458],[149.650990822690716,-35.978216615519635],[149.651004824682445,-35.978262610521156],[149.651025818673077,-35.978308613523296],[149.651040824663994,-35.978359609524951],[149.651054825654882,-35.978411610526514],[149.651054826654899,-35.978411610526521],[149.651075828644082,-35.978468612528729],[149.651089830635811,-35.978514606530247],[149.651118828618451,-35.978611615533424],[149.651118829618412,-35.978611615533431],[149.651125830609828,-35.978668617534431],[149.651132831602638,-35.978714611535345],[149.65114683259435,-35.97876061453686],[149.651160834583834,-35.978823613538502],[149.651175840575547,-35.978868613540115],[149.651189842566453,-35.978920613541675],[149.651210844556431,-35.978971618543852],[149.651224837547346,-35.979023618545419],[149.651238830538404,-35.979074614546967],[149.651253854529216,-35.979126615548644],[149.651281848518067,-35.979177620551418],[149.651281849518057,-35.979177620551425],[149.65129584150904,-35.979229629552989],[149.651316844499718,-35.979274619555113],[149.651338851487992,-35.979337619557455],[149.651366845476701,-35.979389619560251],[149.651387848465873,-35.979446621562452],[149.651409846454868,-35.97950362356476],[149.651423848446598,-35.979549617566292],[149.65146585342336,-35.979675624570781],[149.65149485141049,-35.979738623573745],[149.65149485241048,-35.979738623573745],[149.651529856397474,-35.979795626577157],[149.651564861385225,-35.979846622580567],[149.651600860372042,-35.979903624584082],[149.651628855360769,-35.979955624586864],[149.651656858349668,-35.980006621589652],[149.651677861338811,-35.98006362359186],[149.651706859326595,-35.980121611594782],[149.651706860326584,-35.980121611594782],[149.651734863313209,-35.980189612597691],[149.651755865303812,-35.980235624599821],[149.65175586630383,-35.980235624599821],[149.651770365297409,-35.980267124601305],[149.65178486429096,-35.980298623602764],[149.65182687027152,-35.98039562360708],[149.65186886625807,-35.980447623611092],[149.651897865245985,-35.980504625613996],[149.651918858236741,-35.980549625616135],[149.651918859236787,-35.980549625616135],[149.651989862211963,-35.980652630623013],[149.651989863211952,-35.980652630623005],[149.652031867198531,-35.980704630627017],[149.652031868198492,-35.980704630627017],[149.652045870193263,-35.980727628628394],[149.652059871188044,-35.980750625629774],[149.652102872175334,-35.980795624633821],[149.652151869161571,-35.980841627638412],[149.652186874149976,-35.980887631641757],[149.652250876133195,-35.980938627647689],[149.652250877133213,-35.980938627647689],[149.652278871122718,-35.98098463065044],[149.652335873107006,-35.981035627655757],[149.652377870093545,-35.981087627659761],[149.652419875080994,-35.981132626663729],[149.652462875068153,-35.981178630667792],[149.652518873051804,-35.981235641673052],[149.652568866037115,-35.981287632677756],[149.652631873020482,-35.981338628683602],[149.652631874020472,-35.981338628683602],[149.652695877004334,-35.98138463268949],[149.652765876988042,-35.981424629695866],[149.652843871970646,-35.981463632702926],[149.652913871956628,-35.981486625709195],[149.65298487594319,-35.981503629715505],[149.653061875928813,-35.981520625722332],[149.653061876928831,-35.981520625722325],[149.653131867917068,-35.981526631728478],[149.65319587090633,-35.981531624734089],[149.65342086687096,-35.981531625753739],[149.653484869860137,-35.981537622759362],[149.653540867850666,-35.981542633764285],[149.653596865841052,-35.981548621769214],[149.653667860827682,-35.981565626775527],[149.653730859814061,-35.98159362078119],[149.653822866793547,-35.98163962478953],[149.653892865778062,-35.981673624795881],[149.653892866778051,-35.981673624795874],[149.653956851764178,-35.981702623801652],[149.654019859748303,-35.981747622807447],[149.654097863729191,-35.981799623814602],[149.654160871713998,-35.981839620820367],[149.654210863700172,-35.981884619825024],[149.654210864700161,-35.981884619825024],[149.654252860687507,-35.981930623829008],[149.654330865667731,-35.981987625836183],[149.654414858648437,-35.982033619843826],[149.654471860633549,-35.982078628849095],[149.654534859618366,-35.982118634854849],[149.654598861602238,-35.982164620860736],[149.654598862602228,-35.98216462086075],[149.654654860585907,-35.982221622866014],[149.654725864568661,-35.982267625872517],[149.654774861554216,-35.982318622877138],[149.654823867538994,-35.982375624881797],[149.654887861522838,-35.982421627887675],[149.654943868506507,-35.982478620892955],[149.65500086248926,-35.982541628898346],[149.655042867476567,-35.982587623902312],[149.655106870458155,-35.982650622908309],[149.655169869439277,-35.982718623914273],[149.655247856418725,-35.9827816229215],[149.655303863403873,-35.982827625926689],[149.655367866387053,-35.982878622932617],[149.655409871374331,-35.982924625936583],[149.655466864359482,-35.982969624941852],[149.655466865359443,-35.982969624941852],[149.655492094351985,-35.982996395944234],[149.655515871344903,-35.983021625946478],[149.655548125335656,-35.983053373949502],[149.655579873326502,-35.983084624952475],[149.65557987432652,-35.983084624952475],[149.655649883307319,-35.983146637959017],[149.655692874293692,-35.983198628963109],[149.655748872278139,-35.983249624968337],[149.655804870263268,-35.983295628973529],[149.655854871249346,-35.98334162297818],[149.655854872249307,-35.98334162297818],[149.655917871229661,-35.983415629984179],[149.655967872215058,-35.983466625988896],[149.656030880199069,-35.983512628994681],[149.656080872183651,-35.98356962299944],[149.656129878168457,-35.983626625004099],[149.656193872148521,-35.983701627010177],[149.65619387314851,-35.98370162701017],[149.6562288731389,-35.983732629013438],[149.65626387212933,-35.983763631016693],[149.656313874115369,-35.983809625021365],[149.656341877104893,-35.983855628024116],[149.65640588008651,-35.983918628030118],[149.656468879069081,-35.983975630036007],[149.656517876054636,-35.984026617040605],[149.656517877054625,-35.984026617040605],[149.656574879038146,-35.98408362804598],[149.656623876024327,-35.98412963105055],[149.656680869007118,-35.984192631055947],[149.65675087798931,-35.984243627062405],[149.65680787097287,-35.984300629067754],[149.656856877957637,-35.984357622072409],[149.656920880942266,-35.984397629078266],[149.656990879922176,-35.984466625084821],[149.657096879894141,-35.984552625094651],[149.657188867871469,-35.984614639103086],[149.657244884859608,-35.984637631108129],[149.657301877844617,-35.984683626113416],[149.657371877827671,-35.984728625119814],[149.657442880811203,-35.984768631126279],[149.657505879798265,-35.984791615131932],[149.657505880798254,-35.98479161513194],[149.657541382789333,-35.984817122135205],[149.657576883780365,-35.98484262913847],[149.657625881766563,-35.984888624143068],[149.65770387674749,-35.984940624150205],[149.657823877716567,-35.985031627161291],[149.657823878716556,-35.985031627161291],[149.65788687769836,-35.985094626167204],[149.657957881678868,-35.985157625173819],[149.658020880663003,-35.985202624179621],[149.658084882646875,-35.985248628185516],[149.658084883646865,-35.985248628185509],[149.658147881630242,-35.985299624191356],[149.658147882630232,-35.985299624191349],[149.658211885614094,-35.985345627197248],[149.658288886592999,-35.985413628204419],[149.65835288957831,-35.985448624210235],[149.658443882558743,-35.985488630218448],[149.658542881535652,-35.985545623227466],[149.658620885516655,-35.985596629234621],[149.658683893502257,-35.985630620240336],[149.65876888148216,-35.985681625248091],[149.658852882463663,-35.985721623255699],[149.658852883463652,-35.985721623255699],[149.658916868448983,-35.98575662726153],[149.658986877434302,-35.985784622267822],[149.65905088041896,-35.985824629273672],[149.659134881400433,-35.985864626281256],[149.659240881376263,-35.985921628290903],[149.659325878358402,-35.985955638298549],[149.659388877344014,-35.985989620304274],[149.659452879330104,-35.986018628310042],[149.659452880330093,-35.986018628310042],[149.659501885316473,-35.986063627314621],[149.659501886316463,-35.986063627314621],[149.659579882297322,-35.98611562832177],[149.659621878284668,-35.986161622325753],[149.659713876262686,-35.986218624334164],[149.659797877241942,-35.986275626341865],[149.659875882221485,-35.986337621349094],[149.659938881207751,-35.986366620354787],[149.660129877168714,-35.986434621371913],[149.660199877153246,-35.986468622378254],[149.660263880139325,-35.986497620384029],[149.660326879125734,-35.986525633389711],[149.660418877105997,-35.986565621398007],[149.660495877087811,-35.986611625405033],[149.660559880074715,-35.986634617410779],[149.660615878062885,-35.986657619415816],[149.660679872049116,-35.986685623421586],[149.660735871038838,-35.986696622426557],[149.660812871023722,-35.986719623433423],[149.66086987301253,-35.986736619438524],[149.660953874995471,-35.98676561844605],[149.661017868983947,-35.986776617451703],[149.661073866974363,-35.986782632456638],[149.661130868963937,-35.986793622461676],[149.661145004961355,-35.986796482462928],[149.661214870948527,-35.986810617469125],[149.661214870948498,-35.986810618469136],[149.661292866934815,-35.986821616476],[149.661362865922996,-35.986827613482163],[149.661362866922957,-35.986827613482156],[149.661432865910541,-35.986838612488349],[149.661510861897483,-35.986844618495191],[149.661587862885511,-35.9868436145019],[149.661679859871043,-35.98684361550994],[149.661749859859242,-35.986849612516089],[149.661827864846316,-35.986854614522933],[149.661918858832706,-35.986849612530833],[149.661996862820587,-35.986848608537642],[149.662066853811012,-35.986837609543677],[149.662130856801753,-35.986831612549224],[149.662221859787451,-35.986831613557172],[149.662299854775995,-35.986825607563944],[149.662355852767206,-35.986825607568832],[149.662446855754439,-35.986813604576689],[149.662517850744081,-35.986807607582861],[149.662556351738431,-35.98680460458619],[149.662594850732773,-35.986801602589544],[149.662594851732791,-35.986801602589544],[149.662665845723069,-35.986790603595672],[149.662665846723115,-35.986790603595672],[149.662735845712888,-35.986784606601738],[149.662812846703019,-35.986767601608342],[149.662883841693457,-35.986755599614462],[149.662946840685777,-35.986738603619855],[149.66303183667705,-35.986703599627042],[149.663108837668688,-35.986675595633571],[149.663108838668677,-35.986675595633564],[149.663171836661917,-35.986651599638904],[149.663235839655584,-35.986623595644318],[149.663298829649506,-35.986594597649621],[149.66336882964157,-35.986571596655573],[149.663424827635765,-35.986548594660313],[149.663488830628751,-35.986525592665743],[149.663544828623003,-35.986502600670484],[149.663664820610251,-35.986456597680657],[149.66372781960257,-35.986439592686047],[149.663790818595686,-35.986416591691402],[149.663847820589808,-35.986393589696213],[149.663924821580082,-35.986375590702806],[149.663994821570498,-35.986364591708856],[149.664058815562839,-35.98634659171433],[149.664121814555187,-35.986329578719719],[149.664212816545358,-35.986295586727422],[149.664304814534745,-35.986266588735269],[149.664374805526791,-35.986243586741232],[149.664452809516888,-35.986225587747917],[149.664543803505637,-35.986202594755717],[149.664589801499545,-35.986194088759667],[149.664635800493414,-35.986185581763628],[149.664635801493461,-35.986185581763635],[149.664811799469618,-35.986156583778808],[149.664811800469607,-35.986156583778808],[149.664881799460233,-35.986144580784824],[149.664944798452524,-35.986127584790218],[149.6650298044392,-35.986127575797646],[149.665099795430422,-35.98611058080364],[149.665170790420859,-35.986098577809756],[149.665233789413179,-35.986081581815142],[149.665324791401275,-35.986063573822967],[149.665395777390756,-35.986058580829145],[149.665451784383578,-35.986046577833946],[149.665514792373642,-35.986046577839446],[149.66558578736408,-35.986034575845572],[149.665669789352364,-35.98602357685283],[149.665740784341978,-35.986017570858984],[149.665824785328738,-35.986017570866309],[149.665881778320625,-35.986011574871256],[149.665958779309278,-35.98600556887795],[149.666049782294323,-35.986010570885924],[149.666134778281645,-35.986005568893312],[149.666190776272174,-35.98601057089823],[149.666254779262118,-35.986010570903822],[149.666310777252534,-35.986016567908756],[149.666380777241528,-35.986016567914866],[149.666479785226102,-35.986015563923502],[149.666585775207864,-35.98602756693284],[149.66667676919289,-35.986032568940821],[149.666803770172919,-35.986032560951898],[149.666803771172908,-35.986032560951898],[149.666873770161232,-35.986037562958053],[149.666951766149651,-35.986032560964823],[149.667014765139896,-35.986031565970322],[149.667148768118835,-35.986031556982027],[149.667218759108664,-35.986025559988093],[149.667310765094157,-35.986025559996129],[149.667401759080661,-35.986019555004027],[149.667585754051714,-35.9860195550201],[149.667683757035661,-35.986024566028703],[149.667775754020425,-35.986030554036766],[149.667775755020443,-35.986030554036766],[149.667852747008311,-35.986030554043495],[149.6679307509946,-35.98604155305037],[149.667993749983907,-35.986047550055929],[149.668063749972248,-35.98605255206207],[149.668141745959986,-35.986052552068884],[149.668225746945353,-35.986063551076278],[149.668225747945314,-35.986063551076278],[149.668282749935599,-35.986069548081304],[149.668338747926782,-35.986069548086199],[149.668402750915305,-35.986080547091852],[149.668479742902406,-35.986086553098616],[149.668549741891354,-35.986086553104727],[149.66863474787732,-35.986091546112192],[149.668697746866002,-35.98610254511776],[149.668796745849647,-35.986108551126442],[149.668859734839714,-35.986108542131944],[149.668944740825708,-35.986113544139393],[149.669000738816123,-35.986119541144333],[149.66916273579065,-35.986119542158491],[149.669162736790668,-35.98611954115848],[149.669225735779321,-35.986130540164041],[149.669303730765591,-35.98614153917093],[149.669388736749994,-35.986158544178465],[149.669479729732672,-35.986181537186575],[149.669564735717046,-35.986198542194103],[149.669634734703806,-35.986215538200334],[149.669634735703795,-35.986215538200334],[149.669677234695598,-35.986227039204124],[149.669719731687394,-35.98623853920791],[149.669838729665003,-35.986266543218477],[149.66990273165348,-35.986277542224151],[149.669958730642463,-35.986294538229153],[149.670050727621913,-35.986340541237503],[149.670127727605944,-35.986369540244404],[149.670127728605962,-35.986369540244404],[149.670212724587429,-35.986408533252096],[149.67027572357452,-35.986431526257761],[149.670339726560627,-35.986460533263539],[149.67041672754479,-35.986488537270439],[149.670508724525035,-35.98652853427874],[149.670593730506425,-35.986568532286427],[149.67067772248646,-35.986619537294118],[149.670677723486449,-35.986619537294118],[149.670762728467025,-35.986665532301842],[149.670840723447213,-35.986722534309038],[149.670840724447231,-35.986722534309038],[149.67088272943451,-35.986768537313012],[149.670952728417575,-35.986813536319424],[149.670952729417564,-35.986813536319424],[149.671002730403643,-35.9868595313241],[149.67107273038593,-35.986910536330555],[149.671136724368324,-35.986967529336518],[149.671221729345831,-35.987036534344384],[149.671284737332229,-35.987064528350082],[149.671362724312417,-35.987121531357282],[149.671432724296096,-35.987161528363657],[149.671517729275223,-35.987218530371464],[149.671651732240548,-35.987321527383848],[149.671764731213017,-35.987395533394221],[149.671764732213006,-35.987395533394221],[149.671841723195598,-35.987435531401196],[149.671895731183696,-35.98746152740609],[149.671912727179972,-35.987469531407626],[149.671982726163691,-35.987509520414008],[149.67198272716368,-35.987509520414008],[149.672039729147826,-35.987561529419338],[149.672095726129243,-35.987635527424708],[149.672095727129232,-35.987635527424708],[149.672152728111968,-35.987698517430111],[149.672152729111957,-35.987698517430111],[149.672173731101935,-35.987749531432293],[149.672223732083495,-35.987829526437181],[149.672258727071096,-35.987881526440582],[149.672258728071085,-35.987881526440582],[149.672300733056204,-35.987944534444672],[149.672336732041543,-35.988012526448266],[149.67237173602993,-35.988058529451635],[149.67237173702992,-35.988058529451642],[149.672407736017533,-35.988109534455127],[149.672477734989883,-35.98823553246207],[149.672477735989901,-35.98823553246207],[149.672527735975137,-35.988287532466792],[149.672527736975127,-35.988287532466785],[149.672562740961411,-35.988349527470255],[149.672583733950461,-35.988407533472483],[149.672583734950479,-35.988407533472476],[149.672605740938025,-35.988475534474851],[149.672633743925246,-35.988538533477708],[149.67265473791511,-35.988590533479893],[149.672669743905203,-35.988647535481576],[149.672669743896876,-35.988710534482003],[149.672683744886371,-35.988773533483645],[149.672690745878498,-35.988824529484589],[149.672704746866401,-35.988899531486318],[149.672704747866362,-35.988899531486325],[149.672719743857272,-35.98895053648797],[149.672726753849275,-35.989002536488918],[149.672740745839576,-35.989059538490523],[149.672740746839565,-35.98905953849053],[149.672754747830624,-35.989110534492085],[149.672768749822353,-35.989156538493624],[149.672790756809093,-35.989230535496041],[149.672797756801913,-35.989276539496942],[149.672797756798872,-35.989299540497107],[149.672867756788662,-35.989293534503169],[149.672938751780521,-35.989270533509234],[149.672994749774006,-35.98925353751401],[149.673057757766458,-35.989235538519388],[149.673128743758355,-35.989212536525436],[149.673205744749964,-35.989184524531979],[149.673275744745808,-35.989132533537749],[149.673332746741352,-35.989098532542492],[149.673388744734922,-35.989080533547266],[149.673444742731419,-35.989040527551893],[149.673507741727605,-35.988994523557089],[149.673564734726199,-35.988937530561685],[149.673613731725368,-35.988885521565614],[149.673613732725329,-35.988885521565614],[149.673669730726374,-35.988811524570018],[149.673697733728034,-35.988765521572169],[149.673767724726162,-35.988696525577815],[149.67381672272677,-35.988633526581665],[149.673865719726621,-35.988576524585575],[149.673922721726001,-35.988513507590142],[149.673957717727376,-35.988461516592842],[149.673978719734635,-35.98838152259416],[149.674027717737545,-35.988301518597893],[149.674097708744767,-35.988163517603098],[149.674118711752072,-35.988083514604398],[149.674132704756715,-35.988031514605275],[149.674138701761734,-35.987986515605499],[149.674152702767202,-35.987928518606338],[149.674152703767191,-35.987928518606338],[149.674166704770983,-35.987883509607258],[149.674166705770944,-35.987883509607251],[149.674180697780145,-35.987797509607915],[149.67420170078293,-35.987751524609443],[149.674222694785698,-35.987705512610965],[149.674222694793229,-35.987648510610569],[149.674232698795805,-35.987617512611237],[149.674250698800194,-35.987562509612452],[149.674257690805206,-35.987516506612756],[149.674271691809764,-35.987465510613639],[149.674271692809754,-35.987465510613646],[149.674278693816973,-35.98740251161383],[149.674277689827051,-35.987327509613259],[149.674284690835719,-35.98725350261337],[149.674298683842636,-35.987184507614131],[149.67430569385067,-35.987115502614287],[149.674326678856374,-35.987047501615677],[149.674347680862184,-35.986978505617053],[149.674368674867253,-35.986915506618452],[149.674403679873109,-35.986829497620946],[149.674424673881163,-35.986743505622201],[149.67443167488986,-35.98666949962233],[149.674437671895021,-35.986623504622528],[149.67444467290224,-35.986560488622736],[149.674451664910293,-35.986491501622879],[149.674451664917825,-35.986434499622504],[149.674458656925054,-35.986371491622698],[149.674465666933685,-35.98629748462281],[149.674479659942222,-35.986216495623502],[149.674493661946769,-35.986165498624381],[149.674506659953067,-35.986102500625108],[149.674527653960354,-35.986022496626411],[149.67453465496493,-35.985979496626719],[149.674541654969545,-35.985936495627058],[149.674541655969506,-35.985936495627058],[149.674555656974206,-35.985884495627936],[149.674555657974196,-35.985884495627936],[149.674576650976832,-35.985839496629474],[149.674583651984847,-35.985770491629623],[149.674583651992407,-35.985713489629241],[149.674604645996027,-35.985661489630736],[149.674618648000518,-35.985610493631619],[149.674632641005218,-35.985558493632482],[149.674646643013602,-35.98547849063317],[149.674667646018634,-35.985415491634591],[149.674688639022861,-35.985358489636049],[149.674758640027022,-35.985243490641409],[149.674786634032444,-35.98516948364334],[149.674814629035694,-35.985111486645422],[149.674884629039809,-35.984997473650765],[149.674926626040872,-35.984939485654039],[149.674961630041452,-35.984893482656801],[149.675017628040194,-35.984836480661308],[149.675073626035868,-35.984802489665974],[149.675144621029375,-35.984767475671937],[149.675214621022832,-35.984733475677835],[149.675277620019045,-35.984687481683032],[149.675333618014065,-35.984658474687741],[149.675404613008197,-35.984618476693655],[149.675460611004013,-35.984583472698326],[149.675516608999715,-35.984549472702987],[149.675586608995587,-35.98449747270876],[149.675664604987844,-35.984463471715344],[149.675727603980988,-35.984440470720699],[149.675797602974598,-35.984405474726586],[149.675861596967593,-35.984382473732005],[149.675861597967582,-35.984382473732005],[149.675895597964683,-35.984364123734863],[149.675924596962204,-35.984348472737288],[149.675980594961061,-35.984290467741801],[149.676036592959036,-35.984239470746346],[149.676078597960725,-35.984176463749613],[149.676106592962441,-35.984130468751736],[149.67623358596137,-35.983987466761882],[149.676254587964195,-35.983941463763415],[149.676296584964462,-35.983889463766729],[149.676338580966956,-35.983820458769948],[149.676359574971997,-35.983757459771361],[149.67639457897323,-35.983706454774072],[149.676415572976822,-35.983654454775561],[149.676443575979931,-35.983597461777627],[149.676471570983892,-35.98353444477965],[149.676506565984454,-35.983488459782414],[149.67652756898724,-35.983442455783937],[149.676562564991571,-35.983368458786501],[149.676576565996214,-35.983316449787374],[149.676597559999664,-35.983265452788871],[149.676625564002904,-35.983207455790932],[149.67665355800608,-35.983150444793012],[149.676653559006098,-35.983150444793012],[149.676672945008761,-35.983106831794409],[149.676681562010003,-35.983087446795018],[149.676692730011069,-35.983066173795862],[149.676714002013085,-35.983025657797448],[149.676714003013075,-35.983025657797448],[149.676723558014004,-35.983007451798166],[149.676751553017908,-35.982944452800183],[149.676779556020421,-35.982892443802299],[149.676814552021625,-35.982841447805001],[149.676849547023039,-35.982789447807718],[149.676884543024244,-35.982738442810444],[149.676912546027523,-35.982680445812491],[149.676954543029922,-35.982612444815715],[149.676996539031819,-35.982548441818956],[149.677045536033859,-35.982474443822753],[149.67709553703358,-35.982417441826733],[149.677095538033569,-35.98241744182674],[149.677144535033506,-35.982359435830631],[149.677193532032561,-35.982308439834561],[149.677249530028405,-35.98227343583924],[149.677305528024874,-35.982233438843856],[149.677362530018996,-35.982210436848689],[149.677418528010946,-35.982204439853533],[149.677488528003806,-35.982175432859457],[149.677608519989434,-35.98214143286971],[149.677685520981214,-35.982112433876253],[149.677748519975779,-35.982078433881519],[149.677833515964807,-35.98206043388884],[149.677896523954132,-35.982066430894371],[149.677953516943717,-35.982077429899419],[149.678016515931574,-35.982094425905039],[149.678079505920863,-35.982100431910581],[149.678150509906004,-35.982128426916979],[149.67822050989426,-35.982134423923128],[149.678277520883796,-35.982145430928192],[149.678277520883796,-35.982145431928181],[149.678340510875358,-35.982134423933616],[149.678396508868957,-35.982116423938386],[149.67846050285965,-35.98211042694394],[149.678664504836746,-35.982041422961302],[149.678664505836764,-35.982041422961302],[149.678734504825741,-35.982041422967413],[149.678734505825759,-35.982041422967413],[149.678819501813848,-35.982030423974777],[149.678875499806651,-35.982018421979575],[149.678945499797891,-35.982001416985582],[149.679023495788016,-35.981983416992279],[149.679107496777078,-35.981966421999516],[149.679163494770535,-35.981949417004287],[149.67923448976174,-35.981931418010355],[149.679311490752667,-35.981908416016935],[149.679367488747573,-35.981880413021642],[149.679438483741052,-35.981845417027621],[149.679501482737237,-35.981799405032824],[149.679550479736292,-35.981748409036761],[149.679627480731853,-35.9816904120431],[149.679690479731107,-35.981621407048152],[149.67974747272811,-35.981576408052824],[149.679810471728132,-35.981501407057827],[149.679859468727955,-35.981444405061744],[149.679887472731224,-35.981386408063798],[149.67990846573386,-35.981341399065322],[149.679929468737441,-35.98128939906681],[149.679943461746632,-35.981203399067461],[149.679964464751663,-35.981140409068885],[149.679978465755539,-35.981094405069804],[149.679984462765987,-35.981008405069765],[149.679977461774627,-35.980951394068754],[149.67998445377961,-35.980905400069069],[149.679984453780548,-35.980898551069011],[149.679984454793896,-35.980797401068344],[149.679991455804156,-35.980711401068397],[149.679991454804139,-35.980711401068405],[149.679976449816451,-35.98063639906659],[149.679976449823982,-35.980579397066201],[149.679962447837539,-35.980493405064401],[149.679948446848783,-35.980425387062724],[149.679948445848765,-35.980425386062727],[149.679948446854866,-35.980379392062424],[149.679948445854848,-35.980379392062424],[149.679926448869651,-35.98029339205992],[149.679912455881663,-35.980219394058217],[149.67988343989677,-35.980139390055143],[149.67986943790504,-35.980093396053618],[149.679856610913276,-35.980046657052192],[149.679855435914021,-35.980042391052052],[149.67985543593835,-35.979858387050825],[149.679847431945547,-35.979813387049838],[149.679854432951316,-35.979761387050097],[149.679854432959644,-35.97969838804967],[149.679847431966834,-35.979652385048759],[149.679847431974366,-35.979595392048388],[149.679840430983035,-35.979538390047388],[149.679853428988537,-35.979481388048143],[149.679860420997329,-35.979406386048268],[149.679860421010943,-35.979303390047562],[149.679853420018816,-35.979252376046617],[149.679853421029406,-35.979172381046098],[149.679853420029389,-35.979172381046098],[149.679838415039399,-35.979114384044394],[149.679838414039409,-35.979114384044394],[149.679831414047243,-35.979063379043446],[149.679817421055532,-35.979017384041903],[149.679803410075863,-35.978880379039772],[149.67978841408879,-35.978800375037935],[149.679788413088829,-35.978800375037935],[149.679788405116852,-35.978588376036519],[149.679802406123741,-35.978519381037273],[149.679802407123759,-35.978519381037273],[149.679829406130892,-35.978433380039064],[149.679850400135138,-35.978376378040529],[149.679864402139629,-35.978325373041407],[149.679871403146905,-35.978262374041599],[149.679878394152723,-35.978210374041872],[149.679920391164984,-35.978067371044588],[149.679920391176353,-35.97798137104401],[149.679948386178069,-35.977935367046165],[149.679976389184247,-35.977855373048072],[149.680018385184525,-35.977803373051401],[149.680018386184514,-35.977803373051401],[149.680067374187388,-35.977723369055134],[149.68010237819027,-35.97766037005777],[149.68013038219496,-35.977591365059759],[149.680172378196715,-35.977528367063023],[149.680235377195118,-35.977465368068096],[149.680305368193956,-35.977391361073721],[149.680383373189983,-35.977328362080094],[149.68045336418669,-35.977270356085839],[149.680523364183244,-35.977213363091586],[149.680579362179714,-35.977173357096213],[149.680642361176695,-35.977121357101375],[149.680706355171935,-35.977081360106695],[149.680776355169257,-35.977018343112391],[149.68086736616408,-35.976949356119881],[149.680938352160467,-35.976892354125702],[149.681008352157164,-35.97683434813144],[149.681064350155083,-35.976783352135982],[149.68114134215071,-35.976725346142331],[149.681211342148032,-35.976662347148029],[149.68127533614549,-35.976605345153239],[149.681324342145473,-35.976547348157141],[149.681366338145608,-35.976496343160463],[149.681422336144493,-35.976438346164962],[149.681471333144373,-35.976381344168871],[149.681513330145236,-35.976324342172163],[149.681555326146963,-35.976261335175415],[149.681576329149777,-35.976215340176942],[149.681604323152953,-35.976158338179012],[149.681604324152943,-35.976158338179019],[149.681646329157047,-35.97607734018213],[149.681667323164305,-35.975997336183454],[149.68168131517271,-35.975917332184139],[149.68168831617993,-35.975854333184323],[149.681695317189451,-35.975774339184404],[149.681695308199977,-35.975694335183874],[149.681701314207402,-35.975631327183976],[149.68170130521429,-35.975579336183635],[149.681701306234629,-35.975425326182609],[149.681687313245931,-35.975356330180936],[149.681651304261408,-35.975282332177279],[149.681630302270776,-35.975236329175146],[149.681609299283849,-35.975162331172818],[149.681580301297544,-35.975093326169819],[149.681573300306979,-35.975030327168803],[149.681552297318603,-35.974967328166535],[149.68154530532567,-35.974922329165636],[149.681523299341308,-35.974830322163086],[149.68150929835025,-35.974779326161524],[149.681509297350232,-35.974779326161524],[149.681495296361589,-35.97471032115984],[149.681487291370331,-35.97465332815878],[149.681480290379113,-35.974595322157782],[149.681487291386333,-35.97453232315798],[149.681480290393409,-35.97448732415706],[149.681480290399492,-35.974441320156735],[149.681487282409762,-35.974355320156789],[149.681486287416647,-35.97430432415635],[149.681500280425809,-35.974218323157011],[149.681514282432744,-35.974149327157775],[149.681528275441167,-35.974069315158467],[149.681543235443712,-35.974032275159523],[149.681549277444702,-35.974017315159955],[149.681549277444702,-35.974017314159958],[149.681563270448606,-35.973971320160871],[149.681577272454746,-35.973908312161676],[149.681605266462384,-35.973817319163508],[149.681624781464109,-35.973781095164973],[149.681633279464847,-35.973765310165618],[149.681654264468278,-35.973714314167111],[149.681668266473736,-35.973656317167951],[149.681689259478787,-35.973593309169367],[149.681689260478805,-35.973593309169367],[149.681703261483335,-35.973542313170242],[149.681709258488468,-35.973496318170461],[149.681730261491253,-35.973450306171991],[149.681737262496938,-35.973399310172262],[149.681751254503041,-35.973336311173078],[149.681772257506623,-35.973284311174567],[149.681786250512772,-35.973221294175367],[149.681807253519253,-35.973147305176703],[149.681828246523509,-35.973090303178175],[149.68185625053286,-35.972986303179916],[149.681884245543529,-35.97287229918161],[149.681898246547405,-35.972826305182508],[149.681898247547423,-35.972826305182515],[149.681919240556141,-35.97273530218375],[149.681932238561785,-35.9726772961845],[149.681939239579577,-35.972534302184165],[149.681939230588711,-35.972465298183693],[149.681953232594708,-35.972403294184502],[149.681960242602742,-35.97233429818467],[149.681973231611266,-35.972254294185255],[149.681987224615142,-35.972208291186192],[149.682015227619075,-35.972145292188209],[149.682043222626874,-35.972053295190044],[149.682057224631393,-35.972002289190932],[149.682085218634654,-35.971944292192987],[149.68210622163889,-35.971887290194445],[149.682141216643998,-35.971807287196967],[149.682169211647931,-35.971744288198998],[149.682178569650176,-35.971716222199639],[149.682211207657986,-35.97161829020181],[149.682239211662704,-35.971549285203814],[149.682253204666608,-35.971503282204743],[149.682274206670058,-35.971452286206222],[149.682316203671121,-35.971394280209509],[149.682333701673997,-35.97135178221076],[149.682351198676884,-35.971309283212015],[149.682351199676901,-35.971309283212015],[149.682365200695955,-35.971148281212152],[149.68235719670318,-35.971103282211153],[149.68235719570319,-35.971103282211153],[149.682350195712587,-35.971040283210129],[149.682343194720573,-35.970988283209174],[149.682329192737853,-35.970874278207177],[149.682321187750489,-35.970788278205916],[149.682307186761818,-35.970719273204232],[149.682300185769009,-35.970673279203297],[149.682286183779496,-35.970610280201662],[149.682257185793844,-35.97053627319864],[149.682236182805468,-35.970473274196394],[149.682215179817774,-35.97040527319411],[149.68220719282894,-35.9703302711929],[149.682200183841417,-35.970244271191724],[149.682193182850881,-35.970181272190693],[149.682186163860962,-35.970113271189625],[149.682186163867044,-35.970067268189318],[149.682186163867044,-35.970067267189314],[149.682178176876619,-35.970004269188195],[149.682171175883809,-35.969958274187277],[149.682171176892808,-35.969890273186827],[149.682164166904471,-35.96981027018569],[149.682171167915527,-35.969718272185666],[149.682170163922564,-35.96966627218525],[149.682163162934245,-35.969586268184102],[149.682163162946267,-35.9694952661835],[149.68217016395127,-35.969449263183805],[149.682177155962336,-35.969357265183802],[149.682183152980286,-35.969214263183382],[149.682183152987022,-35.969163266183045],[149.682176151995037,-35.969111266182075],[149.682176152010101,-35.968997262181318],[149.682161147019997,-35.968940260179622],[149.682147154035846,-35.968837264177722],[149.68214014404299,-35.968791261176804],[149.682118147055576,-35.968722256174424],[149.682104145064528,-35.968671268172855],[149.682097144075499,-35.968596258171743],[149.682104145081979,-35.968539256171972],[149.682104145089511,-35.968482254171597],[149.682125139096797,-35.968402259172905],[149.682145137103561,-35.968327257174145],[149.682145138103579,-35.968327257174145],[149.682152138108535,-35.968281263174447],[149.682152139108553,-35.968281263174447],[149.682166131116134,-35.968207247175187],[149.682180133120028,-35.968161253176099],[149.68220112712649,-35.968087246177447],[149.682229130133464,-35.96800124617932],[149.682292129141814,-35.967863245183906],[149.682320124143388,-35.967818246186056],[149.682320125143406,-35.967818246186056],[149.682355120144763,-35.967766246188766],[149.682362112150543,-35.967714246189026],[149.682404117152942,-35.967646245192249],[149.682425120155756,-35.967600242193768],[149.682453114158193,-35.967548233195878],[149.682467116162087,-35.967502238196786],[149.682495111164457,-35.967451242198898],[149.682523114166912,-35.967399233201],[149.682537116170664,-35.967354234201927],[149.682572111174267,-35.967285229204528],[149.682607116178701,-35.96721023620708],[149.682635102183326,-35.967142236209078],[149.68266311418725,-35.967079228211091],[149.682670106192205,-35.967033234211414],[149.682691100196621,-35.966975228212853],[149.682698101203698,-35.966913233213056],[149.682704098212668,-35.966838231213075],[149.682704098228498,-35.96671823021228],[149.682697097235717,-35.966672227211355],[149.682690096245807,-35.966604226210315],[149.682690096251918,-35.966558231209994],[149.68268909225975,-35.966500225209522],[149.682696093265378,-35.966449220209796],[149.682696093276775,-35.966363229209207],[149.682710086284345,-35.966289222209944],[149.682710087284363,-35.966289222209944],[149.682724088291252,-35.966220217210719],[149.68272408830407,-35.966123218210072],[149.682730085310027,-35.966071218210246],[149.682716083322788,-35.965991214208486],[149.682716083332565,-35.965917216207998],[149.682709083341337,-35.965859210207],[149.682709074347287,-35.965814211206698],[149.682701078354626,-35.965768217205685],[149.682701078360708,-35.965722213205389],[149.682694077371622,-35.965648207204289],[149.682679071398923,-35.965459210201715],[149.682672071419745,-35.965310210200109],[149.682679063426974,-35.96524720220031],[149.68268606443263,-35.965196206200574],[149.682689564435094,-35.965173205200728],[149.682693064437615,-35.965150203200885],[149.682693065437604,-35.965150203200885],[149.682714058446464,-35.965058205202091],[149.682714059446482,-35.965058205202105],[149.682734057450091,-35.965007200203502],[149.682748059455548,-35.964949203204341],[149.68277606245789,-35.964898198206456],[149.682797056462931,-35.964835199207869],[149.68282505146766,-35.964766194209851],[149.682853054472389,-35.964697199211841],[149.682888050477459,-35.964617195214359],[149.682916053482188,-35.964548190216355],[149.682972043484767,-35.964462190220679],[149.683000046487109,-35.964411194222791],[149.683056044489689,-35.964325193227097],[149.683105042491889,-35.964250191230889],[149.683133036493473,-35.964205183233041],[149.683162035495002,-35.964159189235268],[149.683232035499231,-35.964044181240624],[149.68324603250079,-35.964015675241654],[149.683260029502321,-35.963987170242675],[149.683260030502339,-35.963987170242675],[149.683281032505135,-35.963941185244209],[149.683301031511775,-35.963867178245465],[149.683329025516542,-35.963798173247454],[149.683364030522398,-35.963712173249938],[149.683399025526825,-35.9636371712525],[149.683434021529621,-35.963574172255136],[149.683469016530893,-35.963523176257844],[149.683497029534834,-35.963460168259886],[149.683518014539857,-35.963397169261299],[149.683525015547843,-35.963328173261452],[149.683525015556199,-35.963265165261035],[149.683532016565664,-35.963185171261102],[149.683539008575167,-35.96310516726119],[149.683538013585888,-35.963025163260568],[149.683531012596148,-35.962956167259492],[149.683524011605556,-35.962893160258474],[149.683517010612746,-35.96284716525755],[149.683503008623916,-35.962779164255871],[149.683509005630498,-35.962722162256021],[149.683515997647646,-35.962584162255709],[149.683501996656616,-35.962533156254146],[149.683494995664574,-35.96248115625319],[149.683465996675238,-35.962435162250337],[149.683444994684464,-35.962390154248212],[149.683416999695737,-35.962338154245415],[149.683396006705777,-35.962287157243246],[149.683359997718298,-35.962235157239753],[149.683303999735301,-35.962173153234438],[149.683260999749734,-35.962115156230304],[149.68323299676311,-35.962047155227417],[149.683211993772488,-35.96200115222527],[149.683175994789536,-35.961915151221547],[149.68314799080224,-35.961852152218682],[149.683119987815616,-35.961784151215774],[149.683097989825967,-35.961732151213504],[149.683076987837552,-35.961669152211265],[149.683055993849848,-35.961601151208974],[149.683033986862455,-35.961532146206594],[149.683019985874409,-35.961458149204866],[149.683005983889416,-35.961361149203015],[149.682983985901245,-35.961298150200662],[149.682976985909988,-35.961240144199657],[149.682976976928103,-35.961103147198749],[149.682969966935929,-35.961052142197794],[149.682962974943109,-35.961006139196883],[149.682947978952342,-35.960954139195216],[149.682947977952352,-35.960954139195216],[149.68290597297019,-35.960869142190987],[149.682884970982627,-35.960800137188691],[149.682862972992154,-35.960754143186463],[149.682841971004422,-35.960686142184187],[149.682841970004432,-35.960686142184187],[149.68281397601794,-35.960617137181274],[149.682784969030024,-35.960560135178355],[149.682784968030035,-35.960560135178355],[149.68274997304465,-35.960491139174835],[149.682721970055781,-35.960440134172053],[149.682692971067894,-35.960383141169139],[149.682678970076154,-35.960337138167603],[149.682678969076164,-35.960337138167617],[149.682650966087436,-35.960285137164817],[149.682629955099031,-35.960222138162564],[149.68262995409907,-35.960222138162571],[149.682607966109259,-35.960171133160294],[149.682586963120059,-35.960114131158086],[149.682572962128376,-35.960068137156561],[149.682572961128358,-35.960068137156561],[149.682550964138557,-35.960017132154285],[149.68253696215146,-35.95993612415252],[149.682515960162306,-35.959879131150316],[149.682508959170121,-35.959828135149358],[149.682508959176232,-35.959782132149058],[149.682486961192524,-35.959685141146494],[149.682493962205825,-35.959576130146367],[149.682500954211548,-35.959524130146647],[149.682514956219165,-35.959450123147363],[149.682521948224831,-35.959399127147648],[149.682520953232654,-35.959341121147169],[149.682520944244658,-35.959250127146554],[149.682527945252673,-35.959181123146713],[149.682534946259125,-35.959124121146942],[149.682541947266344,-35.959061122147126],[149.682548939274398,-35.958992117147311],[149.68255494528097,-35.958935115147433],[149.68255493629087,-35.95886012214693],[149.682554936315057,-35.958677113145725],[149.682561937322276,-35.958614114145917],[149.682575930326863,-35.958563109146795],[149.682581936333463,-35.958506125146947],[149.68259592933893,-35.958448110147778],[149.68260293034615,-35.958385111147969],[149.682609930351788,-35.958334106148243],[149.682616931359007,-35.958271107148434],[149.682623924365458,-35.95821410514867],[149.682623923365469,-35.95821410514867],[149.682601926383313,-35.958105103146018],[149.682601926390191,-35.958053102145662],[149.68259492539724,-35.958008103144763],[149.682580924406324,-35.957956103143189],[149.682580923406334,-35.957956103143189],[149.682552920418232,-35.95789910114037],[149.682530923429226,-35.957842108138067],[149.682530922429237,-35.957842108138067],[149.682509920440054,-35.957785115135856],[149.682488917451025,-35.957727100133624],[149.682474916460791,-35.95767009813202],[149.682474915460773,-35.95767009813202],[149.682473921468471,-35.95761310513155],[149.682473920468453,-35.95761310513155],[149.682459919482028,-35.95752710412976],[149.682459910488774,-35.957476099129416],[149.68245290949821,-35.957413100128385],[149.682466911504321,-35.957350101129187],[149.682465907512039,-35.957293099128719],[149.682479909516701,-35.957241099129611],[149.682500902521724,-35.957178091131013],[149.682527588521907,-35.957145050133136],[149.682542899522019,-35.957126091134342],[149.682606902519495,-35.957069089139551],[149.682669910514903,-35.957029092144786],[149.682704896515503,-35.956983088147545],[149.68273290051718,-35.95693708514969],[149.68281689351906,-35.95682309015627],[149.682900894515029,-35.956754085163141],[149.682978890510412,-35.956696080169571],[149.683034888505318,-35.956668085174279],[149.683104888501191,-35.956616085180052],[149.683160886498541,-35.956570082184641],[149.683237887493306,-35.956518082191025],[149.683315883485534,-35.956484082197619],[149.683377921480286,-35.956450103202805],[149.683399875478443,-35.956438078204648],[149.683399876478433,-35.956438078204648],[149.683484881468928,-35.95640907121188],[149.6835898764555,-35.956386070220894],[149.68365987644674,-35.956369074226913],[149.68373087143641,-35.956363068233074],[149.683800870425415,-35.956363068239177],[149.683800871425404,-35.956363068239185],[149.683871874413597,-35.956368070245425],[149.683871875413615,-35.956368070245425],[149.68393487440224,-35.956379069251007],[149.68399787339078,-35.956391072256579],[149.684054866381217,-35.9563960652616],[149.684124865369398,-35.95640207126776],[149.684194865356972,-35.956413070273946],[149.684279862343601,-35.956413070281378],[149.684356862330731,-35.956419067288138],[149.68435686333072,-35.956419067288145],[149.684374880327709,-35.956420645289739],[149.684413864321158,-35.956424069293149],[149.684413865321119,-35.956424069293149],[149.684452365314314,-35.956430066296562],[149.684490865307453,-35.956436063299975],[149.684575862291979,-35.956452064307499],[149.684645862277961,-35.956475066313772],[149.68470986526566,-35.956492062319477],[149.684793857249446,-35.956515063326968],[149.684871862234957,-35.956532059333895],[149.684927860223922,-35.956549064338908],[149.685011861207016,-35.956577059346429],[149.685011862207034,-35.956577059346436],[149.685089857192537,-35.956594063353357],[149.685173868175525,-35.956623071360902],[149.685230852165773,-35.956629059365923],[149.685286859155553,-35.956640058370887],[149.68534285714756,-35.956634061375745],[149.68540685113669,-35.956640058381375],[149.685483861124766,-35.956639063388103],[149.685539841117389,-35.956628056392923],[149.685616420108374,-35.956605626399472],[149.685638848105725,-35.956599057401384],[149.685638849105715,-35.956599057401384],[149.68570884809921,-35.956565057407268],[149.6857088490992,-35.956565057407268],[149.685779843091893,-35.956536058413278],[149.685835841086174,-35.956513057418022],[149.68588761708196,-35.956483467422366],[149.685905841080483,-35.956473051423885],[149.685968840074395,-35.956444052429191],[149.686025842070734,-35.956404055433914],[149.686095842065157,-35.956363054439748],[149.686095843065146,-35.956363054439748],[149.686172834060642,-35.956306052446102],[149.686263836054707,-35.956243044453629],[149.686327830049919,-35.956203047458949],[149.686390829043063,-35.956180045464301],[149.686446828038129,-35.956151047469007],[149.686481828035284,-35.956131044471924],[149.68651682703242,-35.956111041474863],[149.68651682803241,-35.956111041474863],[149.686580821028457,-35.956065037480144],[149.686580822028475,-35.956065037480144],[149.686636820023494,-35.956036039484836],[149.686692827019954,-35.955996042489474],[149.686755817015381,-35.955956035494722],[149.686847814009411,-35.955892033502323],[149.686903821006581,-35.955847033506934],[149.68690382200657,-35.955847033506934],[149.687001816004937,-35.9557430335148],[149.687050813006266,-35.955675033518617],[149.687106811007396,-35.955600031523012],[149.687134806010505,-35.955543029525103],[149.687162809012165,-35.955497026527226],[149.687197805012801,-35.955451023529974],[149.687225800015284,-35.955399013532087],[149.687267805016205,-35.955342020535369],[149.687295800018546,-35.955291024537473],[149.687330795022973,-35.955216032540044],[149.687344797027549,-35.955165017540935],[149.687358799033007,-35.955107020541774],[149.687379792038683,-35.95503902054314],[149.687386793045249,-35.954981023543375],[149.687393794050109,-35.954936014543691],[149.687400786055093,-35.954890020543992],[149.687400786062653,-35.95483301854361],[149.687399791070447,-35.954775012543145],[149.687399782078813,-35.954712014542714],[149.687385780088533,-35.95465501254111],[149.687385781101341,-35.954558012540467],[149.687378780109356,-35.954506012539497],[149.687370784117348,-35.954455016538461],[149.687363774125288,-35.954403016537512],[149.687356782138437,-35.954312014536299],[149.687335779152306,-35.954232019533926],[149.68732777516189,-35.954169011532819],[149.687320774169876,-35.954117011531849],[149.687320774176612,-35.954066006531512],[149.687306772184911,-35.95402001252998],[149.687299771192727,-35.953969016529022],[149.687298767198939,-35.953923004528633],[149.687291766208403,-35.953860005527595],[149.68727077321924,-35.953803003525387],[149.687270764225303,-35.953757009525077],[149.687248766246228,-35.953625005522291],[149.687241765256289,-35.953557004521215],[149.687248766266578,-35.953471004521262],[149.687255758274603,-35.953401999521411],[149.687269760279975,-35.953344997522258],[149.687290754285755,-35.953276002523623],[149.687311756289205,-35.953224997525119],[149.687311757289223,-35.953224996525115],[149.68733175529519,-35.953156001526416],[149.687359749300725,-35.95308099952836],[149.687359750300715,-35.95308099952836],[149.687401746305483,-35.952994999531441],[149.687413811306186,-35.95297561053237],[149.687413812306147,-35.952975610532384],[149.687429749307057,-35.9529499915336],[149.687457744310336,-35.952891994535669],[149.687464745319801,-35.952811990535743],[149.687464745343988,-35.952628991534517],[149.68746374135327,-35.952559986533984],[149.687456740362705,-35.952496987532939],[149.687463741370607,-35.952428986533107],[149.687463732377495,-35.952376986532762],[149.687463732387272,-35.952302989532264],[149.687463732387272,-35.952302988532267],[149.687470733394491,-35.952239990532476],[149.687476730404114,-35.952159986532443],[149.687476730414716,-35.95207998353191],[149.687469729426482,-35.951998984530753],[149.687455727436912,-35.951936980529126],[149.687433721453317,-35.951838986526546],[149.687412718464941,-35.951775978524289],[149.687391724475759,-35.951718985522085],[149.687376719484234,-35.951672973520466],[149.687348724499174,-35.951592978517482],[149.687334722507302,-35.951547979515965],[149.687298723522105,-35.951478983512366],[149.687298722522115,-35.951478983512366],[149.68724971753889,-35.951409970507619],[149.687200720554159,-35.951352977502957],[149.687150719571775,-35.951278979498085],[149.687101713588561,-35.951209974493345],[149.687101712588571,-35.951209974493345],[149.687051721604632,-35.951147979488574],[149.687051720604643,-35.95114797948856],[149.687002714622224,-35.951072977483776],[149.686959714637283,-35.951009979479601],[149.686917718649852,-35.950964979475643],[149.686875713663284,-35.95091297947161],[149.686875712663323,-35.950912979471603],[149.686832712678267,-35.950850975467439],[149.686790716693167,-35.950787976463367],[149.686740715708538,-35.950730974458608],[149.686705710720133,-35.950684971455239],[149.686670715733129,-35.950627978451813],[149.686613713753474,-35.950541978446239],[149.686549701776357,-35.950444978440011],[149.686479710801706,-35.950335976433159],[149.68644371181793,-35.950255973429485],[149.686422717829601,-35.950192974427232],[149.686365706861892,-35.950015971421074],[149.686351713872455,-35.949952972419432],[149.686323701887432,-35.94987296941644],[149.686301703897584,-35.949821973414181],[149.686287702911187,-35.949735972412391],[149.686280692918359,-35.949689969411473],[149.686273700927757,-35.949626970410428],[149.686272696934793,-35.949574970409998],[149.686265695944087,-35.949512966408982],[149.686265695955456,-35.949426966408403],[149.686258694964209,-35.949368960407419],[149.686258685973229,-35.949300959406955],[149.686257690980938,-35.949243966406478],[149.686250690988089,-35.949197963405567],[149.686257682996143,-35.949128949405711],[149.686264683002548,-35.949071956405959],[149.686264683008602,-35.949025962405656],[149.686271684015054,-35.948968960405878],[149.686285686021193,-35.948905961406687],[149.68630667102704,-35.948836957408055],[149.686319678034778,-35.948762959408697],[149.686333675037559,-35.94872545840969],[149.686347672040313,-35.948687957410655],[149.686347673040302,-35.948687957410648],[149.68636866604308,-35.948641954412167],[149.686396669046218,-35.948584952414237],[149.686396670046236,-35.948584952414237],[149.686431674049061,-35.948521954416883],[149.6864666690511,-35.948464952419556],[149.686501665051679,-35.948418949422319],[149.686551675050737,-35.948366949426337],[149.686579669052378,-35.948320945428478],[149.686628667054492,-35.948246948432278],[149.686663662057327,-35.948183949434913],[149.686691657059043,-35.948137946437051],[149.686726661060248,-35.948086941439776],[149.686754655062771,-35.948034941441861],[149.686775658066352,-35.94798294144335],[149.686803653068665,-35.947931945445468],[149.686817654073366,-35.947879945446338],[149.686831647077241,-35.947833941447264],[149.686844654081938,-35.94778293644805],[149.686872649086666,-35.94771394145004],[149.686879650088599,-35.947690939450503],[149.686886650090543,-35.947667938450955],[149.68688665109056,-35.947667938450955],[149.686893633095394,-35.947622938451275],[149.686893634095384,-35.947622938451275],[149.686909389099185,-35.947575704452326],[149.686914645100416,-35.947559949452675],[149.686921834102066,-35.947539143453184],[149.686942639106746,-35.947478932454594],[149.686942640106764,-35.947478932454594],[149.686970652112137,-35.94740493445655],[149.686998638117643,-35.947329933458498],[149.687026650119208,-35.947284934460647],[149.687054636120905,-35.947238931462792],[149.687089631123712,-35.947175932465427],[149.687138637124377,-35.947112933469285],[149.687166632126065,-35.947066930471422],[149.687215629125262,-35.947014930475362],[149.687264626125909,-35.946951931479234],[149.687299622127142,-35.946900935481942],[149.687341627128205,-35.946842929485236],[149.687391619128704,-35.946779921489181],[149.687447617127447,-35.946722919493702],[149.687531619124201,-35.946647918500531],[149.687570115123037,-35.946610919503662],[149.687608610121885,-35.946573920506765],[149.687608611121874,-35.946573920506765],[149.687678610118581,-35.9465159235125],[149.687727607118433,-35.94645892151641],[149.68772760811845,-35.94645892151641],[149.687798602114157,-35.946406912522271],[149.687875603111877,-35.946332915528501],[149.687945603109995,-35.946263910534157],[149.688029595105149,-35.946200911541098],[149.688085593105484,-35.946131906545524],[149.688156597104268,-35.946056914551235],[149.68819859310517,-35.945999912554527],[149.6882755851029,-35.945925905560749],[149.688324591102088,-35.945873905564696],[149.688394582099392,-35.945810906570401],[149.688450580096713,-35.945764903574975],[149.688507582094672,-35.945712903579604],[149.688563580091909,-35.9456669005842],[149.688640581087412,-35.945609898590561],[149.688696579084734,-35.945563895595143],[149.688745576083875,-35.945511895599076],[149.688822568078535,-35.945460899605465],[149.688893571076505,-35.945391894611213],[149.688942568077181,-35.94532889561507],[149.68894256907717,-35.94532889561507],[149.688991566078585,-35.945259891618896],[149.689005558084716,-35.945196892619705],[149.68901956008861,-35.945150889620628],[149.689026561095829,-35.945087890620812],[149.68903955909974,-35.94504289062165],[149.689053561106675,-35.944973895622411],[149.689053552128627,-35.944807891621302],[149.689039550138347,-35.944750889619698],[149.688996550155025,-35.944675887615453],[149.68895455316914,-35.944618885611398],[149.688926550179445,-35.944573886608644],[149.68887654019565,-35.944510887603855],[149.688848545206127,-35.944464884601103],[149.68881254621931,-35.944407882597581],[149.688791543229485,-35.944355882595403],[149.688784543236522,-35.94431088359449],[149.688784542236533,-35.94431088359449],[149.688777542244509,-35.944258892593524],[149.688770541253916,-35.944195884592496],[149.688755544263813,-35.944138882590799],[149.688755544272169,-35.944075883590386],[149.688748543280127,-35.944023883589423],[149.688734541292888,-35.943943879587664],[149.688733537305865,-35.943846880586925],[149.688740547315319,-35.94376687658702],[149.688754531319233,-35.943720873587928],[149.68876853332452,-35.943663880588765],[149.688775534329579,-35.943617877589084],[149.688796527335342,-35.943548872590455],[149.688817530340373,-35.943485874591865],[149.688838524346096,-35.943417873593248],[149.688852534349991,-35.943371870594184],[149.688880520353109,-35.943314868596232],[149.688922525355679,-35.943245872599455],[149.688957521357025,-35.943193872602158],[149.688978514360485,-35.943142867603655],[149.689013519364124,-35.943073871606259],[149.689041513368068,-35.943010863608286],[149.689111513375309,-35.942872854613498],[149.689146508379594,-35.942798865616055],[149.689188505380542,-35.942741863619332],[149.689244503379427,-35.942683857623855],[149.689314502375993,-35.942626864629588],[149.68935649937626,-35.942574855632913],[149.689384502378601,-35.942523859635017],[149.689405496383671,-35.942460860636437],[149.689405496394244,-35.942380857635904],[149.689391494404731,-35.942317858634254],[149.689346692420656,-35.942250655629906],[149.689341493422489,-35.942242856629392],[149.68929949743503,-35.942197857625423],[149.689242495451509,-35.942140855620053],[149.689179496466693,-35.942100858614289],[149.689108492485332,-35.942043856607704],[149.689052485502458,-35.941980857602381],[149.689002493516398,-35.941934854597704],[149.688946495531951,-35.94188385759248],[149.688896494547322,-35.941826856587731],[149.68886149055885,-35.941780852584358],[149.688840487568228,-35.941734858582215],[149.688805492582048,-35.941671850578736],[149.688762491595554,-35.941620854574637],[149.688720486608986,-35.941568854570626],[149.688684487622197,-35.941511852567096],[149.688628489638518,-35.941454850561826],[149.688593484650767,-35.941403854558423],[149.688494486693486,-35.941197853548395],[149.688465488704111,-35.941151850545552],[149.688430483719401,-35.941077852542001],[149.688380482735596,-35.941014853537219],[149.688359480745618,-35.940963848535034],[149.688303482765775,-35.940877848529574],[149.688260472780826,-35.940814849525395],[149.68821847679655,-35.940745844521267],[149.688168475814166,-35.940671846516402],[149.688133471829445,-35.940597840512851],[149.688105476842935,-35.940528844509934],[149.688076478855805,-35.940465845506985],[149.688055475865866,-35.940414858504809],[149.688034473877508,-35.940351841502554],[149.688005474891128,-35.940282846499564],[149.688005474891128,-35.94028284549956],[149.687998891894097,-35.940268426498896],[149.687984472900524,-35.940236842497413],[149.687977471908368,-35.940185846496476],[149.687949467921101,-35.9401228384936],[149.68793447092952,-35.940076844491983],[149.68792046094228,-35.939996841490235],[149.687913468950939,-35.939939839489227],[149.687899466961454,-35.939876831487595],[149.687877469976257,-35.939790839485077],[149.687863467984386,-35.939745840483575],[149.68784246499456,-35.939693849481394],[149.68782846400353,-35.93964283547983],[149.687820966008871,-35.939611336478961],[149.687813468014213,-35.939579836478096],[149.687813467014195,-35.939579836478096],[149.687792465023563,-35.939533833475956],[149.687764462037052,-35.939464837473047],[149.687764461037062,-35.939464837473047],[149.687728462049449,-35.939413832469569],[149.6876864570674,-35.939327832465317],[149.687665822075928,-35.93928774546324],[149.687651453081884,-35.939259831461811],[149.687651452081894,-35.939259831461811],[149.687636456091099,-35.939207831460145],[149.687622454099369,-35.939161836458617],[149.687608461109903,-35.939098837456982],[149.687580449122521,-35.939036834454122],[149.687572453130656,-35.938984834453059],[149.687565452138472,-35.938933828452122],[149.687558452145623,-35.938887834451194],[149.687551451166428,-35.938738826449608],[149.687557448173038,-35.938681833449742],[149.687550447180996,-35.938629824448789],[149.687543447188858,-35.938578828447831],[149.68754344618884,-35.938578828447831],[149.687515443205371,-35.938486830444774],[149.68750043722136,-35.93838382544277],[149.687493446229183,-35.938332829441819],[149.687493445229194,-35.938332829441819],[149.687479444238932,-35.938275827440222],[149.687472443246065,-35.93822982443929],[149.687479444252546,-35.938172822439533],[149.687471439262936,-35.938103826438379],[149.687478440274617,-35.938006818438339],[149.687485441286469,-35.937908823438299],[149.68749243329674,-35.937822823438331],[149.687491429304458,-35.937765821437864],[149.687498430309432,-35.937719818438168],[149.687498431320677,-35.937634812437608],[149.687498430320659,-35.937634812437608],[149.687491430332472,-35.937553814436455],[149.687491429332482,-35.937553814436455],[149.687484429339491,-35.937508814435553],[149.68748442934637,-35.937456814435208],[149.687483425355651,-35.93738781043465],[149.687483425363183,-35.937330816434262],[149.687476424370999,-35.937279811433314],[149.687476424383959,-35.937181808432669],[149.687475420394691,-35.937101814432047],[149.687475420394691,-35.937101813432058],[149.687461427403633,-35.937050808430484],[149.687433415415541,-35.936993806427651],[149.687419422424654,-35.936941806426084],[149.687397416436397,-35.936878807423746],[149.68738341444535,-35.936827811422184],[149.687369413456679,-35.936758807420496],[149.687355411466399,-35.936701805418899],[149.687333414478161,-35.936638806416546],[149.687333413478171,-35.936638806416539],[149.687305410490069,-35.936581804413727],[149.687277416503605,-35.936512808410825],[149.687277415503587,-35.936512808410825],[149.687248399515653,-35.936455806407899],[149.687241407523516,-35.936404801406951],[149.687234406533747,-35.936335805405882],[149.687241407538721,-35.936289793406189],[149.687234407548175,-35.936226803405155],[149.687227406555991,-35.936175798404193],[149.687219410564751,-35.936118805403126],[149.687212409574187,-35.936055797402091],[149.687212400582524,-35.935992798401671],[149.687233403597446,-35.935854797402591],[149.687240404603898,-35.93579779540282],[149.687253402612413,-35.935717792403416],[149.687260394621262,-35.935642790403541],[149.687260394627998,-35.935591794403202],[149.687253393637405,-35.935528795402156],[149.687253393647183,-35.935454788401685],[149.687273392656209,-35.935362791402802],[149.687287385669208,-35.935247792403267],[149.687308387677945,-35.935156790404491],[149.687329381680712,-35.935110795406018],[149.68734338368526,-35.935059790406896],[149.687364386688046,-35.935013787408423],[149.687374883690211,-35.93498478440916],[149.687385379692415,-35.934955781409883],[149.687385380692433,-35.93495578140989],[149.687413383697816,-35.934881783411839],[149.687448378699855,-35.934824781414513],[149.687448379699845,-35.934824781414513],[149.687476373701543,-35.93477877841665],[149.687525370701536,-35.934720790420549],[149.687574376701349,-35.934663779424447],[149.687609372702639,-35.934612783427177],[149.687658369704053,-35.934543778430992],[149.687686364707986,-35.934480779433024],[149.687714367712687,-35.934411775435017],[149.687742362714403,-35.934365771437143],[149.68776336472024,-35.934296776438522],[149.687777357727782,-35.934222769439245],[149.687791359733922,-35.934159770440075],[149.687798360739691,-35.934107770440328],[149.68779836074566,-35.93406277144004],[149.687804357756079,-35.933976770439983],[149.68781835076075,-35.933924770440854],[149.687825351766406,-35.933873765441128],[149.687832352771352,-35.933827771441443],[149.687832352786444,-35.933713767440679],[149.687825351794402,-35.933661767439723],[149.687817346801751,-35.933615764438699],[149.687803345813734,-35.933541775436993],[149.687789343823454,-35.933484764435391],[149.687768349835068,-35.933421765433124],[149.687746343846868,-35.933358766430786],[149.68773234185511,-35.93331276342925],[149.687718340864876,-35.93325576142766],[149.687718339864858,-35.93325576142766],[149.687696342879661,-35.933169760425166],[149.687675340890507,-35.933112758422958],[149.68767533989049,-35.933112758422965],[149.687661338901023,-35.933049760421291],[149.687661338901023,-35.933049759421294],[149.687640335912647,-35.932986761419038],[149.687625339924097,-35.932917756417268],[149.687625338924136,-35.932917756417275],[149.68760433693862,-35.932832759414879],[149.687597335946606,-35.932780759413923],[149.687590334954393,-35.932729754412975],[149.687582330965597,-35.932654752411764],[149.687582330971537,-35.932609753411462],[149.68756832898589,-35.932517756409631],[149.687561327997571,-35.932437752408482],[149.6875893320084,-35.932322753410169],[149.687609331013533,-35.93225975441149],[149.687623323021114,-35.932185748412216],[149.68762332402116,-35.932185748412216],[149.687630315027576,-35.932128746412459],[149.687630316027594,-35.932128746412459],[149.687658319031499,-35.932065747414484],[149.687672321035393,-35.932019735415402],[149.687700324037081,-35.931973749417551],[149.687749321039178,-35.931899743421333],[149.68779831904061,-35.931830738425163],[149.687840315043132,-35.931761742428371],[149.687875310044518,-35.931709742431075],[149.687910315045002,-35.931664743433821],[149.687938309046643,-35.931618740435972],[149.687994308048587,-35.931537741440337],[149.68804330504841,-35.931480739444233],[149.688079304049523,-35.931429734447036],[149.68814230305037,-35.931348735452005],[149.688205302051045,-35.931268732456985],[149.688240298051625,-35.93122273745972],[149.688324290050588,-35.931130731466467],[149.688373287051945,-35.931062730470295],[149.688436286050518,-35.930998727475362],[149.688499285051876,-35.930913731480317],[149.688541282053734,-35.930849737483548],[149.688625283055643,-35.930735724490134],[149.688625284055632,-35.930735724490148],[149.688660288056212,-35.930689721492897],[149.688695274058233,-35.93063271949557],[149.688730279059627,-35.930580728498278],[149.688780271060921,-35.930511723502192],[149.688801273063717,-35.930465720503726],[149.688836269064154,-35.930420720506483],[149.688927271068906,-35.930276714513482],[149.688962267071787,-35.930213715516118],[149.688986766072787,-35.930176715518016],[149.689011264073855,-35.9301397175199],[149.689011265073844,-35.9301397175199],[149.689032258078868,-35.93007670952133],[149.689060261082005,-35.930019716523383],[149.689060262081995,-35.930019716523383],[149.689102258086137,-35.929938709526532],[149.689130252087836,-35.929892715528666],[149.689186250088824,-35.929818708533062],[149.68921425409053,-35.929772705535214],[149.689270252089244,-35.929715712539718],[149.689319249088442,-35.929663703543646],[149.68938224808835,-35.929589705548658],[149.689424244089423,-35.929531717551946],[149.689452248091129,-35.929485705554086],[149.689487243095414,-35.929411698556656],[149.689487244095432,-35.929411698556656],[149.689522239095993,-35.929365704559416],[149.689550242098477,-35.929313704561508],[149.689550243098495,-35.929313704561508],[149.689571236101159,-35.929268696563049],[149.689571236101159,-35.929268695563039],[149.689599240102808,-35.929222701565202],[149.689641236103739,-35.929165699568479],[149.689669222107057,-35.929107693570543],[149.689690233109872,-35.92906169057207],[149.689746240109372,-35.928998691576552],[149.689774226111041,-35.92895269757868],[149.689823223113166,-35.928878690582479],[149.689858219115195,-35.92882168858516],[149.689900224118531,-35.928746696588334],[149.68991676512087,-35.928709466589524],[149.689928218122475,-35.928683688590361],[149.689928219122493,-35.928683688590361],[149.689963223125289,-35.928620689592989],[149.689998218125908,-35.928574686595752],[149.689998219125926,-35.928574686595752],[149.690033214129386,-35.92850668559835],[149.690075210131283,-35.928442682601599],[149.690124207131902,-35.928379683605463],[149.69017063212894,-35.928347108609294],[149.690181209128269,-35.92833968661018],[149.69025120912562,-35.928276687615885],[149.690314208122629,-35.928224678621035],[149.690384199117602,-35.928179678626861],[149.690440197115663,-35.928127678631398],[149.690525203110667,-35.928064679638403],[149.690556702108381,-35.928044676641036],[149.690588201106038,-35.928024673643662],[149.690588202106056,-35.928024673643669],[149.690644199102707,-35.927983672648274],[149.690644200102696,-35.927983672648274],[149.690714199097812,-35.927937678654089],[149.690714200097801,-35.927937678654089],[149.690791191091023,-35.927897671660546],[149.69086918708328,-35.92786367166714],[149.690932186077248,-35.927834672672454],[149.6909881840715,-35.927811671677205],[149.691066188062308,-35.927788669683864],[149.69112218605656,-35.927765668688615],[149.691178184051665,-35.92773666969331],[149.69124118304785,-35.927690666698503],[149.691318175045552,-35.927616668704736],[149.691367172047762,-35.927541666708528],[149.691381174053134,-35.927484664709368],[149.691370672058184,-35.92745866470829],[149.69136017206327,-35.927432664707197],[149.69136017106328,-35.927432664707197],[149.691311175076919,-35.927387665702604],[149.69131117407693,-35.927387665702604],[149.691247172093767,-35.927335665696674],[149.691191174110116,-35.927278663691382],[149.691134172126596,-35.927221661686026],[149.691085175142604,-35.927158662681322],[149.69106417215184,-35.927113663679201],[149.691042175162124,-35.92706166367693],[149.691021172174572,-35.926992658674621],[149.691007170182701,-35.926947659673104],[149.691000178190677,-35.926895659672148],[149.690985155200565,-35.926838657670451],[149.690964170210577,-35.926787661668286],[149.690943168222219,-35.926724662666018],[149.690915164232678,-35.92667865966326],[149.690886166244752,-35.926621657660355],[149.690865163254898,-35.926569657658149],[149.690823167269826,-35.926506658654091],[149.690787168282213,-35.926455653650592],[149.690752164293798,-35.926409658647223],[149.69069516231022,-35.926352656641868],[149.69069428431078,-35.926349770641757],[149.690694283310762,-35.926349770641757],[149.690681160318491,-35.926306653640331],[149.690660167327763,-35.926261654638189],[149.690660166327746,-35.926261654638189],[149.690625162342371,-35.926192658634676],[149.690589163357004,-35.926124657631071],[149.690561160369697,-35.926061649628217],[149.690561159369679,-35.926061649628217],[149.69052616438205,-35.926009649624802],[149.690504158394504,-35.92594164962243],[149.690490156403541,-35.925889649620864],[149.690483155412181,-35.925832655619871],[149.690483155420509,-35.925769648619443],[149.690476154429945,-35.925706649618412],[149.690468150440978,-35.925632651617228],[149.690475150448947,-35.925563646617384],[149.690482151455399,-35.925506644617606],[149.690489152460401,-35.925460650617914],[149.690496144465385,-35.925414647618219],[149.690496145465374,-35.925414647618219],[149.690538150475447,-35.925288649621045],[149.690573145477487,-35.925231647623733],[149.69062914347785,-35.925162642628166],[149.690699143471477,-35.925127638634052],[149.690720137475722,-35.9250706456355],[149.690762133477477,-35.925007637638764],[149.690797137480274,-35.924944638641406],[149.690825132483468,-35.924887636643476],[149.690853135488169,-35.924818640645448],[149.690881130492102,-35.924755632647475],[149.690909124495249,-35.924698640649552],[149.690919778496806,-35.924674289650319],[149.690944128500348,-35.92461863665207],[149.690944129500338,-35.92461863665207],[149.690979124501723,-35.924566636654781],[149.691035122503507,-35.924486632659146],[149.691070117504097,-35.924440629661902],[149.6911471174989,-35.9243886296683],[149.691210116495085,-35.9243426266735],[149.691267109491463,-35.924302629678195],[149.691351111486597,-35.924239630685115],[149.691407108483929,-35.924193627689718],[149.691477099479016,-35.924147624695529],[149.691547099477191,-35.924078619701184],[149.691610098474825,-35.924021617706323],[149.691667100474234,-35.923958618710877],[149.691723097473073,-35.923900621715376],[149.691723098473062,-35.923900621715376],[149.691779095471077,-35.923849616719941],[149.69184209447107,-35.923774614724941],[149.691912085471472,-35.923688614730494],[149.691940088473189,-35.923642611732625],[149.691940089473178,-35.923642611732625],[149.691954081479963,-35.923574610733397],[149.691961091486405,-35.923517608733633],[149.691961091492459,-35.92347161473333],[149.691960078500188,-35.923414621732853],[149.691960078506241,-35.923368609732549],[149.691967078513443,-35.923305610732747],[149.691960077522879,-35.923242611731702],[149.691960077538084,-35.923127603730954],[149.691952081545281,-35.923082604729949],[149.691938071553551,-35.923036610728417],[149.691938070553562,-35.923036610728417],[149.691938071561879,-35.922973602728],[149.691938070561889,-35.922973602727993],[149.691931070569069,-35.922927608727072],[149.69193106956908,-35.922927608727065],[149.691931070575805,-35.922876594726731],[149.691931069575816,-35.922876594726731],[149.691924068582978,-35.922830609725814],[149.69192306458919,-35.922784606725422],[149.691923064601355,-35.922692599724805],[149.691937057610403,-35.922607603725467],[149.691944067616959,-35.922549606725688],[149.691958059622294,-35.922492595726538],[149.691965060627297,-35.922446601726847],[149.691972061634516,-35.922383602727038],[149.691986054638249,-35.922338603727965],[149.691992059648669,-35.922252593727919],[149.691992060648687,-35.922252593727919],[149.691999051655245,-35.922194596728147],[149.691999052655234,-35.922194596728154],[149.692009553658124,-35.922160596728837],[149.692020054660958,-35.92212659672952],[149.692034037664854,-35.922080592730431],[149.692048048669506,-35.92202860173132],[149.692076051672643,-35.921971590733378],[149.69211804867885,-35.921874591736405],[149.69215304368106,-35.921816594739077],[149.692195039681224,-35.921765580742409],[149.692244036681871,-35.921702590746278],[149.692293033681835,-35.921644584750176],[149.692349031679839,-35.921593588754732],[149.692391036680874,-35.921535582758018],[149.692433032682601,-35.921472584761268],[149.692433033682647,-35.921472584761268],[149.692468037685444,-35.921409585763904],[149.692503023686044,-35.921363573766669],[149.692531026687618,-35.921318582768805],[149.692573023690926,-35.921243581771968],[149.692622020693022,-35.921169583775772],[149.692650023696928,-35.921106584777796],[149.692692019705589,-35.9209915767807],[149.69267800873115,-35.920814574778298],[149.692663012740383,-35.920762574776639],[149.692663011740393,-35.920762574776639],[149.692649010751552,-35.920694573774959],[149.692649009751534,-35.920694573774966],[149.692635008762096,-35.920631574773317],[149.69262099777194,-35.920573568771701],[149.692599008782906,-35.920516575769405],[149.692578005795184,-35.920448574767128],[149.692564004804268,-35.920396574765533],[149.69254999381252,-35.920350571764018],[149.692542006820503,-35.920299566762971],[149.692535005833008,-35.920213566761795],[149.69252800484017,-35.920167572760867],[149.692514002849919,-35.920110570759263],[149.692512998861389,-35.920024569758596],[149.692512998881085,-35.919875570757611],[149.692526990884858,-35.91983056275852],[149.692540983888733,-35.919784568759447],[149.692561995892305,-35.919732559760945],[149.692568986898749,-35.919675566761164],[149.692596990904121,-35.91960155976313],[149.692617983907724,-35.919549559764619],[149.692617984907713,-35.919549559764619],[149.692645987913096,-35.919475570766565],[149.692687983916443,-35.919400560769738],[149.692708968920016,-35.919348560771233],[149.692735976924126,-35.919285561773172],[149.692763979927264,-35.919228559775235],[149.692784973933072,-35.919159554776613],[149.692798975936853,-35.91911455577754],[149.692805975942605,-35.919062555777792],[149.69281296795063,-35.918993550777962],[149.692812967959611,-35.918925549777498],[149.692819968969872,-35.918839549777545],[149.692811963980887,-35.91876555177636],[149.692797961992198,-35.918696547774672],[149.692790961000838,-35.918639545773672],[149.692762967014346,-35.918570549770763],[149.692762966014357,-35.918570549770763],[149.692755464018518,-35.918547548769958],[149.692747961022775,-35.918524546769156],[149.692730965030222,-35.918488555767425],[149.692726958032011,-35.918479538767016],[149.692705964039277,-35.918449544764968],[149.692691963044354,-35.918427547763613],[149.692676957049372,-35.918407548762168],[149.692655963056723,-35.918376550760122],[149.692606957070495,-35.918330547755531],[149.692564961084599,-35.918273545751482],[149.692535962095235,-35.91822755174865],[149.69247995511077,-35.918176546743389],[149.692387958140245,-35.918062551734593],[149.692387957140227,-35.918062551734593],[149.692352962152597,-35.918010551731193],[149.692324958163056,-35.917964548728442],[149.692267956180956,-35.917896547723011],[149.692239953192228,-35.917844556720212],[149.692196952210196,-35.917759542715892],[149.692154956225096,-35.917696543711791],[149.692119952237505,-35.917644543708384],[149.692076952253188,-35.917576542704175],[149.692076951253171,-35.917576542704168],[149.69202795427077,-35.917501541699401],[149.691999951281133,-35.917456541696637],[149.691963951293616,-35.917404541693152],[149.691928947307446,-35.917341543689673],[149.691885946322373,-35.917279548685485],[149.691829948343297,-35.917187541679994],[149.691808946355707,-35.917118546677692],[149.691807951363387,-35.917061535677234],[149.691807950363369,-35.917061535677234],[149.691800950371999,-35.917004542676239],[149.691800949372009,-35.917004542676239],[149.691800941380308,-35.916941543675819],[149.691800940380347,-35.916941543675811],[149.691793940390539,-35.916872538674745],[149.69179393939055,-35.916872538674745],[149.691786939401453,-35.916798532673631],[149.691786938401464,-35.916798532673631],[149.691785943407666,-35.91675253767324],[149.691778942417102,-35.916689539672213],[149.691764941429057,-35.916615550670492],[149.691757940438464,-35.916552533669474],[149.691750939445626,-35.916506539668532],[149.691728932458062,-35.916438538666164],[149.691721931468265,-35.91636953366509],[149.691707929479577,-35.916300538663407],[149.691692933490941,-35.916232537661642],[149.691692932490923,-35.916232537661642],[149.691671930504128,-35.916157535659309],[149.691657928514672,-35.916094537657663],[149.691664929519504,-35.916049528657979],[149.691664929527178,-35.915991531657589],[149.691663924535618,-35.915928533657087],[149.691663924543946,-35.915865534656653],[149.69165692355179,-35.915814520655708],[149.691656923559322,-35.915757527655337],[149.691663924565091,-35.915705527655597],[149.69167092557538,-35.915619517655628],[149.691676913586463,-35.915528524655556],[149.691697915601395,-35.91539052365647],[149.691718909608653,-35.915310520657769],[149.691725909615116,-35.91525352765801],[149.69173291062009,-35.915207524658314],[149.691739902628086,-35.915138519658456],[149.691752909635028,-35.915070518659149],[149.691752900643365,-35.915007519658722],[149.691759900649799,-35.914950518658962],[149.691759901649817,-35.914950518658962],[149.691766901664664,-35.914829522658763],[149.691766901672196,-35.914772520658374],[149.691758896680227,-35.914721515657355],[149.691765897702624,-35.914543517656774],[149.691758896712713,-35.914475516655699],[149.691751895720671,-35.914423516654736],[149.691743890732511,-35.914343513653499],[149.69173688974044,-35.91429151365255],[149.691736889747204,-35.914240508652206],[149.69172288775917,-35.914166510650496],[149.691721883766178,-35.914114510650066],[149.691714882773368,-35.914068507649141],[149.691700880786158,-35.913988503647381],[149.691693879794769,-35.913931510646393],[149.691686878804177,-35.913868511645369],[149.691685874811071,-35.913817506644932],[149.691678873820479,-35.913754508643905],[149.691678873820479,-35.913754507643901],[149.691678873827357,-35.913702507643556],[149.691671872835968,-35.91364550664256],[149.691671872835968,-35.913645505642556],[149.691664871843955,-35.9135935056416],[149.691656876855006,-35.91351950864042],[149.691656875854989,-35.91351950864042],[149.691656876862538,-35.913462497640033],[149.69165687586252,-35.91346249764004],[149.69165686686938,-35.913410506639678],[149.691656867869398,-35.913410506639678],[149.691660371872217,-35.913385004639814],[149.691663876875026,-35.913359501639945],[149.691670868882227,-35.913296502640137],[149.69167086889135,-35.913227497639689],[149.691676864902433,-35.913136504639617],[149.691669863912665,-35.913067499638537],[149.691662862923664,-35.912992498637422],[149.691662862923636,-35.912992497637426],[149.691655862932294,-35.912935496636429],[149.691655861932276,-35.912935496636429],[149.691641860941218,-35.91288450063486],[149.691641860941218,-35.912884499634877],[149.691640856948226,-35.912832499634433],[149.69163385595607,-35.912781494633485],[149.691626854969314,-35.912689497632257],[149.691619853976476,-35.912643494631354],[149.691626853983706,-35.912580495631531],[149.6916188489962,-35.912495490630263],[149.691632851001657,-35.912437493631103],[149.691632851024252,-35.912266487629964],[149.691639843029208,-35.912220493630265],[149.691646844035688,-35.912163491630494],[149.69165284004464,-35.912088480630516],[149.691652841044629,-35.912088480630516],[149.691659841051063,-35.912031487630749],[149.691659841060186,-35.911962491630291],[149.69166684206661,-35.911905489630527],[149.691666833074919,-35.911842491630097],[149.691680825079487,-35.911791486630996],[149.69167983008731,-35.911733489630514],[149.691679830103141,-35.911613488629719],[149.691686831113429,-35.911527478629758],[149.691686831120961,-35.911470485629373],[149.691679830130369,-35.911407478628341],[149.691685827138542,-35.911338482628402],[149.691678826146386,-35.911287477627461],[149.691671834154988,-35.911230475626475],[149.691678826163809,-35.911155482626583],[149.691678817170555,-35.911104468626235],[149.691677821177564,-35.911052477625795],[149.691691814193462,-35.910915472626115],[149.691705816201193,-35.910840479626842],[149.691712816209844,-35.910766472626968],[149.691712817209861,-35.910766472626968],[149.691726809216817,-35.910697477627721],[149.691726810216807,-35.910697477627721],[149.691733810220171,-35.910663477628091],[149.691740811223553,-35.910629476628493],[149.691753808228384,-35.910577467629274],[149.691767810234552,-35.910514468630076],[149.691788804239593,-35.910451460631499],[149.69180980624381,-35.910394467632955],[149.691830809247392,-35.910342467634443],[149.691844801253552,-35.910279468635252],[149.691858794260298,-35.910211468636021],[149.691865795265272,-35.910165464636329],[149.691886788268846,-35.91011346463781],[149.691886789268864,-35.91011346463781],[149.691907791274559,-35.910045464639197],[149.691921793279192,-35.909993473640078],[149.69194978728396,-35.909924459642056],[149.691955793289083,-35.909878465642272],[149.691983787290667,-35.909833458644407],[149.69199778829676,-35.909770459645223],[149.691997789296778,-35.909770459645223],[149.692004785298735,-35.909747462645683],[149.692011781300664,-35.909724465646143],[149.69205378630096,-35.909672457649464],[149.692095782302715,-35.909609458652724],[149.692123776304385,-35.909563456654858],[149.692123776304385,-35.909563455654855],[149.692180778302202,-35.909512460659499],[149.692250777299563,-35.909449461665204],[149.69229277329984,-35.909397453668532],[149.692362764298792,-35.909322443674142],[149.692425763296455,-35.909265450679271],[149.692474759296289,-35.909208457683185],[149.692551760292531,-35.909145450689486],[149.692607758287579,-35.909116452694185],[149.692671751283626,-35.909070449699485],[149.692734759277613,-35.909041451704788],[149.692790757272661,-35.909012452709497],[149.692902753262672,-35.908955451718896],[149.692966746255649,-35.908932458724344],[149.693043756248869,-35.908892443730814],[149.693113747241739,-35.908863445736735],[149.693176745234894,-35.908840444742097],[149.693254741227946,-35.908800447748632],[149.693317740221943,-35.908771440753945],[149.69338073821433,-35.908754444759346],[149.693450738207986,-35.908719431765235],[149.693514732200185,-35.908702444770704],[149.693584731193852,-35.908667440776597],[149.693584732193841,-35.908667440776597],[149.693640729189553,-35.908633440781266],[149.693710729186279,-35.908575434787011],[149.693759726185306,-35.908524430790948],[149.693808722184514,-35.908472439794892],[149.693808723184532,-35.908472439794885],[149.693851722186082,-35.908409432798216],[149.6938517231861,-35.908409432798216],[149.693872721186153,-35.9083839347999],[149.693893719186235,-35.908358436801571],[149.693921713188729,-35.908306436803663],[149.693927719194534,-35.908255441803846],[149.693927718194544,-35.908255441803846],[149.69392071820252,-35.908203432802893],[149.693920717202531,-35.908203432802893],[149.693920709208584,-35.908157429802586],[149.693920708208566,-35.908157429802586],[149.693906715221345,-35.908077435800813],[149.693906706229654,-35.908014437800404],[149.693884699239192,-35.907968434798164],[149.693870706249584,-35.90790643179654],[149.693835710263386,-35.907843432793065],[149.693814708272726,-35.907797438790908],[149.693771707286231,-35.907746434786816],[149.693743703298253,-35.907688437783982],[149.693701716311551,-35.907637432779971],[149.693658706325039,-35.907586437775876],[149.693588707348169,-35.90749443176913],[149.693588706348152,-35.90749443176913],[149.693482698381416,-35.907368434759029],[149.693425705397061,-35.907317439753704],[149.693341703419208,-35.9072494387459],[149.693298702432855,-35.9071974397418],[149.693249696447225,-35.907146434737186],[149.693200699462466,-35.907089441732509],[149.693150697477165,-35.907037442727791],[149.693094699494253,-35.906974434722486],[149.693065700504718,-35.906929436719651],[149.693016694518491,-35.906883442715056],[149.692960696535579,-35.906820443709748],[149.692924696548744,-35.906763442706215],[149.692875699562478,-35.906717439701616],[149.692840695575512,-35.906660437698186],[149.692840694575494,-35.906660437698186],[149.692804695587171,-35.906614444694732],[149.692755697601626,-35.906563439690103],[149.692719689615615,-35.906500440686528],[149.692684693627143,-35.906454438683177],[149.692656690638245,-35.906403442680386],[149.692656689638255,-35.906403442680386],[149.692606688653626,-35.906346440675641],[149.692564692669976,-35.906272443671476],[149.692529687681542,-35.906226441668103],[149.692479686698476,-35.906157445663275],[149.692437689714893,-35.906083439659106],[149.692387688731031,-35.906020441654306],[149.692338691747693,-35.905952441649575],[149.692338690747647,-35.905952441649575],[149.69232118875496,-35.905917943647829],[149.692303686762273,-35.905883445646054],[149.692274687774301,-35.905826444643139],[149.692232682790689,-35.905752447638974],[149.692232681790671,-35.905752447638974],[149.692218684797041,-35.90572094363754],[149.692204687803354,-35.905689439636113],[149.692182680813715,-35.905637440633853],[149.692154685824164,-35.905591446631078],[149.692133682834964,-35.905534435628873],[149.69211968084312,-35.905489445627353],[149.69209767385567,-35.905420441624962],[149.692076680868723,-35.90534644462263],[149.692076679868734,-35.905346444622623],[149.692055668880357,-35.905283455620371],[149.69204867588752,-35.905237443619463],[149.692019668907278,-35.905122445616151],[149.69201966790726,-35.905122445616151],[149.692012667916515,-35.905060441615142],[149.692012666916497,-35.905060441615134],[149.691998664929457,-35.904979443613357],[149.691976666943447,-35.904899440610919],[149.691962665953156,-35.904842439609304],[149.691962664953166,-35.904842439609304],[149.691955663960329,-35.904796445608383],[149.691948662970418,-35.904728445607333],[149.691926664982191,-35.904665446604973],[149.691926664988273,-35.904619444604663],[149.691919672996875,-35.904562451603681],[149.691891660013425,-35.904470445600623],[149.691890656019524,-35.904425446600229],[149.691876654029357,-35.90436745059862],[149.691869653040214,-35.904293444597521],[149.691866152045378,-35.904258942596982],[149.691862652050446,-35.904224440596451],[149.691862651050457,-35.904224440596451],[149.691855651057494,-35.904179441595538],[149.691855650057505,-35.904179441595538],[149.691847654067061,-35.904116442594415],[149.691840653077293,-35.904047438593338],[149.691840644084124,-35.903995438592986],[149.691833643095777,-35.903915454591846],[149.691833643095777,-35.903915453591836],[149.691840643103035,-35.903852437592043],[149.691832647110203,-35.903807438591045],[149.691825646121231,-35.903732437589923],[149.691832638126868,-35.903681441590194],[149.691839638132649,-35.903629442590457],[149.691839638133274,-35.903624547590432],[149.691839638140948,-35.903566443590051],[149.691832637150384,-35.903503436589013],[149.691831633156596,-35.903457451588615],[149.691831632171642,-35.90334343958785],[149.691838633176644,-35.903297436588169],[149.691838633184176,-35.903240435587783],[149.691845624191359,-35.903177436587981],[149.691845624197441,-35.903131442587664],[149.691837628210067,-35.903045434586403],[149.691830627221719,-35.902965440585241],[149.69182361723486,-35.902874438584043],[149.691823616242516,-35.902816442583642],[149.691815621251322,-35.902759440582557],[149.691815620251305,-35.902759440582557],[149.691815620259604,-35.902696433582136],[149.691808619267448,-35.902645437581192],[149.691801618275377,-35.902593437580236],[149.691800470277201,-35.902581255580053],[149.691794625286292,-35.902519440579134],[149.69179462628631,-35.902519440579134],[149.691800613292202,-35.902467440579308],[149.691786611302575,-35.902405428577673],[149.691751607314927,-35.902353437574263],[149.691723603325386,-35.902307435571515],[149.691723603325386,-35.902307434571505],[149.691701605335595,-35.902256439569257],[149.691673610349085,-35.902187435566333],[149.691638606362091,-35.902130433562903],[149.691616608371589,-35.902084439560667],[149.691574602384918,-35.902033435556653],[149.691497602403729,-35.901982439549599],[149.691419606421221,-35.901942442542499],[149.691328604442333,-35.901890442534196],[149.691328603442344,-35.901890442534196],[149.691264609459893,-35.901833441528225],[149.691215603474291,-35.901782436523611],[149.691158601493015,-35.901708439518124],[149.691158600492969,-35.901708439518124],[149.691137602501215,-35.901670938516048],[149.69111660450946,-35.901633438513954],[149.69108760552237,-35.901570439510991],[149.691031598537847,-35.901519444505752],[149.690996603550843,-35.901462442502329],[149.690996602550854,-35.901462442502321],[149.690975102558411,-35.901430943500245],[149.690953602565912,-35.901399444498146],[149.69093259957674,-35.901342442495938],[149.690918597585778,-35.901290443494361],[149.69086859560565,-35.901199441489382],[149.690819598619385,-35.901153438484798],[149.690763600634881,-35.901102442479548],[149.690727592646596,-35.901056440476111],[149.690727591646606,-35.901056440476097],[149.690664593663996,-35.900999438470222],[149.690664592664035,-35.900999438470215],[149.690600598681527,-35.900942446464242],[149.690537590698966,-35.90088544445836],[149.690473596715037,-35.900839441452455],[149.690417598730562,-35.900788445447219],[149.690354590746466,-35.900742443441423],[149.690276594766999,-35.900679444434182],[149.690205590785666,-35.900622443427572],[149.690149592801163,-35.900571447422344],[149.690079592818876,-35.900520442415889],[149.690015589834957,-35.900474440409994],[149.689931596857889,-35.900400442402145],[149.689860592878944,-35.900325432395434],[149.689828590888453,-35.900291437392426],[149.689796589897924,-35.900257441389407],[149.689796588897934,-35.9002574413894],[149.689733590915324,-35.900200449383519],[149.689733589915335,-35.900200449383519],[149.689670590933531,-35.900137441377581],[149.689613588948504,-35.900091447372297],[149.689543588969258,-35.900017441365684],[149.689472593988683,-35.899954443359057],[149.689430588001187,-35.899909444355089],[149.689387588014796,-35.899857444350978],[149.689324580032178,-35.8998004433451],[149.689267587049443,-35.899737445339689],[149.68921158806495,-35.899686449334467],[149.689169583078382,-35.899634449330428],[149.689126592091071,-35.899589450326388],[149.689126591091053,-35.899589450326381],[149.689106463098625,-35.899556385324402],[149.68909858810153,-35.899543448323627],[149.689056582116422,-35.899480449319533],[149.689020583129604,-35.899423448316007],[149.688978586146732,-35.899343445311807],[149.688957583156082,-35.899297451309657],[149.688928585166565,-35.899252443306828],[149.688914583175603,-35.899200443305261],[149.688886579186715,-35.899149448302474],[149.688844582201654,-35.89908644929838],[149.688808583215604,-35.899023451294816],[149.688752575241011,-35.898897445289066],[149.688744579252017,-35.898823448287885],[149.688737578259207,-35.898777454286964],[149.688744570265641,-35.898720444287193],[149.688744569272501,-35.898668444286841],[149.688751570277475,-35.898622450287149],[149.688751570285802,-35.898559443286736],[149.688765562292588,-35.898491442287501],[149.688765563292606,-35.898491442287501],[149.688775562295177,-35.898459943288167],[149.688785561297749,-35.89842844428884],[149.688806563302137,-35.898370448290272],[149.688834557305285,-35.898313446292342],[149.688848559310628,-35.898256444293189],[149.688848558318909,-35.898193446292787],[149.688855559326129,-35.898130457292964],[149.688855559333007,-35.898078439292625],[149.688855550339753,-35.898027443292264],[149.688869551345874,-35.897964445293091],[149.688875548351007,-35.897918442293303],[149.688875548358538,-35.897861449292918],[149.688882548367189,-35.897787443293048],[149.688910542394666,-35.89754644029388],[149.688916538403475,-35.897472442293896],[149.688937541410098,-35.897397432295257],[149.688944532417992,-35.897329441295405],[149.688951533425978,-35.897260437295557],[149.6889655344321,-35.897197438296359],[149.688986527439397,-35.897117435297659],[149.688986528439386,-35.897117435297659],[149.688997029443442,-35.897074436298283],[149.689007530447441,-35.897031436298917],[149.689006525457501,-35.896956435298343],[149.689020518465867,-35.896876441299021],[149.689034519470397,-35.896825436299913],[149.689034520470415,-35.896825436299913],[149.689034519477929,-35.896768434299524],[149.68904851248405,-35.89670543630033],[149.68906251348875,-35.896653436301207],[149.689069514496765,-35.89658443230136],[149.689075510504807,-35.896516432301432],[149.689075510521462,-35.896390435300596],[149.689068509531666,-35.896321431299526],[149.689061507542476,-35.896247434298417],[149.689053503553652,-35.896172433297217],[149.689053502553662,-35.896172433297217],[149.689046501563723,-35.896104432296141],[149.689046501573614,-35.896029431295652],[149.689053501592213,-35.895880433295268],[149.689053502592202,-35.895880433295275],[149.68905650059591,-35.895848934295323],[149.689059498599562,-35.895817435295371],[149.689066489609075,-35.895737432295448],[149.68907349061692,-35.895669431295602],[149.689080499622662,-35.895617432295872],[149.689101493626936,-35.895560430297323],[149.689136479629752,-35.895497423299972],[149.68916448263451,-35.895428428301962],[149.689164483634499,-35.895428428301962],[149.689192485641513,-35.895342428303827],[149.689227480645741,-35.895268431306398],[149.689255475649048,-35.895210434308446],[149.689276477651674,-35.895165426309987],[149.689276478651692,-35.895165426309987],[149.689303476657358,-35.895090425311842],[149.68933847166241,-35.895010431314375],[149.689352473666304,-35.894964428315284],[149.6893734676691,-35.894918425316824],[149.68938046767633,-35.894855426317029],[149.689380468676319,-35.894855426317015],[149.689394469683123,-35.894787426317777],[149.689401461688107,-35.894741422318084],[149.689408462693848,-35.894689422318351],[149.689415463698822,-35.894643428318645],[149.689422455707501,-35.894569422318774],[149.689435462712993,-35.894512420319536],[149.689442462721019,-35.894443424319682],[149.689442463721036,-35.894443424319682],[149.689442453727736,-35.894392419319352],[149.689442454727725,-35.894392419319345],[149.689456455735467,-35.894317418320071],[149.689463456744136,-35.89424342032018],[149.689470448752161,-35.894174415320336],[149.689484450757504,-35.894117422321187],[149.689483446764484,-35.894065422320736],[149.689490447769487,-35.89401941932104],[149.689504448777058,-35.893945413321781],[149.689511449782856,-35.893893413322047],[149.689511440790341,-35.893836420321662],[149.689518441799805,-35.893756416321736],[149.689525451808493,-35.893682410321865],[149.689524438819234,-35.893602415321233],[149.689531439828812,-35.89352140832132],[149.689517437837765,-35.893470403319739],[149.689517437843818,-35.893424409319444],[149.689524438848792,-35.893378415319745],[149.689517437856637,-35.89332741031879],[149.689516442863606,-35.893275419318364],[149.689523434872314,-35.893201412318476],[149.689523434879817,-35.893144410318094],[149.68951644289146,-35.893064407316949],[149.689516424898358,-35.893012416316608],[149.689523425903332,-35.892966404316915],[149.689529422914376,-35.892875410316826],[149.689543424918298,-35.892829407317741],[149.689543424925148,-35.892777407317396],[149.689557426930463,-35.892720405318244],[149.689571418938044,-35.892646408318967],[149.689585420944979,-35.892577403319734],[149.689605419963755,-35.89241139932038],[149.689619412968398,-35.892359408321262],[149.689619412977379,-35.892291408320808],[149.689633413982079,-35.892239399321689],[149.689640405987035,-35.892193396321971],[149.689633404994879,-35.892142399321038],[149.689647407004827,-35.892050393321639],[149.689632410017737,-35.891970399319803],[149.689625400030849,-35.891879397318576],[149.689625400030849,-35.891879396318579],[149.689615928038648,-35.891831868317432],[149.689568399077558,-35.89159339231167],[149.68956139808472,-35.891547389310759],[149.689539400094191,-35.891501395308538],[149.689518388106507,-35.89143339430624],[149.689490394117712,-35.891381385303454],[149.68946240813267,-35.89130139130048],[149.689433392146981,-35.891227393297449],[149.689391405164116,-35.891147390293241],[149.689362397177007,-35.891084391290299],[149.689341395190837,-35.891004387287921],[149.689313391204308,-35.890935392285009],[149.689299389213232,-35.89088438728345],[149.689284393223232,-35.890826390281752],[149.689256389239659,-35.890735388278692],[149.689235387249028,-35.890689385276545],[149.68923538624901,-35.890689385276545],[149.689199387264409,-35.890615387272916],[149.689185386272669,-35.89056938427138],[149.689185385272651,-35.89056938427138],[149.68916438328273,-35.8905183882692],[149.689143380294325,-35.890455380266943],[149.689121383306059,-35.890392381264611],[149.68912138230607,-35.890392381264604],[149.68910737231883,-35.890312387262846],[149.689086378334252,-35.890220381260406],[149.68907838334448,-35.890152380259259],[149.689078382344491,-35.890152380259252],[149.689064381354314,-35.89009438325764],[149.689050379364033,-35.890037381256043],[149.689043378371224,-35.889991378255111],[149.689036368378254,-35.889946379254205],[149.689029376386202,-35.889894379253249],[149.689014371399935,-35.889808379251349],[149.689014370399917,-35.889808379251356],[149.688993368412952,-35.889734381249021],[149.688986367420142,-35.889688387248121],[149.688972374429056,-35.889637382246541],[149.688964370437162,-35.889585373245509],[149.688964369437173,-35.889585373245502],[149.688950368445461,-35.889539379243978],[149.688929365459273,-35.889459375241614],[149.68891536446742,-35.889414376240069],[149.688915363467402,-35.889414376240083],[149.688893366476918,-35.889368373237843],[149.688872363488542,-35.889305374235597],[149.688858362502856,-35.889213377233759],[149.688858361502867,-35.889213377233759],[149.688829372518626,-35.889128372230658],[149.688808361531045,-35.889059376228353],[149.688808360531056,-35.889059376228353],[149.688801360538179,-35.889013373227442],[149.688801359538218,-35.889013373227442],[149.688780357551252,-35.888939375225107],[149.688765360561916,-35.888876368223386],[149.688737357573046,-35.888825372220602],[149.688737356573057,-35.888825372220602],[149.688716354583221,-35.888773372218402],[149.688645359607108,-35.888676372211556],[149.688596353625343,-35.888596369206738],[149.688575350636143,-35.88853936720453],[149.688546352650604,-35.888464366201489],[149.68852534966058,-35.888413370199309],[149.688504356672979,-35.888344365197014],[149.688482349686211,-35.8882703671946],[149.688454354699729,-35.888201363191698],[149.688447345709108,-35.888138364190667],[149.688433352717254,-35.888093365189135],[149.688418355728686,-35.888024369187377],[149.688418355737809,-35.887955364186915],[149.688404344749756,-35.887881367185187],[149.68840434476337,-35.887778362184505],[149.688389339772584,-35.887726371182858],[149.688389339800437,-35.887515359181435],[149.6883823388076,-35.887469356180517],[149.688388335817223,-35.88738936118051],[149.688388335823305,-35.887343358180196],[149.688381334836521,-35.887251361178976],[149.688388335845218,-35.887177354179087],[149.688381325855431,-35.887108359178029],[149.688388335860253,-35.887063360178331],[149.688394323868408,-35.886994355178402],[149.688394323883614,-35.886879356177637],[149.688401323890815,-35.886816366177825],[149.688415325895363,-35.886765352178706],[149.688422317905605,-35.886679352178732],[149.688428314915228,-35.886599349178731],[149.68843532492167,-35.886542347178974],[149.688449317928615,-35.886473351179738],[149.688456318933561,-35.886427348180028],[149.688463309941568,-35.886358361180193],[149.688463309949896,-35.886295344179771],[149.688470310956291,-35.886238351179998],[149.688469306963952,-35.886181350179527],[149.688462305973388,-35.886118342178492],[149.68846230598092,-35.886061349178121],[149.688441303993301,-35.885992344175826],[149.688434303000491,-35.885946341174908],[149.68842631600765,-35.885901342173902],[149.688405305018648,-35.885843345171672],[149.688384302030073,-35.885781341169427],[149.688384302037747,-35.885723344169051],[149.688377301046359,-35.885666343168062],[149.688348303061446,-35.885586339164995],[149.68834130206929,-35.885535343164037],[149.688320299083244,-35.885454345161655],[149.688320299090009,-35.885403340161304],[149.688319295097045,-35.885351340160888],[149.688305293108186,-35.885283339159209],[149.688298292115348,-35.885237336158291],[149.688298292122113,-35.885186340157944],[149.688291292133101,-35.885111347156837],[149.688276295143737,-35.885048339155105],[149.688262293154907,-35.884980339153422],[149.688255292162836,-35.884928339152466],[149.68825528316961,-35.884877334152129],[149.688226285184044,-35.884802332149093],[149.688212283199789,-35.884699336147179],[149.688198281211015,-35.884631336145496],[149.688191280222668,-35.884551332144362],[149.688183285233777,-35.884476331143155],[149.688183285250403,-35.884350333142322],[149.688176275259053,-35.884293331141329],[149.688169274266869,-35.884242326140388],[149.688176275273435,-35.884184329140602],[149.688168261281419,-35.884133324139555],[149.688182272288316,-35.884064328140333],[149.688175271298519,-35.883995324139264],[149.688168261306345,-35.883944328138298],[149.688161269314321,-35.883892328137343],[149.688139271325269,-35.883835326135049],[149.688125270335775,-35.883772327133386],[149.688118269342823,-35.88372732813248],[149.688111268350752,-35.883675319131527],[149.688075268366191,-35.883601312127887],[149.688047265378884,-35.883538323125023],[149.68800526039152,-35.883492320121036],[149.687962260406579,-35.883429321116864],[149.687934265417681,-35.88337832511408],[149.687906261428907,-35.883326325111277],[149.687856260444306,-35.883269323106532],[149.687835258454299,-35.88321831810434],[149.687821256462541,-35.883172324102823],[149.687800262471882,-35.88312632110069],[149.687786261481648,-35.883069319099093],[149.687764254494169,-35.883000323096695],[149.687743260504959,-35.88294332109448],[149.68771525751913,-35.88286931509154],[149.687708256527088,-35.882817315090577],[149.687679258539816,-35.882755320087639],[149.687658255551412,-35.882692321085379],[149.687637252564599,-35.882617319083032],[149.687608254576645,-35.882560318080124],[149.687580250589349,-35.88249731907726],[149.687538245610995,-35.882383315072829],[149.687502246623495,-35.882331315069329],[149.68748125263491,-35.882269311067091],[149.687432255650265,-35.88221131406241],[149.687398613662538,-35.882158122059117],[149.687389246665958,-35.882143314058204],[149.687347250681654,-35.882074309054076],[149.687347249681636,-35.882074309054083],[149.687311259695605,-35.882011310050501],[149.687276246707796,-35.881960314047092],[149.687220248727101,-35.881880311041684],[149.687202248733371,-35.881854315039938],[149.68717724774217,-35.881817312037484],[149.687149244755659,-35.881748307034592],[149.687121240767567,-35.881691314031762],[149.687078240783251,-35.881623314027536],[149.687029243800026,-35.88155430902281],[149.686987238814908,-35.881491310018724],[149.686965240825884,-35.881434308016416],[149.686930236837441,-35.881388314013044],[149.686888240849953,-35.881343306009079],[149.68685924186056,-35.881297312006225],[149.686817236873992,-35.881245312002221],[149.686796242883219,-35.8812003130001],[149.686768239895116,-35.88114331999725],[149.68672523890794,-35.881097307993194],[149.686711246916218,-35.881051304991658],[149.686676232929187,-35.880994302988221],[149.686647234939784,-35.880948317985379],[149.686633232947912,-35.880903309983864],[149.686619230957746,-35.880845303982248],[149.686598237967786,-35.880794307980068],[149.686584244978292,-35.880731308978426],[149.68659023298423,-35.880679299978603],[149.686576230994717,-35.880616300976968],[149.686569221001747,-35.880571301976047],[149.68657623100674,-35.880525298976345],[149.686569221013883,-35.880479304975431],[149.686562229021717,-35.88042829997449],[149.686561225027958,-35.880382305974095],[149.686558339032132,-35.880353871973647],[149.686554224038133,-35.880313300973022],[149.686554224044215,-35.880267297972708],[149.686547224051225,-35.880222298971795],[149.686540223060007,-35.880164301970801],[149.686533222067027,-35.880119302969881],[149.686525217076593,-35.88005629496876],[149.686518216086796,-35.879987298967698],[149.686518216095124,-35.879924300967275],[149.686511215105298,-35.879855295966195],[149.68651821611175,-35.879798293966431],[149.686518216117832,-35.879752299966128],[149.68651021112737,-35.87968928296501],[149.686503210154825,-35.879489296963079],[149.686510211159828,-35.879443293963369],[149.686524204166631,-35.879375292964134],[149.686530210173999,-35.87931229396424],[149.686523200182734,-35.879254287963235],[149.686537202188049,-35.879197286964086],[149.686544203193705,-35.879146290964357],[149.686558205200612,-35.879077285965124],[149.686565196206402,-35.87902528596539],[149.68656519621311,-35.878974280965053],[149.686585195219067,-35.878905284966329],[149.68659219622549,-35.87884828296658],[149.686606198232425,-35.878779278967322],[149.686620191236983,-35.878728282968211],[149.686620191243833,-35.878676282967866],[149.686627191250238,-35.878619280968103],[149.68662719126462,-35.878510269967371],[149.686633179271979,-35.878447279967475],[149.686626187281433,-35.878384280966429],[149.68661218629336,-35.87831028396473],[149.686598184306121,-35.87823027996297],[149.686591183313283,-35.878184276962045],[149.686583178320632,-35.878138291961029],[149.686562176330625,-35.878087277958855],[149.686555175340857,-35.878018281957786],[149.686541182349089,-35.877972278956271],[149.686505174362225,-35.877915276952727],[149.686491172372712,-35.877852278951089],[149.686456177384969,-35.877801282947686],[149.686428173396081,-35.877750277944898],[149.686357178420764,-35.87764727293802],[149.68632217443232,-35.877601277934652],[149.68625117945092,-35.877544285928067],[149.686188171468302,-35.877487274922181],[149.686145171481144,-35.877441271918109],[149.686082172497038,-35.877395276912296],[149.686019173512847,-35.877350277906487],[149.685962163529268,-35.877293275901124],[149.68596216252925,-35.877293275901124],[149.685885171550439,-35.877224271893937],[149.685828178566084,-35.877173275888616],[149.685758178585331,-35.877110276882092],[149.685715178598144,-35.877064273878027],[149.68562417662298,-35.876984278869514],[149.685624175622934,-35.876984278869521],[149.68557417463748,-35.876933273864829],[149.685525168651282,-35.87688727086023],[149.685469170665954,-35.87684227185504],[149.685384173690608,-35.876756271847029],[149.685356170701056,-35.876710277844289],[149.685321175712573,-35.87666427484092],[149.685271182727121,-35.876613269836213],[149.685215175744219,-35.876550270830897],[149.685179176756577,-35.87649927482741],[149.685123160774424,-35.876430269822059],[149.685067162791512,-35.876367270816758],[149.68503117280386,-35.876316274813256],[149.684996158816062,-35.876265269809849],[149.684968173826519,-35.876219275807095],[149.684932173839002,-35.87616727580361],[149.684897169852803,-35.876104268800127],[149.684869174863906,-35.876053272797343],[149.684812164881947,-35.875984276791911],[149.684770167896687,-35.875922263787821],[149.684735163909039,-35.875870272784418],[149.684699164920715,-35.875824269780956],[149.684678170929942,-35.875779270778828],[149.684629164946756,-35.875710265774082],[149.684594169959723,-35.875653272770641],[149.684594168959734,-35.875653272770634],[149.684530166979528,-35.875579266764561],[149.684495161991862,-35.875527266761146],[149.684459163005016,-35.875470264757617],[149.684396164021592,-35.87541926875177],[149.684361160036161,-35.875350263748274],[149.6843181600496,-35.875299267744168],[149.68431815904961,-35.875299267744168],[149.684283164064198,-35.875230263740633],[149.684241159079079,-35.875167264736547],[149.684212161091153,-35.875110262733649],[149.684212160091136,-35.875110262733649],[149.684177165103364,-35.875059266730247],[149.68414216011638,-35.87500226472681],[149.684106161129648,-35.874944267723272],[149.684078158140721,-35.874893262720477],[149.684043162153074,-35.874841262717077],[149.68401515016339,-35.874796263714323],[149.683993161172907,-35.874750260712091],[149.683972158182257,-35.874704266709948],[149.683944146193369,-35.874653261707174],[149.683923152203505,-35.874601261704989],[149.683908156211771,-35.874556262703386],[149.683890748218289,-35.874527666701667],[149.683880152222201,-35.874510259700628],[149.683880152222201,-35.874510258700624],[149.683867654227186,-35.874487760699381],[149.683845157236021,-35.874447260697146],[149.68381714424649,-35.874401266694392],[149.68378815525773,-35.874350261691525],[149.683760151268984,-35.874298261688722],[149.6837531502768,-35.874247265687771],[149.683725147289493,-35.874184257684902],[149.683717151296804,-35.874138263683911],[149.683696148307632,-35.874081261681681],[149.683689147315476,-35.87403025668074],[149.683682147325669,-35.873961260679657],[149.683668145336128,-35.873898261678008],[149.683667150342387,-35.873852258677623],[149.6836671413499,-35.873795256677234],[149.683653139359592,-35.873738254675636],[149.683653139367237,-35.873680258675243],[149.683646138375849,-35.87362325667425],[149.683639137382869,-35.873578257673344],[149.683631141391004,-35.873526257672303],[149.683631141391004,-35.873526256672299],[149.683617140399946,-35.873475252670737],[149.683603138408728,-35.873425250669193],[149.68360887541553,-35.873366662669291],[149.683613357422615,-35.873307885669284],[149.683616602429851,-35.87324899266919],[149.683618583437294,-35.873190072668955],[149.683619309444992,-35.873131205668628],[149.683619013450823,-35.873086986668312],[149.683617991456828,-35.873042740667927],[149.683616270462977,-35.872998503667468],[149.683613868469166,-35.872954319666967],[149.683610811475461,-35.87291019066641],[149.683608525481731,-35.872865217665925],[149.683607001488014,-35.872819636665469],[149.683604088494434,-35.872774430664926],[149.683597589501233,-35.872730614664043],[149.683585327508581,-35.872689174662717],[149.683561527518293,-35.872644121660329],[149.683529517528797,-35.872602134657257],[149.68349240653987,-35.872562271653742],[149.683453341551115,-35.872523600650069],[149.683415432562072,-35.872485154646512],[149.683381199572125,-35.872449764643271],[149.683346024582164,-35.87241522663998],[149.683310132592254,-35.872381378636611],[149.683273730602366,-35.872348077633212],[149.683273729602348,-35.872348077633212],[149.683237049612444,-35.872315134629787],[149.68320527262108,-35.87228738262683],[149.683205271621091,-35.87228738262683],[149.68317304662969,-35.87226011462382],[149.683140570638329,-35.872233132620813],[149.683140569638368,-35.872233132620806],[149.683108039646982,-35.872206213617787],[149.683075643655656,-35.872179142614769],[149.683044503663979,-35.872152833611878],[149.683044502663961,-35.872152833611878],[149.683013371672331,-35.872126515608976],[149.683013370672313,-35.872126515608976],[149.682997809676465,-35.872113346607527],[149.682924663693967,-35.872067514600843],[149.682804806724647,-35.871977094589759],[149.682804805724658,-35.871977094589759],[149.682686803755502,-35.871883322578817],[149.682566417786035,-35.871794319567712],[149.682439406815973,-35.871718215556108],[149.682327392840193,-35.871667326545989],[149.682211658864048,-35.871623806535574],[149.682093863887673,-35.871584320525024],[149.681975673911296,-35.871545533514443],[149.681975672911307,-35.871545533514443],[149.681858755935053,-35.871504101503938],[149.681717913964235,-35.871449735491268],[149.681577502993548,-35.87139420347863],[149.681577501993559,-35.87139420347863],[149.681437243022856,-35.871338322465995],[149.681296795052134,-35.871282915453371],[149.681155863081301,-35.871228809440687],[149.681002597112467,-35.871174460426928],[149.680847905143423,-35.871123438413079],[149.680693447174349,-35.871072047399238],[149.680540871205523,-35.87101663238554],[149.680391845237182,-35.870953517372094],[149.680238704270835,-35.87087986035823],[149.680087132304976,-35.870800968344469],[149.679938787339381,-35.87071607933094],[149.67979531837392,-35.870624431317786],[149.679658375408422,-35.870525290305153],[149.679523584442961,-35.870423325292712],[149.679385368478734,-35.870315972279911],[149.679256493513975,-35.870201484267888],[149.679149687546953,-35.870078104257736],[149.679077706575896,-35.869944102250543],[149.679050671593785,-35.869840702247501],[149.679038319610129,-35.869731225245694],[149.679038318610139,-35.869731225245694],[149.679036400625336,-35.869618387244778],[149.679040748639608,-35.86950490324439],[149.679047139653306,-35.869393508244208],[149.679061580670577,-35.869245387244483],[149.679086805686126,-35.869097437245706],[149.679120097700377,-35.86895014124763],[149.679158723713584,-35.868803965250024],[149.679199930726213,-35.86865938525267],[149.679224653732064,-35.868585737254328],[149.679253176737177,-35.868512887256337],[149.679281565742315,-35.868440145258319],[149.679305867748212,-35.86836684625996],[149.679322154755482,-35.868292320260885],[149.679331575768373,-35.868183336260991],[149.679329451783559,-35.868070659260056],[149.679316507800536,-35.867957417258168],[149.679293461818759,-35.867846730255408],[149.679293460818741,-35.867846730255408],[149.679261038837637,-35.867741726251865],[149.679213457857799,-35.867645282247075],[149.679150135879667,-35.867554836240942],[149.679080037902224,-35.867466747234232],[149.679012135924637,-35.867377313227692],[149.678955411945964,-35.867282896222115],[149.678913531965861,-35.86718177321778],[149.678888961977549,-35.86712243221524],[149.678838755007689,-35.866953210209722],[149.6788387540077,-35.866953210209729],[149.678813799026585,-35.866839619206786],[149.678813798026567,-35.866839619206786],[149.678800389036724,-35.866778565205209],[149.678800388036706,-35.866778565205209],[149.67878491705082,-35.86669021220326],[149.678769445064887,-35.866601858201328],[149.678741477092387,-35.866426424197712],[149.678712048124169,-35.866220307193757],[149.678690248154993,-35.866012092190466],[149.678677044184639,-35.865802935187922],[149.678673414212795,-35.865593985186223],[149.678680334239061,-35.865386415185434],[149.678691584258502,-35.865225593185329],[149.678707342277363,-35.865064089185644],[149.678729707295048,-35.864903473186523],[149.67876074931101,-35.864745286188175],[149.678797527323155,-35.864609661190492],[149.678802556324825,-35.864591115190819],[149.678867482336727,-35.864423856195359],[149.6788718383375,-35.864412616195672],[149.678959729346531,-35.864239862202183],[149.678959730346548,-35.86423986220219],[149.679058834353327,-35.864070722209725],[149.679161704359359,-35.863903024217592],[149.679260953366054,-35.863734627225121],[149.679353138370857,-35.863588685232216],[149.679454932373858,-35.863445307240148],[149.679454933373847,-35.863445307240148],[149.679553437377365,-35.863301489247789],[149.679635699383965,-35.863154221254],[149.679688783395932,-35.863000507257631],[149.679709418407782,-35.862885974258646],[149.679721859421562,-35.862766897258936],[149.679723957437034,-35.862646969258336],[149.679723956437044,-35.862646969258336],[149.679713638454075,-35.862529882256652],[149.679688772472531,-35.86241932925374],[149.679618431501183,-35.862285659246695],[149.679508810534202,-35.862165147236311],[149.679379333569585,-35.862050283224242],[149.679249463605316,-35.86193358221211],[149.679194061622269,-35.861870570206854],[149.679138659639221,-35.861807558201583],[149.67913865863926,-35.861807558201583],[149.679078513660386,-35.86171830219574],[149.679037983674704,-35.861658155191797],[149.678944219709848,-35.861502739182576],[149.678858012744485,-35.86134248117397],[149.678779989778263,-35.861178602166071],[149.678710786810996,-35.861012258158908],[149.67867945782362,-35.860954019155777],[149.678656697836146,-35.860885849153334],[149.678656697836146,-35.860885848153337],[149.678654665837939,-35.860874667153084],[149.678643484847811,-35.860813151151696],[149.67864081285768,-35.860741332150987],[149.678649659864959,-35.860675787151315],[149.67868299686873,-35.860607769153781],[149.678682997868691,-35.860607769153773],[149.678740634867864,-35.86054572915841],[149.678812176864398,-35.860487123164255],[149.678887186860294,-35.860429368170422],[149.678955249857466,-35.860369902175968],[149.679016769855878,-35.860309090180934],[149.679078692854176,-35.860248655185956],[149.679140409852494,-35.860188032190933],[149.679201328851065,-35.860126665195857],[149.679260848850021,-35.860064016200639],[149.679364041849368,-35.85994663320885],[149.679462815849917,-35.859825135216688],[149.679558873851249,-35.859701146224246],[149.679653962852825,-35.859576305231727],[149.679749804854197,-35.859452244239264],[149.679749805854215,-35.859452244239272],[149.679804597854286,-35.859386449243608],[149.679859389854442,-35.85932065324797],[149.679973240853712,-35.859190963257049],[149.68008425885364,-35.859059749265882],[149.680185318855791,-35.858923658273788],[149.68026932786168,-35.858779294280168],[149.680342598873523,-35.858602551285387],[149.680342599873541,-35.858602551285387],[149.680398058889551,-35.858415142288983],[149.680438260908829,-35.858221261291213],[149.680465797930367,-35.858025157292296],[149.680483222953256,-35.857831051292528],[149.680483223953246,-35.857831051292528],[149.680485615979308,-35.857630573291402],[149.680470206008295,-35.857428830288711],[149.680444425039042,-35.857226388285106],[149.680415712070243,-35.857023803281244],[149.680391509100673,-35.856821630277778],[149.680380411118591,-35.856699129276002],[149.68036993113634,-35.856576529274257],[149.680358887154256,-35.856453991272467],[149.680346104172344,-35.856331714270539],[149.680330390190875,-35.856209867268355],[149.680295940222209,-35.85601292926404],[149.680252787254773,-35.855817291258958],[149.680205465287884,-35.855622236253524],[149.68015851132094,-35.85542704624811],[149.680116433353362,-35.855231040243126],[149.680079393388212,-35.855010616238431],[149.680048942422246,-35.854788678234279],[149.680018678456264,-35.854566820230154],[149.679982185490957,-35.854346675225507],[149.679933052527218,-35.854129855219774],[149.679909495541438,-35.854050040217182],[149.679883364555963,-35.853970888214356],[149.679856786570525,-35.853891880211513],[149.679831875584881,-35.853812486208803],[149.679810791598754,-35.85373220520642],[149.679781156625467,-35.853564669202726],[149.679781155625449,-35.853564669202726],[149.679764733650558,-35.853393905200143],[149.679757014674522,-35.853221269198315],[149.679753491697909,-35.853048085196853],[149.679753490697891,-35.853048085196853],[149.679749737720698,-35.852879480195398],[149.679749653721245,-35.852875727195375],[149.679749653721245,-35.852875726195364],[149.679753453739437,-35.852732904194745],[149.679766468756526,-35.852587804194918],[149.679766469756544,-35.852587804194918],[149.679777583773784,-35.852443754194923],[149.679775683792514,-35.85230410419382],[149.679775682792524,-35.85230410419382],[149.67974963281398,-35.852172191190668],[149.679697381837997,-35.852051644185302],[149.679625606864448,-35.851936045178263],[149.679540223892388,-35.851825672170058],[149.679540223892388,-35.851825671170062],[149.679447159920755,-35.851720775161226],[149.679352328948653,-35.851621598152285],[149.679282391968087,-35.851557112145741],[149.679207380987663,-35.851497555138792],[149.679130676007304,-35.851439657131714],[149.679055629026863,-35.85138013612476],[149.678985602046339,-35.851315721118198],[149.67889571107213,-35.851226315109749],[149.678802951099073,-35.851132023101023],[149.678718457125257,-35.851033491092991],[149.678718456125239,-35.851033491092991],[149.678653386148909,-35.850931374086613],[149.678618857168146,-35.850826308082887],[149.678631469182079,-35.85070575108319],[149.678684320189006,-35.850590547087037],[149.678689438189622,-35.850579396087419],[149.67877165519397,-35.850449087093729],[149.678857019198091,-35.850316662100305],[149.678900996202628,-35.850230106103552],[149.67892444520507,-35.850183942105311],[149.678977189214947,-35.850046328108995],[149.679027468225428,-35.849906956112456],[149.679072763236917,-35.849766042115483],[149.679110573249773,-35.849623793117829],[149.679138361264336,-35.849480406119291],[149.679153492277436,-35.849362718119835],[149.679163191291622,-35.849243685119909],[149.679167440306742,-35.849124079119456],[149.679166203322666,-35.849004661118556],[149.679159471339347,-35.848886193117174],[149.679138334348977,-35.84883804811502],[149.678916161439815,-35.848412546092753],[149.678657237536612,-35.847985449067288],[149.678657236536594,-35.847985449067288],[149.678414653630568,-35.847560046043263],[149.678241513713004,-35.847139618025324],[149.678190912775278,-35.846727455018154],[149.678202950789682,-35.846603653018384],[149.678217382800085,-35.846507802018998],[149.678221613803117,-35.84647972701918],[149.678233768809122,-35.846419480019847],[149.678246470815452,-35.846356526020536],[149.678277109826695,-35.846234885022398],[149.67831314483675,-35.84611568202476],[149.678313145836768,-35.846115682024745],[149.678415845850253,-35.845891762032224],[149.67855645485605,-35.845680867043093],[149.678712929858733,-35.845474875055402],[149.678863273862788,-35.845265656067134],[149.678985443872762,-35.845045089076343],[149.67905966588313,-35.844878753081709],[149.679132614894144,-35.844708366086948],[149.679195953907055,-35.844535496091325],[149.679241356922859,-35.844361721094145],[149.679260485942677,-35.844188609094651],[149.679253672962346,-35.84404743509311],[149.679230796984683,-35.843905052090165],[149.679230796984683,-35.843905051090161],[149.679196062008828,-35.843762910086177],[149.679196061008867,-35.843762910086177],[149.679153608033971,-35.843622436081532],[149.67910765905927,-35.843485072076604],[149.679069490076728,-35.843398050072686],[149.679069490076728,-35.84339804907269],[149.679052508083402,-35.843367459070997],[149.679021918095458,-35.843312354067955],[149.678975090113994,-35.843227340063287],[149.678939162130774,-35.843142388059597],[149.678924282144379,-35.843056836057727],[149.678947113155289,-35.842946830058992],[149.67900769216044,-35.842836000063535],[149.679090483162099,-35.842725116070021],[149.679179917162656,-35.842614948077106],[149.679260449164417,-35.842506242083417],[149.679487444169922,-35.842195130101167],[149.679487445169883,-35.842195130101167],[149.679736446170068,-35.841898674120948],[149.679994178168101,-35.841607883141521],[149.679994179168091,-35.841607883141513],[149.680247402167282,-35.841313784161684],[149.680482823170848,-35.8410074051802],[149.680590454174677,-35.840850948188567],[149.68069534117916,-35.840692546196664],[149.680798364184085,-35.840532835204606],[149.680900401189291,-35.840372469212447],[149.68100234019451,-35.840212104220292],[149.681100692198129,-35.840067874227913],[149.681203984200806,-35.839925141235987],[149.681303960204161,-35.839781117243767],[149.681392300209893,-35.839632996250486],[149.681460740219592,-35.839477982255431],[149.6814977702372,-35.839300666257486],[149.681504502260964,-35.839112449256817],[149.681501884286575,-35.838921123255325],[149.681510866309765,-35.83873448425485],[149.681552405326215,-35.838560323257319],[149.681594769331213,-35.838472144260429],[149.681646554334264,-35.838387668264389],[149.681701602336574,-35.838304456268638],[149.68175375433961,-35.838220087272639],[149.68179687134446,-35.838132087275824],[149.6818387603509,-35.838033331278822],[149.681882575358031,-35.837927449281949],[149.681917669366442,-35.837822006284306],[149.681933401376796,-35.837724559285036],[149.681919113389824,-35.837642673283227],[149.681853416407364,-35.837587688277125],[149.681736991429517,-35.837557524266757],[149.681592304454483,-35.837539560254001],[149.68144179048042,-35.837521175240717],[149.681441789480431,-35.837521175240717],[149.681307886505493,-35.83748973022881],[149.681307885505504,-35.83748973022881],[149.681187947530219,-35.837444139218022],[149.681069353555472,-35.837393555207328],[149.680952678580979,-35.837338238196757],[149.6808384506067,-35.837278440186381],[149.680727234632485,-35.837214437176243],[149.680586392669227,-35.837102853163188],[149.680442305705952,-35.836994847149882],[149.680295305742675,-35.836890623136334],[149.680295304742685,-35.836890623136334],[149.680145686779241,-35.836790414122596],[149.679993773815625,-35.836694446108687],[149.679705232879911,-35.836548755082504],[149.679397292943463,-35.836431470054812],[149.679086933006715,-35.836319743026962],[149.678791148069934,-35.836190707000256],[149.678526854133509,-35.836021502976031],[149.678398274167961,-35.835912509964082],[149.678273774202722,-35.835796425952402],[149.678273773202704,-35.835796425952402],[149.678155520237397,-35.835673682941284],[149.678045631271516,-35.835544654930814],[149.677946184304858,-35.835409738921221],[149.677868852334541,-35.835276022913575],[149.677804634363355,-35.83513354990702],[149.677745472391791,-35.834987562900857],[149.677683297420572,-35.834843358894481],[149.677610008450074,-35.834706201887158],[149.677546749472356,-35.834612007881006],[149.677478345495018,-35.834521014874412],[149.677407942517846,-35.834431249867677],[149.677407941517856,-35.834431249867677],[149.677373332529214,-35.834385972864354],[149.677338722540583,-35.834340695861002],[149.677273831563014,-35.834247380854734],[149.677197817590411,-35.834129701847289],[149.677123075617828,-35.834010193839973],[149.67705272564487,-35.833888346833014],[149.67698987967114,-35.833763657826694],[149.676937655696122,-35.833635616821269],[149.67689666272193,-35.833488553816714],[149.676870685746053,-35.833336264813425],[149.67685296376925,-35.833181027810838],[149.676836783792282,-35.833025134808381],[149.676815395815964,-35.832870900805489],[149.676777621847691,-35.832675082800876],[149.676777620847673,-35.832675082800876],[149.676735203880014,-35.832479829795872],[149.676693341912284,-35.832284585790916],[149.676657216943681,-35.832088848786455],[149.67663201897355,-35.831892071782939],[149.676621137007288,-35.831649013780364],[149.67662710703857,-35.831404512779251],[149.676641566068611,-35.831159177778872],[149.676656168098674,-35.830913645778523],[149.676662550130004,-35.830668534777431],[149.676660300160137,-35.830442167775729],[149.67665512819076,-35.830215791773767],[149.676648028221706,-35.829989433771622],[149.676639979252769,-35.829763084769418],[149.676631965283832,-35.829536762767205],[149.67660473232678,-35.829243084762865],[149.676559482373335,-35.828943356756909],[149.676521753418314,-35.82864670375163],[149.676521752418296,-35.82864670375163],[149.676517019456497,-35.828362249749318],[149.676570812482737,-35.828099112752263],[149.676645948489551,-35.827958638757892],[149.676645949489568,-35.827958638757892],[149.676748900490878,-35.827826321766004],[149.676857068491017,-35.82769694477458],[149.676947846494159,-35.827565299781639],[149.676947847494176,-35.827565299781639],[149.676998645504568,-35.827426160785137],[149.676998646504558,-35.827426160785144],[149.676984577528373,-35.827262088782817],[149.676983371530412,-35.827248019782616],[149.676904676567204,-35.827061820774496],[149.676796938609328,-35.826869866763801],[149.676694551651053,-35.826674469753549],[149.676631901686761,-35.826477916746775],[149.676627644691905,-35.826444086746172],[149.676612880709598,-35.826326802744106],[149.676603360731377,-35.826172944742247],[149.676603351751737,-35.826018181741205],[149.676612862770497,-35.825864342741006],[149.676631883787451,-35.825713209741664],[149.676686008789858,-35.825630884745848],[149.676737667792906,-35.825546650749793],[149.676786700796555,-35.82546073975351],[149.6768329818008,-35.825373430756969],[149.676876358805686,-35.825284974760152],[149.676925140813808,-35.825165466763629],[149.67696537082378,-35.825041952766306],[149.677002598834434,-35.824917012768736],[149.67704238984453,-35.824793237771367],[149.677090275852805,-35.824673201774758],[149.677197609865686,-35.824448232782636],[149.677204951866372,-35.824434580783176],[149.677319277876506,-35.824222000791742],[149.677457574883192,-35.824007304802407],[149.677614775883711,-35.823816963814863],[149.677793141876037,-35.82366377882942],[149.677880144867942,-35.823621939836734],[149.677967149859882,-35.823580099844058],[149.677967150859899,-35.823580099844058],[149.678164330835642,-35.823530152860954],[149.678369238808727,-35.823491455878596],[149.678566437784525,-35.823441535895491],[149.678740499768338,-35.823357892910138],[149.678878321761005,-35.82325006492146],[149.679007097757506,-35.823124228931867],[149.679125036757426,-35.822985000941252],[149.67923031876046,-35.822837041949448],[149.679321142766298,-35.822684949956376],[149.679393113774609,-35.822536569961663],[149.679393114774598,-35.822536569961663],[149.679453307785877,-35.82237992396589],[149.679501972799585,-35.822217936969047],[149.679539334815388,-35.822053537971208],[149.679565607832899,-35.821889648972409],[149.679565608832888,-35.821889648972409],[149.679575423860626,-35.82166752197179],[149.679556446893315,-35.821441540968621],[149.679520330929051,-35.821213452963946],[149.6794787469656,-35.820984987958774],[149.67944334800103,-35.820757876954183],[149.679417872033383,-35.820542830950515],[149.679393186065568,-35.820327390946915],[149.67936596209816,-35.820112426943105],[149.67933285813146,-35.819898769938789],[149.679290521165939,-35.819687282933678],[149.679244796192648,-35.819538543928694],[149.679185625221407,-35.819390297922531],[149.679127932249799,-35.819243001916512],[149.679086617275516,-35.819097130911913],[149.679076587296038,-35.81895315191008],[149.679095080310049,-35.818824698910859],[149.679130711321733,-35.818693635913085],[149.679181537330663,-35.818565630916666],[149.679245630336368,-35.818446346921469],[149.679321053338413,-35.818341387927354],[149.679358196337262,-35.818306235930358],[149.679395337336075,-35.818271083933368],[149.679395338336064,-35.818271083933382],[149.679482449330266,-35.818211894940596],[149.679482450330283,-35.818211894940589],[149.6795168303276,-35.818191647943451],[149.679575209322962,-35.818157268948333],[149.679631485318794,-35.818122335953007],[149.679666417316213,-35.818100651955916],[149.679666418316202,-35.818100651955923],[149.679748895311917,-35.81803551096268],[149.679941334327452,-35.817689115977196],[149.680005534380399,-35.817210897979606],[149.680001008453928,-35.816658107975513],[149.679987293531156,-35.816088007970514],[149.68002389359529,-35.815557842970165],[149.680056889611905,-35.81539243097194],[149.680056890611894,-35.81539243097194],[149.680095955627536,-35.815227377974253],[149.680133792643346,-35.815062458976456],[149.680163140660511,-35.814897395977923],[149.680176693680181,-35.814731956978001],[149.680166618701122,-35.814584848976146],[149.680139403724809,-35.814436979972776],[149.680108038749211,-35.814289235969042],[149.68008557577204,-35.814142548966103],[149.680084992791194,-35.813997834965079],[149.680093131800788,-35.813915204965248],[149.680103171810345,-35.813830719965544],[149.680118293818879,-35.813747784966324],[149.680141725825479,-35.813669797967847],[149.680176667829215,-35.813600183970451],[149.680279753822958,-35.813525415978944],[149.680442395802316,-35.813489389992917],[149.680639074773438,-35.813475460010004],[149.680844242742523,-35.813466962027874],[149.68103236971578,-35.813447242044184],[149.681170181696672,-35.813428955056089],[149.68131130167626,-35.813416621068342],[149.681450754656538,-35.813401203080424],[149.681583546639416,-35.813373639091843],[149.681704695626934,-35.813324893102099],[149.681805477619633,-35.81326087211049],[149.681853667617219,-35.813221847114434],[149.681901857614861,-35.813182823118382],[149.68190185861485,-35.813182823118382],[149.681990655612708,-35.813093945125537],[149.682068614613229,-35.812997475131709],[149.682068615613247,-35.812997475131702],[149.682132537616525,-35.812896649136626],[149.682141581624052,-35.812828890136956],[149.682141582624041,-35.812828890136949],[149.682152240631325,-35.812761248137441],[149.682164484638264,-35.812693848138068],[149.682164485638282,-35.812693848138068],[149.68217829864497,-35.812626779138817],[149.682193653651296,-35.812560168139726],[149.682233525666504,-35.812397616142107],[149.682279295681127,-35.812232042145006],[149.682335688693513,-35.812071273148852],[149.682407426701843,-35.811923135154139],[149.682499245704292,-35.811795461161317],[149.682563176702814,-35.81173098316647],[149.682633444699718,-35.811671257172208],[149.682708410695284,-35.811616236178381],[149.682786460689698,-35.811565894184866],[149.682865961683348,-35.811520160191513],[149.682976200672357,-35.811472920200835],[149.68309396965833,-35.811439753210905],[149.683214678643168,-35.811411840221261],[149.683214679643157,-35.811411840221261],[149.683333747628723,-35.811380403231453],[149.683446612616848,-35.811336641241034],[149.683446613616837,-35.811336641241034],[149.683586657605133,-35.811259632252742],[149.683721744595942,-35.81116944526395],[149.683850978589021,-35.81106881627457],[149.683973488584172,-35.810960487284554],[149.68408837158114,-35.810847209293826],[149.684232574582353,-35.810667060305228],[149.684353660590062,-35.810465165314461],[149.684463774600886,-35.810252396322674],[149.684575035611545,-35.810039646330964],[149.684699571618694,-35.809837795340499],[149.684863164621248,-35.809624426353366],[149.684951334620962,-35.809522179360393],[149.685039503620686,-35.809419931367415],[149.685039504620647,-35.809419931367415],[149.685219617619111,-35.809218108381813],[149.685394522618878,-35.809012788395727],[149.685555237622111,-35.808797778408326],[149.685728386629393,-35.808537196421725],[149.68589500863871,-35.808268923434497],[149.686048391651099,-35.807993290446056],[149.686181838667466,-35.807710647455828],[149.686288661688934,-35.807421299463229],[149.686349079705565,-35.807223527467173],[149.686404485723614,-35.807020897470679],[149.686448005743756,-35.806816205473119],[149.686472800766751,-35.806612257473915],[149.686472020793275,-35.806411876472509],[149.686423301833969,-35.806160338466569],[149.686328112881739,-35.805910620456572],[149.686202276933813,-35.805664308443944],[149.686061595987525,-35.805423025430031],[149.685921901040217,-35.805188339416262],[149.68581816107681,-35.805033702406156],[149.685700966114638,-35.804885240394931],[149.685583681152394,-35.804737639383688],[149.685479689188668,-35.804585547373584],[149.685402375221997,-35.804423622365753],[149.685389081229687,-35.804381168364294],[149.685377813237125,-35.804337971363033],[149.685367083244529,-35.804294594361807],[149.685355394252014,-35.804251594360494],[149.68534124025976,-35.804209517358984],[149.685289249281482,-35.804106055353742],[149.685221382304888,-35.804008921347155],[149.68514591432907,-35.803914575339938],[149.685071056353308,-35.80381948533276],[149.685005072376669,-35.803720102326324],[149.684962986392634,-35.80364885632217],[149.684920327408747,-35.803577010317973],[149.684920326408729,-35.803577010317959],[149.68488037442458,-35.803504088313986],[149.684846391439692,-35.803429588310514],[149.684821695453621,-35.803353044307848],[149.684802288472383,-35.803233824305352],[149.684802288472383,-35.803233823305348],[149.68479890048971,-35.803106096304212],[149.684811341504798,-35.802976808304429],[149.684811342504759,-35.802976808304436],[149.684839389516696,-35.802852881306059],[149.684882820524649,-35.802741271309102],[149.684917107527127,-35.802681822311705],[149.684957902528168,-35.802625421314893],[149.6850029465283,-35.802571189318463],[149.685049971527917,-35.802518319322225],[149.685096718527546,-35.802465978325941],[149.685201184524772,-35.802362947334387],[149.685316586519122,-35.802269210343852],[149.685434758512685,-35.802178047353571],[149.685434759512674,-35.802178047353571],[149.685491155510164,-35.802130390358187],[149.685547552507643,-35.802082733362788],[149.685646801506124,-35.80197655537075],[149.685707460508155,-35.801889317375476],[149.685760912512023,-35.80179648637953],[149.68581155851669,-35.801701396383322],[149.685863738520879,-35.801607364387252],[149.685921833523651,-35.801517725391733],[149.686057063525254,-35.80134505240239],[149.686206654523659,-35.80118005241436],[149.686368176518869,-35.801025047427451],[149.686539199510975,-35.800882385441433],[149.686539200510964,-35.800882385441433],[149.686717313500026,-35.800754398456142],[149.686717314500015,-35.800754398456142],[149.686809445493594,-35.800693900463784],[149.686809446493641,-35.800693900463784],[149.68685529249052,-35.800663306467598],[149.686901138487343,-35.800632712471405],[149.686992364481313,-35.800570843478958],[149.687083115475389,-35.800508301486452],[149.68733598045938,-35.80032991850738],[149.687586102444499,-35.800146766528009],[149.687832019430999,-35.799957976548242],[149.68783202043096,-35.799957976548242],[149.688072307419219,-35.799762696567932],[149.688305505409517,-35.799560056586962],[149.688537941403837,-35.799327629605735],[149.688755927402667,-35.799078386623108],[149.688970766402377,-35.798826068640196],[149.68919377239942,-35.798584390658078],[149.689436238390215,-35.798367095677825],[149.689591404380366,-35.798258003690655],[149.689591405380355,-35.798258003690655],[149.689754782367913,-35.798159077704277],[149.689920024354819,-35.798062696718084],[149.690080811343137,-35.797961233731456],[149.690230796334731,-35.797847086743801],[149.690405405330807,-35.79766997575787],[149.690560966332697,-35.797471262770138],[149.690708665337041,-35.797263226781666],[149.690859726340534,-35.797058130793502],[149.691025353339683,-35.796868246806703],[149.691025354339672,-35.796868246806703],[149.691128666336112,-35.796772974815099],[149.691231982332567,-35.796677699823498],[149.691451949321561,-35.796500526841548],[149.691678621308682,-35.796329915860206],[149.691905347295801,-35.796159061878882],[149.6921255112849,-35.795981171896941],[149.692306996279058,-35.795810569911666],[149.692481686275755,-35.795628815925724],[149.692657326271899,-35.795449769939879],[149.692841625264577,-35.795287306954904],[149.69304232025064,-35.795155275971567],[149.693147637241196,-35.79510232598043],[149.693147638241186,-35.79510232598043],[149.69325597623066,-35.795053812989572],[149.693366654219147,-35.795010364998952],[149.693366655219165,-35.795010364998952],[149.693479027206621,-35.794972591008531],[149.693592403193065,-35.794941154018225],[149.693806732162784,-35.794917220036801],[149.694030536126093,-35.794930837056462],[149.69425720008735,-35.794956420076446],[149.694480089051012,-35.794968378096009],[149.694692590021447,-35.794941137114407],[149.69488433800106,-35.794868923130686],[149.695068009985732,-35.794767513146063],[149.695247486973187,-35.794650202160966],[149.695426658961054,-35.794530318175845],[149.695609389946924,-35.79442112819109],[149.69581459292931,-35.794311973208302],[149.696020773911329,-35.794204379225604],[149.696228244892779,-35.794099348243044],[149.69643736587355,-35.793997921260647],[149.696648448853352,-35.793901119278452],[149.696781223840475,-35.793841661289655],[149.696914347827516,-35.793782427300918],[149.69704833281412,-35.793725398312247],[149.697183634799984,-35.793672537323722],[149.697320774784743,-35.793625817335403],[149.697524185759704,-35.793575395352846],[149.697732705731568,-35.793541816370869],[149.697943421702234,-35.793515085389103],[149.697943422702224,-35.793515085389096],[149.698153430673386,-35.793485235407253],[149.69835981764686,-35.793442271425022],[149.698560619622469,-35.793389724442243],[149.698761789598507,-35.79333333245944],[149.698960350575959,-35.793269562476382],[149.699056843565842,-35.793232223484566],[149.699153335555678,-35.793194884492763],[149.699153336555725,-35.793194884492763],[149.699337769538658,-35.793105791508275],[149.699337770538648,-35.793105791508289],[149.699539190525229,-35.792969305524991],[149.699724359518171,-35.792803579540077],[149.699903558513569,-35.79262655955457],[149.700087059507382,-35.79245621656947],[149.700285127495675,-35.792310480585826],[149.700601107467378,-35.792151253612396],[149.70094024243042,-35.792030069641235],[149.70111638140952,-35.791980226656314],[149.701292526388642,-35.791930381671371],[149.701292527388659,-35.791930381671364],[149.701647948345709,-35.791835632701812],[149.70164794934567,-35.791835632701812],[149.701996513305346,-35.791729283731591],[149.702391681259456,-35.791609982765358],[149.702796208210344,-35.791503795800033],[149.703195679163002,-35.791389961834213],[149.703575689122516,-35.79124772186649],[149.703921815093736,-35.791056322895479],[149.704101507083294,-35.790923064910302],[149.704273696075632,-35.790777247924389],[149.704438562070436,-35.790621588937775],[149.704438562070465,-35.790621587937771],[149.704596256067305,-35.790458802950482],[149.704746940065831,-35.790291606962541],[149.704882009066012,-35.790130657973265],[149.705011225067835,-35.78996374898346],[149.705011226067825,-35.78996374898346],[149.705134028071342,-35.789791660993046],[149.705249857076495,-35.789615190001996],[149.705358138083369,-35.789435133010279],[149.705582032105099,-35.789005315026976],[149.705813375125189,-35.788578984044378],[149.705813376125178,-35.788578984044364],[149.706051953143657,-35.7881565080624],[149.706297568160494,-35.78773823608109],[149.706550014175605,-35.787324545100411],[149.70676699718689,-35.786982251117109],[149.70698943019687,-35.786643220134302],[149.707216444205756,-35.786307111151913],[149.707447178213727,-35.785973549169867],[149.707680772220954,-35.785642191188074],[149.707808461226165,-35.78545177219798],[149.707932608232511,-35.785256773207529],[149.70798358823464,-35.785180207211475],[149.708060153237852,-35.785065215217415],[149.708060154237842,-35.785065215217415],[149.708198008240089,-35.784885132228261],[149.708353110237056,-35.784724545240771],[149.708521837229625,-35.78458105325457],[149.708521838229643,-35.784581053254563],[149.70870496221923,-35.784443568269658],[149.708898467204961,-35.784322773285787],[149.709098328186116,-35.784229354302632],[149.709300529161879,-35.784173961319965],[149.709300530161869,-35.784173961319965],[149.709495048132283,-35.784168479336941],[149.709695546096611,-35.78420199035471],[149.709899647057625,-35.784256594372934],[149.710104958017979,-35.784314406391282],[149.710104959017968,-35.784314406391282],[149.710309077980497,-35.784357509409418],[149.710657048921377,-35.784394224440113],[149.710657049921366,-35.784394224440121],[149.711008130864172,-35.784412867470941],[149.711359436807356,-35.784428453501789],[149.711708062749409,-35.784455979532474],[149.712051120688699,-35.784510469562854],[149.712437289614542,-35.784616691597357],[149.712816053537068,-35.784756348631426],[149.713191222457908,-35.784913234665311],[149.713566597378531,-35.785071195699203],[149.713566598378577,-35.785071195699203],[149.713945971300575,-35.785214016733349],[149.71425499223804,-35.785323159761127],[149.714564174175081,-35.785435035788922],[149.714874719112657,-35.785541291816813],[149.715187810051702,-35.785633546844821],[149.715504620993102,-35.785703453873019],[149.71575249495001,-35.78573726189493],[149.71600282590839,-35.785756727916969],[149.716254537867599,-35.785768492939077],[149.7165065178269,-35.785779120961195],[149.716757681785651,-35.785795233983279],[149.717014888742824,-35.785815659005941],[149.71727230170012,-35.785835447028589],[149.717529471657116,-35.785857271051242],[149.717785952613639,-35.785883755073868],[149.71804128556937,-35.785917599096436],[149.718467641492907,-35.785993631134261],[149.718891424414238,-35.786089106171993],[149.719312921334136,-35.786198555209609],[149.719732383253159,-35.786316547247118],[149.72015006417206,-35.786437629284478],[149.720290727144516,-35.786480270297076],[149.720430816116789,-35.786525045309638],[149.720570861089016,-35.786569901322203],[149.720711389061449,-35.786612812334795],[149.720852957034253,-35.786651742347438],[149.721271521956851,-35.786743785384694],[149.7216980468815,-35.786811212422464],[149.722129223808196,-35.786857099460512],[149.722561717737136,-35.786884484498557],[149.722992213668505,-35.78689643353632],[149.723342006616264,-35.786878792566831],[149.723693636567418,-35.786833479597313],[149.723693637567436,-35.786833479597313],[149.723869097543286,-35.78680912461251],[149.724044559519143,-35.786784769627708],[149.724392245468607,-35.786756874657961],[149.724734158413042,-35.786774067688],[149.725052012354524,-35.786841969716285],[149.725052013354514,-35.786841969716285],[149.72536502629211,-35.786945395744368],[149.72567497422736,-35.787069914772346],[149.72598362216192,-35.787201128800234],[149.726292755097433,-35.787324643828121],[149.726638048026558,-35.787453931859226],[149.726982497955504,-35.78758559389027],[149.727326051884262,-35.787719623921255],[149.727668664812853,-35.787855965952147],[149.728010300741317,-35.787994620983],[149.728331263914015,-35.786305621999809],[149.738093129192549,-35.78781955086486],[149.749481965184316,-35.789583475874551],[149.749549966211447,-35.789297471878591],[149.751207934924764,-35.789511460025338],[149.751207935924754,-35.789511460025338],[149.751280934912131,-35.789520958031801],[149.751353931899473,-35.789530455038268],[149.751488938866572,-35.789620453050702],[149.752005927773155,-35.789717452096667],[149.752115924735165,-35.789875451107356],[149.752367922660369,-35.790144448131244],[149.752400911636471,-35.790286452135092],[149.75240091263646,-35.790286452135092],[149.752618903564581,-35.790573446156117],[149.75304789246735,-35.790803440195248],[149.753485860308871,-35.791486428238215],[149.753479853253168,-35.791915418240556],[149.753542834190654,-35.79231441524874],[149.7543987798731,-35.793708395333091],[149.754448771811838,-35.794113388340179],[149.754330757767235,-35.79459037933303],[149.756296734498363,-35.794305375503477],[149.759062694078494,-35.794219350745401],[149.759062695078484,-35.794219350745408],[149.759606688008972,-35.794103350792341],[149.760330691004839,-35.793280347850313],[149.760340716096266,-35.792576357846485],[149.760760735146249,-35.791702377877478],[149.761065748194881,-35.790974372899356],[149.761627754161793,-35.790561374945874],[149.762600747131813,-35.789640373025044],[149.763415726031468,-35.789438362095176],[149.764705696896954,-35.788934345204943],[149.766139664727007,-35.788529335327993],[149.767305617733257,-35.787106315420743],[149.768413573703043,-35.786028299510726],[149.769737534647476,-35.784887294619224],[149.771838457563859,-35.783042259791202],[149.772075446558631,-35.782802249810402],[149.772075447558649,-35.782802249810395],[149.772933425476765,-35.782410246883039],[149.773108419479485,-35.782183242896885],[149.773432413452639,-35.782004232924109],[149.773853397443474,-35.781577224958198],[149.774367383385481,-35.781410227002169],[149.775178363275131,-35.781289222072523],[149.775615357226542,-35.78114121810988],[149.777092326018249,-35.780976201238381],[149.778105309884751,-35.780792188326039],[149.779103277782923,-35.780386183410918],[149.779103278782941,-35.780386183410918],[149.779520273734505,-35.780261181446669],[149.779910260688524,-35.780149176480158],[149.780624249587731,-35.780070167542284],[149.780624250587721,-35.780070167542291],[149.781488224479205,-35.779873156616802],[149.782882176446549,-35.778477134729812],[149.783048171404687,-35.778598139745199],[149.783048171404687,-35.778598138745195],[149.783754146379692,-35.777955126802858],[149.785023122231848,-35.77757810991173],[149.785023123231838,-35.77757810991173],[149.785086112261354,-35.777281106915275],[149.785892090202537,-35.776776102982645],[149.786701061129946,-35.776372087050966],[149.788289020915386,-35.776124070188722],[149.78924501078896,-35.775954067271535],[149.789772997738311,-35.775715060316287],[149.791930949440939,-35.775422035503816],[149.791930950440928,-35.775422035503816],[149.793759904268995,-35.774568008658711],[149.795130873093683,-35.774279000777177],[149.796037847999145,-35.773925990854465],[149.796333837980143,-35.773720984879105],[149.796333838980132,-35.773720984879105],[149.796527807137608,-35.772301979886642],[149.797031760291361,-35.770545965919155],[149.797809734299818,-35.769565953980923],[149.798182716304012,-35.76909494201054],[149.798730694309029,-35.768411933054111],[149.79970266823031,-35.767862927135816],[149.799821665225096,-35.767761921145599],[149.800493642195732,-35.767192917200809],[149.80069262426224,-35.766455909213363],[149.801285574370013,-35.764942900255328],[149.802367547336644,-35.763921889343557],[149.802755527373535,-35.76318587637271],[149.802798729412586,-35.762839733374193],[149.802841930451649,-35.762493590375676],[149.802841931451667,-35.762493590375684],[149.802891358496311,-35.762097616377361],[149.803881773516622,-35.760778437455549],[149.805486027334979,-35.760264160593074],[149.807295553295091,-35.758435981739837],[149.807295554295109,-35.758435981739837],[149.807670410286875,-35.758057200770239],[149.809582926064991,-35.75748449593447],[149.811488378893586,-35.756538663095618],[149.811488379893547,-35.756538663095611],[149.814950800409065,-35.756128191397217],[149.814950801409054,-35.756128191397217],[149.814801123777556,-35.753518726366572],[149.817129093369317,-35.753866715573558],[149.817421086318433,-35.753907707599495],[149.817357092337943,-35.753835708593378],[149.817325091350853,-35.753775712590169],[149.817325090350835,-35.753775712590169],[149.817314087356067,-35.753749210589028],[149.817303084361299,-35.75372270858788],[149.817295088368581,-35.753676714586881],[149.81728108637688,-35.753630711585323],[149.817274085384753,-35.753579706584375],[149.817259079393125,-35.753533712582744],[149.817252078400287,-35.753487709581833],[149.817245077407335,-35.75344271058092],[149.817251083414078,-35.753384704581052],[149.817244082421126,-35.753339705580139],[149.817244073427275,-35.753293711579822],[149.817236077434558,-35.753247708578797],[149.81725007943848,-35.753201705579741],[149.817236077447404,-35.753150708578168],[149.817243069453184,-35.753098709578445],[149.817235073461177,-35.753047712577391],[149.817242073466986,-35.752995703577653],[149.817242064473703,-35.752944707577313],[149.817234069481799,-35.752892708576255],[149.817234068481838,-35.752892708576255],[149.817241069486812,-35.752846704576562],[149.817234069495441,-35.75278970357558],[149.817234068495452,-35.752789703575573],[149.817233064501721,-35.752743699575177],[149.817219062518973,-35.752629705573177],[149.817225059525583,-35.752572703573328],[149.817225059537748,-35.752480706572719],[149.817217054545068,-35.752434702571698],[149.817203052555584,-35.752371704570052],[149.817203052561553,-35.752326705569757],[149.817195056569659,-35.752274705568702],[149.817195056569659,-35.752274704568698],[149.817194131570631,-35.752268628568572],[149.81718805557685,-35.752228701567773],[149.81718105458387,-35.752183702566846],[149.81718105458998,-35.752137708566543],[149.817166057599849,-35.75208069756485],[149.817152046610374,-35.752017699563197],[149.817151051616605,-35.751971695562801],[149.817144050623767,-35.751925701561859],[149.817137049631611,-35.751874687560921],[149.817129045639746,-35.751822696559877],[149.817129044639728,-35.751822696559863],[149.817132544643385,-35.751791197559967],[149.817136045646976,-35.751759698560065],[149.817129044655616,-35.75170269655905],[149.817128040661885,-35.751656693558665],[149.817128040669417,-35.75159970055828],[149.817135041674419,-35.751553697558599],[149.817135036677769,-35.751528195558429],[149.817135032681165,-35.751502692558248],[149.817135031681175,-35.751502692558248],[149.817127036688504,-35.751456697557252],[149.817127035688486,-35.751456697557252],[149.81713403669491,-35.751399696557471],[149.817127036702118,-35.751353692556556],[149.8171270357021,-35.751353692556556],[149.817126032709126,-35.751301692556105],[149.817126031709165,-35.751301692556112],[149.817119030716185,-35.751256693555192],[149.817119030723063,-35.751204693554854],[149.817118026729304,-35.751158690554455],[149.817125027734193,-35.751113691554764],[149.817118026742946,-35.751055694553777],[149.817124014747947,-35.751010695553987],[149.8171240137616,-35.750907690553305],[149.817124014761589,-35.750907690553298],[149.817130028769014,-35.750844691553411],[149.817130029769004,-35.750844691553411],[149.81713702077397,-35.750798688553708],[149.817137020780052,-35.750752694553398],[149.817165014784848,-35.750683689555409],[149.817171002790019,-35.750637686555621],[149.817178012795665,-35.750586690555885],[149.817185012802099,-35.750529688556149],[149.817185013802089,-35.750529688556142],[149.817198010806948,-35.750477688556934],[149.817212012811638,-35.750425688557812],[149.817223010817912,-35.750365684558382],[149.817232996822014,-35.75032268355897],[149.817239002827165,-35.750276689559186],[149.817246003832054,-35.750231690559509],[149.817253003837038,-35.750185687559799],[149.817259000843649,-35.750128685559957],[149.817273002847571,-35.750082682560873],[149.817279985854128,-35.750024685561101],[149.817286994859018,-35.749979686561403],[149.817296998864322,-35.749927695561944],[149.817301991870409,-35.749875686562035],[149.817308992874757,-35.749834685562377],[149.81731399388056,-35.749784684562492],[149.817326991885437,-35.749732693563274],[149.817333992889417,-35.749694686563636],[149.817345986893628,-35.749648682564391],[149.817361986898931,-35.749589682565393],[149.81736198789892,-35.749589682565393],[149.81737998689789,-35.74957668456689],[149.817414981894785,-35.749558684569863],[149.817479979889043,-35.749525670575338],[149.817528985885104,-35.74949767557947],[149.817584982881044,-35.749462680584152],[149.817640980876831,-35.749428680588849],[149.817703979872448,-35.749387678594118],[149.817766978868747,-35.749341675599332],[149.817822975864544,-35.74930767560403],[149.817892966859745,-35.74926167260989],[149.817948973857085,-35.749215677614508],[149.818004971853782,-35.749174676619155],[149.818060968851171,-35.749128673623765],[149.818060969851189,-35.749128673623765],[149.818123967846674,-35.749088676629029],[149.818123968846663,-35.749088676629029],[149.818179965844053,-35.749042673633653],[149.818234959840765,-35.749002666638212],[149.818297958837093,-35.748956672643452],[149.818362955832271,-35.748916666648881],[149.818409953828933,-35.748886673652827],[149.818474951824072,-35.74884666665826],[149.81852194982207,-35.74880666966213],[149.818633944818401,-35.748702669671296],[149.81867594181864,-35.748651664674625],[149.818716942819094,-35.74859966467789],[149.81874793982027,-35.748554665680331],[149.818767938821367,-35.748522663681868],[149.818814944822265,-35.748460660685588],[149.818850935821558,-35.748423665688492],[149.818874931821,-35.748399651690448],[149.818881932821398,-35.748388661690996],[149.818895934822365,-35.748364664692062],[149.818902934827207,-35.748319665692371],[149.818930929835034,-35.748227659694223],[149.818951931838541,-35.748176663695716],[149.81895193283853,-35.748176663695716],[149.818987930839825,-35.74812466369854],[149.819001923845178,-35.748067661699388],[149.819015925849044,-35.7480216677003],[149.819043919853044,-35.747958659702348],[149.819071922855443,-35.74790766370446],[149.819092916858295,-35.747861660706015],[149.819162915854264,-35.747809660711823],[149.819162916854253,-35.747809660711823],[149.819204911854484,-35.747758664715171],[149.819261913852358,-35.747707659719829],[149.819317911850504,-35.747655659724408],[149.819380910847485,-35.747604654729606],[149.819443908843795,-35.747558651734842],[149.819443909843784,-35.747558651734842],[149.819493909842862,-35.747506651738895],[149.819493910842851,-35.747506651738895],[149.819542906842003,-35.747455655742847],[149.819577901843417,-35.747403655745579],[149.819626898842529,-35.747352650749541],[149.819661903843979,-35.747300659752277],[149.819703899845024,-35.747243648755585],[149.819725896848297,-35.747192652757178],[149.819725897848315,-35.747192652757185],[149.819760891849768,-35.74714065275991],[149.819788904852146,-35.747089647762024],[149.819816889854678,-35.747037656764142],[149.819844883857058,-35.746986651766278],[149.819886888862726,-35.746894644769348],[149.819886889862687,-35.746894644769348],[149.81990089086662,-35.746848659770265],[149.819914883871178,-35.74679764577116],[149.819943881872746,-35.746751642773411],[149.819957883877322,-35.746700646774286],[149.819978876880953,-35.746648646775796],[149.819992878884847,-35.746602643776704],[149.820020881887217,-35.746551647778816],[149.82004887589045,-35.746494645780899],[149.820048876890468,-35.746494645780899],[149.820076870892166,-35.746448642783058],[149.820097872895019,-35.74640264878461],[149.820125867896706,-35.746356645786754],[149.820154865898132,-35.746311646788996],[149.820196870898513,-35.746259645792357],[149.820238866899501,-35.746202644795659],[149.820287863898756,-35.74615064479962],[149.820336860897896,-35.746099639803582],[149.820385857897151,-35.746047639807536],[149.820414855898576,-35.746002639809781],[149.820470853895188,-35.745962642814455],[149.820540852899484,-35.745847634819832],[149.820540853899502,-35.745847634819832],[149.820575848900802,-35.745796629822564],[149.820589849904735,-35.745750635823498],[149.820610852907549,-35.745704632825039],[149.820639850909146,-35.745658638827287],[149.820660844912595,-35.745607633828762],[149.82066784491758,-35.745561639829091],[149.820695848919314,-35.74551563683125],[149.820709840923087,-35.74547063783217],[149.820709841923076,-35.745470636832167],[149.820723842926981,-35.745424633833089],[149.820730843932012,-35.7453786308334],[149.820723842939174,-35.74533263683248],[149.820730843944062,-35.745287637832796],[149.820723842951224,-35.745241634831864],[149.820716841959182,-35.745189634830908],[149.820702839967453,-35.745143640829369],[149.820674835977769,-35.745098632826604],[149.820653833987876,-35.745046632824412],[149.820611846000531,-35.745000629820403],[149.820576833011899,-35.744955630817024],[149.820527836027225,-35.744897633812322],[149.820464837043119,-35.74485163080648],[149.820450010047352,-35.744837072805076],[149.820379831064002,-35.744793633798629],[149.820319835077697,-35.74476062779312],[149.820262833089572,-35.744737635787949],[149.820200829101339,-35.744721634782401],[149.82014183711334,-35.744700632777075],[149.820084835124561,-35.744682632771934],[149.820019837138119,-35.744656637766049],[149.819960836151125,-35.744627629760672],[149.819900832164421,-35.744597636755195],[149.819843830176325,-35.744574634750023],[149.819786837188019,-35.744553632744875],[149.819727836199803,-35.744533633739557],[149.819667831213252,-35.744502627734065],[149.819610838226595,-35.744468635728836],[149.819550833240015,-35.74443762972335],[149.819493831252856,-35.74440763671813],[149.819435834265988,-35.744376629712832],[149.819378832279341,-35.744342638707586],[149.819318835294098,-35.744301637702037],[149.819258839308731,-35.744261631696496],[149.819200833322526,-35.744225631691165],[149.819140837336221,-35.74419263568565],[149.819078834350364,-35.744158635679987],[149.819078833350346,-35.744158635679987],[149.819021832363859,-35.744123630674736],[149.819021831363841,-35.744123630674736],[149.818959837377491,-35.744093637669089],[149.818959836377473,-35.744093637669089],[149.818901831391656,-35.744054635663723],[149.818901830391638,-35.744054635663723],[149.81884383340622,-35.744012630658332],[149.818783828421488,-35.743967630652769],[149.818733827435096,-35.743923644648063],[149.818675830449791,-35.743880635642682],[149.818621831464156,-35.743835636637641],[149.818590834475202,-35.743788629634601],[149.818590833475213,-35.743788629634601],[149.81856482848562,-35.743740636631998],[149.818543835495063,-35.743693629629846],[149.818521828504714,-35.743646631627591],[149.818505827513548,-35.743598629625865],[149.818484825523029,-35.743551631623689],[149.81848482452304,-35.743551631623689],[149.818467819531918,-35.743504632621885],[149.818451818541291,-35.743452632620127],[149.818435817549982,-35.743405634618405],[149.818418822558954,-35.743357632616586],[149.818418821558964,-35.743357632616586],[149.818402820567655,-35.743310634614879],[149.818381818577706,-35.743259629612695],[149.81835982058746,-35.743211627610428],[149.818338817596924,-35.743164629608259],[149.818322816605672,-35.743117631606545],[149.81830181361579,-35.743065631604352],[149.818284817624658,-35.743018633602546],[149.818268808633377,-35.742971626600813],[149.818268807633387,-35.742971626600813],[149.818256814641558,-35.742923633599439],[149.818256813641597,-35.742923633599432],[149.818250807648866,-35.742875631598601],[149.818233811657706,-35.742828632596797],[149.818222803665776,-35.742780630595497],[149.818211805673741,-35.742733623594212],[149.818211804673723,-35.742733623594212],[149.81819980268196,-35.742685621592841],[149.818199801681942,-35.742685621592841],[149.818192800689758,-35.74263462559189],[149.818186803697586,-35.742582625590991],[149.818174800705776,-35.742534623589627],[149.818173796712188,-35.742487616589223],[149.818166795719577,-35.742439623588275],[149.818172800731361,-35.742343628588173],[149.818176798737113,-35.742295617588198],[149.818188791742102,-35.742243626588909],[149.818197791747053,-35.742195624589385],[149.818200794752926,-35.742147621589318],[149.818203788758694,-35.742100632589271],[149.81820178876589,-35.742048623588737],[149.818204791772274,-35.741996623588662],[149.818217789776611,-35.741948621589479],[149.818220782782504,-35.74190061958943],[149.818228787787632,-35.741852617589814],[149.818232776793337,-35.74180462458984],[149.818246777797384,-35.74175761759075],[149.818252783797874,-35.741746618591208],[149.818263781803324,-35.741692619591809],[149.818263782803342,-35.741692619591817],[149.818275775807933,-35.741643622592541],[149.818293774812389,-35.741588619593756],[149.818311774816777,-35.741534620594976],[149.818323776821501,-35.741484619595695],[149.81832377782149,-35.741484619595695],[149.818335770823609,-35.741454617596553],[149.818347764825745,-35.741424614597399],[149.81835276583206,-35.741370615597489],[149.818357767837796,-35.741321618597588],[149.818368766842582,-35.741272612598223],[149.818380768847987,-35.74121761859891],[149.818391767852745,-35.741168612599559],[149.818403760858018,-35.741114613600253],[149.818413764869405,-35.741016619600472],[149.81841776187531,-35.740967613600496],[149.818429755880544,-35.740913614601197],[149.818434756886262,-35.740864617601304],[149.81843475788628,-35.740864617601304],[149.818439749892775,-35.740809614601382],[149.818439750892765,-35.740809614601382],[149.818445253895476,-35.74078261460167],[149.818450757898177,-35.740755615601977],[149.818455749903904,-35.740706609602086],[149.818453759910682,-35.740657612601602],[149.818449743925612,-35.740549614600511],[149.81844173893333,-35.740500608599476],[149.818439748940108,-35.740451611598978],[149.81843974794009,-35.740451611598978],[149.818437739946745,-35.740403609598481],[149.818437740946763,-35.740403608598484],[149.818429743955164,-35.740349610597406],[149.818414737964645,-35.740295611595727],[149.818405737972512,-35.740246605594606],[149.818405737972512,-35.74024660459461],[149.818397741980107,-35.740198611593598],[149.818389736987825,-35.740149605592556],[149.818373735997483,-35.740095606590792],[149.818372732004775,-35.740041607590335],[149.818356731013722,-35.739992610588601],[149.818335737023347,-35.739944608586441],[149.81831373003314,-35.739896606584189],[149.818291732043662,-35.739842607581892],[149.818263729054394,-35.7397946055791],[149.818263728054376,-35.7397946055791],[149.818252729059282,-35.739770604577984],[149.818241731064148,-35.739746603576847],[149.818213727074863,-35.739698619574064],[149.81814372709843,-35.739602606567267],[149.818095715112264,-35.739554604562734],[149.818033720128255,-35.739506602556951],[149.817972720143189,-35.739465601551323],[149.817911720158207,-35.739423595545674],[149.817850720172572,-35.739386601540062],[149.817789720186141,-35.739355604534488],[149.817707717206588,-35.739297607526886],[149.817645722221783,-35.739255602521162],[149.817578716236994,-35.739219602515021],[149.817509720253895,-35.739172613508657],[149.817448711267502,-35.739141607503079],[149.817418717274649,-35.73912260350032],[149.817385721282193,-35.739104595497295],[149.817326720295057,-35.739076600491913],[149.817259714309444,-35.739046607485818],[149.817181718326083,-35.739012607478742],[149.8170877213457,-35.738974608470237],[149.817030719357092,-35.738955605465087],[149.81696971937069,-35.738924607459516],[149.816908719383633,-35.738898603453976],[149.816847719394929,-35.738884601448525],[149.816787714407695,-35.738858606443067],[149.816665705433593,-35.738806606432007],[149.816605718445544,-35.73878660742659],[149.816544709458327,-35.738761607421068],[149.816483718472711,-35.738724603415449],[149.816421714487916,-35.738682607409721],[149.816421713487927,-35.738682607409721],[149.81637371150174,-35.738634605405181],[149.81633171551448,-35.738587607401179],[149.816277715529225,-35.738539605396099],[149.816222721544108,-35.738491603390955],[149.816167709558869,-35.738444605385801],[149.816106708573272,-35.738407602380185],[149.816044714588458,-35.738365605374462],[149.816044713588468,-35.738365605374462],[149.815989710603247,-35.738318607369315],[149.815928710618266,-35.738276602363676],[149.815873707633187,-35.738228600358504],[149.815812707648092,-35.738187599352869],[149.815812706648074,-35.738187599352862],[149.815750702663252,-35.738145603347135],[149.815688707676372,-35.738119598341505],[149.815629706688185,-35.738099600336199],[149.8155687067011,-35.738073595330654],[149.815508701713867,-35.738047600325217],[149.815386701741033,-35.737985605314066],[149.815325701754603,-35.737954599308509],[149.815325700754613,-35.737954599308502],[149.815270706769525,-35.737906606303333],[149.815270706769525,-35.737906605303337],[149.815222704783196,-35.737859598298812],[149.81518769979499,-35.737811605295406],[149.815152703806774,-35.737763603292024],[149.815117708819372,-35.737709604288575],[149.815082694831176,-35.737661602285172],[149.815053695842039,-35.737613600282309],[149.814983695865607,-35.737517596275502],[149.814942693878976,-35.737464601271547],[149.814907680890769,-35.737416599268144],[149.814852694905682,-35.737368597262993],[149.814804692919353,-35.737321599258465],[149.814755685933335,-35.737273597253832],[149.81470769294711,-35.737225604249296],[149.814666690959712,-35.737178597245368],[149.814624685972603,-35.737130595241354],[149.814596681983289,-35.737082601238569],[149.814567682994152,-35.737034599235713],[149.814532678006742,-35.736980600232272],[149.814504684018118,-35.736927596229449],[149.814434683041696,-35.73683159222265],[149.814420681049938,-35.736785598221118],[149.8144136800571,-35.736739595220193],[149.814406679064149,-35.736694596219287],[149.814399669075982,-35.736613597218117],[149.814399668075964,-35.736613597218117],[149.814395670082945,-35.736565595217449],[149.814400672088226,-35.736519592217583],[149.814401667094046,-35.736474593217359],[149.81440166610011,-35.736428590217052],[149.814404669105727,-35.736382596217005],[149.814400662112689,-35.736334594216338],[149.814407662117816,-35.736287596216641],[149.814407663117805,-35.736287596216641],[149.81442166411901,-35.7362620942177],[149.814435666120204,-35.736236591218763],[149.814450081122175,-35.736205003219823],[149.814456659123039,-35.736190588220303],[149.814456659123039,-35.736190587220307],[149.814498655123998,-35.736133586223616],[149.814554653122883,-35.736076593228155],[149.814625656117101,-35.736036586234114],[149.814737652111859,-35.735944589243353],[149.814793650106907,-35.735916577248076],[149.814863649102875,-35.735864585253886],[149.814927643097377,-35.735830585259286],[149.8149976430918,-35.735790588265175],[149.815053641088383,-35.73575058226983],[149.815116639082419,-35.735721574275168],[149.8151726460774,-35.735693589279904],[149.815243650068766,-35.735675580286042],[149.815313641062374,-35.735641580291954],[149.815376639055614,-35.735618587297338],[149.81543264604997,-35.7355955853021],[149.815503632042606,-35.735567582308157],[149.815566631035068,-35.735550586313579],[149.815636631028042,-35.735521579319531],[149.815699629021225,-35.735498577324933],[149.81578062801384,-35.735459584331778],[149.81583363200798,-35.735441584336336],[149.815889630002317,-35.735418582341097],[149.815952628996229,-35.735390570346439],[149.816008626992129,-35.735355584351119],[149.81606462398716,-35.735327580355872],[149.816120621983686,-35.735287583360524],[149.816184624979826,-35.73524158036583],[149.816247632975347,-35.735201573371114],[149.816310621972292,-35.735150577376309],[149.816380621966715,-35.735110580382191],[149.816444615962837,-35.735064577387519],[149.816507613960596,-35.735007575392665],[149.816563611958742,-35.734955575397244],[149.81661960995612,-35.734909572401861],[149.816668606956824,-35.73484657340574],[149.816711606956858,-35.734795577409173],[149.81676060395759,-35.734732569413069],[149.816816601956447,-35.734675576417608],[149.816858606957453,-35.734618574420921],[149.816886600959151,-35.73457257142308],[149.816886601959141,-35.73457257142308],[149.816921595960622,-35.734520571425797],[149.816964595961423,-35.734463569429188],[149.817013592960564,-35.734412573433161],[149.817034595964202,-35.73436057343465],[149.817083592963314,-35.734309568438626],[149.817111586965041,-35.734263565440784],[149.817153591966047,-35.734206572444094],[149.817182589967615,-35.734160569446324],[149.817224594967968,-35.734108569449674],[149.81726658196817,-35.734057564453025],[149.817266582968159,-35.734057564453025],[149.817287584971012,-35.73401157045457],[149.817350582968743,-35.73395456845973],[149.817406580966122,-35.733908565464333],[149.817470574962925,-35.733857568469624],[149.817526572958059,-35.73382856147434],[149.81758257995304,-35.73380056647909],[149.817638577948202,-35.733771577483814],[149.817708577944018,-35.733720563489626],[149.817772570939383,-35.733680566494982],[149.817842570933124,-35.733645561500893],[149.817898568928911,-35.733611561505597],[149.817968559923315,-35.733571564511493],[149.818024566918439,-35.733542565516217],[149.8180815689133,-35.733514562521037],[149.818137566907609,-35.733491560525799],[149.818193564901179,-35.733474564530617],[149.818249562894039,-35.733462562535458],[149.818324563885284,-35.733440555541911],[149.818380562878446,-35.73342656254674],[149.818440557871355,-35.733409558551891],[149.818496565863967,-35.733399563556752],[149.818551559856502,-35.733391558561529],[149.818612559848191,-35.733382558566838],[149.818674572839484,-35.733375557572245],[149.818730552831283,-35.733371559577144],[149.818791561822735,-35.733364558582458],[149.818849558814406,-35.73335955658753],[149.818908559805465,-35.73335755759269],[149.818971558795681,-35.733357557598232],[149.819031554786505,-35.733356562603497],[149.819084558778513,-35.733354554608155],[149.819138557770628,-35.733350556612862],[149.819203555761305,-35.733344560618541],[149.819270552751817,-35.733337559624374],[149.819328558742825,-35.733337559629476],[149.819387559732576,-35.733345554634724],[149.819446551721313,-35.73336155564003],[149.819502559710884,-35.733374562645032],[149.819559552699388,-35.733394560650183],[149.819616545687182,-35.73341956165536],[149.81965455267823,-35.733442553658847],[149.81965455267823,-35.733442554658843],[149.819668139674633,-35.733453968660129],[149.819679553671563,-35.733463556661199],[149.8196935556673,-35.733479557662527],[149.819715562661372,-35.733498560664593],[149.819751561651259,-35.733532561667978],[149.819800558637723,-35.733577560672593],[149.819800559637685,-35.733577560672593],[149.819856557622131,-35.733629551677858],[149.819919565606227,-35.733675563683704],[149.819976558590611,-35.73372655968906],[149.819976559590657,-35.73372655968906],[149.820011563579101,-35.733772562692451],[149.820074553564012,-35.733812559698244],[149.820123568549548,-35.733864559702916],[149.820123569549509,-35.733864559702916],[149.820179567534097,-35.733915564708184],[149.820228564520363,-35.733961558712792],[149.820284580505586,-35.73400756171803],[149.820284581505575,-35.73400756171803],[149.820347571490515,-35.734047559723827],[149.820403569474252,-35.734104561729133],[149.820445574460848,-35.734156560733176],[149.820445575460838,-35.73415656173318],[149.820495567447011,-35.734202564737878],[149.820530572435615,-35.734247563741263],[149.820572577422979,-35.734293566745258],[149.820621575408467,-35.734345566749923],[149.820684574391947,-35.734396562755798],[149.82073358037826,-35.734442565760425],[149.820782578363094,-35.734499567765106],[149.82083857634828,-35.734545561770339],[149.820873581336741,-35.734591564773709],[149.820936579320886,-35.734637567779579],[149.820936580320875,-35.734637567779579],[149.821000583303402,-35.734694560785584],[149.821070592287242,-35.734734557792002],[149.821140583271841,-35.734768567798383],[149.821203582258221,-35.734797565804129],[149.821206585257642,-35.7347985608044],[149.821263578245834,-35.73482056780955],[149.821321575234293,-35.734839561814788],[149.821377582224557,-35.734847566819759],[149.821434584213819,-35.734861559824864],[149.821434585213836,-35.734861559824864],[149.821492581203074,-35.734874565830047],[149.821492582203092,-35.734874565830047],[149.82155057919303,-35.734882561835207],[149.821608585182275,-35.734895559840382],[149.821665578172087,-35.734905563845473],[149.821723584161504,-35.734917565850644],[149.821757584155108,-35.734925561853693],[149.821757585155154,-35.734925561853693],[149.821814586144939,-35.734935565858777],[149.821814587144928,-35.734935565858777],[149.82187058413507,-35.734944565863756],[149.821870585135088,-35.734944565863756],[149.821926583126498,-35.734943561868675],[149.821983585117891,-35.734941562873672],[149.822039583110239,-35.734933566878546],[149.822099579102513,-35.734921563883738],[149.822155577095344,-35.734909560888582],[149.822210571088817,-35.734894564893317],[149.822266578081695,-35.734882561898161],[149.822339581072981,-35.734862562904453],[149.822394575067335,-35.734840565909138],[149.822449578063157,-35.73480755991374],[149.822504572059501,-35.734770565918339],[149.822555577057784,-35.734723558922511],[149.822592571058124,-35.734677564925455],[149.822646570055952,-35.734630557929883],[149.822684568056275,-35.734583558932911],[149.822740566057746,-35.734506558937326],[149.822762564060412,-35.734460555938945],[149.822790567062157,-35.734414561941115],[149.82281156106481,-35.734369561942643],[149.822846565066243,-35.734317561945382],[149.822881560067572,-35.734266556948107],[149.822902563070386,-35.734220553949648],[149.822937558071771,-35.734168553952387],[149.822958560074483,-35.734123554953932],[149.822987559076893,-35.734071554956117],[149.823015553079273,-35.734020558958242],[149.823043556082609,-35.733962552960321],[149.82304355708257,-35.733962552960314],[149.823071551084212,-35.733917553962485],[149.823106555085616,-35.733865553965209],[149.823134541087342,-35.733819550967354],[149.823155552091634,-35.733762566968835],[149.823176546094459,-35.733716554970364],[149.823204549099131,-35.73364855397238],[149.823219546102848,-35.733602550973387],[149.82324754010537,-35.733550550975501],[149.823266543109042,-35.733500549976831],[149.823266544109032,-35.733500549976831],[149.82327954111085,-35.733471550977782],[149.823279542110839,-35.733471550977789],[149.823289541112445,-35.733447549978493],[149.823299540114107,-35.733423548979225],[149.823315540117818,-35.73337655098031],[149.823336534120898,-35.733328548981845],[149.823368535128367,-35.733234552984023],[149.823388534131567,-35.733186550985465],[149.823409536134704,-35.733138548986993],[149.823429535137791,-35.733091550988433],[149.82345052814091,-35.733043548989961],[149.823450529140899,-35.733043548989954],[149.823475529143167,-35.732996549991839],[149.8234835331439,-35.732981544992441],[149.823483534143918,-35.732981544992441],[149.823504527146895,-35.732934546993981],[149.823520528150766,-35.732886544995061],[149.823527528155921,-35.732839545995361],[149.823547527159519,-35.732788549996776],[149.823559521164412,-35.732737544997491],[149.823579519168618,-35.732682550998881],[149.823595520172859,-35.732631545999951],[149.823615527177907,-35.732569543001304],[149.823615528177896,-35.732569543001297],[149.823621524180112,-35.732546044001666],[149.823627521182289,-35.732522544002045],[149.823647519185528,-35.732474542003473],[149.823668504189015,-35.732423546004981],[149.823688511192643,-35.732372541006399],[149.823704512196343,-35.732325543007484],[149.823716515200829,-35.732277541008216],[149.823732515204597,-35.732230543009294],[149.823739507210263,-35.732179547009579],[149.823751510214606,-35.732132540010333],[149.82376751021846,-35.732084547011397],[149.823767511218477,-35.732084547011404],[149.823782507222859,-35.732033542012381],[149.823816507229992,-35.731939554014737],[149.823845505235539,-35.731863540016775],[149.823859498241063,-35.731805543017622],[149.823862501242019,-35.731794544017816],[149.823873500244844,-35.731760544018556],[149.823901503252642,-35.731668538020401],[149.823922497255495,-35.731622544021953],[149.823943499258945,-35.731571538023452],[149.823971494262253,-35.731513542025517],[149.824014494262343,-35.73146253702896],[149.824035496265139,-35.731416551030513],[149.824063491266884,-35.731370539032653],[149.824084493269595,-35.731325540034192],[149.824126489275216,-35.73123353403728],[149.824147492278684,-35.73118253803878],[149.824189488279814,-35.731124541042085],[149.82422548728178,-35.731067539044879],[149.824253482283524,-35.73102153604701],[149.824274484286207,-35.730976537048583],[149.824274485286196,-35.730976537048583],[149.824316481286559,-35.730924537051905],[149.824365478287291,-35.730861538055805],[149.824393481289661,-35.730810533057941],[149.824407474293594,-35.730764539058846],[149.824449479299204,-35.73067253306192],[149.824457475303916,-35.730627524062321],[149.824471476309412,-35.730569536063172],[149.824485469313998,-35.730518531064071],[149.824499471317893,-35.73047253706499],[149.824518483321157,-35.730425530066341],[149.824534466324906,-35.730378532067434],[149.824560470332102,-35.730293536069155],[149.824569470336002,-35.730253529069671],[149.824581464340469,-35.730205536070407],[149.824617463347295,-35.730111531072957],[149.824641459349891,-35.730063529074741],[149.824665465352666,-35.730014532076531],[149.824684459356092,-35.72996653007786],[149.824710455358513,-35.729917533079835],[149.824745459359434,-35.729869531082578],[149.8247744573614,-35.729820534084801],[149.824774458361418,-35.729820534084801],[149.824796454364332,-35.729772531086404],[149.824821455366617,-35.729725533088306],[149.824839454370334,-35.729676527089566],[149.824856450374313,-35.729626526090719],[149.824881450376779,-35.729578515092591],[149.824899449380325,-35.729530531093843],[149.824921447383105,-35.729483524095471],[149.8249454433859,-35.729434527097261],[149.824991446387429,-35.729368525100853],[149.825012439390292,-35.729322531102397],[149.825054444390474,-35.729271526105755],[149.825089439393395,-35.729208527108405],[149.825118437394963,-35.729162524110642],[149.825153441397049,-35.729105522113358],[149.825181435400253,-35.729048529115431],[149.825216430402463,-35.728990523118114],[149.825258435404294,-35.728927524121382],[149.825293430405594,-35.728876528124118],[149.825350431404274,-35.72881953512875],[149.825385426405717,-35.728767526131492],[149.825434423404829,-35.728716521135446],[149.825462426406546,-35.728670527137609],[149.825490420409096,-35.728618518139719],[149.825490421409086,-35.728618518139726],[149.825525424410387,-35.728567522142448],[149.825568415411539,-35.728508521145848],[149.825608421410891,-35.728466524149077],[149.825669420410236,-35.728399519153989],[149.825673418410133,-35.728395521154326],[149.825711416410456,-35.728348523157337],[149.82574441241141,-35.728302519159932],[149.825786408411233,-35.728254517163322],[149.825841410409453,-35.728203521167806],[149.825896404407132,-35.728156523172323],[149.82595540540413,-35.728109516177192],[149.826010407401043,-35.728068515181761],[149.826056401400081,-35.728021507185488],[149.826107406398364,-35.727974518189676],[149.82615739739694,-35.727926516193754],[149.826204395395877,-35.727879518197547],[149.826204396395866,-35.727879518197554],[149.826250398394933,-35.727832520201304],[149.826305392392612,-35.727785513205802],[149.826360403389486,-35.727744511210375],[149.826360404389476,-35.727744511210375],[149.82641539738529,-35.727711515214992],[149.826470391381633,-35.727674512219579],[149.826526388377317,-35.727641515224292],[149.826526389377278,-35.727641515224292],[149.826581391372599,-35.727612517228927],[149.826637389367448,-35.727585517233663],[149.826692383362769,-35.727556510238308],[149.826751383358214,-35.727521514243271],[149.826751384358232,-35.727521514243271],[149.82678188335538,-35.727507015245848],[149.826812383352546,-35.727492516248446],[149.82687037934673,-35.727468510253374],[149.826916382341693,-35.727452509257319],[149.826979381334922,-35.727429517262706],[149.827035379329288,-35.727406515267475],[149.827098377323324,-35.727377517272828],[149.827155379318157,-35.727349513277652],[149.827218378312239,-35.727320515282983],[149.827274375305734,-35.727303510287797],[149.82733737429902,-35.727280508293191],[149.827400373291454,-35.727263513298617],[149.827471376283455,-35.727240511304714],[149.82753437527515,-35.727229512310174],[149.827597374267611,-35.727212507315606],[149.827709369256297,-35.727166513325152],[149.82776536724981,-35.727149509329962],[149.827822369243222,-35.727132513334851],[149.827885367237286,-35.72710350534021],[149.827948366229691,-35.727086510345629],[149.828011364224551,-35.727051505350943],[149.828081364216587,-35.727029508356956],[149.828137362212487,-35.726994512361642],[149.828194363206677,-35.7269715113665],[149.828256358201401,-35.726938505371741],[149.828308358195983,-35.726918507376169],[149.82835735519086,-35.726899503380359],[149.828398356186739,-35.726882507383834],[149.828452354182986,-35.726847503388363],[149.828505358181644,-35.72679550339268],[149.828553351180375,-35.726748505396586],[149.828600349179311,-35.726701506400403],[149.828654347177007,-35.726655503404849],[149.828654348176997,-35.726655503404849],[149.828687343178075,-35.726608505407427],[149.828742346174948,-35.726567504411989],[149.828789344174538,-35.726515504415772],[149.828897341170205,-35.726421498424649],[149.828951340167862,-35.726375504429079],[149.8290053381657,-35.726328506433518],[149.829052336164608,-35.726281499437341],[149.82910733916151,-35.726240498441911],[149.829147336161355,-35.726194503445122],[149.829187333161343,-35.726147496448327],[149.829227330161245,-35.726101502451527],[149.829247830161137,-35.726077999453182],[149.829268330161057,-35.726054495454832],[149.829268331161074,-35.726054495454832],[149.829308327160931,-35.726008501458026],[149.82935532516052,-35.725956501461802],[149.829409324159144,-35.72590349746622],[149.829449321159814,-35.725851497469378],[149.829468822160607,-35.725822499470894],[149.829488322161382,-35.72579350047242],[149.829488323161399,-35.725793500472427],[149.829515322163303,-35.72574749747448],[149.829561315165279,-35.725678501478086],[149.829594311167028,-35.725626492480629],[149.829594312167018,-35.725626492480636],[149.829628311167994,-35.725579494483306],[149.829653311171626,-35.725522492485126],[149.829653312171615,-35.725522492485126],[149.829666309173433,-35.725493494486066],[149.829679307175269,-35.72546449548701],[149.829699305178252,-35.725418483488461],[149.82972530918093,-35.725367496490421],[149.829751304182992,-35.725321492492384],[149.829763307187193,-35.725275489493136],[149.82979029718922,-35.725228491495194],[149.829809300193006,-35.725177495496524],[149.829821294198723,-35.725120493497208],[149.829819295205112,-35.725074490496723],[149.829819294205095,-35.725074490496716],[149.829815296219209,-35.724972489495684],[149.829814292226104,-35.724921493495259],[149.829814291226114,-35.724921493495259],[149.829812292232504,-35.724875490494767],[149.829803292239859,-35.72483049149367],[149.829802288245986,-35.724785491493279],[149.82979328825428,-35.724733491492145],[149.829770295264439,-35.724683490489788],[149.829748288273805,-35.724638491487553],[149.82972528628332,-35.724593483485222],[149.829710280291579,-35.724548484483613],[149.829687278301947,-35.724497488481241],[149.829655276320409,-35.724395487477736],[149.829626277331528,-35.724345486474867],[149.829610276340759,-35.724294481473109],[149.829588279350133,-35.724249482470881],[149.829588278350116,-35.724249482470881],[149.829572286358569,-35.724204483469165],[149.829556267367821,-35.724153486467415],[149.829541271376087,-35.724108487465791],[149.829541270376097,-35.724108487465791],[149.829539271382345,-35.724063479465322],[149.829530271392088,-35.724000480464092],[149.829521271399443,-35.723955481463008],[149.82951326640665,-35.723910482462003],[149.829511266413846,-35.723858473461476],[149.829502266421173,-35.72381348346039],[149.829487261429477,-35.723768484458759],[149.82948726042946,-35.723768484458759],[149.829485261435849,-35.723722472458284],[149.829477247443066,-35.723677481457287],[149.829461255451491,-35.723632482455571],[149.829452255459643,-35.723581477454431],[149.829437258467919,-35.723536487452812],[149.829435250474319,-35.72349047545233],[149.829412248484516,-35.72344047444998],[149.829404251491724,-35.72339547544896],[149.829374249502308,-35.723350476446022],[149.829360247509129,-35.723315480444569],[149.829346245515381,-35.723284474443112],[149.829326246523664,-35.723245481441097],[149.829309250533186,-35.723193463439259],[149.829292245540046,-35.72316147943755],[149.829271242549424,-35.723115476435396],[149.829257240558434,-35.723063476433808],[149.829250239565624,-35.72301747343289],[149.829243238573468,-35.722966477431932],[149.829236237580602,-35.722920474431014],[149.829236236588969,-35.722857475430587],[149.829222235597229,-35.722811472429051],[149.829222234597239,-35.722811472429051],[149.82922223361615,-35.72266847042809],[149.829222234616168,-35.72266847042809],[149.829225236618186,-35.722649475428227],[149.829231233621897,-35.722614462428517],[149.829246229625625,-35.722568467429518],[149.829264228629341,-35.72251947043079],[149.829264229629331,-35.72251947043079],[149.829277728630359,-35.722495971431805],[149.829291228631348,-35.722472472432841],[149.829316228633672,-35.722425465434725],[149.829336226636798,-35.722378467436158],[149.829336227636816,-35.722378467436158],[149.829364220638922,-35.722329470438325],[149.829393218640746,-35.722281468440535],[149.829393219640792,-35.722281468440535],[149.829422217642446,-35.722234470442785],[149.829447217644685,-35.722188466444656],[149.829461218649101,-35.722138465445553],[149.829475211653431,-35.722089468446455],[149.829476214659365,-35.722043465446234],[149.829487213664152,-35.721994468446887],[149.82949720766851,-35.721949469447459],[149.829497208668528,-35.721949469447459],[149.829504208673626,-35.721902471447763],[149.829504208679595,-35.721857463447442],[149.829517205684056,-35.721808465448269],[149.829533205687824,-35.721761467449362],[149.829545199692291,-35.721713474450105],[149.829588199693148,-35.721656463453499],[149.829637195693209,-35.721598466457422],[149.82967920069342,-35.721547461460773],[149.829728197692674,-35.721495461464727],[149.829777194691815,-35.721444465468693],[149.829834195689074,-35.721398462473402],[149.829834196689035,-35.72139846247341],[149.829890193682587,-35.721381457478223],[149.829953192676641,-35.721352459483569],[149.830079189661575,-35.721318458494423],[149.830142188652587,-35.72131246149992],[149.830199190644379,-35.721307459504906],[149.830252185635601,-35.72131146650959],[149.830312181624038,-35.721328462514975],[149.830373181612345,-35.721345458520467],[149.830430183600811,-35.721365456525604],[149.830487185588112,-35.721394455530827],[149.830544187575697,-35.721421463536004],[149.830601189564192,-35.721441453541175],[149.830658182551872,-35.721467457546353],[149.830716187538599,-35.721499459551673],[149.830716188538645,-35.721499459551673],[149.83077319052498,-35.721535458556929],[149.830831187511365,-35.721570462562248],[149.830888198498315,-35.721602463567493],[149.830945191485569,-35.721631462572702],[149.831003179472759,-35.721660460577993],[149.831003180472749,-35.721660460577993],[149.83106019045951,-35.721693457583235],[149.8310601914595,-35.721693457583235],[149.831118188445089,-35.721734458588607],[149.831175190431992,-35.721766468593835],[149.831232192419179,-35.721796462599031],[149.831289194406736,-35.721823461604245],[149.831352193393769,-35.721847458609936],[149.831404193382923,-35.721868460614665],[149.831516189361821,-35.721896455624695],[149.831577189350071,-35.721913459630173],[149.83163818933798,-35.721933458635689],[149.831699189325434,-35.721956459641198],[149.831759194312696,-35.721982464646651],[149.831817191300615,-35.722005456651914],[149.831873189289269,-35.72202546465698],[149.83193019127819,-35.722042460662109],[149.83198719326586,-35.722068464667288],[149.832045190253808,-35.722091457672541],[149.832102183241119,-35.722120464677751],[149.832159194228694,-35.722147463682951],[149.832216196215626,-35.722179465688178],[149.832274194202768,-35.722208463693477],[149.832331196189955,-35.72223845769868],[149.832388198178165,-35.722260463703861],[149.832449198165904,-35.722281457709364],[149.832513192153044,-35.722303463715136],[149.832570193141407,-35.722324457720291],[149.832570194141425,-35.722324457720283],[149.832627195128708,-35.722353464725501],[149.832627196128698,-35.722353464725501],[149.832684197116436,-35.722379460730693],[149.832684198116425,-35.722379460730686],[149.832742194103957,-35.722405464735978],[149.832742195103947,-35.722405464735971],[149.832799197092044,-35.722428466741135],[149.832860197079526,-35.722451458746654],[149.832916195068606,-35.722468463751682],[149.83297319705747,-35.722485459756825],[149.833033193045907,-35.722502463762225],[149.833051193041939,-35.722511463763851],[149.833108195030064,-35.72253446576903],[149.833166201018884,-35.722550465774241],[149.833224197008803,-35.722558461779393],[149.833282193999025,-35.722564458784532],[149.833398196979658,-35.722574462794803],[149.833455198971336,-35.722570464799794],[149.833513195962581,-35.722568465804883],[149.833574195955094,-35.722553459810158],[149.833632192947533,-35.722542460815177],[149.833689193939733,-35.722534464820143],[149.833747190931405,-35.722529462825207],[149.833809194920974,-35.722535459830709],[149.833870194912151,-35.722530457836037],[149.833928191904192,-35.722522461841088],[149.833990185894294,-35.722524460846557],[149.834047187885716,-35.722522461851561],[149.834105184875511,-35.722531461856718],[149.834163190865809,-35.72253646386185],[149.834221187855206,-35.722548457867042],[149.834279175844102,-35.722564457872252],[149.834338185832422,-35.722583461877562],[149.834396191820474,-35.722605467882815],[149.834455192808406,-35.722627456888169],[149.83451418479541,-35.72265646389355],[149.834572190782552,-35.722685462898838],[149.834631191769148,-35.722717463904239],[149.834690192756682,-35.722742464909608],[149.834749202743808,-35.722770458914965],[149.834807190732676,-35.722786459920194],[149.834864192722762,-35.722794464925265],[149.834922189711762,-35.722809460930456],[149.834981190700773,-35.72282346293575],[149.835039187689347,-35.722841462940977],[149.835097193678223,-35.722857462946173],[149.835204187659599,-35.722872459955695],[149.835222187656029,-35.722878456957318],[149.835281188644899,-35.72289346296261],[149.835343192633246,-35.722908458968178],[149.835401189621706,-35.722927453973405],[149.835460190610434,-35.722943462978698],[149.835518186599472,-35.7229584599839],[149.835518187599462,-35.7229584599839],[149.835566189589713,-35.722975464988231],[149.835634189576382,-35.722996457994356],[149.8356341905764,-35.722996457994363],[149.835693190564314,-35.723018464999697],[149.835693191564303,-35.723018464999697],[149.835751188553843,-35.723029464004881],[149.835810189542542,-35.72304546401017],[149.835876190530712,-35.723057467016055],[149.83593418752011,-35.723069461021254],[149.835992193509014,-35.723085461026443],[149.836055192497213,-35.723100458032093],[149.836113189486611,-35.723112461037289],[149.836172190474912,-35.723131473042606],[149.836234185462786,-35.723150459048178],[149.836292191451378,-35.723168459053412],[149.836354186439252,-35.723187453058983],[149.836413187427951,-35.723203463064294],[149.836472188415485,-35.723228463069645],[149.836527191403349,-35.723255454074661],[149.836586192391565,-35.723275462079997],[149.836644189380422,-35.7232914620852],[149.836702195369128,-35.723308449090425],[149.836760192357872,-35.723325462095644],[149.836818189346758,-35.723341463100844],[149.836877190335883,-35.723354461106133],[149.836934191325156,-35.723368463111235],[149.836934192325174,-35.723368463111235],[149.83699218831498,-35.72337746211641],[149.836992189314969,-35.72337746211641],[149.837050194304624,-35.723387457121575],[149.837050195304585,-35.723387457121575],[149.837108191294135,-35.723398465126749],[149.837108192294124,-35.723398465126749],[149.83716318528468,-35.723405466131645],[149.83716318628467,-35.723405466131638],[149.837219192274659,-35.723415461136632],[149.837219193274649,-35.723415460136621],[149.837275190264592,-35.723425464141634],[149.837275191264609,-35.723425464141634],[149.837336190254348,-35.723431461147023],[149.837336191254337,-35.723431461147023],[149.837392188244337,-35.723441465152028],[149.837392189244298,-35.723441465152028],[149.837448186233757,-35.723455458157034],[149.837448187233775,-35.723455458157034],[149.837505197223578,-35.723465461162121],[149.837561177213558,-35.723475465167127],[149.837561178213576,-35.723475465167127],[149.837617193203528,-35.723485460172121],[149.837673191194028,-35.723491457177097],[149.837778186174688,-35.723514458186472],[149.837778187174678,-35.723514458186472],[149.837834185164269,-35.723527465191495],[149.837891186154224,-35.723536465196567],[149.837949192143498,-35.723549463201749],[149.83801219113235,-35.723559457207365],[149.838074186121133,-35.723571451212905],[149.838132192109896,-35.723588465218114],[149.8381901890981,-35.723609458223365],[149.838249190086287,-35.723629466228694],[149.838307187074122,-35.723653462233955],[149.838423190050747,-35.723693460244441],[149.838486189038349,-35.723713458250096],[149.838553186025109,-35.723734461256143],[149.838611192014014,-35.723750461261361],[149.838669189002758,-35.723767466266573],[149.838727185992013,-35.723780464271769],[149.838785191981799,-35.72378946327693],[149.838847185970849,-35.723799458282464],[149.838847186970867,-35.723799458282464],[149.838905191961032,-35.723805464287601],[149.838905192961022,-35.723805464287601],[149.838967186950242,-35.72381446429312],[149.839025183940947,-35.723816463298228],[149.839087187931057,-35.72381846230369],[149.839157187920847,-35.723813460309827],[149.839228190910973,-35.723804460316011],[149.839285183903741,-35.723792457320961],[149.839342185896072,-35.723783457325901],[149.83940318488871,-35.723767457331171],[149.839403185888699,-35.723767456331167],[149.839465179881586,-35.723748462336495],[149.839487186879211,-35.723740457338366],[149.839552174875593,-35.723691460343765],[149.839552175875582,-35.723691460343765],[149.839594179875974,-35.723639451347104],[149.839622173879178,-35.723582458349185],[149.83965017688314,-35.723519459351252],[149.839650177883129,-35.723519459351252],[149.839664174884746,-35.723490958352293],[149.839678171886305,-35.723462457353328],[149.839700168888982,-35.723416454354947],[149.839728171890755,-35.723370460357103],[149.839756165893135,-35.723319455359231],[149.839798161904611,-35.723183453362012],[149.839812162909453,-35.723130449362898],[149.839819154914437,-35.723084455363207],[149.839833155920616,-35.723021447364005],[149.839847165925164,-35.722970451364908],[149.839861149930528,-35.722913449365748],[149.839875150935256,-35.722861449366633],[149.839889152941424,-35.722798450367449],[149.839897138946924,-35.722747445367808],[149.839897138953006,-35.722701451367499],[149.839898141959623,-35.72265044636724],[149.839897137966005,-35.72260344836684],[149.83989713797277,-35.722552443366496],[149.839890136979903,-35.722506449365575],[149.839883135987719,-35.722455444364613],[149.839876125995715,-35.722403444363664],[149.839876124995698,-35.722403444363664],[149.83986213200464,-35.722352448362081],[149.839848130013706,-35.722300448360492],[149.83983412902262,-35.722249443358926],[149.83983412802263,-35.722249443358926],[149.839816631028782,-35.722223438357204],[149.839799133034916,-35.7221974343555],[149.839785131043186,-35.722151440353962],[149.839771129051314,-35.722106441352423],[149.839750126062256,-35.722048444350193],[149.839729123071464,-35.722003445348037],[149.839715121079763,-35.72195744134649],[149.839694118090534,-35.721900440344257],[149.839666123101807,-35.721848440341446],[149.839652121110049,-35.721802436339907],[149.839624117121161,-35.721751440337101],[149.839595119132525,-35.72169944033422],[149.839553113145826,-35.721648435330167],[149.839504116160327,-35.721596435325509],[149.839462101172927,-35.721550432321507],[149.83942711518435,-35.721505433318136],[149.839399111194808,-35.721459439315339],[149.83937810820413,-35.721413436313199],[149.839343104217107,-35.721356434309726],[149.839343103217118,-35.721356434309726],[149.839315109228323,-35.721304434306923],[149.83928010423989,-35.721258431303532],[149.83925910124907,-35.721213423301386],[149.839224106261383,-35.721161432297947],[149.839189101273547,-35.721110436294531],[149.839161097284006,-35.721064433291765],[149.839133094295931,-35.721007431288903],[149.839133093295885,-35.721007431288903],[149.839098098308227,-35.720955431285482],[149.839070094318657,-35.72090942828271],[149.839035098330044,-35.720864429279338],[149.839000094343845,-35.720801430275827],[149.838965089356151,-35.720749430272406],[149.83893609936672,-35.720703427269534],[149.838894085380787,-35.720646425265464],[149.838866090391264,-35.720600431262689],[149.838845087400614,-35.720554427260524],[149.838824084409822,-35.720509428258389],[149.838796081421862,-35.720451431255533],[149.838775078431865,-35.720400426253335],[149.838747083442286,-35.720354423250569],[149.838726089453104,-35.720297412248343],[149.838684074471786,-35.720205424244028],[149.838656070482074,-35.720160425241268],[149.838642078490352,-35.720114422239725],[149.838642077490363,-35.720114422239725],[149.838621075499702,-35.720068428237553],[149.838607072509433,-35.720011426235956],[149.838586070520222,-35.71995442423372],[149.838572068529288,-35.719902424232139],[149.838551065538638,-35.719856421229977],[149.838544063546493,-35.719805425229019],[149.838530062554725,-35.719759422227476],[149.838530061554764,-35.719759422227476],[149.838519560559831,-35.719733422226383],[149.838509059564899,-35.719707422225291],[149.8384880555802,-35.719616419222838],[149.838474053594581,-35.719524422220978],[149.838460051603477,-35.719473417219405],[149.838446049612543,-35.719421417217831],[149.838425055623333,-35.719364415215601],[149.838418054630495,-35.719318412214676],[149.838411053638339,-35.719267416213718],[149.838404043646278,-35.719215416212755],[149.838397041654162,-35.7191644112118],[149.83839704166104,-35.719112411211455],[149.838390040669651,-35.719055418210452],[149.838390040676558,-35.71900340921011],[149.838383038683588,-35.718958410209169],[149.83838303868967,-35.71891241620888],[149.838376037698282,-35.718855414207873],[149.83836903670624,-35.718803414206917],[149.838362035714084,-35.718752409205962],[149.838362034720973,-35.718700409205617],[149.838355033728817,-35.718649413204659],[149.838362025735393,-35.718591407204876],[149.838363028742805,-35.718534405204579],[149.838363028748887,-35.71848841120427],[149.838377020755701,-35.718420410205056],[149.83837702175569,-35.718420410205063],[149.838380520758591,-35.718394410205207],[149.83838402176147,-35.718368410205315],[149.838384021769031,-35.71831140820494],[149.838380520774479,-35.718274404204386],[149.838377020779916,-35.718237401203822],[149.838377019779927,-35.718237401203815],[149.838377019786009,-35.71819140720352],[149.838384011790993,-35.718145404203831],[149.838398012795579,-35.718094408204713],[149.838398012801662,-35.718048405204399],[149.838412004806344,-35.717996405205284],[149.838440007817098,-35.717882401206978],[149.838453999821809,-35.71783040120787],[149.838468001827181,-35.717773399208724],[149.838482002831768,-35.717722403209606],[149.838481993837831,-35.717676400209314],[149.838488993842816,-35.717630397209618],[149.838488994842805,-35.717630397209618],[149.838484996848905,-35.717589396208993],[149.838484995848887,-35.717589396208993],[149.838482996855021,-35.717545400208508],[149.838487998860472,-35.717498393208636],[149.838491986865961,-35.717452399208682],[149.83849198786595,-35.717452399208675],[149.838496988870958,-35.717408395208828],[149.838501990876665,-35.717359398208949],[149.838499981883189,-35.717312391208445],[149.838503988889471,-35.717260391208448],[149.838508981894762,-35.717214397208593],[149.838513982900878,-35.717162397208668],[149.838517980906488,-35.717115390208704],[149.838522981912405,-35.717064394208819],[149.838527974917866,-35.717017395208941],[149.838544978921448,-35.716970388210108],[149.838544979921465,-35.716970388210115],[149.838550478923651,-35.716947391210439],[149.838555977925836,-35.716924394210778],[149.838572972930905,-35.716866388211884],[149.838577965936167,-35.716820394212007],[149.838581972941768,-35.716773387212058],[149.838598967946666,-35.716716385213168],[149.838615962950939,-35.716664385214315],[149.838626961956095,-35.71661238521493],[149.838643965961666,-35.716550390216021],[149.838660960965257,-35.71650337421719],[149.838660961965246,-35.71650337421719],[149.83866745996761,-35.716477881217592],[149.838673958969963,-35.716452387217984],[149.838692952973361,-35.716404385219342],[149.838706954976772,-35.716362389220293],[149.838723949980306,-35.716315382221467],[149.838747945982817,-35.716268383223273],[149.838770947986148,-35.716216383224939],[149.838830942990541,-35.716112383229529],[149.838854938993023,-35.716065385231332],[149.838890937994478,-35.716012381234123],[149.838926936995108,-35.715965383236991],[149.838968932996266,-35.715907377240299],[149.839023935994732,-35.715854382244785],[149.839059925995315,-35.715807375247635],[149.839109925993938,-35.715759373251707],[149.839157927994165,-35.715701376255545],[149.839157928994155,-35.715701376255545],[149.839206924992766,-35.715654378259551],[149.839262922991054,-35.715601374264125],[149.839317924988222,-35.715558374268674],[149.839317925988212,-35.715558374268667],[149.839379919984282,-35.715515373273846],[149.839440919980348,-35.715473368278936],[149.839502913977725,-35.715420373284033],[149.839563913974644,-35.715372371289071],[149.839625907970685,-35.715329371294239],[149.839680910968468,-35.715281369298751],[149.839736908965335,-35.715239372303408],[149.839791892962495,-35.71519636330796],[149.839853905959188,-35.715148370313081],[149.839909903954776,-35.715116369317812],[149.839970902950967,-35.715073377322881],[149.840026900946469,-35.715041367327608],[149.840082898942825,-35.71500336933228],[149.840144892937417,-35.714971367337505],[149.840144893937435,-35.714971367337505],[149.840206887931487,-35.714943364342787],[149.840206888931476,-35.714943364342787],[149.84026388992541,-35.714922352347664],[149.840319887919634,-35.714900364352445],[149.84038189191304,-35.714877362357747],[149.840507889897992,-35.714843362368597],[149.840563887890738,-35.714832363373468],[149.840626886883172,-35.714815358378885],[149.84068988487499,-35.714803355384355],[149.840689885875008,-35.714803355384348],[149.840752883866003,-35.714797358389866],[149.840752884865992,-35.714797359389856],[149.840809885858107,-35.714790358394829],[149.840865883849631,-35.714788359399741],[149.840922885840911,-35.714787355404745],[149.840980882830735,-35.714796355409909],[149.841037875820007,-35.714810356415029],[149.841095881809025,-35.714825362420228],[149.841152883797662,-35.71484435742537],[149.841152884797623,-35.71484435742537],[149.841210880785468,-35.714868362430629],[149.841210881785457,-35.714868362430643],[149.841268878772496,-35.714898356435945],[149.841326875759648,-35.71492735444123],[149.841391882746251,-35.714952355447139],[149.841455876732454,-35.714981362452939],[149.841513882719482,-35.715011356458255],[149.841571879707288,-35.715035361463521],[149.841628872695793,-35.715055369468672],[149.841686878684925,-35.715069352473876],[149.841749868673304,-35.715083354479518],[149.84181488466001,-35.715107360485405],[149.841871877648657,-35.715126354490543],[149.841935862635381,-35.715151355496339],[149.841993877623878,-35.715170359501577],[149.842038877613845,-35.71519335150569],[149.842098873599497,-35.715231358511225],[149.842152872584734,-35.715279351516287],[149.842152872584734,-35.715279352516291],[149.842194878572002,-35.715326359520297],[149.842242880558331,-35.715373357524854],[149.842270875547626,-35.715421359527625],[149.842304876535991,-35.715469352530938],[149.842332879525316,-35.715517354533738],[149.842374885512555,-35.71556435253774],[149.842422878498894,-35.715611359542287],[149.842470881484417,-35.715664354546867],[149.842511882471825,-35.715711352550791],[149.842565881457205,-35.715758350555852],[149.842565882457222,-35.715758350555859],[149.842626882442204,-35.715800356561495],[149.842687882427953,-35.715836355567106],[149.84274788741385,-35.715872354572646],[149.842809882397972,-35.715919352578403],[149.842863882383398,-35.715966360583472],[149.842917890368795,-35.716013358588533],[149.842961885357198,-35.716049357592652],[149.843022885342037,-35.716092357598313],[149.843079888327765,-35.716133358603592],[149.843134891312985,-35.716180356608753],[149.843176896299411,-35.716233352612804],[149.843217889286848,-35.716280359616732],[149.843251890275241,-35.716328343620049],[149.843279893264508,-35.716376354622838],[149.843307888253946,-35.716423352625618],[149.843336896243102,-35.716471354628496],[149.843350898234547,-35.716519356630052],[149.843372896224821,-35.716567358632311],[149.843387893215464,-35.716620362633968],[149.843443900194046,-35.716716357639548],[149.843478896182262,-35.716764359642944],[149.84351989816966,-35.716811358646886],[149.84355490215799,-35.71685835665027],[149.843595903145285,-35.716906358654207],[149.843595904145275,-35.716906358654199],[149.843619900138464,-35.716929857656474],[149.843643897131585,-35.716953356658735],[149.843690904118091,-35.717000363663182],[149.843745908103301,-35.717047361668349],[149.843806908087657,-35.717094359674036],[149.84386790807261,-35.717136355679699],[149.84392890805691,-35.717183363685372],[149.843988904042817,-35.717219362690884],[149.844049904028566,-35.717255361696495],[149.844110904014173,-35.717292356702131],[149.84417091000094,-35.717322358707598],[149.844231900988007,-35.717348353713149],[149.844290901976194,-35.717368361718471],[149.844350906964252,-35.717388360723895],[149.844410901953012,-35.717402352729266],[149.84441090295303,-35.717402352729266],[149.844470906941723,-35.717417358734643],[149.844470907941741,-35.717417358734643],[149.844537903929336,-35.717432355740634],[149.844537904929354,-35.717432355740641],[149.84459789191817,-35.717446357746013],[149.844663901906614,-35.717456351751892],[149.844663902906603,-35.717456352751896],[149.844713903897826,-35.717463978756349],[149.844722902896223,-35.717465351757149],[149.844795896883682,-35.717474351763634],[149.844854906873991,-35.717478358768851],[149.844974898854304,-35.71748635477946],[149.8450338908454,-35.717484355784642],[149.845093895834793,-35.717494350789984],[149.845158893824134,-35.717498348795758],[149.845224895814141,-35.717496349801543],[149.845290887804026,-35.717495363807338],[149.845350892794301,-35.717498348812647],[149.84541688578355,-35.717502346818478],[149.845482887773386,-35.717501351824275],[149.845567883761248,-35.717493346831702],[149.845639882750874,-35.717487349838002],[149.845698883742642,-35.717480339843156],[149.845764876733313,-35.717473347848916],[149.845856882720057,-35.717465342856954],[149.845922875710755,-35.717458341862717],[149.846000871700227,-35.717446339869504],[149.846059871692773,-35.717433341874603],[149.84612587368477,-35.717416345880309],[149.846184874677959,-35.717398337885385],[149.846242871670569,-35.717386343890411],[149.846301863662973,-35.717374340895532],[149.846367865655139,-35.717356340901219],[149.846425861648356,-35.7173393369062],[149.846425862648374,-35.7173393369062],[149.846490859641278,-35.717316334911764],[149.846490860641296,-35.717316334911764],[149.846549860634525,-35.717298334916833],[149.846608861627658,-35.717281339921918],[149.846673859621347,-35.717252331927448],[149.846737852614467,-35.717229330932938],[149.846809851606963,-35.71720133593908],[149.846868852601688,-35.717172328944081],[149.846932846596872,-35.717133335949455],[149.84699084259222,-35.717100329954334],[149.847048839589831,-35.717050328959104],[149.847106845586808,-35.717005329963904],[149.847164842581492,-35.716977326968831],[149.847196834581553,-35.716939336971393],[149.847232833582325,-35.716891325974238],[149.847337828575519,-35.716819327983004],[149.847389828574364,-35.716767327987235],[149.847457828571464,-35.716709321992823],[149.847509819571059,-35.716651324997017],[149.8475538235719,-35.716593319000509],[149.847597818571785,-35.716542323004035],[149.847634812572778,-35.716491318006952],[149.847634813572796,-35.716491318006959],[149.847663810575938,-35.716433321009113],[149.847700823576986,-35.716382316012023],[149.847729812579217,-35.716331320014241],[149.847750814582696,-35.716280324015742],[149.847750815582714,-35.716280324015727],[149.847787808584513,-35.716223313018617],[149.847829804591498,-35.716121312021627],[149.847851802594818,-35.71607031602322],[149.847864799599421,-35.716020324024043],[149.84786480059941,-35.716020324024043],[149.847871795601691,-35.715994817024487],[149.847878792604007,-35.715969310024924],[149.847892793609361,-35.715912308025779],[149.847912792612902,-35.715862307027194],[149.847942785615913,-35.715804310029455],[149.847970788618312,-35.715753305031569],[149.848000781621181,-35.71569630303383],[149.848036789622512,-35.715644303036669],[149.848073784623352,-35.715594302039577],[149.848117779623379,-35.715542302043104],[149.848169787622993,-35.715484305047298],[149.848221769622626,-35.715426299051472],[149.848289770619743,-35.715368302057065],[149.848349766617304,-35.715316302062021],[149.848408775614075,-35.715271294066902],[149.848408776614093,-35.715271294066902],[149.84846975761053,-35.715226295071965],[149.84846975861052,-35.715226295071972],[149.848503757608768,-35.715199798074792],[149.848537758607023,-35.715173300077609],[149.848724755594361,-35.715049292093241],[149.848785746589272,-35.715016296098383],[149.848846746583263,-35.714990291103575],[149.848907746578135,-35.714957286108728],[149.848968745572108,-35.714931290113917],[149.848968746572098,-35.714931290113931],[149.849028741566372,-35.714904291119026],[149.849089741560448,-35.714877291124211],[149.849158737552386,-35.714857284130154],[149.849227733543671,-35.714842287136136],[149.849295733534973,-35.714828285142033],[149.849295734534962,-35.714828285142033],[149.84935773752548,-35.714827281147485],[149.849426733515003,-35.714825282153527],[149.849496733504225,-35.714824287159686],[149.849558728494884,-35.714822279165148],[149.849619728485521,-35.714821284170505],[149.849689728474942,-35.714819285176667],[149.849766737463256,-35.714817277183421],[149.849827728453874,-35.714816282188778],[149.849897719443305,-35.714814292194923],[149.849974719430833,-35.714818281201737],[149.849974720430822,-35.714818281201737],[149.850036723420516,-35.714823274207227],[149.850036724420505,-35.714823274207227],[149.8500757214141,-35.714825775210677],[149.85011471940777,-35.714828276214128],[149.850183715396497,-35.714832274220235],[149.850253706384166,-35.714843273226464],[149.850314715374822,-35.714842278231821],[149.850376719364533,-35.714847280237322],[149.85045472335014,-35.714864284244307],[149.850524714336274,-35.714887277250618],[149.850587713324074,-35.714905277256292],[149.850649726311417,-35.714928269261911],[149.85071271629846,-35.714952275267606],[149.85077471128659,-35.714969271273191],[149.850845715271561,-35.714999273279624],[149.850916710254836,-35.715042273286166],[149.851042708225691,-35.71511427229774],[149.851082715212897,-35.715164273301596],[149.851130717199112,-35.715212275306143],[149.851228712164158,-35.715361274315782],[149.851261717151601,-35.715417272319065],[149.851286718141097,-35.7154672733216],[149.851318720129512,-35.715517274324746],[149.851335724120361,-35.71556627132658],[149.851335725120379,-35.71556627132658],[149.851401718096895,-35.715666273333056],[149.851426719085737,-35.715721276335636],[149.851460728067195,-35.715821278339291],[149.851470723058895,-35.715872275340523],[149.851479732051047,-35.715921281341636],[149.85148972704269,-35.715972277342864],[149.851498727034681,-35.716022269343988],[149.851502735020858,-35.716122280345004],[149.851504734012963,-35.716179282345564],[149.851513734004982,-35.716229292346696],[149.851515750997095,-35.716286285347252],[149.85152074398917,-35.716340284348057],[149.851527744980245,-35.71639928534907],[149.851529743973344,-35.716449286349587],[149.851523747967661,-35.716499287349386],[149.851522743961311,-35.716548275349631],[149.851520744954627,-35.7166012883498],[149.851508751939122,-35.716732287349622],[149.851510750932079,-35.716783283350146],[149.85151275892423,-35.716840285350692],[149.851514757916505,-35.716896283351247],[149.851516756909575,-35.716946284351764],[149.851503759902329,-35.717016284351089],[149.851490761895974,-35.717079292350356],[149.851476760890648,-35.717136294349501],[149.851470763884947,-35.717186286349317],[149.851464766879104,-35.717237291349143],[149.851466765872203,-35.717287292349639],[149.851468774864315,-35.717344294350205],[149.851463772856761,-35.717407293350192],[149.851457775851088,-35.717457294349977],[149.851458779844165,-35.71750829035043],[149.851460779837225,-35.717558291350926],[149.8514627788295,-35.717614298351485],[149.851472782820451,-35.717671309352752],[149.851474781812556,-35.717728293353296],[149.85148378180466,-35.717777299354424],[149.851487788788944,-35.717891293355542],[149.851489787781247,-35.717947300356101],[149.851484795773672,-35.718010299356074],[149.851484794773683,-35.718010299356074],[149.851478789767867,-35.718061295355902],[149.851480797760132,-35.71811730235644],[149.851475795754141,-35.718168298356346],[149.85147679974736,-35.718218299356764],[149.851476800747378,-35.718218299356749],[149.851486794738264,-35.718275301358027],[149.85148679573831,-35.718275301358027],[149.851488803729637,-35.718338300358624],[149.851490802722822,-35.718387306359141],[149.851492801715779,-35.718438302359651],[149.851509806704911,-35.718500306361562],[149.851519810696601,-35.718551302362776],[149.851529805688415,-35.71860130336399],[149.851530809681663,-35.718651304364421],[149.851532808674762,-35.718701305364931],[149.85153481666768,-35.718752310365446],[149.851552816656636,-35.718814305367459],[149.851569812646602,-35.718870303369329],[149.851597816636541,-35.718913303372084],[149.851658816619675,-35.71896931037783],[149.851720820605266,-35.719005309383533],[149.851783819590707,-35.719041309389311],[149.85183581957773,-35.719078303394134],[149.851884816564052,-35.719124306398768],[149.851931815550273,-35.719173303403231],[149.851969813538261,-35.719219297406887],[149.851969813538261,-35.719219298406884],[149.85198982152906,-35.71926531040895],[149.852009820519697,-35.719312308411034],[149.852035824509585,-35.719358302413632],[149.852049817501211,-35.719405309415173],[149.852065818493031,-35.719448309416876],[149.852088820483601,-35.719492313419195],[149.852108828475991,-35.719526305421176],[149.852143823464075,-35.719575311424585],[149.852186823451035,-35.719623313428698],[149.852186824451053,-35.719623313428698],[149.852248827435062,-35.719671297434473],[149.85224882843508,-35.719671297434473],[149.852311827419555,-35.719714306440309],[149.85237382240291,-35.719767310446123],[149.852435826388387,-35.719804313451831],[149.852497830374517,-35.719836306457509],[149.852566825358252,-35.719878320463863],[149.852628829345178,-35.719904307469491],[149.852690824332115,-35.719930311475125],[149.852758825317295,-35.719962303481331],[149.852820820304203,-35.719988308486968],[149.852888820291668,-35.720003305493066],[149.852888821291685,-35.720003305493066],[149.85294982028168,-35.720007303498456],[149.852949821281669,-35.720007303498456],[149.853017822269948,-35.720016302504504],[149.853085822257384,-35.720031308510599],[149.853153814245474,-35.720041303516652],[149.853220820234554,-35.720045301522568],[149.853295822221014,-35.720059303529268],[149.853370814206727,-35.720079301536003],[149.853445816193755,-35.720089305542679],[149.853506816183739,-35.720093303548069],[149.853566812173909,-35.720097301553373],[149.853627812163921,-35.720101299558777],[149.853696807151977,-35.720110299564929],[149.853757807140511,-35.720125304570388],[149.853817812130671,-35.7201293025757],[149.853898811117574,-35.720133300582852],[149.853966803107255,-35.720131301588836],[149.854034803096852,-35.720130297594814],[149.854034804096841,-35.720130297594814],[149.85410180008671,-35.72012829860072],[149.854162800077347,-35.720127294606066],[149.854229806067877,-35.720120294611924],[149.854303803057434,-35.720112298618382],[149.854303804057423,-35.720112298618382],[149.854364794048877,-35.720105297623704],[149.854364795048866,-35.720105297623704],[149.854430796040248,-35.720093294629443],[149.854492800030869,-35.720091295634887],[149.854612791014063,-35.72007729364536],[149.854612792014052,-35.72007729364536],[149.854686789003495,-35.72007029365183],[149.854686789003495,-35.72007029265184],[149.854747788994928,-35.720063292657152],[149.854815789984542,-35.720062288663129],[149.854963775962034,-35.72005829067615],[149.855023780953644,-35.720051289681393],[149.855098781942303,-35.720049290687975],[149.855165778932815,-35.720042289693829],[149.8552397769229,-35.720030286700258],[149.855379775906698,-35.719988281712311],[149.855439770899096,-35.719975283717496],[149.855500770890416,-35.719969295722841],[149.85556776788107,-35.719961281728686],[149.855635767870638,-35.719960286734654],[149.855702764860467,-35.719958278740542],[149.85576276985276,-35.719946275745748],[149.855822765845147,-35.719933277750947],[149.855883764836619,-35.719926276756276],[149.855883765836609,-35.719926276756276],[149.855944764828706,-35.719914273761567],[149.855944765828724,-35.719914273761567],[149.856004760821804,-35.719896274766718],[149.856077753812173,-35.719883276773082],[149.856151751803054,-35.719865276779458],[149.85621175679691,-35.719841271784595],[149.856278752790359,-35.7198122727903],[149.856278753790349,-35.7198122727903],[149.856338748783429,-35.719794272795454],[149.856338749783419,-35.719794272795468],[149.856368750780263,-35.71978277279802],[149.856398753777171,-35.719771271800582],[149.856464745772968,-35.719725267806098],[149.856536744767112,-35.719685261812174],[149.856596740762399,-35.719650266817219],[149.856662741758129,-35.719605267822729],[149.856728734754597,-35.719554261828193],[149.856793731750628,-35.719508267833611],[149.856852732747399,-35.719463259838498],[149.856898726747005,-35.719412263842223],[149.856957727745282,-35.719356256847043],[149.856995725746771,-35.719300258850012],[149.857027717748537,-35.719249262852486],[149.857066719749923,-35.719193255855544],[149.857111718751014,-35.719132255859101],[149.857146713752172,-35.719082245861848],[149.85716671175544,-35.719034252863281],[149.857194706757582,-35.718985255865427],[149.85721470476085,-35.718937253866855],[149.857214705760839,-35.718937253866862],[149.857248713762687,-35.718883253869492],[149.857268703766749,-35.71882925487089],[149.85729570276888,-35.718781252872951],[149.857330697770635,-35.718727253875677],[149.857330698770625,-35.718727253875677],[149.85735768877359,-35.718673245877689],[149.857377695776847,-35.718625252879129],[149.857377696776808,-35.718625252879129],[149.857405689778801,-35.718577250881275],[149.857439690781661,-35.718516250883859],[149.857467684784439,-35.718462242885956],[149.857515686786513,-35.718390244889711],[149.857534689789929,-35.718342241891058],[149.857590669793922,-35.71824624689534],[149.857624678795958,-35.718191243897962],[149.857652681797958,-35.718143241900108],[149.857652682797948,-35.718143241900101],[149.857666177799047,-35.718119235901142],[149.857679672800089,-35.718095230902172],[149.857719669806642,-35.71799923590504],[149.857759666814701,-35.717891237907857],[149.857772663819844,-35.717837238908636],[149.857772664819862,-35.717837238908636],[149.857778660822419,-35.71781073690898],[149.857784657824965,-35.717784234909331],[149.857797663829359,-35.717736232910148],[149.857817662832559,-35.717688229911602],[149.857837651836633,-35.717634221913002],[149.857877648844692,-35.717526232915802],[149.857877649844681,-35.717526232915795],[149.857911648845942,-35.717477226918454],[149.857947648846675,-35.717429233921315],[149.858002641849311,-35.717345232925588],[149.858051638848139,-35.717296226929577],[149.858051639848156,-35.71729622692957],[149.858079637847453,-35.71726872993186],[149.858107636846739,-35.717241232934128],[149.858157637846119,-35.717187224938193],[149.858198638846233,-35.717138226941458],[149.858245627844212,-35.717098220945346],[149.858255630843871,-35.717089220946171],[149.858255631843861,-35.717089220946164],[149.858311628842443,-35.717034226950723],[149.858330632841358,-35.7170202249523],[149.85836863083918,-35.716992221955465],[149.858431620835859,-35.71694322496068],[149.85849562283164,-35.716900215966028],[149.858553619826068,-35.716874219970968],[149.858611616820355,-35.716849218975895],[149.858668618815614,-35.716818212980719],[149.858732620809775,-35.716787214986141],[149.858796614804731,-35.716750211991553],[149.858860607800494,-35.716707211996876],[149.858860608800484,-35.716707211996876],[149.858925605794525,-35.716676214002405],[149.858989608790381,-35.716632210007752],[149.859053601785348,-35.716595207013128],[149.859131597779708,-35.716546210019672],[149.859203595774233,-35.716503209025724],[149.859267589770155,-35.716459205031065],[149.859331591764288,-35.71642820803649],[149.859395585759273,-35.716391204041891],[149.859452587754504,-35.716360207046698],[149.859552580748016,-35.716292206055044],[149.85960958174482,-35.716249206059778],[149.859673575741368,-35.716200200065096],[149.85972957373906,-35.71615219706969],[149.859778570737916,-35.71610320007369],[149.859835571734749,-35.716060200078417],[149.859899565731325,-35.71601119408372],[149.859955563729073,-35.715962197088331],[149.860026566724542,-35.715913191094273],[149.86002656772456,-35.715913191094266],[149.860083559722199,-35.715864193098952],[149.860140570719011,-35.715821193103686],[149.860204554713192,-35.715790187109107],[149.860275549707865,-35.715747186115081],[149.860340546702673,-35.715710183120549],[149.860397548698074,-35.715678191125363],[149.860453546695055,-35.715635190130001],[149.860503538693621,-35.715587188134094],[149.860559544691455,-35.715538182138701],[149.860559545691416,-35.715538182138701],[149.860616537688287,-35.715495182143428],[149.860672535685268,-35.715452182148084],[149.860730532681146,-35.715415178152945],[149.860786530678183,-35.71537217815758],[149.86084353167422,-35.715335184162363],[149.860843532674238,-35.715335184162363],[149.860900524671024,-35.715292174167097],[149.860957526667875,-35.715249174171817],[149.861013524665537,-35.715201172176428],[149.861077517662238,-35.715151171181731],[149.861119513662061,-35.715103178185096],[149.861168510661713,-35.715048184189058],[149.861210515661583,-35.715000173192429],[149.861252511661576,-35.7149511751958],[149.86130850966012,-35.714896172200355],[149.861350496660776,-35.714842173203714],[149.86141350365827,-35.714787170208886],[149.861757118645841,-35.714478163237082],[149.861809485643647,-35.714433163241381],[149.861880479639922,-35.714378160247264],[149.861929476638778,-35.714329154251274],[149.861992474636281,-35.714274160256451],[149.861992475636271,-35.714274160256458],[149.862049467633113,-35.714231151261181],[149.862113470628884,-35.71418815026653],[149.862170462625755,-35.714145150271271],[149.862170463625745,-35.714145150271271],[149.862202464624005,-35.71412065127393],[149.862234465622294,-35.714096153276579],[149.862298458618028,-35.714053152281927],[149.862362461614595,-35.714004146287238],[149.862418459612371,-35.713955149291841],[149.862482452609726,-35.713900146297107],[149.862539454605809,-35.713863142301875],[149.862579451604205,-35.713828147305172],[149.86262144760218,-35.713794146308636],[149.862349444662016,-35.713661148283776],[149.862288793675333,-35.713631801278247],[149.862163450702866,-35.713571150266802],[149.862163450702866,-35.713571149266791],[149.861386452873461,-35.713194152195832],[149.861908420889847,-35.712458136236876],[149.861908421889865,-35.712458136236876],[149.861961639892087,-35.712378741241025],[149.861964830892276,-35.712373973241277],[149.861912579903503,-35.712350120236508],[149.861912579903532,-35.712350119236518],[149.861900361906152,-35.712344553235404],[149.861891424910141,-35.712324832234486],[149.861521577075621,-35.711509127196443],[149.861469720098825,-35.7113947471911],[149.861504061100987,-35.711337933193747],[149.861538393103189,-35.711281128196376],[149.861655398110571,-35.711088124205403],[149.862089359138281,-35.710370107238823],[149.863300273215259,-35.708369072332083],[149.865653104364867,-35.704480993513307],[149.865654099365116,-35.704477990513389],[149.866052077390208,-35.703821976544063],[149.866052078390226,-35.703821976544063],[149.871700724750042,-35.694484849979204],[149.875463579990225,-35.688262818269138],[149.880178379175618,-35.681340782638337],[149.880207584176759,-35.681297872640627],[149.890398126580095,-35.666323953438798],[149.890398127580085,-35.666323953438798],[149.89492000184282,-35.659049680788904],[149.904067086375107,-35.644334899497252],[149.90840435467436,-35.637006318830892],[149.912784066916316,-35.637611074221589],[149.915659074418699,-35.638007974478121],[149.915701814416281,-35.637976260481665],[149.915757812412892,-35.637936263486345],[149.915791812413886,-35.637889265489029],[149.915791813413847,-35.637889265489029],[149.915847810411293,-35.637843262493675],[149.915874801413224,-35.637797259495748],[149.915930798409846,-35.637757262500408],[149.915964799410659,-35.637711259503106],[149.916020796407423,-35.637670249507778],[149.916020797407441,-35.637670249507771],[149.916054797408265,-35.637624264510471],[149.916109790407461,-35.63756625851493],[149.91616578840339,-35.637531263519655],[149.916248776399726,-35.637462258526512],[149.916269788402559,-35.637416264528071],[149.916303788404178,-35.637364256530716],[149.916313775404916,-35.637347243531472],[149.91633078740611,-35.637318261532798],[149.9163307884061,-35.637318261532798],[149.916344785407404,-35.637292261533851],[149.916358782408679,-35.637266261534926],[149.916371779412628,-35.637221262535761],[149.916399783415187,-35.637169262537881],[149.91641278042087,-35.637111257538642],[149.916432779424554,-35.637060261540071],[149.916460773427872,-35.63700225554215],[149.916460774427861,-35.63700225554215],[149.916473780431971,-35.636956261542991],[149.91648677843591,-35.636911270543841],[149.916514772437779,-35.636864254545998],[149.916548772439285,-35.636813258548656],[149.91657676644266,-35.636755262550743],[149.916610767444269,-35.636703253553378],[149.916637766447622,-35.636646260555395],[149.916658768450475,-35.636600257556928],[149.916685777452415,-35.636554254559009],[149.916720763453071,-35.636508260561783],[149.916740761457646,-35.636450263563162],[149.916774762459966,-35.636393252565789],[149.916809757460669,-35.63634725856857],[149.91682975546442,-35.63629525856998],[149.916829756464409,-35.63629525856998],[149.916843250465377,-35.636272252571025],[149.916856746466351,-35.636249246572063],[149.916884749469602,-35.636192253574151],[149.916904748472575,-35.636146259575604],[149.916931747476724,-35.636083251577574],[149.916952749481197,-35.636025254579025],[149.916952750481158,-35.636025254579032],[149.916993750480941,-35.635979251582356],[149.916993751480931,-35.635979251582356],[149.9170147494807,-35.635956259584049],[149.917035747480526,-35.635933266585752],[149.91709074047813,-35.635887254590287],[149.917118744479893,-35.63584125159246],[149.917187739476191,-35.635788256598204],[149.917242733475234,-35.635731254602661],[149.917298731472016,-35.635690253607343],[149.917354729465615,-35.635673249612161],[149.917409731461078,-35.63564325561682],[149.917472730453568,-35.63562625162227],[149.917528728448104,-35.635602245627062],[149.917591718440576,-35.635585250632502],[149.917654725434005,-35.635561254637928],[149.917654726433994,-35.635561254637921],[149.917657110433709,-35.635560734638126],[149.917710723426893,-35.635549251642779],[149.917786720417553,-35.635531242649371],[149.918159271362583,-35.635510743682119],[149.918165708361556,-35.635511245682693],[149.918228706351925,-35.635510250688256],[149.91828470434325,-35.635510250693194],[149.918347702333648,-35.635509246698746],[149.918347703333637,-35.635509246698746],[149.918403700324177,-35.63551524470374],[149.918403701324195,-35.635515244703747],[149.918466699313115,-35.635525239709366],[149.918522697304439,-35.635525239714312],[149.918592697292951,-35.635530250720542],[149.918649699284117,-35.63553025072558],[149.91870569727638,-35.635523249730461],[149.918775705264096,-35.635534248736718],[149.918831685254787,-35.635539241741689],[149.918894693243573,-35.635550249747332],[149.918950691234897,-35.635550241752277],[149.919013690223665,-35.635561248757924],[149.919076688214062,-35.635560245763479],[149.919133690204575,-35.635565247768547],[149.919189688195132,-35.63557124477353],[149.919245686185775,-35.635576246778513],[149.919315686174258,-35.635581248784732],[149.91937168416564,-35.63558124878967],[149.919434682156776,-35.63557423979519],[149.919518675146179,-35.635556239802483],[149.919574673137532,-35.635556239807428],[149.919630670128981,-35.635555244812373],[149.919630671128999,-35.635555244812373],[149.919672672123312,-35.635549243816037],[149.919714672117578,-35.635543242819708],[149.919777670107806,-35.635543242825271],[149.919847670097113,-35.635542238831462],[149.919917670087074,-35.635536242837595],[149.919994661078363,-35.635512236844228],[149.920050659071279,-35.635500243849101],[149.920113658062348,-35.635494237854608],[149.920183657053883,-35.635476237860679],[149.920183658053872,-35.635476237860694],[149.920222154049441,-35.635464736864002],[149.920260649044991,-35.635453236867328],[149.92033065703427,-35.635452241873509],[149.920393665025358,-35.63544623587903],[149.920449645018266,-35.635434242883896],[149.92050565201049,-35.635427241888792],[149.920575651001258,-35.635415238894893],[149.920575652001276,-35.635415238894893],[149.920630644995839,-35.635392237899595],[149.9206306459958,-35.635392237899595],[149.920686642991797,-35.635357233904301],[149.920742640985367,-35.635340237909134],[149.920798638978312,-35.635328235914002],[149.920861636970955,-35.635310235919448],[149.920916639965469,-35.635287234924149],[149.920972637959977,-35.635263237928925],[149.921035636955537,-35.635223231934226],[149.921090630950999,-35.635193238938896],[149.921146627946854,-35.635159237943611],[149.921202625940566,-35.635141229948424],[149.921271621935318,-35.635100237954241],[149.921327628928907,-35.635083232959069],[149.921404619922441,-35.635042231965606],[149.921404620922402,-35.635042231965606],[149.921435621920352,-35.635021731968216],[149.921466623918263,-35.635001230970815],[149.921522620914914,-35.634961232975485],[149.921578618910843,-35.634926228980184],[149.921633612908465,-35.634880234984742],[149.921688615906163,-35.634833227989297],[149.921744613903599,-35.634787233993919],[149.921778604904461,-35.63474123099661],[149.921834602901214,-35.63470022900129],[149.921875603900958,-35.634654226004599],[149.921917599900524,-35.634608232008006],[149.921944598902485,-35.634562229010065],[149.92197960290315,-35.634516226012863],[149.921992600907231,-35.634470231013694],[149.922006593911163,-35.634424228014616],[149.922033592913067,-35.634378225016704],[149.922060591916448,-35.634321223018695],[149.922060592916438,-35.634321223018695],[149.922067592921451,-35.634275229019003],[149.922066588927692,-35.634229225018615],[149.922065593935429,-35.634172223018147],[149.922065593942307,-35.634120223017796],[149.922050587950594,-35.634075224016172],[149.922056593957251,-35.634018222016316],[149.922049601964432,-35.633972227015384],[149.922034577972823,-35.633926224013742],[149.922034577978934,-35.633880221013449],[149.922019589987229,-35.633835222011825],[149.92201858599347,-35.633789227011412],[149.92199059100389,-35.633743215008643],[149.921989587010017,-35.633698225008246],[149.92198258601718,-35.633652221007331],[149.921981582023449,-35.633606227006915],[149.92198058703039,-35.633555222006493],[149.921980587036472,-35.63350922800619],[149.921986584041633,-35.633463224006398],[149.921986583047698,-35.633417221006091],[149.922020584048539,-35.633371227008794],[149.922033581052631,-35.633325224009646],[149.922040582057491,-35.633280224009937],[149.922049582058122,-35.633265219010639],[149.92205957705761,-35.633257223011469],[149.922067581057433,-35.633249218012111],[149.922074582057689,-35.633239223012673],[149.922116578060354,-35.63317021801592],[149.922116579060344,-35.63317021801592],[149.922143577064503,-35.633107219017873],[149.92217057706722,-35.633055219019923],[149.922191499070067,-35.633009386021456],[149.922236802075929,-35.632912127024809],[149.922266571079746,-35.632848231027012],[149.922272568085617,-35.632797217027189],[149.922278565091574,-35.63274521702737],[149.922292566095507,-35.632699214028314],[149.922291562103226,-35.632642221027822],[149.922290567109485,-35.632596217027434],[149.922283566116562,-35.632551218026506],[149.922283567116523,-35.632551218026506],[149.922296564122206,-35.632493221027282],[149.922281558130493,-35.632448213025647],[149.922281558136575,-35.632402218025341],[149.922266561145818,-35.632350218023653],[149.922272558151633,-35.632299213023842],[149.922279559156635,-35.632253219024165],[149.922292556162972,-35.632190220024881],[149.922284561170301,-35.632144217023878],[149.922284560170311,-35.632144217023864],[149.922277560177349,-35.632099217022947],[149.92227755917736,-35.632099217022947],[149.922269554185505,-35.632047217021885],[149.92226255319332,-35.63199621202093],[149.922254557202933,-35.631933213019799],[149.922232551212431,-35.631887218017546],[149.922203552223664,-35.631836213014637],[149.922182558233658,-35.631785217012443],[149.92215355124506,-35.631733217009533],[149.922145555252257,-35.631688217008531],[149.922131553260499,-35.63164221400698],[149.922130549268218,-35.631585212006513],[149.922101550279478,-35.631534216003622],[149.92208054828879,-35.63148821300144],[149.922058550298317,-35.631442217999187],[149.922037556307544,-35.63139720999704],[149.922015550317695,-35.631346213994746],[149.92198655132907,-35.631294221991823],[149.921979550336147,-35.631249213990912],[149.921950552347511,-35.631197213988003],[149.921935555355759,-35.631152214986386],[149.921928554362978,-35.631106210985457],[149.921906548372476,-35.631060216983194],[149.921906547372487,-35.631060216983201],[149.921898551380423,-35.631009211982139],[149.921884549388722,-35.6309632179806],[149.9218555514,-35.630912211977716],[149.921833553410124,-35.630861215975415],[149.921805549420554,-35.630815212972642],[149.921783552429901,-35.630770213970386],[149.921754544440546,-35.630724209967518],[149.921726550450842,-35.630679210964736],[149.921704552460284,-35.630633216962494],[149.921690550468554,-35.630587212960947],[149.921668544477939,-35.630542213958705],[149.921639545488517,-35.630496210955826],[149.921618551500103,-35.630433211953559],[149.921589544511363,-35.63038221595064],[149.921581548518702,-35.630336211949626],[149.921567546527626,-35.630285215948057],[149.921566542533867,-35.630239212947657],[149.921551545543736,-35.630182210945939],[149.921551545550471,-35.630131214945614],[149.921550541556769,-35.630085210945204],[149.921535544565813,-35.630034214943535],[149.92154254557164,-35.629982214943801],[149.921541541578563,-35.629931209943379],[149.921540554584823,-35.629885223942999],[149.921540536591692,-35.629833214942643],[149.921553543596445,-35.62978220994345],[149.921552539602686,-35.629736206943043],[149.921573541607131,-35.629678200944504],[149.921573542607121,-35.629678200944511],[149.921579538612178,-35.629633210944732],[149.921585535618163,-35.629581209944917],[149.921585535624928,-35.629530213944577],[149.921591531630867,-35.629478213944751],[149.921598532635898,-35.629432210945055],[149.92159752864211,-35.629386207944663],[149.921603534647147,-35.629341207944897],[149.921610535652178,-35.629295204945208],[149.921616531658117,-35.629243204945382],[149.921622528664727,-35.62918621194553],[149.921629529669758,-35.629140207945845],[149.921628525676027,-35.629094204945439],[149.921635526681712,-35.629043217945721],[149.921635525681694,-35.629043217945721],[149.921627530689818,-35.628991208944669],[149.9216275296898,-35.628991208944669],[149.921626526695917,-35.628946209944274],[149.921626525695899,-35.628946209944274],[149.921612524704187,-35.628900205942728],[149.921597527712606,-35.628854202941092],[149.921582521721689,-35.628803206939423],[149.921561527731029,-35.628757203937255],[149.921546521740112,-35.62870620693559],[149.921517523750708,-35.628660203932732],[149.921503521758808,-35.62861520493118],[149.921467522771138,-35.628564208927664],[149.921445515782921,-35.62850120992529],[149.92141752179333,-35.628455196922516],[149.921417520793312,-35.628455196922516],[149.921395523803483,-35.628404209920234],[149.92137352581446,-35.628347207917898],[149.921352523823771,-35.628301204915729],[149.921352522823781,-35.628301204915729],[149.921341524828478,-35.628278705914624],[149.921330525833156,-35.62825620591348],[149.921301526844559,-35.628204213910571],[149.921266522855888,-35.628159205907188],[149.921258526863909,-35.628108209906138],[149.921229518874526,-35.62806220690328],[149.921201524885589,-35.628011210900446],[149.921179508897325,-35.627948211898079],[149.921143518908906,-35.627903202894615],[149.921114510920916,-35.627846209891651],[149.921121520927528,-35.627788203891889],[149.921120525933645,-35.627743204891502],[149.921113515940817,-35.627697210890581],[149.921098518950004,-35.6276452108889],[149.921062518961548,-35.627600210885412],[149.921033520973594,-35.627543208882464],[149.921012517982945,-35.62749720588031],[149.921004521990142,-35.62745220687929],[149.92098351999951,-35.627406203877143],[149.920982515005733,-35.62736020887673],[149.920982516005751,-35.62736020887673],[149.92098851201078,-35.627315218876973],[149.920995513015782,-35.627269206877266],[149.921015511019561,-35.62721720687869],[149.921015511027122,-35.627160204878308],[149.921015511027122,-35.627160203878312],[149.921007515034432,-35.627114200877294],[149.921006511040702,-35.627068206876892],[149.92100651104667,-35.627023207876597],[149.921005507052911,-35.626977203876201],[149.921005507059022,-35.626931200875902],[149.92097650906959,-35.626885206873013],[149.9209765080696,-35.626885206873013],[149.92094751008085,-35.626834201870103],[149.920919507091952,-35.626783205867298],[149.920919506091934,-35.626783205867305],[149.92091063009579,-35.626764641866394],[149.920897509101422,-35.626737201865041],[149.920875511110779,-35.626692202862806],[149.920847507121209,-35.626646208860024],[149.920839511128406,-35.626601209859011],[149.920817505137933,-35.626555206856757],[149.920789519148343,-35.626509202853988],[149.920753511160683,-35.626458206850458],[149.920745506168657,-35.62640720184941],[149.92074550617474,-35.626361207849101],[149.920744511181027,-35.626315204848702],[149.92074451118711,-35.626269191848387],[149.920743507194032,-35.626218204847959],[149.920714508204611,-35.626172201845094],[149.920707507212455,-35.626121205844129],[149.920685509221954,-35.626075202841882],[149.920677504229928,-35.626024214840818],[149.920670503237119,-35.625978202839896],[149.920662516244306,-35.625933203838891],[149.920641505253656,-35.625887209836726],[149.920612506264234,-35.625841205833858],[149.920590500273619,-35.625796206831616],[149.920569506282931,-35.625750203829462],[149.920547500292344,-35.625705204827206],[149.920547499292354,-35.625705204827206],[149.920540499299506,-35.625659201826267],[149.920540498299516,-35.625659201826274],[149.920529500304212,-35.625636204825156],[149.920518501309004,-35.625613206824021],[149.920503504318106,-35.625562201822362],[149.920496503325268,-35.625516207821413],[149.920495499331508,-35.625470204821035],[149.920480502339785,-35.625425204819408],[149.920466500348056,-35.625379201817864],[149.920451503357896,-35.625322208816158],[149.920437502366184,-35.625276205814608],[149.920437501366223,-35.6252762058146],[149.920450499370133,-35.625231206815457],[149.920421501381526,-35.625179206812547],[149.92039349739261,-35.625128201809723],[149.920385501399949,-35.625082206808713],[149.92036349441085,-35.625025204806377],[149.920356493418694,-35.624974208805419],[149.920334496428893,-35.624923203803142],[149.920334495428875,-35.624923203803135],[149.920305497439472,-35.624877200800263],[149.920277494449891,-35.624831206797488],[149.920277493449873,-35.624831206797488],[149.920262989455154,-35.624808706796045],[149.920248486460338,-35.624786207794621],[149.920219496470907,-35.624740204791742],[149.920198493480939,-35.624689207789544],[149.920169495492189,-35.624638202786656],[149.920169494492171,-35.624638202786656],[149.920147497501659,-35.624592208784392],[149.92014749650167,-35.624592208784392],[149.920136995506283,-35.624569704783333],[149.920126494510868,-35.624547200782239],[149.920097495522242,-35.624495209779333],[149.920068505532697,-35.624450210776473],[149.920047494542018,-35.624404207774305],[149.920047493542057,-35.624404207774305],[149.920046489551993,-35.624330209773717],[149.92003849355936,-35.62428419777271],[149.92002449156746,-35.624239207771161],[149.920002494576948,-35.624193204768915],[149.920002493576959,-35.624193204768915],[149.919987487586013,-35.624142208767253],[149.919980486593204,-35.624096204766317],[149.919979491599463,-35.624050210765922],[149.919971486608262,-35.62399320876483],[149.91998548761299,-35.623941208765714],[149.919998485617072,-35.623895205766551],[149.920005485622738,-35.623844218766841],[149.920005486622756,-35.623844218766841],[149.920008484625299,-35.623821212766941],[149.920011482627899,-35.623798206767049],[149.920010478634794,-35.623747210766624],[149.920010478641672,-35.623695209766282],[149.920010477641682,-35.623695209766282],[149.920009483647931,-35.62364921576588],[149.920009482647913,-35.62364921576588],[149.920001477655148,-35.62360420776487],[149.920001477661259,-35.623558204764549],[149.919979470670739,-35.623512201762303],[149.920000472674246,-35.623461205763817],[149.920000473674236,-35.623461205763817],[149.920001476675992,-35.623447203763817],[149.920003475678953,-35.623422202763827],[149.920084472704843,-35.623132199769024],[149.920283452706144,-35.622890198784972],[149.920283453706134,-35.62289019878498],[149.920568451694493,-35.622645194808506],[149.920884438697414,-35.622254193833783],[149.921117427703763,-35.621934188852215],[149.92144940669445,-35.621617185879416],[149.921705397695121,-35.621313180899968],[149.921940386694388,-35.621044179918925],[149.921995378714229,-35.620830181922351],[149.921953380772152,-35.62044217591604],[149.921953369824479,-35.620047177913371],[149.92194536288028,-35.619635175909892],[149.921958357932056,-35.619229169908323],[149.921981348974072,-35.618885176908037],[149.921997348014145,-35.618564176907292],[149.922078336036719,-35.618299173912682],[149.922243325048157,-35.618020169925366],[149.922437313054445,-35.617746166940663],[149.92258331606115,-35.617525168952078],[149.922784305063971,-35.617269165968111],[149.923029298053535,-35.61706215998835],[149.923388285043046,-35.616722155017783],[149.923741266028998,-35.616416151046906],[149.924073254018992,-35.616104150074143],[149.924283251012213,-35.615910141091383],[149.924529238999213,-35.615721135111855],[149.924851232976977,-35.615513134138894],[149.925132224956428,-35.615340129162554],[149.925370216944543,-35.615152126182316],[149.925816199908951,-35.614900121220018],[149.92618119287863,-35.614703118250937],[149.926530176853134,-35.614488116280334],[149.926797167834621,-35.614316106302759],[149.92708415681625,-35.614120108326787],[149.927377151803,-35.613878097351069],[149.927701152773579,-35.613722096378631],[149.927701153773569,-35.613722096378631],[149.927852139760944,-35.613641094391426],[149.928003130748323,-35.613560089404231],[149.928236129730578,-35.613422088423874],[149.928396118713152,-35.613367085437645],[149.928680113681509,-35.613274083462116],[149.928680114681555,-35.613274083462116],[149.929151106629149,-35.613120080502696],[149.92935209660638,-35.613057072520036],[149.929429096595157,-35.61305207952681],[149.929485094587278,-35.613046073531706],[149.929555094575647,-35.61305207053794],[149.929625093564709,-35.613053064544125],[149.929625094564727,-35.613053064544125],[149.929709085553185,-35.613042074551466],[149.929779085546869,-35.613008074557428],[149.929857089535432,-35.613003072564297],[149.929913087529854,-35.612980070569094],[149.929976086523027,-35.612958072574514],[149.930046085512174,-35.612958063580663],[149.930137078499627,-35.612947064588653],[149.930200077490497,-35.612942062594193],[149.930257079482516,-35.612936066599183],[149.930341071472412,-35.612914068606457],[149.930439074460196,-35.612892061614964],[149.930516074451987,-35.612864076621577],[149.930601071441885,-35.612841065628935],[149.930657068435465,-35.61282406063377],[149.930657069435483,-35.612824060633777],[149.930695569430583,-35.612816060637115],[149.930734069425711,-35.612808060640475],[149.930818061414982,-35.612791064647766],[149.930896065405932,-35.612768062654503],[149.930959064399133,-35.61274605665993],[149.931029054392013,-35.61271806166593],[149.93110605538314,-35.612695059672575],[149.931191060375198,-35.612656057679828],[149.93126105036805,-35.612628054685814],[149.931261051368068,-35.612628054685814],[149.931317048361649,-35.612611058690653],[149.931423047350592,-35.612571052699757],[149.931507057339047,-35.612560053707107],[149.931584049327824,-35.612555051713869],[149.931661040318801,-35.61253305372054],[149.931739044309012,-35.612516048727315],[149.93183003730249,-35.612459046734962],[149.931901041296044,-35.612425046741016],[149.93196403929079,-35.612391045746342],[149.932027038284758,-35.612363042751738],[149.932105033282483,-35.612289044758121],[149.932175032274614,-35.612267047764163],[149.932253028266359,-35.612238048770863],[149.932316035260328,-35.612210045776251],[149.932400027251873,-35.612176044783432],[149.93247102224538,-35.612142044789479],[149.932527019238194,-35.612131045794357],[149.932527020238211,-35.612131045794357],[149.932583017231792,-35.612114040799192],[149.932583018231782,-35.612114040799192],[149.932681020219519,-35.612092042807703],[149.932822014199104,-35.612082039820095],[149.932934010186273,-35.612048047829767],[149.932997009180241,-35.612020035835137],[149.933068012173777,-35.611986034841195],[149.933138002168221,-35.611946037847098],[149.933194009162605,-35.611923035851909],[149.933251002156709,-35.611901029856789],[149.933356006145004,-35.611867028865831],[149.933446999133821,-35.61184503187372],[149.933504000128096,-35.61182202987861],[149.933504001128085,-35.611822029878617],[149.933559998122348,-35.611800031883419],[149.933630007113806,-35.611783027889487],[149.933692996107709,-35.61175503289487],[149.933748994099886,-35.611749026899773],[149.933826989090761,-35.611727029906518],[149.93391099108149,-35.611699016913754],[149.93398099007436,-35.61167102191974],[149.934037983067128,-35.611659028924706],[149.934100981060311,-35.611637030930119],[149.934100982060301,-35.611637030930119],[149.934170981053995,-35.611603021936084],[149.934241984048327,-35.611563023942082],[149.934325976042089,-35.611512018949178],[149.93440397103825,-35.611450023955648],[149.93447397103418,-35.611399018961492],[149.934565967028277,-35.611336019969194],[149.934628966023723,-35.611297017974501],[149.934692977019921,-35.61125101497985],[149.93475596701694,-35.611200017985084],[149.934819960013812,-35.611149012990388],[149.934819961013829,-35.611149012990396],[149.93497495600721,-35.611018014003207],[149.935024956006259,-35.61096701700729],[149.935073953005428,-35.610916021011285],[149.935116953005576,-35.610865016014735],[149.935137955009168,-35.610813016016237],[149.935131949019933,-35.610739009015198],[149.935131948028271,-35.610676011014789],[149.935118950039424,-35.610607015013173],[149.935097948048792,-35.610561012011004],[149.935097947048803,-35.610561012011004],[149.935063947061593,-35.610504010007617],[149.935014950076066,-35.610452009002941],[149.934966947092619,-35.610383013998231],[149.934952945102339,-35.610326011996612],[149.934890950121854,-35.610251009990627],[149.934862946135354,-35.610182013987689],[149.934835947146411,-35.61013001398495],[149.934835946146393,-35.61013001398495],[149.93480094215937,-35.610073011981484],[149.934752948176765,-35.609998009976721],[149.934717944189032,-35.609946009973292],[149.934669942203186,-35.609895013968703],[149.934669941203197,-35.609895013968703],[149.934600954225402,-35.60980800996203],[149.934530945246024,-35.609734011955339],[149.934475941263003,-35.609670017950059],[149.934440946277562,-35.609601012946491],[149.934440945277572,-35.609601012946491],[149.934413945291539,-35.609527015943613],[149.934385942305056,-35.609458010940664],[149.93438594130501,-35.609458010940664],[149.934372943313946,-35.609406010939161],[149.934352953326027,-35.609338018936946],[149.934345943334023,-35.609286018935983],[149.934318943346511,-35.609223010933171],[149.934290940360768,-35.609148017930202],[149.934290939360778,-35.609148017930195],[149.934270940371448,-35.609091015928037],[149.934249937381566,-35.609039015925838],[149.934236939395618,-35.608948013924085],[149.934233438399644,-35.608922013923596],[149.934229937403614,-35.608896013923108],[149.934229938403604,-35.608896013923108],[149.934237436405851,-35.608870515923591],[149.934244934408071,-35.608845017924089],[149.934244933415613,-35.608788015923707],[149.934259929424684,-35.60870201492444],[149.934260933430636,-35.608656011924232],[149.934260933436718,-35.608610017923922],[149.934267933443209,-35.608553015924166],[149.934275928448727,-35.608502010924525],[149.934275929448717,-35.608502010924525],[149.934275928455605,-35.60845001092418],[149.934283923461948,-35.608393008924487],[149.934283924461937,-35.608393008924487],[149.934290924463909,-35.608370011924968],[149.93429792546587,-35.608347013925425],[149.9343129214719,-35.608284023926338],[149.934326922477283,-35.608227012927188],[149.934355920481778,-35.608159012929292],[149.934363915490536,-35.608084010929488],[149.934377917494317,-35.608039011930423],[149.934385921499967,-35.607987011930788],[149.934371919508237,-35.607941007929234],[149.93433691552039,-35.607890011925797],[149.934316907531155,-35.607832005923648],[149.934288912542257,-35.607781009920821],[149.93424791955627,-35.607723012916814],[149.93421991556977,-35.607654007913872],[149.934206917579303,-35.607597005912346],[149.934178913590557,-35.607545005909522],[149.934172916597561,-35.607499011908679],[149.934172915603511,-35.607454012908384],[149.934172916603501,-35.607454012908384],[149.934173910611719,-35.607391004908045],[149.934173909620057,-35.607328005907618],[149.934173910620046,-35.607328005907618],[149.934174913629846,-35.607253003907211],[149.934161906640867,-35.607185003905599],[149.934168906645908,-35.607139008905911],[149.93416890665344,-35.607082006905536],[149.934176910663581,-35.606996006905653],[149.934184905668445,-35.606950003906043],[149.934184906668463,-35.606950003906043],[149.934177904675607,-35.606904008905126],[149.934171907685567,-35.606836008904132],[149.934150904695713,-35.606784008901933],[149.934123904712067,-35.606692001898935],[149.934116903720678,-35.606635008897932],[149.934116902720689,-35.606635008897932],[149.934099902726388,-35.606612007896281],[149.934082902732058,-35.606589005894612],[149.934048901750288,-35.606491002890962],[149.934027897762519,-35.606423001888636],[149.934007899773974,-35.606360002886447],[149.934007898773984,-35.606360002886447],[149.933994909786747,-35.606279003884765],[149.933994908800372,-35.606176007884059],[149.934002895805918,-35.606125002884419],[149.934009895811727,-35.606073002884692],[149.934031892816563,-35.606011007886217],[149.934053889823701,-35.605931004887616],[149.934053889823701,-35.605931003887626],[149.934046888833137,-35.605868005886592],[149.934033890842841,-35.605809999885054],[149.934019888851111,-35.605764013883508],[149.933992887865116,-35.605690007880604],[149.933978885876371,-35.605621002878912],[149.933972888884057,-35.60556999787805],[149.9339528899024,-35.605454998875516],[149.933952888902411,-35.605454998875516],[149.933931885913239,-35.605398005873269],[149.933911887925433,-35.605329000871045],[149.933911886925443,-35.605329000871045],[149.933904885932634,-35.605282997870113],[149.933898879941125,-35.605226004869188],[149.933891887948278,-35.605180001868263],[149.933878879962492,-35.605088003866506],[149.933872882970974,-35.605031001865584],[149.933865881978136,-35.604984998864666],[149.933873876985928,-35.604916997864912],[149.933873875992788,-35.604864997864553],[149.933867879002094,-35.604801998863621],[149.933860878010734,-35.604744996862607],[149.933819876025353,-35.604681997858556],[149.933798873036977,-35.604618998856282],[149.933771873048045,-35.604566998853542],[149.93376587605033,-35.604556994852942],[149.933729876065911,-35.604480998849247],[149.933702876077007,-35.604428998846522],[149.933674873090467,-35.60436000284357],[149.933674872090478,-35.604360002843578],[149.933661373095617,-35.604337001842225],[149.933647873100767,-35.604313999840883],[149.9336198781142,-35.604244994837941],[149.933592869124482,-35.604199000835251],[149.933537874148897,-35.604078999829589],[149.933516871158247,-35.604032996827407],[149.933496872170451,-35.603964000825194],[149.933462880187108,-35.603877999821599],[149.933441868196439,-35.60383199681943],[149.933420874208053,-35.603768997817156],[149.933393874218979,-35.603718001814428],[149.933379872228016,-35.603666001812854],[149.93335932323987,-35.603600549810594],[149.933352872243631,-35.603580001809881],[149.933352872243631,-35.603580000809878],[149.933345725247335,-35.603560147809112],[149.933325872257711,-35.603504999806994],[149.933315370263472,-35.603473504805848],[149.933304869269307,-35.603442009804724],[149.933304868269317,-35.603442009804724],[149.933284869282971,-35.603361996802413],[149.933264870295886,-35.603287999800138],[149.933243867310523,-35.603201998797708],[149.933230859323942,-35.603115998795971],[149.933217861332025,-35.603069994794517],[149.933203859346378,-35.602977997792671],[149.933197862354859,-35.602920995791763],[149.93319786135487,-35.602920995791749],[149.933198856369955,-35.602805996791069],[149.933199868384889,-35.602691992790398],[149.933199868390972,-35.602645998790088],[149.933199867390982,-35.602645998790088],[149.933193861402515,-35.602565994789018],[149.933214854406032,-35.602514998790525],[149.933243852409106,-35.602457996792715],[149.933265849422384,-35.602331989793804],[149.933280845428442,-35.602268999794717],[149.93328084443533,-35.602216990794346],[149.933288849442391,-35.602153991794644],[149.933302850446239,-35.602108992795586],[149.933317856450003,-35.6020629897966],[149.933324847456475,-35.602005978796832],[149.933339843461056,-35.601953987797806],[149.933353845466456,-35.601896994798658],[149.933375841475112,-35.601805991799999],[149.933438831471449,-35.601759988805249],[149.933460837476247,-35.601697984806783],[149.933496836479037,-35.60163498580954],[149.933524830484544,-35.601560988811514],[149.933546836490251,-35.601491992812988],[149.933567829493114,-35.601445989814536],[149.933610829497724,-35.601360983817763],[149.933639827500826,-35.601303981819939],[149.933660829505129,-35.601246979821418],[149.933731823509248,-35.601132984826933],[149.933767821511992,-35.601069985829682],[149.933795806514439,-35.601018980831832],[149.933795807514457,-35.601018980831832],[149.93383181451577,-35.600966980834649],[149.933859817517401,-35.600921981836819],[149.933859818517419,-35.600921981836819],[149.933874317518615,-35.600895981837915],[149.93388881651984,-35.600869981839033],[149.933909818524114,-35.600812979840505],[149.933945817526137,-35.600755977843299],[149.93397381152775,-35.600710977845473],[149.934009810529091,-35.600658977848305],[149.934051805531595,-35.60059097785156],[149.934087804532936,-35.600538976854395],[149.934087805532954,-35.600538976854395],[149.934103487536646,-35.600492655855476],[149.934108797537903,-35.600476973855841],[149.934130804541354,-35.600424972857425],[149.934179800539766,-35.600379973861465],[149.934201797543267,-35.600327973863052],[149.934250803544728,-35.60025997286693],[149.934279801549366,-35.600190976869023],[149.934308799552412,-35.600133974871198],[149.934336793554081,-35.600088975873376],[149.934393794555831,-35.600008972877873],[149.934443795559531,-35.599922962881713],[149.934478789566185,-35.5998319698842],[149.934493786572176,-35.599768970885101],[149.934529785574227,-35.599711968887895],[149.934557788577393,-35.599654966889986],[149.934593786581672,-35.599580968892674],[149.934621780585672,-35.59951796989472],[149.934621781585662,-35.599517969894713],[149.934692783584495,-35.599443962900502],[149.934714781587871,-35.599392966902101],[149.93472877359261,-35.59934097590299],[149.93474377859863,-35.599277967903888],[149.93474377959862,-35.599277967903888],[149.934747278601037,-35.599255463904051],[149.93475077960349,-35.599232959904221],[149.934769280615797,-35.599118462905061],[149.934787780628113,-35.599003965905929],[149.934787781628103,-35.599003965905929],[149.9347957676367,-35.598929958906147],[149.934795767645056,-35.598866960905724],[149.934795766645038,-35.598866959905727],[149.934800031648393,-35.5988365899059],[149.93480377165136,-35.598809957906049],[149.934810010657259,-35.598758200906261],[149.934810762657918,-35.598751961906281],[149.934810762657946,-35.598751960906284],[149.934832768662915,-35.598688962907801],[149.934861766667439,-35.598620961909901],[149.934903762671524,-35.598540957913073],[149.934953762673643,-35.598466959916991],[149.934975759679361,-35.598397955918479],[149.934996753683635,-35.598340953919966],[149.935032751690983,-35.59824395392247],[149.935061749694057,-35.598186951924653],[149.935090747706226,-35.598060953926378],[149.935118750708682,-35.598009957928511],[149.935154748717423,-35.597901941930964],[149.935176745723936,-35.597826949932404],[149.935176746723982,-35.597826949932404],[149.935197747728267,-35.597769956933881],[149.935212753734277,-35.597706957934776],[149.935248742741578,-35.597609948937311],[149.93527774974612,-35.597541948939416],[149.93531273575212,-35.597455947941931],[149.935348734753262,-35.59740495194476],[149.935384733758298,-35.597324947947406],[149.935412736760895,-35.597272947949534],[149.93544873576289,-35.597215945952335],[149.935523726775784,-35.597030946957723],[149.935579723785935,-35.59688894896172],[149.935774713808797,-35.596488939976261],[149.935975700838185,-35.596032941990963],[149.93611569786637,-35.595656938000815],[149.936260686901335,-35.595223933010715],[149.936334682926457,-35.594947932015394],[149.936314682952201,-35.594776926012486],[149.936294674977944,-35.594605929009553],[149.936345678988488,-35.594466924013133],[149.936343176997212,-35.594403925012493],[149.936340677005973,-35.594340926011853],[149.936340676005955,-35.594340926011846],[149.93631667002316,-35.59423892500903],[149.936171668062542,-35.594110927995366],[149.93604166309666,-35.594004928983168],[149.93592267413743,-35.593835930971508],[149.935747678190438,-35.593639923954726],[149.935548676258406,-35.593358929935249],[149.935371672315426,-35.593134928918104],[149.935259675359731,-35.592930926906824],[149.935145670407309,-35.59270492689523],[149.935074675447538,-35.592483928887475],[149.935074674447549,-35.592483928887475],[149.934973667499321,-35.592210929876707],[149.934905664552758,-35.591886917868521],[149.934818667602343,-35.591613928859005],[149.934775657639079,-35.591386924853687],[149.934669657683258,-35.591176924842898],[149.934556656730649,-35.590950924831404],[149.934441655782848,-35.590690924819476],[149.934351656820752,-35.590509923810302],[149.934267654857678,-35.590328922801667],[149.934132655912208,-35.590074927788031],[149.934036650960536,-35.589821928777845],[149.934036649960547,-35.589821928777845],[149.934024651965586,-35.58979792777663],[149.934012653970598,-35.589773926775393],[149.933994653979596,-35.589726927773498],[149.933974654989441,-35.589675922771406],[149.933961657001419,-35.589600921769723],[149.933940654012986,-35.58953792276747],[149.933913654024025,-35.589485922764709],[149.933885651036718,-35.589422923761823],[149.9338856500367,-35.589422923761823],[149.933830656052749,-35.589365921756574],[149.933774649069733,-35.589302922751202],[149.93375465008279,-35.589227920748932],[149.933726655093182,-35.58918192674615],[149.9336996461073,-35.589106924743263],[149.93368565311701,-35.589049922741637],[149.933665645129224,-35.588980926739403],[149.933658653137059,-35.588929930738445],[149.933631644151177,-35.588854920735557],[149.933603649163047,-35.588797927732699],[149.93358365017383,-35.58873992173055],[149.933577644183117,-35.588676922729576],[149.933570643190109,-35.588631923728677],[149.933549649201069,-35.588573926726419],[149.933536642212886,-35.588499919724754],[149.933530636221349,-35.588442926723864],[149.933502641234128,-35.588378923720953],[149.933482642243206,-35.588333924718889],[149.933475641254233,-35.588258922717756],[149.933462634263094,-35.588206922716267],[149.933455641270939,-35.588155917715305],[149.933435643283161,-35.588086921713071],[149.933435642283172,-35.588086921713071],[149.933421641290636,-35.588046919711559],[149.933407639298082,-35.588006917710054],[149.933380639309945,-35.587948920707277],[149.933338634323178,-35.587897924703228],[149.933338633323189,-35.587897924703228],[149.933311642338765,-35.587811924700262],[149.933284643350618,-35.587753918697487],[149.933270632361115,-35.587690919695838],[149.933250642370922,-35.587639923693729],[149.933229639381096,-35.587587923691522],[149.933160643400072,-35.587524924684999],[149.933132639410502,-35.587478921682205],[149.933097634422012,-35.587432917678797],[149.933049641437094,-35.587374920674172],[149.932979641453215,-35.587334923667719],[149.932938640468024,-35.587270920663677],[149.932882641483417,-35.587219924658378],[149.932792643504996,-35.587161927650037],[149.932729644523079,-35.587098919644042],[149.932673646536358,-35.587063924638848],[149.932673645536369,-35.587063924638848],[149.932625644550654,-35.587011924634261],[149.932625643550665,-35.587011924634261],[149.932569645566218,-35.586959924628978],[149.932493639584834,-35.586907923621915],[149.932444642600757,-35.58684492561715],[149.932396640615053,-35.58679292461256],[149.932396639615035,-35.58679292461256],[149.932347642631754,-35.586723929607764],[149.932292639648608,-35.58666093060247],[149.932222648668528,-35.586591925595826],[149.932188647680675,-35.586539925592483],[149.932132640692373,-35.586516923587382],[149.932076642707102,-35.586470929582113],[149.932014647728067,-35.586384929576063],[149.932014646728078,-35.586384929576063],[149.931952642745301,-35.586326923570191],[149.931903645762048,-35.586257927565406],[149.931876654772282,-35.586211924562711],[149.931764649803398,-35.586107923552106],[149.93170964581941,-35.586050930546868],[149.93165364783718,-35.585981935541447],[149.931619638849355,-35.585929925538089],[149.931584642860827,-35.585883931534703],[149.931543649875522,-35.585820932530652],[149.93150164489191,-35.585745931526432],[149.931474644902181,-35.585699927523741],[149.931439657915149,-35.585642925520261],[149.93141264992542,-35.585596931517571],[149.931405648932554,-35.585550928516639],[149.931399641942647,-35.585481932515641],[149.931385639951543,-35.585430927514061],[149.93137264296189,-35.58536792851249],[149.9313726419619,-35.58536792851249],[149.93134464797393,-35.58530993150962],[149.931317638986428,-35.585246923506823],[149.931289643998298,-35.585189930503965],[149.931262645008559,-35.585143927501264],[149.931262644008569,-35.585143927501271],[149.931248643014897,-35.585112432499834],[149.931234641021234,-35.585080937498368],[149.931207641031506,-35.585034925495677],[149.931172645044597,-35.584976928492196],[149.931138645057359,-35.584919926488801],[149.931110641070859,-35.584850930485864],[149.931090642080022,-35.584804927483788],[149.931069639092414,-35.584735931481468],[149.931035639106,-35.584672923478038],[149.931035638105982,-35.584672923478038],[149.931021641111499,-35.584647425476632],[149.931007644117074,-35.584621927475219],[149.930994637125963,-35.584569936473727],[149.930966638135232,-35.584532430471],[149.930938639144529,-35.584494925468285],[149.930938638144539,-35.584494925468285],[149.930918138151895,-35.58446342646625],[149.930897637159205,-35.584431926464227],[149.930848630174467,-35.58437392945951],[149.930814639188725,-35.58430592945605],[149.930793636198047,-35.584259925453885],[149.930773637212553,-35.58417391645154],[149.930767640224047,-35.584093930450464],[149.930767639224058,-35.584093930450457],[149.930760639231238,-35.584047927449539],[149.930760638231249,-35.584047927449539],[149.93075463224514,-35.583949924448341],[149.930755636253991,-35.583881923447983],[149.930763631266416,-35.583778927448002],[149.930756630273578,-35.583732924447062],[149.930756630273578,-35.583732923447073],[149.930757634280951,-35.58367592244678],[149.930764634285964,-35.583629927447085],[149.930765629294939,-35.583560923446711],[149.930758628307416,-35.583474922445511],[149.930766632314516,-35.583411923445787],[149.930774619323074,-35.583337916446006],[149.930767627333978,-35.583263928444893],[149.930767626333989,-35.583263928444886],[149.930761629344033,-35.583194923443891],[149.930747627353753,-35.583137921442272],[149.930734629363428,-35.583079924440739],[149.930714621375671,-35.5830109194385],[149.930707620384311,-35.5829539174375],[149.93069462239464,-35.582890918435943],[149.930687621404843,-35.582821922434846],[149.930667622419975,-35.582730920432475],[149.930654624432691,-35.582649921430786],[149.930654623432702,-35.582649921430786],[149.93064412243811,-35.58262142042966],[149.930633621443491,-35.582592919428542],[149.930613622453336,-35.582541923426433],[149.930606621460498,-35.582495911425497],[149.930593623470855,-35.58243292142393],[149.930593622470838,-35.582432921423937],[149.930579621477591,-35.582398423422447],[149.930565619484327,-35.582363925421006],[149.930538619496843,-35.582300926418178],[149.930517616506961,-35.582248917415967],[149.930497618516938,-35.582196917413867],[149.930497617516949,-35.582196917413867],[149.930470617532478,-35.582110917410894],[149.930456615540606,-35.582065917409352],[149.930436617552829,-35.581996922407136],[149.930436616552839,-35.581996922407136],[149.930422614561877,-35.581944921405551],[149.930408612570147,-35.581898918403986],[149.930388614583023,-35.581824921401726],[149.930388613583034,-35.581824921401726],[149.930375114589708,-35.581790419400299],[149.930361614596364,-35.581755916398876],[149.930340611608727,-35.581686920396557],[149.930334614615731,-35.581640917395717],[149.930306610628378,-35.581577918392817],[149.93028661163757,-35.581531924390752],[149.930258616650235,-35.581468916387848],[149.93023161666278,-35.581405917385048],[149.930203613674621,-35.581348924382183],[149.93016261168944,-35.581284921378128],[149.930100616715691,-35.581158923371802],[149.930045612735569,-35.581072923366357],[149.930003625750402,-35.58100992436222],[149.929962614764406,-35.580951918358217],[149.929927610777384,-35.580894916354751],[149.929886608792827,-35.580825920350655],[149.929858614804033,-35.580773920347831],[149.929824613815413,-35.580727917344518],[149.929789609830578,-35.580653919340925],[149.929789608830589,-35.580653919340925],[149.92964561088715,-35.580394923326459],[149.929596613904607,-35.580319922321635],[149.929576614915248,-35.580262920319477],[149.92955561192457,-35.580216926317327],[149.929528611940157,-35.580130925314343],[149.929507608950104,-35.580079920312158],[149.929494610958187,-35.580033917310693],[149.929459606972756,-35.579964921307131],[149.929432606984619,-35.579906925304371],[149.92939761099916,-35.579837920300804],[149.92937761200821,-35.579792912298736],[149.929356619018336,-35.579740921296533],[149.929336611033591,-35.579648924294148],[149.929309611044516,-35.579597910291419],[149.929288599056889,-35.579528923289104],[149.929275610069482,-35.579448920287419],[149.929254607081845,-35.579379924285092],[149.929227607096777,-35.579298926282156],[149.929193607112609,-35.579218922278628],[149.929193606112619,-35.579218922278628],[149.929179605123124,-35.57915592327695],[149.929179604123135,-35.579155923276957],[149.92916660613426,-35.579086928275345],[149.929139607149779,-35.579000919272382],[149.929139606149789,-35.579000919272374],[149.929132606156969,-35.57895492427145],[149.92913260515698,-35.57895492427145],[149.929105605173191,-35.578863922268468],[149.929092598185804,-35.578783919266769],[149.929071605197493,-35.578719925264473],[149.929071604197503,-35.57871992526448],[149.929065101201473,-35.578697426263759],[149.929058598205501,-35.578674926263041],[149.929023602220781,-35.57859992425945],[149.929017596227823,-35.578553921258596],[149.92899059624483,-35.578456922255555],[149.928983595254266,-35.578393923254509],[149.928977095262468,-35.578339422253585],[149.928970597270677,-35.578284922252642],[149.928970596270688,-35.578284922252642],[149.928971581277324,-35.578233906252386],[149.928964599284598,-35.578186918251447],[149.928965594292009,-35.578129934251152],[149.928958593303634,-35.578049913249998],[149.928952595312154,-35.577992920249081],[149.928952595318236,-35.577946926248764],[149.928946589328262,-35.577877921247783],[149.928954584338413,-35.577791921247915],[149.928954584344382,-35.577746922247613],[149.928955588351897,-35.577688925247315],[149.928970584369978,-35.577534924247587],[149.928977584377208,-35.577471925247792],[149.928977585377254,-35.577471925247792],[149.928978588383842,-35.577420920247519],[149.92897858938386,-35.577420920247519],[149.929000585389588,-35.577351924249015],[149.929007577394572,-35.577305921249327],[149.929022582399796,-35.577248919250273],[149.929022583399814,-35.577248919250266],[149.929029583409289,-35.577168924250344],[149.929065582415149,-35.577082924252956],[149.929087579419303,-35.577025922254506],[149.929101571426912,-35.576951924255248],[149.929130569430015,-35.576894913257426],[149.929130570430033,-35.576894913257433],[149.929141071432952,-35.576860415258132],[149.92915157243587,-35.576825918258827],[149.929173569441502,-35.576757917260302],[149.92921656944705,-35.576665919263476],[149.929230570450812,-35.576620920264425],[149.929280562451453,-35.57655792126841],[149.929315566454392,-35.576494913271091],[149.929365566452645,-35.576449914275187],[149.929401556459908,-35.576352915277724],[149.929429550464732,-35.576283919279724],[149.929451557468866,-35.576226917281282],[149.929480555474186,-35.576152910283355],[149.929487555479199,-35.576106916283671],[149.929509553484138,-35.576043917285183],[149.929531550495057,-35.575935910286404],[149.929552552502372,-35.575855916287729],[149.929574549508118,-35.575786902289209],[149.929596546516137,-35.575700910290564],[149.929603547522589,-35.575643909290804],[149.929618543526374,-35.575597905291822],[149.929625544534275,-35.57552990529198],[149.929647541543062,-35.575437916293311],[149.929676539545341,-35.575386911295524],[149.929704542547768,-35.575335915297643],[149.929733531550823,-35.575278922299844],[149.929754533558167,-35.575198909301143],[149.929783523563628,-35.575123908303212],[149.929784535571031,-35.575066906302922],[149.929784535579387,-35.575003898302491],[149.929813533580841,-35.574958908304751],[149.929834526586745,-35.574889912306141],[149.929863524589791,-35.574832910308331],[149.929891528592236,-35.574781905310459],[149.929927526597254,-35.574701910313088],[149.929963526600829,-35.574632906315813],[149.92996352560084,-35.574632905315816],[149.92999151960484,-35.574569907317859],[149.930034528610236,-35.574478904321047],[149.930120519619607,-35.574307907327501],[149.930155505624782,-35.574227904330051],[149.930170510628614,-35.574181901331059],[149.930198513633258,-35.574113909333086],[149.930241513636389,-35.574039903336391],[149.930249508642078,-35.573987902336746],[149.930277503646096,-35.573924904338789],[149.930299509653281,-35.573844900340198],[149.930306500660521,-35.573781901340389],[149.930328507664683,-35.573724899341954],[149.930335507670321,-35.573673903342232],[149.930350504674919,-35.573621903343209],[149.930350503683286,-35.573558905342786],[149.930350504683275,-35.573558905342779],[149.930351498690641,-35.573501903342475],[149.930366494701161,-35.573404903343167],[149.930512740706348,-35.573195263354677],[149.930639884716271,-35.572972060364414],[149.930745810730656,-35.572739812372205],[149.930828474749262,-35.572503074377906],[149.930885833771697,-35.572266362381392],[149.930907714784865,-35.572141494382493],[149.930925121798907,-35.57201498538317],[149.930925122798897,-35.57201498538317],[149.930935142814207,-35.571888091383215],[149.930934846830922,-35.571762085382332],[149.930921283849415,-35.571638220380308],[149.930879456875601,-35.571488979375587],[149.93081314190519,-35.571342544368754],[149.930813140905201,-35.571342544368754],[149.930732724936775,-35.571197740360681],[149.930648578968857,-35.571053420352285],[149.930571076000035,-35.570908409344447],[149.93050696502641,-35.570783882337956],[149.930439376053243,-35.570660125331145],[149.930373231079898,-35.570536082324459],[149.93031341410574,-35.57041069431834],[149.930264820130162,-35.570282903313192],[149.930264819130144,-35.570282903313185],[149.930224535159709,-35.570106367308433],[149.930206704186475,-35.569925232305636],[149.930199416211849,-35.569741757303767],[149.930190783237521,-35.569558166301761],[149.930168910264882,-35.569376717298617],[149.930152353278544,-35.5692929582966],[149.930133851292425,-35.569209440294394],[149.930114587306463,-35.569126013292127],[149.930095780320414,-35.569042522289905],[149.930078641334148,-35.56895883528783],[149.930078640334131,-35.56895883528783],[149.930036123375487,-35.5686956792823],[149.930005044415338,-35.568431063277778],[149.929980885454228,-35.568165577273852],[149.929959101492727,-35.567899831270147],[149.929935175531568,-35.567634434266246],[149.929891904581751,-35.567305842260218],[149.929838782633567,-35.566976058253303],[149.929792580684307,-35.566646748247003],[149.92977008873109,-35.56631954524282],[149.929788095771102,-35.565996134242241],[149.929818876793831,-35.565788591243553],[149.929818877793849,-35.565788591243553],[149.929838570804606,-35.5656840662446],[149.929858263815419,-35.565579542245629],[149.929910979834602,-35.565372859248896],[149.929981784850213,-35.565172478253807],[149.93007539486095,-35.564982335260794],[149.930139862864621,-35.56487936526581],[149.930211403866878,-35.564778807271452],[149.930288583867963,-35.564680597277622],[149.930369975868075,-35.564584692284157],[149.930454164867484,-35.56449107229097],[149.930552695866538,-35.56438339629895],[149.93065462486507,-35.564275658307231],[149.930762245862127,-35.564172500316047],[149.930877862856704,-35.564078558325633],[149.931003778847867,-35.563998482336217],[149.931068910842043,-35.563966552341761],[149.931068911842033,-35.563966552341761],[149.931102919838651,-35.563952384344667],[149.931136929835276,-35.56393821734757],[149.931206381828048,-35.563911630353523],[149.931275843820885,-35.563884944359501],[149.931343852814223,-35.563856322365304],[149.931456610803821,-35.563803112374913],[149.931567520794118,-35.563747141384333],[149.931677248784837,-35.563689439393642],[149.931786482775664,-35.563631057402915],[149.931895878766483,-35.563573006412184],[149.9318958797665,-35.563573006412192],[149.932040700754357,-35.563495754424466],[149.93218454474254,-35.563417284436646],[149.932277281734969,-35.56336640844448],[149.932328155730829,-35.563338499448797],[149.932328156730819,-35.563338499448797],[149.932472233718954,-35.563260333461017],[149.932617538706666,-35.563183727473344],[149.932818169689426,-35.563079959490366],[149.933019634671979,-35.562976945507486],[149.933222712653958,-35.562876190524747],[149.933352438643311,-35.562805240535731],[149.933485158631811,-35.562737409547005],[149.933620504619483,-35.562672887558534],[149.933758083606307,-35.562611851570274],[149.933897508592423,-35.562554499582212],[149.934010275580391,-35.562513812591909],[149.934125623567411,-35.562477400601857],[149.934241643554145,-35.562442180611868],[149.934356453541369,-35.562405051621781],[149.934468198529686,-35.562362930631366],[149.934639176514139,-35.562280891645919],[149.934802257501502,-35.562186474659683],[149.934962075490034,-35.562086704673149],[149.935123238478155,-35.56198857668673],[149.935290352464193,-35.561899097700902],[149.935390506454837,-35.561853013709438],[149.93549233744497,-35.561809251718138],[149.935594750434831,-35.561766313726906],[149.935696679424836,-35.561722677735631],[149.935797021415425,-35.56167683574418],[149.935866115409198,-35.561643390750056],[149.935866116409215,-35.561643390750056],[149.935934797403121,-35.561609363755913],[149.936003057397158,-35.561574753761704],[149.936003058397148,-35.561574753761704],[149.936070879391366,-35.561539569767469],[149.93613820738571,-35.561503839773174],[149.936215207374516,-35.561498837779951],[149.936341204357149,-35.561482836790972],[149.936341205357138,-35.561482836790972],[149.936404203346655,-35.561488833796595],[149.936474203335848,-35.561488833802777],[149.936653204310716,-35.56146983081846],[149.937071247240965,-35.561509621855684],[149.937085392238401,-35.561512373856949],[149.937269727203415,-35.561561943873571],[149.93744988516741,-35.561623795889915],[149.937622235131187,-35.561696654905646],[149.937783191095406,-35.561779311920411],[149.937783192095395,-35.561779311920411],[149.937893717069045,-35.561849293930663],[149.937997529042747,-35.561927217940351],[149.938097361016418,-35.562009829949737],[149.93819589299008,-35.562093848959009],[149.938295867963774,-35.562176012968401],[149.938431546928484,-35.562284512981137],[149.938565987893242,-35.562394061993743],[149.938700043857978,-35.562503960006339],[149.938834467822744,-35.562613527018954],[149.938970128787417,-35.562722054031681],[149.939079318759468,-35.562806154041894],[149.939190059731402,-35.562888999052241],[149.939300647703362,-35.562971943062557],[149.939409425675393,-35.563056285072754],[149.93951465364762,-35.563143397082627],[149.939598314623936,-35.563224790090594],[149.939676408600349,-35.563311929098063],[149.93975462757686,-35.563398243105574],[149.939754628576878,-35.563398243105574],[149.939838692553423,-35.563477171113526],[149.939934310530049,-35.563542186122419],[149.939993490516997,-35.563572037127855],[149.940055405503841,-35.563599188133502],[149.940119371490738,-35.563623472139312],[149.940152050484272,-35.563634090142287],[149.940184727477856,-35.56364470714523],[149.940184728477846,-35.56364470714523],[149.940250774465255,-35.563662671151199],[149.940375391443467,-35.563682141162346],[149.940505700422875,-35.563685816173894],[149.940639263402915,-35.563680823185663],[149.940773597383071,-35.563674279197492],[149.940906272362724,-35.563673258209221],[149.941050466339988,-35.563676960221997],[149.941194920317201,-35.563680348234776],[149.94133917729431,-35.563685350247574],[149.941482797270993,-35.563693928260321],[149.941482798271039,-35.563693928260314],[149.941625351247154,-35.563708029273023],[149.9417979522172,-35.56373294828844],[149.941969836186502,-35.563764600303841],[149.942140322155211,-35.563802320319176],[149.942308718123513,-35.56384539233435],[149.942474328091635,-35.563893143349318],[149.942657326055297,-35.5639539193659],[149.942657327055315,-35.5639539193659],[149.942837063018516,-35.56402256538226],[149.94301397598133,-35.564097083398401],[149.943188476944044,-35.564175464414348],[149.943361023906789,-35.56425574543016],[149.943477017881435,-35.564312075440789],[149.943591460856027,-35.564370582451296],[149.943705123830568,-35.564430247461743],[149.943818705805114,-35.564489991472193],[149.943875841792419,-35.564519397477433],[149.943932977779696,-35.564548804482669],[149.943932978779713,-35.564548804482683],[149.944041253755927,-35.564602131492627],[149.944041254755916,-35.564602131492627],[149.944150381732157,-35.564654391502614],[149.944259320708426,-35.564706875512599],[149.944367012684665,-35.564760820522487],[149.944367013684655,-35.564760820522487],[149.944472402660864,-35.564817517532184],[149.944596687631702,-35.564892796543695],[149.944716760602574,-35.564973051554844],[149.944835317573421,-35.565055098565878],[149.94495509454427,-35.565135756577],[149.945078824515065,-35.565211797588454],[149.945191305489629,-35.565272699598808],[149.945306716464216,-35.5653301766094],[149.945423096438788,-35.565386550620069],[149.945538435413368,-35.565444108630658],[149.945538436413386,-35.565444108630658],[149.945594618400662,-35.565474626635826],[149.945650799387948,-35.565505143641012],[149.945715806372874,-35.565543142647009],[149.945780248357806,-35.565581848652954],[149.945780249357853,-35.565581848652961],[149.945844099342736,-35.565621218658862],[149.945907313327695,-35.565661251664729],[149.945969864312644,-35.565701929670531],[149.945969865312662,-35.565701930670528],[149.945976443321854,-35.565624956670611],[149.945984645330725,-35.565548045670809],[149.945994469339382,-35.565471242671173],[149.946005906347807,-35.565394600671667],[149.946018948355913,-35.565318209672299],[149.946044271368464,-35.565193914673699],[149.94607450538021,-35.565070104675549],[149.946108729391227,-35.564946840677734],[149.946146091401687,-35.564824186680219],[149.946185684411745,-35.564702195682905],[149.946243815424964,-35.564534506686918],[149.946243816424982,-35.564534506686918],[149.946306966437362,-35.564367597691373],[149.946375738448637,-35.564202077696336],[149.946450640458778,-35.56403864670186],[149.946450641458767,-35.56403864670186],[149.946532266467472,-35.563877859708001],[149.946597335472774,-35.563761847712961],[149.946666680477279,-35.56364730671833],[149.946739001481092,-35.563533849723967],[149.946739002481138,-35.563533849723967],[149.94677601448285,-35.563477465726848],[149.94681302648462,-35.563421082729747],[149.946887462488007,-35.563308611735572],[149.946969366491288,-35.563188673742019],[149.94705415649392,-35.563070008748703],[149.947139717496384,-35.562951665755492],[149.94722386149914,-35.56283275876212],[149.947223862499158,-35.56283275876212],[149.947304501502657,-35.562712300768446],[149.947304502502647,-35.562712300768446],[149.947332401504099,-35.562668870770608],[149.947360302505558,-35.562625439772802],[149.947409980508269,-35.562547005776665],[149.947488522514647,-35.562407382782659],[149.947570946510496,-35.562342626789516],[149.947653020506493,-35.562277556796339],[149.947734735502479,-35.562212191803134],[149.947816074498633,-35.562146521809879],[149.947897054494888,-35.562080555816593],[149.947963397491179,-35.562031325822119],[149.948034006486608,-35.561983475828043],[149.948102159482573,-35.561934675833747],[149.94816114248033,-35.56188256883862],[149.948204231481327,-35.561824813842044],[149.948226803484232,-35.56177684784371],[149.948244623488307,-35.561725367844936],[149.948244838488421,-35.561724363844938],[149.948111983511524,-35.561704723833067],[149.947891980549684,-35.561672730813406],[149.94133409868985,-35.560703787227077],[149.941334097689861,-35.560703787227069],[149.942854981435829,-35.553296771311707],[149.943579968296746,-35.553502764377178],[149.945301928012611,-35.553642747530368],[149.94605793189811,-35.553626737597106],[149.94683090378922,-35.553548733664918],[149.947053900757993,-35.55352472768449],[149.948841862508118,-35.553328713841275],[149.949423857434653,-35.553205709891905],[149.949772842405991,-35.553015700921506],[149.950049829383119,-35.552865697944988],[149.95056482635934,-35.552445699987693],[149.950901818331459,-35.552263695016279],[149.951249808294904,-35.552134192046175],[149.951597798258405,-35.552004690076089],[149.951597799258423,-35.552004690076089],[149.951790797233599,-35.551967185092913],[149.951983796208822,-35.551929680109723],[149.951804910280231,-35.551598255091676],[149.951657793339052,-35.551325687076826],[149.952420277260387,-35.551031678142287],[149.953182761181722,-35.550737669207749],[149.95318276218174,-35.550737669207749],[149.953333750202177,-35.550407669218878],[149.952711766308653,-35.550327674163334],[149.952590765326278,-35.550335675152674],[149.952469766343881,-35.550343675142031],[149.952189777382017,-35.550381682117518],[149.951985774408314,-35.550420684099741],[149.951804783436756,-35.550416686083729],[149.951451781500737,-35.550344688052007],[149.951196792547506,-35.550288690029085],[149.950863798601091,-35.550271693999527],[149.950507803651902,-35.550302708968239],[149.950281804685176,-35.55031469394833],[149.950225806693908,-35.550313698943363],[149.95014180470767,-35.550307701935914],[149.950071813718466,-35.550307701929725],[149.950001814730854,-35.550295698923435],[149.949945816739501,-35.55029569891849],[149.949882817750819,-35.550283704912843],[149.949826810759561,-35.550282700907871],[149.949743813775399,-35.550259699900387],[149.949680814786717,-35.550247705894719],[149.949610814800536,-35.550224703888382],[149.949547815812622,-35.55020670488269],[149.949471819831132,-35.550155708875629],[149.949408820849328,-35.550091705869626],[149.94937381586081,-35.550045711866233],[149.94932581387576,-35.549988709861587],[149.949311820885612,-35.549930703859964],[149.949284821896498,-35.549879707857251],[149.94928482190258,-35.549833703856926],[149.949285816908542,-35.549787709856709],[149.949292816913555,-35.549741706857013],[149.949292817913573,-35.54974170685702],[149.949307813917983,-35.549690701857983],[149.949314814922985,-35.549644706858309],[149.949336811927964,-35.549581707859829],[149.949378816931301,-35.549507701863043],[149.94940781593516,-35.549444702865195],[149.949442810937967,-35.549382707867863],[149.949478809940757,-35.549319699870622],[149.949520805941034,-35.549268694874002],[149.949520806941052,-35.549268694873994],[149.949556805943047,-35.549211701876786],[149.949591809943712,-35.549165697879573],[149.949634801945422,-35.549102699882951],[149.949634800945432,-35.549102698882955],[149.949669804947547,-35.549045696885678],[149.949669805947565,-35.549045696885678],[149.949719805945847,-35.549000697889781],[149.949747791947573,-35.548954703891951],[149.949783799951035,-35.548886702894684],[149.949818794952535,-35.54883470289743],[149.949840801955872,-35.548783697899026],[149.949882797956946,-35.548726695902367],[149.949897794961544,-35.548674695903344],[149.949918796965818,-35.548617693904809],[149.949960792965328,-35.54857269390822],[149.949960793965317,-35.548572693908213],[149.949989782970761,-35.548497692910288],[149.950025790975701,-35.548418692912932],[149.950060785976405,-35.548372698915728],[149.95008978498106,-35.548303693917823],[149.950174780983701,-35.54818469692453],[149.950223786983713,-35.548127694928489],[149.950259785986475,-35.548064695931245],[149.950309777989361,-35.547984691935127],[149.950330780992886,-35.547933695936642],[149.95035277799559,-35.547887692938275],[149.950401774998596,-35.547807688942079],[149.950401775998586,-35.547807688942079],[149.950430773000107,-35.547762689944335],[149.950451776002978,-35.547716686945883],[149.950487775007218,-35.547642688948571],[149.950515770012004,-35.547573692950593],[149.950530775018734,-35.54750569195145],[149.950551769022383,-35.547453691952946],[149.950552773030552,-35.547390683952621],[149.950546767041288,-35.547316685951593],[149.950546767047371,-35.547270691951283],[149.950553767053151,-35.547218691951549],[149.95055376805314,-35.547218691951549],[149.950561763062524,-35.547138696951727],[149.950561764062513,-35.547138696951727],[149.950562767068305,-35.547093688951513],[149.950562768068323,-35.547093688951513],[149.950562767075212,-35.547041688951161],[149.950570763085381,-35.546955687951282],[149.950577764092628,-35.546892689951477],[149.950585759101187,-35.546818682951688],[149.95062076410187,-35.546772688954469],[149.950628759107389,-35.546721682954846],[149.950656763112875,-35.546647685956813],[149.950665754127527,-35.546526689956792],[149.95066575313507,-35.546469687956417],[149.950665754135088,-35.546469687956417],[149.950666757143267,-35.546406688956083],[149.950666758143257,-35.546406688956083],[149.950673758149719,-35.546349686956319],[149.950673759149737,-35.546349686956312],[149.95067725815224,-35.546326684956476],[149.95068075915475,-35.546303682956633],[149.950681754164378,-35.546229685956227],[149.950668756177777,-35.546143684954487],[149.9506687561869,-35.546074679954039],[149.950641756200838,-35.546000681951135],[149.950614757211099,-35.545954687948431],[149.950607756222126,-35.545879685947327],[149.950601750234483,-35.545793685946215],[149.950615751239809,-35.545736683947062],[149.950615752239798,-35.545736683947062],[149.950651751244067,-35.545662685949743],[149.95091374025202,-35.545297680970457],[149.950942739254316,-35.545246675972678],[149.950998737247119,-35.545235676977555],[149.951089739239166,-35.545189682985303],[149.951111737242513,-35.545138677986898],[149.951195729232467,-35.545116679994173],[149.951315730222973,-35.545048680004342],[149.951371728216628,-35.545031675009184],[149.951434726208362,-35.545020676014673],[149.951434727208351,-35.545020676014673],[149.951490724202785,-35.544997675019474],[149.951490725202774,-35.544997675019466],[149.951546722194792,-35.544992673024389],[149.951546723194781,-35.544992673024389],[149.951637725180774,-35.544992673032439],[149.951707733169798,-35.54499366803865],[149.951707734169815,-35.544993668038643],[149.951791717157704,-35.544987680046027],[149.951868717145032,-35.544993668052875],[149.951924715135448,-35.545000669057877],[149.952008717121032,-35.545011668065378],[149.952085726108237,-35.545018669072235],[149.95214170609961,-35.54501866907718],[149.952225717088083,-35.545007670084544],[149.952309709075166,-35.545007670091977],[149.952484713049472,-35.544997666107378],[149.952540711040086,-35.545003663112375],[149.952617703028835,-35.544998661119152],[149.952764694005396,-35.545004667132197],[149.952841702994192,-35.544999666138978],[149.952897709985564,-35.54499966614393],[149.952981702974057,-35.544988658151276],[149.953093697956689,-35.544989662161193],[149.95309369895665,-35.544989662161193],[149.953163697945882,-35.544989662167382],[149.95322669693681,-35.544984660172922],[149.953317689923438,-35.544979658180942],[149.953317690923456,-35.544979658180935],[149.953380688912944,-35.544985655186558],[149.953443687904041,-35.544979658192084],[149.953499694893736,-35.544991661197109],[149.953576677881813,-35.544992656203931],[149.953646685871774,-35.544986659210089],[149.953758681855192,-35.54498165821996],[149.953821680846147,-35.544976656225501],[149.953898690834251,-35.544976656232315],[149.953989683820879,-35.544971654240321],[149.954052682811181,-35.544971654245899],[149.954122682800232,-35.544972649252088],[149.954214670788303,-35.544955653260111],[149.954291679778692,-35.544938649266818],[149.954291680778709,-35.544938649266818],[149.954368671767469,-35.544933647273588],[149.9544246697603,-35.544922648278465],[149.954501670750687,-35.544905652285166],[149.954621670738959,-35.544854647295431],[149.954621671738977,-35.544854647295438],[149.954705663730351,-35.544821642302644],[149.954768662723694,-35.544798649308071],[149.954852663715229,-35.544764649315276],[149.9549166667083,-35.544742642320777],[149.954979665703064,-35.544708642326128],[149.954996509701289,-35.544702494327574],[149.955042663696389,-35.544685650331537],[149.955042663696389,-35.544685649331541],[149.955112654690907,-35.544645643337468],[149.955176657683978,-35.544623637342973],[149.955232655679055,-35.544595642347737],[149.955295654673137,-35.544566644353118],[149.955358652665694,-35.544549630358581],[149.955436648658832,-35.544510637365207],[149.955520649650396,-35.544476636372416],[149.955625644640151,-35.544431637381393],[149.955702645630538,-35.544414642388091],[149.955773649620255,-35.544409640394342],[149.955850640610606,-35.544392635401039],[149.955913639602386,-35.544381636406534],[149.955983639595303,-35.544353633412534],[149.956053638585956,-35.544342634418669],[149.956151633574677,-35.544313636427141],[149.956250631566178,-35.544262631435551],[149.956355635555951,-35.544217631444532],[149.956419629551249,-35.544178629449931],[149.956482627547615,-35.544132626455202],[149.956482628547633,-35.544132626455202],[149.956553622544874,-35.544070631461061],[149.956616621542707,-35.544013629466249],[149.956659621543622,-35.543956627469662],[149.956673623549023,-35.54389962547053],[149.956702621551443,-35.543847625472743],[149.956723624554968,-35.543796629474258],[149.956745621560714,-35.543727624475743],[149.956752622566398,-35.543676628476007],[149.956760618572702,-35.543619626476328],[149.95676061857958,-35.543567626475983],[149.95675361758677,-35.543521623475058],[149.956754612595631,-35.543453631474684],[149.956719616607074,-35.543407628471286],[149.956651616635838,-35.54326962746434],[149.956595618652159,-35.543211630458991],[149.956574615662163,-35.5431606254568],[149.956512620680201,-35.543096631450886],[149.956464618695122,-35.543039629446255],[149.956436615705542,-35.542993625443465],[149.956436614705552,-35.542993625443465],[149.956373616722942,-35.542935628437505],[149.956373615722953,-35.542935628437505],[149.95631162173936,-35.542883628431682],[149.956311620739399,-35.542883628431682],[149.956255623754117,-35.542837634426405],[149.956255622754128,-35.542837634426412],[149.956130629781711,-35.542774635414922],[149.956074622792727,-35.542756635409845],[149.956018624806006,-35.54272163140466],[149.955935627822669,-35.54269263239712],[149.955935626822679,-35.542692632397113],[149.955865626838715,-35.542652635390652],[149.955788626855252,-35.542617630383603],[149.955711625870947,-35.542588632376606],[149.955656622881008,-35.542576638371656],[149.955593623891531,-35.542570632366044],[149.955523633904562,-35.542553636359742],[149.955425629924321,-35.542518641350831],[149.955369631935355,-35.542500641345768],[149.955292630948037,-35.54249463533889],[149.955222631958151,-35.542499637332767],[149.955166633967565,-35.542493631327773],[149.95508263298052,-35.542493631320333],[149.954977637996848,-35.542492645311029],[149.954977636996801,-35.542492645311029],[149.954872651012209,-35.542498641301783],[149.954816645020202,-35.542503643296875],[149.954816644020184,-35.542503643296875],[149.954725642033566,-35.542508654288852],[149.954648642044788,-35.542513647282071],[149.95464864104477,-35.542513647282078],[149.95458564305369,-35.542519644276538],[149.954585642053672,-35.542519644276538],[149.954529645061626,-35.54252464627163],[149.954529644061665,-35.54252464627163],[149.954438660075056,-35.54252964826361],[149.954375653083162,-35.542541641258111],[149.954375652083144,-35.542541641258111],[149.954312654091382,-35.542552649252613],[149.954312653091392,-35.54255264925262],[149.954256656098607,-35.542563648247743],[149.954171650108776,-35.542585645240358],[149.953954659135633,-35.542635637221508],[149.953891661143757,-35.542647649216001],[149.95374466916428,-35.542663650203117],[149.953681662173324,-35.54266865119758],[149.953611653184112,-35.542668651191384],[149.953513668199378,-35.542667656182722],[149.95342966621152,-35.542673653175328],[149.953338673225687,-35.54267265816727],[149.953275674236181,-35.542666652161664],[149.953219667246401,-35.542654658156628],[149.953142676261365,-35.542631657149656],[149.953142675261347,-35.542631657149656],[149.953030671280175,-35.542619654139671],[149.953030670280214,-35.542619654139671],[149.95294667829549,-35.54260165413212],[149.952841674316346,-35.542566658122603],[149.952772678328586,-35.542554656116415],[149.952681676344866,-35.542537660108259],[149.952625678352859,-35.542542662103322],[149.952534684366867,-35.542542662095279],[149.95244967937785,-35.54255866208787],[149.952267683402994,-35.542580660071934],[149.952162688419151,-35.542580660062647],[149.952064694433631,-35.542585661054012],[149.951987703445639,-35.542584666047183],[149.951987702445621,-35.542584666047183],[149.951931696455063,-35.542578669042193],[149.951931695455045,-35.5425786690422],[149.951861696467432,-35.542566667035928],[149.951861696467432,-35.542566666035924],[149.95179270048115,-35.542543665029662],[149.951729693492439,-35.542531671024015],[149.951729692492421,-35.542531671024015],[149.95164570050764,-35.542514666016466],[149.951568699520294,-35.542508669009614],[149.951477697536717,-35.542490669001452],[149.951407697547467,-35.542490668995256],[149.951344699558149,-35.54248366798965],[149.951344698558131,-35.54248366798965],[149.951288701569013,-35.542466672984574],[149.951288700569023,-35.542466672984581],[149.95119770758609,-35.542443670976375],[149.95110771860621,-35.542396672968103],[149.951107717606192,-35.542396672968103],[149.9510167066218,-35.542384669959965],[149.950939705637524,-35.542355661952968],[149.950862705654032,-35.542320675945923],[149.950779698669891,-35.542297673938428],[149.950674712692148,-35.542251679928818],[149.950604712708383,-35.542210677922355],[149.950507713733913,-35.542130674913246],[149.95042471575664,-35.542055681905403],[149.950340714778719,-35.541986676897515],[149.950271718797012,-35.541928679891015],[149.950202713817617,-35.541853686884387],[149.950125713837821,-35.54179067887717],[149.950056717859979,-35.541703682870491],[149.949994713880955,-35.541617681864423],[149.949938715896451,-35.541565681859119],[149.949897713911753,-35.541497680855045],[149.949862718924834,-35.541439683851557],[149.949786712949503,-35.541341680844162],[149.94973171897243,-35.541232678838576],[149.949682712986885,-35.541180677833893],[149.94964172100299,-35.541106680829778],[149.949607720015109,-35.541054679826409],[149.949551713028399,-35.541019684821222],[149.949495715045344,-35.540956685815843],[149.949426719071198,-35.540841686808974],[149.949350722092078,-35.540772690801781],[149.949274717115969,-35.540680683794449],[149.949219723135798,-35.54059468378901],[149.949170716150917,-35.54053768078429],[149.949129715167174,-35.54046269778015],[149.949101721179176,-35.540404682777286],[149.949101720179186,-35.540404682777293],[149.949095715186047,-35.540359682776455],[149.949095714186029,-35.540359682776462],[149.949067720200304,-35.540284681773478],[149.949040721210537,-35.540238686770778],[149.949040720210547,-35.540238686770778],[149.949026718217596,-35.54020168376929],[149.949012717224662,-35.540164679767798],[149.94897871623985,-35.540089687764294],[149.948944716255653,-35.540009683760751],[149.94891671226685,-35.539957683757919],[149.948903714274962,-35.539911680756454],[149.948903714274962,-35.539911679756457],[149.948861718288299,-35.539859688752394],[149.948834718301498,-35.539791687749542],[149.948820717312088,-35.539727684747888],[149.948800718321138,-35.539682676745819],[149.948793717329124,-35.539630685744854],[149.948786716336286,-35.539584682743914],[149.948766718347684,-35.539521683741718],[149.948766717347695,-35.539521683741718],[149.948756713355664,-35.539473183740512],[149.948746710363622,-35.539424683739298],[149.948725716374526,-35.539366695737058],[149.948719710383784,-35.539303687736101],[149.948705708392055,-35.539257684734551],[149.948678708402952,-35.539206688731817],[149.948664716412793,-35.539148682730193],[149.948644708423473,-35.539091680728042],[149.948574708444141,-35.53901668772135],[149.94856171045754,-35.53893068671961],[149.948507711486258,-35.538776685713806],[149.948489509493555,-35.538742886711965],[149.948479707497484,-35.538724685710974],[149.948479707497484,-35.538724684710985],[149.948476737499362,-35.538713653710644],[149.948465706506482,-35.53867268470939],[149.948445707517095,-35.538615682707245],[149.948424713527885,-35.538558680705002],[149.948397714538146,-35.538512686702312],[149.948383712546388,-35.538466683700754],[149.948349711560013,-35.538403693697319],[149.948322712575532,-35.538317683694352],[149.948301709587895,-35.53824868769204],[149.948274710598952,-35.538196687689293],[149.948274709598934,-35.5381966876893],[149.948260707610871,-35.538122680687565],[149.948233708624997,-35.538047687684674],[149.948234703634625,-35.53797368168425],[149.948227702641816,-35.537927686683325],[149.948213709651498,-35.537870684681714],[149.948193701660671,-35.537824690679628],[149.948172708672246,-35.537761682677356],[149.94815970168338,-35.537692686675733],[149.948152700690514,-35.537646683674801],[149.94815371369873,-35.537583684674473],[149.948168700706191,-35.537509686675293],[149.948168701706209,-35.5375096866753],[149.948175701713438,-35.537446696675495],[149.948211700719298,-35.537360687678095],[149.948232703722795,-35.537309681679616],[149.948240699727677,-35.537263678680013],[149.948240698736782,-35.537194682679548],[149.948248694742318,-35.537143686679912],[149.948255695747321,-35.537097683680223],[149.94826369175442,-35.537034684680513],[149.948277693759792,-35.536977682681353],[149.948285697767744,-35.536908668681598],[149.948285698767734,-35.536908668681598],[149.948286692778169,-35.536828682681147],[149.948286693778158,-35.536828682681154],[149.948286692787178,-35.536760682680701],[149.948286692787178,-35.53676068168069],[149.948280695795745,-35.536702684679767],[149.948301689802321,-35.536628678681126],[149.948302693808273,-35.536582683680912],[149.948323686812557,-35.536525681682377],[149.948345684816701,-35.536468688683946],[149.948373687822226,-35.536394682685923],[149.948374673828141,-35.536348678685698],[149.948403680833451,-35.536274681687765],[149.948424683837118,-35.536222681689267],[149.948453681842437,-35.536148674691347],[149.948453682842427,-35.536148674691347],[149.9484816858442,-35.536102680693503],[149.948495668848011,-35.536057680694434],[149.948495669848,-35.536057680694441],[149.948503180850281,-35.536031680694926],[149.948510692852551,-35.536005680695425],[149.948538677854998,-35.53595467569756],[149.948574677859256,-35.535880668700237],[149.948595679862109,-35.535834674701782],[149.94865967386653,-35.535726676706716],[149.94869567286932,-35.535663677709479],[149.94873167187356,-35.535589670712163],[149.948731672873549,-35.53558967071217],[149.948773668877664,-35.535509676715328],[149.948816668880852,-35.535435669718645],[149.948851663882976,-35.535378676721365],[149.948880661887642,-35.535309671723454],[149.948880662887689,-35.535309671723454],[149.948922667887928,-35.53525867572683],[149.948951665892594,-35.535189670728919],[149.948951666892583,-35.535189670728919],[149.94896266489431,-35.535164172729729],[149.948973663895941,-35.535138674730526],[149.948980663901779,-35.535086674730799],[149.949001657905285,-35.535035660732305],[149.949030655908331,-35.534978667734492],[149.949044648912945,-35.534927671735382],[149.949059654918301,-35.534869674736321],[149.949073656923645,-35.534812672737175],[149.949081652929237,-35.534761667737541],[149.949095653936183,-35.534692672738309],[149.949103658941027,-35.534646669738706],[149.949131653944278,-35.534589676740794],[149.949139648950563,-35.534532674741122],[149.949153650956731,-35.534469666741934],[149.949168656962001,-35.534412673742885],[149.949176652969896,-35.53434366974313],[149.949190654976718,-35.534275668743902],[149.949184648988251,-35.534195673742843],[149.94919164999709,-35.534120672742937],[149.949199645002608,-35.534069676743314],[149.94919964501014,-35.534012674742925],[149.94920765001504,-35.533966671743336],[149.949208645025465,-35.533886668742873],[149.949201644037942,-35.533800667741687],[149.94918964205803,-35.533662667739698],[149.949182641067438,-35.533599668738653],[149.949176644075919,-35.533542666737731],[149.949177639092426,-35.533416669736972],[149.949163646100658,-35.533370675735419],[149.949150648111015,-35.533307667733851],[149.949129646120326,-35.533261673731694],[149.949116639130722,-35.533198674730109],[149.949102637141863,-35.533130673728415],[149.949082630151025,-35.533084670726346],[149.949068637159286,-35.533038676724793],[149.949048638170694,-35.532975668722585],[149.949027636180034,-35.532929674720421],[149.949006642189318,-35.532883671718274],[149.948979642200356,-35.532831671715527],[149.948944638213305,-35.532774669712055],[149.948917639224362,-35.532722678709305],[149.948889644234754,-35.532676675706519],[149.948869636246172,-35.532613676704322],[149.948841642257378,-35.532561676701498],[149.948821643267223,-35.532510671699399],[149.9488076422777,-35.532447672697728],[149.94881563728643,-35.532372671697935],[149.948808637294206,-35.532321674696973],[149.948763646320486,-35.532175678692006],[149.949327598598302,-35.529419671723332],[149.957439475176471,-35.530717614449557],[149.957439476176489,-35.530717614449557],[149.95966772309319,-35.521199437582602],[149.959897336187652,-35.520218618596317],[149.960157331308466,-35.51900360861115],[149.960157332308427,-35.51900360861115],[149.961656501006757,-35.511983311696511],[149.962989754627785,-35.505739976772439],[149.963086405672811,-35.505287386777951],[149.96405009112172,-35.500774603832831],[149.96405009112172,-35.500774602832827],[149.964286086046997,-35.501064595855659],[149.96434209303149,-35.501116595860978],[149.964398091016136,-35.50116760086626],[149.96444609300184,-35.501219591870864],[149.96450909198461,-35.501276593876824],[149.96458610096505,-35.501334599884032],[149.96458610196504,-35.501334599884025],[149.964642081953457,-35.501357592889136],[149.96471908293708,-35.50139159389618],[149.964775098923951,-35.501425593901374],[149.96484508990855,-35.501460598907791],[149.964922080892848,-35.501489596914816],[149.964992080879796,-35.501506592921125],[149.96506808686587,-35.501523597927964],[149.965131085853159,-35.501546590933678],[149.965201075840753,-35.501558593939954],[149.965201076840771,-35.501558593939954],[149.965257082829226,-35.501580591945057],[149.965257083829215,-35.501580591945057],[149.965295579821827,-35.501592092948549],[149.965334074814365,-35.50160359295203],[149.965411075798642,-35.501632591959037],[149.965474074785135,-35.501661581964811],[149.965544074771316,-35.501684592971159],[149.965614074756814,-35.501712595977551],[149.965670072745183,-35.50173558898264],[149.965740071729755,-35.501770592989075],[149.965740072729744,-35.501770592989082],[149.965796069718891,-35.501787588994155],[149.965796070718881,-35.501787588994155],[149.965872075704169,-35.501810591001039],[149.96587207670413,-35.501810591001039],[149.965907076697221,-35.501822092004204],[149.965942075690322,-35.50183359300739],[149.96601906767691,-35.501845587014273],[149.966089076664645,-35.501856586020551],[149.966327061628022,-35.501856587041608],[149.966425064612821,-35.501857591050282],[149.966488063603919,-35.501851586055828],[149.966488064603908,-35.501851586055828],[149.966551062594192,-35.501851586061406],[149.96655106359421,-35.501851586061406],[149.966635064583528,-35.501834591068722],[149.966705055574209,-35.50182359207485],[149.966782055561708,-35.501828586081693],[149.966782056561726,-35.5018285860817],[149.966845063551233,-35.50183459208732],[149.966908053539953,-35.501846586092967],[149.966971052527185,-35.501869587098696],[149.967027050517913,-35.501874590103689],[149.967131051501099,-35.501880587112929],[149.967187049493162,-35.501875585117858],[149.96729904548053,-35.501840590127543],[149.967362044473759,-35.501818584132963],[149.967418042466733,-35.501806591137836],[149.967502044458286,-35.501772582145037],[149.967600047446922,-35.501744588153514],[149.967691041435955,-35.501721587161413],[149.967754040429298,-35.501698586166832],[149.967838041422453,-35.501652583173964],[149.967908032416233,-35.50161858317994],[149.967971031410968,-35.501584583185284],[149.968063029405187,-35.501521585192997],[149.968126028402253,-35.501470589198227],[149.968231032393732,-35.501412584207145],[149.968301023387454,-35.5013785842131],[149.96836402238452,-35.501327588218324],[149.968441023381018,-35.501264581224717],[149.968504022378056,-35.501213586229959],[149.968567021376714,-35.501150587235109],[149.968609017377105,-35.50109858823847],[149.968665015380566,-35.501007586242814],[149.968728014379195,-35.500944588247968],[149.968791013373988,-35.500910588253305],[149.968875015371623,-35.500830585260211],[149.968966009369012,-35.500744585267675],[149.969050010364441,-35.500681587274705],[149.969134003355265,-35.500653575281945],[149.969225005345862,-35.500618580289768],[149.969225006345852,-35.500618580289775],[149.969315999334071,-35.500601585297701],[149.969550999303721,-35.500557582318194],[149.969768995273512,-35.500532582337343],[149.970008988236458,-35.500533578358578],[149.970253983196358,-35.500551579380385],[149.970316982185864,-35.500557576386008],[149.970400983171487,-35.50056858439352],[149.970470983158322,-35.500586575399822],[149.970603982132729,-35.500625578411857],[149.970835979084796,-35.500717575433015],[149.971049976038131,-35.500821576452672],[149.971147971015597,-35.500877574461725],[149.971252974989426,-35.500953580471517],[149.971315973972935,-35.501004576477442],[149.971371971959712,-35.501039572482625],[149.971427969943505,-35.501096574487974],[149.971511970922222,-35.501159573495841],[149.971581970900104,-35.501245573502622],[149.971630967885829,-35.501296578507308],[149.971699972862211,-35.501394572514066],[149.971755970844612,-35.501462564519464],[149.971832970823613,-35.501531578526759],[149.971832971823602,-35.501531578526759],[149.971874966808826,-35.501594576530898],[149.971874967808816,-35.501594576530898],[149.971902970795355,-35.501663581533847],[149.9719589687829,-35.501692571538996],[149.972132968736418,-35.501841570555399],[149.972195967719955,-35.501892575561321],[149.972258966703379,-35.501944575567251],[149.972349969679556,-35.50201857357581],[149.972412967664582,-35.50205857058166],[149.97249697864703,-35.502093566589323],[149.972565965631873,-35.502127567595664],[149.972635965616604,-35.502161567602073],[149.972698963603079,-35.502190566607858],[149.972698964603069,-35.502190566607858],[149.972754961590596,-35.502219573613004],[149.972754962590642,-35.502219573613004],[149.972845964569871,-35.502270570621398],[149.972964961540185,-35.502356570632521],[149.973048962523393,-35.502385569640161],[149.973048963523382,-35.502385569640161],[149.973104961510927,-35.50241456764531],[149.973104961510927,-35.502414568645307],[149.97320995649028,-35.502448568654835],[149.973271960478485,-35.502465564660426],[149.973376964457685,-35.502500569669962],[149.973432944446813,-35.502517565675035],[149.973509954430341,-35.502552578682092],[149.973586954413946,-35.502586570689132],[149.973649953401264,-35.502609563694868],[149.973747947383913,-35.502626568703661],[149.973747948383931,-35.502626568703661],[149.973803945373675,-35.502638562708697],[149.973803946373692,-35.502638562708697],[149.973842447366252,-35.502650063712181],[149.973880946358776,-35.502661563715677],[149.973971949341774,-35.502684565723897],[149.974124946311406,-35.502735571737766],[149.974264946283796,-35.502781565750482],[149.97434194626959,-35.5027995657574],[149.974404945257618,-35.502816561763112],[149.97446794424647,-35.50282756076875],[149.974565938229006,-35.502845560777544],[149.974565939229024,-35.502845560777544],[149.974635938216778,-35.502856568783827],[149.974712939202675,-35.50287356479074],[149.974768937191016,-35.502896557795879],[149.974852939175662,-35.502914557803429],[149.974929930160926,-35.502936564810383],[149.974985938150724,-35.502948558815433],[149.975054933138523,-35.502960561821617],[149.975201925115897,-35.502960561834641],[149.975306929100526,-35.502954556843889],[149.975306930100516,-35.502954556843896],[149.975418926082483,-35.50296056285385],[149.975488925071716,-35.502960563860043],[149.975572927057186,-35.502972557867558],[149.975656920044287,-35.502972557874998],[149.975698921038202,-35.502969558878696],[149.975740921032127,-35.502966560882392],[149.975740922032116,-35.502966560882378],[149.975866919012731,-35.502966561893551],[149.975922917002521,-35.502978555898601],[149.97598591599214,-35.502983557904201],[149.976062916980197,-35.502984552911016],[149.976132916970244,-35.502978556917185],[149.976188914961597,-35.502978556922137],[149.976265915948943,-35.502984553928997],[149.976321913940382,-35.502984553933949],[149.976377911932502,-35.502978556938871],[149.976433909924538,-35.502973555943797],[149.976552906908466,-35.502956542954209],[149.976607909900792,-35.50295055495905],[149.976719906885819,-35.502933550968862],[149.976803898873698,-35.502927553976249],[149.976943889852123,-35.502927554988645],[149.977027899837623,-35.502939557996157],[149.977027900837612,-35.502939557996157],[149.977090899827942,-35.502939558001735],[149.977153898818244,-35.502939549007316],[149.97722389880667,-35.502945555013554],[149.977314891792673,-35.502945556021608],[149.977391892781583,-35.502939550028387],[149.977454900774148,-35.502922555033862],[149.97753889376267,-35.502911556041212],[149.977594891756297,-35.50289456104607],[149.977685884742328,-35.502894561054127],[149.977769886730158,-35.502888547061517],[149.977839886720858,-35.502877548067644],[149.977902885716475,-35.50283755107295],[149.977951883709636,-35.50283205607726],[149.978000879702847,-35.502826562081552],[149.978000880702808,-35.502826562081552],[149.978056877696474,-35.502809549086393],[149.978056878696492,-35.502809549086393],[149.978112876690886,-35.502786547091198],[149.978175875683462,-35.502769552096666],[149.978231882676425,-35.502757549101545],[149.97827737567053,-35.502749051105518],[149.978322866664683,-35.502740554109486],[149.978322867664644,-35.502740554109486],[149.978434872651121,-35.502712551119203],[149.978504871643423,-35.502689550125247],[149.978574871637932,-35.502649553131185],[149.978700861623054,-35.502615544142117],[149.97876386961795,-35.50258054914746],[149.9788408696121,-35.502535551153969],[149.978903868607688,-35.502495545159292],[149.978962861602071,-35.502469550164328],[149.979011858597431,-35.502447552168519],[149.979018841594637,-35.502460631169228],[149.979026272591767,-35.502473530169972],[149.97903410658887,-35.502486187170746],[149.979042353585953,-35.502498566171568],[149.979050968583039,-35.502510632172395],[149.979064037578866,-35.502527089173689],[149.9790780935746,-35.502542839175014],[149.979092838570352,-35.50255806917643],[149.979107961566029,-35.502572949177882],[149.979123164561742,-35.502587659179326],[149.979146022555369,-35.502609200181489],[149.979169552548967,-35.502630130183711],[149.979193674542557,-35.502650389185987],[149.979218343536189,-35.502669957188303],[149.979243487529828,-35.502688773190656],[149.979262258525182,-35.502701959192414],[149.979281387520587,-35.502714670194187],[149.979300758515961,-35.502727040195992],[149.979320246511321,-35.502739222197789],[149.979339751506728,-35.5027513591996],[149.979365370500659,-35.502767405201979],[149.979391070494586,-35.502783370204362],[149.979416958488514,-35.502799012206772],[149.979443133482505,-35.502814099209182],[149.979469702476536,-35.50282839621164],[149.97948772947251,-35.50283751221329],[149.979505908468582,-35.502846351214963],[149.979524221464629,-35.502854903216637],[149.979542669460699,-35.502863168218333],[149.979561234456781,-35.502871128220022],[149.979658484434623,-35.502925387229006],[149.979727291419294,-35.502961341235327],[149.979795247403842,-35.50299876624161],[149.9798893873824,-35.503051492250293],[149.979984073360839,-35.503104075259031],[149.979984074360857,-35.503104075259031],[149.98007745133927,-35.503158531267687],[149.980077452339287,-35.503158531267687],[149.98016769231765,-35.503216887276054],[149.980252903296019,-35.503281150284046],[149.980252904296009,-35.503281150284039],[149.980293053285124,-35.503316701287822],[149.980331571274263,-35.503354197291493],[149.980331572274252,-35.503354197291493],[149.980369480263334,-35.503392438295108],[149.980407855252452,-35.503430167298767],[149.980447664241552,-35.503466157302533],[149.980493021229705,-35.503502829306797],[149.980493022229723,-35.503502829306797],[149.98053975121789,-35.503537878311164],[149.9806345901942,-35.503606372320029],[149.980681346182365,-35.503641439324412],[149.980732073169634,-35.503678541329151],[149.980784109156843,-35.503714756334006],[149.980835114144043,-35.503751894338755],[149.980882776131466,-35.503791765343259],[149.980924790119104,-35.503836191347283],[149.98094391911269,-35.503862124349148],[149.980961309106419,-35.50388946435087],[149.980977919100127,-35.503917458352518],[149.980994637093886,-35.503945372354195],[149.981012421087541,-35.503972506355957],[149.981012422087559,-35.503972506355957],[149.981036274079742,-35.50400405935828],[149.981036275079731,-35.50400405935828],[149.981061580071781,-35.504034635360725],[149.98108714506381,-35.504065005363195],[149.981111733055911,-35.504095967365586],[149.981134161048203,-35.504128318367776],[149.981157109039486,-35.504167194370076],[149.98117814703096,-35.504207416372203],[149.981197447022481,-35.504248659374205],[149.981215177014207,-35.50429056537606],[149.981231537006124,-35.504332803377793],[149.981250996996096,-35.504385942379869],[149.981269328986059,-35.504440263381866],[149.981284737976381,-35.50449528438358],[149.981295457967434,-35.504550502384909],[149.981299697959514,-35.504605451385665],[149.9812976989557,-35.504636610385695],[149.981292624952346,-35.504667804385448],[149.981286609949137,-35.504698999385134],[149.981281769945753,-35.504730166384896],[149.98128022794188,-35.504761253384977],[149.981282979936481,-35.504798579385472],[149.981288904930636,-35.504836048386245],[149.981297321924416,-35.504873356387243],[149.981307621917949,-35.504910189388404],[149.981319193911389,-35.50494626038968],[149.981338689902259,-35.504992308391714],[149.981338690902277,-35.504992308391714],[149.981363313892615,-35.505036608394192],[149.981389847882753,-35.505080289396844],[149.981415152872984,-35.505124455399375],[149.981436020863725,-35.505170234401525],[149.981448265857296,-35.505204458402844],[149.981459398851001,-35.505239229404062],[149.9814692948448,-35.505274404405178],[149.981477783838812,-35.50530987440618],[149.981484720833009,-35.505345488407016],[149.981484721832999,-35.505345488407023],[149.981493873823609,-35.50540561840824],[149.981500165814452,-35.505467568409209],[149.981501859805974,-35.505529616409788],[149.981497288798664,-35.505590114409785],[149.981484729793038,-35.505647358409057],[149.98147048579068,-35.505681465408038],[149.981451625789276,-35.505714121406591],[149.981451624789287,-35.505714121406591],[149.981431115788155,-35.505746266404991],[149.981411950786821,-35.505778867403507],[149.981397069784578,-35.50581288540242],[149.981387092780864,-35.505852345401792],[149.98138143677636,-35.505893220401568],[149.981377841771376,-35.505934795401529],[149.981374067766467,-35.505976406401487],[149.981367873761997,-35.506017380401204],[149.981355565756616,-35.506072633400478],[149.981341285751512,-35.506127564399598],[149.981325356746709,-35.506182128398557],[149.9813081367422,-35.506236297397393],[149.981289975737894,-35.506290027396147],[149.981269644733345,-35.506347719394732],[149.98124826572905,-35.506405204393218],[149.98122537172506,-35.50646209839158],[149.981200478721462,-35.506517971389755],[149.981173137718429,-35.506572417387694],[149.981137030716354,-35.506630486384893],[149.981095670715348,-35.506685820381598],[149.981052894714736,-35.506740347378184],[149.981012511713544,-35.506796031374968],[149.980978385711012,-35.506854799372348],[149.980952855705596,-35.506925408370563],[149.980939337699425,-35.506987922369788],[149.980936495698131,-35.507001036369623],[149.980922207690213,-35.507077382368884],[149.980902835683565,-35.507150169367648],[149.980887063681678,-35.507182627366483],[149.980871291679819,-35.507215086365292],[149.980871290679801,-35.507215086365292],[149.980846738679475,-35.507246092363324],[149.980818609680028,-35.507274669361031],[149.980789126680918,-35.507302323358608],[149.980760495681579,-35.507330649356255],[149.980734966681439,-35.507361144354206],[149.980707105679983,-35.507404664352038],[149.980683028677561,-35.507450936350217],[149.980661174674566,-35.507498803348589],[149.980640054671426,-35.507547154347051],[149.980618119668492,-35.507594852345441],[149.980602988666732,-35.507625773344294],[149.980587857664943,-35.507656694343162],[149.980587856664954,-35.507656694343162],[149.980557612661386,-35.507718572340899],[149.980527878657739,-35.507780710338686],[149.980499193653884,-35.507843260336571],[149.980472059649657,-35.507906447334605],[149.980446986645433,-35.507967796332792],[149.980422622641015,-35.508029557331042],[149.980399584636302,-35.508091812329432],[149.980389056633754,-35.508123213328709],[149.980378528631206,-35.508154613327982],[149.980378527631217,-35.508154613327989],[149.980360089625634,-35.508218060326776],[149.980360088625645,-35.508218060326776],[149.980345468619021,-35.508285432325934],[149.980345468618992,-35.508285433325938],[149.980335106611506,-35.508353935325488],[149.980326213603746,-35.508422832325159],[149.980315994596253,-35.508491388324721],[149.980301660589475,-35.508558868323902],[149.980281491583725,-35.50862589232257],[149.980257512578675,-35.508691902320884],[149.98023196557395,-35.508757527319062],[149.980231964573932,-35.508757527319069],[149.980207009569057,-35.508823340317313],[149.980184813563653,-35.508889933315793],[149.980173792560635,-35.508925552315056],[149.980162771557588,-35.508961170314315],[149.980162770557598,-35.508961170314315],[149.980140612551509,-35.509032917312844],[149.980140611551491,-35.509032917312844],[149.980120720545045,-35.509105050311554],[149.98010544553776,-35.509177514310686],[149.980097180529441,-35.509250229310439],[149.980094527519839,-35.509325625310716],[149.980095952509345,-35.509403298311376],[149.980103571497949,-35.509480280312559],[149.980119517485775,-35.509553605314466],[149.980119518485765,-35.509553605314466],[149.980145862472881,-35.509620261317245],[149.980145863472899,-35.509620261317245],[149.980170585463725,-35.509660760319726],[149.980200211454104,-35.509698911322602],[149.980233073444225,-35.509735305325755],[149.980267459434288,-35.509770542329036],[149.980301674424425,-35.509805269332297],[149.980343034412272,-35.509848816336252],[149.980385326399954,-35.509892739340295],[149.980429348387645,-35.50993436834446],[149.980475853375651,-35.509971013348839],[149.980525630364127,-35.510000002353436],[149.980559057357226,-35.510013224356499],[149.980593918350536,-35.510023300359641],[149.980629612343961,-35.510031645362865],[149.980665504337367,-35.510039641366092],[149.980700912330718,-35.510048695369285],[149.980788580313543,-35.510076466377242],[149.980875629296094,-35.510107069385143],[149.980962651278674,-35.510137412393064],[149.981050256261597,-35.510164430401005],[149.981139071245195,-35.510185012409011],[149.981139072245185,-35.510185012409003],[149.98119123323599,-35.510193886413695],[149.981243717226874,-35.510201416418383],[149.981296434217995,-35.510207449423113],[149.981349223209293,-35.510211770427816],[149.981402004200845,-35.510214226432488],[149.981502911185771,-35.510210462441414],[149.981604025172032,-35.510196864450272],[149.981705318158902,-35.510178354459129],[149.981806755145726,-35.510159790467959],[149.981908335131919,-35.510146076476865],[149.98201905811618,-35.510136386486622],[149.982130033100134,-35.51012847249639],[149.982241123083782,-35.510122484506184],[149.982352277067235,-35.510118549516008],[149.982463377050351,-35.510116847525843],[149.982565001034175,-35.510120702534877],[149.98266702901725,-35.510129801543954],[149.982667030017268,-35.510129801543954],[149.982768869000381,-35.510138917553043],[149.982768870000399,-35.510138917553043],[149.982869947984341,-35.510142826562017],[149.982969707969801,-35.510136328570809],[149.983032482961733,-35.510124262576298],[149.983094593954434,-35.51010733958168],[149.983156472947343,-35.510088667587027],[149.983188940943563,-35.510079596589854],[149.983218548940101,-35.510071331592414],[149.983281287932186,-35.510058414597871],[149.983339293924303,-35.51005025760297],[149.983397783916161,-35.510043741608101],[149.983456479907716,-35.510039340613275],[149.983515113898932,-35.510037574618444],[149.983573414889747,-35.510038946623631],[149.983630094880283,-35.510044602628675],[149.983686540870337,-35.510054194633753],[149.983742878860113,-35.51006584863881],[149.983742879860131,-35.51006584863881],[149.983799262849857,-35.510077626643891],[149.983855798839841,-35.510087621648957],[149.983919129829303,-35.510093753654608],[149.983983741819003,-35.51009642566035],[149.984047843808668,-35.510099894666055],[149.984109667798009,-35.510108517671583],[149.984167395786727,-35.510126562676824],[149.98421920777497,-35.510154942681595],[149.984219915774787,-35.510155480681675],[149.984267953762668,-35.510191255686166],[149.984314163750042,-35.510232830690533],[149.984358364737375,-35.510277077694745],[149.984401104724924,-35.510321332698837],[149.984447806710733,-35.510374031703329],[149.984490941696663,-35.510430181707527],[149.984532139682671,-35.510488232711559],[149.984573050668615,-35.510546597715575],[149.984573051668633,-35.510546597715575],[149.984615325654545,-35.510603724719715],[149.984669772637119,-35.510671967724996],[149.984725304619616,-35.510739403730362],[149.984780880602131,-35.51080680373574],[149.984835453584736,-35.510874911741027],[149.984887973567425,-35.510944526746158],[149.984927862553633,-35.511002271750073],[149.984946969546769,-35.511031762751955],[149.984966075539916,-35.511061254753855],[149.984966076539934,-35.511061254753855],[149.985003813526248,-35.511120578757613],[149.985003814526266,-35.511120578757605],[149.985042278512537,-35.511179337761412],[149.985082732498711,-35.511236644765376],[149.985129847483591,-35.511296236769944],[149.985179471468314,-35.511353973774732],[149.985206257460135,-35.511384351777316],[149.985229876452962,-35.511411136779579],[149.985229876452962,-35.511411137779582],[149.9852793484377,-35.511468972784357],[149.985326149422548,-35.511528771788896],[149.985381546404227,-35.511603002794303],[149.985437024385647,-35.511678415799736],[149.985489149367368,-35.511755658804873],[149.985534489349845,-35.511835393809427],[149.985569592333434,-35.511918264813083],[149.985581451325828,-35.511962385814442],[149.985589491318535,-35.512007841815461],[149.985589492318553,-35.512007841815461],[149.985596483311383,-35.512053647816366],[149.985605151304071,-35.512098781817457],[149.985618292296294,-35.512142220818909],[149.985638040287256,-35.512187443820956],[149.985661463277808,-35.512231465823334],[149.985687664268113,-35.512274304825944],[149.985715757258276,-35.512315951828711],[149.985744872248432,-35.512356450831561],[149.985763670242392,-35.51238032183339],[149.985783615236244,-35.512403368835322],[149.985803864230093,-35.512426172837266],[149.985823683224027,-35.512449281839174],[149.985842247217931,-35.512473304840974],[149.985842248217949,-35.51247330584097],[149.985882818203834,-35.512532503844973],[149.985882819203852,-35.512532503844973],[149.985920933189675,-35.512595107848767],[149.985954360175896,-35.512660266852173],[149.985980812163007,-35.512727066854957],[149.985998041151362,-35.512794636856945],[149.986000676148166,-35.512815970857325],[149.986001868145081,-35.512837555857566],[149.986002298143603,-35.51284838885767],[149.986002728142097,-35.512859221857788],[149.986002729142115,-35.512859221857788],[149.986004342139012,-35.512880681858086],[149.986007793135684,-35.512901755858529],[149.986023785127287,-35.512946656860251],[149.986048265117802,-35.512989593862699],[149.98604826611782,-35.512989593862699],[149.986077381107776,-35.513031491865561],[149.986107365097638,-35.513073299868502],[149.986134400087792,-35.513115976871177],[149.986165057074999,-35.513177066874299],[149.986192908062321,-35.51324019987721],[149.986220982049701,-35.513302965880115],[149.986220983049719,-35.513302965880108],[149.986252392036931,-35.513362969883303],[149.986252393036921,-35.513362970883293],[149.986290193023848,-35.513417838887015],[149.986290194023837,-35.513417838887015],[149.986312487017159,-35.513442104889165],[149.986336806010428,-35.513464782891454],[149.986361645003626,-35.513487004893811],[149.986385551996932,-35.513509916896091],[149.986407029990346,-35.513534684898154],[149.986424320984213,-35.513560634899861],[149.98643944397827,-35.513588208901389],[149.98645369597233,-35.513616444902844],[149.986468423966357,-35.513644367904334],[149.986484935960306,-35.51367101790597],[149.986530938946316,-35.513723196910398],[149.986585914931709,-35.513769432915581],[149.98664321191697,-35.513813912920959],[149.986669682909792,-35.513837388923463],[149.986696152902624,-35.513860865925963],[149.986696153902642,-35.51386086592597],[149.986738112889043,-35.513914452930031],[149.986738113889032,-35.513914452930031],[149.986746216885763,-35.513929870930859],[149.986753441882541,-35.51394585393161],[149.98676051387929,-35.513961916932352],[149.986760514879336,-35.513961916932352],[149.986768142876031,-35.513977576933122],[149.986777061872715,-35.513992349934007],[149.986790767868371,-35.51400918393535],[149.986806490863927,-35.514024601936825],[149.986823163859412,-35.514039392938415],[149.986839674854878,-35.514054335939981],[149.986854958850444,-35.514070255941427],[149.986879277842576,-35.514100948943799],[149.986901651834842,-35.514133433946],[149.986922564827182,-35.514167111948083],[149.986942545819517,-35.514201425950098],[149.986962068812005,-35.514235784952042],[149.98700169879578,-35.514312031956059],[149.987036657779925,-35.514391049959698],[149.987068362764347,-35.514471868963042],[149.987068363764365,-35.514471868963042],[149.987098212748919,-35.514553521966249],[149.987127614733595,-35.514635021969397],[149.98716263671497,-35.514734925973166],[149.987178969705781,-35.51478533897496],[149.987195300696584,-35.51483575197674],[149.987195301696573,-35.51483575197674],[149.987226047678377,-35.514937259980137],[149.987255278660399,-35.515039197983427],[149.987283415642509,-35.515141360986604],[149.987283416642526,-35.515141360986604],[149.987304167628764,-35.515220870988983],[149.987323717615169,-35.515300685991249],[149.987342631601678,-35.515380689993464],[149.987361464588162,-35.515460710995676],[149.987380790574605,-35.515540597997919],[149.987398960563553,-35.515603004999953],[149.987419900552055,-35.51566543000223],[149.987439558540729,-35.515727819004383],[149.987453846530286,-35.515790092006071],[149.987458695521326,-35.515852194006925],[149.987457557518894,-35.51587168200696],[149.987457556518905,-35.51587168200696],[149.987455361516652,-35.515891142006893],[149.987455360516691,-35.515891142006886],[149.987452752514514,-35.515910603006787],[149.987450403512298,-35.515930073006722],[149.987448969509899,-35.515949578006719],[149.987451344499476,-35.516025503007448],[149.987462737487562,-35.516102288008959],[149.987471728481069,-35.516140685010008],[149.987480718474586,-35.516179083011068],[149.987480719474604,-35.516179083011075],[149.987502922461118,-35.516255034013547],[149.987526865447563,-35.516329337016181],[149.987546819437142,-35.516385021018309],[149.987569264426384,-35.516439925020684],[149.98759344041548,-35.516494247023182],[149.987618512404453,-35.51654820102577],[149.987643700393448,-35.516601985028359],[149.987643701393466,-35.516601985028359],[149.987667105383025,-35.516653707030784],[149.987667106383014,-35.516653707030791],[149.987690394372493,-35.516705680033191],[149.987714614361948,-35.516757124035678],[149.987740906351291,-35.516807224038345],[149.987770298340422,-35.516855163041285],[149.987794806332005,-35.516890329043683],[149.98782069432346,-35.516924760046209],[149.987847953314798,-35.516958168048845],[149.98787659330614,-35.51699025105161],[149.987906631297477,-35.51702070105447],[149.987938068289054,-35.517047728057442],[149.987971727280609,-35.517072442060595],[149.987971728280627,-35.517072442060595],[149.988006203272107,-35.517096277063793],[149.988040158263686,-35.517120731066967],[149.988040159263676,-35.517120731066967],[149.988072160255228,-35.517147282069978],[149.988101553246736,-35.517177222072796],[149.988128965238246,-35.517209331075435],[149.988155821229782,-35.517242050078032],[149.988183483221292,-35.517273818080703],[149.98818348422131,-35.517273818080703],[149.988213360212825,-35.51730307608355],[149.9882852601948,-35.517355489090249],[149.988285261194818,-35.517355489090242],[149.988365470176774,-35.517398588097663],[149.988450628158688,-35.517435941105468],[149.988537372140712,-35.517471081113378],[149.988537373140701,-35.517471081113378],[149.988622333122777,-35.517507564121154],[149.988718794102226,-35.517550457129985],[149.988718795102216,-35.517550457129985],[149.988816206081822,-35.517591235138894],[149.988914075061473,-35.517631035147829],[149.989011917041097,-35.517670935156765],[149.989109212020679,-35.51771205316566],[149.989205709000402,-35.517752812174486],[149.989302698980168,-35.517792873183346],[149.989302699980186,-35.517792873183346],[149.989399142959883,-35.51783399119217],[149.98949402693944,-35.51787787920086],[149.989586337918809,-35.517926285209377],[149.98964154690583,-35.517960241214489],[149.989695231892654,-35.517997002219488],[149.989748584879521,-35.518034293224474],[149.989748585879511,-35.518034293224474],[149.989802781866445,-35.518069889229508],[149.989858976853583,-35.518101550234704],[149.989906736843437,-35.518122911239082],[149.989955930833389,-35.518141359243565],[149.989955931833407,-35.518141359243565],[149.989980770828396,-35.518150113245831],[149.990005609823413,-35.518158866248086],[149.990054759813376,-35.518177404252569],[149.990102429803187,-35.518198917256925],[149.99015279879174,-35.518226768261584],[149.990201759780149,-35.51825740726612],[149.990249878768481,-35.518289722270602],[149.99029772775674,-35.518322540275079],[149.990345854745073,-35.518354720279547],[149.990345855745062,-35.518354720279547],[149.99045999371765,-35.518428915290158],[149.990573907690248,-35.518503540300749],[149.990687203662787,-35.518579035311312],[149.990799575635265,-35.518655865321769],[149.990910621607725,-35.518734470332141],[149.990984135589457,-35.518787170339003],[149.991057666571123,-35.518839986345881],[149.991099574560593,-35.518870901349807],[149.991130489552802,-35.518893707352682],[149.991130490552791,-35.518893707352682],[149.99120181653447,-35.518949158359391],[149.991270901516145,-35.519007119365895],[149.991329095499964,-35.519061629371421],[149.991384932483783,-35.519118810376753],[149.991439908467584,-35.519176986382007],[149.991495529451413,-35.51923445438733],[149.991553293435231,-35.519289511392813],[149.991585025426673,-35.519317210395812],[149.991617323418097,-35.519344308398857],[149.991649817409552,-35.519371164401925],[149.991682150400976,-35.519398217404976],[149.991713981392422,-35.519425844407962],[149.991745659383724,-35.519454475410967],[149.991745660383714,-35.519454475410967],[149.99177698937504,-35.519483492413954],[149.991808076366397,-35.519512804416898],[149.991838983357695,-35.519542295419839],[149.991838984357713,-35.519542295419839],[149.991869775349045,-35.519571903422758],[149.991911968336694,-35.519616051426794],[149.991952575324291,-35.519662502430705],[149.991993513311911,-35.519708290434636],[149.991993514311929,-35.519708290434643],[149.992036675299659,-35.519750484438752],[149.992083987287685,-35.519786124443179],[149.992106944282511,-35.519798575445307],[149.992131066277324,-35.519809269447514],[149.99215541227224,-35.519819560449747],[149.992178996267086,-35.519830864451905],[149.992200841261933,-35.519844543453935],[149.992222373256169,-35.519863170455963],[149.992241932250295,-35.519884414457835],[149.992241932250295,-35.519884415457838],[149.992260488244483,-35.519907031459638],[149.992278935238602,-35.51992985346142],[149.992298217232729,-35.519951662463285],[149.992335597221853,-35.519990261466845],[149.992373622210948,-35.520028367470474],[149.992412418200047,-35.520065657474156],[149.992452146189123,-35.520101853477932],[149.992492959178236,-35.520136669481786],[149.992541374165739,-35.520174497486323],[149.992591420153275,-35.520210371491004],[149.992642586140818,-35.520244864495766],[149.992694326128401,-35.520278533500587],[149.992746156115999,-35.520311923505396],[149.992803131102221,-35.520349760510697],[149.992860231088343,-35.520387964516011],[149.992918022074576,-35.52042481552138],[149.992977149061005,-35.520458484526863],[149.993038265047772,-35.520487213532462],[149.993084779038611,-35.520502201536686],[149.993133418029714,-35.520512797541059],[149.993182191020878,-35.520522702545449],[149.993229046011948,-35.520535655549686],[149.993271947002739,-35.520555375553627],[149.993290367998299,-35.520567549555338],[149.993308035993806,-35.520580959557002],[149.993325273989257,-35.520595095558612],[149.993342358984734,-35.520609455560219],[149.993359587980223,-35.520623528561856],[149.993406657967853,-35.520662091566287],[149.993452920955491,-35.520701649570654],[149.993499040943135,-35.520741422575],[149.993545626930739,-35.520780559579386],[149.993593296918419,-35.520818288583875],[149.993637695907353,-35.520850020588021],[149.993683312896337,-35.520880184592258],[149.993729127885302,-35.520910070596514],[149.993774117874324,-35.520940933600713],[149.993817261863256,-35.520974081604777],[149.993842710856228,-35.520997648607171],[149.993866868849125,-35.521023096609497],[149.993890972842024,-35.5210484466118],[149.993916232835062,-35.521071717614184],[149.993943841828269,-35.521090935616769],[149.993976273821374,-35.521105170619741],[149.994011242814707,-35.521114753622903],[149.994047528808181,-35.521122094626158],[149.994083904801585,-35.521129561629436],[149.994119105794823,-35.521139610632623],[149.994158529786461,-35.521156901636239],[149.99419704777776,-35.521177922639794],[149.994235314769043,-35.521199059643322],[149.994274021760731,-35.521216700646868],[149.994313866753231,-35.521227241650479],[149.99434489074838,-35.52122773465323],[149.994376856744054,-35.521223136656033],[149.994408875739879,-35.521217319658824],[149.994440105735492,-35.521214154661578],[149.994440106735539,-35.521214154661578],[149.994469651730469,-35.521217507664211],[149.994502477723671,-35.521230971667208],[149.994534219716058,-35.521251489670163],[149.994564149708083,-35.521276965672989],[149.994591552700086,-35.521305291675596],[149.994615710692528,-35.521334361677937],[149.994637322685065,-35.521365546680066],[149.994656263677626,-35.521399618681954],[149.994672183670389,-35.521435644683642],[149.994684750663566,-35.521472629684993],[149.994693625657249,-35.521509624686018],[149.994698922651395,-35.521547989686752],[149.994700724645838,-35.521587762687183],[149.994698895640795,-35.521627849687285],[149.994693320636458,-35.52166708468706],[149.994683898632985,-35.521704374686479],[149.994655975629911,-35.521759618684378],[149.994612840629827,-35.521810578680892],[149.994560293631594,-35.521858257676563],[149.994504125634194,-35.521903659671892],[149.994450179636686,-35.521947815667403],[149.994417891638165,-35.521974079664716],[149.994384500639995,-35.521999044661925],[149.994350697641948,-35.52202356965909],[149.994317189643823,-35.522048417656293],[149.994284641645407,-35.522074412653595],[149.99424491264719,-35.52210699665028],[149.99420472764902,-35.522139867646942],[149.994165904650487,-35.522173947643729],[149.994130272651176,-35.522210224640823],[149.994130271651187,-35.522210224640823],[149.994099633650649,-35.522249683638385],[149.994099632650659,-35.522249683638385],[149.994079706649416,-35.522282204636831],[149.994079705649398,-35.522282204636831],[149.994061849647608,-35.522316473635478],[149.994046180645313,-35.522352015634333],[149.994032779642538,-35.522388337633394],[149.994021735639421,-35.522424946632654],[149.994013219635434,-35.522464701632167],[149.994008020630844,-35.522505433631977],[149.994005116625829,-35.522546738631995],[149.994005115625811,-35.522546738631995],[149.994003538620575,-35.522588205632132],[149.994002256615317,-35.522629439632304],[149.994002390608557,-35.522680014632648],[149.994005178601412,-35.522730660633236],[149.994008871594133,-35.522781360633907],[149.994011730586976,-35.522832033634508],[149.994012008580228,-35.52288261663486],[149.994006836572481,-35.522946986634842],[149.994006835572463,-35.522946986634842],[149.993997361565448,-35.523011222634437],[149.993997360565459,-35.523011222634437],[149.993991677561809,-35.523045025634154],[149.993986577558559,-35.523075421633926],[149.993977478551443,-35.523139639633555],[149.993973068543596,-35.523203955633583],[149.993974178536234,-35.523258411634053],[149.993974179536195,-35.523258411634053],[149.993978284528367,-35.523312920634787],[149.993983752520279,-35.523367448635639],[149.993989050512255,-35.523422020636474],[149.9939898655104,-35.523434883636632],[149.99398986651039,-35.523434883636632],[149.993992537504482,-35.523476601637157],[149.993994258491597,-35.523571888637939],[149.993992984479121,-35.523667318638473],[149.993991425473013,-35.523715055638647],[149.993989865466943,-35.523762792638834],[149.993989864466954,-35.523762792638834],[149.993986091454872,-35.523858285639143],[149.993982819442692,-35.523953733639495],[149.993979242435188,-35.524014392639579],[149.993973720427988,-35.524075337639509],[149.99397371942797,-35.524075337639509],[149.993969005420666,-35.524136131639501],[149.993969004420677,-35.524136131639494],[149.993967875412835,-35.524196368639807],[149.993973074404153,-35.524255593640667],[149.99397821039841,-35.524292990641371],[149.993983633392446,-35.524331912642118],[149.993991351386256,-35.524369686643055],[149.994003390379902,-35.524403587644358],[149.994021766373436,-35.524430864646163],[149.994042195367996,-35.524448039648085],[149.994066505362355,-35.524462292650334],[149.994093281356726,-35.524473784652791],[149.994121042351281,-35.524482721655296],[149.994148355346198,-35.524489282657761],[149.994187869339555,-35.524493388661298],[149.994229381333469,-35.524491040664962],[149.994271574327968,-35.524483716668641],[149.994313158322996,-35.524472915672256],[149.994352833318572,-35.524460078675681],[149.994382889315688,-35.524447009678276],[149.994411798313394,-35.524430677680719],[149.994440268311337,-35.524413090683119],[149.994469051309125,-35.524396247685573],[149.994498893306428,-35.52438217368811],[149.994556531299679,-35.524365778693102],[149.994617146291489,-35.524357272698438],[149.994679132282641,-35.524352100703894],[149.994740858273985,-35.524345682709317],[149.994800746266407,-35.524333491714536],[149.994868326259194,-35.524309217720365],[149.994933987253148,-35.524278363725976],[149.994933988253166,-35.524278363725969],[149.994998976247558,-35.524245026731506],[149.994998977247576,-35.524245026731499],[149.995064503241707,-35.524213348737099],[149.995131805234735,-35.524187424742891],[149.995170951230591,-35.524173342746259],[149.995182461229405,-35.524168878747261],[149.995211181226466,-35.524157718749713],[149.995251304222052,-35.524144254753182],[149.995290154217059,-35.524136689756581],[149.9953265572112,-35.524138733759813],[149.995355573205416,-35.524148781762456],[149.995383980198966,-35.52416439776507],[149.995411087192196,-35.524184037767611],[149.99543624018537,-35.524206186769995],[149.995458704178873,-35.524229322772143],[149.995492946166593,-35.524282075775531],[149.995504698160374,-35.524315049776789],[149.995516449154195,-35.524348023778046],[149.995516450154184,-35.524348023778053],[149.995530119142416,-35.524421114779756],[149.99553485213184,-35.524495282780677],[149.995531580123185,-35.524564501780844],[149.995522733118662,-35.524608747780377],[149.995507942115182,-35.524652303779341],[149.995490274112143,-35.524695572778072],[149.995490273112154,-35.524695572778072],[149.995472830109094,-35.52473901177683],[149.995472829109076,-35.524739011776823],[149.995458711105414,-35.524783077775872],[149.995448412100501,-35.52483225377528],[149.995441034094995,-35.524882200774968],[149.995434436089369,-35.524932344774726],[149.99542647608402,-35.52498207677435],[149.995415011079302,-35.525030813773661],[149.995409364077858,-35.525048355773279],[149.99540936307784,-35.525048355773279],[149.995403053076501,-35.525065745772842],[149.995396653075204,-35.525083090772398],[149.995395159074832,-35.525087504772287],[149.995390746073809,-35.525100543771977],[149.99539074507382,-35.525100543771977],[149.99538586007219,-35.525118247771658],[149.995379370066132,-35.525171367771435],[149.995381467058507,-35.52522645077201],[149.995388289050027,-35.525282654772987],[149.99539591704135,-35.525339154774038],[149.995400435033218,-35.525395124774825],[149.995399547023283,-35.525471336775269],[149.995395002013822,-35.525548058775364],[149.995390897004285,-35.52562456577553],[149.995391353994165,-35.525700140776067],[149.995400442982998,-35.525774002777375],[149.995413125975205,-35.525818275778796],[149.995413126975194,-35.525818275778796],[149.995430515966746,-35.525861750780628],[149.995430516966763,-35.525861750780628],[149.995448847958158,-35.525904965782544],[149.995464345950012,-35.525948413784221],[149.995464346950001,-35.525948413784214],[149.995471786944023,-35.525985156785119],[149.99547330594271,-35.525993112785315],[149.99547382194001,-35.52601305278548],[149.995473820939964,-35.526013052785487],[149.995472494937417,-35.526033795785501],[149.99547089893494,-35.526054519785504],[149.995470629932271,-35.526074885785611],[149.995473291929301,-35.526094579785997],[149.99548227392458,-35.526119346786956],[149.995495800919343,-35.526143083788305],[149.995512123913784,-35.526166102789908],[149.99552948690814,-35.5261887007916],[149.995546159902602,-35.526211182793226],[149.995575149892773,-35.526251457796064],[149.995605573882841,-35.526291015799032],[149.995637529872823,-35.526329371802127],[149.99567111786277,-35.526366052805344],[149.995688590857839,-35.526383144807006],[149.995706453852762,-35.526400616808708],[149.995706453852762,-35.526400617808712],[149.995731381846014,-35.526422462811063],[149.995731382846003,-35.526422462811063],[149.99575726083927,-35.526443294813504],[149.995757261839287,-35.526443294813504],[149.995783785832515,-35.52646342781599],[149.995810659825821,-35.526483112818504],[149.995837605819048,-35.526502626821021],[149.99589138080583,-35.526539817826034],[149.995946535792626,-35.526575100831167],[149.9959812637845,-35.526596317834382],[149.996002479779492,-35.526609279836343],[149.996002480779509,-35.526609279836336],[149.996058656766337,-35.526643136841557],[149.996058657766355,-35.526643136841557],[149.996114484753178,-35.526677486846722],[149.996184376736608,-35.526721319853216],[149.996184377736625,-35.526721319853216],[149.996254304720054,-35.526765054859716],[149.996254305720043,-35.526765054859716],[149.996324268703489,-35.526808736866215],[149.996324269703479,-35.526808736866215],[149.996394259686923,-35.5268523818727],[149.996464223670301,-35.526896071879193],[149.996510952659293,-35.526925079883533],[149.996558506648086,-35.526954409887935],[149.996604518637241,-35.526982887892224],[149.996651104626181,-35.527012101896545],[149.996697376615089,-35.527041798900839],[149.996750335602371,-35.527076049905773],[149.99677672559605,-35.527093350908231],[149.996802828589693,-35.527111009910662],[149.996802829589683,-35.527111009910662],[149.996828528583308,-35.527129223913064],[149.996860726574795,-35.527155972916105],[149.996860727574784,-35.527155972916105],[149.996891446566138,-35.527185481919005],[149.996922094557561,-35.527214721921922],[149.996954086549181,-35.527240708924928],[149.99695408754917,-35.527240708924936],[149.996988831541216,-35.527260384928155],[149.997014441536265,-35.527268003930473],[149.997041736531543,-35.527272019932916],[149.997069336526863,-35.52727514793537],[149.997069337526881,-35.52727514793537],[149.997095879522107,-35.527280087937768],[149.997119974517148,-35.52728952693996],[149.997143460511211,-35.527307220942163],[149.997163951504973,-35.527330114944142],[149.997182901498661,-35.527355814945984],[149.997201770492268,-35.527381944947841],[149.997221984485975,-35.527406102949783],[149.99725661247632,-35.527438712953071],[149.997293660466568,-35.527469261956583],[149.997330869456846,-35.527499533960061],[149.997330870456807,-35.527499533960061],[149.997366008447187,-35.527531319963394],[149.997396844437787,-35.527566403966375],[149.997416941430686,-35.527596495968353],[149.997416942430675,-35.527596495968353],[149.997434609423721,-35.527628380970128],[149.997434610423738,-35.527628380970128],[149.997451004416888,-35.5276612519718],[149.997451005416877,-35.5276612519718],[149.997467193409989,-35.52769429297345],[149.997484288403058,-35.527726687975189],[149.997505147395231,-35.527761521977283],[149.997527117387278,-35.527795844979451],[149.997548864379354,-35.527830257981613],[149.997569033371605,-35.527865297983638],[149.997586280364146,-35.527901556985398],[149.997596642358786,-35.527930025986521],[149.997605193353593,-35.527959229987474],[149.997612929348492,-35.527988766988358],[149.997620871343372,-35.528018248989262],[149.997630014338085,-35.528047282990265],[149.997630015338103,-35.528047282990265],[149.997646122330138,-35.528088561991964],[149.997646123330156,-35.528088561991964],[149.997664248321968,-35.528129141993844],[149.99768307231372,-35.52816948799579],[149.99770124230551,-35.528210040997671],[149.997717449297596,-35.528251292999393],[149.997731379290116,-35.528291415000893],[149.997744618282667,-35.528331914002344],[149.997756711275429,-35.528372736003689],[149.997767243268356,-35.528413881004901],[149.997775741261535,-35.528455312005931],[149.997778439257587,-35.528481961006356],[149.99777894125387,-35.528509418006578],[149.997779550250158,-35.528536650006814],[149.997779551250119,-35.528536650006821],[149.997782562246272,-35.528562673007265],[149.997790316241918,-35.528586472008101],[149.99779566723987,-35.528595472008639],[149.99779566823986,-35.528595472008639],[149.997802059237785,-35.528603996009259],[149.997808692235623,-35.528612404009905],[149.997814743233562,-35.528621019010501],[149.997819449231628,-35.528630189010975],[149.997821591228018,-35.528654884011324],[149.997813649225463,-35.528683327010832],[149.997800248223427,-35.528714019009847],[149.997786085221435,-35.528745393008798],[149.997775740218998,-35.528775897008096],[149.997768372214779,-35.528816369007707],[149.997763603210046,-35.52885744200757],[149.997759614205222,-35.528898694007495],[149.997759613205233,-35.528898694007495],[149.997754567200559,-35.528939668007311],[149.997746607196433,-35.528979916006875],[149.997727056190513,-35.529047289005597],[149.997702459185433,-35.529114222003876],[149.997673057181288,-35.529179515001694],[149.997639110178255,-35.529242011999123],[149.997600860176362,-35.529300518996124],[149.997589037176255,-35.529315138995166],[149.997576084176387,-35.529329140994122],[149.997563220176545,-35.529343123993065],[149.997551648176369,-35.529357663992151],[149.997542603175702,-35.52937337799144],[149.997537010174,-35.529392524991088],[149.99753500217156,-35.529413248991034],[149.997534320168853,-35.529434573991125],[149.997532743166317,-35.52945558599113],[149.997528019164434,-35.529475377990835],[149.997516813163259,-35.529496962990002],[149.997501655162949,-35.529516996988775],[149.997484803162962,-35.529536448987422],[149.997468542162835,-35.529556258986112],[149.997455150162097,-35.529577386985068],[149.997438082159391,-35.529617670983832],[149.997425515155555,-35.529660993983015],[149.997417088150911,-35.529706045982557],[149.997412499145582,-35.529751483982459],[149.997411450139822,-35.529795971982672],[149.997412893136527,-35.529819304982965],[149.997416030132939,-35.529842593983382],[149.997419867129281,-35.529865881983881],[149.997423515125604,-35.529889187984374],[149.997426007122101,-35.52991255698474],[149.997425720118258,-35.529942227984918],[149.997422744114658,-35.529972560984859],[149.997419911111137,-35.530002652984813],[149.997420055107256,-35.530031543985018],[149.997426016102821,-35.530058273985723],[149.99743816209795,-35.530080755986958],[149.997454987092624,-35.53010141798859],[149.997474475087017,-35.530121030990443],[149.997494635081352,-35.530140401992348],[149.997513450075814,-35.530160283994157],[149.997547128064923,-35.53020302399743],[149.997579515054042,-35.530247718000602],[149.997612556043151,-35.530291444003836],[149.997648188032372,-35.530331262007259],[149.997688319021819,-35.530364303011034],[149.997720518014319,-35.530383423014015],[149.997754787006869,-35.530399863017159],[149.99779042799949,-35.530414017020426],[149.99782677699227,-35.530426315023725],[149.997863170985198,-35.530437171027025],[149.997897448978847,-35.530445507030095],[149.997932309972612,-35.530451836033251],[149.997967520966512,-35.530456909036403],[149.998002847960493,-35.530461481039566],[149.998038057954403,-35.530466304042719],[149.99808500294651,-35.530471503046904],[149.998132466938699,-35.530474784051137],[149.998179778931018,-35.530478369055352],[149.998226247922986,-35.530484510059509],[149.998271211914613,-35.530495437063585],[149.998307210906944,-35.530511733066881],[149.998342044898635,-35.530533695070119],[149.99837635889034,-35.530556230073294],[149.998410816882625,-35.530574328076476],[149.998446071876089,-35.530582880079663],[149.998451906875147,-35.530583006080185],[149.998457742874308,-35.530582844080698],[149.998463596873421,-35.530582620081219],[149.998469422872517,-35.530582557081736],[149.998475213871586,-35.53058288008225],[149.998489994868834,-35.530586564083592],[149.998489995868823,-35.530586564083585],[149.998504435865726,-35.530593251084909],[149.998504436865716,-35.530593251084902],[149.998518787862452,-35.530601023086234],[149.998533264859361,-35.530607925087544],[149.998548090856502,-35.530612013088906],[149.998556758855102,-35.530612569089676],[149.998565534853782,-35.530612291090449],[149.998574364852516,-35.53061172609123],[149.998583139851206,-35.530611439091999],[149.998591798849787,-35.530612022092768],[149.998591799849777,-35.530612022092768],[149.998612998845715,-35.530618099094696],[149.998633579841083,-35.530628946096584],[149.998633580841073,-35.530628946096584],[149.998653739836186,-35.530642580098466],[149.998653740836204,-35.530642580098466],[149.998673738831172,-35.530657030100336],[149.998693790826366,-35.53067031410221],[149.998693791826355,-35.53067031410221],[149.998759326810728,-35.530711638108286],[149.99882339279506,-35.530755418114261],[149.998886731779379,-35.530800399120182],[149.998950151763637,-35.530845335126102],[149.998950152763626,-35.530845335126102],[149.999014396747953,-35.530888891132093],[149.999069892734781,-35.53092377013725],[149.99912621372161,-35.530957483142465],[149.999182471708451,-35.53099125914769],[149.999237788695297,-35.531026281152826],[149.999291267682082,-35.531063768157814],[149.999330350672068,-35.531094228161486],[149.999368482661936,-35.531125987165069],[149.999368483661925,-35.531125987165069],[149.999406024651876,-35.531158535168608],[149.999443323641742,-35.531191370172138],[149.999480711631634,-35.531224061175678],[149.999503973625337,-35.531244526177879],[149.999527064619031,-35.531265233180072],[149.999550164612742,-35.531285903182244],[149.999573480606472,-35.531306269184469],[149.999597288600171,-35.531326071186712],[149.999643883588647,-35.53135878919106],[149.999693597577078,-35.531388200195664],[149.999743329565547,-35.531417288200245],[149.999789996554142,-35.531449011204607],[149.999830459543006,-35.531486355208443],[149.999858346533813,-35.531523125211166],[149.999882271524768,-35.531563409213554],[149.999903910515854,-35.531605709215761],[149.999924930506893,-35.53164851221792],[149.999947017497959,-35.531690374220155],[149.999959849492853,-35.531713899221444],[149.999972680487758,-35.531737425222737],[149.999972681487776,-35.531737425222737],[149.999997529477582,-35.531785015225275],[150.00002269146745,-35.531832398227813],[150.00004921545721,-35.531878813230477],[150.000078178446842,-35.531923534233343],[150.000104146437735,-35.531961720235913],[150.000130689428516,-35.532000516238519],[150.000158817419248,-35.532037690241268],[150.000189546410098,-35.532071071244211],[150.000223896401138,-35.532098402247449],[150.000253638394582,-35.532113524250178],[150.000286016388145,-35.532124443253132],[150.000319560381769,-35.532133631256158],[150.000352771375333,-35.532143563259176],[150.000384208368729,-35.532156695262039],[150.000420844360065,-35.53217964226544],[150.000455176351153,-35.532206965268664],[150.000488674342137,-35.532235954271833],[150.000522809333177,-35.532263832275042],[150.00055905932436,-35.532287846278422],[150.000593051317054,-35.532304187281532],[150.000628593309699,-35.532317768284791],[150.000664637302492,-35.532330434288063],[150.000700107295188,-35.532344122291313],[150.000733929287804,-35.532360687294407],[150.000761753282745,-35.532366505296913],[150.000789523277689,-35.532372537299409],[150.000817213272597,-35.532378785301916],[150.000844831267443,-35.532385248304408],[150.000872350262341,-35.532391935306897],[150.000891704258663,-35.532397000308634],[150.000930195251328,-35.532407775312116],[150.000949530247681,-35.532412857313879],[150.000969054244052,-35.532417321315641],[150.000990146240298,-35.53242133731753],[150.001011426236516,-35.53242480631944],[150.001011427236534,-35.53242480631944],[150.001032823232862,-35.532427854321362],[150.001032824232851,-35.532427854321355],[150.001054283229195,-35.53243059732327],[150.001054284229184,-35.53243059732327],[150.001075761225508,-35.532433179325189],[150.001100242221412,-35.532435913327383],[150.001124821217246,-35.53243832432959],[150.00114946321321,-35.532440404331787],[150.001174105209174,-35.532442152333978],[150.00119652420554,-35.532443451335986],[150.001198765205174,-35.532443595336169],[150.001200638204892,-35.532443729336336],[150.001200639204882,-35.532443729336336],[150.001224931200852,-35.532445737338506],[150.001315969181036,-35.532489526346872],[150.001401261161021,-35.532541113354775],[150.001469217141249,-35.532611516361278],[150.001516807123579,-35.532689386366016],[150.001554455107765,-35.532764665369861],[150.001554456107812,-35.532764665369861],[150.001578362094193,-35.532839361372481],[150.001599096081122,-35.532913986374837],[150.001616692068495,-35.53298852037689],[150.001616692068495,-35.532988521376893],[150.001626901056369,-35.533068523378333],[150.001626902056358,-35.533068523378333],[150.001634565045634,-35.533140226379487],[150.001634566045624,-35.533140226379487],[150.001638295034837,-35.533217235380341],[150.001638976024935,-35.533291357380897],[150.001632674015724,-35.53336811538086],[150.001619371006115,-35.533455729380272],[150.001612800001823,-35.533495735379965],[150.001606381997618,-35.533534898379649],[150.001583056990711,-35.533614058378113],[150.001556585984304,-35.53369312937631],[150.001530222978261,-35.533769385374477],[150.001453813981584,-35.533832975368135],[150.001443764982014,-35.533841329367299],[150.001214115987182,-35.534069048348471],[150.001198778986947,-35.534088437347236],[150.001186398986846,-35.534104088346261],[150.0011838179866,-35.534108552346055],[150.001179505986187,-35.534116817345733],[150.001175633985639,-35.534125252345447],[150.001171859985135,-35.534133714345167],[150.001167816984633,-35.534142050344876],[150.001163182984271,-35.5341501713445],[150.001150444983864,-35.534167992343498],[150.001135474983869,-35.534185202342293],[150.001118639984327,-35.534201454340909],[150.001104171984906,-35.534213851339707],[150.001080892986408,-35.534229538337748],[150.001028058988283,-35.534276921333387],[150.000980065988728,-35.53432919832948],[150.000980064988738,-35.53432919832948],[150.000937369987781,-35.534385886326071],[150.000919163982701,-35.534445496324878],[150.000891240979598,-35.534501216322774],[150.000729771975244,-35.534721638309932],[150.000719785970034,-35.534772248309395],[150.00070274496619,-35.534820940308201],[150.000679007963811,-35.53486674630642],[150.000649041962845,-35.534908733304043],[150.000611992959222,-35.534979171301245],[150.00058146195417,-35.535052667299027],[150.000557688947794,-35.535128618297421],[150.000540871940018,-35.535206407296457],[150.000531136931045,-35.535285398296125],[150.000531135931055,-35.535285398296125],[150.000528581920889,-35.535364944296433],[150.000528007915506,-35.535406249296649],[150.000520235911324,-35.535446811296239],[150.000505516908476,-35.535485410295202],[150.000511647901504,-35.535530642296052],[150.000510777895613,-35.535576277296279],[150.000502952890827,-35.53562125029589],[150.000511297882127,-35.535677328297012],[150.000511924874473,-35.535734016297454],[150.000519696870612,-35.535754158298261],[150.00052746786676,-35.535774300299082],[150.00052746886675,-35.535774300299074],[150.000536395859797,-35.535816547300172],[150.000536396859786,-35.535816547300172],[150.000538502853743,-35.535859664300645],[150.000533724848765,-35.535902583300505],[150.000522178845017,-35.535944185299776],[150.000540428831926,-35.536021606301908],[150.000550369819933,-35.536100525303311],[150.000564317811381,-35.536148975304876],[150.000572044803562,-35.536198788305896],[150.000573450796679,-35.536249183306367],[150.000573451796669,-35.536249183306367],[150.000587999790866,-35.536276039307857],[150.000595000785836,-35.536305781308656],[150.000593942781933,-35.536336321308774],[150.000607316772317,-35.536393296310344],[150.000611888763899,-35.536451643311139],[150.000629394756231,-35.536489130312944],[150.000660965747784,-35.536515950315909],[150.000676625743608,-35.536529477317394],[150.00069217773941,-35.536543066318863],[150.000692178739399,-35.536543066318856],[150.000707649735205,-35.53655670932033],[150.000723255730975,-35.5365703613218],[150.000723256730993,-35.5365703613218],[150.00073896972674,-35.536583968323292],[150.000754486722542,-35.536597710324749],[150.000769536718366,-35.536611730326193],[150.000769537718327,-35.536611730326193],[150.000783816714232,-35.53662624232755],[150.00079690371021,-35.536641275328819],[150.000796904710199,-35.536641275328812],[150.000809148706281,-35.536656818330002],[150.000820963702324,-35.536672640331162],[150.000832804698405,-35.536688452332307],[150.000845085694465,-35.536704005333497],[150.000860207689783,-35.53672177133496],[150.000875706685093,-35.536739305336454],[150.000891357680331,-35.536756766337966],[150.000906855675623,-35.536774327339444],[150.000921897670963,-35.536792120340891],[150.000935728666491,-35.536809582342251],[150.000949102662105,-35.536827286343566],[150.000962369657685,-35.536845070344853],[150.000975797653268,-35.536862747346149],[150.000989736648819,-35.536880146347514],[150.00100235764495,-35.53689471334873],[150.001015498641038,-35.536908992349986],[150.001028693637068,-35.536923245351254],[150.001041529633227,-35.536937677352483],[150.001041530633188,-35.536937677352483],[150.001053586629382,-35.536952512353665],[150.001064011625715,-35.536968083354687],[150.001073190622122,-35.536984388355606],[150.001082262618553,-35.537000711356526],[150.001092337614978,-35.53701631835753],[150.001104519611175,-35.537030507358693],[150.001112380608987,-35.537037777359437],[150.001120672606788,-35.537044805360225],[150.001129367604563,-35.537051519361043],[150.001138403602312,-35.537057901361891],[150.001147734600096,-35.537063889362749],[150.001157344597857,-35.537069501363639],[150.001167312595612,-35.537074754364561],[150.001177593593383,-35.537079666365514],[150.001188099591218,-35.537084184366471],[150.001198793588998,-35.537088280367442],[150.001211540586581,-35.537091713368589],[150.001227612583449,-35.537096554370052],[150.001243559580303,-35.537101861371504],[150.001259327577117,-35.537107633372941],[150.001274879573856,-35.537113854374361],[150.001290593570502,-35.537120963375813],[150.001308234566636,-35.537129622377421],[150.001324683562984,-35.537138048378928],[150.001336838560292,-35.537144421380049],[150.001341589559217,-35.537146949380499],[150.001366786553007,-35.537164277382843],[150.001366787553025,-35.537164277382843],[150.001407788542167,-35.537198277386707],[150.001436786534555,-35.537222273389439],[150.001464790527166,-35.537245275392081],[150.001505791514347,-35.537294272396046],[150.001538796496533,-35.53739027639962],[150.001593789477425,-35.537470270405024],[150.001593790477443,-35.537470270405024],[150.001611789461805,-35.537567269407269],[150.001627789449373,-35.537642279409205],[150.001647787435019,-35.537727275411548],[150.001650790426339,-35.537789270412226],[150.001664792416364,-35.537848270413868],[150.001680801402642,-35.537933266415862],[150.001716791386826,-35.538010267419573],[150.001756788369676,-35.538093273423669],[150.00179879235472,-35.538157266427831],[150.001798793354709,-35.538157266427831],[150.001842788340895,-35.538210270432067],[150.001892789324415,-35.538276272436953],[150.001951789307384,-35.538336267442595],[150.001988789296234,-35.538377269446137],[150.002025786285088,-35.538418269449714],[150.002025787285078,-35.538418269449714],[150.002089780266886,-35.538481277455801],[150.00214778624823,-35.538554261461428],[150.002216781228213,-35.538625265468021],[150.002261780211967,-35.538695264472494],[150.002334783188132,-35.538790264479609],[150.002374789174013,-35.538850251483552],[150.0024177791569,-35.538929259487894],[150.002460779134339,-35.539049259492508],[150.002472781120645,-35.539138262494177],[150.002458787086596,-35.539411259494763],[150.00238677805936,-35.53970025649032],[150.002376783034777,-35.539897257490765],[150.002313792019748,-35.540083259486444],[150.002229788985233,-35.540441261481398],[150.002158792956351,-35.540741257477123],[150.002116794921818,-35.541050253475483],[150.002059800892653,-35.541336256472356],[150.002096802851668,-35.541602252477439],[150.002195799807367,-35.541821250487679],[150.002330795755597,-35.542054250501224],[150.002519800693477,-35.542303250519637],[150.002742796633981,-35.542492246540675],[150.002938792573275,-35.542722242559606],[150.003139790518389,-35.542902238578634],[150.00338078645828,-35.543075233601165],[150.003559787413053,-35.543208231617925],[150.003780775364021,-35.543321230638277],[150.004001773316958,-35.543419232658536],[150.004268782260795,-35.543532232682971],[150.004482769216139,-35.54362022170254],[150.004482770216157,-35.543620221702533],[150.004694767173788,-35.543693223721803],[150.004865763136962,-35.543772222737495],[150.004865764136923,-35.543772222737495],[150.004965259116887,-35.543807720746564],[150.00506475409685,-35.543843217755615],[150.005151754076991,-35.54389171776365],[150.005238752057181,-35.543940216771695],[150.005238753057171,-35.543940216771695],[150.005446752011409,-35.544043211790829],[150.005727742947926,-35.544195213816764],[150.005983742883672,-35.54438221084073],[150.005995239880406,-35.544393209841822],[150.00600673487719,-35.544404207842909],[150.006006735877179,-35.544404207842909],[150.006030740864986,-35.544468210845473],[150.006054736850018,-35.544553206848164],[150.006079736833442,-35.544649210851041],[150.006097735819367,-35.544734197853195],[150.006121739803888,-35.544823209855913],[150.006121740803877,-35.54482320985592],[150.006135741785783,-35.544943209857976],[150.006136735771861,-35.545047209858765],[150.006137738756138,-35.545164206859631],[150.006158740732474,-35.54531820686254],[150.006211734707676,-35.545443208868079],[150.006365733663273,-35.545599199882773],[150.006443737636374,-35.545711203890448],[150.006542734604892,-35.54583321290005],[150.006684740569881,-35.545932201913324],[150.00681373053726,-35.546028195925381],[150.006882227520833,-35.54607219493176],[150.006950725504453,-35.546116194938129],[150.006950726504471,-35.546116194938129],[150.00704572447745,-35.546209195947178],[150.007045725477496,-35.546209195947178],[150.007136717449669,-35.546313195955946],[150.007254726414857,-35.546438188967251],[150.007381726376167,-35.546582185979481],[150.007474717344053,-35.546716196988626],[150.007553715312355,-35.546863187996621],[150.007632704278961,-35.547023185004697],[150.0076817092488,-35.54719318601019],[150.007728706219268,-35.547361188015479],[150.007789705192067,-35.547495181021809],[150.007841703159784,-35.547678180027638],[150.007840707138058,-35.547843179028654],[150.007842705116445,-35.548003186029916],[150.007824713102252,-35.548131173029184],[150.007807708091491,-35.548232178028343],[150.007821709072857,-35.548356176030431],[150.007849712053115,-35.548472179033702],[150.007909706031683,-35.548564176039626],[150.007987710005068,-35.548674181047296],[150.008076701978069,-35.548774174055858],[150.008076702978059,-35.548774174055858],[150.008191699946622,-35.548877179066743],[150.008349696908624,-35.548980174081443],[150.008349697908614,-35.548980174081443],[150.008428696894725,-35.548993172088544],[150.008500694882542,-35.549001177094972],[150.00857469187261,-35.548990169101458],[150.008654694860809,-35.548986172108513],[150.008755690845504,-35.548984173117475],[150.008847687830809,-35.548988171125664],[150.008982692806399,-35.5490151701378],[150.009092680784903,-35.5490491711478],[150.009262680752215,-35.549098168163198],[150.009464672712852,-35.549160162181522],[150.009623665678674,-35.5492331651961],[150.009826661634605,-35.549329160214754],[150.009958663600742,-35.549431161227147],[150.01003265958002,-35.549501160234186],[150.010203654539851,-35.549605160250039],[150.010298653514582,-35.549685154259009],[150.010385647490551,-35.549765157267259],[150.010472650465573,-35.549852153275559],[150.010562656440868,-35.549934155284106],[150.0106406424147,-35.550040154291729],[150.010676642394571,-35.550150150295643],[150.010696649378218,-35.550250152298091],[150.010698658365044,-35.550347152298926],[150.01069264335294,-35.550445155299059],[150.01067965533889,-35.550566159298718],[150.010668656327425,-35.550665157298404],[150.010645655315159,-35.550784154297169],[150.010639650304682,-35.550870154297229],[150.010627656292968,-35.550972155296847],[150.01059865828725,-35.551049155294798],[150.010580668275452,-35.551159152293934],[150.010576662260746,-35.551274160294341],[150.010584667240011,-35.551421160296051],[150.010644662218141,-35.551516160302015],[150.010644663218159,-35.551516160302015],[150.010718660188928,-35.551650154309471],[150.010797659162677,-35.551756152317196],[150.010898665138484,-35.551821150326589],[150.011050657110786,-35.551853152340279],[150.011265657076081,-35.55186515535943],[150.011445653048838,-35.551861148375366],[150.011592643031236,-35.551823150388145],[150.01174264501222,-35.551792143401237],[150.011948635986272,-35.551748148419207],[150.012116627966492,-35.551702146433797],[150.01211662896651,-35.551702146433804],[150.012260623954148,-35.55162813944608],[150.012383617938895,-35.551600145456796],[150.012532615920577,-35.551565141469766],[150.012676612900748,-35.551547141482423],[150.012864612878928,-35.551493142498728],[150.01304259986162,-35.551417137513994],[150.013217592844313,-35.551344135529028],[150.013217593844303,-35.551344135529028],[150.013442595819839,-35.551267135548464],[150.013628587799559,-35.551204136564543],[150.013805580781963,-35.551131134579734],[150.014033577754134,-35.551076131599601],[150.014223567732273,-35.55102013361607],[150.014434559706018,-35.550973126634474],[150.014646546681035,-35.550915130652875],[150.014799551663515,-35.550869127666139],[150.014799552663533,-35.550869127666147],[150.014891052649688,-35.550867123674244],[150.014982550635835,-35.550865120682346],[150.015117546615471,-35.550862126694291],[150.015292540587922,-35.550866124709849],[150.015450538560657,-35.550888122724004],[150.015608536532966,-35.550913123738191],[150.015791526501857,-35.550935121754563],[150.015922524477389,-35.550967113766404],[150.016050520450108,-35.551024115778141],[150.016146524427853,-35.55108011378703],[150.016211522404319,-35.551182114793484],[150.016276520382064,-35.551274111799856],[150.016340522362469,-35.551347113806031],[150.016340523362487,-35.551347113806024],[150.016385522346383,-35.551416109810489],[150.01644351932552,-35.551506116816242],[150.016504518299229,-35.55163309982251],[150.016504519299218,-35.55163309982251],[150.016556519277316,-35.551738112827834],[150.016615520252373,-35.551857109833854],[150.016677524224747,-35.551993110840279],[150.016754525195068,-35.552127112848019],[150.016819523173098,-35.552217110854379],[150.016896523151132,-35.552293107861708],[150.017039516117165,-35.552383105874995],[150.017162519092608,-35.552425110886198],[150.017326514065331,-35.55244010790085],[150.017458508044598,-35.55244310191258],[150.017617510021267,-35.552434101926629],[150.017759498001794,-35.552416102939098],[150.017759499001784,-35.552416102939091],[150.017904498977828,-35.552428104952035],[150.018053496946209,-35.552493102965691],[150.018201490913157,-35.552570094979345],[150.018201491913175,-35.552570094979345],[150.018286487890663,-35.552641097987355],[150.018329487876315,-35.552699094991574],[150.018355492861048,-35.552784099994447],[150.018354498850528,-35.552864093994891],[150.018343499838949,-35.552964095994597],[150.018328494826648,-35.553074101994],[150.018311499814388,-35.553186096993237],[150.018317488797663,-35.553305093994581],[150.018332512782848,-35.553399098996543],[150.01839149575892,-35.553511094002523],[150.018478499734044,-35.553597095010822],[150.018610503702007,-35.55368509402313],[150.018766502664818,-35.553784092037631],[150.018911494629322,-35.553883089051162],[150.019049494600324,-35.553941086063794],[150.019232493564658,-35.553997093080412],[150.01934748754482,-35.554013089090716],[150.019462480524993,-35.554029085101028],[150.019462481524982,-35.554029085101028],[150.019609480499781,-35.554048089114197],[150.019854473460299,-35.554061096136024],[150.020150473403504,-35.554145080162854],[150.020374970365395,-35.554171331182943],[150.020398472361421,-35.554174079185039],[150.020398473361411,-35.554174079185039],[150.020676465316967,-35.554186082209782],[150.020982462269615,-35.554187078236929],[150.021358459205686,-35.554232087270599],[150.021728449145854,-35.554253073303563],[150.022092452093204,-35.554227069335688],[150.022385450049484,-35.554216071361608],[150.022757439997065,-35.554179069394365],[150.023056443952271,-35.554169066420805],[150.023056444952289,-35.554169066420812],[150.023341437907447,-35.554176068446161],[150.023624431855836,-35.554236064471667],[150.023624432855854,-35.554236064471667],[150.023834433808048,-35.554352067491088],[150.023955430763465,-35.554547060503133],[150.023983434732855,-35.554745065506957],[150.023896439714775,-35.554982062500834],[150.023761441709667,-35.555177072490174],[150.02359844971221,-35.555347064476848],[150.023415449723956,-35.555471062461436],[150.023415448723938,-35.555471062461436],[150.023246459734338,-35.55558906344725],[150.023133459729678,-35.555755066438337],[150.023014462728241,-35.555904064428773],[150.022943468715397,-35.556083065423678],[150.022928472687568,-35.556310068423876],[150.023021474650648,-35.556480060433273],[150.023164469604808,-35.556659061447171],[150.023380467555427,-35.556780057467158],[150.023597468505756,-35.556902057487214],[150.023829466459915,-35.556978053508324],[150.024098468409761,-35.557043052532634],[150.024359464360884,-35.557108050556231],[150.024684455302037,-35.557174052585502],[150.024982454247322,-35.557240054612393],[150.024982455247311,-35.557240054612393],[150.02529244918847,-35.557323052640449],[150.025574448133312,-35.557411042666075],[150.025785443093042,-35.557469039685174],[150.026017441043365,-35.557574043706481],[150.026248443991506,-35.557696043727802],[150.026458443945558,-35.557798044747116],[150.026610437902178,-35.557948038761616],[150.026667440871478,-35.558113037767782],[150.026616453848646,-35.558344038764815],[150.026372453854492,-35.558583042744772],[150.026372453854492,-35.558583043744768],[150.026081454875595,-35.558762043720144],[150.025726462909859,-35.558916043689699],[150.025421471939353,-35.559048045663509],[150.025421470939364,-35.559048045663509],[150.025174477960292,-35.559177045642457],[150.02495347996728,-35.559381045624221],[150.024811489964947,-35.559563040612844],[150.024738487945541,-35.559794032607918],[150.02485049389756,-35.560025041619419],[150.02485049389756,-35.560025042619429],[150.024935020872903,-35.560112515627495],[150.025022494847349,-35.560203039635866],[150.025302485786256,-35.560338036661641],[150.025604483724635,-35.560451036689201],[150.025873483673109,-35.560527032713566],[150.025873484673099,-35.560527032713566],[150.02611847962055,-35.560638033736055],[150.026342489572073,-35.560743028756647],[150.026545470526116,-35.560853034775398],[150.02677047648308,-35.560916032795788],[150.026971466454455,-35.560898024813497],[150.027152467435201,-35.560833027829126],[150.02715246843519,-35.560833027829133],[150.027312457423989,-35.560732021842639],[150.027494453410753,-35.560620026858054],[150.027664455404903,-35.560467021872093],[150.027868449390581,-35.560338022889347],[150.028001447385265,-35.560224027900375],[150.028222446352629,-35.560213011919913],[150.028428438317121,-35.560241024938385],[150.028428439317139,-35.560241024938385],[150.028478961307542,-35.56025449694296],[150.028668432271616,-35.560305018960122],[150.028885432225024,-35.560404015980048],[150.029081430179502,-35.560519014998206],[150.029348423125839,-35.560613011022532],[150.029589429084012,-35.560648016044155],[150.029833420053308,-35.560596016065467],[150.030108418026344,-35.560480014089102],[150.030390406996531,-35.56037701011342],[150.030390407996521,-35.560377010113427],[150.030658403969824,-35.560267005136474],[150.030658404969813,-35.560267005136474],[150.031003401927137,-35.560188007166573],[150.031316397877021,-35.560202009194448],[150.03161539182625,-35.560237004221207],[150.031938382759847,-35.560361998250727],[150.032263380697088,-35.560456998280216],[150.032263381697106,-35.560456998280216],[150.03257137463072,-35.560598996308514],[150.032859369572208,-35.560704995334781],[150.033224365494647,-35.560864992368266],[150.033574363419433,-35.561024989400408],[150.033574364419422,-35.561024989400408],[150.033896359349313,-35.561178981430025],[150.034250365285033,-35.561251975461936],[150.034480354255805,-35.561204977482056],[150.034877343211889,-35.561074983516406],[150.034877344211878,-35.561074983516413],[150.035174339182987,-35.560947973541921],[150.035537338125806,-35.560956973574207],[150.035932328052013,-35.56105397260994],[150.03632033497621,-35.56117397364519],[150.036715325897632,-35.561306962681158],[150.037072316819035,-35.561483963714039],[150.037072317819053,-35.561483964714029],[150.037136309802719,-35.561532385720049],[150.037335311752031,-35.561682963738718],[150.037642311680486,-35.561864958767202],[150.037977314600653,-35.562076955798375],[150.038361305513803,-35.562284954833871],[150.038777306408008,-35.562597948872906],[150.038777307407997,-35.562597948872906],[150.039168299316998,-35.562828939909174],[150.039482299243417,-35.563017944938338],[150.039812291150383,-35.56333493696976],[150.040165294058454,-35.563616933002997],[150.04042128798784,-35.563850937027311],[150.040729290895285,-35.56418992605694],[150.040939281821778,-35.564498931077672],[150.041170283744407,-35.564812929100299],[150.04150828965092,-35.565123924132415],[150.04150829065091,-35.565123924132415],[150.041797282572162,-35.565380921159807],[150.042095283491904,-35.565638922187986],[150.042396287428971,-35.565762912215554],[150.04271528137329,-35.565811909244211],[150.043085191311974,-35.565843813277283],[150.043085173311965,-35.565843911277284],[150.043159637298913,-35.565855780283961],[150.043233922285481,-35.565870660290663],[150.043307678271731,-35.565888444297343],[150.043380574257725,-35.56590908930395],[150.043452250243575,-35.565932493310477],[150.043452250243575,-35.565932494310488],[150.043591238214333,-35.565991118323225],[150.043725438183856,-35.566064730335633],[150.043725439183874,-35.566064730335633],[150.043855955152651,-35.566148238347779],[150.043983926121143,-35.566236623359742],[150.04411046208989,-35.566324811371572],[150.044167652075942,-35.566363419376913],[150.044167653075931,-35.566363418376909],[150.044225005061946,-35.566402044382265],[150.044281621047958,-35.566441620387565],[150.044281622047947,-35.566441620387565],[150.044309097040951,-35.566462341390142],[150.044336571033966,-35.566483061392717],[150.044388939019996,-35.566527298397673],[150.044412174013473,-35.566549591399877],[150.044434575006903,-35.566572817402012],[150.044456743000381,-35.56659629340416],[150.044479296993842,-35.566619313406314],[150.044502844987306,-35.566641194408554],[150.044575354968657,-35.566697326415365],[150.044654104949899,-35.566747040422698],[150.044737101931162,-35.566791475430364],[150.044737102931151,-35.566791475430364],[150.044822367912673,-35.566831750438219],[150.044822368912691,-35.566831750438219],[150.044865140903596,-35.566850373442129],[150.044907911894541,-35.566868995446072],[150.045082029859515,-35.566930210461933],[150.045265119825558,-35.566973426478491],[150.045453561792641,-35.567002487495415],[150.045643706760814,-35.567021231512435],[150.045831932730124,-35.567033512529221],[150.04590266371892,-35.567035833535527],[150.045973393707669,-35.56703815554183],[150.045973394707687,-35.56703815554183],[150.046115393685938,-35.567037035554435],[150.046257553664816,-35.567031065567015],[150.046399481644272,-35.567021142579556],[150.046540772624184,-35.56700819059202],[150.046563567621035,-35.567005474594033],[150.046586336617935,-35.567002283596025],[150.046609104614845,-35.566999190598032],[150.046609105614863,-35.566999190598032],[150.046631891611639,-35.566996752600026],[150.0466546966083,-35.566995542602051],[150.046740104594221,-35.567002390609687],[150.04674010559421,-35.567002390609687],[150.046828078577761,-35.567023976617655],[150.046915118559923,-35.567057313625604],[150.046997722541562,-35.567099443633225],[150.04707240152365,-35.567147401640185],[150.047165520497174,-35.567238860649063],[150.047240773469753,-35.567357175656547],[150.047303647442192,-35.567491769663029],[150.04735962741492,-35.56763208266895],[150.047414164388442,-35.567767518674707],[150.047500201343098,-35.568008774683975],[150.047562824300002,-35.568260204691228],[150.04761152625818,-35.568517558697287],[150.047655862216885,-35.568776590702981],[150.047705308175182,-35.569033057709085],[150.047734907149533,-35.569191432712778],[150.047759800124368,-35.569351573716062],[150.047786351099091,-35.569510961719502],[150.047786352099052,-35.569510961719509],[150.047820917072983,-35.56966717672362],[150.047869870045361,-35.569817698728968],[150.047892871033696,-35.569878985731435],[150.047915962021818,-35.569941401733907],[150.047915963021808,-35.569941401733907],[150.047941465009785,-35.570002266736587],[150.047971735997606,-35.570058936739635],[150.047971736997567,-35.570058936739635],[150.048009116985185,-35.570108776743304],[150.048066037969818,-35.570158275748696],[150.048134074953936,-35.57019888275503],[150.048209085937884,-35.570232452761907],[150.048286955922066,-35.57026085076901],[150.048363526906968,-35.570285949775972],[150.048446703891074,-35.570308654783524],[150.048532282875698,-35.570324960791233],[150.048619314860787,-35.570336246799037],[150.048706838846272,-35.570343883806871],[150.04870683984629,-35.570343883806871],[150.048750369839212,-35.570346555810751],[150.048793898832088,-35.570349226814642],[150.048939966809627,-35.57034905682761],[150.049086760788697,-35.570336282840572],[150.049086761788686,-35.570336282840572],[150.049160346778706,-35.570326135847033],[150.049233932768686,-35.570315988853501],[150.049381148749006,-35.570293300866425],[150.049528050729009,-35.570273284879342],[150.049702956705403,-35.570248185894705],[150.049877736682475,-35.570217735910035],[150.050052409659429,-35.570188441925353],[150.050226955635395,-35.570166802940712],[150.050401431609487,-35.570159380956163],[150.050492612594951,-35.570162759964276],[150.050583749579943,-35.570169876972429],[150.05067486856467,-35.570179100980582],[150.050765978549322,-35.570188799988735],[150.050857115534143,-35.570197342996892],[150.050921396523847,-35.570199817002639],[150.05098668951382,-35.570199593008425],[150.050986690513867,-35.570199593008425],[150.051051490503738,-35.570200659014198],[150.051114274493187,-35.570207024019815],[150.051173553481959,-35.570222657025184],[150.051230752469735,-35.570248294030435],[150.051287055456669,-35.570281335035652],[150.051340068443267,-35.570320525040628],[150.05138741643006,-35.570364654045136],[150.051426714417659,-35.570412486048944],[150.051465429400423,-35.570497088052946],[150.051482891384154,-35.570599196055198],[150.051484791368978,-35.570710887056116],[150.051476831355131,-35.57082424505618],[150.051464694342769,-35.570931355055812],[150.051434987329003,-35.571069077054091],[150.051384690318685,-35.571204702050551],[150.051321404310642,-35.571338542045822],[150.051252713303626,-35.571470904040609],[150.051186227296398,-35.571602100035584],[150.051128929291394,-35.571706199031198],[150.051064379287794,-35.571807922026153],[150.051000636284158,-35.571909474021169],[150.050945741278809,-35.572013088016995],[150.050907760270292,-35.57212097801434],[150.05088911525516,-35.572256495013598],[150.050892091235824,-35.572398018014816],[150.050909472213959,-35.572542651017329],[150.050933980190877,-35.572687500020479],[150.050958397168159,-35.572829677023613],[150.050975169150433,-35.572943573025874],[150.050992559132425,-35.573058544028186],[150.051014225113988,-35.573172252030872],[150.051043815094744,-35.573282365034245],[150.051084977074566,-35.5733865170386],[150.051132451056077,-35.573470151043381],[150.051189246036756,-35.573549329048966],[150.051251421017014,-35.573625909054989],[150.051315019997134,-35.573701797061155],[150.051376108977394,-35.573778833067095],[150.051398895969839,-35.573809212069328],[150.051444566954757,-35.573869880073808],[150.051467353947174,-35.573900250076029],[150.051490023939635,-35.573930701078254],[150.051547491919905,-35.574012568083887],[150.051602762900188,-35.574096363089367],[150.051658420880472,-35.574179719094886],[150.051717026860757,-35.574260269100634],[150.051781163840815,-35.574335674106834],[150.051859078818637,-35.574412101114262],[150.051942703796215,-35.574483561122179],[150.052030415773714,-35.574550979130429],[150.052030416773732,-35.574550979130429],[150.052120566751285,-35.57461526913886],[150.052211532728933,-35.574677371147367],[150.052211533728922,-35.574677371147367],[150.052351702695944,-35.574763084160395],[150.052498111663169,-35.57483947517391],[150.052647854630578,-35.574910972187695],[150.05279801059794,-35.574982011201527],[150.052945682565166,-35.575057030215149],[150.05310370752926,-35.575143640229776],[150.053103708529278,-35.575143640229768],[150.053260846493288,-35.575231890244318],[150.053417447457235,-35.575321135258854],[150.053573868421211,-35.575410721273336],[150.053730469385158,-35.575499966287857],[150.053930276339145,-35.575614221306374],[150.054129598293031,-35.575729354324871],[150.054329002246959,-35.575844317343346],[150.054529095200962,-35.575958034361896],[150.054730435155079,-35.576069447380533],[150.054882661120047,-35.576156075394643],[150.055034179084743,-35.576245589408707],[150.055186800049682,-35.57633227942285],[150.055342324015299,-35.576410454437195],[150.05550255498207,-35.576474421451856],[150.055640268955187,-35.57651646246439],[150.055781146928837,-35.576551269477143],[150.055924049903126,-35.576578968490026],[150.05606784987819,-35.576599711502936],[150.056211389854184,-35.576613632515787],[150.056360415830198,-35.576620884529085],[150.056510750807035,-35.576620750542439],[150.056661246784813,-35.576613202555755],[150.056810774763761,-35.576598188568944],[150.056958196744006,-35.576575661581892],[150.057116222724204,-35.576541554595714],[150.057116222724204,-35.57654155359571],[150.057273065705857,-35.576497451609363],[150.057428115688936,-35.576445093622773],[150.057580753673221,-35.57638621763595],[150.057730318658599,-35.576322547648807],[150.057894117644508,-35.576238787662803],[150.058052008633041,-35.576141842676158],[150.058052009633059,-35.576141842676165],[150.058207740622606,-35.576039949689331],[150.058365076611437,-35.575941355702646],[150.058527754597947,-35.575854288716528],[150.058632391587992,-35.575807702725506],[150.058738632577359,-35.57576454173465],[150.058845716566367,-35.575723136743896],[150.058952889555343,-35.575681884753145],[150.059059381544643,-35.57563913576233],[150.059059382544604,-35.57563913576233],[150.059107204540112,-35.575617559766428],[150.059154669535872,-35.575594378770489],[150.059202258531485,-35.575571888774562],[150.05925049452668,-35.575552310778733],[150.059299876520981,-35.575537896783011],[150.059311045519564,-35.575535521783998],[150.059322259518154,-35.57553332578496],[150.059333518516695,-35.575531308785962],[150.059344795515187,-35.575529470786954],[150.059356098513661,-35.575527794787952],[150.059454890501968,-35.575501198796537],[150.059590094485969,-35.575464796808305],[150.059590094485969,-35.575464795808308],[150.059672771475874,-35.575444530815524],[150.059693037473409,-35.575439562817301],[150.059796642460498,-35.575416516826344],[150.059900759447231,-35.575395666835462],[150.060005252433598,-35.575377056844623],[150.060109969419642,-35.575360715853812],[150.060268246397726,-35.575341828867757],[150.060427545374779,-35.575329467881836],[150.060587436351199,-35.575321498895995],[150.060747524327269,-35.575315752910178],[150.06090740530334,-35.575310087924358],[150.061175652262534,-35.57530595594816],[150.061444293220518,-35.575310464972077],[150.061444294220507,-35.575310464972077],[150.061712997178148,-35.575317044996005],[150.061712998178166,-35.575317044996012],[150.061981388136502,-35.57531911601987],[150.062249133096401,-35.5753100800436],[150.062470893064017,-35.575296410063231],[150.062693307031822,-35.575280652082881],[150.062914969000474,-35.575259075102444],[150.063134451970797,-35.575227944121735],[150.063350348943374,-35.575183518140641],[150.063490052926596,-35.575147797152823],[150.063490053926614,-35.575147797152823],[150.063629389910375,-35.575108221164932],[150.063767237895036,-35.57506373317689],[150.063902441880913,-35.575013257188573],[150.064033871868304,-35.574955717199856],[150.064064913865479,-35.574940730202513],[150.064095794862794,-35.574925374205158],[150.064126496860155,-35.574909652207786],[150.064157009857581,-35.574893579210389],[150.064157010857599,-35.574893579210389],[150.064187326855091,-35.574877166212971],[150.064253005849395,-35.574843704218601],[150.064327460841895,-35.574813881225005],[150.064401753834488,-35.574783609231417],[150.064475841827118,-35.574752908237791],[150.064549740819899,-35.574721758244145],[150.064671229808368,-35.574667714254581],[150.064791607797332,-35.574611008264903],[150.064911769786391,-35.574553818275213],[150.065032586775175,-35.574498304285562],[150.065154945763169,-35.574446636296102],[150.065282323750097,-35.574397523307098],[150.065282324750115,-35.574397523307091],[150.065346578743288,-35.574374212312634],[150.065410832736461,-35.574350902318209],[150.065540272722359,-35.574306835329402],[150.065670519707822,-35.5742653593407],[150.065801412692764,-35.574226545352083],[150.065929292677936,-35.574189892363208],[150.066057881662886,-35.574154287374398],[150.066187169647236,-35.574121864385674],[150.066317183630787,-35.574094793397045],[150.066447869613228,-35.574075225408535],[150.066579174594636,-35.574062873420139],[150.066711805575039,-35.574056159431869],[150.066711806575086,-35.574056159431869],[150.06684481355461,-35.574055631443692],[150.066977229533393,-35.574061816455504],[150.066977230533382,-35.574061816455504],[150.067108086511411,-35.574075226467237],[150.067219804491828,-35.574092922477277],[150.067331191471567,-35.574116031487343],[150.067441735450757,-35.574144053497356],[150.067550925429629,-35.574176475507272],[150.067658277408242,-35.574212780517058],[150.067658278408231,-35.574212780517072],[150.067776360384187,-35.574256435527857],[150.06789418235968,-35.574304249538649],[150.06789418335967,-35.574304249538649],[150.068009361334788,-35.574357755549258],[150.068119492309677,-35.574418468559458],[150.068222210284574,-35.574487885569056],[150.068222211284592,-35.574487885569056],[150.068292784266362,-35.574543247575697],[150.068361744247795,-35.574602454582227],[150.068427064229326,-35.574665624588469],[150.068486692211195,-35.574732854594217],[150.068538566193666,-35.574804270599323],[150.06855087418927,-35.574822906600524],[150.06856330718486,-35.574841668601756],[150.068575103180507,-35.57486074360294],[150.068585439176303,-35.574880311603991],[150.068593587172359,-35.574900561604849],[150.068598284169497,-35.574916553605377],[150.068602031166733,-35.57493299360582],[150.068604819164079,-35.574949675606192],[150.068606593161576,-35.574966437606449],[150.068621339157829,-35.574977418607844],[150.068635914147819,-35.575035747609519],[150.068655930129438,-35.575150746612081],[150.068632928115534,-35.575281737610915],[150.068620925101925,-35.575397749610623],[150.068620924101907,-35.575397749610623],[150.068609433096015,-35.575455248609991],[150.068597940090115,-35.575512747609352],[150.068560927082785,-35.575610751606725],[150.068501935076966,-35.575722747602235],[150.068501934076949,-35.575722747602235],[150.068461932074797,-35.575785249599107],[150.068421930072645,-35.575847749595965],[150.068325934068554,-35.57598974758838],[150.068211938068686,-35.576120756579122],[150.068110940067328,-35.576247757570997],[150.067988940068687,-35.576378756561041],[150.067872945070604,-35.576498757551533],[150.067750944070781,-35.576638756541627],[150.067633945069758,-35.576781758532178],[150.06751494707072,-35.576912748522489],[150.067411950071005,-35.577029755514125],[150.067294961070246,-35.57717075850465],[150.067294960070257,-35.57717075850465],[150.067252960069595,-35.577224259501293],[150.067210958068955,-35.577277761497918],[150.067111959065301,-35.57741975949007],[150.067012960062357,-35.577556764482189],[150.0669109670566,-35.577717766474223],[150.066839971045738,-35.577881762469012],[150.066809968034931,-35.577997764467113],[150.066790973024524,-35.578097775466091],[150.066790972024535,-35.578097775466091],[150.066784967013064,-35.578190759466196],[150.066812969996477,-35.578282765469304],[150.066879965976028,-35.578358762475766],[150.067012963946013,-35.578429766488071],[150.067012964946031,-35.578429766488071],[150.067194959911205,-35.578480763504587],[150.067406958872596,-35.578524759523738],[150.067503957853404,-35.578556760532564],[150.067602955835838,-35.578573765541485],[150.067718958817011,-35.578580758551844],[150.067817957800571,-35.578589758560717],[150.067941946781048,-35.578592761571755],[150.067941947781037,-35.578592761571755],[150.067994449773067,-35.578591758576415],[150.068046951765098,-35.578590754581072],[150.068162945745854,-35.578600758591449],[150.068329944713724,-35.578648761606637],[150.068491941681941,-35.578699757621379],[150.068784938623679,-35.57879776264808],[150.06892593259488,-35.578850757660973],[150.068925933594898,-35.578850757660966],[150.069039936573546,-35.578878761671298],[150.069039937573564,-35.578878761671298],[150.069181935548727,-35.57890075068407],[150.069331930523049,-35.578919754697544],[150.069531925490736,-35.578930754715401],[150.06972292145889,-35.578948754732494],[150.069922916425213,-35.578969758750432],[150.069922917425231,-35.578969758750425],[150.070131912388547,-35.579002755769238],[150.070341912352319,-35.579031754788097],[150.070464924329059,-35.579063756799243],[150.070610912305767,-35.579069753812277],[150.070742907284085,-35.579079749824068],[150.07086990926274,-35.579092747835446],[150.070991900242859,-35.579100752846351],[150.071116903224379,-35.579094747857432],[150.071188401213931,-35.579090247863761],[150.071259896203543,-35.579085748870078],[150.071259897203504,-35.579085748870078],[150.071431898180464,-35.57905975388519],[150.07163089015242,-35.579039746902765],[150.071821886128021,-35.579001748919488],[150.071926890116629,-35.578965749928585],[150.071926891116618,-35.578965749928585],[150.072039882110658,-35.578879758938051],[150.072097880114626,-35.578782750942565],[150.072185880121424,-35.578629744949346],[150.07227287613,-35.578464744955987],[150.072343872140635,-35.578302746961214],[150.072382875154602,-35.57815274396367],[150.072411875169848,-35.578004748965256],[150.07242687319436,-35.577803739965233],[150.072423870210656,-35.577684742964152],[150.072423871210674,-35.577684742964152],[150.072431867240198,-35.577453740963328],[150.072431868240187,-35.577453740963328],[150.072459872261845,-35.577258737964499],[150.072505867270223,-35.577142743967805],[150.072557877280445,-35.577005737971511],[150.072640867295632,-35.576795738977488],[150.072675871296752,-35.576746750980263],[150.072772863302845,-35.576588733987812],[150.072848860301349,-35.576511732994064],[150.072958858298364,-35.576406738003136],[150.073057857294714,-35.576319734011363],[150.073189852288607,-35.576212731022366],[150.073311853279677,-35.576138734032718],[150.073423849271563,-35.576069729042231],[150.073581849255476,-35.576007734055864],[150.073739840240279,-35.575938730069431],[150.073921836222098,-35.575864732085137],[150.074059838209081,-35.575802729096985],[150.07419983819463,-35.575748730109076],[150.074375828176841,-35.575678721124248],[150.074531829161458,-35.575613724137682],[150.0746688351486,-35.575551720149456],[150.074790827136695,-35.575499720159961],[150.074912827126809,-35.575432724170348],[150.075032820118452,-35.575356718180515],[150.075120820114421,-35.575284719187856],[150.075183819117939,-35.575185721192788],[150.075253820122441,-35.575070722198241],[150.075290815129279,-35.574976716200908],[150.075301814140374,-35.574880721201225],[150.075300811154904,-35.574772723200418],[150.075287814175567,-35.574632714198323],[150.075277811199499,-35.574464710196303],[150.07527881621948,-35.574313712195369],[150.07532281223348,-35.574157711198232],[150.075404806235611,-35.574046710204769],[150.075493810230938,-35.573978709212248],[150.075667802213161,-35.57391070822726],[150.075845800192752,-35.57385770524273],[150.0760288001687,-35.573826707258803],[150.076232794138548,-35.573816704276886],[150.076400788111044,-35.573828707291888],[150.076400789111062,-35.573828707291895],[150.07649629209385,-35.573847205300517],[150.076591793076659,-35.573865702309135],[150.076846783028003,-35.573935702332271],[150.077089777977363,-35.57403470135457],[150.077446777904953,-35.574164707387204],[150.077561776880401,-35.574215703397769],[150.07773577684452,-35.574283705413698],[150.07786476782104,-35.574310705425347],[150.07786476882103,-35.574310705425354],[150.078046763784158,-35.574376698441981],[150.078179762755667,-35.574436703454218],[150.078322764721463,-35.574527697467545],[150.078448761689799,-35.574619704479382],[150.078591763649513,-35.574756702493019],[150.078711755610726,-35.574908705504711],[150.078816758571321,-35.575082706515232],[150.07888875653731,-35.575254698522791],[150.078912760506284,-35.575459705526306],[150.078912760506284,-35.575459706526303],[150.078912759486826,-35.575605702527284],[150.078865760474372,-35.5757537075241],[150.078796764472855,-35.575844719518571],[150.078796763472894,-35.575844719518564],[150.078663764482997,-35.575922705507274],[150.078574761492746,-35.57595270849955],[150.078574760492728,-35.575952708499557],[150.078430763511477,-35.575978712486915],[150.078289768530823,-35.575996711474502],[150.078098772556928,-35.576021712457667],[150.077890771587164,-35.576035713439275],[150.077700779614872,-35.576047715422447],[150.077507784642336,-35.576064710405412],[150.077275787678161,-35.576064719384767],[150.077275786678143,-35.576064719384767],[150.077122789700411,-35.57607471337122],[150.076937790727328,-35.576086716354844],[150.076782793746702,-35.576120716341286],[150.076661797759499,-35.57616472033083],[150.07666179675951,-35.57616472033083],[150.076584796765644,-35.57620772032427],[150.07653579876748,-35.576250720320196],[150.0764708007666,-35.57633272331497],[150.076436799762888,-35.576399720312388],[150.076431797754054,-35.576471719312437],[150.076415805746393,-35.576547724311524],[150.076428793733356,-35.576630713313243],[150.076454797711364,-35.576765720316459],[150.076514801681043,-35.576923720322867],[150.076586799649249,-35.577078726330321],[150.076710796597496,-35.577323722342975],[150.0768158005597,-35.57748572935342],[150.07699679949755,-35.577742728371234],[150.077168790443579,-35.577948730387916],[150.077248794421109,-35.578024727395544],[150.077336793395432,-35.578115730403987],[150.077476791354314,-35.57826172741742],[150.077476792354332,-35.578261728417431],[150.077582790324414,-35.578363729427529],[150.077664783300946,-35.578444729435375],[150.077786783269602,-35.578538726446851],[150.077913784238262,-35.578626726458744],[150.07805078120785,-35.578696726471399],[150.078189776179187,-35.578750726484131],[150.078358774144732,-35.578813726499583],[150.078507773116399,-35.578853724513102],[150.07872076708037,-35.57887773053222],[150.078855764058744,-35.578883728544263],[150.078855765058734,-35.578883727544259],[150.079042763030429,-35.578879730560878],[150.07920476000811,-35.57885972357515],[150.079379754984728,-35.578832724590526],[150.079379755984689,-35.578832724590519],[150.07959575194991,-35.578843724609818],[150.079802747915892,-35.578859725628334],[150.079960738889014,-35.578878721642511],[150.080170745853934,-35.578898720661336],[150.080398743815522,-35.578922717681777],[150.080607738779975,-35.57894771870054],[150.080838730740226,-35.578978725721285],[150.081013724709635,-35.579005716737043],[150.081184720680085,-35.579029723752406],[150.08133972565372,-35.579047714766325],[150.08154871961537,-35.57909371778522],[150.081757713577133,-35.579138717804128],[150.081757714577122,-35.579138717804128],[150.081942711541274,-35.57919371282096],[150.082141711504136,-35.579241715838982],[150.082334704466149,-35.579303710856571],[150.082534708425925,-35.579373711874837],[150.082747700384459,-35.579438709894212],[150.082927696348179,-35.57950270391067],[150.08292769634815,-35.579502704910659],[150.083094694314269,-35.579563704925931],[150.083230694287153,-35.579609707938339],[150.083363692261429,-35.579648710950437],[150.083505690235938,-35.579675701963247],[150.083656687210777,-35.579689703976769],[150.083656688210738,-35.579689703976776],[150.08384968217581,-35.579728697994206],[150.084054678141797,-35.579746698012556],[150.084254664108272,-35.579766706030497],[150.084443678077776,-35.579776692047375],[150.084607673052744,-35.579774694061953],[150.084797664023455,-35.579774694078857],[150.084797665023444,-35.579774694078857],[150.085000661994229,-35.579758694096824],[150.085204663966948,-35.579727688114772],[150.085432653938398,-35.579677678134708],[150.0856446509124,-35.579627686153231],[150.085954651874317,-35.579554684180316],[150.085954652874307,-35.579554684180316],[150.086308639832509,-35.579458680211182],[150.086792630776642,-35.579317669253285],[150.087159624733516,-35.579216673285266],[150.087159625733506,-35.579216673285273],[150.087390626706309,-35.579153665305405],[150.087540620688344,-35.579114663318499],[150.087540621688333,-35.579114663318499],[150.087610119679368,-35.579101665324586],[150.087679616670357,-35.579088668330691],[150.087823613651892,-35.579060665343306],[150.087935609637441,-35.579039663353129],[150.088063614620353,-35.579019664364388],[150.088202609601581,-35.578999657376627],[150.088335608582952,-35.578985665388366],[150.08846260056373,-35.578982662399646],[150.088618600540116,-35.578979659413505],[150.088754601520577,-35.57896865242553],[150.08894459249305,-35.57895565544235],[150.089071593473022,-35.578958658453679],[150.089227593448413,-35.578962656467588],[150.0894275884161,-35.578973647485448],[150.08958658139133,-35.578975646499622],[150.089850578349143,-35.578986645523187],[150.089850579349132,-35.578986645523187],[150.090050583318032,-35.57898864554101],[150.090290574280999,-35.578988645562369],[150.090518573245163,-35.578993639582691],[150.090747566209586,-35.578995638603075],[150.090958559177324,-35.578993640621839],[150.091150558147575,-35.578994635638928],[150.091311560122591,-35.578995631653271],[150.091482556095571,-35.579000633668542],[150.091620556073082,-35.579009633680862],[150.091788550043447,-35.579037628696014],[150.091950537012565,-35.579081633710707],[150.092125548980221,-35.579121630726561],[150.092277540950278,-35.579170627740417],[150.092395541924361,-35.579228624751316],[150.092476539903998,-35.57928762575893],[150.092575536873397,-35.579402624768505],[150.092614035860834,-35.579452127772271],[150.092652535848288,-35.579501631776033],[150.092652536848306,-35.57950163177604],[150.092742532819329,-35.579614622784796],[150.092742533819319,-35.579614622784796],[150.092839522789063,-35.579729621794208],[150.092938536755383,-35.579867621803942],[150.092985533739068,-35.579935621808588],[150.093032531722713,-35.580003622813223],[150.093032532722731,-35.58000362281323],[150.093077034706539,-35.580073622817658],[150.093121535690358,-35.580143621822081],[150.093210530662333,-35.580250615830728],[150.093304536637049,-35.580331623839641],[150.093438529602622,-35.580434619852262],[150.093536533578174,-35.580504609861457],[150.093641528553178,-35.580570611871238],[150.093802521519535,-35.580636613886014],[150.093957526490044,-35.580678609900104],[150.094132520459709,-35.580703601915836],[150.094291523436652,-35.580692603929926],[150.094431522423321,-35.580630608941973],[150.094503520425292,-35.58053260694772],[150.094566509429626,-35.580427602952618],[150.09457650843612,-35.580367105953087],[150.094586506442624,-35.580306607953581],[150.094586507442671,-35.580306607953588],[150.09459451046115,-35.580158603953294],[150.094594511461167,-35.580158603953294],[150.094587509482892,-35.580003607951625],[150.094554505509734,-35.579840607947595],[150.094501502533888,-35.579720606942082],[150.094453510557571,-35.579598598936983],[150.094380509586301,-35.579467608929605],[150.094380508586312,-35.579467608929605],[150.094335004603408,-35.579392109925045],[150.094289499620487,-35.5793166109205],[150.094180507658365,-35.579158620909723],[150.094094518689531,-35.579024609901161],[150.094094517689541,-35.579024609901161],[150.094034514715588,-35.578898621894979],[150.093981511739486,-35.578780610889467],[150.093935518760048,-35.578679613884695],[150.093883510785531,-35.578548614879189],[150.093818514815013,-35.578402618872417],[150.093770513836432,-35.578297614867445],[150.093770512836414,-35.578297614867445],[150.093753518853333,-35.578190612865207],[150.093747513871307,-35.57806260686381],[150.093752516888571,-35.577927618863349],[150.093788516901014,-35.577792612865643],[150.093847509908471,-35.577668614870056],[150.093924511911126,-35.577559613876183],[150.094033514913235,-35.577417616884937],[150.09414152191124,-35.577307610893797],[150.094255508911147,-35.577176612903067],[150.09436250390786,-35.577077614911921],[150.094452502907586,-35.576975614919256],[150.094523506910235,-35.576873613924882],[150.094595497914725,-35.576756616930496],[150.094651496923035,-35.576629606934624],[150.094675502937605,-35.576492611935848],[150.094675504958786,-35.576333608934775],[150.094657497980648,-35.576190615932205],[150.094657496980631,-35.576190615932205],[150.094640502998089,-35.576079615929956],[150.094596500022618,-35.57594661792514],[150.094535501046806,-35.575835616918958],[150.094490503070944,-35.57570661691409],[150.094455500092607,-35.575584616910156],[150.094394502126022,-35.575404611903515],[150.094397506144219,-35.575264603902831],[150.094424497153824,-35.575161617904556],[150.094495502154871,-35.575071619910268],[150.094580498148815,-35.575018616917468],[150.094711498133279,-35.574983612928904],[150.094847499116185,-35.574954614940808],[150.094982497094861,-35.574958613952852],[150.095132491066266,-35.574999614966487],[150.095252491041038,-35.575049607977505],[150.095318493024735,-35.575095610983681],[150.095396488004184,-35.575159613991055],[150.095464487983833,-35.575233610997607],[150.09552548796097,-35.575334608003715],[150.095578490936248,-35.575458606009278],[150.095619490918978,-35.575540609013473],[150.095668487900781,-35.575620603018372],[150.095715484884323,-35.575689607023016],[150.095774485864553,-35.575769611028811],[150.095844484840796,-35.575866601035692],[150.095915487816256,-35.575968602042693],[150.095980484795575,-35.576048605049017],[150.096032483776327,-35.576132606054216],[150.096032484776345,-35.576132606054216],[150.096094478756925,-35.576206604060232],[150.096195484729975,-35.576291600069801],[150.096298479702511,-35.576378605079562],[150.096395478681046,-35.576427602088522],[150.096500473657329,-35.57648360009825],[150.096629474632806,-35.576518595109953],[150.096773472607254,-35.576543596122953],[150.096934474579086,-35.576568597137445],[150.097113467550429,-35.57657659415343],[150.097266474526521,-35.576578593167078],[150.097411466504042,-35.576579589179971],[150.097557463482474,-35.576572579192934],[150.097714468459202,-35.576565588206869],[150.097849466440124,-35.576552590218789],[150.098003458419328,-35.576530584232358],[150.098160463397789,-35.576510595246198],[150.098160464397751,-35.576510595246198],[150.098317459375835,-35.576493582260056],[150.098470456353169,-35.576486582273638],[150.098470457353159,-35.576486582273638],[150.098631450328071,-35.576488581287968],[150.098821451298505,-35.57649058130491],[150.098990449272151,-35.576492571319967],[150.099146450249037,-35.576485580333816],[150.099313449226372,-35.576462579348522],[150.09931345022639,-35.576462579348515],[150.09937644821818,-35.576451079354065],[150.099439448210006,-35.576439578359583],[150.099600441192223,-35.576386575373562],[150.099709444181428,-35.576341576382958],[150.099753440177579,-35.576319570386737],[150.099803441174515,-35.576284574390961],[150.099834439176192,-35.576236573393388],[150.099867436177732,-35.57618657239599],[150.099887444183992,-35.576116572397311],[150.09989743919715,-35.576006576397447],[150.099897440197111,-35.576006576397447],[150.099895441210123,-35.575911576396628],[150.099895434250129,-35.575611571394617],[150.09988143427617,-35.575432569392156],[150.099884438295732,-35.57528257639143],[150.099899435310078,-35.57515757439193],[150.099935435321726,-35.575028574394253],[150.099982434327046,-35.574934578397809],[150.100053439326615,-35.574855561403609],[150.100125429324436,-35.574788573409563],[150.100227431318558,-35.574714567418127],[150.100325435311362,-35.574655567426461],[150.100415433303084,-35.574613571434192],[150.100510425292953,-35.574579571442428],[150.10064742227874,-35.574527563454275],[150.100784428264063,-35.574479570466146],[150.100920421248276,-35.574440568477996],[150.101033413233495,-35.574420561487919],[150.101195419212701,-35.574389564502134],[150.101358429192601,-35.574351566516405],[150.10159141316268,-35.574306559536851],[150.10199440811067,-35.574230555572214],[150.102345402067016,-35.574152551602936],[150.102588399036165,-35.574102551624236],[150.10282239500691,-35.574051547644736],[150.103046395977714,-35.574011550664416],[150.10323839595307,-35.573974557681261],[150.103238396953031,-35.573974557681261],[150.103407394929661,-35.573954549696175],[150.103535391911123,-35.573945541707509],[150.103686389889702,-35.573931540720871],[150.103856383867196,-35.573903555735818],[150.104026385842587,-35.573891535750867],[150.104203379818529,-35.573867538766486],[150.104371382795705,-35.573844537781277],[150.104540372773357,-35.573816534796144],[150.104715376748629,-35.57379953981161],[150.1048903717234,-35.573786533827104],[150.105012371705925,-35.573776530837904],[150.105190369681537,-35.573753529853605],[150.105367363656512,-35.573736533869244],[150.105534362632,-35.573727525884053],[150.10571936160602,-35.573708531900408],[150.10571936260601,-35.573708531900408],[150.105870360583907,-35.573699522913799],[150.106050357557223,-35.573691527929768],[150.106222358531625,-35.573684527945041],[150.106407357503912,-35.573678521961476],[150.106576355479064,-35.573669522976473],[150.106732346456738,-35.573656516990262],[150.10688134643641,-35.573636518003411],[150.107059344412306,-35.573611518019099],[150.107232340389629,-35.573581517034306],[150.107407335368265,-35.573539512049599],[150.107407336368283,-35.573539512049607],[150.107581336347721,-35.573492514064775],[150.107789336327244,-35.573405511082726],[150.107789337327262,-35.573405511082733],[150.107943329316299,-35.573309507095786],[150.10804833431186,-35.573221508104552],[150.108154324312494,-35.573094507113147],[150.108210323318104,-35.572987504117414],[150.10824632332978,-35.57285850411975],[150.108268330343634,-35.572729504120836],[150.108262315360918,-35.572606509119481],[150.108229319386055,-35.572456506115515],[150.108192325410528,-35.572315512111281],[150.108145319434897,-35.572187507106229],[150.108082320461023,-35.572064512099793],[150.108048320485608,-35.571919511095793],[150.108036318511324,-35.57174051009352],[150.1080303215264,-35.57163451109227],[150.107980321552787,-35.571494512086879],[150.107946321574872,-35.571368514082998],[150.107943318593186,-35.571234512081823],[150.107947317617402,-35.571048501080938],[150.107982313635205,-35.570874510082874],[150.108027313642822,-35.570765509086151],[150.108090312644578,-35.570679509091185],[150.108195307641068,-35.570584509099902],[150.108285306634002,-35.57053350410758],[150.108401309620774,-35.57049850911767],[150.10850331060783,-35.570477507126618],[150.108657302585868,-35.570464500140233],[150.108766304569315,-35.570462502149937],[150.108882298550242,-35.570471502160323],[150.109048302521273,-35.570496502175281],[150.109125293507702,-35.570509500182226],[150.109205297491087,-35.57054150218957],[150.10930229647002,-35.570587496198506],[150.109409299446554,-35.570639496208393],[150.109501296424099,-35.570701500217012],[150.109585297404095,-35.570754495224861],[150.109676290383959,-35.570800499233265],[150.109676291383948,-35.570800499233265],[150.109810293357157,-35.570846493245519],[150.109980286326135,-35.570882493260896],[150.110239282282606,-35.570909493284148],[150.110239283282596,-35.570909493284141],[150.110333780266956,-35.570917489292619],[150.110428280251341,-35.570925485301089],[150.110631278220296,-35.57092348631916],[150.110800276194482,-35.570921488334193],[150.111009108164041,-35.570908317352718],[150.111022278162153,-35.570907486353867],[150.111022279162142,-35.570907486353875],[150.111205269137542,-35.57088047837],[150.111393271113627,-35.570842480386489],[150.111579265089716,-35.570806481402812],[150.111579266089763,-35.570806481402812],[150.111776276065655,-35.57075947542004],[150.111871267055818,-35.57072347642827],[150.112054259034011,-35.570675474444243],[150.112193254017257,-35.570640479456394],[150.112345256997855,-35.570610477469728],[150.112481249979936,-35.570587476481691],[150.112656262955738,-35.570566474497134],[150.112797247936697,-35.570546475509566],[150.112979243909166,-35.570542469525748],[150.113142245880994,-35.570565471540426],[150.113289245852172,-35.570611465553839],[150.113390242828046,-35.570675468563266],[150.113488236800151,-35.57077146357264],[150.113562242774293,-35.570879470579953],[150.113562243774311,-35.570879470579953],[150.113580238759482,-35.570969972582169],[150.113598232744607,-35.571060471584389],[150.113606237724952,-35.571198471586023],[150.113600240706518,-35.571343463586473],[150.113602247683275,-35.571515463587794],[150.113602247683275,-35.571515464587804],[150.113594242664476,-35.571665466588101],[150.113585241641459,-35.571848466588513],[150.113584246620917,-35.572003471589483],[150.11360324959864,-35.572148472592154],[150.113639248574032,-35.572291465596322],[150.113700248540994,-35.572468468602942],[150.113775248506442,-35.572640468610778],[150.113775249506432,-35.572640468610778],[150.11384724747586,-35.572786465618194],[150.113905244457044,-35.572860471623848],[150.114000235431348,-35.572943469632868],[150.114079244411812,-35.572998463640275],[150.114176243389494,-35.573053466649291],[150.11429124236335,-35.573116465659957],[150.114424240336604,-35.573163463672124],[150.114560242309722,-35.573207468684537],[150.114707242282947,-35.573238466697845],[150.114829233261219,-35.573260463708856],[150.114829233261219,-35.573260464708859],[150.114976233236661,-35.573274466722047],[150.114976234236678,-35.573274466722047],[150.115114234214019,-35.57328446173441],[150.115337231179012,-35.573289463754314],[150.115337232179002,-35.573289463754314],[150.115583221145386,-35.573257453776009],[150.115771223119992,-35.573230454792586],[150.115975217092114,-35.573203446810581],[150.116173214064418,-35.573182453828068],[150.116368216035653,-35.573172450845391],[150.116527211011856,-35.573167448859522],[150.116688212987953,-35.573160448873821],[150.116836207964326,-35.573166454887044],[150.116860204960403,-35.573168453889188],[150.117018203934521,-35.573179452903346],[150.117183203906023,-35.573202445918206],[150.117361201873763,-35.573238445934301],[150.117487199848341,-35.573283444945837],[150.117607199821975,-35.573342445956911],[150.117607200821965,-35.573342445956911],[150.117742197790051,-35.573425443969498],[150.11788419575376,-35.573533441982882],[150.117966180729525,-35.573620446990788],[150.118018188709499,-35.573710444996017],[150.118033696701929,-35.573748945997664],[150.118049203694426,-35.573787445999294],[150.118049204694415,-35.573787445999294],[150.118080192670163,-35.573933442003039],[150.118073199644925,-35.57413044300376],[150.118065194626666,-35.574276448004014],[150.118061195602593,-35.574461446004911],[150.118059196576183,-35.574661451006065],[150.118055206550281,-35.574860442007051],[150.118040200538161,-35.574968448006445],[150.118040200538161,-35.574968449006448],[150.118026198526167,-35.575074447005903],[150.118035206510598,-35.57518044600743],[150.118057204493198,-35.575285450010092],[150.118110198469253,-35.57540344301561],[150.118110199469271,-35.575403443015617],[150.118185191443558,-35.575509451023009],[150.118257198420309,-35.575600445030034],[150.118365205392053,-35.575687449040245],[150.118459201368495,-35.575755450049087],[150.118604203334769,-35.575840447062568],[150.118730200310381,-35.575877442074045],[150.118828195291968,-35.575902442082942],[150.119044191258808,-35.575901439102189],[150.119212194237434,-35.575867439116934],[150.11936418722172,-35.575809443130076],[150.119364188221709,-35.575809442130087],[150.119515186207394,-35.575742437143084],[150.119714178192453,-35.575624436160027],[150.119878175184539,-35.575494441173767],[150.120043175176733,-35.575362438187582],[150.12004317617675,-35.575362438187582],[150.120186169173508,-35.575221435199381],[150.120305167172916,-35.575088437209082],[150.120433164172908,-35.574940433219503],[150.120587166171902,-35.574770432232086],[150.120728161172451,-35.574603433243517],[150.120870160172956,-35.57443543125504],[150.120870161172974,-35.57443543125504],[150.120936158172952,-35.574359430260415],[150.121002156172949,-35.574283429265776],[150.121159152171799,-35.574110425278619],[150.121295145170478,-35.573963425289747],[150.121494146165588,-35.573770422306183],[150.121604143160226,-35.573683427315402],[150.121711138155206,-35.573597427324358],[150.12183913514761,-35.57350642533514],[150.121949133143602,-35.573409426344291],[150.122064132137382,-35.573323426353959],[150.122173125132747,-35.57323242436307],[150.122286126127193,-35.573143421372528],[150.122427121116516,-35.573060424384551],[150.122498622110726,-35.57302142239066],[150.122570123104907,-35.572982420396769],[150.122570124104897,-35.572982420396769],[150.122699115092473,-35.572926413407885],[150.122847120077154,-35.572870415420709],[150.123022115055221,-35.572832418436043],[150.123022116055239,-35.572832418436036],[150.123214115032994,-35.572777415452784],[150.123366109016246,-35.572727414465987],[150.123558108993052,-35.572679413482781],[150.123786098965098,-35.572625414502738],[150.123998097938568,-35.572579412521321],[150.12424509190933,-35.572513410542904],[150.124541091873823,-35.57243740556877],[150.124686084856705,-35.572398404581421],[150.124869084834785,-35.572351406597427],[150.125067081812887,-35.572286399614619],[150.125233076795581,-35.572224404629011],[150.125378069781249,-35.57216439864154],[150.125378070781267,-35.57216439864154],[150.125522076764554,-35.5721234066541],[150.125680067747908,-35.572065399667792],[150.125825068732524,-35.572013390680368],[150.125986062716521,-35.571947388694269],[150.12620006069568,-35.571856385712735],[150.12620006169567,-35.571856385712735],[150.126393055679415,-35.571755387729254],[150.12642005567767,-35.571737387731538],[150.126510054670291,-35.571688381739229],[150.126627061661083,-35.571622388749226],[150.126678057656306,-35.571599386753611],[150.126678058656324,-35.571599386753604],[150.126769051647756,-35.571558385761449],[150.12693104963364,-35.571477377775331],[150.127076060620482,-35.571408381787805],[150.127221044605591,-35.571352374800355],[150.127386053591493,-35.571267377814479],[150.127515037580025,-35.57120438782556],[150.127681041563562,-35.571136368839909],[150.127853034546774,-35.571063374854752],[150.127983030535404,-35.570998367865897],[150.128110032527047,-35.570914365876654],[150.128218031523375,-35.57081736688562],[150.128283029525363,-35.570727368890822],[150.128283030525353,-35.570727368890829],[150.128327549526176,-35.5706698868944],[150.128362029526812,-35.570625367897158],[150.128391951528187,-35.570580286899535],[150.128437031530353,-35.570512367903099],[150.128437032530343,-35.570512367903099],[150.128473026533584,-35.570446365905866],[150.128509022536861,-35.570380363908619],[150.128571017544715,-35.570250359913274],[150.12863702054787,-35.570150366918483],[150.128724357558355,-35.569971015925056],[150.128765018573773,-35.569808363927592],[150.128890013582463,-35.569599360937325],[150.129054019575563,-35.569461359951035],[150.129329008545767,-35.569367354974915],[150.12980098947088,-35.569383354017091],[150.130255993405143,-35.569350348057441],[150.130255994405161,-35.569350348057441],[150.130695983352695,-35.569235340095886],[150.130981980342398,-35.568982341119693],[150.131073979382734,-35.568574338125146],[150.131073980382695,-35.568574338125146],[150.131124968435756,-35.568118342126631],[150.131124969435774,-35.568118342126631],[150.131155959499637,-35.567604340125918],[150.131102966577515,-35.567082334117693],[150.131075968628295,-35.566733340112933],[150.131086959666391,-35.566435334111922],[150.131195962701923,-35.566043340118995],[150.131364954739723,-35.565565338130831],[150.13146295077965,-35.565153337136799],[150.131565956811727,-35.564794340143578],[150.131686953829416,-35.564522337152518],[150.131802938845851,-35.564265340161143],[150.131876936868906,-35.564007340165993],[150.131928928923116,-35.563541330167496],[150.131980929956256,-35.563233337170061],[150.132110925958898,-35.563063336180505],[150.132239917957321,-35.562926331191093],[150.132239918957339,-35.562926331191093],[150.132491914936281,-35.562793332212657],[150.132747908904946,-35.562732324235071],[150.133172910842006,-35.562713320272856],[150.133501898787046,-35.562745322302391],[150.134123892672505,-35.562885321358799],[150.134598894573259,-35.563080314402463],[150.13503888348086,-35.563264309442943],[150.135558885354953,-35.563607306491619],[150.136144878212008,-35.564001299546518],[150.136144879211997,-35.564001299546526],[150.136578879096675,-35.564364295587673],[150.136834872008848,-35.564726296612946],[150.13694487693769,-35.565132300625478],[150.1368718819067,-35.565448296621106],[150.136673882887948,-35.565817296605928],[150.136443891871181,-35.566208294588051],[150.136200893852475,-35.566628298569206],[150.13597589583415,-35.567025293551822],[150.13575490583105,-35.567303300533972],[150.135754904831032,-35.567303300533972],[150.135528912816994,-35.567669289516274],[150.135528911816976,-35.567669289516274],[150.135364914803262,-35.567961298503633],[150.135321912763402,-35.568309295502139],[150.135484912700747,-35.568590296518565],[150.135795917619816,-35.568837297547958],[150.136204908526196,-35.569066289585976],[150.136640907438561,-35.569219284625881],[150.137058898364927,-35.569288279663624],[150.137492891306835,-35.569222277701876],[150.137840883269661,-35.5690992737321],[150.138201882227634,-35.56899727276361],[150.138587872186719,-35.568858268797086],[150.138945868145584,-35.56875326482831],[150.139199863117653,-35.568669263850403],[150.139525857078638,-35.568585262878912],[150.139825856043984,-35.568498258905088],[150.140119848008453,-35.568425253930805],[150.140359846974405,-35.568403241952069],[150.140691833908818,-35.568511231982413],[150.140760837893481,-35.568546233988805],[150.140831831876966,-35.568588227995413],[150.140920834857212,-35.568633225003659],[150.141002826839497,-35.568671221011229],[150.141071830822455,-35.568719221017709],[150.141158824796349,-35.568814219026109],[150.141203823780472,-35.568881214030561],[150.141253823759286,-35.5689822180357],[150.14128682773989,-35.569089220039388],[150.141313826720193,-35.569205212042561],[150.141319822703139,-35.569326207043915],[150.141317822684471,-35.569468213044686],[150.141310830669397,-35.569589208044874],[150.141291825651592,-35.569744212044228],[150.14126883263711,-35.569879209043087],[150.141252822617759,-35.570042209042754],[150.141226835601458,-35.570194220041444],[150.141196823589951,-35.570315215039599],[150.14115683457419,-35.570479211037124],[150.141117840560668,-35.570625207034638],[150.141066844544213,-35.570807211031315],[150.141018841527739,-35.570986213028227],[150.140999847525563,-35.571024211026796],[150.140999846525546,-35.571024211026796],[150.140989843520032,-35.571077215026264],[150.140989842520042,-35.571077215026264],[150.140993840512976,-35.571125208026942],[150.141003843502887,-35.571189210028272],[150.141003844502904,-35.571189210028272],[150.141030843492587,-35.571235212030984],[150.141040845478585,-35.571328212032512],[150.141040846478603,-35.571328212032512],[150.141058845465039,-35.571409210034652],[150.141081846451698,-35.571482211037207],[150.141105841439725,-35.571544196039746],[150.141105842439742,-35.571544196039746],[150.141146842419403,-35.571649207044118],[150.141188837396186,-35.571774199048711],[150.141246842369497,-35.57190719505477],[150.141349836332637,-35.572064205065018],[150.141502830287834,-35.572223185079736],[150.141582832263595,-35.572312177087476],[150.14169883323288,-35.57240817809847],[150.14183582719906,-35.572503175111329],[150.142008821157447,-35.57261517512751],[150.142164818123234,-35.572691167141933],[150.142361808081517,-35.572776158160075],[150.142497807054696,-35.572820159172508],[150.142621805031837,-35.572848151183749],[150.142750794006332,-35.572890144195533],[150.142886793979613,-35.572933141207955],[150.143036785952376,-35.572964134221557],[150.143172784926293,-35.573002129233956],[150.143172785926311,-35.573002129233956],[150.143339781894696,-35.573046129249128],[150.143507772862392,-35.57309411826445],[150.143507773862382,-35.573094118264443],[150.143682774829671,-35.573137114280343],[150.143844769798534,-35.573183113295102],[150.144079756752689,-35.573255097316547],[150.144424748685765,-35.573358085348026],[150.144701739632495,-35.573437087373271],[150.145115726561073,-35.573494070410582],[150.145438711503942,-35.573549047439762],[150.14543871250396,-35.573549047439762],[150.145883695430683,-35.573584041479698],[150.146376690355766,-35.573576025523643],[150.14685866828242,-35.57356900556659],[150.147394654201918,-35.573552992614303],[150.147792641142956,-35.5735349756497],[150.148277631068794,-35.573530966692935],[150.148723609998711,-35.573540951732781],[150.149139595933235,-35.57355093676999],[150.149528591876191,-35.573528921804538],[150.149779579835638,-35.573542917827034],[150.150084566790696,-35.573527905854149],[150.150084566790696,-35.573527904854146],[150.150252567766614,-35.573513899869042],[150.150313566758484,-35.573504898874425],[150.150395568746717,-35.573497895881701],[150.150488559733759,-35.57348788988994],[150.150561552724241,-35.57347489089635],[150.150659554712746,-35.573447889904919],[150.150756552699789,-35.573432881913469],[150.15085054868851,-35.5734088739217],[150.150943539676462,-35.57339187692989],[150.150943540676451,-35.57339187692989],[150.151124538652169,-35.573364872945859],[150.151245533634722,-35.573355870956597],[150.151383532618382,-35.573318864968655],[150.151512522602928,-35.573285856979936],[150.151607523598329,-35.57321085298792],[150.151688522599756,-35.573106851994439],[150.151753521603609,-35.573002851999547],[150.15175352060362,-35.573002850999551],[150.151764521617679,-35.572884849999724],[150.151711520643374,-35.572753852994119],[150.151711519643385,-35.572753852994119],[150.151675522661634,-35.572658853990269],[150.151630525680446,-35.572569860985666],[150.151597531698798,-35.572470864982058],[150.151597530698808,-35.572470864982044],[150.151581033707572,-35.572423863980255],[150.15156453671645,-35.572376860978466],[150.15152253273655,-35.572274860974041],[150.151490533752593,-35.572191864970627],[150.151458533768448,-35.572109863967214],[150.151427537781274,-35.572049868964029],[150.151388537799079,-35.571961870959974],[150.151388536799033,-35.571961870959974],[150.151364532813176,-35.571883867957297],[150.151337535832567,-35.571769873954125],[150.151329540843818,-35.571694872952911],[150.151312537862339,-35.571575877950586],[150.151310540874675,-35.571485870949807],[150.151320536884498,-35.571400874950129],[150.1513255398946,-35.571319876950035],[150.151401536893388,-35.571240875956271],[150.151509533884422,-35.571183872965527],[150.151651531867884,-35.571143862977934],[150.151834528839117,-35.571147856994294],[150.151834529839107,-35.571147856994294],[150.151980523812767,-35.571176852007532],[150.15215151778014,-35.571223846023088],[150.152303508746797,-35.571297840037154],[150.152438502715853,-35.571373842049717],[150.152438503715842,-35.571373842049717],[150.152575506689487,-35.571412832062208],[150.152723499661192,-35.571453829075679],[150.15282249564217,-35.571481821084703],[150.152822496642187,-35.57148182108471],[150.152916491624381,-35.571506819093258],[150.153072489597918,-35.571524815107317],[150.153163480580048,-35.571553812115631],[150.153163481580037,-35.571553812115631],[150.153244487563143,-35.571586815123077],[150.153326479547275,-35.571610810130558],[150.153454474524096,-35.571636802142145],[150.153519471511402,-35.571656799148087],[150.153617472492527,-35.571684800157023],[150.153722466473596,-35.571705791166536],[150.153838467452744,-35.571727795177026],[150.153950461433624,-35.571741776187125],[150.154063460415927,-35.571743782197231],[150.154148455402577,-35.571745779204825],[150.154265453388149,-35.571718777215075],[150.154382450372395,-35.571701769225413],[150.154500442360472,-35.571654769235622],[150.15460844034908,-35.571615765244999],[150.154719440337942,-35.571570763254599],[150.154827438329875,-35.571506758263808],[150.154958428317286,-35.571449754275129],[150.1550814333076,-35.571380758285642],[150.155158426302535,-35.571329753292169],[150.155246435296164,-35.571275755299652],[150.155331424290978,-35.571216754306839],[150.155405422287089,-35.571160757313059],[150.155499429283026,-35.571082762320941],[150.155499430283015,-35.571082762320941],[150.155538427280135,-35.571059259324258],[150.155577426277262,-35.571035756327589],[150.155697419270638,-35.570946744337689],[150.155785420263953,-35.570895749345212],[150.155895418255966,-35.570828753354576],[150.156005416248092,-35.570760753363935],[150.156114410237848,-35.570711747373331],[150.156202420233512,-35.570642752380728],[150.156321409227189,-35.570552746390739],[150.156321410227207,-35.570552746390753],[150.15635441122717,-35.570514748393428],[150.156387413227179,-35.570476750396118],[150.156432915225167,-35.570439249399925],[150.156478416223194,-35.570401749403743],[150.156478417223155,-35.570401749403743],[150.156549412221239,-35.570334744409614],[150.156630413223866,-35.570221745416092],[150.156683409221841,-35.570175751420514],[150.156736405222233,-35.570111749424811],[150.156775408225684,-35.570040746427821],[150.156844406226583,-35.5699547474334],[150.156918405230272,-35.569841748439238],[150.156918406230261,-35.569841748439238],[150.157028404225059,-35.569753749448473],[150.157183402211757,-35.569674751461768],[150.157198640209714,-35.569672322463113],[150.157679575127105,-35.569736047506467],[150.158019111064874,-35.569810216537284],[150.158148756032233,-35.569904893549491],[150.158272474999478,-35.570007180561234],[150.158389828966733,-35.570116719572447],[150.158389829966751,-35.570116719572447],[150.158445114950439,-35.570174914577763],[150.158500397934148,-35.570233107583093],[150.158542831916918,-35.570313092587412],[150.158599240898269,-35.570387296592948],[150.158634611883684,-35.570455861596571],[150.158691082863498,-35.570541520602191],[150.158691083863516,-35.570541520602184],[150.158740482845985,-35.570615750607082],[150.158810902825167,-35.570689918613887],[150.158867338805806,-35.57076984961946],[150.158902708791175,-35.570838414623083],[150.158902709791164,-35.570838414623076],[150.158959153771804,-35.570918345628662],[150.159008562754252,-35.570992566633571],[150.159071998733793,-35.571072489639754],[150.159142472711494,-35.57115809464662],[150.159269363670546,-35.571317912659033],[150.159325772651925,-35.571392124664584],[150.159438653613165,-35.571551987675733],[150.159488061595596,-35.571626226680635],[150.159537532576536,-35.571711912685629],[150.159586958558265,-35.571791870690589],[150.159629375541755,-35.571866127694875],[150.159664745527181,-35.571934692698477],[150.15970014351177,-35.572008976702151],[150.15973552249713,-35.572077532705762],[150.159735523497119,-35.572077532705762],[150.159763919482799,-35.572151843708802],[150.159792352467747,-35.572231873711878],[150.159827723453105,-35.572300438715494],[150.159856155438035,-35.572380468718578],[150.159884552423733,-35.572454779721618],[150.159898947411506,-35.572529143723393],[150.159920316399081,-35.572597753725773],[150.159934684387707,-35.572666381727508],[150.159963081373377,-35.572740700730549],[150.159984449360906,-35.572809301732917],[150.159984450360867,-35.572809301732917],[150.160012819347372,-35.5728778937359],[150.16003418833489,-35.572946503738272],[150.160069613318683,-35.573026515741965],[150.160097992305168,-35.573095097744968],[150.160140399288707,-35.573169355749258],[150.160182833271477,-35.573249340753577],[150.160211239257166,-35.57332365075662],[150.160246672240987,-35.57340366276032],[150.16028913322296,-35.57348936676469],[150.160338631203132,-35.573580771769727],[150.16037403818774,-35.573655055773379],[150.160402408174207,-35.573723638776393],[150.160437805158807,-35.573797931780042],[150.160487285139681,-35.573883608785025],[150.160529701123266,-35.573957865789325],[150.160586137103849,-35.574037805794902],[150.16063560808476,-35.574123482799884],[150.160692044065343,-35.574203422805461],[150.160748462046769,-35.574277626811003],[150.160773910032674,-35.57435339781378],[150.160807649017784,-35.574425862817293],[150.160849250002286,-35.574494122821456],[150.160898200986281,-35.57455730882625],[150.160953893970003,-35.5746146608316],[150.161015609953694,-35.574665440837457],[150.161082614937555,-35.574709032843735],[150.161154057921749,-35.57474487885036],[150.161209310908333,-35.57478146985553],[150.161268687895245,-35.574810907861036],[150.161331256882647,-35.574832743866764],[150.161396065870832,-35.574846637872653],[150.161462085859881,-35.574852365878577],[150.16152832085001,-35.574849864884477],[150.16159371384137,-35.574839143890237],[150.161657277834109,-35.574820382895787],[150.161718017828264,-35.574793867901029],[150.161774993824025,-35.574760010905891],[150.16188735781509,-35.574697200915494],[150.161887358815108,-35.574697200915494],[150.161941644811378,-35.574662609920132],[150.161995931807638,-35.574628017924731],[150.162048133804632,-35.574590360929129],[150.162100335801625,-35.574552703933549],[150.162100336801586,-35.574552703933549],[150.162150284799338,-35.574512101937728],[150.162200232797062,-35.574471499941914],[150.162295287793995,-35.57438467594983],[150.16235828779304,-35.57431967795501],[150.162450286787958,-35.574251677962771],[150.162534279784211,-35.574182674969805],[150.162534279784211,-35.574182673969794],[150.162651279775844,-35.574110676979764],[150.162725278775497,-35.574027679985804],[150.162803284774583,-35.573944673992216],[150.16286827477461,-35.573869682997504],[150.162985274770108,-35.573768678007276],[150.16307327476332,-35.573717673014805],[150.163206274758892,-35.573597674025855],[150.163206275758938,-35.573597674025855],[150.163251275761183,-35.573528679029415],[150.163318273760098,-35.573459675034933],[150.163463384756483,-35.573319480046941],[150.163507084756276,-35.57327068905051],[150.163550731756089,-35.573221872054091],[150.163594332755906,-35.573173019057649],[150.163637889755734,-35.573124130061217],[150.163681392755535,-35.573075241064757],[150.163681393755553,-35.573075241064757],[150.163771491755341,-35.572972909072114],[150.163860917755329,-35.572870183079424],[150.163950370755259,-35.572767466086695],[150.163950371755249,-35.572767466086695],[150.164040523755062,-35.572665179094066],[150.164132065754529,-35.572563744101565],[150.164229890753546,-35.572458078109591],[150.164229891753592,-35.572458078109584],[150.16432886375236,-35.572353111117714],[150.164428804750912,-35.572248744125936],[150.164529516749326,-35.572144871134235],[150.164529517749287,-35.572144871134235],[150.164630802747524,-35.57204139214258],[150.164716445746052,-35.571953627149632],[150.16471644674607,-35.571953627149632],[150.16480201774462,-35.571865754156683],[150.164888386743002,-35.5717784371638],[150.164888387743019,-35.571778437163807],[150.164976405740958,-35.571692330171082],[150.165066942738264,-35.571608096178601],[150.165191230733825,-35.571498334188966],[150.165318897728525,-35.571390704199644],[150.16545003272239,-35.571285836210642],[150.165584780715164,-35.57118433822199],[150.165707268726521,-35.570958171231396],[150.165773409726455,-35.570882826236804],[150.165839551726293,-35.570807479242212],[150.165839552726311,-35.570807479242212],[150.166085184706844,-35.570670180263228],[150.166085185706834,-35.570670180263228],[150.166407548667621,-35.57059191729148],[150.166710648624786,-35.570563269318356],[150.166992089569504,-35.570652165344086],[150.166994103540532,-35.570866240345701],[150.167004455527604,-35.5709511193472],[150.167003916515483,-35.571042103347764],[150.167005860503025,-35.571133310348557],[150.16702362548881,-35.571218897350711],[150.167049226476479,-35.571281367353421],[150.167079120463626,-35.571343155356494],[150.1671130474503,-35.571403742359934],[150.167150695436618,-35.571462635363694],[150.167191794422735,-35.571519322367749],[150.167219017408542,-35.571593893370689],[150.167249494393928,-35.571667908373897],[150.167283116378968,-35.571741143377402],[150.167319760363625,-35.571813266381149],[150.16735929034806,-35.571884072385174],[150.167394294334969,-35.571942051388682],[150.167431287321563,-35.571999393392375],[150.16743128832158,-35.571999393392375],[150.167470369307978,-35.572055856396226],[150.167470370307967,-35.572055856396233],[150.167490987301107,-35.572083519398277],[150.16751160329423,-35.572111181400295],[150.167555069280326,-35.57216510840454],[150.167616435261436,-35.572235493410503],[150.167616436261426,-35.572235493410503],[150.167681647242205,-35.572304345416775],[150.167681648242166,-35.572304345416775],[150.167715496232631,-35.572336820420027],[150.167750777222665,-35.5723706694234],[150.167823922202984,-35.572433523430355],[150.167901110183266,-35.572491932437643],[150.167972570165574,-35.572542005444362],[150.167972571165564,-35.572542005444362],[150.168009865156506,-35.572566700447858],[150.168047159147449,-35.572591396451358],[150.168086004138416,-35.572614052454973],[150.168124849129413,-35.572636708458603],[150.168124850129402,-35.572636708458603],[150.16820562411192,-35.57267457246607],[150.168289473095371,-35.572701580473741],[150.168471191073309,-35.572657281489661],[150.168594394070084,-35.572539568499884],[150.168807076067338,-35.572315014517358],[150.169100776052375,-35.572088479542074],[150.16938127002544,-35.571966688566306],[150.16938127002544,-35.571966687566309],[150.169674257989811,-35.571895757591996],[150.169939887944906,-35.571925338615912],[150.170283517874594,-35.572054953647481],[150.170412516848472,-35.572101644659313],[150.170532586822191,-35.572159594670424],[150.170637579797216,-35.572225513680252],[150.170708769778145,-35.572285956687011],[150.170708770778162,-35.572285956687018],[150.170771202759312,-35.572354833693055],[150.170827835740653,-35.572428919698602],[150.170881582722188,-35.572505031703912],[150.170935382703874,-35.57257995970923],[150.170980945688456,-35.572642849713716],[150.171024750673155,-35.572706627718063],[150.171046062665596,-35.572738812720189],[150.171067372657973,-35.572770996722312],[150.171067373657991,-35.572770996722319],[150.171109368642874,-35.572835643726485],[150.17115131862775,-35.572900281730661],[150.171216323604511,-35.572999098737142],[150.171281301581274,-35.573098040743609],[150.171344773558133,-35.573197584749948],[150.171405277535371,-35.573298167756029],[150.1714613275131,-35.573400256761722],[150.171515243489409,-35.573514903767311],[150.171562428466501,-35.573631845772319],[150.171606717443893,-35.57374980977707],[150.171651956421186,-35.573867505781898],[150.171701963397908,-35.573983649787152],[150.171701964397897,-35.573983649787152],[150.171746522377873,-35.574082278791792],[150.171790757357741,-35.574181490796413],[150.171837565337427,-35.574279662801246],[150.171889841316556,-35.574375180806562],[150.171950490295018,-35.574466414812591],[150.172002919278498,-35.574529420817697],[150.172061138261483,-35.574589514823309],[150.172121617244272,-35.574648513829104],[150.172180795227149,-35.5747082128348],[150.172235125210449,-35.574770430840069],[150.172284039194352,-35.574834431844856],[150.172284040194342,-35.574834431844856],[150.172330615178424,-35.574899840849461],[150.17237473416273,-35.574966459853854],[150.172416272147245,-35.575034091858029],[150.1724550851321,-35.575102557861946],[150.173109112997537,-35.575354945922072],[150.173251595999375,-35.575177055933601],[150.173443776000312,-35.574948904949231],[150.173642024999452,-35.574726705965446],[150.173977081995616,-35.574369894992969],[150.174326194988595,-35.574020335021807],[150.17469123597678,-35.573688282052174],[150.175074052958479,-35.573383971084318],[150.175275287945311,-35.573250808101406],[150.175476516932122,-35.573117649118487],[150.175476517932083,-35.573117649118494],[150.175803163904931,-35.57294473214651],[150.176144206872323,-35.57279561317597],[150.176494140836297,-35.572661841206333],[150.176494141836315,-35.572661841206333],[150.17684747279884,-35.572534998237032],[150.177198688761905,-35.572406649267563],[150.177614418718122,-35.572254956303674],[150.178033151672821,-35.572111197340128],[150.178453677626635,-35.571972180376754],[150.178874794580139,-35.57183472341346],[150.179295239533985,-35.571695643450099],[150.179637088495184,-35.571592007479943],[150.179810625474744,-35.571544985495137],[150.179984162454303,-35.571497963510318],[150.179984163454293,-35.571497963510318],[150.180328790414336,-35.571399606540453],[150.180663289378401,-35.571283027569557],[150.180979977349523,-35.571134321596844],[150.181228755330068,-35.570993253618127],[150.181477497312301,-35.570839725639324],[150.181714165298501,-35.570670654659331],[150.181926729290836,-35.570482983677074],[150.18210313429168,-35.570273647691423],[150.182269509307218,-35.56996612970422],[150.182385500336835,-35.569611337712196],[150.182455757376999,-35.569230693715909],[150.182484888424028,-35.568845630715906],[150.182477544474409,-35.568477519712786],[150.182418049531407,-35.568120478705076],[150.182302977596521,-35.567766567692409],[150.182154003666454,-35.567415310676722],[150.181992820738031,-35.567066222659967],[150.181841095807897,-35.566718819644073],[150.181655101893028,-35.566297258624616],[150.181451350979927,-35.565882385603608],[150.181245125067022,-35.565468739582407],[150.18105171815273,-35.5650508815623],[150.18088643223544,-35.564623361544662],[150.180781050294001,-35.56430735953311],[150.1806805993522,-35.56398777252199],[150.180591666409072,-35.563665254511875],[150.180520805463459,-35.563340548503348],[150.18052080446347,-35.563340548503355],[150.180497686488849,-35.563177449500195],[150.180474567514239,-35.563014345497024],[150.180450201554152,-35.56274391549303],[150.18043398459352,-35.562468608489731],[150.180433687630341,-35.562193794487847],[150.180457099662732,-35.561924887488125],[150.180511984688735,-35.5616672474913],[150.180620509708461,-35.561394942499177],[150.180772607719945,-35.561133984510995],[150.180772608719963,-35.561133984510995],[150.180952808725948,-35.560881945525409],[150.181145638729106,-35.560636414540987],[150.181145639729095,-35.560636414540987],[150.181302244731597,-35.560437393553642],[150.181335619732124,-35.560394979556335],[150.181597758736359,-35.560061727577512],[150.181873792737548,-35.55973547659999],[150.182164759734604,-35.55942243762388],[150.182471709726627,-35.559128796649325],[150.182795691712613,-35.558860774676482],[150.183168572688885,-35.558608823708106],[150.183566614657025,-35.558388963742196],[150.183980415619885,-35.558190302777831],[150.184400482580401,-35.558001941814105],[150.184817366541495,-35.557813006850104],[150.185205980504065,-35.557645541883709],[150.185601918463561,-35.557492519918064],[150.185998232422833,-35.557340904952461],[150.186387967384661,-35.557177663986188],[150.18676416635185,-35.556989773018543],[150.18705892832827,-35.556826864043792],[150.187354720305308,-35.5566581820691],[150.187641647285318,-35.556477390093519],[150.187909830270684,-35.556278195116171],[150.187909831270673,-35.556278195116171],[150.18814940026374,-35.556054278136067],[150.188284415264178,-35.555895914147072],[150.188284416264167,-35.555895914147079],[150.188408628267609,-35.555727080157041],[150.188525231273218,-35.555551371166274],[150.188637423279886,-35.555372363175096],[150.188748396286712,-35.555193642183809],[150.188835678293259,-35.555044438190613],[150.188917312301186,-35.554891435196872],[150.188998364309185,-35.554738189203086],[150.189083879316087,-35.554588278209721],[150.189178933320619,-35.554445250217249],[150.189182330320705,-35.554440652217544],[150.189296566323833,-35.55428603522671],[150.189420842325944,-35.55412724923675],[150.189553688325617,-35.553976961247606],[150.189665629322292,-35.553872568256914],[150.189697030321383,-35.553843284259514],[150.189852814312019,-35.553734283272718],[150.190040215292612,-35.553663666288976],[150.190250214264523,-35.553632014307546],[150.190467599233557,-35.553613226326853],[150.190677150205602,-35.553581180345368],[150.190863672186424,-35.553509765361561],[150.191011057176155,-35.5534168273741],[150.191160137167969,-35.55330663538669],[150.191295438163678,-35.553183041397965],[150.191401446165202,-35.553049892406534],[150.191462678174332,-35.552911043411072],[150.191475236188523,-35.552790515411374],[150.191475237188541,-35.552790515411374],[150.191462704207652,-35.552662251409402],[150.191432639229873,-35.55253064440582],[150.191432638229855,-35.55253064440582],[150.191392659253523,-35.552400068401376],[150.191392658253505,-35.552400068401376],[150.191350348276785,-35.552274924396755],[150.191303780298284,-35.552167842391867],[150.191244815321198,-35.552064633385903],[150.191244814321152,-35.55206463338591],[150.191182917344378,-35.551962571379676],[150.191127583366779,-35.551858949374036],[150.191127582366789,-35.551858949374044],[150.191088275387244,-35.551751060369796],[150.191069782401854,-35.551663510367554],[150.19105753741573,-35.551573845365851],[150.19105077742887,-35.551483050364631],[150.191048787441389,-35.55139212136384],[150.191050821453132,-35.551302035363413],[150.191067960474243,-35.551124578363741],[150.19110382449287,-35.550944091365743],[150.191157329508428,-35.550766266369344],[150.191227382520339,-35.550596805374461],[150.191312889527978,-35.550441390381046],[150.191438384531921,-35.550267706391097],[150.191592545530881,-35.550098102403737],[150.191766321524227,-35.549947974418266],[150.191950665511257,-35.549832752433971],[150.19213652449136,-35.549767834450144],[150.192217800480506,-35.549755249457334],[150.192217801480496,-35.549755249457327],[150.192301372468648,-35.549748069464755],[150.192385490455763,-35.549747190472267],[150.192468406442174,-35.549753492479724],[150.192548356427949,-35.549767834486964],[150.192703469393336,-35.549847846501372],[150.192844938352238,-35.549992372514986],[150.192910591329877,-35.550083919521477],[150.192976243307498,-35.550175467527957],[150.192976244307488,-35.550175467527964],[150.193100861262138,-35.550371192540439],[150.193100862262128,-35.550371192540439],[150.193161561240572,-35.550462411546455],[150.193222261219006,-35.550553633552504],[150.193401695154478,-35.550829360570397],[150.193560788091105,-35.551119735586589],[150.193708785028377,-35.551418167601831],[150.193854943965704,-35.55171809761692],[150.194008506902634,-35.552012980632632],[150.194045958887841,-35.552080325636439],[150.194083633872992,-35.552147554640243],[150.194121291858238,-35.552214783644082],[150.194158725843437,-35.552282137647879],[150.194195693828703,-35.552349742651643],[150.194291232787606,-35.552546812661511],[150.194304857781191,-35.552578920662945],[150.19437759174707,-35.552750345670603],[150.19437759274706,-35.552750345670603],[150.19446484770657,-35.552952640679763],[150.194464848706559,-35.552952640679763],[150.194563103665558,-35.553145972689848],[150.194682423623505,-35.553322640701715],[150.194822521580932,-35.553479552715288],[150.194979176537259,-35.553625582730277],[150.19514813949317,-35.553760505746304],[150.195325187449356,-35.553884107762954],[150.195506089406507,-35.553996173779893],[150.195655331372279,-35.554080334793795],[150.195809511337956,-35.554159207808112],[150.195809512337974,-35.554159207808112],[150.195888602321077,-35.554194449815434],[150.195967690304172,-35.554229689822741],[150.196128934271457,-35.554288644837555],[150.196292303240369,-35.554332943852458],[150.196439465213956,-35.55436077586581],[150.196590364188154,-35.554379994879426],[150.196742555163553,-35.554389029893095],[150.196893607140652,-35.554386331906578],[150.197041082120052,-35.554370348919655],[150.197242915096353,-35.554315364937345],[150.197439503078158,-35.5542252599543],[150.197632533063341,-35.55411399197083],[150.197823636049776,-35.553995542987124],[150.198014487035323,-35.553883890003426],[150.198201144019407,-35.553788147019489],[150.198391009002734,-35.553694501035828],[150.198391010002723,-35.553694501035828],[150.198577396987162,-35.553596347051837],[150.198753627974668,-35.55348706006685],[150.198753628974686,-35.55348706006685],[150.19891301596715,-35.553360024080256],[150.199028014964455,-35.55324794908978],[150.199138647963593,-35.553127305098869],[150.199240441965088,-35.552999086107107],[150.199240442965078,-35.5529990861071],[150.199328951969505,-35.552864279114111],[150.199399712977367,-35.552723897119506],[150.199399713977385,-35.552723896119502],[150.19943420598284,-35.552643670122038],[150.199468161988818,-35.552560208124504],[150.199496101995805,-35.552475715126455],[150.199512542004442,-35.552392342127355],[150.199512013015237,-35.552312286126764],[150.199500449024299,-35.552257643125365],[150.199481947034485,-35.552203241123351],[150.199457995045293,-35.552149978120845],[150.199430090056438,-35.552098705117999],[150.199399702067581,-35.552050354114954],[150.199321814091064,-35.551964526107405],[150.199221202116092,-35.551893389097941],[150.199107126141939,-35.551831494087324],[150.198988820167955,-35.551773381076352],[150.198988819167937,-35.551773381076352],[150.198875550193378,-35.551713584065809],[150.198654659240333,-35.551616972045409],[150.198604587250969,-35.551595064040797],[150.198293581311816,-35.551498174012323],[150.197994506370406,-35.551404412984944],[150.197759345421218,-35.551295287963185],[150.19764006145877,-35.551152305951554],[150.1976234064729,-35.551065848949477],[150.197616772485986,-35.55097567294829],[150.197618475498018,-35.55088382094781],[150.197626802508978,-35.550792344947943],[150.197640059518875,-35.550703288948526],[150.197766979531536,-35.550462816958259],[150.197766979531536,-35.550462815958262],[150.198021322521441,-35.550245846979543],[150.198346974498776,-35.550040601007282],[150.198687847473792,-35.549835282036376],[150.198987844456695,-35.549618112061744],[150.199253813446319,-35.549389809083991],[150.199253814446308,-35.549389809083998],[150.199520536435955,-35.549160448106299],[150.199781566427276,-35.54892550212805],[150.200030442421763,-35.54868041814867],[150.200260744421058,-35.548420678167524],[150.200458623431786,-35.548113062183148],[150.200621856452926,-35.547767770195414],[150.200779756474788,-35.547422855207209],[150.200961598487822,-35.54711640422142],[150.201196696482469,-35.546886469240889],[150.20119669748243,-35.546886469240889],[150.201281970476316,-35.546834326248167],[150.201281971476305,-35.546834326248167],[150.201370570468981,-35.546786933255767],[150.201370571468999,-35.546786933255767],[150.201461456460891,-35.546743162263596],[150.201553597452232,-35.546701874271577],[150.201645953443375,-35.546661940279556],[150.201748779433814,-35.546615112288428],[150.201852931424241,-35.546566626297427],[150.201958096413904,-35.546522872306547],[150.20206392540203,-35.546490154315784],[150.202170095387743,-35.546474843325171],[150.202266573372015,-35.546481127333848],[150.202266574372004,-35.546481127333848],[150.20231505536313,-35.546492094338255],[150.202363537354216,-35.546503062342666],[150.202460940335158,-35.54653308235158],[150.202558711316016,-35.546563613360526],[150.202656803297771,-35.546587099369468],[150.202656804297789,-35.546587099369468],[150.202815699268996,-35.546619620383893],[150.202978916239175,-35.546654642398728],[150.203141307210672,-35.546680880413433],[150.203297729185778,-35.54668707442746],[150.203443017166791,-35.54666193044028],[150.203518494158544,-35.546636750446872],[150.203596561150533,-35.546606801453649],[150.203670577143953,-35.546570730460033],[150.203733916140038,-35.546527192465398],[150.203779973139945,-35.546474834469173],[150.203805314145171,-35.546406699470978],[150.203811938155013,-35.546325664471027],[150.203805878167742,-35.546237522469887],[150.203793203181675,-35.546148106468145],[150.203779972195093,-35.546063218466408],[150.20374053922302,-35.545899805461765],[150.203674851254704,-35.545738937454807],[150.203674850254686,-35.545738937454814],[150.203591431288658,-35.545581181446288],[150.203498824323532,-35.545427153436968],[150.203405571357933,-35.545277410427616],[150.203319561387559,-35.545154918419087],[150.203223324417962,-35.545038324409695],[150.203223323418001,-35.545038324409703],[150.203125167448519,-35.544923110400148],[150.203033385478506,-35.544804750391137],[150.202956285507241,-35.54467869938339],[150.202887119536882,-35.54453676337625],[150.202823600566688,-35.544387316369559],[150.202772209595167,-35.544234006363936],[150.202739400620743,-35.544080453359967],[150.202731646642036,-35.543930307358266],[150.202737723653684,-35.543836248358176],[150.202749242664936,-35.543738962358546],[150.202768971674658,-35.543643801359664],[150.202799637681665,-35.543556133361818],[150.20284396368487,-35.543481275365274],[150.202932187681171,-35.543407860372675],[150.203054366669335,-35.54335554638326],[150.203196086652099,-35.543321223395708],[150.203342916632096,-35.543301798408699],[150.203480424611968,-35.543294161420945],[150.203628993586676,-35.543312241434357],[150.203777616557261,-35.543361229447989],[150.203926840525952,-35.54342363646176],[150.204077184494992,-35.543481947475584],[150.204229195466695,-35.543518681489424],[150.204355185446047,-35.543527967500772],[150.204482455426614,-35.543526811512145],[150.204610371407711,-35.543521011523545],[150.204738323388653,-35.543516368534974],[150.204865656368753,-35.543518663546372],[150.204865657368714,-35.543518663546372],[150.205095690332001,-35.543528568567019],[150.20533311129401,-35.543539620588326],[150.205565968254859,-35.54356443260933],[150.205782287214674,-35.543615607629029],[150.205970119173685,-35.543705767646436],[150.206098824139985,-35.543809677658643],[150.206215661105119,-35.543936033669937],[150.206320576069942,-35.544077780680276],[150.206413470035557,-35.544227890689605],[150.206494272002828,-35.544379310697863],[150.206566288964581,-35.544582209705659],[150.206604493929348,-35.544801368710559],[150.206604493929348,-35.544801369710555],[150.206629163895258,-35.545027592714291],[150.206660546860434,-35.545251691718605],[150.206718911822975,-35.545464468725257],[150.206762943802374,-35.545567276729891],[150.206812541781261,-35.545667896735004],[150.206864532759937,-35.545767611740324],[150.206915744738637,-35.545867703745586],[150.206962984717791,-35.545969426750496],[150.20698701770624,-35.546027674753041],[150.207009938694853,-35.546086406755492],[150.207032545683489,-35.546145272757904],[150.207055627672077,-35.546203923760359],[150.207055628672094,-35.546203923760359],[150.20707997466053,-35.546262027762921],[150.207151032627479,-35.546427296770396],[150.207225030593747,-35.546594034778145],[150.207306397559535,-35.546756183786513],[150.207306397559535,-35.546756184786517],[150.207399559524902,-35.546907630795872],[150.207399560524919,-35.546907630795872],[150.207508966489996,-35.547042313806578],[150.207653376451077,-35.547167154820329],[150.207819541411396,-35.547272453835888],[150.207999296371469,-35.547364092852597],[150.208091884351603,-35.547406029861158],[150.208184474331716,-35.547447968869733],[150.208184475331734,-35.547447968869733],[150.208366910292654,-35.547529979886598],[150.20855412325335,-35.547608404903876],[150.208746069214669,-35.547676530921514],[150.208939960176252,-35.547740560939289],[150.209132991137665,-35.547806678957016],[150.209322346098588,-35.54788109697445],[150.209357557091067,-35.547896443977706],[150.209392687083607,-35.547911968980941],[150.209427763076093,-35.547927637984202],[150.20946280306859,-35.547943369987443],[150.209497835061086,-35.547959119990672],[150.209607384037554,-35.548009049000818],[150.209716547013954,-35.548059839010932],[150.209742274008363,-35.548071913013302],[150.209825530990287,-35.548111014021025],[150.209825531990305,-35.548111014021018],[150.209934560966673,-35.548162126031123],[150.210043795943108,-35.548212710041234],[150.210165024917188,-35.548266753052445],[150.210286925891381,-35.548319426063706],[150.210408674865562,-35.548372376074965],[150.210529402839626,-35.548427280086123],[150.210648264813443,-35.548485805097151],[150.210831416771072,-35.548591804114267],[150.210831417771089,-35.54859180411426],[150.211008384728018,-35.548709895130891],[150.211183469684755,-35.54883155414737],[150.211360983641811,-35.548948256164046],[150.211545220599618,-35.549051502181229],[150.211674122571139,-35.549116114193176],[150.211804638542475,-35.549180045205304],[150.211936992514211,-35.549238974217531],[150.212071424486879,-35.549288599229897],[150.212071425486897,-35.549288599229897],[150.212208179460987,-35.549324598242372],[150.212330843439389,-35.549344955253495],[150.212456294418445,-35.549357325264801],[150.212582802398373,-35.549361466276153],[150.212582803398391,-35.549361466276146],[150.212708657379636,-35.549357137287366],[150.21283214536237,-35.549344094298341],[150.213105313329464,-35.549276013322334],[150.213386244302427,-35.549154605346665],[150.213653424283223,-35.548991147369456],[150.213885349273568,-35.548796942388904],[150.214060550275207,-35.548583304403145],[150.214157522284921,-35.548399570410581],[150.21423171630093,-35.548194950415848],[150.214282774321987,-35.547978811418957],[150.214310329347001,-35.547760511419952],[150.214314013374747,-35.547549437418866],[150.214302700395024,-35.547410738416922],[150.214280594417147,-35.547271160413992],[150.214248548440622,-35.547132649410187],[150.214207403465139,-35.546997177405594],[150.214158011490184,-35.546866688400321],[150.214083000522919,-35.546708654392518],[150.213992427557514,-35.546554474383385],[150.213888678593236,-35.546407124373111],[150.21377409162929,-35.546269617361922],[150.213651042664935,-35.546144929350064],[150.213477105707824,-35.546024516333702],[150.213477104707806,-35.546024516333702],[150.21327502075107,-35.545933980314999],[150.213064366794327,-35.545852955295601],[150.212864702837379,-35.545761012277119],[150.212695605879901,-35.545637757261169],[150.212589194910663,-35.545530531250932],[150.212589193910674,-35.545530531250925],[150.2124822359429,-35.545412789240551],[150.212387512974146,-35.545288199231237],[150.212317871001972,-35.545160400224141],[150.212286121023936,-35.545033040220439],[150.212291302038693,-35.544916795220132],[150.212319197050988,-35.544793335221797],[150.212365935060092,-35.544671425225154],[150.21242768806556,-35.54455985122992],[150.212500592066732,-35.544467334235826],[150.212593494062645,-35.544390835243632],[150.212593495062663,-35.544390835243632],[150.212706951053633,-35.544327738253344],[150.212706952053651,-35.544327738253358],[150.212832465040805,-35.544279467264253],[150.212961502025252,-35.544247492275602],[150.213085554008018,-35.544233248286595],[150.213217620986171,-35.544244803298476],[150.213351739960331,-35.54428374231076],[150.213486118932082,-35.544340296323149],[150.213618974903,-35.544404747335477],[150.213748512874673,-35.544467324347487],[150.213919034836749,-35.544554310363345],[150.213919035836767,-35.544554310363345],[150.214084322798129,-35.544652923378813],[150.214246238759046,-35.544758751393999],[150.214246239759063,-35.544758751393999],[150.214326459739425,-35.544813087401543],[150.21440667671979,-35.544867421409087],[150.214567455680708,-35.544974495424206],[150.214769315631941,-35.54510662444315],[150.214970001583083,-35.545240680462015],[150.215169199534188,-35.54537695948077],[150.21526790250968,-35.545446336490059],[150.215366604485183,-35.545515712499366],[150.215366605485201,-35.545515712499366],[150.215561904436157,-35.545657244517798],[150.215882376352567,-35.545913192548205],[150.21619099826853,-35.54618605557765],[150.216497307184454,-35.546461633606931],[150.216810904100811,-35.546725730636766],[150.217141327017998,-35.546964207667955],[150.217301082980015,-35.547064244682929],[150.217309194978128,-35.547069058683668],[150.217309195978146,-35.547069058683668],[150.217386321960134,-35.547114743690898],[150.217463447942094,-35.547160428698099],[150.217627829904387,-35.547253402713437],[150.21779363786672,-35.547343821728887],[150.217960268829245,-35.547432367744399],[150.217960269829234,-35.547432367744392],[150.218193799778362,-35.547543664766053],[150.218433747728,-35.547643952788206],[150.218553838702888,-35.547693577799294],[150.218673928677759,-35.54774320181037],[150.218673929677749,-35.54774320181037],[150.218908140627178,-35.547851414832067],[150.219130197575964,-35.547978550852797],[150.21922698155231,-35.548044076861906],[150.219322008528536,-35.548112462870861],[150.219322009528526,-35.548112462870861],[150.219415441504651,-35.548183206879706],[150.219507438480775,-35.548255778888425],[150.219598180456927,-35.548329677897044],[150.219598181456888,-35.548329677897051],[150.219713252426459,-35.548424856907985],[150.219827525395857,-35.54852188291887],[150.21993885836531,-35.548622036929515],[150.220045109334933,-35.548726601939727],[150.220144143304907,-35.548836849949325],[150.220231399276287,-35.548950216957905],[150.22031168024796,-35.549069535965899],[150.220311681247921,-35.549069535965899],[150.220387346219781,-35.549192628973508],[150.220413503209812,-35.549237089976138],[150.22046071719177,-35.549317361980904],[150.220534123163873,-35.549441566988307],[150.220608641134589,-35.549574241995877],[150.220678497105609,-35.549709993003056],[150.220678498105627,-35.549709993003056],[150.220713323091189,-35.549777864006629],[150.220748148076723,-35.549845734010184],[150.22082203904759,-35.549978373017694],[150.220904615017872,-35.55010481002595],[150.2209642349967,-35.550194530031881],[150.221024983974502,-35.550290318037966],[150.221089076952637,-35.55038025304431],[150.221158699932232,-35.550452430051024],[150.221236085914597,-35.550494946058251],[150.221294845904225,-35.550504771063572],[150.221356992894755,-35.550504027069124],[150.221420950885971,-35.550496416074807],[150.221485168877507,-35.550485651080479],[150.221548068869225,-35.550475432086039],[150.221676092852562,-35.550452619097349],[150.221803793837182,-35.550420806108562],[150.221929872823154,-35.550380880119576],[150.222053046810487,-35.550333775130284],[150.222172025799324,-35.550280359140579],[150.222306727788208,-35.550208486152151],[150.222437502779172,-35.550125866163299],[150.222563312772053,-35.550034308173956],[150.22268315176683,-35.549935642184018],[150.222795981763454,-35.549831696193422],[150.222892899761803,-35.549732572201428],[150.222985417761635,-35.549627649209008],[150.223072394762966,-35.549517644216046],[150.223152639765942,-35.549403344222469],[150.22315264076596,-35.549403344222469],[150.223224934770599,-35.549285486228129],[150.223280107775082,-35.549188675232422],[150.223334088780206,-35.54908881723658],[150.223381938786531,-35.548986655240185],[150.223418699794735,-35.548882906242767],[150.223439423805587,-35.548778305243935],[150.223442399818055,-35.548681808243543],[150.223433220832703,-35.54858312424205],[150.223414745848828,-35.548483911239735],[150.223389860865836,-35.548385846236847],[150.223361427882935,-35.548290630233659],[150.223361426882946,-35.548290630233659],[150.22332984189805,-35.548214177230314],[150.223298257913171,-35.548137723226972],[150.223213099945866,-35.54799150321837],[150.223114674980053,-35.547849541208592],[150.22301171401466,-35.547709470198434],[150.22291294904872,-35.547568871188645],[150.22291294804873,-35.547568871188652],[150.222837837074337,-35.547463969181216],[150.222784055092689,-35.547388856175907],[150.222646726137299,-35.547213764162429],[150.222617229146863,-35.54717619415954],[150.222509469181858,-35.547038940148958],[150.222509469181858,-35.547038939148955],[150.222380871225653,-35.546859750136235],[150.222269484268026,-35.546671552124998],[150.222205014294104,-35.546550637118415],[150.222139631320772,-35.546427042111731],[150.222081132346602,-35.546301484105648],[150.222037315370329,-35.546174680100869],[150.222015990390702,-35.546047329098101],[150.22201602540548,-35.545936884097351],[150.222028342418838,-35.545823131097691],[150.222052338430302,-35.545709988099091],[150.222087432439452,-35.545601354101485],[150.22213296944588,-35.545501128104895],[150.222188473449535,-35.545410207109242],[150.222188474449524,-35.545410207109249],[150.222255640450953,-35.545322548114669],[150.222255641450943,-35.545322548114676],[150.222332112450033,-35.545241344120974],[150.222332113450051,-35.545241344120974],[150.222415504446815,-35.545169766127955],[150.222415505446833,-35.545169766127955],[150.222503450441167,-35.545110990135427],[150.222636502428145,-35.545055189146964],[150.222787653409114,-35.545023896160288],[150.222948324385897,-35.54501270017461],[150.223109926360422,-35.545017200189086],[150.223109927360412,-35.545017200189086],[150.223263892334614,-35.545032949202977],[150.223422098305946,-35.545065103217368],[150.223579748274858,-35.545116251231811],[150.223579748274858,-35.545116252231828],[150.223734341242135,-35.545182558246104],[150.223883367208828,-35.545260123259972],[150.223883368208789,-35.545260123259972],[150.224024345175764,-35.545345056273156],[150.224183581134554,-35.545469431288268],[150.224327409092638,-35.545617247302125],[150.224463752050241,-35.545777003315415],[150.22460056900772,-35.54593719732874],[150.224745812965352,-35.546086322342759],[150.224829724942225,-35.546162560350773],[150.224914542919095,-35.546237866358879],[150.22500031989594,-35.546312115367066],[150.225087054872802,-35.54638518037531],[150.225174785849674,-35.546456954383657],[150.225273443824392,-35.546532162392992],[150.22537481779915,-35.546604134402557],[150.225476585773947,-35.54667554941215],[150.225576435748707,-35.546749126421588],[150.225672010723486,-35.546827587430663],[150.225776485693046,-35.546934635440749],[150.225872302662481,-35.547052788450124],[150.225966585631966,-35.547172045459362],[150.226066435601808,-35.547282382469056],[150.226178970572249,-35.547373788479732],[150.226277502549976,-35.547426845488914],[150.226383133528117,-35.547468662498652],[150.226383134528135,-35.547468662498652],[150.226492154506388,-35.547505405508666],[150.22660082548461,-35.54754324251865],[150.226705443462464,-35.547588349528326],[150.226705444462453,-35.547588349528326],[150.226826915435851,-35.54764745753959],[150.226950268408672,-35.547708430551054],[150.227069427381423,-35.547774951562175],[150.22717833135448,-35.547850733572439],[150.227270902328371,-35.547939458581311],[150.227321647311015,-35.548010614586346],[150.227363742294045,-35.548088959590629],[150.227401920277202,-35.548170737594596],[150.227440896260276,-35.548252210598648],[150.227485393243057,-35.548329614603148],[150.227562045216814,-35.548437253610743],[150.227645419190168,-35.548540644618903],[150.227733365163147,-35.548640941627447],[150.227823740136046,-35.548739276636212],[150.227914384109027,-35.548836795644988],[150.22815029904001,-35.549080955667755],[150.228398350970309,-35.549315855691532],[150.22865714190047,-35.549539855716226],[150.228925255830859,-35.549751342741672],[150.229201301761918,-35.549948692767707],[150.229399433712359,-35.550090798786414],[150.229492802688839,-35.550159058795224],[150.229601965661317,-35.55023887380554],[150.229808774611314,-35.550374425824984],[150.23001974156486,-35.550478935844573],[150.230019742564821,-35.550478935844573],[150.230234755524378,-35.550533884864194],[150.230300901513317,-35.550540472870161],[150.230367880502399,-35.55054494587619],[150.230367881502417,-35.55054494587619],[150.230434923491941,-35.550546119882213],[150.230501285482177,-35.550542829888123],[150.230566221473396,-35.550533883893877],[150.230697500460366,-35.550480207905274],[150.230819842454196,-35.55038556691558],[150.230938948451239,-35.550270944925479],[150.231060501447814,-35.550157326935604],[150.231190194440131,-35.550065715946602],[150.231247062435699,-35.550033328951478],[150.231247063435717,-35.550033328951478],[150.231304531431334,-35.549999983956404],[150.231304532431324,-35.549999983956404],[150.231333678428939,-35.549984578958906],[150.231362825426487,-35.549969173961415],[150.231422122420724,-35.549944397966549],[150.231482666413427,-35.549929158971864],[150.231551761403381,-35.549924425978034],[150.231623752391641,-35.549929508984512],[150.231696289378732,-35.549942810991105],[150.231696290378721,-35.549942810991105],[150.231767034365163,-35.549962728997571],[150.231767035365152,-35.549962728997563],[150.23183364735155,-35.549987675003713],[150.231893034338498,-35.550016871009227],[150.231950342324893,-35.550052484014593],[150.232005256310998,-35.5500930100198],[150.232057462297092,-35.550136933024767],[150.232057463297082,-35.55013693302476],[150.232106640283405,-35.550182748029464],[150.232200709253959,-35.550294385038647],[150.232279333224255,-35.55042556204657],[150.232344063195001,-35.550569191053334],[150.232396476166969,-35.550718190059037],[150.232438132140828,-35.550865494063743],[150.232453926124805,-35.550966723065855],[150.232457798110119,-35.551071834066896],[150.232459600095723,-35.551177053067768],[150.232469254080598,-35.551278587069334],[150.232496630063793,-35.551372672072411],[150.232496631063782,-35.551372672072418],[150.232519650054229,-35.551417456074773],[150.232546695044306,-35.551460429077487],[150.232575873034193,-35.551502479080376],[150.232605311024031,-35.5515444660833],[150.232633127014026,-35.551587241086082],[150.232665200001833,-35.551641330089318],[150.232696421989715,-35.551695938092493],[150.232727221977598,-35.551750797095615],[150.23275798696551,-35.551805683098749],[150.232789127953367,-35.5518603451019],[150.232903589909398,-35.552056888113476],[150.232903590909388,-35.552056888113476],[150.233019459865318,-35.552252642125161],[150.233136592821154,-35.552447661136974],[150.233254855776863,-35.552641989148867],[150.233374086732539,-35.552835691160858],[150.233477630692931,-35.55301215417132],[150.233578108653404,-35.553191827181521],[150.233681410613684,-35.553369098191965],[150.233793434573755,-35.553538354203148],[150.233920069533383,-35.553693986215542],[150.234031357500413,-35.553812238226286],[150.23414916346664,-35.55392877723763],[150.234273728432953,-35.554036909249533],[150.234405275400206,-35.554129937261926],[150.234544056369288,-35.554201173274841],[150.234544057369305,-35.554201173274834],[150.234691032340038,-35.55425084228834],[150.234849139311109,-35.554285155302736],[150.234849140311127,-35.554285155302736],[150.235011748283739,-35.554302447317419],[150.23517225925923,-35.554301021331781],[150.235324021238824,-35.554279194345227],[150.235453964224945,-35.554233442356555],[150.235578269215125,-35.554163927367235],[150.235578270215143,-35.554163927367227],[150.235639127211243,-35.5541230513724],[150.235699984207372,-35.554082176377584],[150.235822192199578,-35.55399971638797],[150.235947967189844,-35.553928068398747],[150.236038477181125,-35.553889415406594],[150.236131928171289,-35.553855505414745],[150.236224966161529,-35.553821415422846],[150.236314267153034,-35.553782224430591],[150.236396441147008,-35.55373299443761],[150.236482433143664,-35.553659185444815],[150.236559659143381,-35.553572648451144],[150.236630933145108,-35.5534781414569],[150.236630934145097,-35.5534781414569],[150.236699079147712,-35.553380443462338],[150.236766928150132,-35.553284332467783],[150.236884153152914,-35.553129265477246],[150.236943836154438,-35.553049692482027],[150.237003519155877,-35.552970119486858],[150.237003520155866,-35.552970119486858],[150.237113034160927,-35.552806581495567],[150.237200650170053,-35.552638319502279],[150.237254391185019,-35.552465029505925],[150.23727119919991,-35.552334837506564],[150.237274893217403,-35.552200064505982],[150.237266289236999,-35.552064073504283],[150.237266288236981,-35.552064072504287],[150.237257052246633,-35.552002569503053],[150.237246183258037,-35.551930196501587],[150.23721538327996,-35.551801797497966],[150.237183346297428,-35.551708725494478],[150.237143295315747,-35.551617750490266],[150.237143294315814,-35.551617750490266],[150.237097802334745,-35.551528451485581],[150.23704948635401,-35.551440390480664],[150.237000892373175,-35.551353126475725],[150.236892589411838,-35.551189194464932],[150.236765954452153,-35.551033993452535],[150.236636926492537,-35.550880773439943],[150.236636925492519,-35.550880773439943],[150.236521433531493,-35.550722819428529],[150.236521432531504,-35.550722819428536],[150.236478428549475,-35.550638085424112],[150.236435423567485,-35.550553348419683],[150.236397639587949,-35.55044407741557],[150.236365145608062,-35.550331356411895],[150.236339840627323,-35.550216708408847],[150.236323634645231,-35.55010162940664],[150.236323633645242,-35.55010162940664],[150.236321030653301,-35.55004463740601],[150.23631842666137,-35.549987644405391],[150.236323114676878,-35.549866514405004],[150.236336784691503,-35.549741566405388],[150.236336784691531,-35.549741565405384],[150.236341001693631,-35.549720810405624],[150.236361758704192,-35.549618652406785],[150.236400366713639,-35.549503653409481],[150.236454912718841,-35.54940244241368],[150.236490661719927,-35.549353247416548],[150.236530273720234,-35.549305344419778],[150.236573462719633,-35.549260569423346],[150.236619932717815,-35.549220787427238],[150.236669396714632,-35.549187854431452],[150.236759808705273,-35.54915375543932],[150.236864141691029,-35.549140192448561],[150.23697592367364,-35.549141725458583],[150.236975924673629,-35.549141725458583],[150.237088665654795,-35.549152921468767],[150.237195867636217,-35.549168339478477],[150.237305399616474,-35.549189879488438],[150.237415058595474,-35.549220706498453],[150.237522600573584,-35.549260264508362],[150.237625777551301,-35.549308005517929],[150.237722338529011,-35.549363411526947],[150.237722339529029,-35.549363411526947],[150.237853806494428,-35.549470521539469],[150.237969040458722,-35.549604640550676],[150.238073141422461,-35.54975542256102],[150.2381711913863,-35.549912542570851],[150.238268307350808,-35.550065654580592],[150.238295092340849,-35.55010921058328],[150.238320289330915,-35.550154101585839],[150.238320290330932,-35.550154101585839],[150.238345738321044,-35.550198679588433],[150.238345739321034,-35.550198679588433],[150.238373311311079,-35.550241275591183],[150.238373312311097,-35.550241275591183],[150.238404803301023,-35.550280233594265],[150.238443258290403,-35.550315506597954],[150.238486133279594,-35.550346566602002],[150.23853123226877,-35.55037560060623],[150.238576348257936,-35.550404777610474],[150.238619295247076,-35.550436294614535],[150.238852584180165,-35.550667321636979],[150.23905554711169,-35.550945310657042],[150.239229601043462,-35.551254063674712],[150.239376196977531,-35.551577464690027],[150.239496743915794,-35.551899313702997],[150.239544001889556,-35.552040585708177],[150.239588067863536,-35.552184025713096],[150.239626047838243,-35.552329008717479],[150.239655063814212,-35.552474896721051],[150.23967223779195,-35.552621070723582],[150.239676772778211,-35.552718347724642],[150.239676879765085,-35.552816269725319],[150.239672772752556,-35.55291432572561],[150.239664659740697,-35.55301198772554],[150.239652754729548,-35.553108744725115],[150.239625843711849,-35.553271367723802],[150.239589340695403,-35.553435802721644],[150.239540942681259,-35.553596937718396],[150.23954094168127,-35.553596937718389],[150.239478344670403,-35.55374970971382],[150.239399271663871,-35.553889027707662],[150.239359990663502,-35.553936948704475],[150.23931424666452,-35.553981839700668],[150.239268637665589,-35.554026157696882],[150.239229786665334,-35.554072420693714],[150.239204274662512,-35.554123111691766],[150.239204273662494,-35.554123111691766],[150.239193705658096,-35.554167966691125],[150.239188425652486,-35.55421576269098],[150.239188424645931,-35.554264535691296],[150.239193704638751,-35.554312330692099],[150.239204281631089,-35.554357195693342],[150.239229819620363,-35.554407859695978],[150.239268759608194,-35.554454077699781],[150.239314431595204,-35.554498367704156],[150.239360156582137,-35.554543259708566],[150.239399275569639,-35.554591278712408],[150.239451597548339,-35.55469023171775],[150.239490698527874,-35.554797897721976],[150.239525065507706,-35.554908754725801],[150.239563251487255,-35.555017280729956],[150.239613763465996,-35.555117963735157],[150.239657408450171,-35.555185927739529],[150.23965740945016,-35.555185927739529],[150.239703959433967,-35.555253147744139],[150.239703958433978,-35.555253148744143],[150.239754040417608,-35.555317625749069],[150.239808263401244,-35.555377280754321],[150.239808264401262,-35.555377280754328],[150.239867256385111,-35.555430068759968],[150.239952369364516,-35.555485967767979],[150.240047361343898,-35.555530617776782],[150.240148538323439,-35.555566840786092],[150.240252216303389,-35.555597407795581],[150.240354711283885,-35.555625141804953],[150.240462136264426,-35.555647192814732],[150.240572009245795,-35.555660082824666],[150.240682769227419,-35.555669772834641],[150.240792847208837,-35.555682142844596],[150.240900676189398,-35.555703162854385],[150.241029776164567,-35.555740201866207],[150.241157791138932,-35.555784519877975],[150.241283664112643,-35.55583566788961],[150.241406301086073,-35.555893224900977],[150.241524635059335,-35.555956742912009],[150.241611218039111,-35.55600810692011],[150.2416112190391,-35.556008106920103],[150.241635171033352,-35.556023469922373],[150.241696466018681,-35.556062786928109],[150.241779373998071,-35.556121042935935],[150.241858929977496,-35.556183144943482],[150.241934119957051,-35.556249351950669],[150.241934119957051,-35.556249352950672],[150.242021688932709,-35.55633011695906],[150.242112439907089,-35.556416995967773],[150.242194504882207,-35.556508382975743],[150.242225255871119,-35.556555497978813],[150.242256005860099,-35.556602611981887],[150.242256006860089,-35.556602611981887],[150.242270549851469,-35.556650316983522],[150.24228509384281,-35.556698023985142],[150.242288427835263,-35.55675047998578],[150.242287979827864,-35.556806128986111],[150.242281954821465,-35.556860879985948],[150.242268597816775,-35.556910719985083],[150.242246097814785,-35.556951594983346],[150.242218999815464,-35.556977733981093],[150.242218998815446,-35.556977733981093],[150.242185320817811,-35.556998978978228],[150.242147635821198,-35.557016914974966],[150.242108534825064,-35.557033103971563],[150.242070607828737,-35.557049140968289],[150.24207060682869,-35.557049140968289],[150.242025016833281,-35.557067363964322],[150.241978142838434,-35.557082692960222],[150.241930669843867,-35.557096720956068],[150.241883267849261,-35.557111018951908],[150.241883266849271,-35.557111018951908],[150.241859942851733,-35.557119099949887],[150.241836617854261,-35.557127180947845],[150.241750464863287,-35.557158885940332],[150.241663127872357,-35.557191415932728],[150.241577923880584,-35.557227576925335],[150.241498160887176,-35.557270235918487],[150.24142715689112,-35.557322244912477],[150.241380327892472,-35.557365997908555],[150.24133543589295,-35.557413900904855],[150.241294459892345,-35.557465290901547],[150.24125938389048,-35.557519486898777],[150.241232167887091,-35.557575834896717],[150.241208349876899,-35.557679277895268],[150.241207738861107,-35.55779778089601],[150.241226840841591,-35.557921133898546],[150.24126214882034,-35.558039125902525],[150.241310158799195,-35.558141538907506],[150.24135827778278,-35.558208929912276],[150.241417430765409,-35.558270430917979],[150.241483727747493,-35.558327494924313],[150.241553261729564,-35.55838158393091],[150.241622140711911,-35.558434138937422],[150.24170706569069,-35.558494931945447],[150.241795988669537,-35.558550606953801],[150.241887304648401,-35.558603189962334],[150.241979391627297,-35.558654722970921],[150.242070617606203,-35.55870723397944],[150.242070618606249,-35.55870723397944],[150.242155804586417,-35.558757019987425],[150.242240987566646,-35.558806804995385],[150.242412531527123,-35.558904413011419],[150.242584676487667,-35.559000999027496],[150.242756874448219,-35.559097514043579],[150.242928552408699,-35.559194898059616],[150.243102704367857,-35.559299650075921],[150.243275090326705,-35.559408472092102],[150.243275091326723,-35.559408472092102],[150.243448131285703,-35.559515636108323],[150.243624291245197,-35.559615422124779],[150.243805991205591,-35.559702076141654],[150.243905483184278,-35.559746555150852],[150.244006399162572,-35.559792558160211],[150.244108248141345,-35.559833900169622],[150.244210590121497,-35.559864332178996],[150.244312968103969,-35.559877643188265],[150.244437434086649,-35.559864009199323],[150.244563155072711,-35.559823492210313],[150.244689029060993,-35.559766401221204],[150.244813979050292,-35.559702990231976],[150.244813980050282,-35.559702990231983],[150.244936931039376,-35.55964355024259],[150.245103090025225,-35.559558007256911],[150.245264068013654,-35.559459664270662],[150.245423864002532,-35.559359241284305],[150.245586464989827,-35.559267405298279],[150.245755877973465,-35.559194887312962],[150.245851471963135,-35.559162097321298],[150.245948741952418,-35.559130445329806],[150.24604696194092,-35.559103491338426],[150.246145405928274,-35.559084774347127],[150.246243355914146,-35.559077836355854],[150.246364344894545,-35.559085249366753],[150.246489276872381,-35.559106879378085],[150.246612201848677,-35.559142367389349],[150.246727201824427,-35.559191336399977],[150.246828315800514,-35.559253403409457],[150.24692080677579,-35.559331622418284],[150.247011755748872,-35.559427876427094],[150.247089607722671,-35.559533776434762],[150.247089608722689,-35.559533776434762],[150.247142809700108,-35.559640966440256],[150.247159804684031,-35.559741066442463],[150.247159803684042,-35.559741066442463],[150.247135752675803,-35.559830159440899],[150.247080810672344,-35.559918839436584],[150.247006694672052,-35.560005897430514],[150.246925129673315,-35.560090095423774],[150.246847822674454,-35.560170223417394],[150.246795776675356,-35.560223263413079],[150.246795775675338,-35.560223263413086],[150.246741040677023,-35.560273793408506],[150.246685014678974,-35.560323184403821],[150.246629131680976,-35.560372728399152],[150.24657484468247,-35.560423813394628],[150.246444433685951,-35.560547381383778],[150.246311063689689,-35.560672401372663],[150.246184390691838,-35.560801984362193],[150.246074094690385,-35.56093917735322],[150.245989874683488,-35.561087063346669],[150.24596340267945,-35.561147480344701],[150.245938015675051,-35.561209430342842],[150.245916106669966,-35.561272384341315],[150.245900096663945,-35.561335812340303],[150.245900095663956,-35.561335813340307],[150.245892377656617,-35.561399170340039],[150.245901098642094,-35.56149719034147],[150.245931360623956,-35.561597927344877],[150.245976753603458,-35.56169843934962],[150.246030895582066,-35.561795742355123],[150.246087360561148,-35.561886851360796],[150.246133363545169,-35.561952996365356],[150.246184171528853,-35.562016353370346],[150.246238484512304,-35.562077334375623],[150.246294993495724,-35.562136398381085],[150.246352399479122,-35.562193964386609],[150.246464271448275,-35.562295525397325],[150.246584147417195,-35.562389359408705],[150.246584148417185,-35.562389359408705],[150.246709367386075,-35.562477644420518],[150.246837239354988,-35.562562532432551],[150.246837240355006,-35.562562532432551],[150.247089642293957,-35.56272763845628],[150.247215614263894,-35.5628075424681],[150.247215615263855,-35.5628075424681],[150.24734340723387,-35.562884390480079],[150.247473422204138,-35.562956710492216],[150.247606055174799,-35.563023007504547],[150.247606056174817,-35.563023007504555],[150.247669303161643,-35.563048581510387],[150.247732548148491,-35.563074155516233],[150.247863308122646,-35.563116625528231],[150.247994911096953,-35.563157070540292],[150.248123950071033,-35.563202150552165],[150.248247018044509,-35.563258523563569],[150.248334741023882,-35.563311473571794],[150.248419039003011,-35.563370670579737],[150.248419040002972,-35.563370670579737],[150.248501894981928,-35.563432593587585],[150.248585278960888,-35.563493727595485],[150.248671172940021,-35.563550567603549],[150.248671173940011,-35.563550566603567],[150.248785716913773,-35.563614703614249],[150.248903738887748,-35.563673103625227],[150.249022953861839,-35.563729602636286],[150.249140992835834,-35.563787974647269],[150.249255590809554,-35.563852030657976],[150.249386224778533,-35.56393340467023],[150.249515218747234,-35.564018633682352],[150.249641102715799,-35.564108406694245],[150.249762413684351,-35.564203378705749],[150.249762414684369,-35.564203378705749],[150.249877701653077,-35.56430424071678],[150.249981228623028,-35.564409323726757],[150.25007803259308,-35.564521605736196],[150.250171134563118,-35.564637875745312],[150.250263581533147,-35.564754908754402],[150.250358421503165,-35.564869493763673],[150.250408773487521,-35.564928404768594],[150.250458874471889,-35.564987574773468],[150.250509242456189,-35.565046494778379],[150.2505604184405,-35.565104643783357],[150.250612911424753,-35.565161537788455],[150.250645191415515,-35.565193493791547],[150.250678698406233,-35.565224418794763],[150.250678699406222,-35.56522441879477],[150.250712089396899,-35.565255389797969],[150.250712090396917,-35.565255389797969],[150.250744029387704,-35.565287461801049],[150.250773162378607,-35.565321695803888],[150.25079872736967,-35.565358984806437],[150.25082144136087,-35.565398434808728],[150.25083207235653,-35.56541872480981],[150.250842703352163,-35.565439014810906],[150.250842704352181,-35.565439014810906],[150.250863849343403,-35.565479719813084],[150.250863850343421,-35.565479719813084],[150.250886277334644,-35.565519537815362],[150.250911726325086,-35.565561586817914],[150.250937470315478,-35.565603475820517],[150.250963699305856,-35.565645067823148],[150.250990564296217,-35.565686220825825],[150.251018236286484,-35.565726791828588],[150.251040197278996,-35.565757403830759],[150.251062732271464,-35.565787611832974],[150.251062733271453,-35.565787611832974],[150.251085599263916,-35.56581758683523],[150.251085600263934,-35.56581758683523],[150.251108548256383,-35.565847499837488],[150.251131334248868,-35.565877528839742],[150.251136981246987,-35.565885076840296],[150.251148240243197,-35.565900189841393],[150.251153905241296,-35.56590771884197],[150.251158468239794,-35.565913706842409],[150.25119471023001,-35.565945026845867],[150.251243976216699,-35.565987605850573],[150.251260129212596,-35.565999724852112],[150.25127613020851,-35.566012031853624],[150.251300342202171,-35.56603114285592],[150.251324303195872,-35.5660506308582],[150.251347896189543,-35.566070574860454],[150.251371015183281,-35.566091012862671],[150.25139358617696,-35.566111996864826],[150.251425399167772,-35.566144105867892],[150.251455859158568,-35.566177648870834],[150.251485413149368,-35.566212141873734],[150.251514483140227,-35.566247082876565],[150.251514484140216,-35.566247082876565],[150.25154351713104,-35.566281961879412],[150.251543518131058,-35.566281961879412],[150.251570302122531,-35.566314706882032],[150.25159651211402,-35.566347944884605],[150.251596513114038,-35.566347944884605],[150.251622571105543,-35.566381308887152],[150.251648925097015,-35.566414420889757],[150.251707648078536,-35.56648491289549],[150.251739264068505,-35.566523412898576],[150.251771776058462,-35.566560917901747],[150.251771777058451,-35.566560917901747],[150.251788974053454,-35.566578410903404],[150.251806171048457,-35.566595903905061],[150.251843417038572,-35.566626864908621],[150.25186190103409,-35.566639064910348],[150.251881227029628,-35.566650135912148],[150.25190081402522,-35.566660828913982],[150.251920051020704,-35.566671980915778],[150.252010965001858,-35.566708140924177],[150.252224722957521,-35.56679316294391],[150.252252717952501,-35.566798441946446],[150.252292482945478,-35.566805406950067],[150.252332327938433,-35.566811869953689],[150.252381656929884,-35.56681915795815],[150.252381657929874,-35.566819157958157],[150.252431201921354,-35.566825691962642],[150.252431202921372,-35.566825691962642],[150.252480890912949,-35.566831446967122],[150.252530695904625,-35.56683642197163],[150.252580562896384,-35.566840598976128],[150.252586613895375,-35.56684087697667],[150.25266197588482,-35.566833068983378],[150.252710086879034,-35.566821181987606],[150.252754208874222,-35.566806534991471],[150.252796357870011,-35.566789270995123],[150.252836302866484,-35.566769943998587],[150.252836303866502,-35.566769943998587],[150.252875619863346,-35.566748072001964],[150.252875620863335,-35.566748072001964],[150.252940915859512,-35.566701782007492],[150.252999856857969,-35.566645883012399],[150.253050478858398,-35.566584498016532],[150.25309240486061,-35.566520002019857],[150.253092405860627,-35.566520002019857],[150.253124793864401,-35.566454862022304],[150.253147196869378,-35.566391926023911],[150.253162678875867,-35.566325611024837],[150.253170227883857,-35.566257494025059],[150.253170228883874,-35.566257494025052],[150.2531685178933,-35.566189180024452],[150.253155547904498,-35.566120848022834],[150.253123484918575,-35.566052839019498],[150.253123483918557,-35.566052839019498],[150.253076817933874,-35.565992297014901],[150.253026565948801,-35.565938433010032],[150.252980230962663,-35.565888692005551],[150.252942564975029,-35.565839803001836],[150.252886324996155,-35.565746864996164],[150.25283481001722,-35.565649337990891],[150.252789659037518,-35.565549587986176],[150.252751689056936,-35.565448536982096],[150.252721428075318,-35.565346438978693],[150.252702811088568,-35.565269061976508],[150.252687206101484,-35.565190645974575],[150.252687205101523,-35.565190645974575],[150.252676351113621,-35.565112748973071],[150.252671754124634,-35.565036196972159],[150.252674830134197,-35.56496130397192],[150.252683937141086,-35.564899631972317],[150.252698513147209,-35.564837027973212],[150.252717571152772,-35.564773993974491],[150.252740089157754,-35.564710914976089],[150.252765072162362,-35.564647943977896],[150.252799997168324,-35.564563485980464],[150.252837664173825,-35.564479484983273],[150.252880047177911,-35.56440024398654],[150.252928866179928,-35.564329428990433],[150.252986595179181,-35.564269029995209],[150.253062073175329,-35.56421098900158],[150.253062074175318,-35.56421098900158],[150.253152262168896,-35.564155502009292],[150.253248483160178,-35.564109911017624],[150.25334199814975,-35.564080223025805],[150.253424889138358,-35.564070425033165],[150.253498404125793,-35.56407949603981],[150.253580516109736,-35.56410498004734],[150.253666384091332,-35.564143507055306],[150.253751069072081,-35.564190101063197],[150.253829299053479,-35.564238712070555],[150.253895957036804,-35.564286489076842],[150.25395819502009,-35.564339708082777],[150.254016723003275,-35.564397722088422],[150.254071296986638,-35.564459044093731],[150.25412118297055,-35.564521558098626],[150.254165536955071,-35.564585990103033],[150.254204665939938,-35.564653820106997],[150.254240280924904,-35.564724813110679],[150.25427365490998,-35.564797950114141],[150.254305782895187,-35.564871337117516],[150.254341522877866,-35.564959246121333],[150.254373200861039,-35.565048239124749],[150.254402045844472,-35.565138667127954],[150.254429061828006,-35.565230144130993],[150.254455145811676,-35.565321908133953],[150.254484617792514,-35.565430694137319],[150.254511615773737,-35.565539793140466],[150.254536282755197,-35.565649332143416],[150.254558663737015,-35.565759203146172],[150.254578776719143,-35.565869208148712],[150.254598799699181,-35.565994811151356],[150.254615712679652,-35.566120843153719],[150.254629756660535,-35.566247279155839],[150.254641173641744,-35.56637396615772],[150.254641174641733,-35.566373966157713],[150.254650189623334,-35.566500877159378],[150.254657716604868,-35.566629590160915],[150.254663468586699,-35.566758267162292],[150.254666136569085,-35.566886460163396],[150.254664475552232,-35.567013945164106],[150.254657247536386,-35.567140130164312],[150.254650913530611,-35.567190570164087],[150.254644579524779,-35.567241010163855],[150.25464457852479,-35.567241010163855],[150.254635219519372,-35.567291961163356],[150.254625859513993,-35.567342912162857],[150.254615433508633,-35.567394840162279],[150.254605007503272,-35.567446768161687],[150.254605006503283,-35.567446768161687],[150.254586305491898,-35.567552802160726],[150.254574452479346,-35.567659787160387],[150.254570551471488,-35.567722911160459],[150.254567529463543,-35.567785604160605],[150.25456614745525,-35.567848961160905],[150.254567230446497,-35.567912847161438],[150.254571541437429,-35.567975469162256],[150.25457730342535,-35.568058771163329],[150.254583522411849,-35.568152058164515],[150.254596410397312,-35.568245776166293],[150.254625703381038,-35.568333398169521],[150.254689580362651,-35.568396899175674],[150.254718722356927,-35.56840588517835],[150.254747864351231,-35.568414871181027],[150.254747865351248,-35.56841487118102],[150.254793797343183,-35.568422275185185],[150.254836825336099,-35.568425627189072],[150.254876518329866,-35.568426640192627],[150.254914669324052,-35.568426228196053],[150.255028487306674,-35.568424928206234],[150.255148589288979,-35.568419208216973],[150.255268682271975,-35.568408227227657],[150.255384176256513,-35.568390783237895],[150.255491890244201,-35.568358844247349],[150.255564742237596,-35.568324422253646],[150.255630890232936,-35.568283511259295],[150.25572868922319,-35.568243693267796],[150.255823163214103,-35.568203256275993],[150.255823164214121,-35.568203256275993],[150.255913926205551,-35.568162874283864],[150.25591392720554,-35.568162874283871],[150.25594492620931,-35.568099095286215],[150.255980784210863,-35.568046378289068],[150.256023777211027,-35.567995974292586],[150.256081830206483,-35.567963327297562],[150.256088544206506,-35.567955206298116],[150.25619770018983,-35.567954569307901],[150.256197701189848,-35.567954569307901],[150.256419124155912,-35.567953287327747],[150.256853398070746,-35.568089196367588],[150.257100641965053,-35.568592717393159],[150.257100642965071,-35.568592717393159],[150.25743144687155,-35.568909859424949],[150.257497377815838,-35.569249116433149],[150.257427517766303,-35.569697868429898],[150.257453370717172,-35.570033863434482],[150.257753326619991,-35.570413636463947],[150.257954721534162,-35.570821647484749],[150.257798543485933,-35.571359913474346],[150.257192722489378,-35.572028963424543],[150.25707244241147,-35.572746597418593],[150.256823007356616,-35.573440961400919],[150.256583718282769,-35.574265374385],[150.256398128223054,-35.574922555372787],[150.256398127223036,-35.574922555372787],[150.256390274219797,-35.574955542372315],[150.256384465217451,-35.574979915371955],[150.256362232209568,-35.575064373370516],[150.256344213203107,-35.575132822369369],[150.256006124102612,-35.576268704346695],[150.257770685423026,-35.579304115525353],[150.258648484017272,-35.581317473617609],[150.258648485017289,-35.581317473617609],[150.258855259921717,-35.581791731639335],[150.258855260921734,-35.581791731639342],[150.258941109888411,-35.581941196648053],[150.259019724857922,-35.582078076656025],[150.259906775513741,-35.583622462745957],[150.259736106459201,-35.584224242734706],[150.258265205580244,-35.585009724608106],[150.258034363504862,-35.585835371592964],[150.257947272465969,-35.586224793587768],[150.25784573341511,-35.586719606581987],[150.25784573241512,-35.586719606581987],[150.25770434036238,-35.587274190573048],[150.257704339362391,-35.587274190573048],[150.257660889337131,-35.587511965570769],[150.257617438311854,-35.587749739568466],[150.25750219227038,-35.588190714561101],[150.257474450252602,-35.58835488955971],[150.257430359224315,-35.588615732557507],[150.257430358224326,-35.588615732557507],[150.257356383183463,-35.589004644553498],[150.257276366132601,-35.589474832549485],[150.257276365132611,-35.589474832549485],[150.257233108108352,-35.58970510854715],[150.257189849084085,-35.58993538454483],[150.257102410040147,-35.590362554539865],[150.257036931994293,-35.590778600536794],[150.257036930994303,-35.590778600536794],[150.256999343968943,-35.591010490534991],[150.256961754943575,-35.59124237953317],[150.256829280907823,-35.591660298524111],[150.256697244873322,-35.592068267515018],[150.256549441847596,-35.592429480504201],[150.256546573847061,-35.592436454503996],[150.256425097817242,-35.592797954495531],[150.256335388795605,-35.593061720489253],[150.256324336792972,-35.593094214488495],[150.25565052577457,-35.594003809434206],[150.253839870725187,-35.59644805028833],[150.253839869725198,-35.596448050288323],[150.253868033667686,-35.596843791293523],[150.254022741590063,-35.597244031310083],[150.254218773490805,-35.597757620331109],[150.254367054415752,-35.598146081347018],[150.254669119262843,-35.598937436379416],[150.254715874193607,-35.599398926386705],[150.254795491115772,-35.599886422397134],[150.254823190094129,-35.600015759400485],[150.254952528993016,-35.600619681416148],[150.254952529993034,-35.600619681416141],[150.254997357952448,-35.60087016942186],[150.255027404925272,-35.601037992425681],[150.255303843826397,-35.601456581453284],[150.256442246447818,-35.6029670575655],[150.256773078228861,-35.60421649660357],[150.256655041249189,-35.604200720592893],[150.25658202126175,-35.604190967586263],[150.255908005921015,-35.607498852548098],[150.255886258887671,-35.607771625547976],[150.255654038394056,-35.61170968655366],[150.255654038394056,-35.611709687553656],[150.255636489360313,-35.611980749553901],[150.255618904326553,-35.61225226055415],[150.25559364627415,-35.612670852554707],[150.257109290012551,-35.612877820691978],[150.257231459991459,-35.612894493703045],[150.257353630970357,-35.612911183714125],[150.256126451972676,-35.61430188861344],[150.255403555973999,-35.61512128855415],[150.255392048929991,-35.615461848555405],[150.255534338674778,-35.617196572579829],[150.255047385603007,-35.618288906543526],[150.254693106560381,-35.619012480516631],[150.253882005538458,-35.620106534451274],[150.252121812485285,-35.622521391309711],[150.251670613448482,-35.623313187274597],[150.251537912421838,-35.623663723265047],[150.251355325385134,-35.624146008251941],[150.251286198371275,-35.624328598246969],[150.251286198371275,-35.624328599246965],[150.251178742265552,-35.625238075243445],[150.251204163218517,-35.625558510247892],[150.251324344145587,-35.62596287626139],[150.251809466921713,-35.627071195312311],[150.251942751840971,-35.627518516327271],[150.251944831838216,-35.62753666932759],[150.251955605823952,-35.627630414329168],[150.251973766799921,-35.627788521331873],[150.25199182977596,-35.627945749334543],[150.25198997376242,-35.628048593335073],[150.251987095741413,-35.628207910335874],[150.251985666730945,-35.628287317336294],[150.251984236720489,-35.62836672533669],[150.251984235720528,-35.628366725336683],[150.251955076705229,-35.628513824335066],[150.251955075705268,-35.628513824335066],[150.251940635697679,-35.628586709334272],[150.251926193690082,-35.628659596333456],[150.251895348673912,-35.628815213331741],[150.251864503657771,-35.628970825330022],[150.251864502657781,-35.628970825330022],[150.251772057642512,-35.629190102323214],[150.251782805634122,-35.629240156324506],[150.251737922636892,-35.629271199320705],[150.251661611624314,-35.629452199315061],[150.251622008622604,-35.629510411311912],[150.251430133613553,-35.629798172296653],[150.25130271060749,-35.629989256286521],[150.251099137608577,-35.630214978269791],[150.250849238615501,-35.630450120248959],[150.250570278626753,-35.630686660225543],[150.250057241665218,-35.630989605181604],[150.249700491697183,-35.631161407150771],[150.249603053648855,-35.63163268814521],[150.24961942163759,-35.631697471147113],[150.249710531623435,-35.631698117155288],[150.249773431612965,-35.631703854160968],[150.249874563595341,-35.631719039170129],[150.249984202575348,-35.631741575180101],[150.25018092653977,-35.631780408198004],[150.250292411519922,-35.631800129208131],[150.250371433504881,-35.63182124821536],[150.250450455489869,-35.631842368222593],[150.250450456489858,-35.631842368222593],[150.25063398545268,-35.631908093239481],[150.250799164415099,-35.631997716254887],[150.250928452386688,-35.632060760266889],[150.250971694377768,-35.632077487270877],[150.251013233369292,-35.632092744274715],[150.251045047362652,-35.632105643277647],[150.251057318359585,-35.632114222278794],[150.251076618355029,-35.632126117280599],[150.251096267350448,-35.632137537282446],[150.251115826345881,-35.63214909228428],[150.251134857341299,-35.632161400286066],[150.251147183338219,-35.632170032287235],[150.251159391335165,-35.632178817288391],[150.251171511332075,-35.632187754289532],[150.25118350532901,-35.632196835290678],[150.25119539132595,-35.632206050291785],[150.251200231325129,-35.632206569292237],[150.251205054324288,-35.632207215292674],[150.251209868323457,-35.63220798629311],[150.251214655322599,-35.632208882293554],[150.251228585319922,-35.632212567294815],[150.251242255317123,-35.632217694296081],[150.251255728314248,-35.632223772297323],[150.251282252308414,-35.632236761299794],[150.251295797305403,-35.632243564301049],[150.251309135302364,-35.6322507803023],[150.25132236629932,-35.632258238303528],[150.25133555229624,-35.632265786304764],[150.251348774293206,-35.632273235305995],[150.251359333292328,-35.63226783930692],[150.251402737286014,-35.632264836310782],[150.251415797283954,-35.63226513231195],[150.251415798283972,-35.632265132311957],[150.251429163281756,-35.632266136313156],[150.251442797279367,-35.632268413314392],[150.251456449277498,-35.632266728315599],[150.251470120276053,-35.632261502316808],[150.251483476274757,-35.632255953317959],[150.251497056273479,-35.632249670319126],[150.251511668269529,-35.632262533320528],[150.251525929266563,-35.632268127321851],[150.251539178261851,-35.632288045323172],[150.251564501256468,-35.632299115325509],[150.251600438249767,-35.632307568328784],[150.251631902244696,-35.632309164331616],[150.251644765242958,-35.632307129332766],[150.251657691241235,-35.632305301333908],[150.251670626239473,-35.632303553335049],[150.251683543237732,-35.632301671336194],[150.251697339235847,-35.632299752337417],[150.251711206233921,-35.632298094338651],[150.251725038232053,-35.632296319339872],[150.251738744230209,-35.632294051341106],[150.251752208228538,-35.632290941342291],[150.251762749227339,-35.632287831343206],[150.251773201226257,-35.632284317344123],[150.251783537225151,-35.632280435345024],[150.251793720224128,-35.632276195345902],[150.251803715223218,-35.632271624346757],[150.251813378222408,-35.6322665323476],[150.251822790221695,-35.632260885348401],[150.251832068221063,-35.632255005349208],[150.251841400220428,-35.632249178349994],[150.251850919219692,-35.632243737350805],[150.251860699218838,-35.632238843351658],[150.251870658217882,-35.632234271352523],[150.251880662216962,-35.6322297983534],[150.251890576216027,-35.632225164354246],[150.251900275215235,-35.632220144355067],[150.2519093022145,-35.63221496335585],[150.251913752214222,-35.632212252356233],[150.251918203213876,-35.632209540356619],[150.251918204213922,-35.632209540356619],[150.251926997213275,-35.632203919357359],[150.251935674212717,-35.632198147358103],[150.251944270212192,-35.632192257358824],[150.25194427121221,-35.632192257358817],[150.251953593211681,-35.632185292359623],[150.251962629211278,-35.63217790636039],[150.251971629210885,-35.632170457361141],[150.251980808210448,-35.632163322361912],[150.251990408209849,-35.632156859362723],[150.251995849209408,-35.632153632363199],[150.251995850209425,-35.632153632363199],[150.252001380208981,-35.632150539363678],[150.252006983208531,-35.632147572364161],[150.252012648208023,-35.632144740364637],[150.252018376207502,-35.632142050365147],[150.252030630206661,-35.632134234366184],[150.252042606205947,-35.632125853367207],[150.252054241205315,-35.632116978368188],[150.25206547320488,-35.632107620369126],[150.252076239204541,-35.632097858370024],[150.252086870204323,-35.632086958370905],[150.252096847204399,-35.63207537737172],[150.252106447204511,-35.632063401372505],[150.252115931204656,-35.632051308373285],[150.252125603204746,-35.632039395374065],[150.252135141204775,-35.63202811037484],[150.25214473320483,-35.632016851375617],[150.252154270204869,-35.632005556376406],[150.252163665204989,-35.63199414537717],[150.252172808205131,-35.631982546377905],[150.252189723205419,-35.631960853379276],[150.252197952205648,-35.631949827379941],[150.25220564320594,-35.631938506380557],[150.252212510206476,-35.631926763381095],[150.252218524207279,-35.631913837381539],[150.252218525207326,-35.631913837381539],[150.252223571208333,-35.63190037338191],[150.252223572208351,-35.63190037338191],[150.252228053209478,-35.631886632382226],[150.252228054209468,-35.631886632382226],[150.252232445210666,-35.631872818382519],[150.252232446210655,-35.631872818382519],[150.25223718721179,-35.631859184382854],[150.25223718821178,-35.631859184382854],[150.252242171212799,-35.631845819383209],[150.25224217221276,-35.631845819383209],[150.252247147213865,-35.631832444383562],[150.252252211214852,-35.631819097383932],[150.252257419215823,-35.631805830384309],[150.252257420215841,-35.631805830384302],[150.252262932216752,-35.631792680384713],[150.252272398218025,-35.63177215338542],[150.252282581219191,-35.631751939386199],[150.252293186220243,-35.631731913387014],[150.25230391622128,-35.631711924387844],[150.252314439222346,-35.631691854388656],[150.252335003224601,-35.631651614390222],[150.252341869225347,-35.631638204390761],[150.252348772226071,-35.63162481239128],[150.252358695227031,-35.63160596139204],[150.25236879722803,-35.631587190392828],[150.252378864229001,-35.631568402393597],[150.252388706229993,-35.631549506394357],[150.252394793231275,-35.631533308394793],[150.252399409232481,-35.6315192793951],[150.252403640233695,-35.631505134395383],[150.25240769223501,-35.631490944395651],[150.252411816236247,-35.631476772395928],[150.252416208237463,-35.631462663396228],[150.252422438238995,-35.631444188396664],[150.252428919240486,-35.631425785397127],[150.252435624241883,-35.631407445397606],[150.252442526243271,-35.631389167398098],[150.252442527243289,-35.631389167398098],[150.252447612244254,-35.631376029398467],[150.252449581244633,-35.631370944398611],[150.252458339246203,-35.63134942139925],[150.252467518247641,-35.631328042399929],[150.252476859249072,-35.631306717400626],[150.252486163250524,-35.631285382401316],[150.252498525251866,-35.631261054402259],[150.252510429253135,-35.631238124403176],[150.252522360254346,-35.631215141404084],[150.252534139255658,-35.631192103404977],[150.252545666256964,-35.631169021405867],[150.252556952258374,-35.631145706406727],[150.252565862259587,-35.631126398407382],[150.25257444126089,-35.631107018408017],[150.25257444126089,-35.631107017408027],[150.252582885262171,-35.631087602408655],[150.252591374263517,-35.631068186409273],[150.252600293264749,-35.631048662409952],[150.252600294264738,-35.63104866240996],[150.252612789266294,-35.631022649410895],[150.252612790266284,-35.631022649410887],[150.252625653267785,-35.630996725411876],[150.252653728269223,-35.630954191414098],[150.252676093270679,-35.63091769041587],[150.25268823927226,-35.63089183841678],[150.252698700273754,-35.630868397417558],[150.252711662275061,-35.630844060418553],[150.252726157276186,-35.630819203419698],[150.25274072427726,-35.630794372420844],[150.252755532278314,-35.630769623421997],[150.252772008279322,-35.630742910423287],[150.252788744280366,-35.630716296424609],[150.252797152280834,-35.630702998425278],[150.252805560281331,-35.63068970042594],[150.252805561281292,-35.630689700425947],[150.252830445281575,-35.63065916042796],[150.252876448283075,-35.630595229431655],[150.252922657285325,-35.63052533743533],[150.252932366290452,-35.630476457435869],[150.25296275429497,-35.630407927438142],[150.252973421297924,-35.630373734438869],[150.252984088300877,-35.630339541439596],[150.252984089300838,-35.630339541439596],[150.253005817306729,-35.630271065441079],[150.253029491312134,-35.630203853442744],[150.252993044321698,-35.630174281439302],[150.252993043321709,-35.630174281439288],[150.252951621329771,-35.630161830435476],[150.252974775332433,-35.630115576437241],[150.25299331233677,-35.630061936438558],[150.253014871340469,-35.630009837440134],[150.253039746343347,-35.629959836442019],[150.25309281334566,-35.62988171544626],[150.253161988342839,-35.629823414452069],[150.253161989342829,-35.629823414452069],[150.2531982343408,-35.62979668345514],[150.253234481338779,-35.629769953458208],[150.253311338333731,-35.629719701464744],[150.253388680328271,-35.629671332471361],[150.253447618323861,-35.629636408476422],[150.253508788318868,-35.629603475481673],[150.253567610310768,-35.629596206486909],[150.253625616301377,-35.629599451492133],[150.253625617301395,-35.629599451492133],[150.253691860295049,-35.629570426497864],[150.253790967285113,-35.629530770506484],[150.253891928275721,-35.629484364515214],[150.254002284268665,-35.62941041152461],[150.254115043260981,-35.629338144534245],[150.254230535252219,-35.62927070054414],[150.254351505240038,-35.629222474554652],[150.25446962322556,-35.629194390565061],[150.254577667212175,-35.629170009574572],[150.254673089200537,-35.62914706258298],[150.254767498189238,-35.629122698591281],[150.254880588175638,-35.629094417601237],[150.255002184160077,-35.629070323611977],[150.255175970136463,-35.629046461627397],[150.255325149117311,-35.629017777640584],[150.255615144078718,-35.628971856666261],[150.25567852806941,-35.62896836167193],[150.255746242061093,-35.628952432677892],[150.255833902050767,-35.62892867868559],[150.255954091038035,-35.628885293696065],[150.256086033023905,-35.628838959707579],[150.256241872009923,-35.628764164721062],[150.256399729001316,-35.628647014734419],[150.256568915991323,-35.62852743674879],[150.256621892988079,-35.628490648753292],[150.256712581980935,-35.628439500761075],[150.256917302963473,-35.628334452778731],[150.257113560949279,-35.628214703795521],[150.257292545934405,-35.628119937810922],[150.257439205920861,-35.628052322823628],[150.257582934907958,-35.627983480836043],[150.257749889892239,-35.627908891850524],[150.257921918874331,-35.627844432865508],[150.258097075855119,-35.627786418880831],[150.258273451835294,-35.627731174896276],[150.258449110815747,-35.627675052911634],[150.258570851801892,-35.627638425922306],[150.258688799788217,-35.627604802932659],[150.258804596775207,-35.627568624942796],[150.258804597775196,-35.627568624942796],[150.258912703764963,-35.627520685952177],[150.259015690757906,-35.627455168960964],[150.259015691757924,-35.627455168960964],[150.259050812755049,-35.627436084963982],[150.259076736752036,-35.627428519966259],[150.259106111750498,-35.627406440968755],[150.259178558746896,-35.627350183974869],[150.259256196743081,-35.627289336981413],[150.259339490740217,-35.627215124988382],[150.25940153973599,-35.627175198993683],[150.259416903738014,-35.627142722994833],[150.25943226774001,-35.627110245996008],[150.259432268739999,-35.627110245996008],[150.259497642742474,-35.627016636001244],[150.259576750745055,-35.626906828007584],[150.259631198750924,-35.626800757011758],[150.259662537759112,-35.626704171013913],[150.259669354764156,-35.626658539014223],[150.259676171769286,-35.626612908014515],[150.259676172769275,-35.626612908014515],[150.259656827792696,-35.626460799011774],[150.259644529801363,-35.626410439010328],[150.259621187816578,-35.626324062007647],[150.259601350824369,-35.626289264005642],[150.259589119829855,-35.626262515004363],[150.25957688883534,-35.626235767003088],[150.259576887835323,-35.626235767003088],[150.259562514839587,-35.626220416001694],[150.25954814084389,-35.626205065000306],[150.259498192855006,-35.626179606995649],[150.259449796865141,-35.626159903991187],[150.259397356873791,-35.626155842986456],[150.259364951875398,-35.626180860983709],[150.259339950877404,-35.626194602981563],[150.259324362880562,-35.626189237980135],[150.259308774883664,-35.626183872978693],[150.259254595895101,-35.626160977973683],[150.259251951897028,-35.626149862973371],[150.259250543898816,-35.626138092973171],[150.259249656900579,-35.626126036973019],[150.25924860790235,-35.626114069972843],[150.259246573904278,-35.626101905972568],[150.259246572904289,-35.626101905972568],[150.25924157190758,-35.626083376971991],[150.259235673910666,-35.626067151971348],[150.259235672910648,-35.626067151971348],[150.259229075913055,-35.626056986970681],[150.259212124918349,-35.626037140969032],[150.259196258923595,-35.626016334967481],[150.259178025930254,-35.625987641965651],[150.259162052936745,-35.625957970964016],[150.259162051936698,-35.625957970964024],[150.259147512943031,-35.625927716962515],[150.259133448949285,-35.625897284961063],[150.259133447949267,-35.625897284961049],[150.259130489954458,-35.625862172960552],[150.259100881973552,-35.625754182957166],[150.259017419000543,-35.625649357948973],[150.258970806022518,-35.62553953094406],[150.258926838044118,-35.625429300939381],[150.258885425065358,-35.625318900934921],[150.258848745085004,-35.625214846930938],[150.258848744085014,-35.625214846930945],[150.258851864095078,-35.625136393930681],[150.258868672102693,-35.625060638931686],[150.25888090811074,-35.624986730932278],[150.258904115116678,-35.624915960933876],[150.258941342123194,-35.624825011936601],[150.25898631412835,-35.624734815940037],[150.259034844132941,-35.624644996943793],[150.259034845132931,-35.624644996943786],[150.259075244139098,-35.624552927946787],[150.259109665145331,-35.624467123949294],[150.259133321152717,-35.624385076950865],[150.259146981163298,-35.624290640951465],[150.259160131173985,-35.624196177951994],[150.259167934179118,-35.624149066952384],[150.259175736184261,-35.624101956952764],[150.25917573718425,-35.624101956952764],[150.259196747193641,-35.624008237954008],[150.259217498197756,-35.623953467955502],[150.259217499197803,-35.623953467955502],[150.259229107199474,-35.623927579956387],[150.259240715201173,-35.623901691957251],[150.259265607204242,-35.623850274959132],[150.259292212207043,-35.623799260961157],[150.259292213207033,-35.623799260961157],[150.259320466209459,-35.623748694963368],[150.259074806266739,-35.623604461940367],[150.259084361281396,-35.623484693940419],[150.259313963274593,-35.623271826959574],[150.259612750259322,-35.623042464984827],[150.26002108721039,-35.622937812020737],[150.26002108821038,-35.622937812020744],[150.260519188146787,-35.622839361064742],[150.26077643413646,-35.622621034086336],[150.260765847144796,-35.622571203085066],[150.260716436183657,-35.622338757079071],[150.260811180255473,-35.621696538083235],[150.261273471175429,-35.621761376125143],[150.261673901110242,-35.62178636816121],[150.262201108041722,-35.621691010207847],[150.262684579967782,-35.621686242251172],[150.263018282898514,-35.621818319281992],[150.263212624860813,-35.621875608299803],[150.263406970823127,-35.621932898317617],[150.263406971823173,-35.621932898317617],[150.263799467772969,-35.621855755352314],[150.264087084749434,-35.621700713377059],[150.264465220706001,-35.621589820410236],[150.264892344649752,-35.621517984448062],[150.265284832599605,-35.621440840482734],[150.265712593537984,-35.621408418520907],[150.265719208537121,-35.621406912521472],[150.266022298499678,-35.621337729548188],[150.265909154538974,-35.621175318536949],[150.265569355602338,-35.621094059505921],[150.265085533679382,-35.621076273462421],[150.265085423737816,-35.620642083459487],[150.264909444781921,-35.620515966442852],[150.26466388984349,-35.620339986419651],[150.264663889843519,-35.620339985419648],[150.264619103884343,-35.620087980413935],[150.26455354992072,-35.619892277406748],[150.26455354892073,-35.619892277406741],[150.264465180964493,-35.61966875039731],[150.264344157010157,-35.61946801938511],[150.2642745330389,-35.61933407837796],[150.264177524070362,-35.619211638368434],[150.264177523070316,-35.619211638368434],[150.264114380092792,-35.619116906362137],[150.264019649111077,-35.619089826353459],[150.263874333141587,-35.619029596340006],[150.263618751186698,-35.618987330316806],[150.263230924249001,-35.618968854281896],[150.262950538313049,-35.61881462825572],[150.262743147359828,-35.618704540236372],[150.262731408365426,-35.618676613235131],[150.262719670370956,-35.618648685233893],[150.262719669370966,-35.618648685233893],[150.262729529376259,-35.618598083234453],[150.262822100370386,-35.618535416242331],[150.262941939362634,-35.618455645252531],[150.262941940362651,-35.618455645252531],[150.263221552334244,-35.618346178276873],[150.263221552334244,-35.618346177276877],[150.263485664300163,-35.618296281300225],[150.263535561293764,-35.61828685430465],[150.263799648261681,-35.618222431327894],[150.264327968189008,-35.618156878374833],[150.265175002061682,-35.618132176450636],[150.265521478022123,-35.618028920481024],[150.265986358959168,-35.617963655522281],[150.266178197933584,-35.617933724539284],[150.266480346898732,-35.617846290565801],[150.266678933881622,-35.617745777582947],[150.26692117587146,-35.617543648603302],[150.267097478861331,-35.617416898618259],[150.267391891831522,-35.617300752643892],[150.267760544780572,-35.617256883676667],[150.268210519713563,-35.617238876716911],[150.268896516611903,-35.61720784477825],[150.269382184565302,-35.616997657820392],[150.269639872537596,-35.616908162842911],[150.269935477492822,-35.616901977869382],[150.270047761470948,-35.616935942879685],[150.270146446439583,-35.617055800889339],[150.270203108413881,-35.617181539895277],[150.270210809393461,-35.617324604896936],[150.270211473374872,-35.617461969897917],[150.27021147237491,-35.617461969897917],[150.270156336357957,-35.617651038894238],[150.270080197343503,-35.617845906888725],[150.270004192325132,-35.618069387883409],[150.269934865315008,-35.618224160878221],[150.269935699291779,-35.618395874879461],[150.26993570029174,-35.618395875879465],[150.269950491267934,-35.61855608888186],[150.269979347240337,-35.61872769588561],[150.269952312216816,-35.618933850884567],[150.269848860186499,-35.619277619877593],[150.269780063161676,-35.619541143873192],[150.269694557144106,-35.61976968986707],[150.269694556144117,-35.61976968986707],[150.269592808126106,-35.62002009985963],[150.269592807126088,-35.62002009985963],[150.26949177609265,-35.620384674853007],[150.269420479049614,-35.620786154849313],[150.269349405001947,-35.621221876845887],[150.269277757966648,-35.621566264841753],[150.269220774930858,-35.621897727838871],[150.26918601489038,-35.622238296838049],[150.269047315879106,-35.622481122827239],[150.268798710867884,-35.622849534807408],[150.268681929858161,-35.623055822798321],[150.268624148840132,-35.623255989794487],[150.268647751800813,-35.623521189798396],[150.268657765788817,-35.62359890779981],[150.268676553777055,-35.623664721801937],[150.268706493760902,-35.623750327805197],[150.268735564747573,-35.623816060808245],[150.268764599733458,-35.623887494811349],[150.268764598733441,-35.623887495811339],[150.268778870721462,-35.62396034581311],[150.268807940708143,-35.624026078816165],[150.268866466689872,-35.624094698821864],[150.268954108659045,-35.624223332830596],[150.268997807641369,-35.624304779835064],[150.269049001624865,-35.62436839684009],[150.269092826609494,-35.624432704844445],[150.269166071588359,-35.624505627851512],[150.269268924565353,-35.624558577861087],[150.269357103545985,-35.62460151586928],[150.269533890516357,-35.624618834885275],[150.269622248500781,-35.624633212893293],[150.269721273484919,-35.624637497902206],[150.269812509473127,-35.624620761910279],[150.26989673446235,-35.62460399091772],[150.269981076453917,-35.624570070925046],[150.270065462446269,-35.624530423932356],[150.270136071445307,-35.624456380938192],[150.270213780444834,-35.624370917944589],[150.270291354442037,-35.624302612951098],[150.270347907442527,-35.624234216955706],[150.2704114704419,-35.624165875960955],[150.270491025437991,-35.624103978967668],[150.270545517438052,-35.624040630972132],[150.270641010431831,-35.623977622980284],[150.270714532427291,-35.623926993986537],[150.270813136421253,-35.623858804994924],[150.270904523412526,-35.623819185002844],[150.271003010404172,-35.623768153011341],[150.271087191392638,-35.623757109018833],[150.27117141638189,-35.623740347026271],[150.271255364365857,-35.623763626033956],[150.271360368347246,-35.623781295043493],[150.271426090334643,-35.623799520049516],[150.271444315331166,-35.623804574051185],[150.271444316331156,-35.623804574051185],[150.271528173313555,-35.623839301058943],[150.271528174313545,-35.623839301058936],[150.271612202298996,-35.623851134066562],[150.271717170279629,-35.623874530076137],[150.271807957259455,-35.623920730084592],[150.271807958259473,-35.623920730084592],[150.271898593236159,-35.623989816093186],[150.27198245121852,-35.624024543100951],[150.272066237199368,-35.624070717108772],[150.272149898177958,-35.624134048116709],[150.272233595157275,-35.624191659124598],[150.272303164136503,-35.624266374131345],[150.27230316513652,-35.624266374131345],[150.272328482129268,-35.624291087133791],[150.272379735114612,-35.624341117138712],[150.272393271103283,-35.624409844140381],[150.272420791089019,-35.624484352143369],[150.272434326077672,-35.624553080145041],[150.27243432707769,-35.624553080145041],[150.272419330061496,-35.62469032714462],[150.272418864052355,-35.624758992145047],[150.272425346041331,-35.624833402146116],[150.272425345041313,-35.624833402146109],[150.272417861033261,-35.624902030145904],[150.272424306021492,-35.624982160147027],[150.272402802015534,-35.625050716145559],[150.272388217007034,-35.625130756144799],[150.2723876969971,-35.625205139145244],[150.272394464991436,-35.625239498146072],[150.272401231985754,-35.625273857146922],[150.272401232985771,-35.625273857146929],[150.272393657976181,-35.625353923146776],[150.272379162969202,-35.625422507145935],[150.272357532960939,-35.625508238144583],[150.272343037953959,-35.625576831143746],[150.272349518942946,-35.625651250144813],[150.272342024934886,-35.625719869144596],[150.272341468924168,-35.625799971145092],[150.272341467924178,-35.625799971145092],[150.272326964917198,-35.625868564144248],[150.27234750990479,-35.625937317146558],[150.272375064891264,-35.626006116149497],[150.27240958587592,-35.626080661153097],[150.27247915485512,-35.626155367159832],[150.272527694837578,-35.626229983164691],[150.27251319083058,-35.626298575163851],[150.27251318983059,-35.626298575163851],[150.272477665826813,-35.626367069161141],[150.272414066826684,-35.626441148155919],[150.272378541822974,-35.626509632153201],[150.272307968824606,-35.62657796514732],[150.272272444820885,-35.626646459144595],[150.272236839815633,-35.626726390141933],[150.272180285815153,-35.626794786137324],[150.272172791807066,-35.626863414137119],[150.272151286801147,-35.62693197013563],[150.272150201780562,-35.627086447136577],[150.27214911675992,-35.627240932137525],[150.272141586751047,-35.627315279137349],[150.272141093741908,-35.627383935137765],[150.272112579737069,-35.627452464135672],[150.27211257873708,-35.627452464135672],[150.272062999734743,-35.62752660513172],[150.272062998734754,-35.62752660513172],[150.272020420731337,-35.627600791128387],[150.272020419731319,-35.627600791128387],[150.271935342726039,-35.627737707121682],[150.271878788725559,-35.62780610211707],[150.271850193719189,-35.627886070115046],[150.271821679714378,-35.62795459111296],[150.27180016570847,-35.628023156111482],[150.271757550704308,-35.628103052108195],[150.271721981699812,-35.628177265105514],[150.271686439696083,-35.628245759102768],[150.271686438696094,-35.628245759102768],[150.271664862688652,-35.628325762101376],[150.27166434267869,-35.628400145101821],[150.271677878667361,-35.6284688631035],[150.271712434652784,-35.628537689107063],[150.271725969641437,-35.628606416108738],[150.27176053462685,-35.628675241112305],[150.271781034613639,-35.628749714114647],[150.271808590600102,-35.628818504117582],[150.271829099586938,-35.628892995119919],[150.27184263457562,-35.628961713121598],[150.271877397564822,-35.629001930124986],[150.271912158554045,-35.629042147128374],[150.271912159554034,-35.629042147128374],[150.272002955533821,-35.629088347136836],[150.272100886514778,-35.62911741814581],[150.272191718495321,-35.629157899154222],[150.272275630478475,-35.629186907161973],[150.2723734724579,-35.629227424171013],[150.272457222437993,-35.629279308178866],[150.272555108418203,-35.629314107187895],[150.272638975400582,-35.629348833195642],[150.272722806382234,-35.629389279203444],[150.272827541358254,-35.629446989213221],[150.272911211336805,-35.629510320221158],[150.272980780316033,-35.629585035227912],[150.273015300300642,-35.629659580231511],[150.273042820286378,-35.629734089234475],[150.273049310275383,-35.629808508235563],[150.273048825266216,-35.629877163235975],[150.273055351255977,-35.629945854237015],[150.273082422233301,-35.630083299240376],[150.273109941219019,-35.630157817243358],[150.273130487206572,-35.630226570245654],[150.2732000561858,-35.630301285252401],[150.273269589164272,-35.63038171125919],[150.273332113143766,-35.630462118265328],[150.273422712119725,-35.630536922273954],[150.273506381098258,-35.630600262281881],[150.273590132078368,-35.630652146289755],[150.273673676054614,-35.63073265229778],[150.273736244034922,-35.630807322303909],[150.27378478401738,-35.630881938308761],[150.273812339003882,-35.630950728311703],[150.273965505960092,-35.631100212326444],[150.274049570946318,-35.631106335334039],[150.2741335269302,-35.631129614341731],[150.274217635917182,-35.631130009349278],[150.274301386897264,-35.631181902357135],[150.274335951882676,-35.631250718360704],[150.274335475873499,-35.63131938236112],[150.274342001863204,-35.631388083362175],[150.274362096856322,-35.631416572364152],[150.274390585846476,-35.631456962366983],[150.274390586846465,-35.63145696236699],[150.274460074824134,-35.631543115373802],[150.274501613807672,-35.631617696378036],[150.274543197791985,-35.631686548382248],[150.274626849770556,-35.631749879390163],[150.274717582748792,-35.631807527398692],[150.274745137735295,-35.63187631640163],[150.274695557732969,-35.631950466397683],[150.274653014730319,-35.632018924394316],[150.274624720729662,-35.632055980392039],[150.274596425729072,-35.632093038389748],[150.274596424729054,-35.632093038389748],[150.274560891725343,-35.632161532387009],[150.27453233271973,-35.632235781384949],[150.27446876872034,-35.632304140379716],[150.274370281728665,-35.63235517237122],[150.274278920738226,-35.632389073363235],[150.274110532761199,-35.63241116034829],[150.274012277774148,-35.632427869339573],[150.273829950800859,-35.632438446323292],[150.273738903816508,-35.632426577315037],[150.2736548398303,-35.632420455307454],[150.273563720844436,-35.632420033299276],[150.273465627860389,-35.632413839290436],[150.273367292871797,-35.632441985281794],[150.273367292871797,-35.632441986281798],[150.27328302288177,-35.632464476274386],[150.273177596892708,-35.632504034265189],[150.273093200900405,-35.632543681257893],[150.273001597905363,-35.632611915250124],[150.272903146914473,-35.632657219241594],[150.272903145914455,-35.632657219241594],[150.272811704922447,-35.632702558233703],[150.272748131923066,-35.632770917228463],[150.272748131923066,-35.632770918228452],[150.272691577922586,-35.632839313223847],[150.272663063917776,-35.632907842221748],[150.272627530914036,-35.632976327219019],[150.27258451190221,-35.633113449216069],[150.272541932898804,-35.633187626212752],[150.272520383892129,-35.633261911211328],[150.272520382892111,-35.633261911211328],[150.2725269088819,-35.633330602212368],[150.272610578860423,-35.633393932220301],[150.272701580844057,-35.633411529228582],[150.272792385823777,-35.633457730237048],[150.272890075800177,-35.633521132246244],[150.272973789779513,-35.633578744254137],[150.273064666760803,-35.633613507262517],[150.273148425740857,-35.633665399270399],[150.273232131720192,-35.633723011278285],[150.273259686706695,-35.633791801281212],[150.273322209686199,-35.633872199287374],[150.273322210686217,-35.633872199287374],[150.273370758668676,-35.633946807292226],[150.273405323654089,-35.63401564129579],[150.273425869641642,-35.634084386298106],[150.27345338862736,-35.634158904301074],[150.273487953612801,-35.634227738304624],[150.273515472598461,-35.634302238307619],[150.273557047582813,-35.634371091311792],[150.273584602569287,-35.634439889314734],[150.273647090548053,-35.634526007320915],[150.273716659527253,-35.634600713327671],[150.273758118509278,-35.634686740331958],[150.273792647493906,-35.634761285335564],[150.2738342224782,-35.634830138339758],[150.273882806461444,-35.63489902634457],[150.273945375441713,-35.634973705350696],[150.273993960424946,-35.635042585355514],[150.274056483404451,-35.635123001361677],[150.274140117382274,-35.635192051369636],[150.274223831361581,-35.635249662377539],[150.274223832361571,-35.635249662377539],[150.274328540336882,-35.635313092387356],[150.27441233531772,-35.635359266395191],[150.274495888293984,-35.635439763403213],[150.274516442281566,-35.635508517405526],[150.274516443281556,-35.635508517405526],[150.274522923270553,-35.63558292740661],[150.274494328264211,-35.635662903404587],[150.274430720264036,-35.635736982399379],[150.274353136266825,-35.635805278392873],[150.274303583265265,-35.635873700388885],[150.274233001266936,-35.635942032383007],[150.274233000266918,-35.635942032383014],[150.274176447266484,-35.636010427378395],[150.274133904263806,-35.636078885375042],[150.274084315261462,-35.63615303537108],[150.274013696262443,-35.636227078365252],[150.273957142261963,-35.636295473360633],[150.273963668251696,-35.636364164361687],[150.273984177238503,-35.636438646364013],[150.274004723226085,-35.636507399366323],[150.274004723226085,-35.63650740036632],[150.274025232212864,-35.63658188136867],[150.2741083911815,-35.636719595377059],[150.274192141161564,-35.636771479384933],[150.274276062144736,-35.636800487392641],[150.274367145129816,-35.636806637400859],[150.274450985111457,-35.63684708240865],[150.274534781092314,-35.636893256416492],[150.274618621073898,-35.63693370242428],[150.274702577057809,-35.636956982431975],[150.274793589041394,-35.636974578440245],[150.274961977018364,-35.636952483455211],[150.275053231006495,-35.636935747463298],[150.27513759199806,-35.636901819470637],[150.275229159992364,-35.636839314478422],[150.27532761298329,-35.636794001486955],[150.275419063975249,-35.636748671494864],[150.275510146960386,-35.636754811503081],[150.275510147960375,-35.636754811503074],[150.275594185945778,-35.636766644510701],[150.275678304932768,-35.636767048518244],[150.275769352917109,-35.636778917526492],[150.275867535902648,-35.636773655535279],[150.275951609888864,-35.636779778542859],[150.276035728875826,-35.636780173550406],[150.276035729875844,-35.636780173550406],[150.276119892863505,-35.636774840557933],[150.276393395823447,-35.636758966582363],[150.276568642796292,-35.636759792598092],[150.276652797784038,-35.636754459605605],[150.276750935768803,-35.636754925614426],[150.276750936768849,-35.636754925614433],[150.276842145756206,-35.636743909622524],[150.277010463731671,-35.636733252637569],[150.277094528717868,-35.636739374645153],[150.27718566670373,-35.636739805653335],[150.277283688686225,-35.636757429662246],[150.277367807673158,-35.636757824669786],[150.277451881659402,-35.636763937677387],[150.277543054646031,-35.636758640685528],[150.277543055646021,-35.636758640685528],[150.277627173632993,-35.636759035693089],[150.277711247619209,-35.636765158700669],[150.277802376605081,-35.636765580708854],[150.277886459591258,-35.63677169371644],[150.277984517574509,-35.636783598725316],[150.278075439556574,-35.63681264273368],[150.278166416539392,-35.636835949741993],[150.278257222519159,-35.636882149750456],[150.278340865496943,-35.636951199758435],[150.2784246614778,-35.636997364766259],[150.278508421457872,-35.637049257774123],[150.278599156436115,-35.637106896782647],[150.278689925415136,-35.637158816791157],[150.278689926415097,-35.637158815791146],[150.27875946939352,-35.637239241797936],[150.278786988379267,-35.637313758800907],[150.2788005333679,-35.637382476802578],[150.278779028361981,-35.637451041801114],[150.278764058345843,-35.637588289800696],[150.278764057345825,-35.637588289800703],[150.278770547334801,-35.637662698801769],[150.278784092323463,-35.637731425803437],[150.278783052303567,-35.637880173804348],[150.278747446298325,-35.637960123801697],[150.278606217300165,-35.63810822579002],[150.27852858830218,-35.638182240783543],[150.2784720343017,-35.638250635778931],[150.278422480300094,-35.638319066774947],[150.278358916300732,-35.638387434769704],[150.278316381298083,-35.638455891766348],[150.278231698300431,-35.63853559975928],[150.278231697300413,-35.63853559975928],[150.278154069302445,-35.638609614752824],[150.278154068302428,-35.638609614752816],[150.278097487301181,-35.638683728748241],[150.278012839304296,-35.638757716741125],[150.277963250301951,-35.638831866737178],[150.277885621303966,-35.638905881730714],[150.27782201230383,-35.638979959725503],[150.27774434730506,-35.639059721719065],[150.277673764306769,-35.639128035713192],[150.27759618030953,-35.639196331706678],[150.27753260731015,-35.63926469970145],[150.27746203231186,-35.639333022695574],[150.277398459312479,-35.639401390690331],[150.277355880309045,-35.639475567687001],[150.27730629030674,-35.639549717683053],[150.277277775301883,-35.639618247680943],[150.277263236294118,-35.639692558680146],[150.277248660285608,-35.639772597679375],[150.277255185275351,-35.639841288680422],[150.27725518627534,-35.639841288680422],[150.277282714261048,-35.6399157976834],[150.277323815236201,-35.640053313688007],[150.277337360224834,-35.640122031689685],[150.277337361224852,-35.640122031689685],[150.277364925211316,-35.640190830692625],[150.277364926211305,-35.640190830692625],[150.277448087179948,-35.640328535701016],[150.27748266216534,-35.640397360704576],[150.277565832133945,-35.64053506571296],[150.277656451109891,-35.640609878721605],[150.277740167089178,-35.640667481729515],[150.277831108071268,-35.640696516737847],[150.277915137056681,-35.640708357745488],[150.277957206050161,-35.640708555749256],[150.277999273043605,-35.640708752753028],[150.278083554033657,-35.640686261760436],[150.278167717021404,-35.640680928767956],[150.278167718021393,-35.640680928767956],[150.278280072007817,-35.640652853777858],[150.278364396998569,-35.640624635785244],[150.278448640987847,-35.640607863792674],[150.278533000979365,-35.640573926800037],[150.278533001979355,-35.640573926800037],[150.278624487972138,-35.640522868807899],[150.278708812962947,-35.640494649815267],[150.278800137952629,-35.640466467823288],[150.278884381941879,-35.640449695830725],[150.279053022923449,-35.640393276845479],[150.279221742906515,-35.640325393860174],[150.279313077896205,-35.640297219868181],[150.279397393887024,-35.640269001875559],[150.27949569287486,-35.64024657388422],[150.279587027864551,-35.640218400892223],[150.279671307854557,-35.640195900899656],[150.279755551843834,-35.640179129907104],[150.279846921834263,-35.640145228915053],[150.279846921834263,-35.640145227915063],[150.2799312828258,-35.640111290922405],[150.280029814818278,-35.640054540930869],[150.280029814818278,-35.640054539930887],[150.28012114980794,-35.640026357938886],[150.28020546479874,-35.639998139946258],[150.280289637786439,-35.639992805953781],[150.280373908776482,-35.639970315961193],[150.28045815276576,-35.639953535968637],[150.280626713745761,-35.639908554983464],[150.28071094873502,-35.639891783990912],[150.280802319725467,-35.639857881998886],[150.28089380671824,-35.639806815006757],[150.280985339711748,-35.639750028014596],[150.281062923708959,-35.639681723021084],[150.281140588707729,-35.639601980027535],[150.281253777710219,-35.639453744036686],[150.281366895711187,-35.639316954045931],[150.281423485712423,-35.639242840050507],[150.281508070708554,-35.639174571057637],[150.28155763371015,-35.639106141061625],[150.281607213712448,-35.639031991065572],[150.281607214712466,-35.639031991065572],[150.281649748715125,-35.638963524068934],[150.281699302716675,-35.638895094072922],[150.281755847717164,-35.638826699077548],[150.281833467715188,-35.638752684084004],[150.281833468715149,-35.638752684084004],[150.281925080710209,-35.63868445109177],[150.282122155695077,-35.638570932108699],[150.282122156695067,-35.638570932108706],[150.282213634687849,-35.638519856116559],[150.282312095678748,-35.638474543125106],[150.282403538670735,-35.638429195133007],[150.282684732642565,-35.638316071157483],[150.282769048633355,-35.638287853164876],[150.282860419623802,-35.638253952172846],[150.282951942617331,-35.638197157180663],[150.28304354661239,-35.638128924188436],[150.283135069605891,-35.638072128196271],[150.283233567597591,-35.638021097204771],[150.283324929588019,-35.637987187212737],[150.283416183576207,-35.637970443220816],[150.283507509565879,-35.637942260228826],[150.283598718553293,-35.637931244236945],[150.283696938539634,-35.637920255245682],[150.283788299530102,-35.637886345253669],[150.283879823523591,-35.637829567261498],[150.284048383503631,-35.637784569276327],[150.284132619492937,-35.637767789283778],[150.284216899482914,-35.637745290291193],[150.28430125147446,-35.637711353298535],[150.284399784466927,-35.637654594306994],[150.284526913465697,-35.637517867317484],[150.284562429469418,-35.637449365320222],[150.284605439481254,-35.637312244323176],[150.284606066493495,-35.637220704322601],[150.284592522504852,-35.637151978320915],[150.284579013517003,-35.637077532319211],[150.284544511533142,-35.636997269315565],[150.284488943551736,-35.636922635310071],[150.284440349568541,-35.636853747305246],[150.28439875658421,-35.636784895301048],[150.284367507594851,-35.636741837297954],[150.284336259605453,-35.636698778294857],[150.284336258605464,-35.636698778294857],[150.284280690624115,-35.636624144289378],[150.284189957645907,-35.636566506280843],[150.284189956645889,-35.636566506280843],[150.284106115664287,-35.636526060273049],[150.284022149680368,-35.636502789265357],[150.283938236697225,-35.636473790257618],[150.283840331717016,-35.636439001248597],[150.283749364734177,-35.636415694240284],[150.283658432752162,-35.636386660231928],[150.283574430767487,-35.636369108224251],[150.28349034778131,-35.636362994216668],[150.28340622879432,-35.636362608209126],[150.283322235809635,-35.636345047201473],[150.283231106823791,-35.636344625193281],[150.28313990683634,-35.636355651185163],[150.283041677850008,-35.636366631176422],[150.282957523862336,-35.636371964168902],[150.282873323873815,-35.636383016161425],[150.282789168886097,-35.636388349153904],[150.282690985900558,-35.636393610145127],[150.282599793913135,-35.636404636137023],[150.28243154793924,-35.636403846121901],[150.282347464953034,-35.636397741114322],[150.282256416968664,-35.636385872106061],[150.282172494985531,-35.636356865098335],[150.282172494985531,-35.636356864098332],[150.282095906007413,-35.636282132090955],[150.282075388020615,-35.636207659088626],[150.282040814035213,-35.63613883408506],[150.282013249048731,-35.636070044082111],[150.281992695061206,-35.636001291079808],[150.281944101077954,-35.635932402074992],[150.281937566088203,-35.635863712073927],[150.28192402209956,-35.635794985072259],[150.281925008118691,-35.635651956071378],[150.281939539126455,-35.635577636072185],[150.281989084128014,-35.635509206076179],[150.282013065130513,-35.635462968078023],[150.282024608131735,-35.6354407130789],[150.282024609131724,-35.635440712078896],[150.282074189134107,-35.635366563082862],[150.282151809132074,-35.63529253908932],[150.282215373131464,-35.635224181094564],[150.282299725123011,-35.635190244101906],[150.282384113115342,-35.635150588109219],[150.282475484105788,-35.635116678117186],[150.282559675094319,-35.635105626124684],[150.282643955084296,-35.635083127132106],[150.282728110072043,-35.635077794139612],[150.282819310059438,-35.635066778147717],[150.282819310059438,-35.635066777147735],[150.282903546048715,-35.635050007155165],[150.282903546048715,-35.635050006155176],[150.282994836037659,-35.635027543163226],[150.283086233028854,-35.634987914171163],[150.283086234028843,-35.634987914171155],[150.28317767602087,-35.634942566179056],[150.283269235015155,-35.634880052186865],[150.283367769007583,-35.634823293195318],[150.283452363003732,-35.634755025202452],[150.283522928002043,-35.634686693208323],[150.283579483002541,-35.634618299212931],[150.283657057999761,-35.634549994219455],[150.283720694000692,-35.634470188224633],[150.283819307994634,-35.634401982233022],[150.283875861995114,-35.634333588237638],[150.283875862995103,-35.634333588237638],[150.283974386987552,-35.634276829246097],[150.284079965979686,-35.634214378255152],[150.284178480972116,-35.634157619263618],[150.284277139966861,-35.634083694271972],[150.284460033950864,-35.633992998287781],[150.284558548943266,-35.633936231296239],[150.284642865934075,-35.633908031303626],[150.284727252926388,-35.633868357310938],[150.284727253926377,-35.633868357310931],[150.284818614916844,-35.633834447318904],[150.284902931907652,-35.633806229326282],[150.284994409900378,-35.633755162334161],[150.285078797892709,-35.633715498341466],[150.285170159883194,-35.633681588349447],[150.285261476872876,-35.633653406357446],[150.285345595859866,-35.633653792364996],[150.285429750847584,-35.63364846837252],[150.285513824833799,-35.633654573380106],[150.285597934820743,-35.633654959387663],[150.285682295812308,-35.633621022394991],[150.285773692803531,-35.633581393402942],[150.28577369380352,-35.633581393402942],[150.28585800979431,-35.633553176410317],[150.285949433786328,-35.633507828418225],[150.286132399771873,-35.633405676433966],[150.286315276755829,-35.633314981449779],[150.286399628747404,-35.633281035457117],[150.286484016739706,-35.633241379464422],[150.286568251728966,-35.633224599471895],[150.28665252271901,-35.633202101479291],[150.286736830709799,-35.633173883486677],[150.286989653679825,-35.633106387508917],[150.287108812661387,-35.633106943519614],[150.287193083651431,-35.633084444527029],[150.287284248638059,-35.633079139535177],[150.287368439626562,-35.633068087542668],[150.287452593614262,-35.633062754550188],[150.287543803601693,-35.633051729558304],[150.287627913588693,-35.633052115565846],[150.287712220579465,-35.633023897573231],[150.287810583568813,-35.63299002358184],[150.287901837557001,-35.632973280589916],[150.287986225549361,-35.632933615597224],[150.288168976531011,-35.632860076613149],[150.288366034515917,-35.632746550630074],[150.288457270504097,-35.632729797638156],[150.288541622495671,-35.632695861645495],[150.288625893485658,-35.632673362652916],[150.288625894485648,-35.632673362652923],[150.288710003472602,-35.632673748660466],[150.288751978464575,-35.632685384664306],[150.288793951456512,-35.632697019668171],[150.28879395245653,-35.632697019668171],[150.288877963441223,-35.63271457167582],[150.288961804422854,-35.632755008683624],[150.289045412399844,-35.632829776691636],[150.289121973377178,-35.632910228699053],[150.289198490353783,-35.632996408706504],[150.289233074339165,-35.633065224710059],[150.289267612323783,-35.633139768713669],[150.289295185310294,-35.6332085577166],[150.289315740297809,-35.63327731071891],[150.289336267284654,-35.633351782721256],[150.289391835266002,-35.633426425726746],[150.289454403246282,-35.633501086732871],[150.2894544042463,-35.633501086732863],[150.289468195239522,-35.633535485734335],[150.289481986232772,-35.633569884735813],[150.289523579217075,-35.633638727740006],[150.28955067719437,-35.633776171743364],[150.289560941187801,-35.633813412744537],[150.289571204181215,-35.633850652745693],[150.289571205181204,-35.633850652745693],[150.289584596166748,-35.633942263747535],[150.289584597166737,-35.633942263747535],[150.289598069153897,-35.634022427749272],[150.289604613143638,-35.63409111875032],[150.289639151128256,-35.634165653753925],[150.289673734113649,-35.634234478757492],[150.289715318097961,-35.634303321761685],[150.289799599087956,-35.634280822769114],[150.289842160091382,-35.634206637772436],[150.289926046073759,-35.634241355780198],[150.290017175059631,-35.634241768788385],[150.290108769054683,-35.634173534796147],[150.290165386056714,-35.634093684800696],[150.290221931057232,-35.634025290805305],[150.290264492060629,-35.633951095808641],[150.290328083060814,-35.633877009813837],[150.290328084060803,-35.633877009813837],[150.290363608064553,-35.633808507816582],[150.290406124067232,-35.633740040819923],[150.290420610074221,-35.633671449820767],[150.29039311808927,-35.63359122281777],[150.2903099421207,-35.633453518809368],[150.290310408129841,-35.633384864808953],[150.29034592413359,-35.633316362811669],[150.2904302301244,-35.633288143819065],[150.290514070105985,-35.633328580826863],[150.290541643092439,-35.633397368829797],[150.290541141082514,-35.633471742830253],[150.29054764007148,-35.633546151831325],[150.290575213057991,-35.633614940834285],[150.290609760042599,-35.63368948483788],[150.290630278029397,-35.63376395684022],[150.290678844011865,-35.633838562845092],[150.290678845011826,-35.633838562845092],[150.290762486989649,-35.633907602853057],[150.290846174968181,-35.633970923861007],[150.290929969949019,-35.634017078868844],[150.291020792928805,-35.634063269877302],[150.291118544905942,-35.634120934886461],[150.291118545905931,-35.634120934886461],[150.291202420888311,-35.634155651894233],[150.291202421888329,-35.634155651894247],[150.291293315869609,-35.634190395902621],[150.291293316869627,-35.634190395902621],[150.291377236852753,-35.634219384910352],[150.2914612388374,-35.634236936918022],[150.291559259819905,-35.63425455092694],[150.291643216803834,-35.634277820934642],[150.291727253789276,-35.63428964394226],[150.291818229772105,-35.634312949950584],[150.291902302758274,-35.634319054958183],[150.292000359741536,-35.634330958967062],[150.292084478728526,-35.634331325974621],[150.292168479713183,-35.63434887698228],[150.292350645683399,-35.634361157998725],[150.292434844671902,-35.634350096006202],[150.292554002653446,-35.634350634016911],[150.292599607647134,-35.634345121020971],[150.292645211640888,-35.634339609025027],[150.292645212640849,-35.634339609025027],[150.292729446630119,-35.634322828032467],[150.292813636618661,-35.634311776039972],[150.292904836606027,-35.634300741048087],[150.293010019590525,-35.634295497057501],[150.293010020590515,-35.634295497057501],[150.293108310578361,-35.634273060066171],[150.293192625569134,-35.634244842073542],[150.293283942558844,-35.634216642081562],[150.293329563552902,-35.634208270085601],[150.293375186547024,-35.63419989708963],[150.293375187547042,-35.63419989708963],[150.293473476534899,-35.634177451098317],[150.293473477534889,-35.63417745109831],[150.293571650520448,-35.634172181107097],[150.293571650520477,-35.6341721801071],[150.293638162512593,-35.634154422112964],[150.293655921510435,-35.634149681114529],[150.293746968494816,-35.634161531122778],[150.293838132481454,-35.63415623413092],[150.293929179465835,-35.634168084139183],[150.294020307451689,-35.634168505147372],[150.294111310435284,-35.634186083155662],[150.294202437421177,-35.634186496163849],[150.294286592408895,-35.634181153171369],[150.294370629394336,-35.634192985178991],[150.294468650376842,-35.634210590187919],[150.294552688362245,-35.634222414195541],[150.294650709344751,-35.634240028204466],[150.294741801329877,-35.634246168212691],[150.29483273231196,-35.634275184221053],[150.294930790295211,-35.634287070229924],[150.295099097270651,-35.634276403244989],[150.295190109254236,-35.634293972253275],[150.295190109254236,-35.634293973253271],[150.295281192239372,-35.634300113261489],[150.295372248223742,-35.634311963269759],[150.295456357210696,-35.634312348277305],[150.295456358210657,-35.634312348277319],[150.295554531196274,-35.634307060286091],[150.295645578180626,-35.634318928294348],[150.295736742167236,-35.634313621302496],[150.295820860154208,-35.634313998310049],[150.295912024140847,-35.634308691318203],[150.295912025140865,-35.634308691318203],[150.295996142127848,-35.634309076325771],[150.295996143127837,-35.634309076325763],[150.296087351115233,-35.634298042333882],[150.296171424101431,-35.634304146341471],[150.296262355083485,-35.634333180349834],[150.296360269063683,-35.634367942358878],[150.296444181046837,-35.634396932366599],[150.296534968025838,-35.634448833375103],[150.296625711004083,-35.634506462383641],[150.296793551970325,-35.63456444039911],[150.296877248948903,-35.634627752407056],[150.296841742945134,-35.634696254404325],[150.296841742945134,-35.634696255404315],[150.296792206943564,-35.634764694400339],[150.296700773951528,-35.634810051392428],[150.296623209954333,-35.634878356385919],[150.296623208954315,-35.634878357385922],[150.296713986933327,-35.634930267394417],[150.296812007915833,-35.634947881403342],[150.296895973899723,-35.634971142411054],[150.296980082886677,-35.634971527418607],[150.297148471863693,-35.63494940443357],[150.297239752852619,-35.634926932441623],[150.29730112884215,-35.634934417447191],[150.297316196836732,-35.634957176448687],[150.29731619783675,-35.634957176448694],[150.297330539831592,-35.634978833450134],[150.29728100483004,-35.635047272446137],[150.29719669783924,-35.635075500438759],[150.297112498850765,-35.635086561431272],[150.297028344863008,-35.635091904423739],[150.296930099875937,-35.635108622415032],[150.29684601788972,-35.635102517407439],[150.296846016889731,-35.635102517407446],[150.296761863901992,-35.635107860399913],[150.296761862902002,-35.635107860399913],[150.296719839909258,-35.635101948396105],[150.296677816916571,-35.635096036392284],[150.29658685893375,-35.635072739383958],[150.29650281294829,-35.635060916376325],[150.296418882965185,-35.635031926368598],[150.296334845979743,-35.635020103360965],[150.29624384299612,-35.635002525352682],[150.296152707010265,-35.635002112344495],[150.296068435020231,-35.635024612337084],[150.295984246031708,-35.635035673329583],[150.295984245031718,-35.635035673329583],[150.295900163045559,-35.635029569322],[150.295816045058586,-35.635029192314434],[150.295633717085281,-35.635039806298138],[150.295528534100811,-35.635045050288717],[150.295430243112946,-35.635067495280047],[150.295388108117947,-35.635078745276338],[150.29534597312292,-35.635089995272622],[150.295345972122931,-35.635089995272622],[150.295254612132481,-35.635123914264639],[150.295254611132464,-35.635123914264646],[150.295170260140878,-35.635157860257301],[150.295085954150125,-35.63518608824991],[150.295001602158521,-35.63522003424255],[150.294910286168857,-35.635248226234559],[150.294825899176516,-35.635287900227247],[150.294727564187923,-35.635316056218613],[150.294727563187934,-35.635316056218613],[150.294643257197123,-35.635344283211225],[150.29455887020481,-35.635383948203909],[150.294467356211214,-35.635440752196075],[150.294375959220048,-35.635480391188139],[150.294277400226804,-35.635542878179699],[150.29418592223405,-35.635593955171835],[150.294115357235711,-35.63566229516595],[150.294030970243398,-35.635701961158638],[150.293946664252644,-35.635730188151264],[150.293778113272566,-35.635775196136422],[150.293693807281755,-35.63580342312904],[150.293609572292524,-35.63582021212158],[150.293532469302505,-35.635834354114756],[150.293518328304344,-35.635836948113507],[150.293518327304326,-35.635836948113514],[150.293427119316931,-35.635847983105393],[150.293336072332579,-35.63583612309715],[150.29333607133259,-35.635836123097143],[150.293238006349327,-35.635824228088246],[150.293238005349338,-35.635824228088246],[150.293153896362355,-35.635823852080698],[150.293069814376167,-35.635817747073105],[150.292978731391059,-35.63581160706488],[150.292894576403313,-35.635816950057361],[150.292726026423253,-35.635861948042496],[150.29263482643583,-35.635872974034406],[150.292550475444273,-35.635906920027068],[150.2924661604535,-35.635935147019687],[150.292466159453483,-35.635935147019687],[150.2923748344638,-35.635963339011674],[150.292290447471487,-35.636003004004365],[150.292199167482551,-35.636025476996323],[150.292199166482533,-35.636025476996323],[150.292114815490976,-35.636059422988971],[150.292023499501283,-35.636087604980951],[150.291939264512024,-35.636104394973501],[150.291939263512006,-35.636104394973501],[150.291855101524277,-35.63610972796598],[150.291770983537333,-35.636109342958413],[150.291686910551107,-35.636103237950842],[150.291686909551117,-35.636103237950842],[150.291595853566776,-35.636091378942574],[150.291511663578262,-35.636102439935087],[150.291420490591634,-35.636107737926935],[150.291336336603905,-35.636113080919422],[150.29125214661542,-35.636124132911931],[150.291083829639945,-35.636134808896891],[150.29099262965255,-35.636145834888765],[150.290908439664037,-35.636156895881292],[150.2908242676763,-35.636162228873772],[150.290733148690435,-35.636161816865581],[150.290627956705976,-35.636167051856162],[150.290459800733601,-35.636154842840988],[150.2903756827466,-35.636154457833442],[150.290291600760384,-35.636148343825845],[150.290291599760423,-35.636148343825845],[150.290207410771927,-35.636159405818361],[150.29010922778636,-35.636164675809567],[150.29001798279819,-35.636181420801499],[150.289926818811551,-35.636186726793341],[150.289842663823833,-35.636192068785832],[150.289758463835341,-35.63620312077834],[150.289674192845297,-35.636225619770919],[150.289589957856037,-35.636242399763468],[150.289498595865552,-35.636276309755502],[150.28940010687387,-35.636327349746999],[150.289217221889885,-35.63641805473118],[150.28917146089313,-35.636446456727271],[150.289125698896356,-35.63647485772335],[150.289125697896395,-35.63647485772335],[150.289048087898351,-35.636548881716877],[150.289048086898362,-35.636548881716877],[150.289012580894621,-35.636617374714156],[150.288956025894151,-35.636685777709545],[150.288864421899092,-35.636754019701776],[150.288780186909861,-35.636770781694302],[150.288695914919771,-35.636793289686906],[150.28861167993054,-35.636810069679449],[150.288527596944334,-35.63680396467187],[150.288443558958903,-35.636792131664237],[150.288352582976103,-35.636768825655913],[150.288268615992195,-35.636745554648222],[150.288184740009825,-35.636710836640454],[150.288142873020149,-35.636682035636497],[150.288101007030519,-35.636653234632547],[150.288101006030502,-35.636653234632554],[150.288024409052412,-35.636578501625166],[150.287940604071537,-35.636532337617332],[150.287856754089944,-35.636491900609535],[150.287765984110962,-35.636439990601041],[150.287598366149268,-35.636347669585369],[150.28759836514925,-35.636347669585369],[150.287514641169935,-35.63629007657746],[150.28734703120827,-35.636197747561795],[150.287263262228151,-35.636145863553914],[150.287179457247305,-35.636099707546087],[150.287088687268323,-35.636047788537589],[150.286997828287781,-35.636007324529153],[150.286997827287792,-35.636007324529153],[150.286914022306973,-35.635961160521319],[150.286823252327963,-35.635909249512828],[150.286739403346331,-35.63586880450503],[150.286655526363944,-35.635834095497266],[150.286571443377795,-35.635827981489676],[150.286403142402321,-35.635838647474621],[150.286319050416097,-35.635832533467052],[150.286234896428368,-35.635837866459518],[150.286234895428379,-35.635837866459511],[150.286192795434118,-35.63584339745578],[150.286150696439904,-35.635848927452038],[150.286104975443891,-35.635871601448088],[150.286059254447878,-35.635894275444137],[150.286059253447888,-35.635894275444144],[150.285967694453632,-35.635956789436335],[150.285890119456354,-35.636025094429819],[150.28585395845414,-35.636083305426972],[150.285829853451929,-35.636127148425111],[150.285812069449975,-35.636162053423746],[150.285812068449985,-35.636162053423753],[150.285783563445136,-35.636230582421639],[150.285762013438472,-35.636304857420207],[150.285775566427105,-35.6363735834219],[150.285816693402239,-35.636511099426507],[150.285851222386867,-35.636585634430098],[150.28585775737659,-35.636654325431138],[150.285871310365252,-35.636723051432845],[150.285898875351734,-35.636791841435773],[150.285912392339611,-35.636866286437495],[150.285932911326398,-35.63694075843982],[150.285946419314314,-35.637015204441546],[150.285945944305155,-35.637083859441972],[150.285959498293778,-35.63715258544363],[150.285965996282755,-35.637226995444728],[150.286000570268158,-35.637295820448294],[150.286021134255691,-35.637364573450611],[150.286034642243578,-35.637439018452312],[150.286061740220873,-35.637576462455662],[150.286089269206627,-35.63765097145864],[150.28611675219156,-35.637731198461644],[150.286165284173251,-35.637811533466532],[150.286199822157897,-35.637886068470145],[150.286227350143605,-35.637960576473112],[150.286261934128987,-35.638029410476697],[150.286372988090193,-35.638190116487735],[150.286372989090182,-35.638190116487728],[150.286442541068624,-35.638270540494517],[150.286526113044857,-35.638351037502574],[150.286693570003507,-35.638466241518366],[150.286777221981282,-35.638535282526348],[150.286867955959508,-35.638592920534883],[150.28695853793468,-35.638673443543567],[150.28704229791478,-35.638725327551434],[150.287125923891779,-35.638800095559432],[150.287216585868464,-35.638869171568039],[150.287286101846149,-35.638955315574862],[150.287369672822365,-35.63903580258291],[150.287369673822383,-35.63903580258291],[150.287453316800168,-35.639104851590886],[150.287537014778735,-35.639168173598826],[150.28762066675651,-35.639237222606795],[150.287669269739723,-35.639306101611609],[150.287808373696578,-35.639466949625181],[150.287891989673597,-35.639541718633197],[150.288045194629802,-35.639691191647962],[150.288128810606821,-35.639765959655982],[150.288198398586019,-35.639840656662727],[150.288239982570303,-35.639909508666925],[150.288302533549853,-35.639989896673065],[150.288372130529012,-35.640064602679828],[150.288406714514394,-35.640133418683391],[150.288483321492492,-35.64020816069079],[150.288567171474085,-35.640248596698584],[150.28865097645496,-35.640294743706413],[150.288748766432889,-35.640346689715543],[150.289000208375427,-35.640485174739041],[150.289091104356686,-35.64051991974744],[150.289204239331866,-35.640574484757963],[150.289258803319882,-35.64060080176305],[150.289258804319871,-35.64060080176305],[150.289349699301169,-35.64063555477145],[150.289433594283537,-35.640670272779204],[150.28951751626667,-35.640699252786938],[150.289685296231426,-35.640768687802471],[150.289776317215001,-35.640786266810757],[150.289867213196317,-35.640821010819153],[150.28991266618695,-35.640838387823358],[150.289958117177576,-35.640855764827549],[150.289958118177566,-35.640855764827549],[150.290049094160366,-35.640879070835879],[150.29013302314354,-35.640908060843614],[150.290133024143557,-35.640908060843614],[150.290217026128175,-35.640925611851273],[150.290308001111015,-35.640948918859586],[150.290308002111004,-35.640948918859586],[150.290391896093382,-35.640983626867353],[150.290475826076545,-35.641012634875082],[150.290643444038182,-35.641104936890777],[150.29082493899466,-35.641220203907842],[150.290915528969833,-35.641300727916516],[150.290915529969851,-35.641300727916523],[150.290957077953379,-35.64137529892075],[150.291019664933629,-35.641449968926857],[150.291089270912835,-35.641524673933624],[150.29117993288952,-35.641593741942231],[150.291263746870356,-35.641639896950061],[150.291354605850898,-35.641680368958497],[150.291445509832158,-35.641715113966889],[150.291487456823347,-35.64173247297078],[150.291529403814536,-35.641749830974646],[150.291529404814554,-35.641749830974646],[150.29157128980458,-35.641775768978597],[150.291613172794627,-35.641801705982537],[150.291696923773941,-35.64185930799043],[150.291780531750902,-35.641934067998456],[150.29185012873009,-35.642008782005199],[150.291912715710396,-35.64208344301133],[150.291989330688494,-35.642158176018704],[150.292156644644081,-35.642296257034666],[150.29222625062323,-35.642370962041419],[150.292274817605687,-35.642445560046276],[150.292337368585208,-35.642525949052434],[150.292378962569472,-35.642594801056632],[150.292420519553076,-35.642669373060862],[150.292566346502667,-35.642876028075349],[150.292607904486175,-35.642950599079583],[150.292649497470507,-35.643019442083776],[150.292670070458087,-35.643088195086094],[150.292683077435981,-35.643237024088258],[150.292703569422031,-35.643317224090637],[150.292717123410654,-35.643385942092316],[150.292758680394201,-35.643460513096549],[150.292786263380663,-35.643529302099495],[150.292820810365271,-35.643603847103087],[150.292875966338244,-35.643741417108963],[150.292889511326848,-35.643810134110645],[150.292910003312898,-35.643890335113028],[150.292930576300449,-35.643959088115338],[150.292958158286922,-35.644027877118276],[150.292958158286922,-35.64402787811828],[150.292992741272315,-35.644096694121849],[150.292992742272304,-35.644096694121849],[150.293048319253671,-35.644171328127335],[150.293110914233949,-35.644245998133464],[150.293110915233939,-35.644245998133464],[150.293201586210643,-35.644315074142078],[150.293285363190705,-35.644366948149958],[150.293285364190723,-35.644366948149951],[150.293376232171227,-35.644407421158377],[150.293467055151012,-35.644453603166838],[150.293467056151002,-35.644453603166838],[150.293550950133351,-35.644488321174613],[150.293641899115386,-35.644517346182973],[150.29372582909852,-35.6445463361907],[150.293809831083166,-35.644563879198373],[150.293900860066771,-35.644581466206674],[150.293900861066788,-35.644581466206674],[150.293984952052966,-35.644587571214238],[150.294068999038416,-35.644599385221866],[150.294160100023475,-35.644605535230106],[150.29432843499896,-35.644594850245149],[150.294412633987434,-35.644583798252633],[150.294581273968987,-35.644527352267403],[150.294672679960229,-35.644487705275338],[150.294757039951776,-35.64445375928269],[150.294757039951776,-35.644453758282701],[150.294848445942989,-35.644414129290645],[150.294848446943007,-35.644414129290645],[150.294932805934565,-35.64438018329799],[150.294932806934554,-35.64438018329799],[150.295031302926247,-35.644329133306492],[150.295214427914857,-35.644204087322088],[150.295299056911745,-35.644130089329181],[150.295369621910055,-35.644061748335069],[150.295426165910555,-35.643993345339702],[150.295496739908856,-35.643925004345576],[150.295539264911525,-35.643856537348931],[150.295666382910326,-35.643719792359434],[150.295836016911807,-35.643514581373296],[150.295935086914966,-35.64337771138127],[150.295942562923074,-35.643309083381482],[150.295928999934404,-35.643240365379789],[150.295901425947932,-35.643171576376844],[150.295887863959308,-35.643102858375165],[150.295867290971756,-35.643034104372859],[150.295874766979864,-35.642965476373064],[150.295910317984379,-35.642891255375773],[150.295952886987777,-35.642817061379091],[150.296016441987177,-35.642748693384355],[150.296072986987696,-35.64268028938897],[150.296136549987068,-35.642611912394223],[150.296214115984355,-35.642543607400711],[150.296284679982648,-35.642475266406599],[150.296369272978808,-35.642406988413732],[150.29646086697386,-35.642338754421502],[150.29654545196999,-35.642270467428638],[150.296637054965061,-35.642202216436402],[150.296735622958266,-35.642139728444846],[150.296834145950697,-35.642082960453315],[150.296925560941901,-35.642043321461237],[150.297016992933919,-35.641997964469169],[150.297016993933937,-35.641997964469169],[150.297108515927448,-35.641941159477014],[150.297199992920213,-35.641890074484884],[150.297291586915293,-35.64182183249266],[150.297376179911453,-35.641753553499775],[150.297474739904658,-35.641691057508226],[150.297552358902635,-35.64161702451468],[150.297622958901712,-35.641542964520532],[150.297693522900033,-35.641474623526413],[150.297785152895869,-35.641400652534145],[150.297876639888614,-35.641349576542019],[150.297918773883652,-35.641338327545732],[150.29796090987864,-35.641327077549434],[150.297960910878686,-35.641327077549434],[150.29804522586943,-35.641298840556821],[150.29812946885869,-35.641282060564286],[150.298213667847193,-35.641270999571759],[150.298297902836481,-35.641254209579216],[150.298382217827225,-35.641225982586597],[150.298382218827243,-35.641225982586597],[150.298423149825396,-35.641192942590052],[150.29847385682308,-35.641152012594333],[150.29848536582449,-35.641127978595208],[150.298509398827576,-35.641077790597031],[150.298509399827566,-35.641077790597031],[150.298530929834271,-35.641003497598462],[150.298559435839138,-35.640934976600562],[150.298650912831874,-35.640883891608432],[150.29873519282188,-35.640861383615857],[150.298819427811139,-35.640844602623297],[150.29891075280085,-35.640816402631323],[150.298995139793163,-35.640776728638635],[150.299150287787654,-35.640640108651652],[150.299241881782734,-35.640571875659411],[150.299333395776273,-35.640515061667273],[150.299424836768253,-35.640469695675165],[150.299516386762519,-35.64040717268297],[150.299607899756097,-35.640350367690807],[150.299699341748067,-35.640305001698714],[150.299804874739436,-35.640248259707825],[150.29988927073174,-35.640208594715141],[150.299987748723424,-35.640157535723638],[150.300052719718593,-35.640118838729215],[150.300142449712183,-35.640063889736908],[150.30024522170396,-35.640007174745762],[150.300413906691091,-35.639909674760247],[150.30064852167348,-35.639771460780402],[150.300820872658676,-35.639683900795291],[150.301021262640148,-35.639591805812685],[150.30133813160802,-35.639467315840307],[150.301378008604701,-35.639446707843753],[150.301417884601307,-35.639426099847199],[150.301417884601307,-35.639426098847203],[150.301519620596224,-35.639347164855806],[150.301598554592289,-35.639285921862488],[150.301748961595507,-35.63909002387468],[150.301804565599895,-35.638993661879027],[150.301878554611079,-35.638826224884546],[150.302055271618769,-35.638566889898676],[150.302148676613655,-35.638497857906614],[150.302280276604591,-35.638414233917864],[150.302403361594287,-35.638349845928495],[150.302816656551499,-35.638193873964582],[150.303331253491024,-35.638053213009862],[150.303510479468031,-35.638018791025736],[150.303682086443501,-35.638004297041057],[150.304150186372652,-35.63799394408305],[150.30434471434134,-35.638003338100575],[150.304520211311456,-35.63802427811649],[150.304520212311473,-35.63802427811649],[150.304596953299438,-35.638025636123402],[150.304673693287384,-35.638026994130307],[150.304863210254354,-35.638054890147515],[150.305392636159894,-35.638149586195716],[150.305592400128006,-35.638157537213722],[150.305782044093434,-35.638196772231034],[150.306203078019166,-35.638265624269323],[150.306374415987307,-35.63830576528499],[150.306374416987325,-35.63830576528499],[150.306392529984208,-35.638307947286627],[150.306542922958585,-35.638326060300273],[150.306699453928985,-35.638366361314596],[150.306881145896881,-35.638396454331136],[150.30688114689687,-35.638396454331136],[150.30706273186604,-35.6384173223476],[150.307207545842942,-35.638422978360644],[150.307399968805925,-35.638477076378301],[150.307505583788128,-35.638488065387854],[150.307430778791286,-35.638550203381548],[150.307446805788089,-35.638555797383034],[150.307446806788079,-35.638555797383042],[150.307462788784875,-35.638561507384502],[150.307462789784864,-35.638561507384509],[150.307478736781604,-35.638567342385983],[150.307478736781604,-35.638567343385986],[150.307494638778365,-35.638573286387455],[150.307510495775091,-35.638579345388912],[150.307520544772927,-35.638583684389857],[150.307530503770778,-35.638588471390783],[150.30754047176859,-35.638593087391705],[150.307550564766501,-35.638596959392636],[150.307550565766491,-35.638596959392636],[150.307560864764582,-35.638599496393581],[150.307581876761247,-35.638600222395475],[150.307581877761237,-35.638600222395475],[150.307604815758197,-35.638596664397518],[150.307627692755631,-35.638589466399516],[150.307648542753782,-35.638579238401334],[150.307665332752919,-35.638566617402759],[150.565071441322686,-35.702607463241634],[150.565071441322686,-35.702607463241641],[150.5623759,-35.7084454]]]]}}
]
}
