{
"type": "FeatureCollection",
"name": "NOA Region",
"crs": { "type": "name", "properties": { "name": "urn:ogc:def:crs:EPSG::7844" } },
"features": [
{"type":"Feature","properties":{"Region":"Nowra","IATA":"NOA","Channels":"#nsw","Status":"Tentative","Scopes":"au, au-nsw, au-nsw-noa"},"geometry":{"type":"MultiPolygon","coordinates":[[[[151.039458700000012,-34.8858744],[151.045639200000011,-34.8931357],[151.0503242,-34.8989325],[151.0547623,-34.9048598],[151.05739220000001,-34.9083312],[151.061987499999987,-34.9147851],[151.0662878,-34.9213758],[151.070286900000013,-34.928094],[151.0739793,-34.9349303],[151.077359699999988,-34.9418754],[151.0804233,-34.9489195],[151.084415400000012,-34.9596498],[151.0862639,-34.9654687],[151.08827740000001,-34.9727601],[151.0899593,-34.9801082],[151.091307,-34.9875029],[151.092318799999987,-34.9949338],[151.0931903,-35.0054809],[151.093384500000013,-35.0160512],[151.0929006,-35.0266152],[151.0917397,-35.0371434],[151.090563800000012,-35.0444959],[151.0890575,-35.0518075],[151.086183299999988,-35.0626764],[151.085893199999987,-35.0662094],[151.085093199999989,-35.0732698],[151.0839896,-35.0803025],[151.082583699999986,-35.0872987],[151.0808771,-35.0942495],[151.0786344,-35.1033243],[151.076575,-35.1104267],[151.0741535,-35.1176213],[151.0705915,-35.1267035],[151.067925699999989,-35.1326763],[151.0671552,-35.1343044],[151.0618299,-35.1450365],[151.0567539,-35.1552814],[151.0509956,-35.1652802],[151.0445726,-35.1750024],[151.0375043,-35.1844183],[151.0323527,-35.1906245],[151.026920600000011,-35.1966676],[151.0212156,-35.202539],[151.015245599999986,-35.2082304],[151.0084861,-35.2141947],[150.9996898,-35.2212884],[150.9904664,-35.2280076],[150.987868,-35.2344359],[150.98500580000001,-35.2407883],[150.9802258,-35.2501855],[150.9767177,-35.2563342],[150.972957,-35.2623818],[150.9689481,-35.2683212],[150.9623244,-35.2774915],[150.9575812,-35.2834387],[150.9499904,-35.2920911],[150.9446216,-35.2976698],[150.935628,-35.3061864],[150.9293128,-35.3116276],[150.919383,-35.3194155],[150.9124721,-35.3243473],[150.9016935,-35.3313376],[150.8942477,-35.3357165],[150.886606,-35.3398632],[150.8787792,-35.3437716],[150.8680175,-35.3496638],[150.860637200000014,-35.3533285],[150.8531031,-35.3567771],[150.8415341,-35.3615355],[150.841261800000012,-35.3616987],[150.833822199999986,-35.3660107],[150.8261908,-35.3700922],[150.8183783,-35.3739375],[150.8103955,-35.3775411],[150.8022537,-35.380898],[150.793964100000011,-35.3840035],[150.7855384,-35.3868534],[150.7769883,-35.3894435],[150.770033500000011,-35.3913367],[150.7614039,-35.3934576],[150.7526843,-35.3953162],[150.7438867,-35.39691],[150.7350231,-35.3982369],[150.734473,-35.4011623],[150.7318809,-35.4123154],[150.7285204,-35.4233303],[150.72440180000001,-35.4341714],[150.719538199999988,-35.444804],[150.7139266,-35.4552339],[150.7097858,-35.4620346],[150.702989699999989,-35.4719823],[150.6980785,-35.4784312],[150.6901586,-35.4878068],[150.6845209,-35.4938457],[150.6786064,-35.499705],[150.6724233,-35.5053763],[150.665682800000013,-35.5131306],[150.6657242,-35.5136294],[150.6665562,-35.5242315],[150.6667285,-35.5313132],[150.6663838,-35.5425075],[150.665728800000011,-35.5499541],[150.6647346,-35.5573756],[150.663402499999989,-35.5647616],[150.6617341,-35.5721019],[150.6597317,-35.5793862],[150.6573981,-35.5866045],[150.6547363,-35.5937466],[150.6517432,-35.6008408],[150.648426300000011,-35.6078384],[150.6428539,-35.6181322],[150.638748600000014,-35.6248454],[150.6343374,-35.6314282],[150.6271609,-35.6410377],[150.6220131,-35.6472544],[150.6165828,-35.653309],[150.6079245,-35.6620687],[150.601822199999987,-35.6676816],[150.5954657,-35.6731037],[150.585473900000011,-35.6808624],[150.584154899999987,-35.6818245],[150.5815049,-35.6846975],[150.5757937,-35.6905573],[150.5667324,-35.6990102],[150.565071441322686,-35.702607463241634],[150.307665332752919,-35.638566617402759],[150.307648542753782,-35.638579238401334],[150.307627692755631,-35.638589466399516],[150.307604815758197,-35.638596664397518],[150.307581877761237,-35.638600222395475],[150.307581876761247,-35.638600222395475],[150.307560864764582,-35.638599496393581],[150.307550565766491,-35.638596959392636],[150.307550564766501,-35.638596959392636],[150.30754047176859,-35.638593087391705],[150.307530503770778,-35.638588471390783],[150.307520544772927,-35.638583684389857],[150.307510495775091,-35.638579345388912],[150.307494638778365,-35.638573286387455],[150.307478736781604,-35.638567343385986],[150.307478736781604,-35.638567342385983],[150.307462789784864,-35.638561507384509],[150.307462788784875,-35.638561507384502],[150.307446806788079,-35.638555797383042],[150.307446805788089,-35.638555797383034],[150.307430778791286,-35.638550203381548],[150.307505583788128,-35.638488065387854],[150.307399968805925,-35.638477076378301],[150.307207545842942,-35.638422978360644],[150.30706273186604,-35.6384173223476],[150.30688114689687,-35.638396454331136],[150.306881145896881,-35.638396454331136],[150.306699453928985,-35.638366361314596],[150.306542922958585,-35.638326060300273],[150.306392529984208,-35.638307947286627],[150.306374416987325,-35.63830576528499],[150.306374415987307,-35.63830576528499],[150.306203078019166,-35.638265624269323],[150.305782044093434,-35.638196772231034],[150.305592400128006,-35.638157537213722],[150.305392636159894,-35.638149586195716],[150.304863210254354,-35.638054890147515],[150.304673693287384,-35.638026994130307],[150.304596953299438,-35.638025636123402],[150.304520212311473,-35.63802427811649],[150.304520211311456,-35.63802427811649],[150.30434471434134,-35.638003338100575],[150.304150186372652,-35.63799394408305],[150.303682086443501,-35.638004297041057],[150.303510479468031,-35.638018791025736],[150.303331253491024,-35.638053213009862],[150.302816656551499,-35.638193873964582],[150.302403361594287,-35.638349845928495],[150.302280276604591,-35.638414233917864],[150.302148676613655,-35.638497857906614],[150.302055271618769,-35.638566889898676],[150.301878554611079,-35.638826224884546],[150.301804565599895,-35.638993661879027],[150.301748961595507,-35.63909002387468],[150.301598554592289,-35.639285921862488],[150.301519620596224,-35.639347164855806],[150.301417884601307,-35.639426098847203],[150.301417884601307,-35.639426099847199],[150.301378008604701,-35.639446707843753],[150.30133813160802,-35.639467315840307],[150.301021262640148,-35.639591805812685],[150.300820872658676,-35.639683900795291],[150.30064852167348,-35.639771460780402],[150.300413906691091,-35.639909674760247],[150.30024522170396,-35.640007174745762],[150.300142449712183,-35.640063889736908],[150.300052719718593,-35.640118838729215],[150.299987748723424,-35.640157535723638],[150.29988927073174,-35.640208594715141],[150.299804874739436,-35.640248259707825],[150.299699341748067,-35.640305001698714],[150.299607899756097,-35.640350367690807],[150.299516386762519,-35.64040717268297],[150.299424836768253,-35.640469695675165],[150.299333395776273,-35.640515061667273],[150.299241881782734,-35.640571875659411],[150.299150287787654,-35.640640108651652],[150.298995139793163,-35.640776728638635],[150.29891075280085,-35.640816402631323],[150.298819427811139,-35.640844602623297],[150.29873519282188,-35.640861383615857],[150.298650912831874,-35.640883891608432],[150.298559435839138,-35.640934976600562],[150.298530929834271,-35.641003497598462],[150.298509399827566,-35.641077790597031],[150.298509398827576,-35.641077790597031],[150.29848536582449,-35.641127978595208],[150.29847385682308,-35.641152012594333],[150.298423149825396,-35.641192942590052],[150.298382218827243,-35.641225982586597],[150.298382217827225,-35.641225982586597],[150.298297902836481,-35.641254209579216],[150.298213667847193,-35.641270999571759],[150.29812946885869,-35.641282060564286],[150.29804522586943,-35.641298840556821],[150.297960910878686,-35.641327077549434],[150.29796090987864,-35.641327077549434],[150.297918773883652,-35.641338327545732],[150.297876639888614,-35.641349576542019],[150.297785152895869,-35.641400652534145],[150.297693522900033,-35.641474623526413],[150.297622958901712,-35.641542964520532],[150.297552358902635,-35.64161702451468],[150.297474739904658,-35.641691057508226],[150.297376179911453,-35.641753553499775],[150.297291586915293,-35.64182183249266],[150.297199992920213,-35.641890074484884],[150.297108515927448,-35.641941159477014],[150.297016993933937,-35.641997964469169],[150.297016992933919,-35.641997964469169],[150.296925560941901,-35.642043321461237],[150.296834145950697,-35.642082960453315],[150.296735622958266,-35.642139728444846],[150.296637054965061,-35.642202216436402],[150.29654545196999,-35.642270467428638],[150.29646086697386,-35.642338754421502],[150.296369272978808,-35.642406988413732],[150.296284679982648,-35.642475266406599],[150.296214115984355,-35.642543607400711],[150.296136549987068,-35.642611912394223],[150.296072986987696,-35.64268028938897],[150.296016441987177,-35.642748693384355],[150.295952886987777,-35.642817061379091],[150.295910317984379,-35.642891255375773],[150.295874766979864,-35.642965476373064],[150.295867290971756,-35.643034104372859],[150.295887863959308,-35.643102858375165],[150.295901425947932,-35.643171576376844],[150.295928999934404,-35.643240365379789],[150.295942562923074,-35.643309083381482],[150.295935086914966,-35.64337771138127],[150.295836016911807,-35.643514581373296],[150.295666382910326,-35.643719792359434],[150.295539264911525,-35.643856537348931],[150.295496739908856,-35.643925004345576],[150.295426165910555,-35.643993345339702],[150.295369621910055,-35.644061748335069],[150.295299056911745,-35.644130089329181],[150.295214427914857,-35.644204087322088],[150.295031302926247,-35.644329133306492],[150.294932806934554,-35.64438018329799],[150.294932805934565,-35.64438018329799],[150.294848446943007,-35.644414129290645],[150.294848445942989,-35.644414129290645],[150.294757039951776,-35.644453758282701],[150.294757039951776,-35.64445375928269],[150.294672679960229,-35.644487705275338],[150.294581273968987,-35.644527352267403],[150.294412633987434,-35.644583798252633],[150.29432843499896,-35.644594850245149],[150.294160100023475,-35.644605535230106],[150.294068999038416,-35.644599385221866],[150.293984952052966,-35.644587571214238],[150.293900861066788,-35.644581466206674],[150.293900860066771,-35.644581466206674],[150.293809831083166,-35.644563879198373],[150.29372582909852,-35.6445463361907],[150.293641899115386,-35.644517346182973],[150.293550950133351,-35.644488321174613],[150.293467056151002,-35.644453603166838],[150.293467055151012,-35.644453603166838],[150.293376232171227,-35.644407421158377],[150.293285364190723,-35.644366948149951],[150.293285363190705,-35.644366948149958],[150.293201586210643,-35.644315074142078],[150.293110915233939,-35.644245998133464],[150.293110914233949,-35.644245998133464],[150.293048319253671,-35.644171328127335],[150.292992742272304,-35.644096694121849],[150.292992741272315,-35.644096694121849],[150.292958158286922,-35.64402787811828],[150.292958158286922,-35.644027877118276],[150.292930576300449,-35.643959088115338],[150.292910003312898,-35.643890335113028],[150.292889511326848,-35.643810134110645],[150.292875966338244,-35.643741417108963],[150.292820810365271,-35.643603847103087],[150.292786263380663,-35.643529302099495],[150.292758680394201,-35.643460513096549],[150.292717123410654,-35.643385942092316],[150.292703569422031,-35.643317224090637],[150.292683077435981,-35.643237024088258],[150.292670070458087,-35.643088195086094],[150.292649497470507,-35.643019442083776],[150.292607904486175,-35.642950599079583],[150.292566346502667,-35.642876028075349],[150.292420519553076,-35.642669373060862],[150.292378962569472,-35.642594801056632],[150.292337368585208,-35.642525949052434],[150.292274817605687,-35.642445560046276],[150.29222625062323,-35.642370962041419],[150.292156644644081,-35.642296257034666],[150.291989330688494,-35.642158176018704],[150.291912715710396,-35.64208344301133],[150.29185012873009,-35.642008782005199],[150.291780531750902,-35.641934067998456],[150.291696923773941,-35.64185930799043],[150.291613172794627,-35.641801705982537],[150.29157128980458,-35.641775768978597],[150.291529404814554,-35.641749830974646],[150.291529403814536,-35.641749830974646],[150.291487456823347,-35.64173247297078],[150.291445509832158,-35.641715113966889],[150.291354605850898,-35.641680368958497],[150.291263746870356,-35.641639896950061],[150.29117993288952,-35.641593741942231],[150.291089270912835,-35.641524673933624],[150.291019664933629,-35.641449968926857],[150.290957077953379,-35.64137529892075],[150.290915529969851,-35.641300727916523],[150.290915528969833,-35.641300727916516],[150.29082493899466,-35.641220203907842],[150.290643444038182,-35.641104936890777],[150.290475826076545,-35.641012634875082],[150.290391896093382,-35.640983626867353],[150.290308002111004,-35.640948918859586],[150.290308001111015,-35.640948918859586],[150.290217026128175,-35.640925611851273],[150.290133024143557,-35.640908060843614],[150.29013302314354,-35.640908060843614],[150.290049094160366,-35.640879070835879],[150.289958118177566,-35.640855764827549],[150.289958117177576,-35.640855764827549],[150.28991266618695,-35.640838387823358],[150.289867213196317,-35.640821010819153],[150.289776317215001,-35.640786266810757],[150.289685296231426,-35.640768687802471],[150.28951751626667,-35.640699252786938],[150.289433594283537,-35.640670272779204],[150.289349699301169,-35.64063555477145],[150.289258804319871,-35.64060080176305],[150.289258803319882,-35.64060080176305],[150.289204239331866,-35.640574484757963],[150.289091104356686,-35.64051991974744],[150.289000208375427,-35.640485174739041],[150.288748766432889,-35.640346689715543],[150.28865097645496,-35.640294743706413],[150.288567171474085,-35.640248596698584],[150.288483321492492,-35.64020816069079],[150.288406714514394,-35.640133418683391],[150.288372130529012,-35.640064602679828],[150.288302533549853,-35.639989896673065],[150.288239982570303,-35.639909508666925],[150.288198398586019,-35.639840656662727],[150.288128810606821,-35.639765959655982],[150.288045194629802,-35.639691191647962],[150.287891989673597,-35.639541718633197],[150.287808373696578,-35.639466949625181],[150.287669269739723,-35.639306101611609],[150.28762066675651,-35.639237222606795],[150.287537014778735,-35.639168173598826],[150.287453316800168,-35.639104851590886],[150.287369673822383,-35.63903580258291],[150.287369672822365,-35.63903580258291],[150.287286101846149,-35.638955315574862],[150.287216585868464,-35.638869171568039],[150.287125923891779,-35.638800095559432],[150.28704229791478,-35.638725327551434],[150.28695853793468,-35.638673443543567],[150.286867955959508,-35.638592920534883],[150.286777221981282,-35.638535282526348],[150.286693570003507,-35.638466241518366],[150.286526113044857,-35.638351037502574],[150.286442541068624,-35.638270540494517],[150.286372989090182,-35.638190116487728],[150.286372988090193,-35.638190116487735],[150.286261934128987,-35.638029410476697],[150.286227350143605,-35.637960576473112],[150.286199822157897,-35.637886068470145],[150.286165284173251,-35.637811533466532],[150.28611675219156,-35.637731198461644],[150.286089269206627,-35.63765097145864],[150.286061740220873,-35.637576462455662],[150.286034642243578,-35.637439018452312],[150.286021134255691,-35.637364573450611],[150.286000570268158,-35.637295820448294],[150.285965996282755,-35.637226995444728],[150.285959498293778,-35.63715258544363],[150.285945944305155,-35.637083859441972],[150.285946419314314,-35.637015204441546],[150.285932911326398,-35.63694075843982],[150.285912392339611,-35.636866286437495],[150.285898875351734,-35.636791841435773],[150.285871310365252,-35.636723051432845],[150.28585775737659,-35.636654325431138],[150.285851222386867,-35.636585634430098],[150.285816693402239,-35.636511099426507],[150.285775566427105,-35.6363735834219],[150.285762013438472,-35.636304857420207],[150.285783563445136,-35.636230582421639],[150.285812068449985,-35.636162053423753],[150.285812069449975,-35.636162053423746],[150.285829853451929,-35.636127148425111],[150.28585395845414,-35.636083305426972],[150.285890119456354,-35.636025094429819],[150.285967694453632,-35.635956789436335],[150.286059253447888,-35.635894275444144],[150.286059254447878,-35.635894275444137],[150.286104975443891,-35.635871601448088],[150.286150696439904,-35.635848927452038],[150.286192795434118,-35.63584339745578],[150.286234895428379,-35.635837866459511],[150.286234896428368,-35.635837866459518],[150.286319050416097,-35.635832533467052],[150.286403142402321,-35.635838647474621],[150.286571443377795,-35.635827981489676],[150.286655526363944,-35.635834095497266],[150.286739403346331,-35.63586880450503],[150.286823252327963,-35.635909249512828],[150.286914022306973,-35.635961160521319],[150.286997827287792,-35.636007324529153],[150.286997828287781,-35.636007324529153],[150.287088687268323,-35.636047788537589],[150.287179457247305,-35.636099707546087],[150.287263262228151,-35.636145863553914],[150.28734703120827,-35.636197747561795],[150.287514641169935,-35.63629007657746],[150.28759836514925,-35.636347669585369],[150.287598366149268,-35.636347669585369],[150.287765984110962,-35.636439990601041],[150.287856754089944,-35.636491900609535],[150.287940604071537,-35.636532337617332],[150.288024409052412,-35.636578501625166],[150.288101006030502,-35.636653234632554],[150.288101007030519,-35.636653234632547],[150.288142873020149,-35.636682035636497],[150.288184740009825,-35.636710836640454],[150.288268615992195,-35.636745554648222],[150.288352582976103,-35.636768825655913],[150.288443558958903,-35.636792131664237],[150.288527596944334,-35.63680396467187],[150.28861167993054,-35.636810069679449],[150.288695914919771,-35.636793289686906],[150.288780186909861,-35.636770781694302],[150.288864421899092,-35.636754019701776],[150.288956025894151,-35.636685777709545],[150.289012580894621,-35.636617374714156],[150.289048086898362,-35.636548881716877],[150.289048087898351,-35.636548881716877],[150.289125697896395,-35.63647485772335],[150.289125698896356,-35.63647485772335],[150.28917146089313,-35.636446456727271],[150.289217221889885,-35.63641805473118],[150.28940010687387,-35.636327349746999],[150.289498595865552,-35.636276309755502],[150.289589957856037,-35.636242399763468],[150.289674192845297,-35.636225619770919],[150.289758463835341,-35.63620312077834],[150.289842663823833,-35.636192068785832],[150.289926818811551,-35.636186726793341],[150.29001798279819,-35.636181420801499],[150.29010922778636,-35.636164675809567],[150.290207410771927,-35.636159405818361],[150.290291599760423,-35.636148343825845],[150.290291600760384,-35.636148343825845],[150.2903756827466,-35.636154457833442],[150.290459800733601,-35.636154842840988],[150.290627956705976,-35.636167051856162],[150.290733148690435,-35.636161816865581],[150.2908242676763,-35.636162228873772],[150.290908439664037,-35.636156895881292],[150.29099262965255,-35.636145834888765],[150.291083829639945,-35.636134808896891],[150.29125214661542,-35.636124132911931],[150.291336336603905,-35.636113080919422],[150.291420490591634,-35.636107737926935],[150.291511663578262,-35.636102439935087],[150.291595853566776,-35.636091378942574],[150.291686909551117,-35.636103237950842],[150.291686910551107,-35.636103237950842],[150.291770983537333,-35.636109342958413],[150.291855101524277,-35.63610972796598],[150.291939263512006,-35.636104394973501],[150.291939264512024,-35.636104394973501],[150.292023499501283,-35.636087604980951],[150.292114815490976,-35.636059422988971],[150.292199166482533,-35.636025476996323],[150.292199167482551,-35.636025476996323],[150.292290447471487,-35.636003004004365],[150.2923748344638,-35.635963339011674],[150.292466159453483,-35.635935147019687],[150.2924661604535,-35.635935147019687],[150.292550475444273,-35.635906920027068],[150.29263482643583,-35.635872974034406],[150.292726026423253,-35.635861948042496],[150.292894576403313,-35.635816950057361],[150.292978731391059,-35.63581160706488],[150.293069814376167,-35.635817747073105],[150.293153896362355,-35.635823852080698],[150.293238005349338,-35.635824228088246],[150.293238006349327,-35.635824228088246],[150.29333607133259,-35.635836123097143],[150.293336072332579,-35.63583612309715],[150.293427119316931,-35.635847983105393],[150.293518327304326,-35.635836948113514],[150.293518328304344,-35.635836948113507],[150.293532469302505,-35.635834354114756],[150.293609572292524,-35.63582021212158],[150.293693807281755,-35.63580342312904],[150.293778113272566,-35.635775196136422],[150.293946664252644,-35.635730188151264],[150.294030970243398,-35.635701961158638],[150.294115357235711,-35.63566229516595],[150.29418592223405,-35.635593955171835],[150.294277400226804,-35.635542878179699],[150.294375959220048,-35.635480391188139],[150.294467356211214,-35.635440752196075],[150.29455887020481,-35.635383948203909],[150.294643257197123,-35.635344283211225],[150.294727563187934,-35.635316056218613],[150.294727564187923,-35.635316056218613],[150.294825899176516,-35.635287900227247],[150.294910286168857,-35.635248226234559],[150.295001602158521,-35.63522003424255],[150.295085954150125,-35.63518608824991],[150.295170260140878,-35.635157860257301],[150.295254611132464,-35.635123914264646],[150.295254612132481,-35.635123914264639],[150.295345972122931,-35.635089995272622],[150.29534597312292,-35.635089995272622],[150.295388108117947,-35.635078745276338],[150.295430243112946,-35.635067495280047],[150.295528534100811,-35.635045050288717],[150.295633717085281,-35.635039806298138],[150.295816045058586,-35.635029192314434],[150.295900163045559,-35.635029569322],[150.295984245031718,-35.635035673329583],[150.295984246031708,-35.635035673329583],[150.296068435020231,-35.635024612337084],[150.296152707010265,-35.635002112344495],[150.29624384299612,-35.635002525352682],[150.296334845979743,-35.635020103360965],[150.296418882965185,-35.635031926368598],[150.29650281294829,-35.635060916376325],[150.29658685893375,-35.635072739383958],[150.296677816916571,-35.635096036392284],[150.296719839909258,-35.635101948396105],[150.296761862902002,-35.635107860399913],[150.296761863901992,-35.635107860399913],[150.296846016889731,-35.635102517407446],[150.29684601788972,-35.635102517407439],[150.296930099875937,-35.635108622415032],[150.297028344863008,-35.635091904423739],[150.297112498850765,-35.635086561431272],[150.29719669783924,-35.635075500438759],[150.29728100483004,-35.635047272446137],[150.297330539831592,-35.634978833450134],[150.29731619783675,-35.634957176448694],[150.297316196836732,-35.634957176448687],[150.29730112884215,-35.634934417447191],[150.297239752852619,-35.634926932441623],[150.297148471863693,-35.63494940443357],[150.296980082886677,-35.634971527418607],[150.296895973899723,-35.634971142411054],[150.296812007915833,-35.634947881403342],[150.296713986933327,-35.634930267394417],[150.296623208954315,-35.634878357385922],[150.296623209954333,-35.634878356385919],[150.296700773951528,-35.634810051392428],[150.296792206943564,-35.634764694400339],[150.296841742945134,-35.634696255404315],[150.296841742945134,-35.634696254404325],[150.296877248948903,-35.634627752407056],[150.296793551970325,-35.63456444039911],[150.296625711004083,-35.634506462383641],[150.296534968025838,-35.634448833375103],[150.296444181046837,-35.634396932366599],[150.296360269063683,-35.634367942358878],[150.296262355083485,-35.634333180349834],[150.296171424101431,-35.634304146341471],[150.296087351115233,-35.634298042333882],[150.295996143127837,-35.634309076325763],[150.295996142127848,-35.634309076325771],[150.295912025140865,-35.634308691318203],[150.295912024140847,-35.634308691318203],[150.295820860154208,-35.634313998310049],[150.295736742167236,-35.634313621302496],[150.295645578180626,-35.634318928294348],[150.295554531196274,-35.634307060286091],[150.295456358210657,-35.634312348277319],[150.295456357210696,-35.634312348277305],[150.295372248223742,-35.634311963269759],[150.295281192239372,-35.634300113261489],[150.295190109254236,-35.634293973253271],[150.295190109254236,-35.634293972253275],[150.295099097270651,-35.634276403244989],[150.294930790295211,-35.634287070229924],[150.29483273231196,-35.634275184221053],[150.294741801329877,-35.634246168212691],[150.294650709344751,-35.634240028204466],[150.294552688362245,-35.634222414195541],[150.294468650376842,-35.634210590187919],[150.294370629394336,-35.634192985178991],[150.294286592408895,-35.634181153171369],[150.294202437421177,-35.634186496163849],[150.294111310435284,-35.634186083155662],[150.294020307451689,-35.634168505147372],[150.293929179465835,-35.634168084139183],[150.293838132481454,-35.63415623413092],[150.293746968494816,-35.634161531122778],[150.293655921510435,-35.634149681114529],[150.293638162512593,-35.634154422112964],[150.293571650520477,-35.6341721801071],[150.293571650520448,-35.634172181107097],[150.293473477534889,-35.63417745109831],[150.293473476534899,-35.634177451098317],[150.293375187547042,-35.63419989708963],[150.293375186547024,-35.63419989708963],[150.293329563552902,-35.634208270085601],[150.293283942558844,-35.634216642081562],[150.293192625569134,-35.634244842073542],[150.293108310578361,-35.634273060066171],[150.293010020590515,-35.634295497057501],[150.293010019590525,-35.634295497057501],[150.292904836606027,-35.634300741048087],[150.292813636618661,-35.634311776039972],[150.292729446630119,-35.634322828032467],[150.292645212640849,-35.634339609025027],[150.292645211640888,-35.634339609025027],[150.292599607647134,-35.634345121020971],[150.292554002653446,-35.634350634016911],[150.292434844671902,-35.634350096006202],[150.292350645683399,-35.634361157998725],[150.292168479713183,-35.63434887698228],[150.292084478728526,-35.634331325974621],[150.292000359741536,-35.634330958967062],[150.291902302758274,-35.634319054958183],[150.291818229772105,-35.634312949950584],[150.291727253789276,-35.63428964394226],[150.291643216803834,-35.634277820934642],[150.291559259819905,-35.63425455092694],[150.2914612388374,-35.634236936918022],[150.291377236852753,-35.634219384910352],[150.291293316869627,-35.634190395902621],[150.291293315869609,-35.634190395902621],[150.291202421888329,-35.634155651894247],[150.291202420888311,-35.634155651894233],[150.291118545905931,-35.634120934886461],[150.291118544905942,-35.634120934886461],[150.291020792928805,-35.634063269877302],[150.290929969949019,-35.634017078868844],[150.290846174968181,-35.633970923861007],[150.290762486989649,-35.633907602853057],[150.290678845011826,-35.633838562845092],[150.290678844011865,-35.633838562845092],[150.290630278029397,-35.63376395684022],[150.290609760042599,-35.63368948483788],[150.290575213057991,-35.633614940834285],[150.29054764007148,-35.633546151831325],[150.290541141082514,-35.633471742830253],[150.290541643092439,-35.633397368829797],[150.290514070105985,-35.633328580826863],[150.2904302301244,-35.633288143819065],[150.29034592413359,-35.633316362811669],[150.290310408129841,-35.633384864808953],[150.2903099421207,-35.633453518809368],[150.29039311808927,-35.63359122281777],[150.290420610074221,-35.633671449820767],[150.290406124067232,-35.633740040819923],[150.290363608064553,-35.633808507816582],[150.290328084060803,-35.633877009813837],[150.290328083060814,-35.633877009813837],[150.290264492060629,-35.633951095808641],[150.290221931057232,-35.634025290805305],[150.290165386056714,-35.634093684800696],[150.290108769054683,-35.634173534796147],[150.290017175059631,-35.634241768788385],[150.289926046073759,-35.634241355780198],[150.289842160091382,-35.634206637772436],[150.289799599087956,-35.634280822769114],[150.289715318097961,-35.634303321761685],[150.289673734113649,-35.634234478757492],[150.289639151128256,-35.634165653753925],[150.289604613143638,-35.63409111875032],[150.289598069153897,-35.634022427749272],[150.289584597166737,-35.633942263747535],[150.289584596166748,-35.633942263747535],[150.289571205181204,-35.633850652745693],[150.289571204181215,-35.633850652745693],[150.289560941187801,-35.633813412744537],[150.28955067719437,-35.633776171743364],[150.289523579217075,-35.633638727740006],[150.289481986232772,-35.633569884735813],[150.289468195239522,-35.633535485734335],[150.2894544042463,-35.633501086732863],[150.289454403246282,-35.633501086732871],[150.289391835266002,-35.633426425726746],[150.289336267284654,-35.633351782721256],[150.289315740297809,-35.63327731071891],[150.289295185310294,-35.6332085577166],[150.289267612323783,-35.633139768713669],[150.289233074339165,-35.633065224710059],[150.289198490353783,-35.632996408706504],[150.289121973377178,-35.632910228699053],[150.289045412399844,-35.632829776691636],[150.288961804422854,-35.632755008683624],[150.288877963441223,-35.63271457167582],[150.28879395245653,-35.632697019668171],[150.288793951456512,-35.632697019668171],[150.288751978464575,-35.632685384664306],[150.288710003472602,-35.632673748660466],[150.288625894485648,-35.632673362652923],[150.288625893485658,-35.632673362652916],[150.288541622495671,-35.632695861645495],[150.288457270504097,-35.632729797638156],[150.288366034515917,-35.632746550630074],[150.288168976531011,-35.632860076613149],[150.287986225549361,-35.632933615597224],[150.287901837557001,-35.632973280589916],[150.287810583568813,-35.63299002358184],[150.287712220579465,-35.633023897573231],[150.287627913588693,-35.633052115565846],[150.287543803601693,-35.633051729558304],[150.287452593614262,-35.633062754550188],[150.287368439626562,-35.633068087542668],[150.287284248638059,-35.633079139535177],[150.287193083651431,-35.633084444527029],[150.287108812661387,-35.633106943519614],[150.286989653679825,-35.633106387508917],[150.286736830709799,-35.633173883486677],[150.28665252271901,-35.633202101479291],[150.286568251728966,-35.633224599471895],[150.286484016739706,-35.633241379464422],[150.286399628747404,-35.633281035457117],[150.286315276755829,-35.633314981449779],[150.286132399771873,-35.633405676433966],[150.285949433786328,-35.633507828418225],[150.28585800979431,-35.633553176410317],[150.28577369380352,-35.633581393402942],[150.285773692803531,-35.633581393402942],[150.285682295812308,-35.633621022394991],[150.285597934820743,-35.633654959387663],[150.285513824833799,-35.633654573380106],[150.285429750847584,-35.63364846837252],[150.285345595859866,-35.633653792364996],[150.285261476872876,-35.633653406357446],[150.285170159883194,-35.633681588349447],[150.285078797892709,-35.633715498341466],[150.284994409900378,-35.633755162334161],[150.284902931907652,-35.633806229326282],[150.284818614916844,-35.633834447318904],[150.284727253926377,-35.633868357310931],[150.284727252926388,-35.633868357310938],[150.284642865934075,-35.633908031303626],[150.284558548943266,-35.633936231296239],[150.284460033950864,-35.633992998287781],[150.284277139966861,-35.634083694271972],[150.284178480972116,-35.634157619263618],[150.284079965979686,-35.634214378255152],[150.283974386987552,-35.634276829246097],[150.283875862995103,-35.634333588237638],[150.283875861995114,-35.634333588237638],[150.283819307994634,-35.634401982233022],[150.283720694000692,-35.634470188224633],[150.283657057999761,-35.634549994219455],[150.283579483002541,-35.634618299212931],[150.283522928002043,-35.634686693208323],[150.283452363003732,-35.634755025202452],[150.283367769007583,-35.634823293195318],[150.283269235015155,-35.634880052186865],[150.28317767602087,-35.634942566179056],[150.283086234028843,-35.634987914171155],[150.283086233028854,-35.634987914171163],[150.282994836037659,-35.635027543163226],[150.282903546048715,-35.635050006155176],[150.282903546048715,-35.635050007155165],[150.282819310059438,-35.635066777147735],[150.282819310059438,-35.635066778147717],[150.282728110072043,-35.635077794139612],[150.282643955084296,-35.635083127132106],[150.282559675094319,-35.635105626124684],[150.282475484105788,-35.635116678117186],[150.282384113115342,-35.635150588109219],[150.282299725123011,-35.635190244101906],[150.282215373131464,-35.635224181094564],[150.282151809132074,-35.63529253908932],[150.282074189134107,-35.635366563082862],[150.282024609131724,-35.635440712078896],[150.282024608131735,-35.6354407130789],[150.282013065130513,-35.635462968078023],[150.281989084128014,-35.635509206076179],[150.281939539126455,-35.635577636072185],[150.281925008118691,-35.635651956071378],[150.28192402209956,-35.635794985072259],[150.281937566088203,-35.635863712073927],[150.281944101077954,-35.635932402074992],[150.281992695061206,-35.636001291079808],[150.282013249048731,-35.636070044082111],[150.282040814035213,-35.63613883408506],[150.282075388020615,-35.636207659088626],[150.282095906007413,-35.636282132090955],[150.282172494985531,-35.636356864098332],[150.282172494985531,-35.636356865098335],[150.282256416968664,-35.636385872106061],[150.282347464953034,-35.636397741114322],[150.28243154793924,-35.636403846121901],[150.282599793913135,-35.636404636137023],[150.282690985900558,-35.636393610145127],[150.282789168886097,-35.636388349153904],[150.282873323873815,-35.636383016161425],[150.282957523862336,-35.636371964168902],[150.283041677850008,-35.636366631176422],[150.28313990683634,-35.636355651185163],[150.283231106823791,-35.636344625193281],[150.283322235809635,-35.636345047201473],[150.28340622879432,-35.636362608209126],[150.28349034778131,-35.636362994216668],[150.283574430767487,-35.636369108224251],[150.283658432752162,-35.636386660231928],[150.283749364734177,-35.636415694240284],[150.283840331717016,-35.636439001248597],[150.283938236697225,-35.636473790257618],[150.284022149680368,-35.636502789265357],[150.284106115664287,-35.636526060273049],[150.284189956645889,-35.636566506280843],[150.284189957645907,-35.636566506280843],[150.284280690624115,-35.636624144289378],[150.284336258605464,-35.636698778294857],[150.284336259605453,-35.636698778294857],[150.284367507594851,-35.636741837297954],[150.28439875658421,-35.636784895301048],[150.284440349568541,-35.636853747305246],[150.284488943551736,-35.636922635310071],[150.284544511533142,-35.636997269315565],[150.284579013517003,-35.637077532319211],[150.284592522504852,-35.637151978320915],[150.284606066493495,-35.637220704322601],[150.284605439481254,-35.637312244323176],[150.284562429469418,-35.637449365320222],[150.284526913465697,-35.637517867317484],[150.284399784466927,-35.637654594306994],[150.28430125147446,-35.637711353298535],[150.284216899482914,-35.637745290291193],[150.284132619492937,-35.637767789283778],[150.284048383503631,-35.637784569276327],[150.283879823523591,-35.637829567261498],[150.283788299530102,-35.637886345253669],[150.283696938539634,-35.637920255245682],[150.283598718553293,-35.637931244236945],[150.283507509565879,-35.637942260228826],[150.283416183576207,-35.637970443220816],[150.283324929588019,-35.637987187212737],[150.283233567597591,-35.638021097204771],[150.283135069605891,-35.638072128196271],[150.28304354661239,-35.638128924188436],[150.282951942617331,-35.638197157180663],[150.282860419623802,-35.638253952172846],[150.282769048633355,-35.638287853164876],[150.282684732642565,-35.638316071157483],[150.282403538670735,-35.638429195133007],[150.282312095678748,-35.638474543125106],[150.282213634687849,-35.638519856116559],[150.282122156695067,-35.638570932108706],[150.282122155695077,-35.638570932108699],[150.281925080710209,-35.63868445109177],[150.281833468715149,-35.638752684084004],[150.281833467715188,-35.638752684084004],[150.281755847717164,-35.638826699077548],[150.281699302716675,-35.638895094072922],[150.281649748715125,-35.638963524068934],[150.281607214712466,-35.639031991065572],[150.281607213712448,-35.639031991065572],[150.28155763371015,-35.639106141061625],[150.281508070708554,-35.639174571057637],[150.281423485712423,-35.639242840050507],[150.281366895711187,-35.639316954045931],[150.281253777710219,-35.639453744036686],[150.281140588707729,-35.639601980027535],[150.281062923708959,-35.639681723021084],[150.280985339711748,-35.639750028014596],[150.28089380671824,-35.639806815006757],[150.280802319725467,-35.639857881998886],[150.28071094873502,-35.639891783990912],[150.280626713745761,-35.639908554983464],[150.28045815276576,-35.639953535968637],[150.280373908776482,-35.639970315961193],[150.280289637786439,-35.639992805953781],[150.28020546479874,-35.639998139946258],[150.28012114980794,-35.640026357938886],[150.280029814818278,-35.640054539930887],[150.280029814818278,-35.640054540930869],[150.2799312828258,-35.640111290922405],[150.279846921834263,-35.640145227915063],[150.279846921834263,-35.640145228915053],[150.279755551843834,-35.640179129907104],[150.279671307854557,-35.640195900899656],[150.279587027864551,-35.640218400892223],[150.27949569287486,-35.64024657388422],[150.279397393887024,-35.640269001875559],[150.279313077896205,-35.640297219868181],[150.279221742906515,-35.640325393860174],[150.279053022923449,-35.640393276845479],[150.278884381941879,-35.640449695830725],[150.278800137952629,-35.640466467823288],[150.278708812962947,-35.640494649815267],[150.278624487972138,-35.640522868807899],[150.278533001979355,-35.640573926800037],[150.278533000979365,-35.640573926800037],[150.278448640987847,-35.640607863792674],[150.278364396998569,-35.640624635785244],[150.278280072007817,-35.640652853777858],[150.278167718021393,-35.640680928767956],[150.278167717021404,-35.640680928767956],[150.278083554033657,-35.640686261760436],[150.277999273043605,-35.640708752753028],[150.277957206050161,-35.640708555749256],[150.277915137056681,-35.640708357745488],[150.277831108071268,-35.640696516737847],[150.277740167089178,-35.640667481729515],[150.277656451109891,-35.640609878721605],[150.277565832133945,-35.64053506571296],[150.27748266216534,-35.640397360704576],[150.277448087179948,-35.640328535701016],[150.277364926211305,-35.640190830692625],[150.277364925211316,-35.640190830692625],[150.277337361224852,-35.640122031689685],[150.277337360224834,-35.640122031689685],[150.277323815236201,-35.640053313688007],[150.277282714261048,-35.6399157976834],[150.27725518627534,-35.639841288680422],[150.277255185275351,-35.639841288680422],[150.277248660285608,-35.639772597679375],[150.277263236294118,-35.639692558680146],[150.277277775301883,-35.639618247680943],[150.27730629030674,-35.639549717683053],[150.277355880309045,-35.639475567687001],[150.277398459312479,-35.639401390690331],[150.27746203231186,-35.639333022695574],[150.27753260731015,-35.63926469970145],[150.27759618030953,-35.639196331706678],[150.277673764306769,-35.639128035713192],[150.27774434730506,-35.639059721719065],[150.27782201230383,-35.638979959725503],[150.277885621303966,-35.638905881730714],[150.277963250301951,-35.638831866737178],[150.278012839304296,-35.638757716741125],[150.278097487301181,-35.638683728748241],[150.278154068302428,-35.638609614752816],[150.278154069302445,-35.638609614752824],[150.278231697300413,-35.63853559975928],[150.278231698300431,-35.63853559975928],[150.278316381298083,-35.638455891766348],[150.278358916300732,-35.638387434769704],[150.278422480300094,-35.638319066774947],[150.2784720343017,-35.638250635778931],[150.27852858830218,-35.638182240783543],[150.278606217300165,-35.63810822579002],[150.278747446298325,-35.637960123801697],[150.278783052303567,-35.637880173804348],[150.278784092323463,-35.637731425803437],[150.278770547334801,-35.637662698801769],[150.278764057345825,-35.637588289800703],[150.278764058345843,-35.637588289800696],[150.278779028361981,-35.637451041801114],[150.2788005333679,-35.637382476802578],[150.278786988379267,-35.637313758800907],[150.27875946939352,-35.637239241797936],[150.278689926415097,-35.637158815791146],[150.278689925415136,-35.637158816791157],[150.278599156436115,-35.637106896782647],[150.278508421457872,-35.637049257774123],[150.2784246614778,-35.636997364766259],[150.278340865496943,-35.636951199758435],[150.278257222519159,-35.636882149750456],[150.278166416539392,-35.636835949741993],[150.278075439556574,-35.63681264273368],[150.277984517574509,-35.636783598725316],[150.277886459591258,-35.63677169371644],[150.277802376605081,-35.636765580708854],[150.277711247619209,-35.636765158700669],[150.277627173632993,-35.636759035693089],[150.277543055646021,-35.636758640685528],[150.277543054646031,-35.636758640685528],[150.277451881659402,-35.636763937677387],[150.277367807673158,-35.636757824669786],[150.277283688686225,-35.636757429662246],[150.27718566670373,-35.636739805653335],[150.277094528717868,-35.636739374645153],[150.277010463731671,-35.636733252637569],[150.276842145756206,-35.636743909622524],[150.276750936768849,-35.636754925614433],[150.276750935768803,-35.636754925614426],[150.276652797784038,-35.636754459605605],[150.276568642796292,-35.636759792598092],[150.276393395823447,-35.636758966582363],[150.276119892863505,-35.636774840557933],[150.276035729875844,-35.636780173550406],[150.276035728875826,-35.636780173550406],[150.275951609888864,-35.636779778542859],[150.275867535902648,-35.636773655535279],[150.275769352917109,-35.636778917526492],[150.275678304932768,-35.636767048518244],[150.275594185945778,-35.636766644510701],[150.275510147960375,-35.636754811503074],[150.275510146960386,-35.636754811503081],[150.275419063975249,-35.636748671494864],[150.27532761298329,-35.636794001486955],[150.275229159992364,-35.636839314478422],[150.27513759199806,-35.636901819470637],[150.275053231006495,-35.636935747463298],[150.274961977018364,-35.636952483455211],[150.274793589041394,-35.636974578440245],[150.274702577057809,-35.636956982431975],[150.274618621073898,-35.63693370242428],[150.274534781092314,-35.636893256416492],[150.274450985111457,-35.63684708240865],[150.274367145129816,-35.636806637400859],[150.274276062144736,-35.636800487392641],[150.274192141161564,-35.636771479384933],[150.2741083911815,-35.636719595377059],[150.274025232212864,-35.63658188136867],[150.274004723226085,-35.63650740036632],[150.274004723226085,-35.636507399366323],[150.273984177238503,-35.636438646364013],[150.273963668251696,-35.636364164361687],[150.273957142261963,-35.636295473360633],[150.274013696262443,-35.636227078365252],[150.274084315261462,-35.63615303537108],[150.274133904263806,-35.636078885375042],[150.274176447266484,-35.636010427378395],[150.274233000266918,-35.635942032383014],[150.274233001266936,-35.635942032383007],[150.274303583265265,-35.635873700388885],[150.274353136266825,-35.635805278392873],[150.274430720264036,-35.635736982399379],[150.274494328264211,-35.635662903404587],[150.274522923270553,-35.63558292740661],[150.274516443281556,-35.635508517405526],[150.274516442281566,-35.635508517405526],[150.274495888293984,-35.635439763403213],[150.27441233531772,-35.635359266395191],[150.274328540336882,-35.635313092387356],[150.274223832361571,-35.635249662377539],[150.274223831361581,-35.635249662377539],[150.274140117382274,-35.635192051369636],[150.274056483404451,-35.635123001361677],[150.273993960424946,-35.635042585355514],[150.273945375441713,-35.634973705350696],[150.273882806461444,-35.63489902634457],[150.2738342224782,-35.634830138339758],[150.273792647493906,-35.634761285335564],[150.273758118509278,-35.634686740331958],[150.273716659527253,-35.634600713327671],[150.273647090548053,-35.634526007320915],[150.273584602569287,-35.634439889314734],[150.273557047582813,-35.634371091311792],[150.273515472598461,-35.634302238307619],[150.273487953612801,-35.634227738304624],[150.27345338862736,-35.634158904301074],[150.273425869641642,-35.634084386298106],[150.273405323654089,-35.63401564129579],[150.273370758668676,-35.633946807292226],[150.273322210686217,-35.633872199287374],[150.273322209686199,-35.633872199287374],[150.273259686706695,-35.633791801281212],[150.273232131720192,-35.633723011278285],[150.273148425740857,-35.633665399270399],[150.273064666760803,-35.633613507262517],[150.272973789779513,-35.633578744254137],[150.272890075800177,-35.633521132246244],[150.272792385823777,-35.633457730237048],[150.272701580844057,-35.633411529228582],[150.272610578860423,-35.633393932220301],[150.2725269088819,-35.633330602212368],[150.272520382892111,-35.633261911211328],[150.272520383892129,-35.633261911211328],[150.272541932898804,-35.633187626212752],[150.27258451190221,-35.633113449216069],[150.272627530914036,-35.632976327219019],[150.272663063917776,-35.632907842221748],[150.272691577922586,-35.632839313223847],[150.272748131923066,-35.632770918228452],[150.272748131923066,-35.632770917228463],[150.272811704922447,-35.632702558233703],[150.272903145914455,-35.632657219241594],[150.272903146914473,-35.632657219241594],[150.273001597905363,-35.632611915250124],[150.273093200900405,-35.632543681257893],[150.273177596892708,-35.632504034265189],[150.27328302288177,-35.632464476274386],[150.273367292871797,-35.632441986281798],[150.273367292871797,-35.632441985281794],[150.273465627860389,-35.632413839290436],[150.273563720844436,-35.632420033299276],[150.2736548398303,-35.632420455307454],[150.273738903816508,-35.632426577315037],[150.273829950800859,-35.632438446323292],[150.274012277774148,-35.632427869339573],[150.274110532761199,-35.63241116034829],[150.274278920738226,-35.632389073363235],[150.274370281728665,-35.63235517237122],[150.27446876872034,-35.632304140379716],[150.27453233271973,-35.632235781384949],[150.274560891725343,-35.632161532387009],[150.274596424729054,-35.632093038389748],[150.274596425729072,-35.632093038389748],[150.274624720729662,-35.632055980392039],[150.274653014730319,-35.632018924394316],[150.274695557732969,-35.631950466397683],[150.274745137735295,-35.63187631640163],[150.274717582748792,-35.631807527398692],[150.274626849770556,-35.631749879390163],[150.274543197791985,-35.631686548382248],[150.274501613807672,-35.631617696378036],[150.274460074824134,-35.631543115373802],[150.274390586846465,-35.63145696236699],[150.274390585846476,-35.631456962366983],[150.274362096856322,-35.631416572364152],[150.274342001863204,-35.631388083362175],[150.274335475873499,-35.63131938236112],[150.274335951882676,-35.631250718360704],[150.274301386897264,-35.631181902357135],[150.274217635917182,-35.631130009349278],[150.2741335269302,-35.631129614341731],[150.274049570946318,-35.631106335334039],[150.273965505960092,-35.631100212326444],[150.273812339003882,-35.630950728311703],[150.27378478401738,-35.630881938308761],[150.273736244034922,-35.630807322303909],[150.273673676054614,-35.63073265229778],[150.273590132078368,-35.630652146289755],[150.273506381098258,-35.630600262281881],[150.273422712119725,-35.630536922273954],[150.273332113143766,-35.630462118265328],[150.273269589164272,-35.63038171125919],[150.2732000561858,-35.630301285252401],[150.273130487206572,-35.630226570245654],[150.273109941219019,-35.630157817243358],[150.273082422233301,-35.630083299240376],[150.273055351255977,-35.629945854237015],[150.273048825266216,-35.629877163235975],[150.273049310275383,-35.629808508235563],[150.273042820286378,-35.629734089234475],[150.273015300300642,-35.629659580231511],[150.272980780316033,-35.629585035227912],[150.272911211336805,-35.629510320221158],[150.272827541358254,-35.629446989213221],[150.272722806382234,-35.629389279203444],[150.272638975400582,-35.629348833195642],[150.272555108418203,-35.629314107187895],[150.272457222437993,-35.629279308178866],[150.2723734724579,-35.629227424171013],[150.272275630478475,-35.629186907161973],[150.272191718495321,-35.629157899154222],[150.272100886514778,-35.62911741814581],[150.272002955533821,-35.629088347136836],[150.271912159554034,-35.629042147128374],[150.271912158554045,-35.629042147128374],[150.271877397564822,-35.629001930124986],[150.27184263457562,-35.628961713121598],[150.271829099586938,-35.628892995119919],[150.271808590600102,-35.628818504117582],[150.271781034613639,-35.628749714114647],[150.27176053462685,-35.628675241112305],[150.271725969641437,-35.628606416108738],[150.271712434652784,-35.628537689107063],[150.271677878667361,-35.6284688631035],[150.27166434267869,-35.628400145101821],[150.271664862688652,-35.628325762101376],[150.271686438696094,-35.628245759102768],[150.271686439696083,-35.628245759102768],[150.271721981699812,-35.628177265105514],[150.271757550704308,-35.628103052108195],[150.27180016570847,-35.628023156111482],[150.271821679714378,-35.62795459111296],[150.271850193719189,-35.627886070115046],[150.271878788725559,-35.62780610211707],[150.271935342726039,-35.627737707121682],[150.272020419731319,-35.627600791128387],[150.272020420731337,-35.627600791128387],[150.272062998734754,-35.62752660513172],[150.272062999734743,-35.62752660513172],[150.27211257873708,-35.627452464135672],[150.272112579737069,-35.627452464135672],[150.272141093741908,-35.627383935137765],[150.272141586751047,-35.627315279137349],[150.27214911675992,-35.627240932137525],[150.272150201780562,-35.627086447136577],[150.272151286801147,-35.62693197013563],[150.272172791807066,-35.626863414137119],[150.272180285815153,-35.626794786137324],[150.272236839815633,-35.626726390141933],[150.272272444820885,-35.626646459144595],[150.272307968824606,-35.62657796514732],[150.272378541822974,-35.626509632153201],[150.272414066826684,-35.626441148155919],[150.272477665826813,-35.626367069161141],[150.27251318983059,-35.626298575163851],[150.27251319083058,-35.626298575163851],[150.272527694837578,-35.626229983164691],[150.27247915485512,-35.626155367159832],[150.27240958587592,-35.626080661153097],[150.272375064891264,-35.626006116149497],[150.27234750990479,-35.625937317146558],[150.272326964917198,-35.625868564144248],[150.272341467924178,-35.625799971145092],[150.272341468924168,-35.625799971145092],[150.272342024934886,-35.625719869144596],[150.272349518942946,-35.625651250144813],[150.272343037953959,-35.625576831143746],[150.272357532960939,-35.625508238144583],[150.272379162969202,-35.625422507145935],[150.272393657976181,-35.625353923146776],[150.272401232985771,-35.625273857146929],[150.272401231985754,-35.625273857146922],[150.272394464991436,-35.625239498146072],[150.2723876969971,-35.625205139145244],[150.272388217007034,-35.625130756144799],[150.272402802015534,-35.625050716145559],[150.272424306021492,-35.624982160147027],[150.272417861033261,-35.624902030145904],[150.272425345041313,-35.624833402146109],[150.272425346041331,-35.624833402146116],[150.272418864052355,-35.624758992145047],[150.272419330061496,-35.62469032714462],[150.27243432707769,-35.624553080145041],[150.272434326077672,-35.624553080145041],[150.272420791089019,-35.624484352143369],[150.272393271103283,-35.624409844140381],[150.272379735114612,-35.624341117138712],[150.272328482129268,-35.624291087133791],[150.27230316513652,-35.624266374131345],[150.272303164136503,-35.624266374131345],[150.272233595157275,-35.624191659124598],[150.272149898177958,-35.624134048116709],[150.272066237199368,-35.624070717108772],[150.27198245121852,-35.624024543100951],[150.271898593236159,-35.623989816093186],[150.271807958259473,-35.623920730084592],[150.271807957259455,-35.623920730084592],[150.271717170279629,-35.623874530076137],[150.271612202298996,-35.623851134066562],[150.271528174313545,-35.623839301058936],[150.271528173313555,-35.623839301058943],[150.271444316331156,-35.623804574051185],[150.271444315331166,-35.623804574051185],[150.271426090334643,-35.623799520049516],[150.271360368347246,-35.623781295043493],[150.271255364365857,-35.623763626033956],[150.27117141638189,-35.623740347026271],[150.271087191392638,-35.623757109018833],[150.271003010404172,-35.623768153011341],[150.270904523412526,-35.623819185002844],[150.270813136421253,-35.623858804994924],[150.270714532427291,-35.623926993986537],[150.270641010431831,-35.623977622980284],[150.270545517438052,-35.624040630972132],[150.270491025437991,-35.624103978967668],[150.2704114704419,-35.624165875960955],[150.270347907442527,-35.624234216955706],[150.270291354442037,-35.624302612951098],[150.270213780444834,-35.624370917944589],[150.270136071445307,-35.624456380938192],[150.270065462446269,-35.624530423932356],[150.269981076453917,-35.624570070925046],[150.26989673446235,-35.62460399091772],[150.269812509473127,-35.624620761910279],[150.269721273484919,-35.624637497902206],[150.269622248500781,-35.624633212893293],[150.269533890516357,-35.624618834885275],[150.269357103545985,-35.62460151586928],[150.269268924565353,-35.624558577861087],[150.269166071588359,-35.624505627851512],[150.269092826609494,-35.624432704844445],[150.269049001624865,-35.62436839684009],[150.268997807641369,-35.624304779835064],[150.268954108659045,-35.624223332830596],[150.268866466689872,-35.624094698821864],[150.268807940708143,-35.624026078816165],[150.268778870721462,-35.62396034581311],[150.268764598733441,-35.623887495811339],[150.268764599733458,-35.623887494811349],[150.268735564747573,-35.623816060808245],[150.268706493760902,-35.623750327805197],[150.268676553777055,-35.623664721801937],[150.268657765788817,-35.62359890779981],[150.268647751800813,-35.623521189798396],[150.268624148840132,-35.623255989794487],[150.268681929858161,-35.623055822798321],[150.268798710867884,-35.622849534807408],[150.269047315879106,-35.622481122827239],[150.26918601489038,-35.622238296838049],[150.269220774930858,-35.621897727838871],[150.269277757966648,-35.621566264841753],[150.269349405001947,-35.621221876845887],[150.269420479049614,-35.620786154849313],[150.26949177609265,-35.620384674853007],[150.269592807126088,-35.62002009985963],[150.269592808126106,-35.62002009985963],[150.269694556144117,-35.61976968986707],[150.269694557144106,-35.61976968986707],[150.269780063161676,-35.619541143873192],[150.269848860186499,-35.619277619877593],[150.269952312216816,-35.618933850884567],[150.269979347240337,-35.61872769588561],[150.269950491267934,-35.61855608888186],[150.26993570029174,-35.618395875879465],[150.269935699291779,-35.618395874879461],[150.269934865315008,-35.618224160878221],[150.270004192325132,-35.618069387883409],[150.270080197343503,-35.617845906888725],[150.270156336357957,-35.617651038894238],[150.27021147237491,-35.617461969897917],[150.270211473374872,-35.617461969897917],[150.270210809393461,-35.617324604896936],[150.270203108413881,-35.617181539895277],[150.270146446439583,-35.617055800889339],[150.270047761470948,-35.616935942879685],[150.269935477492822,-35.616901977869382],[150.269639872537596,-35.616908162842911],[150.269382184565302,-35.616997657820392],[150.268896516611903,-35.61720784477825],[150.268210519713563,-35.617238876716911],[150.267760544780572,-35.617256883676667],[150.267391891831522,-35.617300752643892],[150.267097478861331,-35.617416898618259],[150.26692117587146,-35.617543648603302],[150.266678933881622,-35.617745777582947],[150.266480346898732,-35.617846290565801],[150.266178197933584,-35.617933724539284],[150.265986358959168,-35.617963655522281],[150.265521478022123,-35.618028920481024],[150.265175002061682,-35.618132176450636],[150.264327968189008,-35.618156878374833],[150.263799648261681,-35.618222431327894],[150.263535561293764,-35.61828685430465],[150.263485664300163,-35.618296281300225],[150.263221552334244,-35.618346177276877],[150.263221552334244,-35.618346178276873],[150.262941940362651,-35.618455645252531],[150.262941939362634,-35.618455645252531],[150.262822100370386,-35.618535416242331],[150.262729529376259,-35.618598083234453],[150.262719669370966,-35.618648685233893],[150.262719670370956,-35.618648685233893],[150.262731408365426,-35.618676613235131],[150.262743147359828,-35.618704540236372],[150.262950538313049,-35.61881462825572],[150.263230924249001,-35.618968854281896],[150.263618751186698,-35.618987330316806],[150.263874333141587,-35.619029596340006],[150.264019649111077,-35.619089826353459],[150.264114380092792,-35.619116906362137],[150.264177523070316,-35.619211638368434],[150.264177524070362,-35.619211638368434],[150.2642745330389,-35.61933407837796],[150.264344157010157,-35.61946801938511],[150.264465180964493,-35.61966875039731],[150.26455354892073,-35.619892277406741],[150.26455354992072,-35.619892277406748],[150.264619103884343,-35.620087980413935],[150.264663889843519,-35.620339985419648],[150.26466388984349,-35.620339986419651],[150.264909444781921,-35.620515966442852],[150.265085423737816,-35.620642083459487],[150.265085533679382,-35.621076273462421],[150.265569355602338,-35.621094059505921],[150.265909154538974,-35.621175318536949],[150.266022298499678,-35.621337729548188],[150.265719208537121,-35.621406912521472],[150.265712593537984,-35.621408418520907],[150.265284832599605,-35.621440840482734],[150.264892344649752,-35.621517984448062],[150.264465220706001,-35.621589820410236],[150.264087084749434,-35.621700713377059],[150.263799467772969,-35.621855755352314],[150.263406971823173,-35.621932898317617],[150.263406970823127,-35.621932898317617],[150.263212624860813,-35.621875608299803],[150.263018282898514,-35.621818319281992],[150.262684579967782,-35.621686242251172],[150.262201108041722,-35.621691010207847],[150.261673901110242,-35.62178636816121],[150.261273471175429,-35.621761376125143],[150.260811180255473,-35.621696538083235],[150.260716436183657,-35.622338757079071],[150.260765847144796,-35.622571203085066],[150.26077643413646,-35.622621034086336],[150.260519188146787,-35.622839361064742],[150.26002108821038,-35.622937812020744],[150.26002108721039,-35.622937812020737],[150.259612750259322,-35.623042464984827],[150.259313963274593,-35.623271826959574],[150.259084361281396,-35.623484693940419],[150.259074806266739,-35.623604461940367],[150.259320466209459,-35.623748694963368],[150.259292213207033,-35.623799260961157],[150.259292212207043,-35.623799260961157],[150.259265607204242,-35.623850274959132],[150.259240715201173,-35.623901691957251],[150.259229107199474,-35.623927579956387],[150.259217499197803,-35.623953467955502],[150.259217498197756,-35.623953467955502],[150.259196747193641,-35.624008237954008],[150.25917573718425,-35.624101956952764],[150.259175736184261,-35.624101956952764],[150.259167934179118,-35.624149066952384],[150.259160131173985,-35.624196177951994],[150.259146981163298,-35.624290640951465],[150.259133321152717,-35.624385076950865],[150.259109665145331,-35.624467123949294],[150.259075244139098,-35.624552927946787],[150.259034845132931,-35.624644996943786],[150.259034844132941,-35.624644996943793],[150.25898631412835,-35.624734815940037],[150.258941342123194,-35.624825011936601],[150.258904115116678,-35.624915960933876],[150.25888090811074,-35.624986730932278],[150.258868672102693,-35.625060638931686],[150.258851864095078,-35.625136393930681],[150.258848744085014,-35.625214846930945],[150.258848745085004,-35.625214846930938],[150.258885425065358,-35.625318900934921],[150.258926838044118,-35.625429300939381],[150.258970806022518,-35.62553953094406],[150.259017419000543,-35.625649357948973],[150.259100881973552,-35.625754182957166],[150.259130489954458,-35.625862172960552],[150.259133447949267,-35.625897284961049],[150.259133448949285,-35.625897284961063],[150.259147512943031,-35.625927716962515],[150.259162051936698,-35.625957970964024],[150.259162052936745,-35.625957970964016],[150.259178025930254,-35.625987641965651],[150.259196258923595,-35.626016334967481],[150.259212124918349,-35.626037140969032],[150.259229075913055,-35.626056986970681],[150.259235672910648,-35.626067151971348],[150.259235673910666,-35.626067151971348],[150.25924157190758,-35.626083376971991],[150.259246572904289,-35.626101905972568],[150.259246573904278,-35.626101905972568],[150.25924860790235,-35.626114069972843],[150.259249656900579,-35.626126036973019],[150.259250543898816,-35.626138092973171],[150.259251951897028,-35.626149862973371],[150.259254595895101,-35.626160977973683],[150.259308774883664,-35.626183872978693],[150.259324362880562,-35.626189237980135],[150.259339950877404,-35.626194602981563],[150.259364951875398,-35.626180860983709],[150.259397356873791,-35.626155842986456],[150.259449796865141,-35.626159903991187],[150.259498192855006,-35.626179606995649],[150.25954814084389,-35.626205065000306],[150.259562514839587,-35.626220416001694],[150.259576887835323,-35.626235767003088],[150.25957688883534,-35.626235767003088],[150.259589119829855,-35.626262515004363],[150.259601350824369,-35.626289264005642],[150.259621187816578,-35.626324062007647],[150.259644529801363,-35.626410439010328],[150.259656827792696,-35.626460799011774],[150.259676172769275,-35.626612908014515],[150.259676171769286,-35.626612908014515],[150.259669354764156,-35.626658539014223],[150.259662537759112,-35.626704171013913],[150.259631198750924,-35.626800757011758],[150.259576750745055,-35.626906828007584],[150.259497642742474,-35.627016636001244],[150.259432268739999,-35.627110245996008],[150.25943226774001,-35.627110245996008],[150.259416903738014,-35.627142722994833],[150.25940153973599,-35.627175198993683],[150.259339490740217,-35.627215124988382],[150.259256196743081,-35.627289336981413],[150.259178558746896,-35.627350183974869],[150.259106111750498,-35.627406440968755],[150.259076736752036,-35.627428519966259],[150.259050812755049,-35.627436084963982],[150.259015691757924,-35.627455168960964],[150.259015690757906,-35.627455168960964],[150.258912703764963,-35.627520685952177],[150.258804597775196,-35.627568624942796],[150.258804596775207,-35.627568624942796],[150.258688799788217,-35.627604802932659],[150.258570851801892,-35.627638425922306],[150.258449110815747,-35.627675052911634],[150.258273451835294,-35.627731174896276],[150.258097075855119,-35.627786418880831],[150.257921918874331,-35.627844432865508],[150.257749889892239,-35.627908891850524],[150.257582934907958,-35.627983480836043],[150.257439205920861,-35.628052322823628],[150.257292545934405,-35.628119937810922],[150.257113560949279,-35.628214703795521],[150.256917302963473,-35.628334452778731],[150.256712581980935,-35.628439500761075],[150.256621892988079,-35.628490648753292],[150.256568915991323,-35.62852743674879],[150.256399729001316,-35.628647014734419],[150.256241872009923,-35.628764164721062],[150.256086033023905,-35.628838959707579],[150.255954091038035,-35.628885293696065],[150.255833902050767,-35.62892867868559],[150.255746242061093,-35.628952432677892],[150.25567852806941,-35.62896836167193],[150.255615144078718,-35.628971856666261],[150.255325149117311,-35.629017777640584],[150.255175970136463,-35.629046461627397],[150.255002184160077,-35.629070323611977],[150.254880588175638,-35.629094417601237],[150.254767498189238,-35.629122698591281],[150.254673089200537,-35.62914706258298],[150.254577667212175,-35.629170009574572],[150.25446962322556,-35.629194390565061],[150.254351505240038,-35.629222474554652],[150.254230535252219,-35.62927070054414],[150.254115043260981,-35.629338144534245],[150.254002284268665,-35.62941041152461],[150.253891928275721,-35.629484364515214],[150.253790967285113,-35.629530770506484],[150.253691860295049,-35.629570426497864],[150.253625617301395,-35.629599451492133],[150.253625616301377,-35.629599451492133],[150.253567610310768,-35.629596206486909],[150.253508788318868,-35.629603475481673],[150.253447618323861,-35.629636408476422],[150.253388680328271,-35.629671332471361],[150.253311338333731,-35.629719701464744],[150.253234481338779,-35.629769953458208],[150.2531982343408,-35.62979668345514],[150.253161989342829,-35.629823414452069],[150.253161988342839,-35.629823414452069],[150.25309281334566,-35.62988171544626],[150.253039746343347,-35.629959836442019],[150.253014871340469,-35.630009837440134],[150.25299331233677,-35.630061936438558],[150.252974775332433,-35.630115576437241],[150.252951621329771,-35.630161830435476],[150.252993043321709,-35.630174281439288],[150.252993044321698,-35.630174281439302],[150.253029491312134,-35.630203853442744],[150.253005817306729,-35.630271065441079],[150.252984089300838,-35.630339541439596],[150.252984088300877,-35.630339541439596],[150.252973421297924,-35.630373734438869],[150.25296275429497,-35.630407927438142],[150.252932366290452,-35.630476457435869],[150.252922657285325,-35.63052533743533],[150.252876448283075,-35.630595229431655],[150.252830445281575,-35.63065916042796],[150.252805561281292,-35.630689700425947],[150.252805560281331,-35.63068970042594],[150.252797152280834,-35.630702998425278],[150.252788744280366,-35.630716296424609],[150.252772008279322,-35.630742910423287],[150.252755532278314,-35.630769623421997],[150.25274072427726,-35.630794372420844],[150.252726157276186,-35.630819203419698],[150.252711662275061,-35.630844060418553],[150.252698700273754,-35.630868397417558],[150.25268823927226,-35.63089183841678],[150.252676093270679,-35.63091769041587],[150.252653728269223,-35.630954191414098],[150.252625653267785,-35.630996725411876],[150.252612790266284,-35.631022649410887],[150.252612789266294,-35.631022649410895],[150.252600294264738,-35.63104866240996],[150.252600293264749,-35.631048662409952],[150.252591374263517,-35.631068186409273],[150.252582885262171,-35.631087602408655],[150.25257444126089,-35.631107017408027],[150.25257444126089,-35.631107018408017],[150.252565862259587,-35.631126398407382],[150.252556952258374,-35.631145706406727],[150.252545666256964,-35.631169021405867],[150.252534139255658,-35.631192103404977],[150.252522360254346,-35.631215141404084],[150.252510429253135,-35.631238124403176],[150.252498525251866,-35.631261054402259],[150.252486163250524,-35.631285382401316],[150.252476859249072,-35.631306717400626],[150.252467518247641,-35.631328042399929],[150.252458339246203,-35.63134942139925],[150.252449581244633,-35.631370944398611],[150.252447612244254,-35.631376029398467],[150.252442527243289,-35.631389167398098],[150.252442526243271,-35.631389167398098],[150.252435624241883,-35.631407445397606],[150.252428919240486,-35.631425785397127],[150.252422438238995,-35.631444188396664],[150.252416208237463,-35.631462663396228],[150.252411816236247,-35.631476772395928],[150.25240769223501,-35.631490944395651],[150.252403640233695,-35.631505134395383],[150.252399409232481,-35.6315192793951],[150.252394793231275,-35.631533308394793],[150.252388706229993,-35.631549506394357],[150.252378864229001,-35.631568402393597],[150.25236879722803,-35.631587190392828],[150.252358695227031,-35.63160596139204],[150.252348772226071,-35.63162481239128],[150.252341869225347,-35.631638204390761],[150.252335003224601,-35.631651614390222],[150.252314439222346,-35.631691854388656],[150.25230391622128,-35.631711924387844],[150.252293186220243,-35.631731913387014],[150.252282581219191,-35.631751939386199],[150.252272398218025,-35.63177215338542],[150.252262932216752,-35.631792680384713],[150.252257420215841,-35.631805830384302],[150.252257419215823,-35.631805830384309],[150.252252211214852,-35.631819097383932],[150.252247147213865,-35.631832444383562],[150.25224217221276,-35.631845819383209],[150.252242171212799,-35.631845819383209],[150.25223718821178,-35.631859184382854],[150.25223718721179,-35.631859184382854],[150.252232446210655,-35.631872818382519],[150.252232445210666,-35.631872818382519],[150.252228054209468,-35.631886632382226],[150.252228053209478,-35.631886632382226],[150.252223572208351,-35.63190037338191],[150.252223571208333,-35.63190037338191],[150.252218525207326,-35.631913837381539],[150.252218524207279,-35.631913837381539],[150.252212510206476,-35.631926763381095],[150.25220564320594,-35.631938506380557],[150.252197952205648,-35.631949827379941],[150.252189723205419,-35.631960853379276],[150.252172808205131,-35.631982546377905],[150.252163665204989,-35.63199414537717],[150.252154270204869,-35.632005556376406],[150.25214473320483,-35.632016851375617],[150.252135141204775,-35.63202811037484],[150.252125603204746,-35.632039395374065],[150.252115931204656,-35.632051308373285],[150.252106447204511,-35.632063401372505],[150.252096847204399,-35.63207537737172],[150.252086870204323,-35.632086958370905],[150.252076239204541,-35.632097858370024],[150.25206547320488,-35.632107620369126],[150.252054241205315,-35.632116978368188],[150.252042606205947,-35.632125853367207],[150.252030630206661,-35.632134234366184],[150.252018376207502,-35.632142050365147],[150.252012648208023,-35.632144740364637],[150.252006983208531,-35.632147572364161],[150.252001380208981,-35.632150539363678],[150.251995850209425,-35.632153632363199],[150.251995849209408,-35.632153632363199],[150.251990408209849,-35.632156859362723],[150.251980808210448,-35.632163322361912],[150.251971629210885,-35.632170457361141],[150.251962629211278,-35.63217790636039],[150.251953593211681,-35.632185292359623],[150.25194427121221,-35.632192257358817],[150.251944270212192,-35.632192257358824],[150.251935674212717,-35.632198147358103],[150.251926997213275,-35.632203919357359],[150.251918204213922,-35.632209540356619],[150.251918203213876,-35.632209540356619],[150.251913752214222,-35.632212252356233],[150.2519093022145,-35.63221496335585],[150.251900275215235,-35.632220144355067],[150.251890576216027,-35.632225164354246],[150.251880662216962,-35.6322297983534],[150.251870658217882,-35.632234271352523],[150.251860699218838,-35.632238843351658],[150.251850919219692,-35.632243737350805],[150.251841400220428,-35.632249178349994],[150.251832068221063,-35.632255005349208],[150.251822790221695,-35.632260885348401],[150.251813378222408,-35.6322665323476],[150.251803715223218,-35.632271624346757],[150.251793720224128,-35.632276195345902],[150.251783537225151,-35.632280435345024],[150.251773201226257,-35.632284317344123],[150.251762749227339,-35.632287831343206],[150.251752208228538,-35.632290941342291],[150.251738744230209,-35.632294051341106],[150.251725038232053,-35.632296319339872],[150.251711206233921,-35.632298094338651],[150.251697339235847,-35.632299752337417],[150.251683543237732,-35.632301671336194],[150.251670626239473,-35.632303553335049],[150.251657691241235,-35.632305301333908],[150.251644765242958,-35.632307129332766],[150.251631902244696,-35.632309164331616],[150.251600438249767,-35.632307568328784],[150.251564501256468,-35.632299115325509],[150.251539178261851,-35.632288045323172],[150.251525929266563,-35.632268127321851],[150.251511668269529,-35.632262533320528],[150.251497056273479,-35.632249670319126],[150.251483476274757,-35.632255953317959],[150.251470120276053,-35.632261502316808],[150.251456449277498,-35.632266728315599],[150.251442797279367,-35.632268413314392],[150.251429163281756,-35.632266136313156],[150.251415798283972,-35.632265132311957],[150.251415797283954,-35.63226513231195],[150.251402737286014,-35.632264836310782],[150.251359333292328,-35.63226783930692],[150.251348774293206,-35.632273235305995],[150.25133555229624,-35.632265786304764],[150.25132236629932,-35.632258238303528],[150.251309135302364,-35.6322507803023],[150.251295797305403,-35.632243564301049],[150.251282252308414,-35.632236761299794],[150.251255728314248,-35.632223772297323],[150.251242255317123,-35.632217694296081],[150.251228585319922,-35.632212567294815],[150.251214655322599,-35.632208882293554],[150.251209868323457,-35.63220798629311],[150.251205054324288,-35.632207215292674],[150.251200231325129,-35.632206569292237],[150.25119539132595,-35.632206050291785],[150.25118350532901,-35.632196835290678],[150.251171511332075,-35.632187754289532],[150.251159391335165,-35.632178817288391],[150.251147183338219,-35.632170032287235],[150.251134857341299,-35.632161400286066],[150.251115826345881,-35.63214909228428],[150.251096267350448,-35.632137537282446],[150.251076618355029,-35.632126117280599],[150.251057318359585,-35.632114222278794],[150.251045047362652,-35.632105643277647],[150.251013233369292,-35.632092744274715],[150.250971694377768,-35.632077487270877],[150.250928452386688,-35.632060760266889],[150.250799164415099,-35.631997716254887],[150.25063398545268,-35.631908093239481],[150.250450456489858,-35.631842368222593],[150.250450455489869,-35.631842368222593],[150.250371433504881,-35.63182124821536],[150.250292411519922,-35.631800129208131],[150.25018092653977,-35.631780408198004],[150.249984202575348,-35.631741575180101],[150.249874563595341,-35.631719039170129],[150.249773431612965,-35.631703854160968],[150.249710531623435,-35.631698117155288],[150.24961942163759,-35.631697471147113],[150.249603053648855,-35.63163268814521],[150.249700491697183,-35.631161407150771],[150.250057241665218,-35.630989605181604],[150.250570278626753,-35.630686660225543],[150.250849238615501,-35.630450120248959],[150.251099137608577,-35.630214978269791],[150.25130271060749,-35.629989256286521],[150.251430133613553,-35.629798172296653],[150.251622008622604,-35.629510411311912],[150.251661611624314,-35.629452199315061],[150.251737922636892,-35.629271199320705],[150.251782805634122,-35.629240156324506],[150.251772057642512,-35.629190102323214],[150.251864502657781,-35.628970825330022],[150.251864503657771,-35.628970825330022],[150.251895348673912,-35.628815213331741],[150.251926193690082,-35.628659596333456],[150.251940635697679,-35.628586709334272],[150.251955075705268,-35.628513824335066],[150.251955076705229,-35.628513824335066],[150.251984235720528,-35.628366725336683],[150.251984236720489,-35.62836672533669],[150.251985666730945,-35.628287317336294],[150.251987095741413,-35.628207910335874],[150.25198997376242,-35.628048593335073],[150.25199182977596,-35.627945749334543],[150.251973766799921,-35.627788521331873],[150.251955605823952,-35.627630414329168],[150.251944831838216,-35.62753666932759],[150.251942751840971,-35.627518516327271],[150.251809466921713,-35.627071195312311],[150.251324344145587,-35.62596287626139],[150.251204163218517,-35.625558510247892],[150.251178742265552,-35.625238075243445],[150.251286198371275,-35.624328599246965],[150.251286198371275,-35.624328598246969],[150.251355325385134,-35.624146008251941],[150.251537912421838,-35.623663723265047],[150.251670613448482,-35.623313187274597],[150.252121812485285,-35.622521391309711],[150.253882005538458,-35.620106534451274],[150.254693106560381,-35.619012480516631],[150.255047385603007,-35.618288906543526],[150.255534338674778,-35.617196572579829],[150.255392048929991,-35.615461848555405],[150.255403555973999,-35.61512128855415],[150.256126451972676,-35.61430188861344],[150.257353630970357,-35.612911183714125],[150.257231459991459,-35.612894493703045],[150.257109290012551,-35.612877820691978],[150.25559364627415,-35.612670852554707],[150.255618904326553,-35.61225226055415],[150.255636489360313,-35.611980749553901],[150.255654038394056,-35.611709687553656],[150.255654038394056,-35.61170968655366],[150.255886258887671,-35.607771625547976],[150.255908005921015,-35.607498852548098],[150.25658202126175,-35.604190967586263],[150.256655041249189,-35.604200720592893],[150.256773078228861,-35.60421649660357],[150.256442246447818,-35.6029670575655],[150.255303843826397,-35.601456581453284],[150.255027404925272,-35.601037992425681],[150.254997357952448,-35.60087016942186],[150.254952529993034,-35.600619681416141],[150.254952528993016,-35.600619681416148],[150.254823190094129,-35.600015759400485],[150.254795491115772,-35.599886422397134],[150.254715874193607,-35.599398926386705],[150.254669119262843,-35.598937436379416],[150.254367054415752,-35.598146081347018],[150.254218773490805,-35.597757620331109],[150.254022741590063,-35.597244031310083],[150.253868033667686,-35.596843791293523],[150.253839869725198,-35.596448050288323],[150.253839870725187,-35.59644805028833],[150.25565052577457,-35.594003809434206],[150.256324336792972,-35.593094214488495],[150.256335388795605,-35.593061720489253],[150.256425097817242,-35.592797954495531],[150.256546573847061,-35.592436454503996],[150.256549441847596,-35.592429480504201],[150.256697244873322,-35.592068267515018],[150.256829280907823,-35.591660298524111],[150.256961754943575,-35.59124237953317],[150.256999343968943,-35.591010490534991],[150.257036930994303,-35.590778600536794],[150.257036931994293,-35.590778600536794],[150.257102410040147,-35.590362554539865],[150.257189849084085,-35.58993538454483],[150.257233108108352,-35.58970510854715],[150.257276365132611,-35.589474832549485],[150.257276366132601,-35.589474832549485],[150.257356383183463,-35.589004644553498],[150.257430358224326,-35.588615732557507],[150.257430359224315,-35.588615732557507],[150.257474450252602,-35.58835488955971],[150.25750219227038,-35.588190714561101],[150.257617438311854,-35.587749739568466],[150.257660889337131,-35.587511965570769],[150.257704339362391,-35.587274190573048],[150.25770434036238,-35.587274190573048],[150.25784573241512,-35.586719606581987],[150.25784573341511,-35.586719606581987],[150.257947272465969,-35.586224793587768],[150.258034363504862,-35.585835371592964],[150.258265205580244,-35.585009724608106],[150.259736106459201,-35.584224242734706],[150.259906775513741,-35.583622462745957],[150.259019724857922,-35.582078076656025],[150.258941109888411,-35.581941196648053],[150.258855260921734,-35.581791731639342],[150.258855259921717,-35.581791731639335],[150.258648485017289,-35.581317473617609],[150.258648484017272,-35.581317473617609],[150.257770685423026,-35.579304115525353],[150.256006124102612,-35.576268704346695],[150.256344213203107,-35.575132822369369],[150.256362232209568,-35.575064373370516],[150.256384465217451,-35.574979915371955],[150.256390274219797,-35.574955542372315],[150.256398127223036,-35.574922555372787],[150.256398128223054,-35.574922555372787],[150.256583718282769,-35.574265374385],[150.256823007356616,-35.573440961400919],[150.25707244241147,-35.572746597418593],[150.257192722489378,-35.572028963424543],[150.257798543485933,-35.571359913474346],[150.257954721534162,-35.570821647484749],[150.257753326619991,-35.570413636463947],[150.257453370717172,-35.570033863434482],[150.257427517766303,-35.569697868429898],[150.257497377815838,-35.569249116433149],[150.25743144687155,-35.568909859424949],[150.257100642965071,-35.568592717393159],[150.257100641965053,-35.568592717393159],[150.256853398070746,-35.568089196367588],[150.256419124155912,-35.567953287327747],[150.256197701189848,-35.567954569307901],[150.25619770018983,-35.567954569307901],[150.256088544206506,-35.567955206298116],[150.256081830206483,-35.567963327297562],[150.256023777211027,-35.567995974292586],[150.255980784210863,-35.568046378289068],[150.25594492620931,-35.568099095286215],[150.25591392720554,-35.568162874283871],[150.255913926205551,-35.568162874283864],[150.255823164214121,-35.568203256275993],[150.255823163214103,-35.568203256275993],[150.25572868922319,-35.568243693267796],[150.255630890232936,-35.568283511259295],[150.255564742237596,-35.568324422253646],[150.255491890244201,-35.568358844247349],[150.255384176256513,-35.568390783237895],[150.255268682271975,-35.568408227227657],[150.255148589288979,-35.568419208216973],[150.255028487306674,-35.568424928206234],[150.254914669324052,-35.568426228196053],[150.254876518329866,-35.568426640192627],[150.254836825336099,-35.568425627189072],[150.254793797343183,-35.568422275185185],[150.254747865351248,-35.56841487118102],[150.254747864351231,-35.568414871181027],[150.254718722356927,-35.56840588517835],[150.254689580362651,-35.568396899175674],[150.254625703381038,-35.568333398169521],[150.254596410397312,-35.568245776166293],[150.254583522411849,-35.568152058164515],[150.25457730342535,-35.568058771163329],[150.254571541437429,-35.567975469162256],[150.254567230446497,-35.567912847161438],[150.25456614745525,-35.567848961160905],[150.254567529463543,-35.567785604160605],[150.254570551471488,-35.567722911160459],[150.254574452479346,-35.567659787160387],[150.254586305491898,-35.567552802160726],[150.254605006503283,-35.567446768161687],[150.254605007503272,-35.567446768161687],[150.254615433508633,-35.567394840162279],[150.254625859513993,-35.567342912162857],[150.254635219519372,-35.567291961163356],[150.25464457852479,-35.567241010163855],[150.254644579524779,-35.567241010163855],[150.254650913530611,-35.567190570164087],[150.254657247536386,-35.567140130164312],[150.254664475552232,-35.567013945164106],[150.254666136569085,-35.566886460163396],[150.254663468586699,-35.566758267162292],[150.254657716604868,-35.566629590160915],[150.254650189623334,-35.566500877159378],[150.254641174641733,-35.566373966157713],[150.254641173641744,-35.56637396615772],[150.254629756660535,-35.566247279155839],[150.254615712679652,-35.566120843153719],[150.254598799699181,-35.565994811151356],[150.254578776719143,-35.565869208148712],[150.254558663737015,-35.565759203146172],[150.254536282755197,-35.565649332143416],[150.254511615773737,-35.565539793140466],[150.254484617792514,-35.565430694137319],[150.254455145811676,-35.565321908133953],[150.254429061828006,-35.565230144130993],[150.254402045844472,-35.565138667127954],[150.254373200861039,-35.565048239124749],[150.254341522877866,-35.564959246121333],[150.254305782895187,-35.564871337117516],[150.25427365490998,-35.564797950114141],[150.254240280924904,-35.564724813110679],[150.254204665939938,-35.564653820106997],[150.254165536955071,-35.564585990103033],[150.25412118297055,-35.564521558098626],[150.254071296986638,-35.564459044093731],[150.254016723003275,-35.564397722088422],[150.25395819502009,-35.564339708082777],[150.253895957036804,-35.564286489076842],[150.253829299053479,-35.564238712070555],[150.253751069072081,-35.564190101063197],[150.253666384091332,-35.564143507055306],[150.253580516109736,-35.56410498004734],[150.253498404125793,-35.56407949603981],[150.253424889138358,-35.564070425033165],[150.25334199814975,-35.564080223025805],[150.253248483160178,-35.564109911017624],[150.253152262168896,-35.564155502009292],[150.253062074175318,-35.56421098900158],[150.253062073175329,-35.56421098900158],[150.252986595179181,-35.564269029995209],[150.252928866179928,-35.564329428990433],[150.252880047177911,-35.56440024398654],[150.252837664173825,-35.564479484983273],[150.252799997168324,-35.564563485980464],[150.252765072162362,-35.564647943977896],[150.252740089157754,-35.564710914976089],[150.252717571152772,-35.564773993974491],[150.252698513147209,-35.564837027973212],[150.252683937141086,-35.564899631972317],[150.252674830134197,-35.56496130397192],[150.252671754124634,-35.565036196972159],[150.252676351113621,-35.565112748973071],[150.252687205101523,-35.565190645974575],[150.252687206101484,-35.565190645974575],[150.252702811088568,-35.565269061976508],[150.252721428075318,-35.565346438978693],[150.252751689056936,-35.565448536982096],[150.252789659037518,-35.565549587986176],[150.25283481001722,-35.565649337990891],[150.252886324996155,-35.565746864996164],[150.252942564975029,-35.565839803001836],[150.252980230962663,-35.565888692005551],[150.253026565948801,-35.565938433010032],[150.253076817933874,-35.565992297014901],[150.253123483918557,-35.566052839019498],[150.253123484918575,-35.566052839019498],[150.253155547904498,-35.566120848022834],[150.2531685178933,-35.566189180024452],[150.253170228883874,-35.566257494025052],[150.253170227883857,-35.566257494025059],[150.253162678875867,-35.566325611024837],[150.253147196869378,-35.566391926023911],[150.253124793864401,-35.566454862022304],[150.253092405860627,-35.566520002019857],[150.25309240486061,-35.566520002019857],[150.253050478858398,-35.566584498016532],[150.252999856857969,-35.566645883012399],[150.252940915859512,-35.566701782007492],[150.252875620863335,-35.566748072001964],[150.252875619863346,-35.566748072001964],[150.252836303866502,-35.566769943998587],[150.252836302866484,-35.566769943998587],[150.252796357870011,-35.566789270995123],[150.252754208874222,-35.566806534991471],[150.252710086879034,-35.566821181987606],[150.25266197588482,-35.566833068983378],[150.252586613895375,-35.56684087697667],[150.252580562896384,-35.566840598976128],[150.252530695904625,-35.56683642197163],[150.252480890912949,-35.566831446967122],[150.252431202921372,-35.566825691962642],[150.252431201921354,-35.566825691962642],[150.252381657929874,-35.566819157958157],[150.252381656929884,-35.56681915795815],[150.252332327938433,-35.566811869953689],[150.252292482945478,-35.566805406950067],[150.252252717952501,-35.566798441946446],[150.252224722957521,-35.56679316294391],[150.252010965001858,-35.566708140924177],[150.251920051020704,-35.566671980915778],[150.25190081402522,-35.566660828913982],[150.251881227029628,-35.566650135912148],[150.25186190103409,-35.566639064910348],[150.251843417038572,-35.566626864908621],[150.251806171048457,-35.566595903905061],[150.251788974053454,-35.566578410903404],[150.251771777058451,-35.566560917901747],[150.251771776058462,-35.566560917901747],[150.251739264068505,-35.566523412898576],[150.251707648078536,-35.56648491289549],[150.251648925097015,-35.566414420889757],[150.251622571105543,-35.566381308887152],[150.251596513114038,-35.566347944884605],[150.25159651211402,-35.566347944884605],[150.251570302122531,-35.566314706882032],[150.251543518131058,-35.566281961879412],[150.25154351713104,-35.566281961879412],[150.251514484140216,-35.566247082876565],[150.251514483140227,-35.566247082876565],[150.251485413149368,-35.566212141873734],[150.251455859158568,-35.566177648870834],[150.251425399167772,-35.566144105867892],[150.25139358617696,-35.566111996864826],[150.251371015183281,-35.566091012862671],[150.251347896189543,-35.566070574860454],[150.251324303195872,-35.5660506308582],[150.251300342202171,-35.56603114285592],[150.25127613020851,-35.566012031853624],[150.251260129212596,-35.565999724852112],[150.251243976216699,-35.565987605850573],[150.25119471023001,-35.565945026845867],[150.251158468239794,-35.565913706842409],[150.251153905241296,-35.56590771884197],[150.251148240243197,-35.565900189841393],[150.251136981246987,-35.565885076840296],[150.251131334248868,-35.565877528839742],[150.251108548256383,-35.565847499837488],[150.251085600263934,-35.56581758683523],[150.251085599263916,-35.56581758683523],[150.251062733271453,-35.565787611832974],[150.251062732271464,-35.565787611832974],[150.251040197278996,-35.565757403830759],[150.251018236286484,-35.565726791828588],[150.250990564296217,-35.565686220825825],[150.250963699305856,-35.565645067823148],[150.250937470315478,-35.565603475820517],[150.250911726325086,-35.565561586817914],[150.250886277334644,-35.565519537815362],[150.250863850343421,-35.565479719813084],[150.250863849343403,-35.565479719813084],[150.250842704352181,-35.565439014810906],[150.250842703352163,-35.565439014810906],[150.25083207235653,-35.56541872480981],[150.25082144136087,-35.565398434808728],[150.25079872736967,-35.565358984806437],[150.250773162378607,-35.565321695803888],[150.250744029387704,-35.565287461801049],[150.250712090396917,-35.565255389797969],[150.250712089396899,-35.565255389797969],[150.250678699406222,-35.56522441879477],[150.250678698406233,-35.565224418794763],[150.250645191415515,-35.565193493791547],[150.250612911424753,-35.565161537788455],[150.2505604184405,-35.565104643783357],[150.250509242456189,-35.565046494778379],[150.250458874471889,-35.564987574773468],[150.250408773487521,-35.564928404768594],[150.250358421503165,-35.564869493763673],[150.250263581533147,-35.564754908754402],[150.250171134563118,-35.564637875745312],[150.25007803259308,-35.564521605736196],[150.249981228623028,-35.564409323726757],[150.249877701653077,-35.56430424071678],[150.249762414684369,-35.564203378705749],[150.249762413684351,-35.564203378705749],[150.249641102715799,-35.564108406694245],[150.249515218747234,-35.564018633682352],[150.249386224778533,-35.56393340467023],[150.249255590809554,-35.563852030657976],[150.249140992835834,-35.563787974647269],[150.249022953861839,-35.563729602636286],[150.248903738887748,-35.563673103625227],[150.248785716913773,-35.563614703614249],[150.248671173940011,-35.563550566603567],[150.248671172940021,-35.563550567603549],[150.248585278960888,-35.563493727595485],[150.248501894981928,-35.563432593587585],[150.248419040002972,-35.563370670579737],[150.248419039003011,-35.563370670579737],[150.248334741023882,-35.563311473571794],[150.248247018044509,-35.563258523563569],[150.248123950071033,-35.563202150552165],[150.247994911096953,-35.563157070540292],[150.247863308122646,-35.563116625528231],[150.247732548148491,-35.563074155516233],[150.247669303161643,-35.563048581510387],[150.247606056174817,-35.563023007504555],[150.247606055174799,-35.563023007504547],[150.247473422204138,-35.562956710492216],[150.24734340723387,-35.562884390480079],[150.247215615263855,-35.5628075424681],[150.247215614263894,-35.5628075424681],[150.247089642293957,-35.56272763845628],[150.246837240355006,-35.562562532432551],[150.246837239354988,-35.562562532432551],[150.246709367386075,-35.562477644420518],[150.246584148417185,-35.562389359408705],[150.246584147417195,-35.562389359408705],[150.246464271448275,-35.562295525397325],[150.246352399479122,-35.562193964386609],[150.246294993495724,-35.562136398381085],[150.246238484512304,-35.562077334375623],[150.246184171528853,-35.562016353370346],[150.246133363545169,-35.561952996365356],[150.246087360561148,-35.561886851360796],[150.246030895582066,-35.561795742355123],[150.245976753603458,-35.56169843934962],[150.245931360623956,-35.561597927344877],[150.245901098642094,-35.56149719034147],[150.245892377656617,-35.561399170340039],[150.245900095663956,-35.561335813340307],[150.245900096663945,-35.561335812340303],[150.245916106669966,-35.561272384341315],[150.245938015675051,-35.561209430342842],[150.24596340267945,-35.561147480344701],[150.245989874683488,-35.561087063346669],[150.246074094690385,-35.56093917735322],[150.246184390691838,-35.560801984362193],[150.246311063689689,-35.560672401372663],[150.246444433685951,-35.560547381383778],[150.24657484468247,-35.560423813394628],[150.246629131680976,-35.560372728399152],[150.246685014678974,-35.560323184403821],[150.246741040677023,-35.560273793408506],[150.246795775675338,-35.560223263413086],[150.246795776675356,-35.560223263413079],[150.246847822674454,-35.560170223417394],[150.246925129673315,-35.560090095423774],[150.247006694672052,-35.560005897430514],[150.247080810672344,-35.559918839436584],[150.247135752675803,-35.559830159440899],[150.247159803684042,-35.559741066442463],[150.247159804684031,-35.559741066442463],[150.247142809700108,-35.559640966440256],[150.247089608722689,-35.559533776434762],[150.247089607722671,-35.559533776434762],[150.247011755748872,-35.559427876427094],[150.24692080677579,-35.559331622418284],[150.246828315800514,-35.559253403409457],[150.246727201824427,-35.559191336399977],[150.246612201848677,-35.559142367389349],[150.246489276872381,-35.559106879378085],[150.246364344894545,-35.559085249366753],[150.246243355914146,-35.559077836355854],[150.246145405928274,-35.559084774347127],[150.24604696194092,-35.559103491338426],[150.245948741952418,-35.559130445329806],[150.245851471963135,-35.559162097321298],[150.245755877973465,-35.559194887312962],[150.245586464989827,-35.559267405298279],[150.245423864002532,-35.559359241284305],[150.245264068013654,-35.559459664270662],[150.245103090025225,-35.559558007256911],[150.244936931039376,-35.55964355024259],[150.244813980050282,-35.559702990231983],[150.244813979050292,-35.559702990231976],[150.244689029060993,-35.559766401221204],[150.244563155072711,-35.559823492210313],[150.244437434086649,-35.559864009199323],[150.244312968103969,-35.559877643188265],[150.244210590121497,-35.559864332178996],[150.244108248141345,-35.559833900169622],[150.244006399162572,-35.559792558160211],[150.243905483184278,-35.559746555150852],[150.243805991205591,-35.559702076141654],[150.243624291245197,-35.559615422124779],[150.243448131285703,-35.559515636108323],[150.243275091326723,-35.559408472092102],[150.243275090326705,-35.559408472092102],[150.243102704367857,-35.559299650075921],[150.242928552408699,-35.559194898059616],[150.242756874448219,-35.559097514043579],[150.242584676487667,-35.559000999027496],[150.242412531527123,-35.558904413011419],[150.242240987566646,-35.558806804995385],[150.242155804586417,-35.558757019987425],[150.242070618606249,-35.55870723397944],[150.242070617606203,-35.55870723397944],[150.241979391627297,-35.558654722970921],[150.241887304648401,-35.558603189962334],[150.241795988669537,-35.558550606953801],[150.24170706569069,-35.558494931945447],[150.241622140711911,-35.558434138937422],[150.241553261729564,-35.55838158393091],[150.241483727747493,-35.558327494924313],[150.241417430765409,-35.558270430917979],[150.24135827778278,-35.558208929912276],[150.241310158799195,-35.558141538907506],[150.24126214882034,-35.558039125902525],[150.241226840841591,-35.557921133898546],[150.241207738861107,-35.55779778089601],[150.241208349876899,-35.557679277895268],[150.241232167887091,-35.557575834896717],[150.24125938389048,-35.557519486898777],[150.241294459892345,-35.557465290901547],[150.24133543589295,-35.557413900904855],[150.241380327892472,-35.557365997908555],[150.24142715689112,-35.557322244912477],[150.241498160887176,-35.557270235918487],[150.241577923880584,-35.557227576925335],[150.241663127872357,-35.557191415932728],[150.241750464863287,-35.557158885940332],[150.241836617854261,-35.557127180947845],[150.241859942851733,-35.557119099949887],[150.241883266849271,-35.557111018951908],[150.241883267849261,-35.557111018951908],[150.241930669843867,-35.557096720956068],[150.241978142838434,-35.557082692960222],[150.242025016833281,-35.557067363964322],[150.24207060682869,-35.557049140968289],[150.242070607828737,-35.557049140968289],[150.242108534825064,-35.557033103971563],[150.242147635821198,-35.557016914974966],[150.242185320817811,-35.556998978978228],[150.242218998815446,-35.556977733981093],[150.242218999815464,-35.556977733981093],[150.242246097814785,-35.556951594983346],[150.242268597816775,-35.556910719985083],[150.242281954821465,-35.556860879985948],[150.242287979827864,-35.556806128986111],[150.242288427835263,-35.55675047998578],[150.24228509384281,-35.556698023985142],[150.242270549851469,-35.556650316983522],[150.242256006860089,-35.556602611981887],[150.242256005860099,-35.556602611981887],[150.242225255871119,-35.556555497978813],[150.242194504882207,-35.556508382975743],[150.242112439907089,-35.556416995967773],[150.242021688932709,-35.55633011695906],[150.241934119957051,-35.556249352950672],[150.241934119957051,-35.556249351950669],[150.241858929977496,-35.556183144943482],[150.241779373998071,-35.556121042935935],[150.241696466018681,-35.556062786928109],[150.241635171033352,-35.556023469922373],[150.2416112190391,-35.556008106920103],[150.241611218039111,-35.55600810692011],[150.241524635059335,-35.555956742912009],[150.241406301086073,-35.555893224900977],[150.241283664112643,-35.55583566788961],[150.241157791138932,-35.555784519877975],[150.241029776164567,-35.555740201866207],[150.240900676189398,-35.555703162854385],[150.240792847208837,-35.555682142844596],[150.240682769227419,-35.555669772834641],[150.240572009245795,-35.555660082824666],[150.240462136264426,-35.555647192814732],[150.240354711283885,-35.555625141804953],[150.240252216303389,-35.555597407795581],[150.240148538323439,-35.555566840786092],[150.240047361343898,-35.555530617776782],[150.239952369364516,-35.555485967767979],[150.239867256385111,-35.555430068759968],[150.239808264401262,-35.555377280754328],[150.239808263401244,-35.555377280754321],[150.239754040417608,-35.555317625749069],[150.239703958433978,-35.555253148744143],[150.239703959433967,-35.555253147744139],[150.23965740945016,-35.555185927739529],[150.239657408450171,-35.555185927739529],[150.239613763465996,-35.555117963735157],[150.239563251487255,-35.555017280729956],[150.239525065507706,-35.554908754725801],[150.239490698527874,-35.554797897721976],[150.239451597548339,-35.55469023171775],[150.239399275569639,-35.554591278712408],[150.239360156582137,-35.554543259708566],[150.239314431595204,-35.554498367704156],[150.239268759608194,-35.554454077699781],[150.239229819620363,-35.554407859695978],[150.239204281631089,-35.554357195693342],[150.239193704638751,-35.554312330692099],[150.239188424645931,-35.554264535691296],[150.239188425652486,-35.55421576269098],[150.239193705658096,-35.554167966691125],[150.239204273662494,-35.554123111691766],[150.239204274662512,-35.554123111691766],[150.239229786665334,-35.554072420693714],[150.239268637665589,-35.554026157696882],[150.23931424666452,-35.553981839700668],[150.239359990663502,-35.553936948704475],[150.239399271663871,-35.553889027707662],[150.239478344670403,-35.55374970971382],[150.23954094168127,-35.553596937718389],[150.239540942681259,-35.553596937718396],[150.239589340695403,-35.553435802721644],[150.239625843711849,-35.553271367723802],[150.239652754729548,-35.553108744725115],[150.239664659740697,-35.55301198772554],[150.239672772752556,-35.55291432572561],[150.239676879765085,-35.552816269725319],[150.239676772778211,-35.552718347724642],[150.23967223779195,-35.552621070723582],[150.239655063814212,-35.552474896721051],[150.239626047838243,-35.552329008717479],[150.239588067863536,-35.552184025713096],[150.239544001889556,-35.552040585708177],[150.239496743915794,-35.551899313702997],[150.239376196977531,-35.551577464690027],[150.239229601043462,-35.551254063674712],[150.23905554711169,-35.550945310657042],[150.238852584180165,-35.550667321636979],[150.238619295247076,-35.550436294614535],[150.238576348257936,-35.550404777610474],[150.23853123226877,-35.55037560060623],[150.238486133279594,-35.550346566602002],[150.238443258290403,-35.550315506597954],[150.238404803301023,-35.550280233594265],[150.238373312311097,-35.550241275591183],[150.238373311311079,-35.550241275591183],[150.238345739321034,-35.550198679588433],[150.238345738321044,-35.550198679588433],[150.238320290330932,-35.550154101585839],[150.238320289330915,-35.550154101585839],[150.238295092340849,-35.55010921058328],[150.238268307350808,-35.550065654580592],[150.2381711913863,-35.549912542570851],[150.238073141422461,-35.54975542256102],[150.237969040458722,-35.549604640550676],[150.237853806494428,-35.549470521539469],[150.237722339529029,-35.549363411526947],[150.237722338529011,-35.549363411526947],[150.237625777551301,-35.549308005517929],[150.237522600573584,-35.549260264508362],[150.237415058595474,-35.549220706498453],[150.237305399616474,-35.549189879488438],[150.237195867636217,-35.549168339478477],[150.237088665654795,-35.549152921468767],[150.236975924673629,-35.549141725458583],[150.23697592367364,-35.549141725458583],[150.236864141691029,-35.549140192448561],[150.236759808705273,-35.54915375543932],[150.236669396714632,-35.549187854431452],[150.236619932717815,-35.549220787427238],[150.236573462719633,-35.549260569423346],[150.236530273720234,-35.549305344419778],[150.236490661719927,-35.549353247416548],[150.236454912718841,-35.54940244241368],[150.236400366713639,-35.549503653409481],[150.236361758704192,-35.549618652406785],[150.236341001693631,-35.549720810405624],[150.236336784691531,-35.549741565405384],[150.236336784691503,-35.549741566405388],[150.236323114676878,-35.549866514405004],[150.23631842666137,-35.549987644405391],[150.236321030653301,-35.55004463740601],[150.236323633645242,-35.55010162940664],[150.236323634645231,-35.55010162940664],[150.236339840627323,-35.550216708408847],[150.236365145608062,-35.550331356411895],[150.236397639587949,-35.55044407741557],[150.236435423567485,-35.550553348419683],[150.236478428549475,-35.550638085424112],[150.236521432531504,-35.550722819428536],[150.236521433531493,-35.550722819428529],[150.236636925492519,-35.550880773439943],[150.236636926492537,-35.550880773439943],[150.236765954452153,-35.551033993452535],[150.236892589411838,-35.551189194464932],[150.237000892373175,-35.551353126475725],[150.23704948635401,-35.551440390480664],[150.237097802334745,-35.551528451485581],[150.237143294315814,-35.551617750490266],[150.237143295315747,-35.551617750490266],[150.237183346297428,-35.551708725494478],[150.23721538327996,-35.551801797497966],[150.237246183258037,-35.551930196501587],[150.237257052246633,-35.552002569503053],[150.237266288236981,-35.552064072504287],[150.237266289236999,-35.552064073504283],[150.237274893217403,-35.552200064505982],[150.23727119919991,-35.552334837506564],[150.237254391185019,-35.552465029505925],[150.237200650170053,-35.552638319502279],[150.237113034160927,-35.552806581495567],[150.237003520155866,-35.552970119486858],[150.237003519155877,-35.552970119486858],[150.236943836154438,-35.553049692482027],[150.236884153152914,-35.553129265477246],[150.236766928150132,-35.553284332467783],[150.236699079147712,-35.553380443462338],[150.236630934145097,-35.5534781414569],[150.236630933145108,-35.5534781414569],[150.236559659143381,-35.553572648451144],[150.236482433143664,-35.553659185444815],[150.236396441147008,-35.55373299443761],[150.236314267153034,-35.553782224430591],[150.236224966161529,-35.553821415422846],[150.236131928171289,-35.553855505414745],[150.236038477181125,-35.553889415406594],[150.235947967189844,-35.553928068398747],[150.235822192199578,-35.55399971638797],[150.235699984207372,-35.554082176377584],[150.235639127211243,-35.5541230513724],[150.235578270215143,-35.554163927367227],[150.235578269215125,-35.554163927367235],[150.235453964224945,-35.554233442356555],[150.235324021238824,-35.554279194345227],[150.23517225925923,-35.554301021331781],[150.235011748283739,-35.554302447317419],[150.234849140311127,-35.554285155302736],[150.234849139311109,-35.554285155302736],[150.234691032340038,-35.55425084228834],[150.234544057369305,-35.554201173274834],[150.234544056369288,-35.554201173274841],[150.234405275400206,-35.554129937261926],[150.234273728432953,-35.554036909249533],[150.23414916346664,-35.55392877723763],[150.234031357500413,-35.553812238226286],[150.233920069533383,-35.553693986215542],[150.233793434573755,-35.553538354203148],[150.233681410613684,-35.553369098191965],[150.233578108653404,-35.553191827181521],[150.233477630692931,-35.55301215417132],[150.233374086732539,-35.552835691160858],[150.233254855776863,-35.552641989148867],[150.233136592821154,-35.552447661136974],[150.233019459865318,-35.552252642125161],[150.232903590909388,-35.552056888113476],[150.232903589909398,-35.552056888113476],[150.232789127953367,-35.5518603451019],[150.23275798696551,-35.551805683098749],[150.232727221977598,-35.551750797095615],[150.232696421989715,-35.551695938092493],[150.232665200001833,-35.551641330089318],[150.232633127014026,-35.551587241086082],[150.232605311024031,-35.5515444660833],[150.232575873034193,-35.551502479080376],[150.232546695044306,-35.551460429077487],[150.232519650054229,-35.551417456074773],[150.232496631063782,-35.551372672072418],[150.232496630063793,-35.551372672072411],[150.232469254080598,-35.551278587069334],[150.232459600095723,-35.551177053067768],[150.232457798110119,-35.551071834066896],[150.232453926124805,-35.550966723065855],[150.232438132140828,-35.550865494063743],[150.232396476166969,-35.550718190059037],[150.232344063195001,-35.550569191053334],[150.232279333224255,-35.55042556204657],[150.232200709253959,-35.550294385038647],[150.232106640283405,-35.550182748029464],[150.232057463297082,-35.55013693302476],[150.232057462297092,-35.550136933024767],[150.232005256310998,-35.5500930100198],[150.231950342324893,-35.550052484014593],[150.231893034338498,-35.550016871009227],[150.23183364735155,-35.549987675003713],[150.231767035365152,-35.549962728997563],[150.231767034365163,-35.549962728997571],[150.231696290378721,-35.549942810991105],[150.231696289378732,-35.549942810991105],[150.231623752391641,-35.549929508984512],[150.231551761403381,-35.549924425978034],[150.231482666413427,-35.549929158971864],[150.231422122420724,-35.549944397966549],[150.231362825426487,-35.549969173961415],[150.231333678428939,-35.549984578958906],[150.231304532431324,-35.549999983956404],[150.231304531431334,-35.549999983956404],[150.231247063435717,-35.550033328951478],[150.231247062435699,-35.550033328951478],[150.231190194440131,-35.550065715946602],[150.231060501447814,-35.550157326935604],[150.230938948451239,-35.550270944925479],[150.230819842454196,-35.55038556691558],[150.230697500460366,-35.550480207905274],[150.230566221473396,-35.550533883893877],[150.230501285482177,-35.550542829888123],[150.230434923491941,-35.550546119882213],[150.230367881502417,-35.55054494587619],[150.230367880502399,-35.55054494587619],[150.230300901513317,-35.550540472870161],[150.230234755524378,-35.550533884864194],[150.230019742564821,-35.550478935844573],[150.23001974156486,-35.550478935844573],[150.229808774611314,-35.550374425824984],[150.229601965661317,-35.55023887380554],[150.229492802688839,-35.550159058795224],[150.229399433712359,-35.550090798786414],[150.229201301761918,-35.549948692767707],[150.228925255830859,-35.549751342741672],[150.22865714190047,-35.549539855716226],[150.228398350970309,-35.549315855691532],[150.22815029904001,-35.549080955667755],[150.227914384109027,-35.548836795644988],[150.227823740136046,-35.548739276636212],[150.227733365163147,-35.548640941627447],[150.227645419190168,-35.548540644618903],[150.227562045216814,-35.548437253610743],[150.227485393243057,-35.548329614603148],[150.227440896260276,-35.548252210598648],[150.227401920277202,-35.548170737594596],[150.227363742294045,-35.548088959590629],[150.227321647311015,-35.548010614586346],[150.227270902328371,-35.547939458581311],[150.22717833135448,-35.547850733572439],[150.227069427381423,-35.547774951562175],[150.226950268408672,-35.547708430551054],[150.226826915435851,-35.54764745753959],[150.226705444462453,-35.547588349528326],[150.226705443462464,-35.547588349528326],[150.22660082548461,-35.54754324251865],[150.226492154506388,-35.547505405508666],[150.226383134528135,-35.547468662498652],[150.226383133528117,-35.547468662498652],[150.226277502549976,-35.547426845488914],[150.226178970572249,-35.547373788479732],[150.226066435601808,-35.547282382469056],[150.225966585631966,-35.547172045459362],[150.225872302662481,-35.547052788450124],[150.225776485693046,-35.546934635440749],[150.225672010723486,-35.546827587430663],[150.225576435748707,-35.546749126421588],[150.225476585773947,-35.54667554941215],[150.22537481779915,-35.546604134402557],[150.225273443824392,-35.546532162392992],[150.225174785849674,-35.546456954383657],[150.225087054872802,-35.54638518037531],[150.22500031989594,-35.546312115367066],[150.224914542919095,-35.546237866358879],[150.224829724942225,-35.546162560350773],[150.224745812965352,-35.546086322342759],[150.22460056900772,-35.54593719732874],[150.224463752050241,-35.545777003315415],[150.224327409092638,-35.545617247302125],[150.224183581134554,-35.545469431288268],[150.224024345175764,-35.545345056273156],[150.223883368208789,-35.545260123259972],[150.223883367208828,-35.545260123259972],[150.223734341242135,-35.545182558246104],[150.223579748274858,-35.545116252231828],[150.223579748274858,-35.545116251231811],[150.223422098305946,-35.545065103217368],[150.223263892334614,-35.545032949202977],[150.223109927360412,-35.545017200189086],[150.223109926360422,-35.545017200189086],[150.222948324385897,-35.54501270017461],[150.222787653409114,-35.545023896160288],[150.222636502428145,-35.545055189146964],[150.222503450441167,-35.545110990135427],[150.222415505446833,-35.545169766127955],[150.222415504446815,-35.545169766127955],[150.222332113450051,-35.545241344120974],[150.222332112450033,-35.545241344120974],[150.222255641450943,-35.545322548114676],[150.222255640450953,-35.545322548114669],[150.222188474449524,-35.545410207109249],[150.222188473449535,-35.545410207109242],[150.22213296944588,-35.545501128104895],[150.222087432439452,-35.545601354101485],[150.222052338430302,-35.545709988099091],[150.222028342418838,-35.545823131097691],[150.22201602540548,-35.545936884097351],[150.222015990390702,-35.546047329098101],[150.222037315370329,-35.546174680100869],[150.222081132346602,-35.546301484105648],[150.222139631320772,-35.546427042111731],[150.222205014294104,-35.546550637118415],[150.222269484268026,-35.546671552124998],[150.222380871225653,-35.546859750136235],[150.222509469181858,-35.547038939148955],[150.222509469181858,-35.547038940148958],[150.222617229146863,-35.54717619415954],[150.222646726137299,-35.547213764162429],[150.222784055092689,-35.547388856175907],[150.222837837074337,-35.547463969181216],[150.22291294804873,-35.547568871188652],[150.22291294904872,-35.547568871188645],[150.22301171401466,-35.547709470198434],[150.223114674980053,-35.547849541208592],[150.223213099945866,-35.54799150321837],[150.223298257913171,-35.548137723226972],[150.22332984189805,-35.548214177230314],[150.223361426882946,-35.548290630233659],[150.223361427882935,-35.548290630233659],[150.223389860865836,-35.548385846236847],[150.223414745848828,-35.548483911239735],[150.223433220832703,-35.54858312424205],[150.223442399818055,-35.548681808243543],[150.223439423805587,-35.548778305243935],[150.223418699794735,-35.548882906242767],[150.223381938786531,-35.548986655240185],[150.223334088780206,-35.54908881723658],[150.223280107775082,-35.549188675232422],[150.223224934770599,-35.549285486228129],[150.22315264076596,-35.549403344222469],[150.223152639765942,-35.549403344222469],[150.223072394762966,-35.549517644216046],[150.222985417761635,-35.549627649209008],[150.222892899761803,-35.549732572201428],[150.222795981763454,-35.549831696193422],[150.22268315176683,-35.549935642184018],[150.222563312772053,-35.550034308173956],[150.222437502779172,-35.550125866163299],[150.222306727788208,-35.550208486152151],[150.222172025799324,-35.550280359140579],[150.222053046810487,-35.550333775130284],[150.221929872823154,-35.550380880119576],[150.221803793837182,-35.550420806108562],[150.221676092852562,-35.550452619097349],[150.221548068869225,-35.550475432086039],[150.221485168877507,-35.550485651080479],[150.221420950885971,-35.550496416074807],[150.221356992894755,-35.550504027069124],[150.221294845904225,-35.550504771063572],[150.221236085914597,-35.550494946058251],[150.221158699932232,-35.550452430051024],[150.221089076952637,-35.55038025304431],[150.221024983974502,-35.550290318037966],[150.2209642349967,-35.550194530031881],[150.220904615017872,-35.55010481002595],[150.22082203904759,-35.549978373017694],[150.220748148076723,-35.549845734010184],[150.220713323091189,-35.549777864006629],[150.220678498105627,-35.549709993003056],[150.220678497105609,-35.549709993003056],[150.220608641134589,-35.549574241995877],[150.220534123163873,-35.549441566988307],[150.22046071719177,-35.549317361980904],[150.220413503209812,-35.549237089976138],[150.220387346219781,-35.549192628973508],[150.220311681247921,-35.549069535965899],[150.22031168024796,-35.549069535965899],[150.220231399276287,-35.548950216957905],[150.220144143304907,-35.548836849949325],[150.220045109334933,-35.548726601939727],[150.21993885836531,-35.548622036929515],[150.219827525395857,-35.54852188291887],[150.219713252426459,-35.548424856907985],[150.219598181456888,-35.548329677897051],[150.219598180456927,-35.548329677897044],[150.219507438480775,-35.548255778888425],[150.219415441504651,-35.548183206879706],[150.219322009528526,-35.548112462870861],[150.219322008528536,-35.548112462870861],[150.21922698155231,-35.548044076861906],[150.219130197575964,-35.547978550852797],[150.218908140627178,-35.547851414832067],[150.218673929677749,-35.54774320181037],[150.218673928677759,-35.54774320181037],[150.218553838702888,-35.547693577799294],[150.218433747728,-35.547643952788206],[150.218193799778362,-35.547543664766053],[150.217960269829234,-35.547432367744392],[150.217960268829245,-35.547432367744399],[150.21779363786672,-35.547343821728887],[150.217627829904387,-35.547253402713437],[150.217463447942094,-35.547160428698099],[150.217386321960134,-35.547114743690898],[150.217309195978146,-35.547069058683668],[150.217309194978128,-35.547069058683668],[150.217301082980015,-35.547064244682929],[150.217141327017998,-35.546964207667955],[150.216810904100811,-35.546725730636766],[150.216497307184454,-35.546461633606931],[150.21619099826853,-35.54618605557765],[150.215882376352567,-35.545913192548205],[150.215561904436157,-35.545657244517798],[150.215366605485201,-35.545515712499366],[150.215366604485183,-35.545515712499366],[150.21526790250968,-35.545446336490059],[150.215169199534188,-35.54537695948077],[150.214970001583083,-35.545240680462015],[150.214769315631941,-35.54510662444315],[150.214567455680708,-35.544974495424206],[150.21440667671979,-35.544867421409087],[150.214326459739425,-35.544813087401543],[150.214246239759063,-35.544758751393999],[150.214246238759046,-35.544758751393999],[150.214084322798129,-35.544652923378813],[150.213919035836767,-35.544554310363345],[150.213919034836749,-35.544554310363345],[150.213748512874673,-35.544467324347487],[150.213618974903,-35.544404747335477],[150.213486118932082,-35.544340296323149],[150.213351739960331,-35.54428374231076],[150.213217620986171,-35.544244803298476],[150.213085554008018,-35.544233248286595],[150.212961502025252,-35.544247492275602],[150.212832465040805,-35.544279467264253],[150.212706952053651,-35.544327738253358],[150.212706951053633,-35.544327738253344],[150.212593495062663,-35.544390835243632],[150.212593494062645,-35.544390835243632],[150.212500592066732,-35.544467334235826],[150.21242768806556,-35.54455985122992],[150.212365935060092,-35.544671425225154],[150.212319197050988,-35.544793335221797],[150.212291302038693,-35.544916795220132],[150.212286121023936,-35.545033040220439],[150.212317871001972,-35.545160400224141],[150.212387512974146,-35.545288199231237],[150.2124822359429,-35.545412789240551],[150.212589193910674,-35.545530531250925],[150.212589194910663,-35.545530531250932],[150.212695605879901,-35.545637757261169],[150.212864702837379,-35.545761012277119],[150.213064366794327,-35.545852955295601],[150.21327502075107,-35.545933980314999],[150.213477104707806,-35.546024516333702],[150.213477105707824,-35.546024516333702],[150.213651042664935,-35.546144929350064],[150.21377409162929,-35.546269617361922],[150.213888678593236,-35.546407124373111],[150.213992427557514,-35.546554474383385],[150.214083000522919,-35.546708654392518],[150.214158011490184,-35.546866688400321],[150.214207403465139,-35.546997177405594],[150.214248548440622,-35.547132649410187],[150.214280594417147,-35.547271160413992],[150.214302700395024,-35.547410738416922],[150.214314013374747,-35.547549437418866],[150.214310329347001,-35.547760511419952],[150.214282774321987,-35.547978811418957],[150.21423171630093,-35.548194950415848],[150.214157522284921,-35.548399570410581],[150.214060550275207,-35.548583304403145],[150.213885349273568,-35.548796942388904],[150.213653424283223,-35.548991147369456],[150.213386244302427,-35.549154605346665],[150.213105313329464,-35.549276013322334],[150.21283214536237,-35.549344094298341],[150.212708657379636,-35.549357137287366],[150.212582803398391,-35.549361466276146],[150.212582802398373,-35.549361466276153],[150.212456294418445,-35.549357325264801],[150.212330843439389,-35.549344955253495],[150.212208179460987,-35.549324598242372],[150.212071425486897,-35.549288599229897],[150.212071424486879,-35.549288599229897],[150.211936992514211,-35.549238974217531],[150.211804638542475,-35.549180045205304],[150.211674122571139,-35.549116114193176],[150.211545220599618,-35.549051502181229],[150.211360983641811,-35.548948256164046],[150.211183469684755,-35.54883155414737],[150.211008384728018,-35.548709895130891],[150.210831417771089,-35.54859180411426],[150.210831416771072,-35.548591804114267],[150.210648264813443,-35.548485805097151],[150.210529402839626,-35.548427280086123],[150.210408674865562,-35.548372376074965],[150.210286925891381,-35.548319426063706],[150.210165024917188,-35.548266753052445],[150.210043795943108,-35.548212710041234],[150.209934560966673,-35.548162126031123],[150.209825531990305,-35.548111014021018],[150.209825530990287,-35.548111014021025],[150.209742274008363,-35.548071913013302],[150.209716547013954,-35.548059839010932],[150.209607384037554,-35.548009049000818],[150.209497835061086,-35.547959119990672],[150.20946280306859,-35.547943369987443],[150.209427763076093,-35.547927637984202],[150.209392687083607,-35.547911968980941],[150.209357557091067,-35.547896443977706],[150.209322346098588,-35.54788109697445],[150.209132991137665,-35.547806678957016],[150.208939960176252,-35.547740560939289],[150.208746069214669,-35.547676530921514],[150.20855412325335,-35.547608404903876],[150.208366910292654,-35.547529979886598],[150.208184475331734,-35.547447968869733],[150.208184474331716,-35.547447968869733],[150.208091884351603,-35.547406029861158],[150.207999296371469,-35.547364092852597],[150.207819541411396,-35.547272453835888],[150.207653376451077,-35.547167154820329],[150.207508966489996,-35.547042313806578],[150.207399560524919,-35.546907630795872],[150.207399559524902,-35.546907630795872],[150.207306397559535,-35.546756184786517],[150.207306397559535,-35.546756183786513],[150.207225030593747,-35.546594034778145],[150.207151032627479,-35.546427296770396],[150.20707997466053,-35.546262027762921],[150.207055628672094,-35.546203923760359],[150.207055627672077,-35.546203923760359],[150.207032545683489,-35.546145272757904],[150.207009938694853,-35.546086406755492],[150.20698701770624,-35.546027674753041],[150.206962984717791,-35.545969426750496],[150.206915744738637,-35.545867703745586],[150.206864532759937,-35.545767611740324],[150.206812541781261,-35.545667896735004],[150.206762943802374,-35.545567276729891],[150.206718911822975,-35.545464468725257],[150.206660546860434,-35.545251691718605],[150.206629163895258,-35.545027592714291],[150.206604493929348,-35.544801369710555],[150.206604493929348,-35.544801368710559],[150.206566288964581,-35.544582209705659],[150.206494272002828,-35.544379310697863],[150.206413470035557,-35.544227890689605],[150.206320576069942,-35.544077780680276],[150.206215661105119,-35.543936033669937],[150.206098824139985,-35.543809677658643],[150.205970119173685,-35.543705767646436],[150.205782287214674,-35.543615607629029],[150.205565968254859,-35.54356443260933],[150.20533311129401,-35.543539620588326],[150.205095690332001,-35.543528568567019],[150.204865657368714,-35.543518663546372],[150.204865656368753,-35.543518663546372],[150.204738323388653,-35.543516368534974],[150.204610371407711,-35.543521011523545],[150.204482455426614,-35.543526811512145],[150.204355185446047,-35.543527967500772],[150.204229195466695,-35.543518681489424],[150.204077184494992,-35.543481947475584],[150.203926840525952,-35.54342363646176],[150.203777616557261,-35.543361229447989],[150.203628993586676,-35.543312241434357],[150.203480424611968,-35.543294161420945],[150.203342916632096,-35.543301798408699],[150.203196086652099,-35.543321223395708],[150.203054366669335,-35.54335554638326],[150.202932187681171,-35.543407860372675],[150.20284396368487,-35.543481275365274],[150.202799637681665,-35.543556133361818],[150.202768971674658,-35.543643801359664],[150.202749242664936,-35.543738962358546],[150.202737723653684,-35.543836248358176],[150.202731646642036,-35.543930307358266],[150.202739400620743,-35.544080453359967],[150.202772209595167,-35.544234006363936],[150.202823600566688,-35.544387316369559],[150.202887119536882,-35.54453676337625],[150.202956285507241,-35.54467869938339],[150.203033385478506,-35.544804750391137],[150.203125167448519,-35.544923110400148],[150.203223323418001,-35.545038324409703],[150.203223324417962,-35.545038324409695],[150.203319561387559,-35.545154918419087],[150.203405571357933,-35.545277410427616],[150.203498824323532,-35.545427153436968],[150.203591431288658,-35.545581181446288],[150.203674850254686,-35.545738937454814],[150.203674851254704,-35.545738937454807],[150.20374053922302,-35.545899805461765],[150.203779972195093,-35.546063218466408],[150.203793203181675,-35.546148106468145],[150.203805878167742,-35.546237522469887],[150.203811938155013,-35.546325664471027],[150.203805314145171,-35.546406699470978],[150.203779973139945,-35.546474834469173],[150.203733916140038,-35.546527192465398],[150.203670577143953,-35.546570730460033],[150.203596561150533,-35.546606801453649],[150.203518494158544,-35.546636750446872],[150.203443017166791,-35.54666193044028],[150.203297729185778,-35.54668707442746],[150.203141307210672,-35.546680880413433],[150.202978916239175,-35.546654642398728],[150.202815699268996,-35.546619620383893],[150.202656804297789,-35.546587099369468],[150.202656803297771,-35.546587099369468],[150.202558711316016,-35.546563613360526],[150.202460940335158,-35.54653308235158],[150.202363537354216,-35.546503062342666],[150.20231505536313,-35.546492094338255],[150.202266574372004,-35.546481127333848],[150.202266573372015,-35.546481127333848],[150.202170095387743,-35.546474843325171],[150.20206392540203,-35.546490154315784],[150.201958096413904,-35.546522872306547],[150.201852931424241,-35.546566626297427],[150.201748779433814,-35.546615112288428],[150.201645953443375,-35.546661940279556],[150.201553597452232,-35.546701874271577],[150.201461456460891,-35.546743162263596],[150.201370571468999,-35.546786933255767],[150.201370570468981,-35.546786933255767],[150.201281971476305,-35.546834326248167],[150.201281970476316,-35.546834326248167],[150.20119669748243,-35.546886469240889],[150.201196696482469,-35.546886469240889],[150.200961598487822,-35.54711640422142],[150.200779756474788,-35.547422855207209],[150.200621856452926,-35.547767770195414],[150.200458623431786,-35.548113062183148],[150.200260744421058,-35.548420678167524],[150.200030442421763,-35.54868041814867],[150.199781566427276,-35.54892550212805],[150.199520536435955,-35.549160448106299],[150.199253814446308,-35.549389809083998],[150.199253813446319,-35.549389809083991],[150.198987844456695,-35.549618112061744],[150.198687847473792,-35.549835282036376],[150.198346974498776,-35.550040601007282],[150.198021322521441,-35.550245846979543],[150.197766979531536,-35.550462815958262],[150.197766979531536,-35.550462816958259],[150.197640059518875,-35.550703288948526],[150.197626802508978,-35.550792344947943],[150.197618475498018,-35.55088382094781],[150.197616772485986,-35.55097567294829],[150.1976234064729,-35.551065848949477],[150.19764006145877,-35.551152305951554],[150.197759345421218,-35.551295287963185],[150.197994506370406,-35.551404412984944],[150.198293581311816,-35.551498174012323],[150.198604587250969,-35.551595064040797],[150.198654659240333,-35.551616972045409],[150.198875550193378,-35.551713584065809],[150.198988819167937,-35.551773381076352],[150.198988820167955,-35.551773381076352],[150.199107126141939,-35.551831494087324],[150.199221202116092,-35.551893389097941],[150.199321814091064,-35.551964526107405],[150.199399702067581,-35.552050354114954],[150.199430090056438,-35.552098705117999],[150.199457995045293,-35.552149978120845],[150.199481947034485,-35.552203241123351],[150.199500449024299,-35.552257643125365],[150.199512013015237,-35.552312286126764],[150.199512542004442,-35.552392342127355],[150.199496101995805,-35.552475715126455],[150.199468161988818,-35.552560208124504],[150.19943420598284,-35.552643670122038],[150.199399713977385,-35.552723896119502],[150.199399712977367,-35.552723897119506],[150.199328951969505,-35.552864279114111],[150.199240442965078,-35.5529990861071],[150.199240441965088,-35.552999086107107],[150.199138647963593,-35.553127305098869],[150.199028014964455,-35.55324794908978],[150.19891301596715,-35.553360024080256],[150.198753628974686,-35.55348706006685],[150.198753627974668,-35.55348706006685],[150.198577396987162,-35.553596347051837],[150.198391010002723,-35.553694501035828],[150.198391009002734,-35.553694501035828],[150.198201144019407,-35.553788147019489],[150.198014487035323,-35.553883890003426],[150.197823636049776,-35.553995542987124],[150.197632533063341,-35.55411399197083],[150.197439503078158,-35.5542252599543],[150.197242915096353,-35.554315364937345],[150.197041082120052,-35.554370348919655],[150.196893607140652,-35.554386331906578],[150.196742555163553,-35.554389029893095],[150.196590364188154,-35.554379994879426],[150.196439465213956,-35.55436077586581],[150.196292303240369,-35.554332943852458],[150.196128934271457,-35.554288644837555],[150.195967690304172,-35.554229689822741],[150.195888602321077,-35.554194449815434],[150.195809512337974,-35.554159207808112],[150.195809511337956,-35.554159207808112],[150.195655331372279,-35.554080334793795],[150.195506089406507,-35.553996173779893],[150.195325187449356,-35.553884107762954],[150.19514813949317,-35.553760505746304],[150.194979176537259,-35.553625582730277],[150.194822521580932,-35.553479552715288],[150.194682423623505,-35.553322640701715],[150.194563103665558,-35.553145972689848],[150.194464848706559,-35.552952640679763],[150.19446484770657,-35.552952640679763],[150.19437759274706,-35.552750345670603],[150.19437759174707,-35.552750345670603],[150.194304857781191,-35.552578920662945],[150.194291232787606,-35.552546812661511],[150.194195693828703,-35.552349742651643],[150.194158725843437,-35.552282137647879],[150.194121291858238,-35.552214783644082],[150.194083633872992,-35.552147554640243],[150.194045958887841,-35.552080325636439],[150.194008506902634,-35.552012980632632],[150.193854943965704,-35.55171809761692],[150.193708785028377,-35.551418167601831],[150.193560788091105,-35.551119735586589],[150.193401695154478,-35.550829360570397],[150.193222261219006,-35.550553633552504],[150.193161561240572,-35.550462411546455],[150.193100862262128,-35.550371192540439],[150.193100861262138,-35.550371192540439],[150.192976244307488,-35.550175467527964],[150.192976243307498,-35.550175467527957],[150.192910591329877,-35.550083919521477],[150.192844938352238,-35.549992372514986],[150.192703469393336,-35.549847846501372],[150.192548356427949,-35.549767834486964],[150.192468406442174,-35.549753492479724],[150.192385490455763,-35.549747190472267],[150.192301372468648,-35.549748069464755],[150.192217801480496,-35.549755249457327],[150.192217800480506,-35.549755249457334],[150.19213652449136,-35.549767834450144],[150.191950665511257,-35.549832752433971],[150.191766321524227,-35.549947974418266],[150.191592545530881,-35.550098102403737],[150.191438384531921,-35.550267706391097],[150.191312889527978,-35.550441390381046],[150.191227382520339,-35.550596805374461],[150.191157329508428,-35.550766266369344],[150.19110382449287,-35.550944091365743],[150.191067960474243,-35.551124578363741],[150.191050821453132,-35.551302035363413],[150.191048787441389,-35.55139212136384],[150.19105077742887,-35.551483050364631],[150.19105753741573,-35.551573845365851],[150.191069782401854,-35.551663510367554],[150.191088275387244,-35.551751060369796],[150.191127582366789,-35.551858949374044],[150.191127583366779,-35.551858949374036],[150.191182917344378,-35.551962571379676],[150.191244814321152,-35.55206463338591],[150.191244815321198,-35.552064633385903],[150.191303780298284,-35.552167842391867],[150.191350348276785,-35.552274924396755],[150.191392658253505,-35.552400068401376],[150.191392659253523,-35.552400068401376],[150.191432638229855,-35.55253064440582],[150.191432639229873,-35.55253064440582],[150.191462704207652,-35.552662251409402],[150.191475237188541,-35.552790515411374],[150.191475236188523,-35.552790515411374],[150.191462678174332,-35.552911043411072],[150.191401446165202,-35.553049892406534],[150.191295438163678,-35.553183041397965],[150.191160137167969,-35.55330663538669],[150.191011057176155,-35.5534168273741],[150.190863672186424,-35.553509765361561],[150.190677150205602,-35.553581180345368],[150.190467599233557,-35.553613226326853],[150.190250214264523,-35.553632014307546],[150.190040215292612,-35.553663666288976],[150.189852814312019,-35.553734283272718],[150.189697030321383,-35.553843284259514],[150.189665629322292,-35.553872568256914],[150.189553688325617,-35.553976961247606],[150.189420842325944,-35.55412724923675],[150.189296566323833,-35.55428603522671],[150.189182330320705,-35.554440652217544],[150.189178933320619,-35.554445250217249],[150.189083879316087,-35.554588278209721],[150.188998364309185,-35.554738189203086],[150.188917312301186,-35.554891435196872],[150.188835678293259,-35.555044438190613],[150.188748396286712,-35.555193642183809],[150.188637423279886,-35.555372363175096],[150.188525231273218,-35.555551371166274],[150.188408628267609,-35.555727080157041],[150.188284416264167,-35.555895914147079],[150.188284415264178,-35.555895914147072],[150.18814940026374,-35.556054278136067],[150.187909831270673,-35.556278195116171],[150.187909830270684,-35.556278195116171],[150.187641647285318,-35.556477390093519],[150.187354720305308,-35.5566581820691],[150.18705892832827,-35.556826864043792],[150.18676416635185,-35.556989773018543],[150.186387967384661,-35.557177663986188],[150.185998232422833,-35.557340904952461],[150.185601918463561,-35.557492519918064],[150.185205980504065,-35.557645541883709],[150.184817366541495,-35.557813006850104],[150.184400482580401,-35.558001941814105],[150.183980415619885,-35.558190302777831],[150.183566614657025,-35.558388963742196],[150.183168572688885,-35.558608823708106],[150.182795691712613,-35.558860774676482],[150.182471709726627,-35.559128796649325],[150.182164759734604,-35.55942243762388],[150.181873792737548,-35.55973547659999],[150.181597758736359,-35.560061727577512],[150.181335619732124,-35.560394979556335],[150.181302244731597,-35.560437393553642],[150.181145639729095,-35.560636414540987],[150.181145638729106,-35.560636414540987],[150.180952808725948,-35.560881945525409],[150.180772608719963,-35.561133984510995],[150.180772607719945,-35.561133984510995],[150.180620509708461,-35.561394942499177],[150.180511984688735,-35.5616672474913],[150.180457099662732,-35.561924887488125],[150.180433687630341,-35.562193794487847],[150.18043398459352,-35.562468608489731],[150.180450201554152,-35.56274391549303],[150.180474567514239,-35.563014345497024],[150.180497686488849,-35.563177449500195],[150.18052080446347,-35.563340548503355],[150.180520805463459,-35.563340548503348],[150.180591666409072,-35.563665254511875],[150.1806805993522,-35.56398777252199],[150.180781050294001,-35.56430735953311],[150.18088643223544,-35.564623361544662],[150.18105171815273,-35.5650508815623],[150.181245125067022,-35.565468739582407],[150.181451350979927,-35.565882385603608],[150.181655101893028,-35.566297258624616],[150.181841095807897,-35.566718819644073],[150.181992820738031,-35.567066222659967],[150.182154003666454,-35.567415310676722],[150.182302977596521,-35.567766567692409],[150.182418049531407,-35.568120478705076],[150.182477544474409,-35.568477519712786],[150.182484888424028,-35.568845630715906],[150.182455757376999,-35.569230693715909],[150.182385500336835,-35.569611337712196],[150.182269509307218,-35.56996612970422],[150.18210313429168,-35.570273647691423],[150.181926729290836,-35.570482983677074],[150.181714165298501,-35.570670654659331],[150.181477497312301,-35.570839725639324],[150.181228755330068,-35.570993253618127],[150.180979977349523,-35.571134321596844],[150.180663289378401,-35.571283027569557],[150.180328790414336,-35.571399606540453],[150.179984163454293,-35.571497963510318],[150.179984162454303,-35.571497963510318],[150.179810625474744,-35.571544985495137],[150.179637088495184,-35.571592007479943],[150.179295239533985,-35.571695643450099],[150.178874794580139,-35.57183472341346],[150.178453677626635,-35.571972180376754],[150.178033151672821,-35.572111197340128],[150.177614418718122,-35.572254956303674],[150.177198688761905,-35.572406649267563],[150.17684747279884,-35.572534998237032],[150.176494141836315,-35.572661841206333],[150.176494140836297,-35.572661841206333],[150.176144206872323,-35.57279561317597],[150.175803163904931,-35.57294473214651],[150.175476517932083,-35.573117649118494],[150.175476516932122,-35.573117649118487],[150.175275287945311,-35.573250808101406],[150.175074052958479,-35.573383971084318],[150.17469123597678,-35.573688282052174],[150.174326194988595,-35.574020335021807],[150.173977081995616,-35.574369894992969],[150.173642024999452,-35.574726705965446],[150.173443776000312,-35.574948904949231],[150.173251595999375,-35.575177055933601],[150.173109112997537,-35.575354945922072],[150.1724550851321,-35.575102557861946],[150.172416272147245,-35.575034091858029],[150.17237473416273,-35.574966459853854],[150.172330615178424,-35.574899840849461],[150.172284040194342,-35.574834431844856],[150.172284039194352,-35.574834431844856],[150.172235125210449,-35.574770430840069],[150.172180795227149,-35.5747082128348],[150.172121617244272,-35.574648513829104],[150.172061138261483,-35.574589514823309],[150.172002919278498,-35.574529420817697],[150.171950490295018,-35.574466414812591],[150.171889841316556,-35.574375180806562],[150.171837565337427,-35.574279662801246],[150.171790757357741,-35.574181490796413],[150.171746522377873,-35.574082278791792],[150.171701964397897,-35.573983649787152],[150.171701963397908,-35.573983649787152],[150.171651956421186,-35.573867505781898],[150.171606717443893,-35.57374980977707],[150.171562428466501,-35.573631845772319],[150.171515243489409,-35.573514903767311],[150.1714613275131,-35.573400256761722],[150.171405277535371,-35.573298167756029],[150.171344773558133,-35.573197584749948],[150.171281301581274,-35.573098040743609],[150.171216323604511,-35.572999098737142],[150.17115131862775,-35.572900281730661],[150.171109368642874,-35.572835643726485],[150.171067373657991,-35.572770996722319],[150.171067372657973,-35.572770996722312],[150.171046062665596,-35.572738812720189],[150.171024750673155,-35.572706627718063],[150.170980945688456,-35.572642849713716],[150.170935382703874,-35.57257995970923],[150.170881582722188,-35.572505031703912],[150.170827835740653,-35.572428919698602],[150.170771202759312,-35.572354833693055],[150.170708770778162,-35.572285956687018],[150.170708769778145,-35.572285956687011],[150.170637579797216,-35.572225513680252],[150.170532586822191,-35.572159594670424],[150.170412516848472,-35.572101644659313],[150.170283517874594,-35.572054953647481],[150.169939887944906,-35.571925338615912],[150.169674257989811,-35.571895757591996],[150.16938127002544,-35.571966687566309],[150.16938127002544,-35.571966688566306],[150.169100776052375,-35.572088479542074],[150.168807076067338,-35.572315014517358],[150.168594394070084,-35.572539568499884],[150.168471191073309,-35.572657281489661],[150.168289473095371,-35.572701580473741],[150.16820562411192,-35.57267457246607],[150.168124850129402,-35.572636708458603],[150.168124849129413,-35.572636708458603],[150.168086004138416,-35.572614052454973],[150.168047159147449,-35.572591396451358],[150.168009865156506,-35.572566700447858],[150.167972571165564,-35.572542005444362],[150.167972570165574,-35.572542005444362],[150.167901110183266,-35.572491932437643],[150.167823922202984,-35.572433523430355],[150.167750777222665,-35.5723706694234],[150.167715496232631,-35.572336820420027],[150.167681648242166,-35.572304345416775],[150.167681647242205,-35.572304345416775],[150.167616436261426,-35.572235493410503],[150.167616435261436,-35.572235493410503],[150.167555069280326,-35.57216510840454],[150.16751160329423,-35.572111181400295],[150.167490987301107,-35.572083519398277],[150.167470370307967,-35.572055856396233],[150.167470369307978,-35.572055856396226],[150.16743128832158,-35.571999393392375],[150.167431287321563,-35.571999393392375],[150.167394294334969,-35.571942051388682],[150.16735929034806,-35.571884072385174],[150.167319760363625,-35.571813266381149],[150.167283116378968,-35.571741143377402],[150.167249494393928,-35.571667908373897],[150.167219017408542,-35.571593893370689],[150.167191794422735,-35.571519322367749],[150.167150695436618,-35.571462635363694],[150.1671130474503,-35.571403742359934],[150.167079120463626,-35.571343155356494],[150.167049226476479,-35.571281367353421],[150.16702362548881,-35.571218897350711],[150.167005860503025,-35.571133310348557],[150.167003916515483,-35.571042103347764],[150.167004455527604,-35.5709511193472],[150.166994103540532,-35.570866240345701],[150.166992089569504,-35.570652165344086],[150.166710648624786,-35.570563269318356],[150.166407548667621,-35.57059191729148],[150.166085185706834,-35.570670180263228],[150.166085184706844,-35.570670180263228],[150.165839552726311,-35.570807479242212],[150.165839551726293,-35.570807479242212],[150.165773409726455,-35.570882826236804],[150.165707268726521,-35.570958171231396],[150.165584780715164,-35.57118433822199],[150.16545003272239,-35.571285836210642],[150.165318897728525,-35.571390704199644],[150.165191230733825,-35.571498334188966],[150.165066942738264,-35.571608096178601],[150.164976405740958,-35.571692330171082],[150.164888387743019,-35.571778437163807],[150.164888386743002,-35.5717784371638],[150.16480201774462,-35.571865754156683],[150.16471644674607,-35.571953627149632],[150.164716445746052,-35.571953627149632],[150.164630802747524,-35.57204139214258],[150.164529517749287,-35.572144871134235],[150.164529516749326,-35.572144871134235],[150.164428804750912,-35.572248744125936],[150.16432886375236,-35.572353111117714],[150.164229891753592,-35.572458078109584],[150.164229890753546,-35.572458078109591],[150.164132065754529,-35.572563744101565],[150.164040523755062,-35.572665179094066],[150.163950371755249,-35.572767466086695],[150.163950370755259,-35.572767466086695],[150.163860917755329,-35.572870183079424],[150.163771491755341,-35.572972909072114],[150.163681393755553,-35.573075241064757],[150.163681392755535,-35.573075241064757],[150.163637889755734,-35.573124130061217],[150.163594332755906,-35.573173019057649],[150.163550731756089,-35.573221872054091],[150.163507084756276,-35.57327068905051],[150.163463384756483,-35.573319480046941],[150.163318273760098,-35.573459675034933],[150.163251275761183,-35.573528679029415],[150.163206275758938,-35.573597674025855],[150.163206274758892,-35.573597674025855],[150.16307327476332,-35.573717673014805],[150.162985274770108,-35.573768678007276],[150.16286827477461,-35.573869682997504],[150.162803284774583,-35.573944673992216],[150.162725278775497,-35.574027679985804],[150.162651279775844,-35.574110676979764],[150.162534279784211,-35.574182673969794],[150.162534279784211,-35.574182674969805],[150.162450286787958,-35.574251677962771],[150.16235828779304,-35.57431967795501],[150.162295287793995,-35.57438467594983],[150.162200232797062,-35.574471499941914],[150.162150284799338,-35.574512101937728],[150.162100336801586,-35.574552703933549],[150.162100335801625,-35.574552703933549],[150.162048133804632,-35.574590360929129],[150.161995931807638,-35.574628017924731],[150.161941644811378,-35.574662609920132],[150.161887358815108,-35.574697200915494],[150.16188735781509,-35.574697200915494],[150.161774993824025,-35.574760010905891],[150.161718017828264,-35.574793867901029],[150.161657277834109,-35.574820382895787],[150.16159371384137,-35.574839143890237],[150.16152832085001,-35.574849864884477],[150.161462085859881,-35.574852365878577],[150.161396065870832,-35.574846637872653],[150.161331256882647,-35.574832743866764],[150.161268687895245,-35.574810907861036],[150.161209310908333,-35.57478146985553],[150.161154057921749,-35.57474487885036],[150.161082614937555,-35.574709032843735],[150.161015609953694,-35.574665440837457],[150.160953893970003,-35.5746146608316],[150.160898200986281,-35.57455730882625],[150.160849250002286,-35.574494122821456],[150.160807649017784,-35.574425862817293],[150.160773910032674,-35.57435339781378],[150.160748462046769,-35.574277626811003],[150.160692044065343,-35.574203422805461],[150.16063560808476,-35.574123482799884],[150.160586137103849,-35.574037805794902],[150.160529701123266,-35.573957865789325],[150.160487285139681,-35.573883608785025],[150.160437805158807,-35.573797931780042],[150.160402408174207,-35.573723638776393],[150.16037403818774,-35.573655055773379],[150.160338631203132,-35.573580771769727],[150.16028913322296,-35.57348936676469],[150.160246672240987,-35.57340366276032],[150.160211239257166,-35.57332365075662],[150.160182833271477,-35.573249340753577],[150.160140399288707,-35.573169355749258],[150.160097992305168,-35.573095097744968],[150.160069613318683,-35.573026515741965],[150.16003418833489,-35.572946503738272],[150.160012819347372,-35.5728778937359],[150.159984450360867,-35.572809301732917],[150.159984449360906,-35.572809301732917],[150.159963081373377,-35.572740700730549],[150.159934684387707,-35.572666381727508],[150.159920316399081,-35.572597753725773],[150.159898947411506,-35.572529143723393],[150.159884552423733,-35.572454779721618],[150.159856155438035,-35.572380468718578],[150.159827723453105,-35.572300438715494],[150.159792352467747,-35.572231873711878],[150.159763919482799,-35.572151843708802],[150.159735523497119,-35.572077532705762],[150.15973552249713,-35.572077532705762],[150.15970014351177,-35.572008976702151],[150.159664745527181,-35.571934692698477],[150.159629375541755,-35.571866127694875],[150.159586958558265,-35.571791870690589],[150.159537532576536,-35.571711912685629],[150.159488061595596,-35.571626226680635],[150.159438653613165,-35.571551987675733],[150.159325772651925,-35.571392124664584],[150.159269363670546,-35.571317912659033],[150.159142472711494,-35.57115809464662],[150.159071998733793,-35.571072489639754],[150.159008562754252,-35.570992566633571],[150.158959153771804,-35.570918345628662],[150.158902709791164,-35.570838414623076],[150.158902708791175,-35.570838414623083],[150.158867338805806,-35.57076984961946],[150.158810902825167,-35.570689918613887],[150.158740482845985,-35.570615750607082],[150.158691083863516,-35.570541520602184],[150.158691082863498,-35.570541520602191],[150.158634611883684,-35.570455861596571],[150.158599240898269,-35.570387296592948],[150.158542831916918,-35.570313092587412],[150.158500397934148,-35.570233107583093],[150.158445114950439,-35.570174914577763],[150.158389829966751,-35.570116719572447],[150.158389828966733,-35.570116719572447],[150.158272474999478,-35.570007180561234],[150.158148756032233,-35.569904893549491],[150.158019111064874,-35.569810216537284],[150.157679575127105,-35.569736047506467],[150.157198640209714,-35.569672322463113],[150.157183402211757,-35.569674751461768],[150.157028404225059,-35.569753749448473],[150.156918406230261,-35.569841748439238],[150.156918405230272,-35.569841748439238],[150.156844406226583,-35.5699547474334],[150.156775408225684,-35.570040746427821],[150.156736405222233,-35.570111749424811],[150.156683409221841,-35.570175751420514],[150.156630413223866,-35.570221745416092],[150.156549412221239,-35.570334744409614],[150.156478417223155,-35.570401749403743],[150.156478416223194,-35.570401749403743],[150.156432915225167,-35.570439249399925],[150.156387413227179,-35.570476750396118],[150.15635441122717,-35.570514748393428],[150.156321410227207,-35.570552746390753],[150.156321409227189,-35.570552746390739],[150.156202420233512,-35.570642752380728],[150.156114410237848,-35.570711747373331],[150.156005416248092,-35.570760753363935],[150.155895418255966,-35.570828753354576],[150.155785420263953,-35.570895749345212],[150.155697419270638,-35.570946744337689],[150.155577426277262,-35.571035756327589],[150.155538427280135,-35.571059259324258],[150.155499430283015,-35.571082762320941],[150.155499429283026,-35.571082762320941],[150.155405422287089,-35.571160757313059],[150.155331424290978,-35.571216754306839],[150.155246435296164,-35.571275755299652],[150.155158426302535,-35.571329753292169],[150.1550814333076,-35.571380758285642],[150.154958428317286,-35.571449754275129],[150.154827438329875,-35.571506758263808],[150.154719440337942,-35.571570763254599],[150.15460844034908,-35.571615765244999],[150.154500442360472,-35.571654769235622],[150.154382450372395,-35.571701769225413],[150.154265453388149,-35.571718777215075],[150.154148455402577,-35.571745779204825],[150.154063460415927,-35.571743782197231],[150.153950461433624,-35.571741776187125],[150.153838467452744,-35.571727795177026],[150.153722466473596,-35.571705791166536],[150.153617472492527,-35.571684800157023],[150.153519471511402,-35.571656799148087],[150.153454474524096,-35.571636802142145],[150.153326479547275,-35.571610810130558],[150.153244487563143,-35.571586815123077],[150.153163481580037,-35.571553812115631],[150.153163480580048,-35.571553812115631],[150.153072489597918,-35.571524815107317],[150.152916491624381,-35.571506819093258],[150.152822496642187,-35.57148182108471],[150.15282249564217,-35.571481821084703],[150.152723499661192,-35.571453829075679],[150.152575506689487,-35.571412832062208],[150.152438503715842,-35.571373842049717],[150.152438502715853,-35.571373842049717],[150.152303508746797,-35.571297840037154],[150.15215151778014,-35.571223846023088],[150.151980523812767,-35.571176852007532],[150.151834529839107,-35.571147856994294],[150.151834528839117,-35.571147856994294],[150.151651531867884,-35.571143862977934],[150.151509533884422,-35.571183872965527],[150.151401536893388,-35.571240875956271],[150.1513255398946,-35.571319876950035],[150.151320536884498,-35.571400874950129],[150.151310540874675,-35.571485870949807],[150.151312537862339,-35.571575877950586],[150.151329540843818,-35.571694872952911],[150.151337535832567,-35.571769873954125],[150.151364532813176,-35.571883867957297],[150.151388536799033,-35.571961870959974],[150.151388537799079,-35.571961870959974],[150.151427537781274,-35.572049868964029],[150.151458533768448,-35.572109863967214],[150.151490533752593,-35.572191864970627],[150.15152253273655,-35.572274860974041],[150.15156453671645,-35.572376860978466],[150.151581033707572,-35.572423863980255],[150.151597530698808,-35.572470864982044],[150.151597531698798,-35.572470864982058],[150.151630525680446,-35.572569860985666],[150.151675522661634,-35.572658853990269],[150.151711519643385,-35.572753852994119],[150.151711520643374,-35.572753852994119],[150.151764521617679,-35.572884849999724],[150.15175352060362,-35.573002850999551],[150.151753521603609,-35.573002851999547],[150.151688522599756,-35.573106851994439],[150.151607523598329,-35.57321085298792],[150.151512522602928,-35.573285856979936],[150.151383532618382,-35.573318864968655],[150.151245533634722,-35.573355870956597],[150.151124538652169,-35.573364872945859],[150.150943540676451,-35.57339187692989],[150.150943539676462,-35.57339187692989],[150.15085054868851,-35.5734088739217],[150.150756552699789,-35.573432881913469],[150.150659554712746,-35.573447889904919],[150.150561552724241,-35.57347489089635],[150.150488559733759,-35.57348788988994],[150.150395568746717,-35.573497895881701],[150.150313566758484,-35.573504898874425],[150.150252567766614,-35.573513899869042],[150.150084566790696,-35.573527904854146],[150.150084566790696,-35.573527905854149],[150.149779579835638,-35.573542917827034],[150.149528591876191,-35.573528921804538],[150.149139595933235,-35.57355093676999],[150.148723609998711,-35.573540951732781],[150.148277631068794,-35.573530966692935],[150.147792641142956,-35.5735349756497],[150.147394654201918,-35.573552992614303],[150.14685866828242,-35.57356900556659],[150.146376690355766,-35.573576025523643],[150.145883695430683,-35.573584041479698],[150.145438711503942,-35.573549047439762],[150.145115726561073,-35.573494070410582],[150.144701739632495,-35.573437087373271],[150.144424748685765,-35.573358085348026],[150.144079756752689,-35.573255097316547],[150.143844769798534,-35.573183113295102],[150.143682774829671,-35.573137114280343],[150.143507773862382,-35.573094118264443],[150.143507772862392,-35.57309411826445],[150.143339781894696,-35.573046129249128],[150.143172785926311,-35.573002129233956],[150.143172784926293,-35.573002129233956],[150.143036785952376,-35.572964134221557],[150.142886793979613,-35.572933141207955],[150.142750794006332,-35.572890144195533],[150.142621805031837,-35.572848151183749],[150.142497807054696,-35.572820159172508],[150.142361808081517,-35.572776158160075],[150.142164818123234,-35.572691167141933],[150.142008821157447,-35.57261517512751],[150.14183582719906,-35.572503175111329],[150.14169883323288,-35.57240817809847],[150.141582832263595,-35.572312177087476],[150.141502830287834,-35.572223185079736],[150.141349836332637,-35.572064205065018],[150.141246842369497,-35.57190719505477],[150.141188837396186,-35.571774199048711],[150.141146842419403,-35.571649207044118],[150.141105842439742,-35.571544196039746],[150.141105841439725,-35.571544196039746],[150.141081846451698,-35.571482211037207],[150.141058845465039,-35.571409210034652],[150.141040846478603,-35.571328212032512],[150.141040845478585,-35.571328212032512],[150.141030843492587,-35.571235212030984],[150.141003844502904,-35.571189210028272],[150.141003843502887,-35.571189210028272],[150.140993840512976,-35.571125208026942],[150.140989842520042,-35.571077215026264],[150.140989843520032,-35.571077215026264],[150.140999846525546,-35.571024211026796],[150.140999847525563,-35.571024211026796],[150.141018841527739,-35.570986213028227],[150.141066844544213,-35.570807211031315],[150.141117840560668,-35.570625207034638],[150.14115683457419,-35.570479211037124],[150.141196823589951,-35.570315215039599],[150.141226835601458,-35.570194220041444],[150.141252822617759,-35.570042209042754],[150.14126883263711,-35.569879209043087],[150.141291825651592,-35.569744212044228],[150.141310830669397,-35.569589208044874],[150.141317822684471,-35.569468213044686],[150.141319822703139,-35.569326207043915],[150.141313826720193,-35.569205212042561],[150.14128682773989,-35.569089220039388],[150.141253823759286,-35.5689822180357],[150.141203823780472,-35.568881214030561],[150.141158824796349,-35.568814219026109],[150.141071830822455,-35.568719221017709],[150.141002826839497,-35.568671221011229],[150.140920834857212,-35.568633225003659],[150.140831831876966,-35.568588227995413],[150.140760837893481,-35.568546233988805],[150.140691833908818,-35.568511231982413],[150.140359846974405,-35.568403241952069],[150.140119848008453,-35.568425253930805],[150.139825856043984,-35.568498258905088],[150.139525857078638,-35.568585262878912],[150.139199863117653,-35.568669263850403],[150.138945868145584,-35.56875326482831],[150.138587872186719,-35.568858268797086],[150.138201882227634,-35.56899727276361],[150.137840883269661,-35.5690992737321],[150.137492891306835,-35.569222277701876],[150.137058898364927,-35.569288279663624],[150.136640907438561,-35.569219284625881],[150.136204908526196,-35.569066289585976],[150.135795917619816,-35.568837297547958],[150.135484912700747,-35.568590296518565],[150.135321912763402,-35.568309295502139],[150.135364914803262,-35.567961298503633],[150.135528911816976,-35.567669289516274],[150.135528912816994,-35.567669289516274],[150.135754904831032,-35.567303300533972],[150.13575490583105,-35.567303300533972],[150.13597589583415,-35.567025293551822],[150.136200893852475,-35.566628298569206],[150.136443891871181,-35.566208294588051],[150.136673882887948,-35.565817296605928],[150.1368718819067,-35.565448296621106],[150.13694487693769,-35.565132300625478],[150.136834872008848,-35.564726296612946],[150.136578879096675,-35.564364295587673],[150.136144879211997,-35.564001299546526],[150.136144878212008,-35.564001299546518],[150.135558885354953,-35.563607306491619],[150.13503888348086,-35.563264309442943],[150.134598894573259,-35.563080314402463],[150.134123892672505,-35.562885321358799],[150.133501898787046,-35.562745322302391],[150.133172910842006,-35.562713320272856],[150.132747908904946,-35.562732324235071],[150.132491914936281,-35.562793332212657],[150.132239918957339,-35.562926331191093],[150.132239917957321,-35.562926331191093],[150.132110925958898,-35.563063336180505],[150.131980929956256,-35.563233337170061],[150.131928928923116,-35.563541330167496],[150.131876936868906,-35.564007340165993],[150.131802938845851,-35.564265340161143],[150.131686953829416,-35.564522337152518],[150.131565956811727,-35.564794340143578],[150.13146295077965,-35.565153337136799],[150.131364954739723,-35.565565338130831],[150.131195962701923,-35.566043340118995],[150.131086959666391,-35.566435334111922],[150.131075968628295,-35.566733340112933],[150.131102966577515,-35.567082334117693],[150.131155959499637,-35.567604340125918],[150.131124969435774,-35.568118342126631],[150.131124968435756,-35.568118342126631],[150.131073980382695,-35.568574338125146],[150.131073979382734,-35.568574338125146],[150.130981980342398,-35.568982341119693],[150.130695983352695,-35.569235340095886],[150.130255994405161,-35.569350348057441],[150.130255993405143,-35.569350348057441],[150.12980098947088,-35.569383354017091],[150.129329008545767,-35.569367354974915],[150.129054019575563,-35.569461359951035],[150.128890013582463,-35.569599360937325],[150.128765018573773,-35.569808363927592],[150.128724357558355,-35.569971015925056],[150.12863702054787,-35.570150366918483],[150.128571017544715,-35.570250359913274],[150.128509022536861,-35.570380363908619],[150.128473026533584,-35.570446365905866],[150.128437032530343,-35.570512367903099],[150.128437031530353,-35.570512367903099],[150.128391951528187,-35.570580286899535],[150.128362029526812,-35.570625367897158],[150.128327549526176,-35.5706698868944],[150.128283030525353,-35.570727368890829],[150.128283029525363,-35.570727368890822],[150.128218031523375,-35.57081736688562],[150.128110032527047,-35.570914365876654],[150.127983030535404,-35.570998367865897],[150.127853034546774,-35.571063374854752],[150.127681041563562,-35.571136368839909],[150.127515037580025,-35.57120438782556],[150.127386053591493,-35.571267377814479],[150.127221044605591,-35.571352374800355],[150.127076060620482,-35.571408381787805],[150.12693104963364,-35.571477377775331],[150.126769051647756,-35.571558385761449],[150.126678058656324,-35.571599386753604],[150.126678057656306,-35.571599386753611],[150.126627061661083,-35.571622388749226],[150.126510054670291,-35.571688381739229],[150.12642005567767,-35.571737387731538],[150.126393055679415,-35.571755387729254],[150.12620006169567,-35.571856385712735],[150.12620006069568,-35.571856385712735],[150.125986062716521,-35.571947388694269],[150.125825068732524,-35.572013390680368],[150.125680067747908,-35.572065399667792],[150.125522076764554,-35.5721234066541],[150.125378070781267,-35.57216439864154],[150.125378069781249,-35.57216439864154],[150.125233076795581,-35.572224404629011],[150.125067081812887,-35.572286399614619],[150.124869084834785,-35.572351406597427],[150.124686084856705,-35.572398404581421],[150.124541091873823,-35.57243740556877],[150.12424509190933,-35.572513410542904],[150.123998097938568,-35.572579412521321],[150.123786098965098,-35.572625414502738],[150.123558108993052,-35.572679413482781],[150.123366109016246,-35.572727414465987],[150.123214115032994,-35.572777415452784],[150.123022116055239,-35.572832418436036],[150.123022115055221,-35.572832418436043],[150.122847120077154,-35.572870415420709],[150.122699115092473,-35.572926413407885],[150.122570124104897,-35.572982420396769],[150.122570123104907,-35.572982420396769],[150.122498622110726,-35.57302142239066],[150.122427121116516,-35.573060424384551],[150.122286126127193,-35.573143421372528],[150.122173125132747,-35.57323242436307],[150.122064132137382,-35.573323426353959],[150.121949133143602,-35.573409426344291],[150.12183913514761,-35.57350642533514],[150.121711138155206,-35.573597427324358],[150.121604143160226,-35.573683427315402],[150.121494146165588,-35.573770422306183],[150.121295145170478,-35.573963425289747],[150.121159152171799,-35.574110425278619],[150.121002156172949,-35.574283429265776],[150.120936158172952,-35.574359430260415],[150.120870161172974,-35.57443543125504],[150.120870160172956,-35.57443543125504],[150.120728161172451,-35.574603433243517],[150.120587166171902,-35.574770432232086],[150.120433164172908,-35.574940433219503],[150.120305167172916,-35.575088437209082],[150.120186169173508,-35.575221435199381],[150.12004317617675,-35.575362438187582],[150.120043175176733,-35.575362438187582],[150.119878175184539,-35.575494441173767],[150.119714178192453,-35.575624436160027],[150.119515186207394,-35.575742437143084],[150.119364188221709,-35.575809442130087],[150.11936418722172,-35.575809443130076],[150.119212194237434,-35.575867439116934],[150.119044191258808,-35.575901439102189],[150.118828195291968,-35.575902442082942],[150.118730200310381,-35.575877442074045],[150.118604203334769,-35.575840447062568],[150.118459201368495,-35.575755450049087],[150.118365205392053,-35.575687449040245],[150.118257198420309,-35.575600445030034],[150.118185191443558,-35.575509451023009],[150.118110199469271,-35.575403443015617],[150.118110198469253,-35.57540344301561],[150.118057204493198,-35.575285450010092],[150.118035206510598,-35.57518044600743],[150.118026198526167,-35.575074447005903],[150.118040200538161,-35.574968449006448],[150.118040200538161,-35.574968448006445],[150.118055206550281,-35.574860442007051],[150.118059196576183,-35.574661451006065],[150.118061195602593,-35.574461446004911],[150.118065194626666,-35.574276448004014],[150.118073199644925,-35.57413044300376],[150.118080192670163,-35.573933442003039],[150.118049204694415,-35.573787445999294],[150.118049203694426,-35.573787445999294],[150.118033696701929,-35.573748945997664],[150.118018188709499,-35.573710444996017],[150.117966180729525,-35.573620446990788],[150.11788419575376,-35.573533441982882],[150.117742197790051,-35.573425443969498],[150.117607200821965,-35.573342445956911],[150.117607199821975,-35.573342445956911],[150.117487199848341,-35.573283444945837],[150.117361201873763,-35.573238445934301],[150.117183203906023,-35.573202445918206],[150.117018203934521,-35.573179452903346],[150.116860204960403,-35.573168453889188],[150.116836207964326,-35.573166454887044],[150.116688212987953,-35.573160448873821],[150.116527211011856,-35.573167448859522],[150.116368216035653,-35.573172450845391],[150.116173214064418,-35.573182453828068],[150.115975217092114,-35.573203446810581],[150.115771223119992,-35.573230454792586],[150.115583221145386,-35.573257453776009],[150.115337232179002,-35.573289463754314],[150.115337231179012,-35.573289463754314],[150.115114234214019,-35.57328446173441],[150.114976234236678,-35.573274466722047],[150.114976233236661,-35.573274466722047],[150.114829233261219,-35.573260464708859],[150.114829233261219,-35.573260463708856],[150.114707242282947,-35.573238466697845],[150.114560242309722,-35.573207468684537],[150.114424240336604,-35.573163463672124],[150.11429124236335,-35.573116465659957],[150.114176243389494,-35.573053466649291],[150.114079244411812,-35.572998463640275],[150.114000235431348,-35.572943469632868],[150.113905244457044,-35.572860471623848],[150.11384724747586,-35.572786465618194],[150.113775249506432,-35.572640468610778],[150.113775248506442,-35.572640468610778],[150.113700248540994,-35.572468468602942],[150.113639248574032,-35.572291465596322],[150.11360324959864,-35.572148472592154],[150.113584246620917,-35.572003471589483],[150.113585241641459,-35.571848466588513],[150.113594242664476,-35.571665466588101],[150.113602247683275,-35.571515464587804],[150.113602247683275,-35.571515463587794],[150.113600240706518,-35.571343463586473],[150.113606237724952,-35.571198471586023],[150.113598232744607,-35.571060471584389],[150.113580238759482,-35.570969972582169],[150.113562243774311,-35.570879470579953],[150.113562242774293,-35.570879470579953],[150.113488236800151,-35.57077146357264],[150.113390242828046,-35.570675468563266],[150.113289245852172,-35.570611465553839],[150.113142245880994,-35.570565471540426],[150.112979243909166,-35.570542469525748],[150.112797247936697,-35.570546475509566],[150.112656262955738,-35.570566474497134],[150.112481249979936,-35.570587476481691],[150.112345256997855,-35.570610477469728],[150.112193254017257,-35.570640479456394],[150.112054259034011,-35.570675474444243],[150.111871267055818,-35.57072347642827],[150.111776276065655,-35.57075947542004],[150.111579266089763,-35.570806481402812],[150.111579265089716,-35.570806481402812],[150.111393271113627,-35.570842480386489],[150.111205269137542,-35.57088047837],[150.111022279162142,-35.570907486353875],[150.111022278162153,-35.570907486353867],[150.111009108164041,-35.570908317352718],[150.110800276194482,-35.570921488334193],[150.110631278220296,-35.57092348631916],[150.110428280251341,-35.570925485301089],[150.110333780266956,-35.570917489292619],[150.110239283282596,-35.570909493284141],[150.110239282282606,-35.570909493284148],[150.109980286326135,-35.570882493260896],[150.109810293357157,-35.570846493245519],[150.109676291383948,-35.570800499233265],[150.109676290383959,-35.570800499233265],[150.109585297404095,-35.570754495224861],[150.109501296424099,-35.570701500217012],[150.109409299446554,-35.570639496208393],[150.10930229647002,-35.570587496198506],[150.109205297491087,-35.57054150218957],[150.109125293507702,-35.570509500182226],[150.109048302521273,-35.570496502175281],[150.108882298550242,-35.570471502160323],[150.108766304569315,-35.570462502149937],[150.108657302585868,-35.570464500140233],[150.10850331060783,-35.570477507126618],[150.108401309620774,-35.57049850911767],[150.108285306634002,-35.57053350410758],[150.108195307641068,-35.570584509099902],[150.108090312644578,-35.570679509091185],[150.108027313642822,-35.570765509086151],[150.107982313635205,-35.570874510082874],[150.107947317617402,-35.571048501080938],[150.107943318593186,-35.571234512081823],[150.107946321574872,-35.571368514082998],[150.107980321552787,-35.571494512086879],[150.1080303215264,-35.57163451109227],[150.108036318511324,-35.57174051009352],[150.108048320485608,-35.571919511095793],[150.108082320461023,-35.572064512099793],[150.108145319434897,-35.572187507106229],[150.108192325410528,-35.572315512111281],[150.108229319386055,-35.572456506115515],[150.108262315360918,-35.572606509119481],[150.108268330343634,-35.572729504120836],[150.10824632332978,-35.57285850411975],[150.108210323318104,-35.572987504117414],[150.108154324312494,-35.573094507113147],[150.10804833431186,-35.573221508104552],[150.107943329316299,-35.573309507095786],[150.107789337327262,-35.573405511082733],[150.107789336327244,-35.573405511082726],[150.107581336347721,-35.573492514064775],[150.107407336368283,-35.573539512049607],[150.107407335368265,-35.573539512049599],[150.107232340389629,-35.573581517034306],[150.107059344412306,-35.573611518019099],[150.10688134643641,-35.573636518003411],[150.106732346456738,-35.573656516990262],[150.106576355479064,-35.573669522976473],[150.106407357503912,-35.573678521961476],[150.106222358531625,-35.573684527945041],[150.106050357557223,-35.573691527929768],[150.105870360583907,-35.573699522913799],[150.10571936260601,-35.573708531900408],[150.10571936160602,-35.573708531900408],[150.105534362632,-35.573727525884053],[150.105367363656512,-35.573736533869244],[150.105190369681537,-35.573753529853605],[150.105012371705925,-35.573776530837904],[150.1048903717234,-35.573786533827104],[150.104715376748629,-35.57379953981161],[150.104540372773357,-35.573816534796144],[150.104371382795705,-35.573844537781277],[150.104203379818529,-35.573867538766486],[150.104026385842587,-35.573891535750867],[150.103856383867196,-35.573903555735818],[150.103686389889702,-35.573931540720871],[150.103535391911123,-35.573945541707509],[150.103407394929661,-35.573954549696175],[150.103238396953031,-35.573974557681261],[150.10323839595307,-35.573974557681261],[150.103046395977714,-35.574011550664416],[150.10282239500691,-35.574051547644736],[150.102588399036165,-35.574102551624236],[150.102345402067016,-35.574152551602936],[150.10199440811067,-35.574230555572214],[150.10159141316268,-35.574306559536851],[150.101358429192601,-35.574351566516405],[150.101195419212701,-35.574389564502134],[150.101033413233495,-35.574420561487919],[150.100920421248276,-35.574440568477996],[150.100784428264063,-35.574479570466146],[150.10064742227874,-35.574527563454275],[150.100510425292953,-35.574579571442428],[150.100415433303084,-35.574613571434192],[150.100325435311362,-35.574655567426461],[150.100227431318558,-35.574714567418127],[150.100125429324436,-35.574788573409563],[150.100053439326615,-35.574855561403609],[150.099982434327046,-35.574934578397809],[150.099935435321726,-35.575028574394253],[150.099899435310078,-35.57515757439193],[150.099884438295732,-35.57528257639143],[150.09988143427617,-35.575432569392156],[150.099895434250129,-35.575611571394617],[150.099895441210123,-35.575911576396628],[150.099897440197111,-35.576006576397447],[150.09989743919715,-35.576006576397447],[150.099887444183992,-35.576116572397311],[150.099867436177732,-35.57618657239599],[150.099834439176192,-35.576236573393388],[150.099803441174515,-35.576284574390961],[150.099753440177579,-35.576319570386737],[150.099709444181428,-35.576341576382958],[150.099600441192223,-35.576386575373562],[150.099439448210006,-35.576439578359583],[150.09937644821818,-35.576451079354065],[150.09931345022639,-35.576462579348515],[150.099313449226372,-35.576462579348522],[150.099146450249037,-35.576485580333816],[150.098990449272151,-35.576492571319967],[150.098821451298505,-35.57649058130491],[150.098631450328071,-35.576488581287968],[150.098470457353159,-35.576486582273638],[150.098470456353169,-35.576486582273638],[150.098317459375835,-35.576493582260056],[150.098160464397751,-35.576510595246198],[150.098160463397789,-35.576510595246198],[150.098003458419328,-35.576530584232358],[150.097849466440124,-35.576552590218789],[150.097714468459202,-35.576565588206869],[150.097557463482474,-35.576572579192934],[150.097411466504042,-35.576579589179971],[150.097266474526521,-35.576578593167078],[150.097113467550429,-35.57657659415343],[150.096934474579086,-35.576568597137445],[150.096773472607254,-35.576543596122953],[150.096629474632806,-35.576518595109953],[150.096500473657329,-35.57648360009825],[150.096395478681046,-35.576427602088522],[150.096298479702511,-35.576378605079562],[150.096195484729975,-35.576291600069801],[150.096094478756925,-35.576206604060232],[150.096032484776345,-35.576132606054216],[150.096032483776327,-35.576132606054216],[150.095980484795575,-35.576048605049017],[150.095915487816256,-35.575968602042693],[150.095844484840796,-35.575866601035692],[150.095774485864553,-35.575769611028811],[150.095715484884323,-35.575689607023016],[150.095668487900781,-35.575620603018372],[150.095619490918978,-35.575540609013473],[150.095578490936248,-35.575458606009278],[150.09552548796097,-35.575334608003715],[150.095464487983833,-35.575233610997607],[150.095396488004184,-35.575159613991055],[150.095318493024735,-35.575095610983681],[150.095252491041038,-35.575049607977505],[150.095132491066266,-35.574999614966487],[150.094982497094861,-35.574958613952852],[150.094847499116185,-35.574954614940808],[150.094711498133279,-35.574983612928904],[150.094580498148815,-35.575018616917468],[150.094495502154871,-35.575071619910268],[150.094424497153824,-35.575161617904556],[150.094397506144219,-35.575264603902831],[150.094394502126022,-35.575404611903515],[150.094455500092607,-35.575584616910156],[150.094490503070944,-35.57570661691409],[150.094535501046806,-35.575835616918958],[150.094596500022618,-35.57594661792514],[150.094640502998089,-35.576079615929956],[150.094657496980631,-35.576190615932205],[150.094657497980648,-35.576190615932205],[150.094675504958786,-35.576333608934775],[150.094675502937605,-35.576492611935848],[150.094651496923035,-35.576629606934624],[150.094595497914725,-35.576756616930496],[150.094523506910235,-35.576873613924882],[150.094452502907586,-35.576975614919256],[150.09436250390786,-35.577077614911921],[150.094255508911147,-35.577176612903067],[150.09414152191124,-35.577307610893797],[150.094033514913235,-35.577417616884937],[150.093924511911126,-35.577559613876183],[150.093847509908471,-35.577668614870056],[150.093788516901014,-35.577792612865643],[150.093752516888571,-35.577927618863349],[150.093747513871307,-35.57806260686381],[150.093753518853333,-35.578190612865207],[150.093770512836414,-35.578297614867445],[150.093770513836432,-35.578297614867445],[150.093818514815013,-35.578402618872417],[150.093883510785531,-35.578548614879189],[150.093935518760048,-35.578679613884695],[150.093981511739486,-35.578780610889467],[150.094034514715588,-35.578898621894979],[150.094094517689541,-35.579024609901161],[150.094094518689531,-35.579024609901161],[150.094180507658365,-35.579158620909723],[150.094289499620487,-35.5793166109205],[150.094335004603408,-35.579392109925045],[150.094380508586312,-35.579467608929605],[150.094380509586301,-35.579467608929605],[150.094453510557571,-35.579598598936983],[150.094501502533888,-35.579720606942082],[150.094554505509734,-35.579840607947595],[150.094587509482892,-35.580003607951625],[150.094594511461167,-35.580158603953294],[150.09459451046115,-35.580158603953294],[150.094586507442671,-35.580306607953588],[150.094586506442624,-35.580306607953581],[150.09457650843612,-35.580367105953087],[150.094566509429626,-35.580427602952618],[150.094503520425292,-35.58053260694772],[150.094431522423321,-35.580630608941973],[150.094291523436652,-35.580692603929926],[150.094132520459709,-35.580703601915836],[150.093957526490044,-35.580678609900104],[150.093802521519535,-35.580636613886014],[150.093641528553178,-35.580570611871238],[150.093536533578174,-35.580504609861457],[150.093438529602622,-35.580434619852262],[150.093304536637049,-35.580331623839641],[150.093210530662333,-35.580250615830728],[150.093121535690358,-35.580143621822081],[150.093077034706539,-35.580073622817658],[150.093032532722731,-35.58000362281323],[150.093032531722713,-35.580003622813223],[150.092985533739068,-35.579935621808588],[150.092938536755383,-35.579867621803942],[150.092839522789063,-35.579729621794208],[150.092742533819319,-35.579614622784796],[150.092742532819329,-35.579614622784796],[150.092652536848306,-35.57950163177604],[150.092652535848288,-35.579501631776033],[150.092614035860834,-35.579452127772271],[150.092575536873397,-35.579402624768505],[150.092476539903998,-35.57928762575893],[150.092395541924361,-35.579228624751316],[150.092277540950278,-35.579170627740417],[150.092125548980221,-35.579121630726561],[150.091950537012565,-35.579081633710707],[150.091788550043447,-35.579037628696014],[150.091620556073082,-35.579009633680862],[150.091482556095571,-35.579000633668542],[150.091311560122591,-35.578995631653271],[150.091150558147575,-35.578994635638928],[150.090958559177324,-35.578993640621839],[150.090747566209586,-35.578995638603075],[150.090518573245163,-35.578993639582691],[150.090290574280999,-35.578988645562369],[150.090050583318032,-35.57898864554101],[150.089850579349132,-35.578986645523187],[150.089850578349143,-35.578986645523187],[150.08958658139133,-35.578975646499622],[150.0894275884161,-35.578973647485448],[150.089227593448413,-35.578962656467588],[150.089071593473022,-35.578958658453679],[150.08894459249305,-35.57895565544235],[150.088754601520577,-35.57896865242553],[150.088618600540116,-35.578979659413505],[150.08846260056373,-35.578982662399646],[150.088335608582952,-35.578985665388366],[150.088202609601581,-35.578999657376627],[150.088063614620353,-35.579019664364388],[150.087935609637441,-35.579039663353129],[150.087823613651892,-35.579060665343306],[150.087679616670357,-35.579088668330691],[150.087610119679368,-35.579101665324586],[150.087540621688333,-35.579114663318499],[150.087540620688344,-35.579114663318499],[150.087390626706309,-35.579153665305405],[150.087159625733506,-35.579216673285273],[150.087159624733516,-35.579216673285266],[150.086792630776642,-35.579317669253285],[150.086308639832509,-35.579458680211182],[150.085954652874307,-35.579554684180316],[150.085954651874317,-35.579554684180316],[150.0856446509124,-35.579627686153231],[150.085432653938398,-35.579677678134708],[150.085204663966948,-35.579727688114772],[150.085000661994229,-35.579758694096824],[150.084797665023444,-35.579774694078857],[150.084797664023455,-35.579774694078857],[150.084607673052744,-35.579774694061953],[150.084443678077776,-35.579776692047375],[150.084254664108272,-35.579766706030497],[150.084054678141797,-35.579746698012556],[150.08384968217581,-35.579728697994206],[150.083656688210738,-35.579689703976776],[150.083656687210777,-35.579689703976769],[150.083505690235938,-35.579675701963247],[150.083363692261429,-35.579648710950437],[150.083230694287153,-35.579609707938339],[150.083094694314269,-35.579563704925931],[150.08292769634815,-35.579502704910659],[150.082927696348179,-35.57950270391067],[150.082747700384459,-35.579438709894212],[150.082534708425925,-35.579373711874837],[150.082334704466149,-35.579303710856571],[150.082141711504136,-35.579241715838982],[150.081942711541274,-35.57919371282096],[150.081757714577122,-35.579138717804128],[150.081757713577133,-35.579138717804128],[150.08154871961537,-35.57909371778522],[150.08133972565372,-35.579047714766325],[150.081184720680085,-35.579029723752406],[150.081013724709635,-35.579005716737043],[150.080838730740226,-35.578978725721285],[150.080607738779975,-35.57894771870054],[150.080398743815522,-35.578922717681777],[150.080170745853934,-35.578898720661336],[150.079960738889014,-35.578878721642511],[150.079802747915892,-35.578859725628334],[150.07959575194991,-35.578843724609818],[150.079379755984689,-35.578832724590519],[150.079379754984728,-35.578832724590526],[150.07920476000811,-35.57885972357515],[150.079042763030429,-35.578879730560878],[150.078855765058734,-35.578883727544259],[150.078855764058744,-35.578883728544263],[150.07872076708037,-35.57887773053222],[150.078507773116399,-35.578853724513102],[150.078358774144732,-35.578813726499583],[150.078189776179187,-35.578750726484131],[150.07805078120785,-35.578696726471399],[150.077913784238262,-35.578626726458744],[150.077786783269602,-35.578538726446851],[150.077664783300946,-35.578444729435375],[150.077582790324414,-35.578363729427529],[150.077476792354332,-35.578261728417431],[150.077476791354314,-35.57826172741742],[150.077336793395432,-35.578115730403987],[150.077248794421109,-35.578024727395544],[150.077168790443579,-35.577948730387916],[150.07699679949755,-35.577742728371234],[150.0768158005597,-35.57748572935342],[150.076710796597496,-35.577323722342975],[150.076586799649249,-35.577078726330321],[150.076514801681043,-35.576923720322867],[150.076454797711364,-35.576765720316459],[150.076428793733356,-35.576630713313243],[150.076415805746393,-35.576547724311524],[150.076431797754054,-35.576471719312437],[150.076436799762888,-35.576399720312388],[150.0764708007666,-35.57633272331497],[150.07653579876748,-35.576250720320196],[150.076584796765644,-35.57620772032427],[150.07666179675951,-35.57616472033083],[150.076661797759499,-35.57616472033083],[150.076782793746702,-35.576120716341286],[150.076937790727328,-35.576086716354844],[150.077122789700411,-35.57607471337122],[150.077275786678143,-35.576064719384767],[150.077275787678161,-35.576064719384767],[150.077507784642336,-35.576064710405412],[150.077700779614872,-35.576047715422447],[150.077890771587164,-35.576035713439275],[150.078098772556928,-35.576021712457667],[150.078289768530823,-35.575996711474502],[150.078430763511477,-35.575978712486915],[150.078574760492728,-35.575952708499557],[150.078574761492746,-35.57595270849955],[150.078663764482997,-35.575922705507274],[150.078796763472894,-35.575844719518564],[150.078796764472855,-35.575844719518571],[150.078865760474372,-35.5757537075241],[150.078912759486826,-35.575605702527284],[150.078912760506284,-35.575459706526303],[150.078912760506284,-35.575459705526306],[150.07888875653731,-35.575254698522791],[150.078816758571321,-35.575082706515232],[150.078711755610726,-35.574908705504711],[150.078591763649513,-35.574756702493019],[150.078448761689799,-35.574619704479382],[150.078322764721463,-35.574527697467545],[150.078179762755667,-35.574436703454218],[150.078046763784158,-35.574376698441981],[150.07786476882103,-35.574310705425354],[150.07786476782104,-35.574310705425347],[150.07773577684452,-35.574283705413698],[150.077561776880401,-35.574215703397769],[150.077446777904953,-35.574164707387204],[150.077089777977363,-35.57403470135457],[150.076846783028003,-35.573935702332271],[150.076591793076659,-35.573865702309135],[150.07649629209385,-35.573847205300517],[150.076400789111062,-35.573828707291895],[150.076400788111044,-35.573828707291888],[150.076232794138548,-35.573816704276886],[150.0760288001687,-35.573826707258803],[150.075845800192752,-35.57385770524273],[150.075667802213161,-35.57391070822726],[150.075493810230938,-35.573978709212248],[150.075404806235611,-35.574046710204769],[150.07532281223348,-35.574157711198232],[150.07527881621948,-35.574313712195369],[150.075277811199499,-35.574464710196303],[150.075287814175567,-35.574632714198323],[150.075300811154904,-35.574772723200418],[150.075301814140374,-35.574880721201225],[150.075290815129279,-35.574976716200908],[150.075253820122441,-35.575070722198241],[150.075183819117939,-35.575185721192788],[150.075120820114421,-35.575284719187856],[150.075032820118452,-35.575356718180515],[150.074912827126809,-35.575432724170348],[150.074790827136695,-35.575499720159961],[150.0746688351486,-35.575551720149456],[150.074531829161458,-35.575613724137682],[150.074375828176841,-35.575678721124248],[150.07419983819463,-35.575748730109076],[150.074059838209081,-35.575802729096985],[150.073921836222098,-35.575864732085137],[150.073739840240279,-35.575938730069431],[150.073581849255476,-35.576007734055864],[150.073423849271563,-35.576069729042231],[150.073311853279677,-35.576138734032718],[150.073189852288607,-35.576212731022366],[150.073057857294714,-35.576319734011363],[150.072958858298364,-35.576406738003136],[150.072848860301349,-35.576511732994064],[150.072772863302845,-35.576588733987812],[150.072675871296752,-35.576746750980263],[150.072640867295632,-35.576795738977488],[150.072557877280445,-35.577005737971511],[150.072505867270223,-35.577142743967805],[150.072459872261845,-35.577258737964499],[150.072431868240187,-35.577453740963328],[150.072431867240198,-35.577453740963328],[150.072423871210674,-35.577684742964152],[150.072423870210656,-35.577684742964152],[150.07242687319436,-35.577803739965233],[150.072411875169848,-35.578004748965256],[150.072382875154602,-35.57815274396367],[150.072343872140635,-35.578302746961214],[150.07227287613,-35.578464744955987],[150.072185880121424,-35.578629744949346],[150.072097880114626,-35.578782750942565],[150.072039882110658,-35.578879758938051],[150.071926891116618,-35.578965749928585],[150.071926890116629,-35.578965749928585],[150.071821886128021,-35.579001748919488],[150.07163089015242,-35.579039746902765],[150.071431898180464,-35.57905975388519],[150.071259897203504,-35.579085748870078],[150.071259896203543,-35.579085748870078],[150.071188401213931,-35.579090247863761],[150.071116903224379,-35.579094747857432],[150.070991900242859,-35.579100752846351],[150.07086990926274,-35.579092747835446],[150.070742907284085,-35.579079749824068],[150.070610912305767,-35.579069753812277],[150.070464924329059,-35.579063756799243],[150.070341912352319,-35.579031754788097],[150.070131912388547,-35.579002755769238],[150.069922917425231,-35.578969758750425],[150.069922916425213,-35.578969758750432],[150.06972292145889,-35.578948754732494],[150.069531925490736,-35.578930754715401],[150.069331930523049,-35.578919754697544],[150.069181935548727,-35.57890075068407],[150.069039937573564,-35.578878761671298],[150.069039936573546,-35.578878761671298],[150.068925933594898,-35.578850757660966],[150.06892593259488,-35.578850757660973],[150.068784938623679,-35.57879776264808],[150.068491941681941,-35.578699757621379],[150.068329944713724,-35.578648761606637],[150.068162945745854,-35.578600758591449],[150.068046951765098,-35.578590754581072],[150.067994449773067,-35.578591758576415],[150.067941947781037,-35.578592761571755],[150.067941946781048,-35.578592761571755],[150.067817957800571,-35.578589758560717],[150.067718958817011,-35.578580758551844],[150.067602955835838,-35.578573765541485],[150.067503957853404,-35.578556760532564],[150.067406958872596,-35.578524759523738],[150.067194959911205,-35.578480763504587],[150.067012964946031,-35.578429766488071],[150.067012963946013,-35.578429766488071],[150.066879965976028,-35.578358762475766],[150.066812969996477,-35.578282765469304],[150.066784967013064,-35.578190759466196],[150.066790972024535,-35.578097775466091],[150.066790973024524,-35.578097775466091],[150.066809968034931,-35.577997764467113],[150.066839971045738,-35.577881762469012],[150.0669109670566,-35.577717766474223],[150.067012960062357,-35.577556764482189],[150.067111959065301,-35.57741975949007],[150.067210958068955,-35.577277761497918],[150.067252960069595,-35.577224259501293],[150.067294960070257,-35.57717075850465],[150.067294961070246,-35.57717075850465],[150.067411950071005,-35.577029755514125],[150.06751494707072,-35.576912748522489],[150.067633945069758,-35.576781758532178],[150.067750944070781,-35.576638756541627],[150.067872945070604,-35.576498757551533],[150.067988940068687,-35.576378756561041],[150.068110940067328,-35.576247757570997],[150.068211938068686,-35.576120756579122],[150.068325934068554,-35.57598974758838],[150.068421930072645,-35.575847749595965],[150.068461932074797,-35.575785249599107],[150.068501934076949,-35.575722747602235],[150.068501935076966,-35.575722747602235],[150.068560927082785,-35.575610751606725],[150.068597940090115,-35.575512747609352],[150.068609433096015,-35.575455248609991],[150.068620924101907,-35.575397749610623],[150.068620925101925,-35.575397749610623],[150.068632928115534,-35.575281737610915],[150.068655930129438,-35.575150746612081],[150.068635914147819,-35.575035747609519],[150.068621339157829,-35.574977418607844],[150.068606593161576,-35.574966437606449],[150.068604819164079,-35.574949675606192],[150.068602031166733,-35.57493299360582],[150.068598284169497,-35.574916553605377],[150.068593587172359,-35.574900561604849],[150.068585439176303,-35.574880311603991],[150.068575103180507,-35.57486074360294],[150.06856330718486,-35.574841668601756],[150.06855087418927,-35.574822906600524],[150.068538566193666,-35.574804270599323],[150.068486692211195,-35.574732854594217],[150.068427064229326,-35.574665624588469],[150.068361744247795,-35.574602454582227],[150.068292784266362,-35.574543247575697],[150.068222211284592,-35.574487885569056],[150.068222210284574,-35.574487885569056],[150.068119492309677,-35.574418468559458],[150.068009361334788,-35.574357755549258],[150.06789418335967,-35.574304249538649],[150.06789418235968,-35.574304249538649],[150.067776360384187,-35.574256435527857],[150.067658278408231,-35.574212780517072],[150.067658277408242,-35.574212780517058],[150.067550925429629,-35.574176475507272],[150.067441735450757,-35.574144053497356],[150.067331191471567,-35.574116031487343],[150.067219804491828,-35.574092922477277],[150.067108086511411,-35.574075226467237],[150.066977230533382,-35.574061816455504],[150.066977229533393,-35.574061816455504],[150.06684481355461,-35.574055631443692],[150.066711806575086,-35.574056159431869],[150.066711805575039,-35.574056159431869],[150.066579174594636,-35.574062873420139],[150.066447869613228,-35.574075225408535],[150.066317183630787,-35.574094793397045],[150.066187169647236,-35.574121864385674],[150.066057881662886,-35.574154287374398],[150.065929292677936,-35.574189892363208],[150.065801412692764,-35.574226545352083],[150.065670519707822,-35.5742653593407],[150.065540272722359,-35.574306835329402],[150.065410832736461,-35.574350902318209],[150.065346578743288,-35.574374212312634],[150.065282324750115,-35.574397523307091],[150.065282323750097,-35.574397523307098],[150.065154945763169,-35.574446636296102],[150.065032586775175,-35.574498304285562],[150.064911769786391,-35.574553818275213],[150.064791607797332,-35.574611008264903],[150.064671229808368,-35.574667714254581],[150.064549740819899,-35.574721758244145],[150.064475841827118,-35.574752908237791],[150.064401753834488,-35.574783609231417],[150.064327460841895,-35.574813881225005],[150.064253005849395,-35.574843704218601],[150.064187326855091,-35.574877166212971],[150.064157010857599,-35.574893579210389],[150.064157009857581,-35.574893579210389],[150.064126496860155,-35.574909652207786],[150.064095794862794,-35.574925374205158],[150.064064913865479,-35.574940730202513],[150.064033871868304,-35.574955717199856],[150.063902441880913,-35.575013257188573],[150.063767237895036,-35.57506373317689],[150.063629389910375,-35.575108221164932],[150.063490053926614,-35.575147797152823],[150.063490052926596,-35.575147797152823],[150.063350348943374,-35.575183518140641],[150.063134451970797,-35.575227944121735],[150.062914969000474,-35.575259075102444],[150.062693307031822,-35.575280652082881],[150.062470893064017,-35.575296410063231],[150.062249133096401,-35.5753100800436],[150.061981388136502,-35.57531911601987],[150.061712998178166,-35.575317044996012],[150.061712997178148,-35.575317044996005],[150.061444294220507,-35.575310464972077],[150.061444293220518,-35.575310464972077],[150.061175652262534,-35.57530595594816],[150.06090740530334,-35.575310087924358],[150.060747524327269,-35.575315752910178],[150.060587436351199,-35.575321498895995],[150.060427545374779,-35.575329467881836],[150.060268246397726,-35.575341828867757],[150.060109969419642,-35.575360715853812],[150.060005252433598,-35.575377056844623],[150.059900759447231,-35.575395666835462],[150.059796642460498,-35.575416516826344],[150.059693037473409,-35.575439562817301],[150.059672771475874,-35.575444530815524],[150.059590094485969,-35.575464795808308],[150.059590094485969,-35.575464796808305],[150.059454890501968,-35.575501198796537],[150.059356098513661,-35.575527794787952],[150.059344795515187,-35.575529470786954],[150.059333518516695,-35.575531308785962],[150.059322259518154,-35.57553332578496],[150.059311045519564,-35.575535521783998],[150.059299876520981,-35.575537896783011],[150.05925049452668,-35.575552310778733],[150.059202258531485,-35.575571888774562],[150.059154669535872,-35.575594378770489],[150.059107204540112,-35.575617559766428],[150.059059382544604,-35.57563913576233],[150.059059381544643,-35.57563913576233],[150.058952889555343,-35.575681884753145],[150.058845716566367,-35.575723136743896],[150.058738632577359,-35.57576454173465],[150.058632391587992,-35.575807702725506],[150.058527754597947,-35.575854288716528],[150.058365076611437,-35.575941355702646],[150.058207740622606,-35.576039949689331],[150.058052009633059,-35.576141842676165],[150.058052008633041,-35.576141842676158],[150.057894117644508,-35.576238787662803],[150.057730318658599,-35.576322547648807],[150.057580753673221,-35.57638621763595],[150.057428115688936,-35.576445093622773],[150.057273065705857,-35.576497451609363],[150.057116222724204,-35.57654155359571],[150.057116222724204,-35.576541554595714],[150.056958196744006,-35.576575661581892],[150.056810774763761,-35.576598188568944],[150.056661246784813,-35.576613202555755],[150.056510750807035,-35.576620750542439],[150.056360415830198,-35.576620884529085],[150.056211389854184,-35.576613632515787],[150.05606784987819,-35.576599711502936],[150.055924049903126,-35.576578968490026],[150.055781146928837,-35.576551269477143],[150.055640268955187,-35.57651646246439],[150.05550255498207,-35.576474421451856],[150.055342324015299,-35.576410454437195],[150.055186800049682,-35.57633227942285],[150.055034179084743,-35.576245589408707],[150.054882661120047,-35.576156075394643],[150.054730435155079,-35.576069447380533],[150.054529095200962,-35.575958034361896],[150.054329002246959,-35.575844317343346],[150.054129598293031,-35.575729354324871],[150.053930276339145,-35.575614221306374],[150.053730469385158,-35.575499966287857],[150.053573868421211,-35.575410721273336],[150.053417447457235,-35.575321135258854],[150.053260846493288,-35.575231890244318],[150.053103708529278,-35.575143640229768],[150.05310370752926,-35.575143640229776],[150.052945682565166,-35.575057030215149],[150.05279801059794,-35.574982011201527],[150.052647854630578,-35.574910972187695],[150.052498111663169,-35.57483947517391],[150.052351702695944,-35.574763084160395],[150.052211533728922,-35.574677371147367],[150.052211532728933,-35.574677371147367],[150.052120566751285,-35.57461526913886],[150.052030416773732,-35.574550979130429],[150.052030415773714,-35.574550979130429],[150.051942703796215,-35.574483561122179],[150.051859078818637,-35.574412101114262],[150.051781163840815,-35.574335674106834],[150.051717026860757,-35.574260269100634],[150.051658420880472,-35.574179719094886],[150.051602762900188,-35.574096363089367],[150.051547491919905,-35.574012568083887],[150.051490023939635,-35.573930701078254],[150.051467353947174,-35.573900250076029],[150.051444566954757,-35.573869880073808],[150.051398895969839,-35.573809212069328],[150.051376108977394,-35.573778833067095],[150.051315019997134,-35.573701797061155],[150.051251421017014,-35.573625909054989],[150.051189246036756,-35.573549329048966],[150.051132451056077,-35.573470151043381],[150.051084977074566,-35.5733865170386],[150.051043815094744,-35.573282365034245],[150.051014225113988,-35.573172252030872],[150.050992559132425,-35.573058544028186],[150.050975169150433,-35.572943573025874],[150.050958397168159,-35.572829677023613],[150.050933980190877,-35.572687500020479],[150.050909472213959,-35.572542651017329],[150.050892091235824,-35.572398018014816],[150.05088911525516,-35.572256495013598],[150.050907760270292,-35.57212097801434],[150.050945741278809,-35.572013088016995],[150.051000636284158,-35.571909474021169],[150.051064379287794,-35.571807922026153],[150.051128929291394,-35.571706199031198],[150.051186227296398,-35.571602100035584],[150.051252713303626,-35.571470904040609],[150.051321404310642,-35.571338542045822],[150.051384690318685,-35.571204702050551],[150.051434987329003,-35.571069077054091],[150.051464694342769,-35.570931355055812],[150.051476831355131,-35.57082424505618],[150.051484791368978,-35.570710887056116],[150.051482891384154,-35.570599196055198],[150.051465429400423,-35.570497088052946],[150.051426714417659,-35.570412486048944],[150.05138741643006,-35.570364654045136],[150.051340068443267,-35.570320525040628],[150.051287055456669,-35.570281335035652],[150.051230752469735,-35.570248294030435],[150.051173553481959,-35.570222657025184],[150.051114274493187,-35.570207024019815],[150.051051490503738,-35.570200659014198],[150.050986690513867,-35.570199593008425],[150.05098668951382,-35.570199593008425],[150.050921396523847,-35.570199817002639],[150.050857115534143,-35.570197342996892],[150.050765978549322,-35.570188799988735],[150.05067486856467,-35.570179100980582],[150.050583749579943,-35.570169876972429],[150.050492612594951,-35.570162759964276],[150.050401431609487,-35.570159380956163],[150.050226955635395,-35.570166802940712],[150.050052409659429,-35.570188441925353],[150.049877736682475,-35.570217735910035],[150.049702956705403,-35.570248185894705],[150.049528050729009,-35.570273284879342],[150.049381148749006,-35.570293300866425],[150.049233932768686,-35.570315988853501],[150.049160346778706,-35.570326135847033],[150.049086761788686,-35.570336282840572],[150.049086760788697,-35.570336282840572],[150.048939966809627,-35.57034905682761],[150.048793898832088,-35.570349226814642],[150.048750369839212,-35.570346555810751],[150.04870683984629,-35.570343883806871],[150.048706838846272,-35.570343883806871],[150.048619314860787,-35.570336246799037],[150.048532282875698,-35.570324960791233],[150.048446703891074,-35.570308654783524],[150.048363526906968,-35.570285949775972],[150.048286955922066,-35.57026085076901],[150.048209085937884,-35.570232452761907],[150.048134074953936,-35.57019888275503],[150.048066037969818,-35.570158275748696],[150.048009116985185,-35.570108776743304],[150.047971736997567,-35.570058936739635],[150.047971735997606,-35.570058936739635],[150.047941465009785,-35.570002266736587],[150.047915963021808,-35.569941401733907],[150.047915962021818,-35.569941401733907],[150.047892871033696,-35.569878985731435],[150.047869870045361,-35.569817698728968],[150.047820917072983,-35.56966717672362],[150.047786352099052,-35.569510961719509],[150.047786351099091,-35.569510961719502],[150.047759800124368,-35.569351573716062],[150.047734907149533,-35.569191432712778],[150.047705308175182,-35.569033057709085],[150.047655862216885,-35.568776590702981],[150.04761152625818,-35.568517558697287],[150.047562824300002,-35.568260204691228],[150.047500201343098,-35.568008774683975],[150.047414164388442,-35.567767518674707],[150.04735962741492,-35.56763208266895],[150.047303647442192,-35.567491769663029],[150.047240773469753,-35.567357175656547],[150.047165520497174,-35.567238860649063],[150.04707240152365,-35.567147401640185],[150.046997722541562,-35.567099443633225],[150.046915118559923,-35.567057313625604],[150.046828078577761,-35.567023976617655],[150.04674010559421,-35.567002390609687],[150.046740104594221,-35.567002390609687],[150.0466546966083,-35.566995542602051],[150.046631891611639,-35.566996752600026],[150.046609105614863,-35.566999190598032],[150.046609104614845,-35.566999190598032],[150.046586336617935,-35.567002283596025],[150.046563567621035,-35.567005474594033],[150.046540772624184,-35.56700819059202],[150.046399481644272,-35.567021142579556],[150.046257553664816,-35.567031065567015],[150.046115393685938,-35.567037035554435],[150.045973394707687,-35.56703815554183],[150.045973393707669,-35.56703815554183],[150.04590266371892,-35.567035833535527],[150.045831932730124,-35.567033512529221],[150.045643706760814,-35.567021231512435],[150.045453561792641,-35.567002487495415],[150.045265119825558,-35.566973426478491],[150.045082029859515,-35.566930210461933],[150.044907911894541,-35.566868995446072],[150.044865140903596,-35.566850373442129],[150.044822368912691,-35.566831750438219],[150.044822367912673,-35.566831750438219],[150.044737102931151,-35.566791475430364],[150.044737101931162,-35.566791475430364],[150.044654104949899,-35.566747040422698],[150.044575354968657,-35.566697326415365],[150.044502844987306,-35.566641194408554],[150.044479296993842,-35.566619313406314],[150.044456743000381,-35.56659629340416],[150.044434575006903,-35.566572817402012],[150.044412174013473,-35.566549591399877],[150.044388939019996,-35.566527298397673],[150.044336571033966,-35.566483061392717],[150.044309097040951,-35.566462341390142],[150.044281622047947,-35.566441620387565],[150.044281621047958,-35.566441620387565],[150.044225005061946,-35.566402044382265],[150.044167653075931,-35.566363418376909],[150.044167652075942,-35.566363419376913],[150.04411046208989,-35.566324811371572],[150.043983926121143,-35.566236623359742],[150.043855955152651,-35.566148238347779],[150.043725439183874,-35.566064730335633],[150.043725438183856,-35.566064730335633],[150.043591238214333,-35.565991118323225],[150.043452250243575,-35.565932494310488],[150.043452250243575,-35.565932493310477],[150.043380574257725,-35.56590908930395],[150.043307678271731,-35.565888444297343],[150.043233922285481,-35.565870660290663],[150.043159637298913,-35.565855780283961],[150.043085173311965,-35.565843911277284],[150.043085191311974,-35.565843813277283],[150.04271528137329,-35.565811909244211],[150.042396287428971,-35.565762912215554],[150.042095283491904,-35.565638922187986],[150.041797282572162,-35.565380921159807],[150.04150829065091,-35.565123924132415],[150.04150828965092,-35.565123924132415],[150.041170283744407,-35.564812929100299],[150.040939281821778,-35.564498931077672],[150.040729290895285,-35.56418992605694],[150.04042128798784,-35.563850937027311],[150.040165294058454,-35.563616933002997],[150.039812291150383,-35.56333493696976],[150.039482299243417,-35.563017944938338],[150.039168299316998,-35.562828939909174],[150.038777307407997,-35.562597948872906],[150.038777306408008,-35.562597948872906],[150.038361305513803,-35.562284954833871],[150.037977314600653,-35.562076955798375],[150.037642311680486,-35.561864958767202],[150.037335311752031,-35.561682963738718],[150.037136309802719,-35.561532385720049],[150.037072317819053,-35.561483964714029],[150.037072316819035,-35.561483963714039],[150.036715325897632,-35.561306962681158],[150.03632033497621,-35.56117397364519],[150.035932328052013,-35.56105397260994],[150.035537338125806,-35.560956973574207],[150.035174339182987,-35.560947973541921],[150.034877344211878,-35.561074983516413],[150.034877343211889,-35.561074983516406],[150.034480354255805,-35.561204977482056],[150.034250365285033,-35.561251975461936],[150.033896359349313,-35.561178981430025],[150.033574364419422,-35.561024989400408],[150.033574363419433,-35.561024989400408],[150.033224365494647,-35.560864992368266],[150.032859369572208,-35.560704995334781],[150.03257137463072,-35.560598996308514],[150.032263380697088,-35.560456998280216],[150.031938382759847,-35.560361998250727],[150.03161539182625,-35.560237004221207],[150.031316397877021,-35.560202009194448],[150.031003401927137,-35.560188007166573],[150.030658404969813,-35.560267005136474],[150.030658403969824,-35.560267005136474],[150.030390407996521,-35.560377010113427],[150.030390406996531,-35.56037701011342],[150.030108418026344,-35.560480014089102],[150.029833420053308,-35.560596016065467],[150.029589429084012,-35.560648016044155],[150.029348423125839,-35.560613011022532],[150.029081430179502,-35.560519014998206],[150.028885432225024,-35.560404015980048],[150.028668432271616,-35.560305018960122],[150.028478961307542,-35.56025449694296],[150.028428439317139,-35.560241024938385],[150.028428438317121,-35.560241024938385],[150.028222446352629,-35.560213011919913],[150.028001447385265,-35.560224027900375],[150.027868449390581,-35.560338022889347],[150.027664455404903,-35.560467021872093],[150.027494453410753,-35.560620026858054],[150.027312457423989,-35.560732021842639],[150.02715246843519,-35.560833027829133],[150.027152467435201,-35.560833027829126],[150.026971466454455,-35.560898024813497],[150.02677047648308,-35.560916032795788],[150.026545470526116,-35.560853034775398],[150.026342489572073,-35.560743028756647],[150.02611847962055,-35.560638033736055],[150.025873484673099,-35.560527032713566],[150.025873483673109,-35.560527032713566],[150.025604483724635,-35.560451036689201],[150.025302485786256,-35.560338036661641],[150.025022494847349,-35.560203039635866],[150.024935020872903,-35.560112515627495],[150.02485049389756,-35.560025042619429],[150.02485049389756,-35.560025041619419],[150.024738487945541,-35.559794032607918],[150.024811489964947,-35.559563040612844],[150.02495347996728,-35.559381045624221],[150.025174477960292,-35.559177045642457],[150.025421470939364,-35.559048045663509],[150.025421471939353,-35.559048045663509],[150.025726462909859,-35.558916043689699],[150.026081454875595,-35.558762043720144],[150.026372453854492,-35.558583043744768],[150.026372453854492,-35.558583042744772],[150.026616453848646,-35.558344038764815],[150.026667440871478,-35.558113037767782],[150.026610437902178,-35.557948038761616],[150.026458443945558,-35.557798044747116],[150.026248443991506,-35.557696043727802],[150.026017441043365,-35.557574043706481],[150.025785443093042,-35.557469039685174],[150.025574448133312,-35.557411042666075],[150.02529244918847,-35.557323052640449],[150.024982455247311,-35.557240054612393],[150.024982454247322,-35.557240054612393],[150.024684455302037,-35.557174052585502],[150.024359464360884,-35.557108050556231],[150.024098468409761,-35.557043052532634],[150.023829466459915,-35.556978053508324],[150.023597468505756,-35.556902057487214],[150.023380467555427,-35.556780057467158],[150.023164469604808,-35.556659061447171],[150.023021474650648,-35.556480060433273],[150.022928472687568,-35.556310068423876],[150.022943468715397,-35.556083065423678],[150.023014462728241,-35.555904064428773],[150.023133459729678,-35.555755066438337],[150.023246459734338,-35.55558906344725],[150.023415448723938,-35.555471062461436],[150.023415449723956,-35.555471062461436],[150.02359844971221,-35.555347064476848],[150.023761441709667,-35.555177072490174],[150.023896439714775,-35.554982062500834],[150.023983434732855,-35.554745065506957],[150.023955430763465,-35.554547060503133],[150.023834433808048,-35.554352067491088],[150.023624432855854,-35.554236064471667],[150.023624431855836,-35.554236064471667],[150.023341437907447,-35.554176068446161],[150.023056444952289,-35.554169066420812],[150.023056443952271,-35.554169066420805],[150.022757439997065,-35.554179069394365],[150.022385450049484,-35.554216071361608],[150.022092452093204,-35.554227069335688],[150.021728449145854,-35.554253073303563],[150.021358459205686,-35.554232087270599],[150.020982462269615,-35.554187078236929],[150.020676465316967,-35.554186082209782],[150.020398473361411,-35.554174079185039],[150.020398472361421,-35.554174079185039],[150.020374970365395,-35.554171331182943],[150.020150473403504,-35.554145080162854],[150.019854473460299,-35.554061096136024],[150.019609480499781,-35.554048089114197],[150.019462481524982,-35.554029085101028],[150.019462480524993,-35.554029085101028],[150.01934748754482,-35.554013089090716],[150.019232493564658,-35.553997093080412],[150.019049494600324,-35.553941086063794],[150.018911494629322,-35.553883089051162],[150.018766502664818,-35.553784092037631],[150.018610503702007,-35.55368509402313],[150.018478499734044,-35.553597095010822],[150.01839149575892,-35.553511094002523],[150.018332512782848,-35.553399098996543],[150.018317488797663,-35.553305093994581],[150.018311499814388,-35.553186096993237],[150.018328494826648,-35.553074101994],[150.018343499838949,-35.552964095994597],[150.018354498850528,-35.552864093994891],[150.018355492861048,-35.552784099994447],[150.018329487876315,-35.552699094991574],[150.018286487890663,-35.552641097987355],[150.018201491913175,-35.552570094979345],[150.018201490913157,-35.552570094979345],[150.018053496946209,-35.552493102965691],[150.017904498977828,-35.552428104952035],[150.017759499001784,-35.552416102939091],[150.017759498001794,-35.552416102939098],[150.017617510021267,-35.552434101926629],[150.017458508044598,-35.55244310191258],[150.017326514065331,-35.55244010790085],[150.017162519092608,-35.552425110886198],[150.017039516117165,-35.552383105874995],[150.016896523151132,-35.552293107861708],[150.016819523173098,-35.552217110854379],[150.016754525195068,-35.552127112848019],[150.016677524224747,-35.551993110840279],[150.016615520252373,-35.551857109833854],[150.016556519277316,-35.551738112827834],[150.016504519299218,-35.55163309982251],[150.016504518299229,-35.55163309982251],[150.01644351932552,-35.551506116816242],[150.016385522346383,-35.551416109810489],[150.016340523362487,-35.551347113806024],[150.016340522362469,-35.551347113806031],[150.016276520382064,-35.551274111799856],[150.016211522404319,-35.551182114793484],[150.016146524427853,-35.55108011378703],[150.016050520450108,-35.551024115778141],[150.015922524477389,-35.550967113766404],[150.015791526501857,-35.550935121754563],[150.015608536532966,-35.550913123738191],[150.015450538560657,-35.550888122724004],[150.015292540587922,-35.550866124709849],[150.015117546615471,-35.550862126694291],[150.014982550635835,-35.550865120682346],[150.014891052649688,-35.550867123674244],[150.014799552663533,-35.550869127666147],[150.014799551663515,-35.550869127666139],[150.014646546681035,-35.550915130652875],[150.014434559706018,-35.550973126634474],[150.014223567732273,-35.55102013361607],[150.014033577754134,-35.551076131599601],[150.013805580781963,-35.551131134579734],[150.013628587799559,-35.551204136564543],[150.013442595819839,-35.551267135548464],[150.013217593844303,-35.551344135529028],[150.013217592844313,-35.551344135529028],[150.01304259986162,-35.551417137513994],[150.012864612878928,-35.551493142498728],[150.012676612900748,-35.551547141482423],[150.012532615920577,-35.551565141469766],[150.012383617938895,-35.551600145456796],[150.012260623954148,-35.55162813944608],[150.01211662896651,-35.551702146433804],[150.012116627966492,-35.551702146433797],[150.011948635986272,-35.551748148419207],[150.01174264501222,-35.551792143401237],[150.011592643031236,-35.551823150388145],[150.011445653048838,-35.551861148375366],[150.011265657076081,-35.55186515535943],[150.011050657110786,-35.551853152340279],[150.010898665138484,-35.551821150326589],[150.010797659162677,-35.551756152317196],[150.010718660188928,-35.551650154309471],[150.010644663218159,-35.551516160302015],[150.010644662218141,-35.551516160302015],[150.010584667240011,-35.551421160296051],[150.010576662260746,-35.551274160294341],[150.010580668275452,-35.551159152293934],[150.01059865828725,-35.551049155294798],[150.010627656292968,-35.550972155296847],[150.010639650304682,-35.550870154297229],[150.010645655315159,-35.550784154297169],[150.010668656327425,-35.550665157298404],[150.01067965533889,-35.550566159298718],[150.01069264335294,-35.550445155299059],[150.010698658365044,-35.550347152298926],[150.010696649378218,-35.550250152298091],[150.010676642394571,-35.550150150295643],[150.0106406424147,-35.550040154291729],[150.010562656440868,-35.549934155284106],[150.010472650465573,-35.549852153275559],[150.010385647490551,-35.549765157267259],[150.010298653514582,-35.549685154259009],[150.010203654539851,-35.549605160250039],[150.01003265958002,-35.549501160234186],[150.009958663600742,-35.549431161227147],[150.009826661634605,-35.549329160214754],[150.009623665678674,-35.5492331651961],[150.009464672712852,-35.549160162181522],[150.009262680752215,-35.549098168163198],[150.009092680784903,-35.5490491711478],[150.008982692806399,-35.5490151701378],[150.008847687830809,-35.548988171125664],[150.008755690845504,-35.548984173117475],[150.008654694860809,-35.548986172108513],[150.00857469187261,-35.548990169101458],[150.008500694882542,-35.549001177094972],[150.008428696894725,-35.548993172088544],[150.008349697908614,-35.548980174081443],[150.008349696908624,-35.548980174081443],[150.008191699946622,-35.548877179066743],[150.008076702978059,-35.548774174055858],[150.008076701978069,-35.548774174055858],[150.007987710005068,-35.548674181047296],[150.007909706031683,-35.548564176039626],[150.007849712053115,-35.548472179033702],[150.007821709072857,-35.548356176030431],[150.007807708091491,-35.548232178028343],[150.007824713102252,-35.548131173029184],[150.007842705116445,-35.548003186029916],[150.007840707138058,-35.547843179028654],[150.007841703159784,-35.547678180027638],[150.007789705192067,-35.547495181021809],[150.007728706219268,-35.547361188015479],[150.0076817092488,-35.54719318601019],[150.007632704278961,-35.547023185004697],[150.007553715312355,-35.546863187996621],[150.007474717344053,-35.546716196988626],[150.007381726376167,-35.546582185979481],[150.007254726414857,-35.546438188967251],[150.007136717449669,-35.546313195955946],[150.007045725477496,-35.546209195947178],[150.00704572447745,-35.546209195947178],[150.006950726504471,-35.546116194938129],[150.006950725504453,-35.546116194938129],[150.006882227520833,-35.54607219493176],[150.00681373053726,-35.546028195925381],[150.006684740569881,-35.545932201913324],[150.006542734604892,-35.54583321290005],[150.006443737636374,-35.545711203890448],[150.006365733663273,-35.545599199882773],[150.006211734707676,-35.545443208868079],[150.006158740732474,-35.54531820686254],[150.006137738756138,-35.545164206859631],[150.006136735771861,-35.545047209858765],[150.006135741785783,-35.544943209857976],[150.006121740803877,-35.54482320985592],[150.006121739803888,-35.544823209855913],[150.006097735819367,-35.544734197853195],[150.006079736833442,-35.544649210851041],[150.006054736850018,-35.544553206848164],[150.006030740864986,-35.544468210845473],[150.006006735877179,-35.544404207842909],[150.00600673487719,-35.544404207842909],[150.005995239880406,-35.544393209841822],[150.005983742883672,-35.54438221084073],[150.005727742947926,-35.544195213816764],[150.005446752011409,-35.544043211790829],[150.005238753057171,-35.543940216771695],[150.005238752057181,-35.543940216771695],[150.005151754076991,-35.54389171776365],[150.00506475409685,-35.543843217755615],[150.004965259116887,-35.543807720746564],[150.004865764136923,-35.543772222737495],[150.004865763136962,-35.543772222737495],[150.004694767173788,-35.543693223721803],[150.004482770216157,-35.543620221702533],[150.004482769216139,-35.54362022170254],[150.004268782260795,-35.543532232682971],[150.004001773316958,-35.543419232658536],[150.003780775364021,-35.543321230638277],[150.003559787413053,-35.543208231617925],[150.00338078645828,-35.543075233601165],[150.003139790518389,-35.542902238578634],[150.002938792573275,-35.542722242559606],[150.002742796633981,-35.542492246540675],[150.002519800693477,-35.542303250519637],[150.002330795755597,-35.542054250501224],[150.002195799807367,-35.541821250487679],[150.002096802851668,-35.541602252477439],[150.002059800892653,-35.541336256472356],[150.002116794921818,-35.541050253475483],[150.002158792956351,-35.540741257477123],[150.002229788985233,-35.540441261481398],[150.002313792019748,-35.540083259486444],[150.002376783034777,-35.539897257490765],[150.00238677805936,-35.53970025649032],[150.002458787086596,-35.539411259494763],[150.002472781120645,-35.539138262494177],[150.002460779134339,-35.539049259492508],[150.0024177791569,-35.538929259487894],[150.002374789174013,-35.538850251483552],[150.002334783188132,-35.538790264479609],[150.002261780211967,-35.538695264472494],[150.002216781228213,-35.538625265468021],[150.00214778624823,-35.538554261461428],[150.002089780266886,-35.538481277455801],[150.002025787285078,-35.538418269449714],[150.002025786285088,-35.538418269449714],[150.001988789296234,-35.538377269446137],[150.001951789307384,-35.538336267442595],[150.001892789324415,-35.538276272436953],[150.001842788340895,-35.538210270432067],[150.001798793354709,-35.538157266427831],[150.00179879235472,-35.538157266427831],[150.001756788369676,-35.538093273423669],[150.001716791386826,-35.538010267419573],[150.001680801402642,-35.537933266415862],[150.001664792416364,-35.537848270413868],[150.001650790426339,-35.537789270412226],[150.001647787435019,-35.537727275411548],[150.001627789449373,-35.537642279409205],[150.001611789461805,-35.537567269407269],[150.001593790477443,-35.537470270405024],[150.001593789477425,-35.537470270405024],[150.001538796496533,-35.53739027639962],[150.001505791514347,-35.537294272396046],[150.001464790527166,-35.537245275392081],[150.001436786534555,-35.537222273389439],[150.001407788542167,-35.537198277386707],[150.001366787553025,-35.537164277382843],[150.001366786553007,-35.537164277382843],[150.001341589559217,-35.537146949380499],[150.001336838560292,-35.537144421380049],[150.001324683562984,-35.537138048378928],[150.001308234566636,-35.537129622377421],[150.001290593570502,-35.537120963375813],[150.001274879573856,-35.537113854374361],[150.001259327577117,-35.537107633372941],[150.001243559580303,-35.537101861371504],[150.001227612583449,-35.537096554370052],[150.001211540586581,-35.537091713368589],[150.001198793588998,-35.537088280367442],[150.001188099591218,-35.537084184366471],[150.001177593593383,-35.537079666365514],[150.001167312595612,-35.537074754364561],[150.001157344597857,-35.537069501363639],[150.001147734600096,-35.537063889362749],[150.001138403602312,-35.537057901361891],[150.001129367604563,-35.537051519361043],[150.001120672606788,-35.537044805360225],[150.001112380608987,-35.537037777359437],[150.001104519611175,-35.537030507358693],[150.001092337614978,-35.53701631835753],[150.001082262618553,-35.537000711356526],[150.001073190622122,-35.536984388355606],[150.001064011625715,-35.536968083354687],[150.001053586629382,-35.536952512353665],[150.001041530633188,-35.536937677352483],[150.001041529633227,-35.536937677352483],[150.001028693637068,-35.536923245351254],[150.001015498641038,-35.536908992349986],[150.00100235764495,-35.53689471334873],[150.000989736648819,-35.536880146347514],[150.000975797653268,-35.536862747346149],[150.000962369657685,-35.536845070344853],[150.000949102662105,-35.536827286343566],[150.000935728666491,-35.536809582342251],[150.000921897670963,-35.536792120340891],[150.000906855675623,-35.536774327339444],[150.000891357680331,-35.536756766337966],[150.000875706685093,-35.536739305336454],[150.000860207689783,-35.53672177133496],[150.000845085694465,-35.536704005333497],[150.000832804698405,-35.536688452332307],[150.000820963702324,-35.536672640331162],[150.000809148706281,-35.536656818330002],[150.000796904710199,-35.536641275328812],[150.00079690371021,-35.536641275328819],[150.000783816714232,-35.53662624232755],[150.000769537718327,-35.536611730326193],[150.000769536718366,-35.536611730326193],[150.000754486722542,-35.536597710324749],[150.00073896972674,-35.536583968323292],[150.000723256730993,-35.5365703613218],[150.000723255730975,-35.5365703613218],[150.000707649735205,-35.53655670932033],[150.000692178739399,-35.536543066318856],[150.00069217773941,-35.536543066318863],[150.000676625743608,-35.536529477317394],[150.000660965747784,-35.536515950315909],[150.000629394756231,-35.536489130312944],[150.000611888763899,-35.536451643311139],[150.000607316772317,-35.536393296310344],[150.000593942781933,-35.536336321308774],[150.000595000785836,-35.536305781308656],[150.000587999790866,-35.536276039307857],[150.000573451796669,-35.536249183306367],[150.000573450796679,-35.536249183306367],[150.000572044803562,-35.536198788305896],[150.000564317811381,-35.536148975304876],[150.000550369819933,-35.536100525303311],[150.000540428831926,-35.536021606301908],[150.000522178845017,-35.535944185299776],[150.000533724848765,-35.535902583300505],[150.000538502853743,-35.535859664300645],[150.000536396859786,-35.535816547300172],[150.000536395859797,-35.535816547300172],[150.00052746886675,-35.535774300299074],[150.00052746786676,-35.535774300299082],[150.000519696870612,-35.535754158298261],[150.000511924874473,-35.535734016297454],[150.000511297882127,-35.535677328297012],[150.000502952890827,-35.53562125029589],[150.000510777895613,-35.535576277296279],[150.000511647901504,-35.535530642296052],[150.000505516908476,-35.535485410295202],[150.000520235911324,-35.535446811296239],[150.000528007915506,-35.535406249296649],[150.000528581920889,-35.535364944296433],[150.000531135931055,-35.535285398296125],[150.000531136931045,-35.535285398296125],[150.000540871940018,-35.535206407296457],[150.000557688947794,-35.535128618297421],[150.00058146195417,-35.535052667299027],[150.000611992959222,-35.534979171301245],[150.000649041962845,-35.534908733304043],[150.000679007963811,-35.53486674630642],[150.00070274496619,-35.534820940308201],[150.000719785970034,-35.534772248309395],[150.000729771975244,-35.534721638309932],[150.000891240979598,-35.534501216322774],[150.000919163982701,-35.534445496324878],[150.000937369987781,-35.534385886326071],[150.000980064988738,-35.53432919832948],[150.000980065988728,-35.53432919832948],[150.001028058988283,-35.534276921333387],[150.001080892986408,-35.534229538337748],[150.001104171984906,-35.534213851339707],[150.001118639984327,-35.534201454340909],[150.001135474983869,-35.534185202342293],[150.001150444983864,-35.534167992343498],[150.001163182984271,-35.5341501713445],[150.001167816984633,-35.534142050344876],[150.001171859985135,-35.534133714345167],[150.001175633985639,-35.534125252345447],[150.001179505986187,-35.534116817345733],[150.0011838179866,-35.534108552346055],[150.001186398986846,-35.534104088346261],[150.001198778986947,-35.534088437347236],[150.001214115987182,-35.534069048348471],[150.001443764982014,-35.533841329367299],[150.001453813981584,-35.533832975368135],[150.001530222978261,-35.533769385374477],[150.001556585984304,-35.53369312937631],[150.001583056990711,-35.533614058378113],[150.001606381997618,-35.533534898379649],[150.001612800001823,-35.533495735379965],[150.001619371006115,-35.533455729380272],[150.001632674015724,-35.53336811538086],[150.001638976024935,-35.533291357380897],[150.001638295034837,-35.533217235380341],[150.001634566045624,-35.533140226379487],[150.001634565045634,-35.533140226379487],[150.001626902056358,-35.533068523378333],[150.001626901056369,-35.533068523378333],[150.001616692068495,-35.532988521376893],[150.001616692068495,-35.53298852037689],[150.001599096081122,-35.532913986374837],[150.001578362094193,-35.532839361372481],[150.001554456107812,-35.532764665369861],[150.001554455107765,-35.532764665369861],[150.001516807123579,-35.532689386366016],[150.001469217141249,-35.532611516361278],[150.001401261161021,-35.532541113354775],[150.001315969181036,-35.532489526346872],[150.001224931200852,-35.532445737338506],[150.001200639204882,-35.532443729336336],[150.001200638204892,-35.532443729336336],[150.001198765205174,-35.532443595336169],[150.00119652420554,-35.532443451335986],[150.001174105209174,-35.532442152333978],[150.00114946321321,-35.532440404331787],[150.001124821217246,-35.53243832432959],[150.001100242221412,-35.532435913327383],[150.001075761225508,-35.532433179325189],[150.001054284229184,-35.53243059732327],[150.001054283229195,-35.53243059732327],[150.001032824232851,-35.532427854321355],[150.001032823232862,-35.532427854321362],[150.001011427236534,-35.53242480631944],[150.001011426236516,-35.53242480631944],[150.000990146240298,-35.53242133731753],[150.000969054244052,-35.532417321315641],[150.000949530247681,-35.532412857313879],[150.000930195251328,-35.532407775312116],[150.000891704258663,-35.532397000308634],[150.000872350262341,-35.532391935306897],[150.000844831267443,-35.532385248304408],[150.000817213272597,-35.532378785301916],[150.000789523277689,-35.532372537299409],[150.000761753282745,-35.532366505296913],[150.000733929287804,-35.532360687294407],[150.000700107295188,-35.532344122291313],[150.000664637302492,-35.532330434288063],[150.000628593309699,-35.532317768284791],[150.000593051317054,-35.532304187281532],[150.00055905932436,-35.532287846278422],[150.000522809333177,-35.532263832275042],[150.000488674342137,-35.532235954271833],[150.000455176351153,-35.532206965268664],[150.000420844360065,-35.53217964226544],[150.000384208368729,-35.532156695262039],[150.000352771375333,-35.532143563259176],[150.000319560381769,-35.532133631256158],[150.000286016388145,-35.532124443253132],[150.000253638394582,-35.532113524250178],[150.000223896401138,-35.532098402247449],[150.000189546410098,-35.532071071244211],[150.000158817419248,-35.532037690241268],[150.000130689428516,-35.532000516238519],[150.000104146437735,-35.531961720235913],[150.000078178446842,-35.531923534233343],[150.00004921545721,-35.531878813230477],[150.00002269146745,-35.531832398227813],[149.999997529477582,-35.531785015225275],[149.999972681487776,-35.531737425222737],[149.999972680487758,-35.531737425222737],[149.999959849492853,-35.531713899221444],[149.999947017497959,-35.531690374220155],[149.999924930506893,-35.53164851221792],[149.999903910515854,-35.531605709215761],[149.999882271524768,-35.531563409213554],[149.999858346533813,-35.531523125211166],[149.999830459543006,-35.531486355208443],[149.999789996554142,-35.531449011204607],[149.999743329565547,-35.531417288200245],[149.999693597577078,-35.531388200195664],[149.999643883588647,-35.53135878919106],[149.999597288600171,-35.531326071186712],[149.999573480606472,-35.531306269184469],[149.999550164612742,-35.531285903182244],[149.999527064619031,-35.531265233180072],[149.999503973625337,-35.531244526177879],[149.999480711631634,-35.531224061175678],[149.999443323641742,-35.531191370172138],[149.999406024651876,-35.531158535168608],[149.999368483661925,-35.531125987165069],[149.999368482661936,-35.531125987165069],[149.999330350672068,-35.531094228161486],[149.999291267682082,-35.531063768157814],[149.999237788695297,-35.531026281152826],[149.999182471708451,-35.53099125914769],[149.99912621372161,-35.530957483142465],[149.999069892734781,-35.53092377013725],[149.999014396747953,-35.530888891132093],[149.998950152763626,-35.530845335126102],[149.998950151763637,-35.530845335126102],[149.998886731779379,-35.530800399120182],[149.99882339279506,-35.530755418114261],[149.998759326810728,-35.530711638108286],[149.998693791826355,-35.53067031410221],[149.998693790826366,-35.53067031410221],[149.998673738831172,-35.530657030100336],[149.998653740836204,-35.530642580098466],[149.998653739836186,-35.530642580098466],[149.998633580841073,-35.530628946096584],[149.998633579841083,-35.530628946096584],[149.998612998845715,-35.530618099094696],[149.998591799849777,-35.530612022092768],[149.998591798849787,-35.530612022092768],[149.998583139851206,-35.530611439091999],[149.998574364852516,-35.53061172609123],[149.998565534853782,-35.530612291090449],[149.998556758855102,-35.530612569089676],[149.998548090856502,-35.530612013088906],[149.998533264859361,-35.530607925087544],[149.998518787862452,-35.530601023086234],[149.998504436865716,-35.530593251084902],[149.998504435865726,-35.530593251084909],[149.998489995868823,-35.530586564083585],[149.998489994868834,-35.530586564083592],[149.998475213871586,-35.53058288008225],[149.998469422872517,-35.530582557081736],[149.998463596873421,-35.530582620081219],[149.998457742874308,-35.530582844080698],[149.998451906875147,-35.530583006080185],[149.998446071876089,-35.530582880079663],[149.998410816882625,-35.530574328076476],[149.99837635889034,-35.530556230073294],[149.998342044898635,-35.530533695070119],[149.998307210906944,-35.530511733066881],[149.998271211914613,-35.530495437063585],[149.998226247922986,-35.530484510059509],[149.998179778931018,-35.530478369055352],[149.998132466938699,-35.530474784051137],[149.99808500294651,-35.530471503046904],[149.998038057954403,-35.530466304042719],[149.998002847960493,-35.530461481039566],[149.997967520966512,-35.530456909036403],[149.997932309972612,-35.530451836033251],[149.997897448978847,-35.530445507030095],[149.997863170985198,-35.530437171027025],[149.99782677699227,-35.530426315023725],[149.99779042799949,-35.530414017020426],[149.997754787006869,-35.530399863017159],[149.997720518014319,-35.530383423014015],[149.997688319021819,-35.530364303011034],[149.997648188032372,-35.530331262007259],[149.997612556043151,-35.530291444003836],[149.997579515054042,-35.530247718000602],[149.997547128064923,-35.53020302399743],[149.997513450075814,-35.530160283994157],[149.997494635081352,-35.530140401992348],[149.997474475087017,-35.530121030990443],[149.997454987092624,-35.53010141798859],[149.99743816209795,-35.530080755986958],[149.997426016102821,-35.530058273985723],[149.997420055107256,-35.530031543985018],[149.997419911111137,-35.530002652984813],[149.997422744114658,-35.529972560984859],[149.997425720118258,-35.529942227984918],[149.997426007122101,-35.52991255698474],[149.997423515125604,-35.529889187984374],[149.997419867129281,-35.529865881983881],[149.997416030132939,-35.529842593983382],[149.997412893136527,-35.529819304982965],[149.997411450139822,-35.529795971982672],[149.997412499145582,-35.529751483982459],[149.997417088150911,-35.529706045982557],[149.997425515155555,-35.529660993983015],[149.997438082159391,-35.529617670983832],[149.997455150162097,-35.529577386985068],[149.997468542162835,-35.529556258986112],[149.997484803162962,-35.529536448987422],[149.997501655162949,-35.529516996988775],[149.997516813163259,-35.529496962990002],[149.997528019164434,-35.529475377990835],[149.997532743166317,-35.52945558599113],[149.997534320168853,-35.529434573991125],[149.99753500217156,-35.529413248991034],[149.997537010174,-35.529392524991088],[149.997542603175702,-35.52937337799144],[149.997551648176369,-35.529357663992151],[149.997563220176545,-35.529343123993065],[149.997576084176387,-35.529329140994122],[149.997589037176255,-35.529315138995166],[149.997600860176362,-35.529300518996124],[149.997639110178255,-35.529242011999123],[149.997673057181288,-35.529179515001694],[149.997702459185433,-35.529114222003876],[149.997727056190513,-35.529047289005597],[149.997746607196433,-35.528979916006875],[149.997754567200559,-35.528939668007311],[149.997759613205233,-35.528898694007495],[149.997759614205222,-35.528898694007495],[149.997763603210046,-35.52885744200757],[149.997768372214779,-35.528816369007707],[149.997775740218998,-35.528775897008096],[149.997786085221435,-35.528745393008798],[149.997800248223427,-35.528714019009847],[149.997813649225463,-35.528683327010832],[149.997821591228018,-35.528654884011324],[149.997819449231628,-35.528630189010975],[149.997814743233562,-35.528621019010501],[149.997808692235623,-35.528612404009905],[149.997802059237785,-35.528603996009259],[149.99779566823986,-35.528595472008639],[149.99779566723987,-35.528595472008639],[149.997790316241918,-35.528586472008101],[149.997782562246272,-35.528562673007265],[149.997779551250119,-35.528536650006821],[149.997779550250158,-35.528536650006814],[149.99777894125387,-35.528509418006578],[149.997778439257587,-35.528481961006356],[149.997775741261535,-35.528455312005931],[149.997767243268356,-35.528413881004901],[149.997756711275429,-35.528372736003689],[149.997744618282667,-35.528331914002344],[149.997731379290116,-35.528291415000893],[149.997717449297596,-35.528251292999393],[149.99770124230551,-35.528210040997671],[149.99768307231372,-35.52816948799579],[149.997664248321968,-35.528129141993844],[149.997646123330156,-35.528088561991964],[149.997646122330138,-35.528088561991964],[149.997630015338103,-35.528047282990265],[149.997630014338085,-35.528047282990265],[149.997620871343372,-35.528018248989262],[149.997612929348492,-35.527988766988358],[149.997605193353593,-35.527959229987474],[149.997596642358786,-35.527930025986521],[149.997586280364146,-35.527901556985398],[149.997569033371605,-35.527865297983638],[149.997548864379354,-35.527830257981613],[149.997527117387278,-35.527795844979451],[149.997505147395231,-35.527761521977283],[149.997484288403058,-35.527726687975189],[149.997467193409989,-35.52769429297345],[149.997451005416877,-35.5276612519718],[149.997451004416888,-35.5276612519718],[149.997434610423738,-35.527628380970128],[149.997434609423721,-35.527628380970128],[149.997416942430675,-35.527596495968353],[149.997416941430686,-35.527596495968353],[149.997396844437787,-35.527566403966375],[149.997366008447187,-35.527531319963394],[149.997330870456807,-35.527499533960061],[149.997330869456846,-35.527499533960061],[149.997293660466568,-35.527469261956583],[149.99725661247632,-35.527438712953071],[149.997221984485975,-35.527406102949783],[149.997201770492268,-35.527381944947841],[149.997182901498661,-35.527355814945984],[149.997163951504973,-35.527330114944142],[149.997143460511211,-35.527307220942163],[149.997119974517148,-35.52728952693996],[149.997095879522107,-35.527280087937768],[149.997069337526881,-35.52727514793537],[149.997069336526863,-35.52727514793537],[149.997041736531543,-35.527272019932916],[149.997014441536265,-35.527268003930473],[149.996988831541216,-35.527260384928155],[149.99695408754917,-35.527240708924936],[149.996954086549181,-35.527240708924928],[149.996922094557561,-35.527214721921922],[149.996891446566138,-35.527185481919005],[149.996860727574784,-35.527155972916105],[149.996860726574795,-35.527155972916105],[149.996828528583308,-35.527129223913064],[149.996802829589683,-35.527111009910662],[149.996802828589693,-35.527111009910662],[149.99677672559605,-35.527093350908231],[149.996750335602371,-35.527076049905773],[149.996697376615089,-35.527041798900839],[149.996651104626181,-35.527012101896545],[149.996604518637241,-35.526982887892224],[149.996558506648086,-35.526954409887935],[149.996510952659293,-35.526925079883533],[149.996464223670301,-35.526896071879193],[149.996394259686923,-35.5268523818727],[149.996324269703479,-35.526808736866215],[149.996324268703489,-35.526808736866215],[149.996254305720043,-35.526765054859716],[149.996254304720054,-35.526765054859716],[149.996184377736625,-35.526721319853216],[149.996184376736608,-35.526721319853216],[149.996114484753178,-35.526677486846722],[149.996058657766355,-35.526643136841557],[149.996058656766337,-35.526643136841557],[149.996002480779509,-35.526609279836336],[149.996002479779492,-35.526609279836343],[149.9959812637845,-35.526596317834382],[149.995946535792626,-35.526575100831167],[149.99589138080583,-35.526539817826034],[149.995837605819048,-35.526502626821021],[149.995810659825821,-35.526483112818504],[149.995783785832515,-35.52646342781599],[149.995757261839287,-35.526443294813504],[149.99575726083927,-35.526443294813504],[149.995731382846003,-35.526422462811063],[149.995731381846014,-35.526422462811063],[149.995706453852762,-35.526400617808712],[149.995706453852762,-35.526400616808708],[149.995688590857839,-35.526383144807006],[149.99567111786277,-35.526366052805344],[149.995637529872823,-35.526329371802127],[149.995605573882841,-35.526291015799032],[149.995575149892773,-35.526251457796064],[149.995546159902602,-35.526211182793226],[149.99552948690814,-35.5261887007916],[149.995512123913784,-35.526166102789908],[149.995495800919343,-35.526143083788305],[149.99548227392458,-35.526119346786956],[149.995473291929301,-35.526094579785997],[149.995470629932271,-35.526074885785611],[149.99547089893494,-35.526054519785504],[149.995472494937417,-35.526033795785501],[149.995473820939964,-35.526013052785487],[149.99547382194001,-35.52601305278548],[149.99547330594271,-35.525993112785315],[149.995471786944023,-35.525985156785119],[149.995464346950001,-35.525948413784214],[149.995464345950012,-35.525948413784221],[149.995448847958158,-35.525904965782544],[149.995430516966763,-35.525861750780628],[149.995430515966746,-35.525861750780628],[149.995413126975194,-35.525818275778796],[149.995413125975205,-35.525818275778796],[149.995400442982998,-35.525774002777375],[149.995391353994165,-35.525700140776067],[149.995390897004285,-35.52562456577553],[149.995395002013822,-35.525548058775364],[149.995399547023283,-35.525471336775269],[149.995400435033218,-35.525395124774825],[149.99539591704135,-35.525339154774038],[149.995388289050027,-35.525282654772987],[149.995381467058507,-35.52522645077201],[149.995379370066132,-35.525171367771435],[149.99538586007219,-35.525118247771658],[149.99539074507382,-35.525100543771977],[149.995390746073809,-35.525100543771977],[149.995395159074832,-35.525087504772287],[149.995396653075204,-35.525083090772398],[149.995403053076501,-35.525065745772842],[149.99540936307784,-35.525048355773279],[149.995409364077858,-35.525048355773279],[149.995415011079302,-35.525030813773661],[149.99542647608402,-35.52498207677435],[149.995434436089369,-35.524932344774726],[149.995441034094995,-35.524882200774968],[149.995448412100501,-35.52483225377528],[149.995458711105414,-35.524783077775872],[149.995472829109076,-35.524739011776823],[149.995472830109094,-35.52473901177683],[149.995490273112154,-35.524695572778072],[149.995490274112143,-35.524695572778072],[149.995507942115182,-35.524652303779341],[149.995522733118662,-35.524608747780377],[149.995531580123185,-35.524564501780844],[149.99553485213184,-35.524495282780677],[149.995530119142416,-35.524421114779756],[149.995516450154184,-35.524348023778053],[149.995516449154195,-35.524348023778046],[149.995504698160374,-35.524315049776789],[149.995492946166593,-35.524282075775531],[149.995458704178873,-35.524229322772143],[149.99543624018537,-35.524206186769995],[149.995411087192196,-35.524184037767611],[149.995383980198966,-35.52416439776507],[149.995355573205416,-35.524148781762456],[149.9953265572112,-35.524138733759813],[149.995290154217059,-35.524136689756581],[149.995251304222052,-35.524144254753182],[149.995211181226466,-35.524157718749713],[149.995182461229405,-35.524168878747261],[149.995170951230591,-35.524173342746259],[149.995131805234735,-35.524187424742891],[149.995064503241707,-35.524213348737099],[149.994998977247576,-35.524245026731499],[149.994998976247558,-35.524245026731506],[149.994933988253166,-35.524278363725969],[149.994933987253148,-35.524278363725976],[149.994868326259194,-35.524309217720365],[149.994800746266407,-35.524333491714536],[149.994740858273985,-35.524345682709317],[149.994679132282641,-35.524352100703894],[149.994617146291489,-35.524357272698438],[149.994556531299679,-35.524365778693102],[149.994498893306428,-35.52438217368811],[149.994469051309125,-35.524396247685573],[149.994440268311337,-35.524413090683119],[149.994411798313394,-35.524430677680719],[149.994382889315688,-35.524447009678276],[149.994352833318572,-35.524460078675681],[149.994313158322996,-35.524472915672256],[149.994271574327968,-35.524483716668641],[149.994229381333469,-35.524491040664962],[149.994187869339555,-35.524493388661298],[149.994148355346198,-35.524489282657761],[149.994121042351281,-35.524482721655296],[149.994093281356726,-35.524473784652791],[149.994066505362355,-35.524462292650334],[149.994042195367996,-35.524448039648085],[149.994021766373436,-35.524430864646163],[149.994003390379902,-35.524403587644358],[149.993991351386256,-35.524369686643055],[149.993983633392446,-35.524331912642118],[149.99397821039841,-35.524292990641371],[149.993973074404153,-35.524255593640667],[149.993967875412835,-35.524196368639807],[149.993969004420677,-35.524136131639494],[149.993969005420666,-35.524136131639501],[149.99397371942797,-35.524075337639509],[149.993973720427988,-35.524075337639509],[149.993979242435188,-35.524014392639579],[149.993982819442692,-35.523953733639495],[149.993986091454872,-35.523858285639143],[149.993989864466954,-35.523762792638834],[149.993989865466943,-35.523762792638834],[149.993991425473013,-35.523715055638647],[149.993992984479121,-35.523667318638473],[149.993994258491597,-35.523571888637939],[149.993992537504482,-35.523476601637157],[149.99398986651039,-35.523434883636632],[149.9939898655104,-35.523434883636632],[149.993989050512255,-35.523422020636474],[149.993983752520279,-35.523367448635639],[149.993978284528367,-35.523312920634787],[149.993974179536195,-35.523258411634053],[149.993974178536234,-35.523258411634053],[149.993973068543596,-35.523203955633583],[149.993977478551443,-35.523139639633555],[149.993986577558559,-35.523075421633926],[149.993991677561809,-35.523045025634154],[149.993997360565459,-35.523011222634437],[149.993997361565448,-35.523011222634437],[149.994006835572463,-35.522946986634842],[149.994006836572481,-35.522946986634842],[149.994012008580228,-35.52288261663486],[149.994011730586976,-35.522832033634508],[149.994008871594133,-35.522781360633907],[149.994005178601412,-35.522730660633236],[149.994002390608557,-35.522680014632648],[149.994002256615317,-35.522629439632304],[149.994003538620575,-35.522588205632132],[149.994005115625811,-35.522546738631995],[149.994005116625829,-35.522546738631995],[149.994008020630844,-35.522505433631977],[149.994013219635434,-35.522464701632167],[149.994021735639421,-35.522424946632654],[149.994032779642538,-35.522388337633394],[149.994046180645313,-35.522352015634333],[149.994061849647608,-35.522316473635478],[149.994079705649398,-35.522282204636831],[149.994079706649416,-35.522282204636831],[149.994099632650659,-35.522249683638385],[149.994099633650649,-35.522249683638385],[149.994130271651187,-35.522210224640823],[149.994130272651176,-35.522210224640823],[149.994165904650487,-35.522173947643729],[149.99420472764902,-35.522139867646942],[149.99424491264719,-35.52210699665028],[149.994284641645407,-35.522074412653595],[149.994317189643823,-35.522048417656293],[149.994350697641948,-35.52202356965909],[149.994384500639995,-35.521999044661925],[149.994417891638165,-35.521974079664716],[149.994450179636686,-35.521947815667403],[149.994504125634194,-35.521903659671892],[149.994560293631594,-35.521858257676563],[149.994612840629827,-35.521810578680892],[149.994655975629911,-35.521759618684378],[149.994683898632985,-35.521704374686479],[149.994693320636458,-35.52166708468706],[149.994698895640795,-35.521627849687285],[149.994700724645838,-35.521587762687183],[149.994698922651395,-35.521547989686752],[149.994693625657249,-35.521509624686018],[149.994684750663566,-35.521472629684993],[149.994672183670389,-35.521435644683642],[149.994656263677626,-35.521399618681954],[149.994637322685065,-35.521365546680066],[149.994615710692528,-35.521334361677937],[149.994591552700086,-35.521305291675596],[149.994564149708083,-35.521276965672989],[149.994534219716058,-35.521251489670163],[149.994502477723671,-35.521230971667208],[149.994469651730469,-35.521217507664211],[149.994440106735539,-35.521214154661578],[149.994440105735492,-35.521214154661578],[149.994408875739879,-35.521217319658824],[149.994376856744054,-35.521223136656033],[149.99434489074838,-35.52122773465323],[149.994313866753231,-35.521227241650479],[149.994274021760731,-35.521216700646868],[149.994235314769043,-35.521199059643322],[149.99419704777776,-35.521177922639794],[149.994158529786461,-35.521156901636239],[149.994119105794823,-35.521139610632623],[149.994083904801585,-35.521129561629436],[149.994047528808181,-35.521122094626158],[149.994011242814707,-35.521114753622903],[149.993976273821374,-35.521105170619741],[149.993943841828269,-35.521090935616769],[149.993916232835062,-35.521071717614184],[149.993890972842024,-35.5210484466118],[149.993866868849125,-35.521023096609497],[149.993842710856228,-35.520997648607171],[149.993817261863256,-35.520974081604777],[149.993774117874324,-35.520940933600713],[149.993729127885302,-35.520910070596514],[149.993683312896337,-35.520880184592258],[149.993637695907353,-35.520850020588021],[149.993593296918419,-35.520818288583875],[149.993545626930739,-35.520780559579386],[149.993499040943135,-35.520741422575],[149.993452920955491,-35.520701649570654],[149.993406657967853,-35.520662091566287],[149.993359587980223,-35.520623528561856],[149.993342358984734,-35.520609455560219],[149.993325273989257,-35.520595095558612],[149.993308035993806,-35.520580959557002],[149.993290367998299,-35.520567549555338],[149.993271947002739,-35.520555375553627],[149.993229046011948,-35.520535655549686],[149.993182191020878,-35.520522702545449],[149.993133418029714,-35.520512797541059],[149.993084779038611,-35.520502201536686],[149.993038265047772,-35.520487213532462],[149.992977149061005,-35.520458484526863],[149.992918022074576,-35.52042481552138],[149.992860231088343,-35.520387964516011],[149.992803131102221,-35.520349760510697],[149.992746156115999,-35.520311923505396],[149.992694326128401,-35.520278533500587],[149.992642586140818,-35.520244864495766],[149.992591420153275,-35.520210371491004],[149.992541374165739,-35.520174497486323],[149.992492959178236,-35.520136669481786],[149.992452146189123,-35.520101853477932],[149.992412418200047,-35.520065657474156],[149.992373622210948,-35.520028367470474],[149.992335597221853,-35.519990261466845],[149.992298217232729,-35.519951662463285],[149.992278935238602,-35.51992985346142],[149.992260488244483,-35.519907031459638],[149.992241932250295,-35.519884415457838],[149.992241932250295,-35.519884414457835],[149.992222373256169,-35.519863170455963],[149.992200841261933,-35.519844543453935],[149.992178996267086,-35.519830864451905],[149.99215541227224,-35.519819560449747],[149.992131066277324,-35.519809269447514],[149.992106944282511,-35.519798575445307],[149.992083987287685,-35.519786124443179],[149.992036675299659,-35.519750484438752],[149.991993514311929,-35.519708290434643],[149.991993513311911,-35.519708290434636],[149.991952575324291,-35.519662502430705],[149.991911968336694,-35.519616051426794],[149.991869775349045,-35.519571903422758],[149.991838984357713,-35.519542295419839],[149.991838983357695,-35.519542295419839],[149.991808076366397,-35.519512804416898],[149.99177698937504,-35.519483492413954],[149.991745660383714,-35.519454475410967],[149.991745659383724,-35.519454475410967],[149.991713981392422,-35.519425844407962],[149.991682150400976,-35.519398217404976],[149.991649817409552,-35.519371164401925],[149.991617323418097,-35.519344308398857],[149.991585025426673,-35.519317210395812],[149.991553293435231,-35.519289511392813],[149.991495529451413,-35.51923445438733],[149.991439908467584,-35.519176986382007],[149.991384932483783,-35.519118810376753],[149.991329095499964,-35.519061629371421],[149.991270901516145,-35.519007119365895],[149.99120181653447,-35.518949158359391],[149.991130490552791,-35.518893707352682],[149.991130489552802,-35.518893707352682],[149.991099574560593,-35.518870901349807],[149.991057666571123,-35.518839986345881],[149.990984135589457,-35.518787170339003],[149.990910621607725,-35.518734470332141],[149.990799575635265,-35.518655865321769],[149.990687203662787,-35.518579035311312],[149.990573907690248,-35.518503540300749],[149.99045999371765,-35.518428915290158],[149.990345855745062,-35.518354720279547],[149.990345854745073,-35.518354720279547],[149.99029772775674,-35.518322540275079],[149.990249878768481,-35.518289722270602],[149.990201759780149,-35.51825740726612],[149.99015279879174,-35.518226768261584],[149.990102429803187,-35.518198917256925],[149.990054759813376,-35.518177404252569],[149.990005609823413,-35.518158866248086],[149.989980770828396,-35.518150113245831],[149.989955931833407,-35.518141359243565],[149.989955930833389,-35.518141359243565],[149.989906736843437,-35.518122911239082],[149.989858976853583,-35.518101550234704],[149.989802781866445,-35.518069889229508],[149.989748585879511,-35.518034293224474],[149.989748584879521,-35.518034293224474],[149.989695231892654,-35.517997002219488],[149.98964154690583,-35.517960241214489],[149.989586337918809,-35.517926285209377],[149.98949402693944,-35.51787787920086],[149.989399142959883,-35.51783399119217],[149.989302699980186,-35.517792873183346],[149.989302698980168,-35.517792873183346],[149.989205709000402,-35.517752812174486],[149.989109212020679,-35.51771205316566],[149.989011917041097,-35.517670935156765],[149.988914075061473,-35.517631035147829],[149.988816206081822,-35.517591235138894],[149.988718795102216,-35.517550457129985],[149.988718794102226,-35.517550457129985],[149.988622333122777,-35.517507564121154],[149.988537373140701,-35.517471081113378],[149.988537372140712,-35.517471081113378],[149.988450628158688,-35.517435941105468],[149.988365470176774,-35.517398588097663],[149.988285261194818,-35.517355489090242],[149.9882852601948,-35.517355489090249],[149.988213360212825,-35.51730307608355],[149.98818348422131,-35.517273818080703],[149.988183483221292,-35.517273818080703],[149.988155821229782,-35.517242050078032],[149.988128965238246,-35.517209331075435],[149.988101553246736,-35.517177222072796],[149.988072160255228,-35.517147282069978],[149.988040159263676,-35.517120731066967],[149.988040158263686,-35.517120731066967],[149.988006203272107,-35.517096277063793],[149.987971728280627,-35.517072442060595],[149.987971727280609,-35.517072442060595],[149.987938068289054,-35.517047728057442],[149.987906631297477,-35.51702070105447],[149.98787659330614,-35.51699025105161],[149.987847953314798,-35.516958168048845],[149.98782069432346,-35.516924760046209],[149.987794806332005,-35.516890329043683],[149.987770298340422,-35.516855163041285],[149.987740906351291,-35.516807224038345],[149.987714614361948,-35.516757124035678],[149.987690394372493,-35.516705680033191],[149.987667106383014,-35.516653707030791],[149.987667105383025,-35.516653707030784],[149.987643701393466,-35.516601985028359],[149.987643700393448,-35.516601985028359],[149.987618512404453,-35.51654820102577],[149.98759344041548,-35.516494247023182],[149.987569264426384,-35.516439925020684],[149.987546819437142,-35.516385021018309],[149.987526865447563,-35.516329337016181],[149.987502922461118,-35.516255034013547],[149.987480719474604,-35.516179083011075],[149.987480718474586,-35.516179083011068],[149.987471728481069,-35.516140685010008],[149.987462737487562,-35.516102288008959],[149.987451344499476,-35.516025503007448],[149.987448969509899,-35.515949578006719],[149.987450403512298,-35.515930073006722],[149.987452752514514,-35.515910603006787],[149.987455360516691,-35.515891142006886],[149.987455361516652,-35.515891142006893],[149.987457556518905,-35.51587168200696],[149.987457557518894,-35.51587168200696],[149.987458695521326,-35.515852194006925],[149.987453846530286,-35.515790092006071],[149.987439558540729,-35.515727819004383],[149.987419900552055,-35.51566543000223],[149.987398960563553,-35.515603004999953],[149.987380790574605,-35.515540597997919],[149.987361464588162,-35.515460710995676],[149.987342631601678,-35.515380689993464],[149.987323717615169,-35.515300685991249],[149.987304167628764,-35.515220870988983],[149.987283416642526,-35.515141360986604],[149.987283415642509,-35.515141360986604],[149.987255278660399,-35.515039197983427],[149.987226047678377,-35.514937259980137],[149.987195301696573,-35.51483575197674],[149.987195300696584,-35.51483575197674],[149.987178969705781,-35.51478533897496],[149.98716263671497,-35.514734925973166],[149.987127614733595,-35.514635021969397],[149.987098212748919,-35.514553521966249],[149.987068363764365,-35.514471868963042],[149.987068362764347,-35.514471868963042],[149.987036657779925,-35.514391049959698],[149.98700169879578,-35.514312031956059],[149.986962068812005,-35.514235784952042],[149.986942545819517,-35.514201425950098],[149.986922564827182,-35.514167111948083],[149.986901651834842,-35.514133433946],[149.986879277842576,-35.514100948943799],[149.986854958850444,-35.514070255941427],[149.986839674854878,-35.514054335939981],[149.986823163859412,-35.514039392938415],[149.986806490863927,-35.514024601936825],[149.986790767868371,-35.51400918393535],[149.986777061872715,-35.513992349934007],[149.986768142876031,-35.513977576933122],[149.986760514879336,-35.513961916932352],[149.98676051387929,-35.513961916932352],[149.986753441882541,-35.51394585393161],[149.986746216885763,-35.513929870930859],[149.986738113889032,-35.513914452930031],[149.986738112889043,-35.513914452930031],[149.986696153902642,-35.51386086592597],[149.986696152902624,-35.513860865925963],[149.986669682909792,-35.513837388923463],[149.98664321191697,-35.513813912920959],[149.986585914931709,-35.513769432915581],[149.986530938946316,-35.513723196910398],[149.986484935960306,-35.51367101790597],[149.986468423966357,-35.513644367904334],[149.98645369597233,-35.513616444902844],[149.98643944397827,-35.513588208901389],[149.986424320984213,-35.513560634899861],[149.986407029990346,-35.513534684898154],[149.986385551996932,-35.513509916896091],[149.986361645003626,-35.513487004893811],[149.986336806010428,-35.513464782891454],[149.986312487017159,-35.513442104889165],[149.986290194023837,-35.513417838887015],[149.986290193023848,-35.513417838887015],[149.986252393036921,-35.513362970883293],[149.986252392036931,-35.513362969883303],[149.986220983049719,-35.513302965880108],[149.986220982049701,-35.513302965880115],[149.986192908062321,-35.51324019987721],[149.986165057074999,-35.513177066874299],[149.986134400087792,-35.513115976871177],[149.986107365097638,-35.513073299868502],[149.986077381107776,-35.513031491865561],[149.98604826611782,-35.512989593862699],[149.986048265117802,-35.512989593862699],[149.986023785127287,-35.512946656860251],[149.986007793135684,-35.512901755858529],[149.986004342139012,-35.512880681858086],[149.986002729142115,-35.512859221857788],[149.986002728142097,-35.512859221857788],[149.986002298143603,-35.51284838885767],[149.986001868145081,-35.512837555857566],[149.986000676148166,-35.512815970857325],[149.985998041151362,-35.512794636856945],[149.985980812163007,-35.512727066854957],[149.985954360175896,-35.512660266852173],[149.985920933189675,-35.512595107848767],[149.985882819203852,-35.512532503844973],[149.985882818203834,-35.512532503844973],[149.985842248217949,-35.51247330584097],[149.985842247217931,-35.512473304840974],[149.985823683224027,-35.512449281839174],[149.985803864230093,-35.512426172837266],[149.985783615236244,-35.512403368835322],[149.985763670242392,-35.51238032183339],[149.985744872248432,-35.512356450831561],[149.985715757258276,-35.512315951828711],[149.985687664268113,-35.512274304825944],[149.985661463277808,-35.512231465823334],[149.985638040287256,-35.512187443820956],[149.985618292296294,-35.512142220818909],[149.985605151304071,-35.512098781817457],[149.985596483311383,-35.512053647816366],[149.985589492318553,-35.512007841815461],[149.985589491318535,-35.512007841815461],[149.985581451325828,-35.511962385814442],[149.985569592333434,-35.511918264813083],[149.985534489349845,-35.511835393809427],[149.985489149367368,-35.511755658804873],[149.985437024385647,-35.511678415799736],[149.985381546404227,-35.511603002794303],[149.985326149422548,-35.511528771788896],[149.9852793484377,-35.511468972784357],[149.985229876452962,-35.511411137779582],[149.985229876452962,-35.511411136779579],[149.985206257460135,-35.511384351777316],[149.985179471468314,-35.511353973774732],[149.985129847483591,-35.511296236769944],[149.985082732498711,-35.511236644765376],[149.985042278512537,-35.511179337761412],[149.985003814526266,-35.511120578757605],[149.985003813526248,-35.511120578757613],[149.984966076539934,-35.511061254753855],[149.984966075539916,-35.511061254753855],[149.984946969546769,-35.511031762751955],[149.984927862553633,-35.511002271750073],[149.984887973567425,-35.510944526746158],[149.984835453584736,-35.510874911741027],[149.984780880602131,-35.51080680373574],[149.984725304619616,-35.510739403730362],[149.984669772637119,-35.510671967724996],[149.984615325654545,-35.510603724719715],[149.984573051668633,-35.510546597715575],[149.984573050668615,-35.510546597715575],[149.984532139682671,-35.510488232711559],[149.984490941696663,-35.510430181707527],[149.984447806710733,-35.510374031703329],[149.984401104724924,-35.510321332698837],[149.984358364737375,-35.510277077694745],[149.984314163750042,-35.510232830690533],[149.984267953762668,-35.510191255686166],[149.984219915774787,-35.510155480681675],[149.98421920777497,-35.510154942681595],[149.984167395786727,-35.510126562676824],[149.984109667798009,-35.510108517671583],[149.984047843808668,-35.510099894666055],[149.983983741819003,-35.51009642566035],[149.983919129829303,-35.510093753654608],[149.983855798839841,-35.510087621648957],[149.983799262849857,-35.510077626643891],[149.983742879860131,-35.51006584863881],[149.983742878860113,-35.51006584863881],[149.983686540870337,-35.510054194633753],[149.983630094880283,-35.510044602628675],[149.983573414889747,-35.510038946623631],[149.983515113898932,-35.510037574618444],[149.983456479907716,-35.510039340613275],[149.983397783916161,-35.510043741608101],[149.983339293924303,-35.51005025760297],[149.983281287932186,-35.510058414597871],[149.983218548940101,-35.510071331592414],[149.983188940943563,-35.510079596589854],[149.983156472947343,-35.510088667587027],[149.983094593954434,-35.51010733958168],[149.983032482961733,-35.510124262576298],[149.982969707969801,-35.510136328570809],[149.982869947984341,-35.510142826562017],[149.982768870000399,-35.510138917553043],[149.982768869000381,-35.510138917553043],[149.982667030017268,-35.510129801543954],[149.98266702901725,-35.510129801543954],[149.982565001034175,-35.510120702534877],[149.982463377050351,-35.510116847525843],[149.982352277067235,-35.510118549516008],[149.982241123083782,-35.510122484506184],[149.982130033100134,-35.51012847249639],[149.98201905811618,-35.510136386486622],[149.981908335131919,-35.510146076476865],[149.981806755145726,-35.510159790467959],[149.981705318158902,-35.510178354459129],[149.981604025172032,-35.510196864450272],[149.981502911185771,-35.510210462441414],[149.981402004200845,-35.510214226432488],[149.981349223209293,-35.510211770427816],[149.981296434217995,-35.510207449423113],[149.981243717226874,-35.510201416418383],[149.98119123323599,-35.510193886413695],[149.981139072245185,-35.510185012409003],[149.981139071245195,-35.510185012409011],[149.981050256261597,-35.510164430401005],[149.980962651278674,-35.510137412393064],[149.980875629296094,-35.510107069385143],[149.980788580313543,-35.510076466377242],[149.980700912330718,-35.510048695369285],[149.980665504337367,-35.510039641366092],[149.980629612343961,-35.510031645362865],[149.980593918350536,-35.510023300359641],[149.980559057357226,-35.510013224356499],[149.980525630364127,-35.510000002353436],[149.980475853375651,-35.509971013348839],[149.980429348387645,-35.50993436834446],[149.980385326399954,-35.509892739340295],[149.980343034412272,-35.509848816336252],[149.980301674424425,-35.509805269332297],[149.980267459434288,-35.509770542329036],[149.980233073444225,-35.509735305325755],[149.980200211454104,-35.509698911322602],[149.980170585463725,-35.509660760319726],[149.980145863472899,-35.509620261317245],[149.980145862472881,-35.509620261317245],[149.980119518485765,-35.509553605314466],[149.980119517485775,-35.509553605314466],[149.980103571497949,-35.509480280312559],[149.980095952509345,-35.509403298311376],[149.980094527519839,-35.509325625310716],[149.980097180529441,-35.509250229310439],[149.98010544553776,-35.509177514310686],[149.980120720545045,-35.509105050311554],[149.980140611551491,-35.509032917312844],[149.980140612551509,-35.509032917312844],[149.980162770557598,-35.508961170314315],[149.980162771557588,-35.508961170314315],[149.980173792560635,-35.508925552315056],[149.980184813563653,-35.508889933315793],[149.980207009569057,-35.508823340317313],[149.980231964573932,-35.508757527319069],[149.98023196557395,-35.508757527319062],[149.980257512578675,-35.508691902320884],[149.980281491583725,-35.50862589232257],[149.980301660589475,-35.508558868323902],[149.980315994596253,-35.508491388324721],[149.980326213603746,-35.508422832325159],[149.980335106611506,-35.508353935325488],[149.980345468618992,-35.508285433325938],[149.980345468619021,-35.508285432325934],[149.980360088625645,-35.508218060326776],[149.980360089625634,-35.508218060326776],[149.980378527631217,-35.508154613327989],[149.980378528631206,-35.508154613327982],[149.980389056633754,-35.508123213328709],[149.980399584636302,-35.508091812329432],[149.980422622641015,-35.508029557331042],[149.980446986645433,-35.507967796332792],[149.980472059649657,-35.507906447334605],[149.980499193653884,-35.507843260336571],[149.980527878657739,-35.507780710338686],[149.980557612661386,-35.507718572340899],[149.980587856664954,-35.507656694343162],[149.980587857664943,-35.507656694343162],[149.980602988666732,-35.507625773344294],[149.980618119668492,-35.507594852345441],[149.980640054671426,-35.507547154347051],[149.980661174674566,-35.507498803348589],[149.980683028677561,-35.507450936350217],[149.980707105679983,-35.507404664352038],[149.980734966681439,-35.507361144354206],[149.980760495681579,-35.507330649356255],[149.980789126680918,-35.507302323358608],[149.980818609680028,-35.507274669361031],[149.980846738679475,-35.507246092363324],[149.980871290679801,-35.507215086365292],[149.980871291679819,-35.507215086365292],[149.980887063681678,-35.507182627366483],[149.980902835683565,-35.507150169367648],[149.980922207690213,-35.507077382368884],[149.980936495698131,-35.507001036369623],[149.980939337699425,-35.506987922369788],[149.980952855705596,-35.506925408370563],[149.980978385711012,-35.506854799372348],[149.981012511713544,-35.506796031374968],[149.981052894714736,-35.506740347378184],[149.981095670715348,-35.506685820381598],[149.981137030716354,-35.506630486384893],[149.981173137718429,-35.506572417387694],[149.981200478721462,-35.506517971389755],[149.98122537172506,-35.50646209839158],[149.98124826572905,-35.506405204393218],[149.981269644733345,-35.506347719394732],[149.981289975737894,-35.506290027396147],[149.9813081367422,-35.506236297397393],[149.981325356746709,-35.506182128398557],[149.981341285751512,-35.506127564399598],[149.981355565756616,-35.506072633400478],[149.981367873761997,-35.506017380401204],[149.981374067766467,-35.505976406401487],[149.981377841771376,-35.505934795401529],[149.98138143677636,-35.505893220401568],[149.981387092780864,-35.505852345401792],[149.981397069784578,-35.50581288540242],[149.981411950786821,-35.505778867403507],[149.981431115788155,-35.505746266404991],[149.981451624789287,-35.505714121406591],[149.981451625789276,-35.505714121406591],[149.98147048579068,-35.505681465408038],[149.981484729793038,-35.505647358409057],[149.981497288798664,-35.505590114409785],[149.981501859805974,-35.505529616409788],[149.981500165814452,-35.505467568409209],[149.981493873823609,-35.50540561840824],[149.981484721832999,-35.505345488407023],[149.981484720833009,-35.505345488407016],[149.981477783838812,-35.50530987440618],[149.9814692948448,-35.505274404405178],[149.981459398851001,-35.505239229404062],[149.981448265857296,-35.505204458402844],[149.981436020863725,-35.505170234401525],[149.981415152872984,-35.505124455399375],[149.981389847882753,-35.505080289396844],[149.981363313892615,-35.505036608394192],[149.981338690902277,-35.504992308391714],[149.981338689902259,-35.504992308391714],[149.981319193911389,-35.50494626038968],[149.981307621917949,-35.504910189388404],[149.981297321924416,-35.504873356387243],[149.981288904930636,-35.504836048386245],[149.981282979936481,-35.504798579385472],[149.98128022794188,-35.504761253384977],[149.981281769945753,-35.504730166384896],[149.981286609949137,-35.504698999385134],[149.981292624952346,-35.504667804385448],[149.9812976989557,-35.504636610385695],[149.981299697959514,-35.504605451385665],[149.981295457967434,-35.504550502384909],[149.981284737976381,-35.50449528438358],[149.981269328986059,-35.504440263381866],[149.981250996996096,-35.504385942379869],[149.981231537006124,-35.504332803377793],[149.981215177014207,-35.50429056537606],[149.981197447022481,-35.504248659374205],[149.98117814703096,-35.504207416372203],[149.981157109039486,-35.504167194370076],[149.981134161048203,-35.504128318367776],[149.981111733055911,-35.504095967365586],[149.98108714506381,-35.504065005363195],[149.981061580071781,-35.504034635360725],[149.981036275079731,-35.50400405935828],[149.981036274079742,-35.50400405935828],[149.981012422087559,-35.503972506355957],[149.981012421087541,-35.503972506355957],[149.980994637093886,-35.503945372354195],[149.980977919100127,-35.503917458352518],[149.980961309106419,-35.50388946435087],[149.98094391911269,-35.503862124349148],[149.980924790119104,-35.503836191347283],[149.980882776131466,-35.503791765343259],[149.980835114144043,-35.503751894338755],[149.980784109156843,-35.503714756334006],[149.980732073169634,-35.503678541329151],[149.980681346182365,-35.503641439324412],[149.9806345901942,-35.503606372320029],[149.98053975121789,-35.503537878311164],[149.980493022229723,-35.503502829306797],[149.980493021229705,-35.503502829306797],[149.980447664241552,-35.503466157302533],[149.980407855252452,-35.503430167298767],[149.980369480263334,-35.503392438295108],[149.980331572274252,-35.503354197291493],[149.980331571274263,-35.503354197291493],[149.980293053285124,-35.503316701287822],[149.980252904296009,-35.503281150284039],[149.980252903296019,-35.503281150284046],[149.98016769231765,-35.503216887276054],[149.980077452339287,-35.503158531267687],[149.98007745133927,-35.503158531267687],[149.979984074360857,-35.503104075259031],[149.979984073360839,-35.503104075259031],[149.9798893873824,-35.503051492250293],[149.979795247403842,-35.50299876624161],[149.979727291419294,-35.502961341235327],[149.979658484434623,-35.502925387229006],[149.979561234456781,-35.502871128220022],[149.979542669460699,-35.502863168218333],[149.979524221464629,-35.502854903216637],[149.979505908468582,-35.502846351214963],[149.97948772947251,-35.50283751221329],[149.979469702476536,-35.50282839621164],[149.979443133482505,-35.502814099209182],[149.979416958488514,-35.502799012206772],[149.979391070494586,-35.502783370204362],[149.979365370500659,-35.502767405201979],[149.979339751506728,-35.5027513591996],[149.979320246511321,-35.502739222197789],[149.979300758515961,-35.502727040195992],[149.979281387520587,-35.502714670194187],[149.979262258525182,-35.502701959192414],[149.979243487529828,-35.502688773190656],[149.979218343536189,-35.502669957188303],[149.979193674542557,-35.502650389185987],[149.979169552548967,-35.502630130183711],[149.979146022555369,-35.502609200181489],[149.979123164561742,-35.502587659179326],[149.979107961566029,-35.502572949177882],[149.979092838570352,-35.50255806917643],[149.9790780935746,-35.502542839175014],[149.979064037578866,-35.502527089173689],[149.979050968583039,-35.502510632172395],[149.979042353585953,-35.502498566171568],[149.97903410658887,-35.502486187170746],[149.979026272591767,-35.502473530169972],[149.979018841594637,-35.502460631169228],[149.979011858597431,-35.502447552168519],[149.979001092601351,-35.502430404167448],[149.978991662605239,-35.50241195616649],[149.97898375660904,-35.502392639165663],[149.978977553612594,-35.50237287316498],[149.978973214615877,-35.502353099164466],[149.978971323618651,-35.502334346164176],[149.978971466621175,-35.502315208164063],[149.978972919623516,-35.502295864164047],[149.978974954625727,-35.502276493164089],[149.97897686362802,-35.502257274164144],[149.978980475632653,-35.502218084164198],[149.978985182637103,-35.502178723164342],[149.97899151964134,-35.502139632164642],[149.979000062645099,-35.502101239165142],[149.97901135764829,-35.502063976165893],[149.979022158650423,-35.502035533166669],[149.979034430652234,-35.502007450167554],[149.979048127653755,-35.501979948168582],[149.979063178654997,-35.501953263169732],[149.979079510655879,-35.501927644170998],[149.979100432656196,-35.501900698172683],[149.979123999655883,-35.501875590174592],[149.979148802655317,-35.501851289176628],[149.979173391654797,-35.501826791178644],[149.979196365654616,-35.501801055180501],[149.9792447176564,-35.501731630184317],[149.979286095659944,-35.501656629187472],[149.979324721664256,-35.501579342190375],[149.979364809668169,-35.501503050193406],[149.979410588670703,-35.501431033196972],[149.979482390670313,-35.501350170202784],[149.979565594667321,-35.501276254209664],[149.979649891663939,-35.501203816216638],[149.979724992662483,-35.50112739022277],[149.979780587665317,-35.501041543227124],[149.979792428666997,-35.501015072227993],[149.979803616668818,-35.500988162228793],[149.979813754670914,-35.500960831229513],[149.979822440673217,-35.500933160230112],[149.979829289675877,-35.50090521023052],[149.979831369685115,-35.500832943230215],[149.979815467697591,-35.50075743022829],[149.97979170371147,-35.500680063225687],[149.979770217725104,-35.500602264223247],[149.979761127736651,-35.500525443221925],[149.97976243674006,-35.500498148221858],[149.979765242743241,-35.500470844221923],[149.97976836174638,-35.500443549222013],[149.979770620749633,-35.500416298222028],[149.979770854753184,-35.500389120221868],[149.979762069762586,-35.500328308220666],[149.979743800773406,-35.500267918218647],[149.979720180785023,-35.500207752216156],[149.979695350796817,-35.500147613213556],[149.979673469808176,-35.500087268211203],[149.979656034817538,-35.500036863209324],[149.979637130827115,-35.499986566207312],[149.97961914883652,-35.499936162205366],[149.9796045018455,-35.499885408203745],[149.979595582853676,-35.499834090202604],[149.979593215857619,-35.499806911202214],[149.979591763861492,-35.499779490201895],[149.979591494865161,-35.499752025201687],[149.979592678868613,-35.499724720201606],[149.979595582871724,-35.499697766201692],[149.979605192876107,-35.499653439202248],[149.979620233879615,-35.499609570203269],[149.979639219882415,-35.499566426204666],[149.979660706884687,-35.499524323206288],[149.979683215886581,-35.499483537208008],[149.979708439888185,-35.49944221320996],[149.979736336889204,-35.499402252212157],[149.979766222889737,-35.499363474214555],[149.979797425889956,-35.499325709217054],[149.979829266889908,-35.499288787219633],[149.979859537889496,-35.499256813222082],[149.979891575888587,-35.499226371224729],[149.979924060887555,-35.499196333227395],[149.979955667886799,-35.499165587229982],[149.979985060886577,-35.499132985232364],[149.980001357886835,-35.499112162233679],[149.980016936887267,-35.499090756234914],[149.980047378888315,-35.499047317237313],[149.980062958888794,-35.499025875238544],[149.980092727889058,-35.498989043240933],[149.980124200888952,-35.498953241243484],[149.980155395888914,-35.498917349246],[149.980184331889376,-35.498880257248317],[149.980209018890804,-35.498840869250238],[149.980230012894395,-35.498789318251745],[149.9802437458996,-35.498733956252593],[149.980254753905427,-35.498677107253179],[149.980267634910859,-35.498621082253948],[149.980286916914935,-35.49856821325529],[149.980302289916636,-35.498537485256449],[149.980318962918062,-35.498507258257739],[149.980336845919226,-35.49847766925911],[149.980355858920092,-35.498448850260601],[149.980375498920694,-35.498421554262166],[149.98029736895279,-35.498269848254211],[149.980219830984879,-35.498117828246329],[149.980142884016885,-35.497965522238481],[149.980066520048837,-35.497812901230695],[149.979990748080752,-35.49766000322294],[149.979917988111964,-35.497509086215501],[149.979846859142981,-35.49735731720817],[149.979775756174007,-35.497205557200843],[149.979703121205176,-35.497054604193409],[149.979627349236608,-35.496905291185691],[149.97955690126463,-35.496775547178565],[149.979483836292843,-35.496647183171234],[149.979409668321182,-35.496519392163812],[149.979335868349494,-35.496391396156419],[149.979263968377666,-35.49626238714918],[149.979193986405221,-35.496135206142128],[149.979123663432915,-35.496008043135028],[149.979054793460421,-35.495880172128068],[149.978989150487649,-35.4957508941214],[149.97892850951439,-35.495619482115146],[149.978886002534807,-35.495514738110671],[149.978847107554856,-35.495408452106517],[149.978809889574734,-35.495301423102504],[149.978772446594661,-35.495194465098457],[149.978732844614797,-35.495088385094242],[149.978667989645658,-35.494930969087427],[149.978599460676833,-35.494774996080316],[149.978529801708135,-35.4946194630731],[149.978461594739315,-35.494463373066012],[149.97839740377006,-35.494305724059259],[149.978338859800402,-35.494144606053005],[149.978284708830301,-35.493981784047101],[149.978231875860047,-35.493818461041329],[149.978177275889976,-35.493655828035401],[149.978117853920367,-35.493495104029037],[149.978060851947902,-35.493353465023048],[149.978001734975663,-35.493212569016862],[149.97794036800363,-35.493072606010486],[149.977876616031807,-35.492933790003896],[149.9778103630602,-35.492796281997116],[149.97774200408702,-35.492673018990224],[149.977666267114614,-35.492552506982719],[149.977591158142133,-35.492432129975242],[149.977524708168602,-35.492309278968527],[149.977474922193238,-35.492181344963271],[149.977448308214434,-35.492051932960038],[149.977437632233801,-35.491917992958193],[149.977434674252322,-35.491781687957015],[149.977431214270922,-35.491645139955779],[149.97741903329063,-35.4915104829538],[149.977403740304851,-35.491420798951829],[149.977385490319477,-35.491331526949629],[149.977366504334157,-35.49124237094734],[149.977348980348722,-35.491153045945175],[149.977335148362727,-35.491063235943358],[149.977325234374575,-35.490985195941953],[149.977315921386378,-35.490906742940602],[149.977308768397904,-35.490828191939435],[149.977305335408829,-35.490749819938607],[149.977307190418827,-35.490671914938233],[149.977315832429269,-35.490583009938405],[149.9773301654389,-35.490493800939085],[149.977349967447537,-35.490405290940238],[149.977375004455183,-35.490318474941859],[149.977405051461687,-35.490234375943956],[149.977794628440364,-35.489943031976495],[149.978387759378307,-35.489722244027526],[149.978659468357193,-35.489566174050523],[149.979301937281548,-35.489390933106243],[149.979978766211275,-35.489135330164451],[149.980278290188892,-35.488956214189777],[149.980590901179738,-35.488662485215471],[149.982562609024143,-35.487546684382565],[149.984016348949439,-35.486422211503751],[149.984636604896934,-35.486098177556492],[149.984950641863264,-35.48598768158358],[149.986442701725849,-35.485292428711048],[149.98759094665624,-35.484484516807306],[149.988211094605276,-35.484149017859984],[149.988496491586631,-35.48395849988399],[149.988788834567657,-35.483762209908569],[149.989708810488253,-35.483293364986906],[149.990881095363449,-35.482874661087941],[149.992288793243546,-35.482145434207759],[149.99288886117975,-35.481930272259468],[149.99434468706616,-35.481097690382853],[149.99456643906791,-35.48082733740069],[149.995221967003971,-35.480548862456899],[149.996510641902347,-35.479820253566174],[149.997536438790888,-35.479471007654737],[149.997854920764411,-35.47930097868182],[149.998121698742267,-35.479158549704501],[149.998748014702556,-35.478731344757122],[149.999275950684762,-35.478253144800703],[149.999476923685876,-35.478011529816868],[149.999711028712227,-35.477540689834463],[150.000161659711551,-35.477022840870909],[150.001198286666096,-35.476162980956985],[150.001903666645802,-35.475497513015021],[150.002063163647165,-35.475302188027854],[150.002222104658443,-35.475032454040125],[150.002367304667359,-35.474797122051399],[150.002491688676344,-35.474584784061008],[150.002754190696834,-35.47412569308117],[150.002864617707189,-35.473919136089577],[150.002982037716521,-35.473712553098601],[150.003071067737778,-35.47344885010471],[150.003174243753818,-35.473207979112225],[150.003256219776915,-35.472938585117681],[150.003296431802568,-35.472698001119618],[150.003336554829815,-35.472445962121476],[150.003404877848936,-35.472222427126034],[150.003452081873547,-35.471981807128586],[150.003478382899857,-35.471752724129381],[150.003448630936248,-35.471512454125126],[150.003467768966686,-35.471260513125117],[150.003472789001535,-35.470991460123741],[150.003491962031234,-35.470745247123787],[150.003511190060095,-35.470504753123869],[150.003558179088571,-35.470235520126224],[150.003591391115322,-35.46999496312754],[150.003610394148041,-35.469725838127417],[150.003671672168991,-35.469496612131302],[150.00370475819804,-35.469238889132484],[150.00370998422909,-35.468998457131342],[150.003715084262438,-35.468740851130057],[150.003706192297926,-35.468483316127525],[150.003718499326368,-35.468254296127085],[150.003702391366744,-35.467968167123729],[150.003714581397475,-35.46772198012313],[150.003712770430354,-35.467475857121322],[150.003711040461695,-35.467241189119591],[150.003695281495965,-35.467000848116577],[150.003686219534501,-35.466720410113872],[150.003747075563098,-35.466433940117341],[150.003780367588291,-35.466204830118748],[150.003778682618901,-35.46597588211705],[150.003797981646272,-35.465746834117219],[150.003775221681593,-35.465506529113576],[150.003703626722142,-35.465283613105726],[150.003659881760683,-35.465043396100235],[150.003672180789096,-35.464814385099771],[150.003635221830393,-35.464545520094688],[150.003591100875809,-35.464253797088809],[150.003603237907299,-35.46400188308818],[150.003643404933769,-35.463755571090097],[150.003690465960659,-35.463497786092525],[150.003807705973031,-35.463268299101372],[150.003987989974263,-35.463049982115862],[150.004203412967087,-35.462854398133658],[150.004383946963685,-35.462670422148413],[150.004640872958475,-35.462411696169454],[150.004856510947462,-35.462244734187436],[150.005086042935858,-35.462066262206584],[150.005280686928018,-35.461899398222712],[150.00541899193567,-35.461681269233516],[150.005543088949281,-35.461434581242855],[150.005667517956823,-35.461233681252509],[150.005770504975885,-35.460969917259867],[150.005817789998986,-35.460740736262515],[150.005864922024386,-35.460494397265037],[150.005870229053897,-35.460265413263961],[150.005833216095937,-35.459990829258835],[150.005837968135381,-35.459687434257219],[150.00578718717577,-35.459441524251055],[150.005736568213052,-35.459218518245059],[150.005678490259839,-35.458932575237988],[150.005557845309426,-35.458698427225698],[150.005423457356471,-35.458498691212448],[150.005358809396711,-35.458270019205173],[150.005265629451145,-35.457967063194864],[150.005235788489074,-35.457715345190536],[150.005206118523972,-35.457486512186343],[150.00507641061202,-35.456971933171381],[150.005039111659386,-35.45665727916596],[150.005023433692116,-35.456428384163019],[150.005028731721637,-35.456199398161942],[150.005082874745938,-35.45595302316508],[150.005080965780337,-35.455695451163173],[150.005107051810455,-35.455437755163757],[150.005224228823607,-35.455202548172537],[150.00533462083402,-35.454995982180925],[150.005423902849941,-35.454772348187355],[150.005464222873343,-35.454548930189411],[150.005511534895618,-35.454325475192114],[150.005523833924087,-35.454096463191654],[150.00546622296244,-35.453873484185038],[150.005387466007107,-35.453627700176405],[150.00532985504546,-35.453404729169797],[150.005181277098501,-35.453176434155075],[150.00509561814269,-35.45294213314591],[150.004968213188732,-35.452742361133261],[150.004875481235473,-35.452496640123393],[150.004768657285922,-35.452239543112178],[150.004606266338072,-35.452034204096385],[150.004548529378752,-35.451794050089653],[150.004518823414344,-35.451559498085437],[150.004363208469243,-35.45132550107008],[150.004263600514776,-35.451096999059693],[150.004219686556354,-35.450833888054028],[150.004217831589983,-35.450582035052165],[150.004272019613552,-35.450341388055357],[150.004389313624415,-35.450123348064281],[150.004541746626842,-35.449928050076466],[150.004778459610321,-35.449778164096443],[150.005042879594157,-35.449593812118636],[150.005258230587714,-35.449392498136376],[150.005396464596146,-35.449168640147128],[150.00546476061524,-35.448945096151668],[150.005525796640029,-35.448687238155337],[150.005516905675478,-35.448429702152822],[150.00552220370497,-35.448200717151742],[150.005492487740611,-35.447966165147513],[150.005441626782471,-35.447708809141282],[150.00540496481841,-35.447480012136488],[150.005340361857861,-35.447257068129268],[150.005331630890254,-35.447022418126899],[150.005350249929847,-35.446701793126387],[150.005327400966678,-35.446450031122659],[150.005318670999088,-35.446215389120297],[150.00536589302294,-35.445980497122903],[150.005406124047852,-35.445745622124896],[150.005425406075233,-35.445516583125055],[150.005409683108667,-35.445281959122077],[150.005442958133898,-35.445052848123481],[150.005427065170437,-35.444795339120333],[150.005383366208207,-35.444560849114879],[150.00546547622821,-35.444314347120496],[150.005617343240601,-35.444044637132137],[150.005741754248135,-35.443843736141808],[150.005894169250553,-35.443648427154017],[150.006122849253501,-35.443361193172343],[150.006358852249235,-35.443119720191639],[150.006567480238544,-35.442958511209042],[150.006811112221754,-35.442802868229585],[150.007047877203718,-35.442664419249652],[150.007334151168266,-35.442600165274598],[150.007613477133162,-35.442541656298978],[150.007892543102571,-35.442448816323093],[150.008129434082264,-35.442327541343275],[150.008415538049917,-35.442240384368056],[150.008701515019794,-35.442136061392709],[150.008987402991266,-35.442020281417271],[150.009238232969579,-35.441893216438665],[150.009517469935957,-35.441823261462943],[150.009796572904662,-35.441736139487112],[150.010089927866602,-35.441683297512768],[150.010362207833339,-35.441619096536478],[150.010613297807026,-35.441526372558123],[150.010892696770412,-35.441479311582569],[150.011207116727633,-35.441437808610168],[150.011471544710702,-35.44125916463242],[150.011686850704308,-35.441057841650156],[150.011902452692539,-35.440896587668185],[150.011977750709832,-35.440678726673397],[150.012087935723315,-35.440449265681615],[150.01223312573066,-35.440225362692985],[150.012378404736523,-35.440012915704436],[150.012579941728433,-35.439840268721156],[150.012788623716233,-35.439690497738631],[150.013045620708027,-35.439454636759834],[150.013268080697515,-35.439276172778364],[150.013504361687922,-35.439074750797957],[150.013705280690544,-35.438821974814076],[150.013906620685503,-35.438626433830606],[150.014016671701313,-35.43837979883871],[150.014091754722386,-35.438133323843701],[150.014110749754366,-35.437869925843614],[150.014109037784948,-35.437640966841904],[150.014086287819481,-35.437406387838301],[150.014014683860012,-35.437183470830455],[150.013887170908305,-35.436966541817675],[150.01372494995735,-35.436784114802073],[150.013527591014793,-35.436578946783172],[150.01335092007443,-35.436333618765865],[150.013223533120424,-35.436133855753212],[150.013124042163668,-35.435922520742963],[150.012961740214251,-35.435728637727266],[150.01273696926603,-35.435598013706439],[150.012484193322905,-35.43546178768311],[150.012245528375274,-35.435342655661138],[150.011999995426464,-35.435240752638684],[150.011712422485544,-35.43512758161242],[150.011459772540093,-35.435008512589206],[150.0112350095919,-35.434877888568394],[150.011002825652383,-35.43469005554654],[150.010833621702517,-35.434507647530296],[150.010664291754892,-35.434308080513937],[150.010446395807946,-35.434160237493607],[150.010263252859403,-35.433983627476188],[150.010024380915638,-35.433835882454005],[150.009855184965744,-35.433653482437784],[150.009706868014206,-35.433459536423307],[150.009523653067163,-35.433271471405796],[150.009333518119746,-35.433094889387746],[150.009143257174571,-35.432901131369576],[150.008967115225033,-35.432724477352757],[150.008755924282298,-35.432536546332763],[150.00860745433377,-35.432319697318135],[150.008459153382233,-35.43212575130368],[150.008310638434438,-35.431903183289016],[150.008176241482261,-35.431697728275701],[150.008048800529792,-35.431486517262982],[150.007893392581593,-35.431275423247776],[150.007710249633078,-35.431098805230356],[150.007561823683773,-35.430887684215783],[150.007441329730966,-35.430670718203615],[150.007341695777285,-35.430436479193197],[150.007283958817936,-35.430196333186473],[150.00718440486267,-35.429973541176139],[150.007250926913088,-35.429515320178943],[150.007228248946888,-35.429286451175386],[150.00730338496723,-35.429045705180414],[150.007448735971536,-35.428844705191956],[150.00755895798423,-35.428620973200218],[150.007697146992598,-35.428397115210963],[150.007835291001811,-35.428167512221648],[150.007987679004287,-35.427972213233843],[150.008140022007524,-35.427771178245997],[150.008313296008311,-35.427564325259972],[150.008486481010635,-35.427346034273839],[150.008659890009113,-35.427156347287941],[150.00880519601418,-35.426949629299436],[150.008915453026162,-35.426731615307737],[150.009109829021412,-35.426541839323697],[150.009283228019967,-35.426352152337785],[150.009449466022573,-35.426139607351097],[150.009552740035588,-35.425921630358772],[150.009669676051772,-35.425663512367393],[150.009787006061146,-35.425456910376418],[150.00993200807153,-35.425210122387597],[150.010056329079816,-35.425003484397237],[150.010215476085051,-35.424779528409843],[150.010339843092567,-35.424578618419517],[150.010485141097632,-35.424371890430997],[150.010665649092772,-35.424199352445839],[150.010880955085639,-35.424003749463616],[150.01113859806523,-35.423859483485487],[150.011389366043545,-35.423732401506868],[150.011640394017348,-35.423639669528498],[150.011905109994302,-35.423506814551068],[150.012162869971604,-35.423379705573069],[150.012413690949188,-35.423258360594502],[150.012657547927034,-35.423142760615356],[150.012880311910465,-35.423010094634222],[150.01315227088179,-35.422911535657654],[150.013409814862882,-35.422755813679444],[150.013592026850347,-35.422639344694829],[150.013653375846133,-35.422600145700009],[150.013876086830265,-35.422461750718817],[150.014098752815215,-35.422317627737606],[150.014321292802407,-35.422156338756238],[150.014515820794685,-35.421989447772354],[150.014745352780807,-35.421828113791641],[150.014939916772306,-35.421666950807797],[150.015148293764724,-35.421482821825052],[150.015356545759403,-35.421281526842158],[150.015508763764217,-35.421069035854224],[150.015696299757536,-35.420902170869738],[150.015918785745527,-35.420735144888347],[150.016155211732126,-35.420562346908135],[150.016356596725586,-35.420378244924756],[150.016572091714636,-35.420211254942743],[150.016801614700796,-35.420049929962012],[150.017023966691056,-35.41986572898049],[150.017197286690362,-35.419670313994551],[150.01743354168002,-35.419474604014184],[150.017691453654294,-35.419370380036348],[150.017928049637817,-35.419220467056334],[150.01803132465011,-35.419008199064059],[150.018190659651509,-35.418812838076875],[150.018349905654503,-35.41860603908961],[150.018488219659872,-35.418405067100522],[150.018591270675955,-35.418164168108028],[150.018603488705168,-35.417929419107523],[150.018566781741072,-35.41770063110274],[150.018578937771025,-35.417460163102191],[150.018611907800874,-35.417196693103335],[150.018637966830227,-35.416944715103945],[150.0186221998637,-35.416710100100964],[150.018634444892143,-35.416481079100514],[150.018695157921513,-35.416188870103923],[150.018777403937719,-35.41597097410974],[150.018852620955812,-35.415747385114912],[150.018920791975688,-35.4155181041194],[150.019023842991771,-35.415277214126917],[150.019113035007706,-35.41505356313332],[150.019237017021339,-35.414806847142657],[150.019389396023087,-35.414617249154908],[150.019499689033552,-35.414410674163285],[150.019560788056026,-35.41416996416708],[150.019614976078032,-35.413940754170341],[150.019725144090785,-35.413717004178594],[150.019814372105913,-35.413499089185045],[150.019896528123695,-35.41326972719078],[150.020048817126963,-35.41306868320293],[150.020242825127667,-35.412838819218592],[150.020444049123427,-35.412637542235089],[150.020687046115881,-35.412413173255125],[150.020888610105573,-35.41225768427195],[150.021138894091564,-35.412073349292918],[150.021361613074987,-35.411940664311786],[150.02166122604666,-35.411807612337462],[150.021728644040365,-35.411777234343234],[150.021905082023807,-35.411697723358358],[150.022155975999169,-35.41159351737992],[150.022413457980292,-35.411437768401697],[150.022671261956077,-35.411322097423806],[150.022928931934189,-35.411189233445768],[150.023200531910902,-35.411050588468918],[150.023472436882258,-35.410952002492387],[150.023751512849486,-35.41087629351663],[150.024009568820702,-35.410794945538981],[150.024274606790812,-35.410713571561949],[150.024546780757618,-35.410649335585667],[150.024860851718728,-35.410579175613051],[150.025118853690714,-35.410492108635353],[150.025412083652782,-35.410439221661022],[150.025740353607944,-35.410397611689881],[150.02604053056973,-35.410338960716103],[150.026326849531273,-35.410297556741241],[150.026599847483538,-35.410342063765768],[150.026887017430596,-35.410409410791694],[150.027146560375797,-35.4105226718155],[150.027398986324386,-35.410618793838537],[150.02763778626894,-35.410760783860688],[150.027959809212206,-35.410816504889652],[150.028205287161086,-35.410918390912116],[150.028416299106908,-35.411083399931961],[150.02876568005658,-35.411058857962807],[150.029107360019566,-35.410942765992345],[150.02939328498806,-35.410849828017092],[150.029651285960028,-35.410762752039396],[150.029902125936161,-35.410652809060927],[150.030243680901378,-35.410519542090327],[150.030578395864723,-35.410409196119289],[150.030892198830458,-35.410304676146438],[150.031185374793267,-35.410246052172056],[150.031506473752614,-35.410181566200123],[150.031785926712928,-35.410157346224764],[150.032058279676676,-35.410115987248666],[150.032372610633246,-35.410080158276322],[150.032693700592546,-35.410015663304378],[150.032979311566379,-35.409882656328847],[150.033166730560538,-35.409710046344308],[150.03336817855174,-35.409543091361058],[150.03357675353962,-35.409393268378558],[150.033855416513774,-35.40926600640244],[150.034120491483151,-35.409190333425464],[150.034378349457455,-35.409086073447639],[150.034643298429103,-35.408993225470539],[150.034880046408858,-35.408871888490729],[150.035123660389871,-35.408733350511433],[150.035325144380352,-35.408572115528223],[150.035491454379951,-35.408382419541709],[150.035542826378361,-35.408335278545955],[150.035685811373838,-35.40820404555776],[150.036061717360553,-35.407869375588866],[150.036069148360951,-35.407857561589438],[150.03607623836146,-35.407845495589996],[150.036082961362069,-35.407833214590504],[150.036089317362752,-35.407820746590986],[150.03609526036351,-35.407808124591433],[150.03610148136454,-35.407793226591885],[150.036107021365694,-35.407778014592267],[150.036112130366945,-35.407762614592627],[150.036117043368222,-35.407747133592949],[150.036122018369497,-35.407731697593292],[150.036128678371114,-35.407711985593757],[150.036135365372729,-35.407692238594201],[150.036141783374376,-35.407672436594645],[150.036147619376095,-35.407652482595033],[150.036152603377985,-35.407632367595326],[150.036155597379462,-35.407617971595492],[150.036158268380973,-35.407603494595641],[150.036160599382526,-35.407588955595749],[150.036162544384155,-35.407574370595825],[150.036164077385848,-35.407559759595856],[150.036165260388202,-35.407540746595835],[150.036165646390685,-35.407521644595747],[150.036165422393225,-35.407502497595601],[150.036164821395857,-35.407483350595427],[150.036164077398496,-35.407464238595225],[150.036162293401333,-35.407444993594929],[150.036159362404362,-35.40742564859454],[150.036156548407348,-35.407406367594156],[150.036155140410045,-35.407387336593899],[150.036156422412375,-35.407368718593887],[150.036159309413677,-35.40735539759406],[150.036163351414785,-35.407342202594336],[150.036168228415789,-35.407329178594672],[150.036173660416608,-35.407316359595086],[150.036179352417435,-35.407303756595489],[150.036187635418401,-35.407286850596115],[150.036196823419175,-35.407270248596824],[150.03620682741979,-35.407254077597592],[150.036217593420218,-35.407238462598443],[150.036229049420427,-35.407223519599363],[150.036242109420414,-35.407208531600418],[150.036256192420126,-35.407194297601578],[150.036271000419674,-35.407180680602806],[150.03628624841906,-35.407167548604065],[150.0363016754184,-35.407154748605343],[150.036317165417614,-35.407142601606637],[150.036333139416712,-35.407131029607967],[150.036349381415732,-35.407119806609352],[150.036365714414671,-35.407108682610712],[150.036381948413691,-35.407097432612083],[150.036397034412886,-35.407086370613349],[150.036411977412087,-35.407075013614595],[150.036427019411235,-35.407063853615867],[150.036442410410274,-35.407053338617153],[150.036458393409049,-35.407043944618508],[150.036475971407441,-35.407035590620019],[150.036494186405633,-35.407028436621573],[150.03651279540361,-35.407022027623199],[150.036531530401561,-35.407015887624816],[150.036550130399547,-35.40700955862642],[150.036563684398118,-35.407004763627597],[150.036577255396651,-35.40700003962877],[150.03659084539521,-35.406995377629933],[150.036604452393732,-35.406990779631109],[150.036618104392204,-35.406986252632294],[150.038061084275114,-35.406200678755113],[150.038227832267097,-35.406068226769001],[150.038455787278565,-35.405717958786887],[150.038536625317789,-35.405328320791433],[150.038554635365074,-35.404950433790482],[150.038440264424992,-35.404630427778159],[150.038185786511548,-35.404271024753143],[150.03767174665299,-35.403798368704308],[150.037600465687348,-35.403621266696781],[150.037557664826551,-35.402619736686241],[150.037605030845839,-35.402419167689082],[150.038194884065121,-35.400080863725648],[150.038842476126263,-35.398869951774969],[150.039741695266542,-35.39677056184064],[150.03986562227945,-35.396529545850008],[150.040611998308833,-35.395444076908944],[150.040976006361745,-35.394623752935722],[150.041146868400858,-35.394130651947577],[150.0411777924636,-35.393621037946872],[150.040877316742922,-35.39185942690829],[150.040867662789111,-35.391521742905162],[150.041051817837598,-35.390942703917595],[150.041164358925784,-35.390146491922202],[150.041282216041225,-35.389138460925878],[150.041542725203868,-35.387608831938671],[150.04168131531992,-35.386572071943966],[150.041674895428514,-35.385759258937902],[150.041556945666315,-35.384099803916222],[150.041533764706969,-35.383819427912272],[150.041609062721989,-35.383618714917596],[150.041961543734232,-35.383118999945523],[150.04176877288279,-35.382219711922332],[150.041800245162904,-35.380067337910589],[150.040347873452845,-35.379557172778178],[150.04003813985301,-35.37689217273266],[150.038742522247844,-35.375407792607604],[150.03868634442307,-35.374148968594106],[150.038476891519622,-35.373661594572226],[150.038474023551885,-35.373421135570332],[150.038447838846821,-35.371222766553153],[150.038074803035784,-35.370226318513303],[150.037019620570248,-35.367407682400575],[150.0373476736128,-35.366706642424951],[150.038103471503916,-35.366655567491719],[150.041100304326648,-35.364529433743428],[150.041613115331813,-35.363897578784695],[150.041623136334124,-35.363868436785388],[150.042010082423843,-35.362742967812132],[150.044915446537772,-35.358523204041632],[150.044550904829748,-35.356738302997179],[150.04443972201409,-35.355473647978762],[150.04404472317924,-35.354682123938318],[150.044385928246299,-35.353780911962531],[150.045071699474818,-35.351260973006404],[150.045500544508428,-35.350511458039428],[150.045916965672149,-35.34879254906479],[150.046727013734653,-35.347384100127201],[150.045776427899455,-35.347237062041785],[150.043838423289174,-35.346531394864897],[150.042137956671098,-35.34560955270765],[150.04142043493701,-35.344428814635961],[150.041447146987423,-35.344016650635545],[150.04146393698673,-35.344002361636946],[150.041481057985976,-35.343988413638371],[150.041498474985104,-35.343974842639817],[150.041516187984172,-35.343961647641294],[150.041534151983114,-35.343948864642812],[150.041566287980743,-35.343929350645531],[150.041600233977846,-35.343912255648441],[150.041634467974774,-35.343895663651359],[150.041667472972136,-35.343877637654174],[150.041697716970361,-35.343856240656713],[150.041718710969803,-35.343836106658429],[150.041737902969771,-35.343813858659999],[150.041756413970006,-35.343790758661491],[150.04177535397011,-35.343768133663012],[150.041795854969763,-35.343747264664692],[150.041812500969115,-35.343732716666075],[150.04182964896836,-35.343718651667494],[150.04184721896749,-35.343705107668974],[150.041865199966423,-35.343692136670477],[150.041883513965303,-35.343679757672007],[150.042059287993396,-35.343263783684812],[150.042290262997426,-35.342966376703316],[150.042549546025896,-35.342451395722854],[150.042577684037497,-35.342331196724537],[150.042613029065421,-35.342079308725971],[150.042585716118822,-35.341707087721026],[150.042509307163101,-35.341460775712576],[150.042384017215596,-35.341208662699749],[150.042035435317416,-35.340841730666313],[150.041895955353141,-35.340732746653181],[150.041700827417088,-35.340474816634128],[150.041408145511866,-35.340096500605569],[150.041011121655174,-35.339471834566098],[150.040788474754379,-35.338979101542989],[150.04063527081189,-35.338721225527649],[150.040516775848175,-35.338583636516191],[150.040133565976504,-35.338056320478614],[150.039994293028855,-35.337821365464649],[150.039715603122261,-35.337437347437302],[150.039430118230314,-35.336950243408658],[150.039137077282049,-35.336897848382286],[150.0389862223318,-35.336695647367534],[150.038667687427107,-35.336343300336871],[150.038010134807848,-35.334223654264157],[150.038178128846852,-35.333734426275754],[150.038046206146277,-35.33162214924976],[150.039114048211331,-35.329896077332883],[150.040166033249932,-35.328387911416094],[150.040201144251228,-35.328337569418878],[150.040630402421186,-35.326555723444926],[150.04161461963605,-35.32379310751363],[150.042627046629519,-35.322672580595956],[150.042971756847066,-35.320628600612736],[150.044668735959959,-35.317813867744377],[150.046361958924393,-35.316126715883335],[150.047401950830107,-35.315638364972408],[150.05105955727484,-35.31561335429712],[150.05074293160564,-35.31347720525455],[150.049849688886496,-35.312384646167807],[150.05105828614245,-35.309052907252621],[150.052168367953243,-35.309202158352235],[150.052665061880276,-35.309180313396212],[150.053098093830727,-35.309054890433842],[150.054180818719743,-35.308643999527256],[150.054348453701692,-35.308586952541766],[150.054676777669698,-35.30844993857],[150.054844368647878,-35.308421522584702],[150.055130749616978,-35.308324541609487],[150.055738472555902,-35.30808480866186],[150.056416239504586,-35.307690563719426],[150.056723605475014,-35.30755925074584],[150.057016969444561,-35.307450822771173],[150.057484907391199,-35.307313978811827],[150.058679260260931,-35.306920352915284],[150.059021559228341,-35.306771899944692],[150.059803774139823,-35.306538084012629],[150.061479474905752,-35.306374044160442],[150.062324240781948,-35.306334980235249],[150.062931559684614,-35.306370056289481],[150.063378207602682,-35.306473654329871],[150.063727014526734,-35.306645844362038],[150.063880441488124,-35.30676052937644],[150.064173232403959,-35.307058636404491],[150.065198264131453,-35.307935908501541],[150.0656376250204,-35.308268527542857],[150.066132859902297,-35.308589754589036],[150.066425829833264,-35.308773328616326],[150.066872371739294,-35.308968530657339],[150.067207347675208,-35.309066256687785],[150.067786682575331,-35.309152815739871],[150.067961229550178,-35.309141565755326],[150.068296411506566,-35.309084690784729],[150.068450063489877,-35.309033327798033],[150.068603769476994,-35.308953341811169],[150.069058038455324,-35.308593124849104],[150.069435333428714,-35.308358789881062],[150.069812699408942,-35.308072919912682],[150.070818595315103,-35.307621701999061],[150.070986231297809,-35.307558901013543],[150.071489049236902,-35.30743922405744],[150.07188703318289,-35.307388131092473],[150.072501390089798,-35.30738308614707],[150.073004110020577,-35.307326390191378],[150.073506882956622,-35.307229598235438],[150.074344900855891,-35.307024388308562],[150.074903626795503,-35.306836038356977],[150.075057323784165,-35.30674458837003],[150.07523203277637,-35.306601631384595],[150.075944724732722,-35.306109967444634],[150.076615321673444,-35.305784306502083],[150.076769036664359,-35.305675681515012],[150.077747036585436,-35.305144209598389],[150.078228968537587,-35.304950032639951],[150.078375637521987,-35.304898669652651],[150.078892475469559,-35.304698791697263],[150.079171803436736,-35.304624651721596],[150.079500065403295,-35.30449902174994],[150.080435788290686,-35.304270962831623],[150.080756985249138,-35.304214032859818],[150.080910582227943,-35.304197019873371],[150.08126659517211,-35.304208834905118],[150.081873886072515,-35.304260997959489],[150.082781369929307,-35.304296282040447],[150.083060561881382,-35.304336638065564],[150.083730554757807,-35.304497660126259],[150.084044669706032,-35.30452660615439],[150.084337800652918,-35.304589892180893],[150.084616875591337,-35.304733317206704],[150.085372761407399,-35.305251142277449],[150.085785587467143,-35.304323978307913],[150.087167176679031,-35.301131209409213],[150.087242420690615,-35.300957326414732],[150.087259380693183,-35.300918126415986],[150.087295137728887,-35.300607515417063],[150.086730426902278,-35.299948453362354],[150.086597929938449,-35.299828084349748],[150.086123638057103,-35.299478326305184],[150.085684306177285,-35.299077070263365],[150.085579732209141,-35.298956719253255],[150.085224168315733,-35.298561271218951],[150.085091672351922,-35.298440893206347],[150.084764075458764,-35.298011114174287],[150.084520058531695,-35.297741745150752],[150.084464365557579,-35.297609992144913],[150.084374062623681,-35.297214805134203],[150.084255702677353,-35.296945562121842],[150.08421395769966,-35.296825274117325],[150.084067647755347,-35.296573179102595],[150.083879924871184,-35.295914495081433],[150.08372681194686,-35.295519245065137],[150.083594486001914,-35.295255721051582],[150.083420272061829,-35.295003599034381],[150.08329478609997,-35.294860318022245],[150.08317626413475,-35.29473423101085],[150.082702197273818,-35.294229852965259],[150.082346965415212,-35.293570997929201],[150.082305220436723,-35.293456437924711],[150.082312507471215,-35.293187320923529],[150.082410502488102,-35.292946933930629],[150.08248044749331,-35.292826753936026],[150.082585281493238,-35.292706617944546],[150.082759881478694,-35.292615176959458],[150.082955412458688,-35.292540937976341],[150.08359776938488,-35.292358351032256],[150.084337995312012,-35.292055611096053],[150.08471510027718,-35.291884211128455],[150.084882735265268,-35.291781305142663],[150.085050352251784,-35.29168986315694],[150.085203986237417,-35.291621298170163],[150.085727929211231,-35.291215266214039],[150.086049153180369,-35.291078162241675],[150.086370251133644,-35.291061301270133],[150.086670373086292,-35.291073045296919],[150.087096044009172,-35.291165079335414],[150.087277438971654,-35.291239695352047],[150.087444867935488,-35.291320022367486],[150.087591400907826,-35.291360244380805],[150.087751819869652,-35.29146347339578],[150.088219083749834,-35.291830388439834],[150.088525991677216,-35.292025374468473],[150.088812022615372,-35.292163079494848],[150.089265544523386,-35.292335287536382],[150.089586525463005,-35.292421495565527],[150.089726094437907,-35.292450251578138],[150.090040155383093,-35.29250209160643],[150.090566080313891,-35.292419291652664],[150.09114293720873,-35.292548938704883],[150.091449998155014,-35.292600769732566],[150.091757139110427,-35.292583881759789],[150.092343426016384,-35.292618779812194],[150.092482985989733,-35.29265899282489],[150.092804011933936,-35.292710831853803],[150.093341329831446,-35.292865927902675],[150.094150908695724,-35.292958293975367],[150.094632524620692,-35.292970190018309],[150.09496748955894,-35.293050661048667],[150.095260575503602,-35.293131095075289],[150.096112020356912,-35.293257840151945],[150.096747226261471,-35.293246959208417],[150.097396336157829,-35.293281903266418],[150.097556899135583,-35.293264862280601],[150.098038669081774,-35.293116411322487],[150.098366903054426,-35.292944922350543],[150.098848844025582,-35.292607509391168],[150.099128287017066,-35.292350082414295],[150.099610200984444,-35.292041300455104],[150.099742930979346,-35.291926893466147],[150.10017599995723,-35.291595155502456],[150.100371539941818,-35.29148653051913],[150.100504278938217,-35.291360676530104],[150.100860454912663,-35.29114339856033],[150.101146880904622,-35.290874506584018],[150.101454184884233,-35.290674359610009],[150.101733592872677,-35.290439834633311],[150.101908309877899,-35.290199483647235],[150.102160028904706,-35.289707253666322],[150.102314138961589,-35.289100418675922],[150.102503036999479,-35.288596686689317],[150.102531176027043,-35.288356218690197],[150.102629206059845,-35.287995552696486],[150.102678401101628,-35.287623394698358],[150.102958159143867,-35.28698232671892],[150.103042125162887,-35.286741884724762],[150.103056252185041,-35.286558660724772],[150.103056486219884,-35.28629526272303],[150.103037160231452,-35.286230049720864],[150.102986899261623,-35.286060441715243],[150.10298001427779,-35.285945908713849],[150.103028976285486,-35.285831429717419],[150.103238590286878,-35.285579658734392],[150.103514439263705,-35.285436844757989],[150.10371340424706,-35.285333831775006],[150.10386006423829,-35.285230879787356],[150.104020663224446,-35.28515084980112],[150.104432559177496,-35.28503094883699],[150.104628064159812,-35.284939489853777],[150.105214507096861,-35.284739566904641],[150.105409967072347,-35.284699641921776],[150.105556510046966,-35.284722661934985],[150.105730940011256,-35.284791523950979],[150.106163461913411,-35.285032369991136],[150.106519196825758,-35.285284618024519],[150.106665659785932,-35.285416433038442],[150.107000356685575,-35.28578889707078],[150.107104948653699,-35.285909230080904],[150.107383925578517,-35.28615567810742],[150.107697835502563,-35.286367803136812],[150.108158171383764,-35.286734638180299],[150.108534766275483,-35.287118594216423],[150.10883469219786,-35.287359323244772],[150.108980222167816,-35.287418504258135],[150.109127734135683,-35.287491256271764],[150.109581195031609,-35.287755023313942],[150.109720737001965,-35.287818121326801],[150.110313560836374,-35.288385471383442],[150.11062747876116,-35.288591859412804],[150.110773949720652,-35.288729385426777],[150.111094841642057,-35.288952965456872],[150.111408714557797,-35.289228062486693],[150.111722642482533,-35.289434450516048],[150.111869104440501,-35.289583441530112],[150.112162145376033,-35.289732539557221],[150.112538955301119,-35.289864535591683],[150.112692454267801,-35.289939080605869],[150.112866848222978,-35.290076651622329],[150.113027312187114,-35.290162661637197],[150.113327264108705,-35.290409117665583],[150.113578336035488,-35.290672713689737],[150.113682937002068,-35.290804493699952],[150.113766605972614,-35.290930527708248],[150.113877857882017,-35.291486053721933],[150.113863326784099,-35.292241879725744],[150.113876968726601,-35.292659897729791],[150.113904793704904,-35.292791623733173],[150.113995337657684,-35.293043646742937],[150.114134745601547,-35.293307152757137],[150.114406793529668,-35.293536398782919],[150.114574240489674,-35.293645319798578],[150.114853369433405,-35.293748603824156],[150.115167494387748,-35.293731662852018],[150.115628234325015,-35.293674741892687],[150.115795789304798,-35.29363478090734],[150.116082036272445,-35.29354909493226],[150.116605631206227,-35.293446412978206],[150.116752255191443,-35.293389258990892],[150.11728995915189,-35.293068994036638],[150.117429645145734,-35.292954578048288],[150.117590262134115,-35.292857346061943],[150.118072031086427,-35.292663007103563],[150.118225611065242,-35.292645940117126],[150.118749125986113,-35.292640589163732],[150.11892363596175,-35.292623531179174],[150.119530981883543,-35.292515166232548],[150.119775348858383,-35.292423725253705],[150.120264136817212,-35.292172116295554],[150.120445711808486,-35.292029086310755],[150.120550508809941,-35.291897459319216],[150.120669281813804,-35.291731491328662],[150.121074399806645,-35.291319489361989],[150.121332947824925,-35.290884475382079],[150.121374908834468,-35.290764259384993],[150.12136113087297,-35.290489396381915],[150.121166065975586,-35.289939554360807],[150.121131321012768,-35.289699023356079],[150.121124500044942,-35.289464247353877],[150.121320309088702,-35.28890894636757],[150.121397283115641,-35.288616970372445],[150.12143233214141,-35.288382212373982],[150.121411571180289,-35.288113077370305],[150.121355896221388,-35.287866810363688],[150.121321089244162,-35.2877350933597],[150.121272316269824,-35.287597630354412],[150.121014314357751,-35.287230975328946],[150.120874889413955,-35.286967469314725],[150.12084706543564,-35.286835752311362],[150.120854119449746,-35.28672123731122],[150.120938309522671,-35.28607423431432],[150.121008273546153,-35.285816609318829],[150.121036276557078,-35.285702103320538],[150.121273947594432,-35.285146829337961],[150.121448610603437,-35.284877820351703],[150.121574509638918,-35.284465628360124],[150.121770112643958,-35.284202356375779],[150.122042482637312,-35.283939138398267],[150.122196088626794,-35.283841897411307],[150.122733684581988,-35.283561684457297],[150.122922170563101,-35.283487373473598],[150.123096725550141,-35.283384421488449],[150.12336209454304,-35.283132650510396],[150.123508718531298,-35.283052584522935],[150.124144138499673,-35.282560552576221],[150.124458325476809,-35.282371798602938],[150.124611913462502,-35.282303188616176],[150.125289124406237,-35.281948618674136],[150.125770794355589,-35.281777138715896],[150.126838790231432,-35.281485801809112],[150.127145940199739,-35.281371474835723],[150.127425159166989,-35.281297208860096],[150.127564773153324,-35.281240036872155],[150.127704361133539,-35.281228670884509],[150.128514131053294,-35.280902794954493],[150.128863161016028,-35.280782757984802],[150.129198243984661,-35.280634091013646],[150.12949840195256,-35.280531203039715],[150.129672912931255,-35.280491233055002],[150.129840431911759,-35.280445526069627],[150.129994020898977,-35.280365450082776],[150.130496684863346,-35.280056543125497],[150.130678187845518,-35.279982214141164],[150.131069079801108,-35.279867932175243],[150.132220745654337,-35.279651032276448],[150.132744206583624,-35.279582619322653],[150.133065260537677,-35.279559905351135],[150.133365393501009,-35.279491367377425],[150.133546877481734,-35.279428475393182],[150.133693493471526,-35.279336953405632],[150.133791263473313,-35.279211027413488],[150.133924039499362,-35.27886181642296],[150.133917119515615,-35.278747274421576],[150.133882294536818,-35.278627013417655],[150.133673247656048,-35.277968383394551],[150.133729372724929,-35.277384333395602],[150.133806275748157,-35.277120980400674],[150.133987850754636,-35.276863399415106],[150.134113525750621,-35.276748947425546],[150.13449057874476,-35.276359784456531],[150.134790792731621,-35.27611373248164],[150.135111891703986,-35.275953581509178],[150.135265498701017,-35.275799060521813],[150.135412096690089,-35.275713248534316],[150.135712291675446,-35.275478642559484],[150.136207901631025,-35.275244145602088],[150.136361463616709,-35.275175507615316],[150.136445259619137,-35.275061055622025],[150.136675670615887,-35.274820668640942],[150.136948078644224,-35.274294006661663],[150.137660295646498,-35.273458373719514],[150.137813858637543,-35.273349658732471],[150.137960455628104,-35.273252381744882],[150.13811400861303,-35.273189490758156],[150.13830244958811,-35.27316095877476],[150.139279451440672,-35.273150032861821],[150.139935471351293,-35.273070217919795],[150.140221611316065,-35.273007380944861],[150.14045890528746,-35.272950235965645],[150.14098240324185,-35.272692844010599],[150.141121990225884,-35.272652820022778],[150.141464002194255,-35.272498388052242],[150.142099191144524,-35.272143692106482],[150.142455241141874,-35.271754485135602],[150.142601838135477,-35.271634304147867],[150.142943823100069,-35.271508504177518],[150.143865242053806,-35.2707989152549],[150.144137506046491,-35.270541361277438],[150.144451559013845,-35.270426990304671],[150.14491217395809,-35.270318418345028],[150.145051742939842,-35.270295587357332],[150.146426467727309,-35.270319155480124],[150.146740511686232,-35.270267765507782],[150.147089425635357,-35.270250743538796],[150.147270883615306,-35.2701935715546],[150.147424418594966,-35.270170739568144],[150.147843153544812,-35.270067860604811],[150.148199131526241,-35.269798878634759],[150.148310823527453,-35.269661513643776],[150.148590025516029,-35.2694268636671],[150.148792468516348,-35.269192177683578],[150.149113622532724,-35.268699865708896],[150.149260201527824,-35.268568220721072],[150.149350953529222,-35.268453741728393],[150.149490558524661,-35.268327823739995],[150.149651085513113,-35.268230546753664],[150.150467642440361,-35.267841527823876],[150.15076077441924,-35.267664139848826],[150.150907353412066,-35.26754967886113],[150.151019036412521,-35.26741802487021],[150.151416894402047,-35.267040254903165],[150.151591379390652,-35.266925802917946],[150.151772846378179,-35.266811359933364],[150.151926363360104,-35.266771344946797],[150.152219440313189,-35.266788645973058],[150.152728836237117,-35.266777415018439],[150.153007939184704,-35.266851968043859],[150.153328885113751,-35.267018162073619],[150.153642847039322,-35.267218714102995],[150.153761449003753,-35.267350467114476],[150.153907955965508,-35.267470782128363],[150.154319562847292,-35.267888971167935],[150.154786997723676,-35.268284275212324],[150.155121917649865,-35.268456196243378],[150.155184692623578,-35.268582203249842],[150.155324252597751,-35.268616608262519],[150.155645197517657,-35.26885151929276],[150.15594521144692,-35.269040607320811],[150.156098719415951,-35.269097932334901],[150.156273167380959,-35.269160994350905],[150.156747665293466,-35.269275699394036],[150.157358532176687,-35.269454622449764],[150.157452421158723,-35.269482115458324],[150.157780394104208,-35.269516609487845],[150.157954851071537,-35.269562479503712],[150.159120202879535,-35.269671726608479],[150.159469106821064,-35.269711931639897],[150.159971545740689,-35.269740751684942],[150.16055772665365,-35.26972378473716],[150.161848708447849,-35.269792954852861],[150.162546535340766,-35.2697989269152],[150.162902431280429,-35.26984486794727],[150.16346068919006,-35.269885126997394],[150.164011982109912,-35.269856686046417],[150.164374871066769,-35.269765183078206],[150.16452143206115,-35.269639248090449],[150.164730804061918,-35.269393088107456],[150.165002986056976,-35.269118307129894],[150.165079772062768,-35.26898662613587],[150.165449716137118,-35.268001826162234],[150.165617217145041,-35.267749920175476],[150.16574284714568,-35.267601073185673],[150.166028968134015,-35.26736066020959],[150.166217391121251,-35.267240463225605],[150.166343012119597,-35.267108800235917],[150.166650064100224,-35.266902746261941],[150.166838496102656,-35.26666802427718],[150.166887350110414,-35.266553510280772],[150.166894342126056,-35.266427530280545],[150.166782714175014,-35.266186990268935],[150.16662919721665,-35.266049518254306],[150.166482672245792,-35.265997929240861],[150.166189595307173,-35.265871859213846],[150.165903529374305,-35.26569425418711],[150.165191836565555,-35.26506986511933],[150.164591789720077,-35.264594386062527],[150.164438290763968,-35.264439730047769],[150.164361550791597,-35.264319451040109],[150.16431969881549,-35.26418772503547],[150.164026676911021,-35.263803966006712],[150.163726690023594,-35.263299955976507],[150.163580192083913,-35.263013591961489],[150.163384877179027,-35.262521063940717],[150.163336042201706,-35.262406521935588],[150.163266312257122,-35.262068641927065],[150.163217485282019,-35.261936924921805],[150.162952395374873,-35.261541719895476],[150.162903559401315,-35.261398546890128],[150.162882656436381,-35.261158033886645],[150.162966443480627,-35.260728587891215],[150.162973471528943,-35.260356375889316],[150.162924663567566,-35.260121581883375],[150.162757253648493,-35.259703500865598],[150.162687495675101,-35.259583230858553],[150.161968936900792,-35.258706863788454],[150.161717793972485,-35.258454813764331],[150.161592209009058,-35.258323069752237],[150.161368998091689,-35.257956504729826],[150.161243422128308,-35.257824760717703],[150.161006245212292,-35.257463914694085],[150.160978358232512,-35.257343653690782],[150.160964438266518,-35.257103140687917],[150.160985414311199,-35.256742394687336],[150.161055244337803,-35.25646183069167],[150.161139022375181,-35.256083917696593],[150.161348430426841,-35.255454099711017],[150.16166944044258,-35.254967472736368],[150.161878785441814,-35.25473276875347],[150.162046250430734,-35.254624017767689],[150.162374180395261,-35.254515329796227],[150.162667230357471,-35.254463894822038],[150.163002124306473,-35.254464003851929],[150.163141666281433,-35.254492679864583],[150.163288182259123,-35.254492724877672],[150.163650972194745,-35.25456155991052],[150.164132391122223,-35.254555993953467],[150.164313795098394,-35.254527416969466],[150.164453347084731,-35.254470199981533],[150.16459987206855,-35.254424430994312],[150.165095257021193,-35.254212720037103],[150.166079045918536,-35.253857989122544],[150.166225570907613,-35.25377213313503],[150.166400000888672,-35.25371492515022],[150.166560473877126,-35.253617621163912],[150.166930265842865,-35.253451671195783],[150.167258194802088,-35.253383052224621],[150.167732640762523,-35.253136955265312],[150.168214069727981,-35.252845052306306],[150.168395464719367,-35.252701942321551],[150.168890850679645,-35.252432943363956],[150.169204814659963,-35.252221160390548],[150.169365288649203,-35.252118128404192],[150.169595537646074,-35.251877687423132],[150.169832761658569,-35.25151126544182],[150.170314172643828,-35.25107046248182],[150.170614178623254,-35.250881573507336],[150.170767668615838,-35.250761358520229],[150.170963021618775,-35.25051518953601],[150.171409544641989,-35.249828127571227],[150.171646758669738,-35.249347174589154],[150.171737455672684,-35.249221222596397],[150.171863031685461,-35.248980745605984],[150.172058383688409,-35.248734559621759],[150.172100245699511,-35.248602869624605],[150.172036924733391,-35.248420389617714],[150.171876505819142,-35.247958099600247],[150.171446719955611,-35.247422347558235],[150.171228511021354,-35.247177379537085],[150.170616560199136,-35.246539590478108],[150.170321834273381,-35.246317946450283],[150.169684568412436,-35.246000870391221],[150.169048367533833,-35.245815450333176],[150.168746990603807,-35.245633920305011],[150.168507697675722,-35.245366183281838],[150.168337928740925,-35.245069422264656],[150.167827179960312,-35.244001695211807],[150.167761994010419,-35.243698640203931],[150.167490324161719,-35.24287003717405],[150.167453447316177,-35.241748185163154],[150.16752582337736,-35.241203938165917],[150.16768438738373,-35.240974074178524],[150.167882885415963,-35.240503555193058],[150.168262152429946,-35.239963342223263],[150.168406777438406,-35.239733550234618],[150.168688766461031,-35.239239671256456],[150.1689655204556,-35.238963357279289],[150.169396168419212,-35.238743453316253],[150.169688716381046,-35.238696034342063],[150.169967801336554,-35.238711667367085],[150.170646265201128,-35.238954091429321],[150.171291051051128,-35.239345541489556],[150.171564065993039,-35.239469970514797],[150.172206683879068,-35.239592366573021],[150.172499042843896,-35.239522054598652],[150.172825528815736,-35.239359950626707],[150.173104083780402,-35.239306884651221],[150.173494670720544,-35.239310452686141],[150.173808184678421,-35.239268627713855],[150.174078313667906,-35.239038137736429],[150.174464705677735,-35.238520764767422],[150.175268307644217,-35.237852224834668],[150.175745567636568,-35.237362962873988],[150.176037218612947,-35.237206765898975],[150.176642707541788,-35.237048830951998],[150.177088323485748,-35.236960474991207],[150.177423074435097,-35.236958602021083],[150.177723420381994,-35.237014179048309],[150.178346702245108,-35.237331291106138],[150.178676530161766,-35.2375813331373],[150.178956188108032,-35.237665649162849],[150.179478626038843,-35.237588300209005],[150.179770833006017,-35.23750079523451],[150.180131327986373,-35.237235435264914],[150.180352432986354,-35.236982301282971],[150.180691817972985,-35.236694164311331],[150.180990478947507,-35.236543633336986],[150.1812965359141,-35.236444599363665],[150.181631097866529,-35.236419824393387],[150.181952222812612,-35.236458101422336],[150.18228069775148,-35.236542121452253],[150.182573451709459,-35.236523306478304],[150.182892658686967,-35.236326870505501],[150.18308621879828,-35.23526668351559],[150.18333126685846,-35.234532523532494],[150.18351758286218,-35.234291033547514],[150.183815580847465,-35.234060363572581],[150.184121197820986,-35.233909796598866],[150.184349392817609,-35.233673792617665],[150.184507857824769,-35.23343817463023],[150.184685272861032,-35.23296201564284],[150.184708883926589,-35.232440920641423],[150.184860231937108,-35.232188171653227],[150.184983118961071,-35.231866883662043],[150.18525244996286,-35.231544771683907],[150.186188205912515,-35.23085249876285],[150.186797522890203,-35.230322358813694],[150.187444200822,-35.230095426869958],[150.187813228775298,-35.23002463790246],[150.188127110726271,-35.230034309930573],[150.189014479563895,-35.230241092011291],[150.189413286482306,-35.23039912704801],[150.189645488413731,-35.230649698070472],[150.189724146370651,-35.230883972079084],[150.189823708212685,-35.231959670095286],[150.19002584407184,-35.232788625118964],[150.190111566026218,-35.233034319128301],[150.190246481967023,-35.233325514142344],[150.190450850901868,-35.233581974162341],[150.190738575829499,-35.233797881189524],[150.19105348776435,-35.233927760218556],[150.191380681723956,-35.233857196247321],[150.192443457630048,-35.233347350338875],[150.193027629567496,-35.23314937138975],[150.193659750511415,-35.232848064444205],[150.194269362483794,-35.232357957495381],[150.194490369484555,-35.232099068513392],[150.19535785742022,-35.231590316587493],[150.196330555330064,-35.231155365671512],[150.197010311285027,-35.230716371729301],[150.197494232278729,-35.230209798769138],[150.197934292310975,-35.22946303480343],[150.197958200370493,-35.228987727802341],[150.197858325421322,-35.228719229791587],[150.197442730550335,-35.228223556751068],[150.196577745796731,-35.227358333667837],[150.19592880201273,-35.226474707603835],[150.195829025062011,-35.226217664593165],[150.195813114095614,-35.225983032590165],[150.196034193094846,-35.225735589608249],[150.19693309096877,-35.225656007688066],[150.197246345929756,-35.225591234715644],[150.197425580935345,-35.225344025729989],[150.19736778197597,-35.225103915723196],[150.196691840292601,-35.223493381651842],[150.196424911364147,-35.223260191626387],[150.195536538543365,-35.222927528544702],[150.1952486066196,-35.222683008517308],[150.195162777666781,-35.222425875507881],[150.195125953703496,-35.222191368503005],[150.195207125841762,-35.22105736950256],[150.195456549940047,-35.220031189517897],[150.195207541056732,-35.219437226491607],[150.194989430120899,-35.219203759470531],[150.19380850734052,-35.218901376362886],[150.193410417411371,-35.218823514326772],[150.191854566662613,-35.218712180186941],[150.191555044703335,-35.218748251160406],[150.19117241674752,-35.218853470126916],[150.189643474898958,-35.219463297994395],[150.188879626964336,-35.219845484928712],[150.188574546983119,-35.220053314902849],[150.187858657054875,-35.22033217584076],[150.187558883099484,-35.220339597814018],[150.187445292149363,-35.220094073802208],[150.187484895179097,-35.219824776803911],[150.187806219233067,-35.219050100827388],[150.188171493246159,-35.218532789856511],[150.189359114252738,-35.217123446953103],[150.190471528246348,-35.215897713044214],[150.190622688259197,-35.21562778005589],[150.190881344320388,-35.214870620073867],[150.190872426352882,-35.21463595207149],[150.190786623400044,-35.21437882006208],[150.190399263520902,-35.213911581024277],[150.190126167581184,-35.213770020998901],[150.18979673265909,-35.213560093968027],[150.189620249720775,-35.213297744950488],[150.189481040849699,-35.212485607932521],[150.189193111038293,-35.21139380289938],[150.188951559147029,-35.210851302874104],[150.188877813222746,-35.210365113864221],[150.188928989288684,-35.209809499865024],[150.188850259333236,-35.209563787856318],[150.188736444386905,-35.209289641844293],[150.188511404452072,-35.209056201822577],[150.187655900661127,-35.208459952742089],[150.187347782729773,-35.208295678713426],[150.186802862830348,-35.208161379663807],[150.185881742984066,-35.208057826580784],[150.185580365055444,-35.207864894552557],[150.185613335080802,-35.207635712553952],[150.185778335093119,-35.207354261566785],[150.185964060105277,-35.207049791581319],[150.186557262117361,-35.206279292629098],[150.187297176101993,-35.205548029690256],[150.187565074125303,-35.205065623710915],[150.187706590182131,-35.204475149719556],[150.187932142220205,-35.203930005736026],[150.187997491280157,-35.203402951738283],[150.187967525318157,-35.203151225733905],[150.187774943417111,-35.202625631713111],[150.187633483471132,-35.202380278698818],[150.187380117548145,-35.202089738674204],[150.186523987768709,-35.201407607593062],[150.186164308889857,-35.200905876557513],[150.186043582943796,-35.200637494544907],[150.186020545981478,-35.200380004541088],[150.186150345004364,-35.200058673550508],[150.186322723008686,-35.199828703564336],[150.186614213985138,-35.199672479589339],[150.186892517951463,-35.199607920613779],[150.187734370850052,-35.199408490687645],[150.188090437801634,-35.199365740719195],[150.18933611663229,-35.199216168829508],[150.189837498574974,-35.199074241873355],[150.189975947559162,-35.19903504288547],[150.190350659529884,-35.198826808917545],[150.190934618466656,-35.198634549968446],[150.191707366365847,-35.198509915036674],[150.192062824312927,-35.198502152068386],[150.194484557900665,-35.198837476287153],[150.195460169757808,-35.198797523374111],[150.196046288660142,-35.198862844426955],[150.196345980615604,-35.198855395453698],[150.197021515523403,-35.198777076513558],[150.197719405405024,-35.198870373576604],[150.198360374313523,-35.198826593633612],[150.19873019225156,-35.198870248666978],[150.200006068945584,-35.199715892786799],[150.200588555796031,-35.200176238842026],[150.201122780645392,-35.200699834893342],[150.20251580523427,-35.202203124028131],[150.203364584023205,-35.202822205108234],[150.205187342696121,-35.203200890273834],[150.206115624538342,-35.203327140357722],[150.207107719354241,-35.203578967448173],[150.208315103150539,-35.203732190557211],[150.208614625109107,-35.203701811583798],[150.208913556076823,-35.20360273360987],[150.209218967051186,-35.20344637463613],[150.209540183039763,-35.203165084662963],[150.210496458910768,-35.203043014747671],[150.21188972079409,-35.202328308867486],[150.212360778758011,-35.202061397907805],[150.212370109756819,-35.202059604908641],[150.212600985727619,-35.202015465928987],[150.213265171643627,-35.201888491987553],[150.214385531416866,-35.202314947090699],[150.214652207274753,-35.203079952119758],[150.214504049216373,-35.203688822110642],[150.215062943091681,-35.203988578162679],[150.215667000400686,-35.200971382196251],[150.215550599637197,-35.199323701174656],[150.215322702727804,-35.198901864151402],[150.215202615845527,-35.198152904135561],[150.214711179041274,-35.197240791085385],[150.214765637129602,-35.196513399085326],[150.214506374269689,-35.195755135056984],[150.214506007269847,-35.195754068056935],[150.21436593737991,-35.195085408039873],[150.214471400434718,-35.194552248045689],[150.214691592434946,-35.194298693063665],[150.214265141595035,-35.193580712020619],[150.213598106751846,-35.193162227958091],[150.212566814078883,-35.191878413857125],[150.212551548083695,-35.191859391855616],[150.211415511416163,-35.190654549745787],[150.211375417727652,-35.188353723726586],[150.210248819144851,-35.186499152613194],[150.208577220428168,-35.186275943462142],[150.208522190437492,-35.186268593457164],[150.20853229245003,-35.186162540457353],[150.208552318458146,-35.186078575458581],[150.208567099468894,-35.185980429459228],[150.208628833477434,-35.185845844463842],[150.208672003483201,-35.185753040467077],[150.20870359249011,-35.1856646644693],[150.208782447495963,-35.185530465475445],[150.208831480501431,-35.18543310747917],[150.208869254509295,-35.18533080248185],[150.208917004510027,-35.185270932485707],[150.208912424515063,-35.185237998485086],[150.20887535753198,-35.185152724481192],[150.208838605550142,-35.185058065477257],[150.208796626570944,-35.184949243472758],[150.208749583595022,-35.184821524467687],[150.208730445612304,-35.184713213465237],[150.208694176632264,-35.184604498461269],[150.208675674651914,-35.184477452458744],[150.208638770669467,-35.184387490454824],[150.208607243684924,-35.184307039451468],[150.208581436699518,-35.184226713448616],[150.20851630472265,-35.184126720442102],[150.208473689741083,-35.184036624437688],[150.208431388760687,-35.183937160433217],[150.208366910786253,-35.183818424426647],[150.208296229810884,-35.183713617419613],[150.208215419842077,-35.183571055411406],[150.208124004877988,-35.183404792402108],[150.20808757489732,-35.183300775398138],[150.208053072923832,-35.183140517393966],[150.208029353946216,-35.182999272390887],[150.208016722965596,-35.182867664388851],[150.207987446989392,-35.182721588385256],[150.207956566007255,-35.182622402381817],[150.207947073016186,-35.182565902380581],[150.20789859603488,-35.182480359375667],[150.207838689055365,-35.182394556369722],[150.207768179080574,-35.182285062362666],[150.207701613098379,-35.182227245356337],[150.207606505120566,-35.182168773347428],[150.207477945151055,-35.182086072335366],[150.207247616201016,-35.181972895313976],[150.206512789387006,-35.181411907244438],[150.206345254427248,-35.181300163228705],[150.205843588551602,-35.180936830181366],[150.205733600584779,-35.180812366170684],[150.205665725686146,-35.180126061159939],[150.205692311762931,-35.179516979158194],[150.205684100776637,-35.179422993156805],[150.205668584785286,-35.179375735155112],[150.205576049816983,-35.179242280145921],[150.205103822962315,-35.178687335099923],[150.20486739103373,-35.178419243076952],[150.204600563124814,-35.178037883050493],[150.204449745183013,-35.177771762035206],[150.204331574229968,-35.177553294023156],[150.204303750259129,-35.177365052019383],[150.204288628291323,-35.177139582016487],[150.204272547319931,-35.176942233013712],[150.204425991382067,-35.17629855902306],[150.20467733845453,-35.175464858039902],[150.204704185465943,-35.1753482280415],[150.204643312526997,-35.174957562033399],[150.204609384577708,-35.174614402028034],[150.204619013613524,-35.174333227026985],[150.20464159363118,-35.174174286027913],[150.204843757653407,-35.173775609043304],[150.204957411678151,-35.173459313051303],[150.205102090729753,-35.172904546060494],[150.205078363752108,-35.1727632910574],[150.204866046868972,-35.172125242034078],[150.204714764925342,-35.171873174018842],[150.20452962601064,-35.171442103999354],[150.204280915102629,-35.171033022974328],[150.204098402153988,-35.170854549956786],[150.203927228202161,-35.170687165940336],[150.203238595360347,-35.170281985876009],[150.202509131499369,-35.170068152809314],[150.201284860699388,-35.169960114699094],[150.201009794737615,-35.169986586674668],[150.20073328477045,-35.170055234650413],[150.200529033784619,-35.170181835633002],[150.20033587879584,-35.17031807161667],[150.200014110815175,-35.170540444589406],[150.19971613083456,-35.170735222564076],[150.199390576861902,-35.170901217536098],[150.199181580880577,-35.170999560518077],[150.198770725922373,-35.171154206482392],[150.198229596988085,-35.171277692434842],[150.197861599034496,-35.171348900402414],[150.197496182090418,-35.171345133369726],[150.197104483159109,-35.171275095334224],[150.196945686187462,-35.171243021319818],[150.196684726234025,-35.17119032929611],[150.196293834305749,-35.171096850260533],[150.195911224386094,-35.170928531225194],[150.195450332484768,-35.170711491182509],[150.195102933563419,-35.170515841150113],[150.194720494644372,-35.170342815114751],[150.194159134767318,-35.170057793062625],[150.19365420287906,-35.169792832015688],[150.193082418007322,-35.169479410962445],[150.19252298513743,-35.169138139910118],[150.192145244235689,-35.168829219874262],[150.191740090342535,-35.168486828835704],[150.191414026434046,-35.168169716804407],[150.191153228502969,-35.167947936779598],[150.190816560599245,-35.167607132747193],[150.190487923681189,-35.167365004716167],[150.189997181801289,-35.167020632669967],[150.189448891928379,-35.166688980618702],[150.188976957030007,-35.166462288574976],[150.188610689104735,-35.166317769541259],[150.188132237204258,-35.166114375497123],[150.187884688256247,-35.166005443474255],[150.1878052852704,-35.165989532467052],[150.187708752287222,-35.165973217458316],[150.187441178331085,-35.165948243434237],[150.187115570380229,-35.16595005340514],[150.18649929645386,-35.166099884351091],[150.186005444518486,-35.166177511307474],[150.185647710580696,-35.166117621275106],[150.185291078647055,-35.166024897242607],[150.185031965700176,-35.16592038521874],[150.184458765823109,-35.165649107165692],[150.18410329989365,-35.165523593133052],[150.183781896958294,-35.165403565103531],[150.183330866049261,-35.16523360806206],[150.182626952172456,-35.165109365998326],[150.181996265280645,-35.165014956941334],[150.180807991459574,-35.165024815835231],[150.179396711649417,-35.165207689710385],[150.178269760791494,-35.165425306611198],[150.177351678914334,-35.165549286530016],[150.176774335999966,-35.165563969478548],[150.176154092102792,-35.165497913422691],[150.175802875167079,-35.165414682390747],[150.175728305220872,-35.165094031381919],[150.175706049292046,-35.164582313376449],[150.175511281384956,-35.164104085355795],[150.175244631475891,-35.1637226763294],[150.174778586598961,-35.163327230285077],[150.174436719684252,-35.163074714252829],[150.174372071700418,-35.16302697224674],[150.174342302708396,-35.163000555243897],[150.174106111771977,-35.162790959221368],[150.173877477849629,-35.162466705198739],[150.17382006387902,-35.162310597192558],[150.173755478903928,-35.162196539185999],[150.173724328920542,-35.162106702182619],[150.173698719935658,-35.162021688179749],[150.173693959938475,-35.16200597417923],[150.173637217971901,-35.161818582172891],[150.173592354003716,-35.161629944167593],[150.173557117027116,-35.161493109163516],[150.17350997605061,-35.161370069158473],[150.173424030084391,-35.161213298149733],[150.173317853131266,-35.160981014138663],[150.173244779168641,-35.160782336130794],[150.173180858195934,-35.160649526124182],[150.173123282224708,-35.160498106118013],[150.173102702258348,-35.160267831114602],[150.173244334276177,-35.159970971125233],[150.173573455261874,-35.159701944152808],[150.173918569240783,-35.159466129182036],[150.174157871224224,-35.159316942202395],[150.174508041199857,-35.159099996232186],[150.174790057187266,-35.158872087255837],[150.17497488518913,-35.158646589270802],[150.175021319206763,-35.158460076273698],[150.174936834245955,-35.15826113026479],[150.174828873286231,-35.158080398253915],[150.174645596333846,-35.157930726236543],[150.17430271540681,-35.157772647204837],[150.173918600481102,-35.157651122169703],[150.173585024544536,-35.157554230139255],[150.173201384620683,-35.157418650104056],[150.172835359695938,-35.157269399070358],[150.172490838784654,-35.156994026037715],[150.172179744865076,-35.156742891008228],[150.171932384939367,-35.156465096984249],[150.171787589997194,-35.156194384969467],[150.171697897038996,-35.15598123996002],[150.171687275065494,-35.155793390957804],[150.171664552134843,-35.15529571995237],[150.171634999179133,-35.154994870947711],[150.171541227227806,-35.154734735937566],[150.171415473311839,-35.154244038922982],[150.171337657375432,-35.153852949913379],[150.171293125408397,-35.153654935908065],[150.171250385447905,-35.153405369902551],[150.171216125474928,-35.153240414898384],[150.171162969498084,-35.153126616892848],[150.171106702531631,-35.152937700886525],[150.171083692556266,-35.152777702883384],[150.171011291596017,-35.152560272875448],[150.170887687644353,-35.152336952862903],[150.170770456694157,-35.152095023850791],[150.170544440803013,-35.151531637826771],[150.170521887872923,-35.151029287821352],[150.170517110920855,-35.150672727818502],[150.170519326994423,-35.150114675814898],[150.170414279088902,-35.149521278801494],[150.170206055175726,-35.149103691780063],[150.169838094287286,-35.148682375744336],[150.169576606353218,-35.148483976719625],[150.169431022386249,-35.148400836706074],[150.169261486418691,-35.148349974690589],[150.169000984466436,-35.148287604666898],[150.168740168512983,-35.148234609643261],[150.168398174567102,-35.148217229612598],[150.168158217603008,-35.148220994591192],[150.167901318642123,-35.148219677568243],[150.16756323368881,-35.148253974538285],[150.167236083731979,-35.148302604509404],[150.166864920766443,-35.148467452477391],[150.166627419789535,-35.148565071456851],[150.165872848900705,-35.14858962538964],[150.164603486086463,-35.148639629276644],[150.16426719313975,-35.148622374246507],[150.164032785174186,-35.148630953225634],[150.163871577193504,-35.148669391211499],[150.163583214226293,-35.148751743186324],[150.163293381253794,-35.148876271161292],[150.163146999262182,-35.148980711148937],[150.162458303266305,-35.14973841009261],[150.16223922226979,-35.149963083074567],[150.161824852276794,-35.150384848040439],[150.161526861274496,-35.15074367601629],[150.161362874283725,-35.150861768002443],[150.161107597307108,-35.150977716980449],[150.160609100354435,-35.151191140937399],[150.16021183440219,-35.151285003902572],[150.160006101432828,-35.151289557884233],[150.159841621461965,-35.151257556869346],[150.159587151510067,-35.151185934846147],[150.159309376581575,-35.150963673819831],[150.15935781375839,-35.149571901814703],[150.159301896793096,-35.149373627808366],[150.159172143840493,-35.149164211795352],[150.159019891892569,-35.14894490878028],[150.15824072815272,-35.147871385703439],[150.15768326033205,-35.147154806648821],[150.157245927450617,-35.1467599726071],[150.15683271554866,-35.146492317568402],[150.155143726960716,-35.145313004409658],[150.154561187113444,-35.144825633354372],[150.154372272161908,-35.144675801336483],[150.154231448190558,-35.144620914323539],[150.154007000239488,-35.144507762302752],[150.153770656288458,-35.144408405280977],[150.151652375717902,-35.143589447086384],[150.151026808843824,-35.143354304028968],[150.150195364978032,-35.143292532954369],[150.149506493046715,-35.143562400894751],[150.148977394112507,-35.143671877848284],[150.148278627231718,-35.143571005785262],[150.147924756285875,-35.143567357753668],[150.14753659034119,-35.143594123719225],[150.147215052386997,-35.143616300690681],[150.146560736451619,-35.143877581634079],[150.146040851464505,-35.144376524591095],[150.145446001507509,-35.144733002540455],[150.145066520555048,-35.14480847950712],[150.144423633639661,-35.144905872450437],[150.143771451733727,-35.144942077392507],[150.143234859815493,-35.144938796344626],[150.142768195892046,-35.144894953302703],[150.142290613972165,-35.144836776259709],[150.141817470068275,-35.144652101216259],[150.141447367171423,-35.144296303180838],[150.141248951271592,-35.143766354159538],[150.141038640371704,-35.143250200137274],[150.140925347478458,-35.14257218412255],[150.141007471646788,-35.141204688120581],[150.141294709825502,-35.139523112134782],[150.141574938022075,-35.137714750147474],[150.141783559088339,-35.136973986161053],[150.142052724201676,-35.135807883177129],[150.142179665273801,-35.135116771183775],[150.14219395534721,-35.134544933181147],[150.142157734431521,-35.133948471173866],[150.142098529518762,-35.133356150164559],[150.142287679557711,-35.132844730177958],[150.142496209580599,-35.132432253193741],[150.142624225613503,-35.132036628202478],[150.142700572653155,-35.13164917020665],[150.14269900469057,-35.1313677472046],[150.142625402747228,-35.13102364719569],[150.142551344823715,-35.130529464185734],[150.142513607880971,-35.130139317179705],[150.142355592954999,-35.12976040116304],[150.142116653080564,-35.129084104137142],[150.141862896217106,-35.128341806109461],[150.141616749316512,-35.127871698084313],[150.141380703409425,-35.127439356060322],[150.141137307497274,-35.127053735035972],[150.140593012679943,-35.126295183982293],[150.140537839700443,-35.126203168976744],[150.139703080010833,-35.124810925892831],[150.13960799820893,-35.123420503874904],[150.139588034380068,-35.122147957864478],[150.139508887503837,-35.121301703851657],[150.139451690565636,-35.120899731843821],[150.139335969656003,-35.120348463829757],[150.139392578691201,-35.120016975832556],[150.139402593727539,-35.119730611831507],[150.139445103782407,-35.119266277832125],[150.139522626836794,-35.118765790835639],[150.139575946888414,-35.118314041837316],[150.139616268921259,-35.118019153838908],[150.139538858994655,-35.11755198582884],[150.139356489070082,-35.117190208810108],[150.139207420138717,-35.116841536794446],[150.138858418219115,-35.116632980761899],[150.138387451310621,-35.116480100718867],[150.137976319378254,-35.116439565681929],[150.137496863453151,-35.116422068639054],[150.137262795482826,-35.116465848618475],[150.13694702151372,-35.116593970591204],[150.136642478542882,-35.116722371564911],[150.136268277602767,-35.116698115531371],[150.136049987647084,-35.116612831511333],[150.135732269727555,-35.116368025481343],[150.135400854814975,-35.116085911449872],[150.135091149881958,-35.115933748421227],[150.134825547938874,-35.115807285396691],[150.134650240997331,-35.115565849379415],[150.134474522068444,-35.115228867361452],[150.134251500152175,-35.114850704339005],[150.134181663196301,-35.114596352331048],[150.134109154244925,-35.114311128322633],[150.133855474316732,-35.114058579298309],[150.133526066383098,-35.113933684268083],[150.133209064437807,-35.113883029239474],[150.132897826485078,-35.113881838211718],[150.132386350557198,-35.1139221221664],[150.132015340600304,-35.114021193133986],[150.131667134641106,-35.114111559103584],[150.131271724694869,-35.11415767006865],[150.130840063772979,-35.114061155029503],[150.130322475879439,-35.113848575981912],[150.129987411953607,-35.113671152950836],[150.129560118061534,-35.113343610910512],[150.129272742138539,-35.113090271883188],[150.129151281179674,-35.112917895871178],[150.129187630198061,-35.112736940873198],[150.129296920211686,-35.112508404881382],[150.129537819220815,-35.112162807900503],[150.129818894233921,-35.111741116922701],[150.129972744253308,-35.111418100934195],[150.13011027025604,-35.111239538945263],[150.130363674253914,-35.110965115965982],[150.130559313240752,-35.110840319982557],[150.130984215208855,-35.110594599018782],[150.131222048192825,-35.110443072038947],[150.131664198166817,-35.110133045076253],[150.131881055159766,-35.109937872094271],[150.132105765166926,-35.109625792112176],[150.132508913183585,-35.109037479144114],[150.133062217206287,-35.108230848187958],[150.133640558220662,-35.107458710234262],[150.133752923231356,-35.107248730242858],[150.133836845266416,-35.106887079247876],[150.133937054303857,-35.106488829254097],[150.133955637328626,-35.106279718254335],[150.133953380376965,-35.105916023251659],[150.133835163429836,-35.105651282239336],[150.133657848495062,-35.105360492221536],[150.133497518536899,-35.105227270206335],[150.133160867605227,-35.105096029175435],[150.132950026662201,-35.104906146155336],[150.132786496706586,-35.104757435139746],[150.132617624759945,-35.104546962123266],[150.132477572818601,-35.104263217108851],[150.132420840881878,-35.10384893010098],[150.132418708930601,-35.103482161098285],[150.132418915973687,-35.103155506096073],[150.132265865013579,-35.103028613081577],[150.132059936060045,-35.10291279906243],[150.131729595122863,-35.102815612032323],[150.131366383179824,-35.102800839999844],[150.131048878232548,-35.102765584971287],[150.130766253270082,-35.102805116946371],[150.130680368270362,-35.102901702939377],[150.130635046261887,-35.103017732936124],[150.130601503253644,-35.103118630933814],[150.130584076218895,-35.103401729934198],[150.130527916199526,-35.103613037930629],[150.1304171651947,-35.103776826921866],[150.130187176210683,-35.10391929990233],[150.12993534123251,-35.104042760880724],[150.129602920273669,-35.104111927851555],[150.129328210311684,-35.104139312827265],[150.128804417395429,-35.104105330780335],[150.128386937468093,-35.104033799742652],[150.128005663544485,-35.103892249707691],[150.127623457631586,-35.103670554672121],[150.127374985707831,-35.103378060647984],[150.127216977772122,-35.103072309631827],[150.12704462784103,-35.10274773461424],[150.127051880867157,-35.102541429613488],[150.126961819908701,-35.10232973660402],[150.126877845944023,-35.102158256595381],[150.12685919197537,-35.10194209959225],[150.126898535990449,-35.101782783594672],[150.126985826995281,-35.101646181601524],[150.127244823971125,-35.10153213362382],[150.127452008957448,-35.101398372641377],[150.127560267953299,-35.101305407650408],[150.127737844959597,-35.101053842664527],[150.127836305976558,-35.100812721671659],[150.127957786991942,-35.100556737680741],[150.128131761013435,-35.100194145693777],[150.128288040027542,-35.099908168705767],[150.128457782033848,-35.099665656719246],[150.128625847048141,-35.099364556732183],[150.128717029067019,-35.09911709673861],[150.12886401108986,-35.098775433749395],[150.129041793096945,-35.098517709763499],[150.129220723094107,-35.098333965778195],[150.129372707106825,-35.098063288789895],[150.129502093122625,-35.097795166799614],[150.129602929148149,-35.097486303806498],[150.129627714167071,-35.097314320807527],[150.129569528196811,-35.097155765801269],[150.129397984240399,-35.097022274785068],[150.129063959318046,-35.096817133753888],[150.128760536379104,-35.096702081726072],[150.128369347461927,-35.096523313689985],[150.128170929507206,-35.096407669671507],[150.127918583569368,-35.096226032647792],[150.127767719617054,-35.096037555633067],[150.127374988722437,-35.095689251595687],[150.127033388800811,-35.095487006563864],[150.126652472878362,-35.095336214528885],[150.12615683597889,-35.095142638483395],[150.125916565028206,-35.095044482461319],[150.125631115083678,-35.094951428435238],[150.125253094157529,-35.094825350400683],[150.124837613237162,-35.094698384362808],[150.124331496342137,-35.094482979316233],[150.124015264413345,-35.094305977286844],[150.123455552536427,-35.094015337234985],[150.122974525647294,-35.093726554190162],[150.122362750793798,-35.093317572132868],[150.121812001934984,-35.092879215080806],[150.121466933028927,-35.092562849047894],[150.121096513130027,-35.092221223012572],[150.120755908211891,-35.091991242980662],[150.120485338292724,-35.091688959954496],[150.120242019387177,-35.091251750929828],[150.120070205471848,-35.090806984911509],[150.119979023523314,-35.090521302901429],[150.119829736618726,-35.089969210884369],[150.119783015675523,-35.089592131877652],[150.119657304743299,-35.08922242186393],[150.119598123762188,-35.089147096858142],[150.119575238769499,-35.089117963855912],[150.119505785791659,-35.089029570849128],[150.119496991794506,-35.089018374848258],[150.119426606816916,-35.088928779841396],[150.119422079818378,-35.088923015840933],[150.119402502824641,-35.088898095839028],[150.119380988831495,-35.088870701836917],[150.119193031876421,-35.088745689819319],[150.119087901901537,-35.088675752809486],[150.118719077975925,-35.088534866775674],[150.118404782036265,-35.088437965746998],[150.117894874143303,-35.088211204700031],[150.117565707215391,-35.088042403669562],[150.116595901332119,-35.088269731584703],[150.116273932364862,-35.088390843556837],[150.115782759425144,-35.088497201513817],[150.11533750848767,-35.088533900474403],[150.115153056517755,-35.088517406457868],[150.11483763156366,-35.088531462429849],[150.1144650436147,-35.088571899396946],[150.113965775701956,-35.088482968351869],[150.113509337788685,-35.088348822310294],[150.113058196880303,-35.088171667268895],[150.112848313940361,-35.087957106248744],[150.112804336978826,-35.087715688243179],[150.112742996011065,-35.087541652236538],[150.112548584056526,-35.087419913218383],[150.11223006613335,-35.087202761188543],[150.11176866223019,-35.086997620146057],[150.111414907306767,-35.086822778113358],[150.111185330366169,-35.086635485091634],[150.111092005409859,-35.086411377081795],[150.111068071450092,-35.086133458077782],[150.111043492487994,-35.085874004073823],[150.110884434562138,-35.085494255057071],[150.110654480634196,-35.085211415034671],[150.110351730711471,-35.084973072006072],[150.110000700797713,-35.08472124697311],[150.109702611863668,-35.08456313094549],[150.109424010929445,-35.084383904919456],[150.10908959999125,-35.084298898889102],[150.108651450059284,-35.084285353849971],[150.108359529091359,-35.084377001824613],[150.108153384094777,-35.084587798807682],[150.108044418082358,-35.084807075799475],[150.107913330032773,-35.085333996791377],[150.107775419014672,-35.085629627781117],[150.107587884014805,-35.085843956765864],[150.107499598006513,-35.086008257759119],[150.107321851013637,-35.08615809874432],[150.107026506047447,-35.086240414718567],[150.106791273086657,-35.086213227697449],[150.10653960013687,-35.086120924674404],[150.106336180178033,-35.086042104655746],[150.105970019252055,-35.085900850622181],[150.105745328300941,-35.085787626601416],[150.105631117339755,-35.08562465159013],[150.105558769374454,-35.085444180582464],[150.105573335398617,-35.085244220582403],[150.105525556465295,-35.08479315357507],[150.105430923546095,-35.084288588563219],[150.105379765600702,-35.083932960556254],[150.105233283677762,-35.083516520540357],[150.104814969774822,-35.083259988501375],[150.104350886861909,-35.083131794459185],[150.103864177965903,-35.082901357414279],[150.10362029402998,-35.082695221391162],[150.103460708074124,-35.082543479375914],[150.103309225133216,-35.082268679360553],[150.103202804185798,-35.081991862349199],[150.103270589204556,-35.081771599353743],[150.103395152230831,-35.081429426362511],[150.103540368274992,-35.080927505372024],[150.103655501295378,-35.080640577380329],[150.103796961340095,-35.080138558389493],[150.10383341737267,-35.079849748390778],[150.103826926405304,-35.07960922638857],[150.103714544464509,-35.079289131376377],[150.103473421566292,-35.078793378351541],[150.103415145609404,-35.078533126344567],[150.103477642623261,-35.078355881348941],[150.103722762619554,-35.078102873369048],[150.103963373613681,-35.077871333388885],[150.104245442588365,-35.077739401413105],[150.104612688546268,-35.07763723944511],[150.104834977516873,-35.07760556946468],[150.105374663434759,-35.077609218512769],[150.105517647415127,-35.077594140525385],[150.106104995335812,-35.077521882577194],[150.106416959291693,-35.077498521604824],[150.106559083268905,-35.077508077617537],[150.106768939236929,-35.077510004636238],[150.10706489420545,-35.077409213661909],[150.107312928184228,-35.077285699683145],[150.107516993173448,-35.077133409700288],[150.107594459185037,-35.076956514705977],[150.107599577203331,-35.076811800705457],[150.107558979225814,-35.07668756870099],[150.107405363263354,-35.076579121686578],[150.107112187318762,-35.076495075659906],[150.106790514370033,-35.076475067631129],[150.106472095432991,-35.076362686601996],[150.106193530498786,-35.076183460575976],[150.106053288556154,-35.075908929561614],[150.106038936602602,-35.075572681558057],[150.106034677657277,-35.075162713554882],[150.106080464695253,-35.074821750556652],[150.106177051719328,-35.074528206563258],[150.106273270756049,-35.074139124569164],[150.10636915779159,-35.073759293575115],[150.106522369808516,-35.073454769586689],[150.106713938809008,-35.073231306602231],[150.106948776810555,-35.072950311621227],[150.107305032785177,-35.072733858651475],[150.107555001770947,-35.07255491967252],[150.10778988475866,-35.072378705692245],[150.107939592763159,-35.07217272170417],[150.107934446786686,-35.072000021702529],[150.107788548823805,-35.07188560568877],[150.107580502876232,-35.071726548669147],[150.107299669933781,-35.071611988643355],[150.106951312001371,-35.071498899611569],[150.106587544069697,-35.071397758578499],[150.106381990103046,-35.071380529560074],[150.106104725145428,-35.071376989535359],[150.105648180203332,-35.071461618495292],[150.105266520249671,-35.071548031461887],[150.10484954329533,-35.071679828425658],[150.104350168353733,-35.071809654382079],[150.104022364397053,-35.071857288353215],[150.103689468450028,-35.071837012323435],[150.103399124487566,-35.071885543297903],[150.103148993515191,-35.07196277727617],[150.102856794546085,-35.072063640250839],[150.102673274574443,-35.072059256234482],[150.102480593611887,-35.071996096216893],[150.102281574668609,-35.071794111197796],[150.102067971742969,-35.071474670176599],[150.101906869823466,-35.071048621159356],[150.10188192284599,-35.070906264156172],[150.101870017887194,-35.070607064153073],[150.101794226937471,-35.070312490144332],[150.101726843975854,-35.070098242136865],[150.101536369049086,-35.069760864117619],[150.101392928080969,-35.069683469104319],[150.101163019124982,-35.069613254083372],[150.100885216165437,-35.069625096058715],[150.100385698237261,-35.069653207014447],[150.10000151028845,-35.069705646980587],[150.099546776366736,-35.069633136939636],[150.099233493419973,-35.069588657911432],[150.098874503477418,-35.069564651879325],[150.098594451537707,-35.069428515853446],[150.098333098608862,-35.069188048828565],[150.098194345657504,-35.068978255814777],[150.097906082744174,-35.0686508637869],[150.097779664794956,-35.068410539774007],[150.097704000845596,-35.068112890765249],[150.097592776894828,-35.067866775753672],[150.09741571194607,-35.067680710736646],[150.097339751981764,-35.067497074728635],[150.097266893014535,-35.067332002721024],[150.09712650905729,-35.067168391707426],[150.096931766087323,-35.067163721690065],[150.096733985106511,-35.067245285673003],[150.096570678109373,-35.067410849659595],[150.096469841098184,-35.06761183165198],[150.096445906068595,-35.067863952651571],[150.096450306028572,-35.068162990653995],[150.096384411002589,-35.068435675649994],[150.096349682976296,-35.068675210648529],[150.096199687984864,-35.068782554635916],[150.096048026001398,-35.068831309622738],[150.095749875038905,-35.068888885596593],[150.095489462085567,-35.068833335573039],[150.094980971181116,-35.068691713526839],[150.094511683277091,-35.068501731483757],[150.094036872381196,-35.068256136439828],[150.093658559467201,-35.068037514404679],[150.09310466858193,-35.06780234435378],[150.092527803684362,-35.067686808301659],[150.091909102777009,-35.067693540246644],[150.091562591823219,-35.06774069121613],[150.091295932861527,-35.067755867192517],[150.090918370908412,-35.067833092159425],[150.090609194948485,-35.067884222132278],[150.090382854977321,-35.067925009112408],[150.089912840056769,-35.067861338070145],[150.089455921141081,-35.067745586028707],[150.089173790207752,-35.067563151002368],[150.089001028260384,-35.067361775985624],[150.088915262316618,-35.067033056975767],[150.088900760362264,-35.066702967972226],[150.088834176403367,-35.066467160964706],[150.088635061487253,-35.066058681944192],[150.088429555562357,-35.065724001923641],[150.088178583642502,-35.065403647899117],[150.087851534716094,-35.065220127868777],[150.087577793770919,-35.065118010843719],[150.0873668278266,-35.064937296823729],[150.087259520861807,-35.0647929588132],[150.086989714944423,-35.064475230787025],[150.086729179018306,-35.064213185762064],[150.086454990085372,-35.064018613736344],[150.086176400150663,-35.063842408710372],[150.085960701217203,-35.063584533689429],[150.085902821261442,-35.063315039682443],[150.085712105333471,-35.062986877663235],[150.085700596375744,-35.062678435660118],[150.085799227393011,-35.062434274667233],[150.086004216427085,-35.061939973682094],[150.086331913425113,-35.061578043708792],[150.086716682403903,-35.061297623741112],[150.087252083376399,-35.060891384785982],[150.087503021379462,-35.060580002806191],[150.087974034400844,-35.059876365843301],[150.088039418411029,-35.05972385284808],[150.088046966437844,-35.05951139684732],[150.087902522493778,-35.059252149832695],[150.087716126553374,-35.059013465814481],[150.087405606630114,-35.058787205785322],[150.086994304723561,-35.058549274747094],[150.086710245783223,-35.058422264720974],[150.086306007873986,-35.058196829683467],[150.085876759973075,-35.057936891643529],[150.085497863056673,-35.057736716608439],[150.085111579141824,-35.057533279572702],[150.084553609255522,-35.05731030952154],[150.084071204346145,-35.057175428477699],[150.083511718440633,-35.057100337427428],[150.083011386523083,-35.057048238382571],[150.082407627613037,-35.057058358328931],[150.082184818654298,-35.057000603308722],[150.081974891699673,-35.056896935289338],[150.081866616731389,-35.056780314278924],[150.081852058749035,-35.056662858276816],[150.081876907781663,-35.056386104277152],[150.081962101806653,-35.056098477282767],[150.082019982845566,-35.055736233285444],[150.082113101870902,-35.055436469291706],[150.082082839943695,-35.054918019285473],[150.082077192979,-35.054655939283194],[150.081933322036889,-35.05438129126852],[150.081718617120686,-35.053990919246758],[150.081467599186595,-35.053778400222996],[150.081092708270376,-35.05357213918824],[150.080597539371098,-35.053375317142859],[150.080175506454026,-35.053229563104324],[150.07970326653907,-35.053125733061627],[150.079182790633155,-35.053008413014538],[150.078585996747563,-35.052824542960209],[150.07818809381908,-35.052737906924222],[150.077737779898683,-35.052650005883585],[150.077149035000076,-35.052555686830587],[150.07685521305271,-35.052493136804024],[150.076579015098559,-35.052461816779257],[150.076052382184713,-35.052412137732084],[150.075606253265249,-35.052312010691729],[150.075289206318644,-35.052270453663255],[150.074572706451931,-35.052080605598256],[150.074480530471391,-35.052038304589772],[150.073994646577177,-35.051792377544892],[150.073708749643998,-35.051612900518251],[150.073390475720657,-35.05139565848846],[150.073156784778604,-35.051223613466519],[150.072847876860692,-35.050954209437222],[150.072579163932971,-35.050713508411697],[150.072331705011237,-35.050402449387583],[150.072107480088761,-35.050070378365383],[150.071972563150496,-35.049755868351241],[150.071893483202416,-35.04945195334215],[150.071871674249536,-35.049118610337942],[150.071904581282951,-35.048826644338874],[150.07196205032028,-35.048476734341598],[150.072117530344912,-35.048110681352931],[150.072290078347038,-35.047896047366812],[150.072437087341797,-35.047767083379],[150.072655217325547,-35.047639848397537],[150.07286708131474,-35.047478550415271],[150.073067928306443,-35.047310825431992],[150.073362601284515,-35.047139200457025],[150.073702300269758,-35.046860814485335],[150.074053007252502,-35.046588838514651],[150.074262218246162,-35.046396668531948],[150.074473185246035,-35.046155223549071],[150.074644622244278,-35.045971381563056],[150.07482685125305,-35.045695344577375],[150.07498307526663,-35.045412521589348],[150.075130264303482,-35.044963067599383],[150.075268202349065,-35.044457919608213],[150.075379293355013,-35.044284941616901],[150.075510983350938,-35.044164851627791],[150.075857486332723,-35.043905110656844],[150.076051933329467,-35.043706405672779],[150.076077579337266,-35.04361766267445],[150.076243601357845,-35.043270352686854],[150.076333869373059,-35.043050645693391],[150.076358502418714,-35.042675278693004],[150.07622931347305,-35.04241022267972],[150.076034831531445,-35.04218981666093],[150.07575193759493,-35.042031987634708],[150.075385462666873,-35.041906043601251],[150.075075067715943,-35.041889307573541],[150.074663575780619,-35.041870134536822],[150.074232596859247,-35.041767281497805],[150.073657144965836,-35.041617798445614],[150.073192139048473,-35.041523380403625],[150.072734931144907,-35.041315102361551],[150.072400969221178,-35.04111906033053],[150.072263542273959,-35.040875365316651],[150.072065089373439,-35.040346688295408],[150.071800043458467,-35.040004389269527],[150.071589174514088,-35.039823639249526],[150.071172080600263,-35.039647157211256],[150.070747062672297,-35.039587582173063],[150.070382604723648,-35.039615747140843],[150.070092234760722,-35.039667281115392],[150.069777562794684,-35.039770618088113],[150.069334921845979,-35.039889346049577],[150.068939304883912,-35.040055440015543],[150.068553154927685,-35.040166288981965],[150.068321928952798,-35.040240823961923],[150.068028590979424,-35.040375481936749],[150.067831939002474,-35.040426208919619],[150.067510204052894,-35.040412251890935],[150.067158628122144,-35.040289722858844],[150.066908138175734,-35.040169641835767],[150.066650810232829,-35.04003090681195],[150.066465166280892,-35.039878491794404],[150.066167777389552,-35.039393638764665],[150.066104913443382,-35.039056216756791],[150.066128040469806,-35.038828737757292],[150.066070895516276,-35.038540751750254],[150.066099311547504,-35.038270254750934],[150.066221203563913,-35.038005099759971],[150.066427886589963,-35.037569422775363],[150.066603061587671,-35.037385678789697],[150.066747193586082,-35.037232000801446],[150.066915545587221,-35.037029611815036],[150.067170221589635,-35.036718354835557],[150.06727261760625,-35.036474301843008],[150.067306528629388,-35.036259407844547],[150.067317428654007,-35.036059358844156],[150.067270870696433,-35.035790125838183],[150.067113086760031,-35.035487393822088],[150.066894203814854,-35.035321846801516],[150.066662547852218,-35.035303918780798],[150.066343913899715,-35.035308535752506],[150.066042777940055,-35.035347474726002],[150.06573636197561,-35.035429423699334],[150.065387448012785,-35.035547327669128],[150.065115822033249,-35.035704080646035],[150.064920819048353,-35.035813378629456],[150.06471492606633,-35.035913174611842],[150.064473463082948,-35.036064495591418],[150.063931403100526,-35.036553678546554],[150.063756112102425,-35.036740487532256],[150.063538861108043,-35.03694786951435],[150.063336374124276,-35.037056979497102],[150.063140171148888,-35.037095372479925],[150.062789931208982,-35.03704066544843],[150.062345883282717,-35.036989839408619],[150.062123917326716,-35.036910499388362],[150.061948420369134,-35.036789144371923],[150.061810142405051,-35.036674853358861],[150.061708751446986,-35.036472088348475],[150.061705022475081,-35.036262447346722],[150.061748417490264,-35.036097089349447],[150.061851270508413,-35.035840728356838],[150.061949488510237,-35.035713663364703],[150.062071272512497,-35.035556381374462],[150.062210895522526,-35.035319391385244],[150.062300643535849,-35.035115102391835],[150.062406355550308,-35.034883455399658],[150.062551374565601,-35.034600372410615],[150.062760934615426,-35.033979876425022],[150.062808067630044,-35.033814607428077],[150.062904098637887,-35.033644363435442],[150.06297214465738,-35.033417969439959],[150.063166707682001,-35.033006656454447],[150.063358186709536,-35.032576779468535],[150.063517961735528,-35.032195442480131],[150.063761619740433,-35.031877768499626],[150.064014977752009,-35.031498699519567],[150.064237159763877,-35.031152769536945],[150.064299369776535,-35.030984784541339],[150.064331415793049,-35.030822231543084],[150.064303026858141,-35.030359295537409],[150.06428663289671,-35.030084630534084],[150.064170934943292,-35.029863031522289],[150.063959018022501,-35.029503504501008],[150.063738952100579,-35.02916228147911],[150.06364571815746,-35.028836449468614],[150.063572958217662,-35.028461799459606],[150.063606663239995,-35.028253064461168],[150.063604798288452,-35.027886302458519],[150.063693999341041,-35.027383073463021],[150.06378759236793,-35.0270710104692],[150.063751154404713,-35.026832837464333],[150.0638739164242,-35.02654304947329],[150.064028177458312,-35.026106109484026],[150.064194531480041,-35.025749584496367],[150.064273253495799,-35.025538850501931],[150.064365080530251,-35.025171281507582],[150.064496205565462,-35.024752260516401],[150.064584508615013,-35.024273665520973],[150.064662566642227,-35.023976636525887],[150.064827816673841,-35.023546123537649],[150.064924151710386,-35.023157078543562],[150.064976007755405,-35.022754641545426],[150.064947941794145,-35.022492024541137],[150.064820141853119,-35.022190001527726],[150.064626402927502,-35.021846332508169],[150.064428800974554,-35.021715198489709],[150.06416702602948,-35.021597923465634],[150.063858351084349,-35.021534978437792],[150.063429909157634,-35.021469138399254],[150.063024361215327,-35.021496299363399],[150.062794614245433,-35.021530792343214],[150.062311563305343,-35.021630032300962],[150.061764116386087,-35.021644500252414],[150.061266427463238,-35.021629360208081],[150.060982968510586,-35.021594750182665],[150.060697528564702,-35.021510794156718],[150.060340743629013,-35.021431266124466],[150.05995128570197,-35.021323214089144],[150.059631836773889,-35.021142895059512],[150.059148050886108,-35.020844566014496],[150.058869565964613,-35.020566628987858],[150.058666827034727,-35.020265869967787],[150.058472246119749,-35.019842044947623],[150.058337086180217,-35.019536767933531],[150.058069072254284,-35.019280649907969],[150.057799175321804,-35.019076880882608],[150.057313309426632,-35.018837050837803],[150.056936078501366,-35.01870154180336],[150.056571728566411,-35.018624900770462],[150.05607395064311,-35.018612825726166],[150.055746236685991,-35.018663418697393],[150.055265390739891,-35.018805819655647],[150.054817138798455,-35.018875057616299],[150.054339941865095,-35.018915852574182],[150.054080254899873,-35.018949611551335],[150.053774591965237,-35.018803507523188],[150.05344174104485,-35.01857970449209],[150.053186501108883,-35.018385526468101],[150.052929637194552,-35.018027972442837],[150.052795509258516,-35.017694978428665],[150.052830549285488,-35.017449294430101],[150.052945520304974,-35.017168578438401],[150.053140737318159,-35.016843590453526],[150.053327806330174,-35.016536888468053],[150.053538871344188,-35.01618762548442],[150.053768079339562,-35.015958990503236],[150.054116204340943,-35.015548341531371],[150.054247221348248,-35.015341973541588],[150.054375952374897,-35.014990711550645],[150.054421130423748,-35.014566545551759],[150.054385757491502,-35.014091105545383],[150.054181198582455,-35.013633136524085],[150.053870748685711,-35.013203413493578],[150.05361793674453,-35.013046265470045],[150.053390090781249,-35.013028409449689],[150.053229276806434,-35.013021417435347],[150.053071546828676,-35.013032990421429],[150.052783049871977,-35.013035222395814],[150.052447429914395,-35.013097943366425],[150.052073300972467,-35.013085770333113],[150.05182784901595,-35.013036656310973],[150.051439404078621,-35.013005641276258],[150.051244607121617,-35.012902295258257],[150.050926108210319,-35.012592545227847],[150.050731580295292,-35.012168711207686],[150.050666564327571,-35.011997643200758],[150.050526492384336,-35.011726133186457],[150.050469238457453,-35.01123476417802],[150.050265495564872,-35.01065044815595],[150.05022516561516,-35.010313573150064],[150.050171085671991,-35.009942447142727],[150.050079356733846,-35.009576591132081],[150.049915127829109,-35.009039469113844],[150.049837490885551,-35.008698596104622],[150.049826546929268,-35.008377837101463],[150.049939294941026,-35.008158704109995],[150.050087917941596,-35.007983584121995],[150.050496406908167,-35.007768556156819],[150.050663718892082,-35.007698673171205],[150.050978516858919,-35.007589222198419],[150.051254570826899,-35.007515816222437],[150.05159435078545,-35.007440869252108],[150.051730620770115,-35.007401033263939],[150.051744003769414,-35.007391092265053],[150.051915332760274,-35.007263776279409],[150.052109035727199,-35.00729313329682],[150.052403985665563,-35.007423568323908],[150.052721283600107,-35.007557625353002],[150.052978585543457,-35.007693313376791],[150.053336383469343,-35.007846839409623],[150.053642897407144,-35.007968310437676],[150.053858731369445,-35.008007446457107],[150.054131362325393,-35.008029480481476],[150.054477739279719,-35.007979345511913],[150.054753794247688,-35.007905921535936],[150.055195933195336,-35.007796479574473],[150.055584692147562,-35.007713464608429],[150.056018360092878,-35.007631551646419],[150.056427369047668,-35.00750587668189],[150.056943818995592,-35.007308857726436],[150.057347771960082,-35.007115271761002],[150.058661102839409,-35.006524634873671],[150.058993065811734,-35.006353942901995],[150.059583029757249,-35.006090903952639],[150.060043984716145,-35.005874029992114],[150.060424038679059,-35.005719912024837],[150.060837332635174,-35.005578927060604],[150.061276818587316,-35.005438578098705],[150.061787397528462,-35.005299950143126],[150.062200242469316,-35.005276052179674],[150.062697617405263,-35.005192562223279],[150.063300203326577,-35.0050993002762],[150.06398489823448,-35.005014179336484],[150.064540055167555,-35.004885859384949],[150.064830838132451,-35.004818934410338],[150.065304539067569,-35.004768772452096],[150.06575711301079,-35.004681103491727],[150.0660481199765,-35.00460802051709],[150.066420339939413,-35.004462937549192],[150.066732133909568,-35.004331803576008],[150.067025551883802,-35.004190979601127],[150.067581023845577,-35.003843857648143],[150.068478103786305,-35.003264612723925],[150.068935723747387,-35.003035313763043],[150.069578773701352,-35.002647126817571],[150.070455801640321,-35.002104374891829],[150.070805540620455,-35.001853964921203],[150.071343703603929,-35.001361563965709],[150.071693550584428,-35.001108069995091],[150.071741068582156,-35.001070887999056],[150.072606632540527,-35.000393585071393],[150.073067400512855,-35.000074959110194],[150.07353455948018,-34.999787313149767],[150.073916856465047,-34.999463712181544],[150.074195709456887,-34.999205414204589],[150.074274368454155,-34.999135943211101],[150.074353314451315,-34.999066786217647],[150.074432520448397,-34.998997942224229],[150.074512013445428,-34.998929412230829],[150.074591792442362,-34.998861214237458],[150.074677013438929,-34.998789143244544],[150.074762646435488,-34.998717548251669],[150.074848531431854,-34.99864625725882],[150.074934540428217,-34.998575109265985],[150.075020514424608,-34.99850391727314],[150.075110800420703,-34.998429883280664],[150.075122184420252,-34.998420668281618],[150.075201560416701,-34.998356396288237],[150.075292187412686,-34.998282766295787],[150.075382096408873,-34.99820831130328],[150.075470678405509,-34.998132341310644],[150.075550063403,-34.998060351317207],[150.075627934400956,-34.997986595323631],[150.075705401399006,-34.997912382330021],[150.075783585396863,-34.997839047336456],[150.075863661394123,-34.997767891343102],[150.075895976392843,-34.997740434345786],[150.075928453391526,-34.997713174348483],[150.075961126390155,-34.997686121351208],[150.075993962388708,-34.997659283353947],[150.076026958387246,-34.997632651356703],[150.07638495436214,-34.99741264738703],[150.076802946360829,-34.996942636421004],[150.077248942341242,-34.996579629458189],[150.077634933325214,-34.99625861949032],[150.078761918308629,-34.995090598582586],[150.079448902270855,-34.994589590640267],[150.080044892225487,-34.994250579690963],[150.080461888206884,-34.993913568725759],[150.080821882200581,-34.99354856375529],[150.081308869175729,-34.993178556796067],[150.081804855143901,-34.992851549837958],[150.082171850125604,-34.99256954186869],[150.082926833057968,-34.992217542933432],[150.083604816011587,-34.991792550990859],[150.0843157949827,-34.991196534050033],[150.084933790990789,-34.990425532099749],[150.085477762016922,-34.989602529142537],[150.085781749053695,-34.988973526165289],[150.085834744125322,-34.988367524165859],[150.085695740231387,-34.987719518149099],[150.085120737463058,-34.986615513090406],[150.084735734623251,-34.985837511050867],[150.08423573285387,-34.984655509998312],[150.083486739119081,-34.983495507923784],[150.082611738457132,-34.981925500835246],[150.081487736887937,-34.979934500721697],[150.081050743062349,-34.979107500677188],[150.080561740245685,-34.978272496627994],[150.080030732469851,-34.977174498573298],[150.079546731621804,-34.976572512526133],[150.078790736821958,-34.97591550645442],[150.077956736998829,-34.97552552037758],[150.076777750197181,-34.975367531271679],[150.075686753389562,-34.975154539173218],[150.074155768684165,-34.974667563033755],[150.072257800048362,-34.974071585860933],[150.071393798210295,-34.97382959478248],[150.070200809433459,-34.973498600674162],[150.069216815637475,-34.973073619583786],[150.068294817846066,-34.972542612498216],[150.067434823033267,-34.972103638418758],[150.066584832201841,-34.971794642341123],[150.065197845463018,-34.971396661215117],[150.064007850686892,-34.971056676107025],[150.062353870989114,-34.970652686957287],[150.061037878232725,-34.970306704837995],[150.059973889432001,-34.970009719741419],[150.058919895629771,-34.969712724645731],[150.057893905849511,-34.969215734551192],[150.056919907061541,-34.968717750461273],[150.056320916209984,-34.968273755405008],[150.055797913370185,-34.967652757354315],[150.055451905591212,-34.966364750314781],[150.055525895723235,-34.965272749313911],[150.056573855946567,-34.962364715387181],[150.05714383008754,-34.960634701426009],[150.05767580618317,-34.959293688464143],[150.058091797222914,-34.958512683495769],[150.058311781317968,-34.957534675508654],[150.058485772388281,-34.956798669519095],[150.058773757429975,-34.956149658540248],[150.059234739477233,-34.955259650575137],[150.059446736519277,-34.954695645590135],[150.059609728551862,-34.954259636601641],[150.059980720635224,-34.953197627627347],[150.060402699671585,-34.952435615659653],[150.060775690710159,-34.95171260668787],[150.061114680733994,-34.951141600714102],[150.061919663730237,-34.95024558577952],[150.062682650722223,-34.949430569841766],[150.063737621681526,-34.948529552929358],[150.064806603611714,-34.947834538019634],[150.065564597546768,-34.947459520084443],[150.066361576506125,-34.946854514151156],[150.067073567493338,-34.946134499209514],[150.067735548490987,-34.945392487263305],[150.068235532601676,-34.943974474298066],[150.068430517683595,-34.943125459309606],[150.068309512787692,-34.942470469294392],[150.068140505922202,-34.94163846827368],[150.067971500083445,-34.940602465251587],[150.067671493276976,-34.939470457217197],[150.067427485464208,-34.938322457187674],[150.06748747261048,-34.937137446184913],[150.067767462652341,-34.936496440205438],[150.068381450633268,-34.935937436256182],[150.069492437513304,-34.935577415352498],[150.07162940523952,-34.935213386539978],[150.073003385100691,-34.934695366658609],[150.074754354917246,-34.934085347810125],[150.075570337842748,-34.933717330880164],[150.076373330808764,-34.933055322947055],[150.07776330379204,-34.931588294060646],[150.078260283765246,-34.931222276102346],[150.078980279717854,-34.930758264163202],[150.080241251660425,-34.929749259268455],[150.081289230610338,-34.928929241356073],[150.082156208562452,-34.928300238428889],[150.082662189530396,-34.927964241471599],[150.083327173465278,-34.927698234528918],[150.085606130251875,-34.926712239724921],[150.086251107190975,-34.926437241780434],[150.08703209313515,-34.925967232846702],[150.088248048095664,-34.924874234947417],[150.088437027132642,-34.924375227960816],[150.088467029238075,-34.923537229957759],[150.088376018399941,-34.922407220941956],[150.088077006595199,-34.921261219907535],[150.087667003800846,-34.92016321286355],[150.087063011032882,-34.919086207802465],[150.086693013177552,-34.918407203764914],[150.086388991330494,-34.91758919573229],[150.086290988467823,-34.916654197717186],[150.086137982620244,-34.915667200696824],[150.08602097572529,-34.915000190681873],[150.086166953839694,-34.913960188687746],[150.086424937903843,-34.913175184705352],[150.086748922939705,-34.912530189729758],[150.086998909961778,-34.912075186748886],[150.087496894926119,-34.911776183791147],[150.088283877814547,-34.91172517886082],[150.089124869665227,-34.911900181936829],[150.089980866503367,-34.912153181014723],[150.090766837372428,-34.912251184085342],[150.091264831325759,-34.912036182128183],[150.091628813323666,-34.911635178157816],[150.091808810338961,-34.911312170171634],[150.091674807422123,-34.910831171156431],[150.091490803495617,-34.910482167137673],[150.091141809587782,-34.910179167104552],[150.090653810670688,-34.910106173060626],[150.090116823744154,-34.910161168013225],[150.089282841858875,-34.910242175939565],[150.088519854967359,-34.910289174872013],[150.087894869072557,-34.910203173815816],[150.087319874202649,-34.909870180762383],[150.086801882317729,-34.909586174714356],[150.086380888397116,-34.909463179676074],[150.085759891529364,-34.909166176618797],[150.085271901635338,-34.908917184573703],[150.084924896738613,-34.908527179540165],[150.084440895887383,-34.907947182493146],[150.083876901028731,-34.907515181440019],[150.083279900196203,-34.906922187382868],[150.082655908364131,-34.906356192323486],[150.082021904528062,-34.905832194263539],[150.081614904695783,-34.90501919622178],[150.081517895793581,-34.904384196208824],[150.081296889924118,-34.903641199184086],[150.081029871105528,-34.902563208152969],[150.080910856240052,-34.901673210136309],[150.081276838284253,-34.900916201163696],[150.081682826330848,-34.900095198194187],[150.08265379525929,-34.899528190276676],[150.084124766126365,-34.898856177402926],[150.085224745059122,-34.898108168495675],[150.086570704975315,-34.897205153609242],[150.087131688950421,-34.896752140656048],[150.087651670942819,-34.896214139698635],[150.087910667985284,-34.89559313271743],[150.087944659043501,-34.895110126717164],[150.087698652145349,-34.894615126691896],[150.087186657283809,-34.894145135643136],[150.086869654379143,-34.893781144612447],[150.086353652513765,-34.893345136563575],[150.08597465560041,-34.893118150528302],[150.085512661676376,-34.893068158486848],[150.085063664743018,-34.893074164446958],[150.084687670804726,-34.893034167413241],[150.084236674853173,-34.893181177374125],[150.083735686915844,-34.893277181330212],[150.083308696973575,-34.893326187292566],[150.082782699047584,-34.893364195246036],[150.082205706118998,-34.893480198195519],[150.081812716158936,-34.893626204161549],[150.081476728184498,-34.893816195132985],[150.081108739184344,-34.894239215103134],[150.080824751166716,-34.894699211081019],[150.080354769121755,-34.895581214045251],[150.080172773123479,-34.895777220030396],[150.080035786105896,-34.896068218020204],[150.079666792105485,-34.896494222990292],[150.07907781412257,-34.89703922394164],[150.078826823133284,-34.897245225920727],[150.078566831148606,-34.897426235898841],[150.078175840182325,-34.897617230865364],[150.077607847259145,-34.89768223781531],[150.077087855344075,-34.897630246768713],[150.076081864504602,-34.897558257678746],[150.075708872562643,-34.897543260645506],[150.075426875638783,-34.897285259618648],[150.075169868731081,-34.896875264593],[150.07510487079179,-34.896486263584578],[150.074984861860514,-34.896099261571258],[150.074862861933752,-34.895680266557541],[150.074651868024887,-34.895226267535683],[150.074357858121033,-34.894829270506825],[150.07382486024764,-34.894474270457025],[150.073507857314354,-34.894328273427831],[150.072988861414331,-34.894160279380543],[150.072493870508424,-34.894009281335514],[150.072021871611156,-34.893766285291875],[150.071395880749719,-34.893426290233897],[150.070446890972903,-34.892810303145332],[150.069995895072452,-34.892567308103587],[150.069707892140968,-34.892374304076661],[150.069187900261909,-34.892047316028197],[150.067923906532656,-34.89142932091162],[150.067484913626231,-34.891218325871151],[150.067126919712592,-34.890969324837634],[150.066313930921609,-34.890305334760839],[150.065762924035425,-34.890068335710261],[150.06526793216608,-34.889638342663325],[150.064917924271498,-34.889234344629457],[150.064263920460576,-34.888540343566596],[150.063588931653953,-34.887837342501797],[150.062265937018879,-34.886567351375547],[150.061929939121001,-34.886172344343002],[150.061288933332577,-34.885291345280024],[150.060800942462521,-34.884858349233696],[150.059137943954852,-34.883004345073267],[150.058823944056684,-34.882586346042508],[150.058524941149471,-34.88222034601344],[150.057886947295657,-34.88183535195413],[150.056462974532849,-34.881656358826383],[150.056145981574844,-34.881699350798527],[150.055068000681359,-34.882122370705638],[150.054307022761066,-34.882386378639843],[150.053569035867582,-34.882419383574522],[150.052755044024877,-34.882151396500383],[150.052300041147873,-34.881733397457104],[150.05221603920404,-34.881400393447372],[150.052070042268468,-34.881075395432184],[150.051971035311482,-34.880860394421916],[150.052115032314163,-34.880674391433438],[150.052480027302522,-34.880344381463601],[150.052698013324886,-34.87992337948009],[150.052813002353901,-34.879569373487882],[150.053009994402828,-34.878969368501288],[150.053131984442047,-34.878529361509116],[150.053181976518374,-34.877888364509161],[150.053299968593791,-34.877176355514791],[150.053251947663654,-34.876697355507254],[150.053061955761137,-34.876170353486778],[150.052970934882666,-34.875345343473057],[150.052860945971645,-34.874791342459496],[150.052787953003786,-34.874629345451901],[150.052672945053985,-34.87437734043997],[150.052675230060572,-34.874324255439809],[150.052677973067148,-34.874271171439688],[150.05268114607361,-34.874218113439603],[150.052684768079985,-34.874165091439565],[150.052688837086293,-34.874112105439565],[150.052694772094583,-34.874042069439625],[150.052701360102731,-34.873972060439712],[150.052708791110803,-34.873902132439909],[150.052717217118641,-34.873832330440187],[150.052726826126303,-34.873762742440555],[150.052753324167071,-34.873420336440553],[150.052780583209056,-34.87306822244058],[150.052772399217815,-34.873010861439468],[150.052763937226331,-34.872955329438319],[150.052754587235,-34.872899627437114],[150.052743400243941,-34.872844355435753],[150.052729398253149,-34.872790105434142],[150.052711614262648,-34.872737451432208],[150.052702354267097,-34.87271405543121],[150.052692592271626,-34.872690766430196],[150.052682131276185,-34.872667791429109],[150.05267080128084,-34.872645319427932],[150.052658421285571,-34.872623536426694],[150.052646374289822,-34.872604533425502],[150.052633528294194,-34.872585932424222],[150.052619975298626,-34.87256780742289],[150.052605749303041,-34.872550247421515],[150.052590914307473,-34.872533332420069],[150.052382913401459,-34.872053328398323],[150.051564904756077,-34.870280324313562],[150.051078904907229,-34.869682328266286],[150.050344916039904,-34.869510336199937],[150.049603936122992,-34.869725337135584],[150.049051944212522,-34.869674341086217],[150.048201952388979,-34.86930034500817],[150.04740296658079,-34.868750348933453],[150.046716961777122,-34.868036348867655],[150.046440960901037,-34.867405346838837],[150.04641220394268,-34.867119700834316],[150.046394956967617,-34.866948344831634],[150.046473948016313,-34.866485346835475],[150.046552938045011,-34.86617532684037],[150.046767930057541,-34.865832338857118],[150.046970919089176,-34.865357327871891],[150.047009911162831,-34.864749327871202],[150.04675990531797,-34.86384932584285],[150.046480901434876,-34.863275325814151],[150.046173902554926,-34.862709320783026],[150.045457895747319,-34.862059323714995],[150.04449591694393,-34.861659331626853],[150.043466933132066,-34.861401338533732],[150.04156295747481,-34.860964341361701],[150.041038967597785,-34.860625350312851],[150.040864968647242,-34.860446348296186],[150.04061396771877,-34.860187351272131],[150.040613958777698,-34.859736346269045],[150.040847954794202,-34.859341340287124],[150.041119939818685,-34.858841339307837],[150.041270937831484,-34.85857033231941],[150.041479923863875,-34.858082333334615],[150.041675912929861,-34.857352326347019],[150.041674909030377,-34.856584329341686],[150.041700896123047,-34.855845330338951],[150.04169387722078,-34.855105328333273],[150.041776884284104,-34.854525323336667],[150.041978860415412,-34.853288322346138],[150.042177852532035,-34.852167316356152],[150.04219383562986,-34.851400314352325],[150.041919833763046,-34.850695306323182],[150.041546833901577,-34.850063327285739],[150.041146834044355,-34.8494293232459],[150.040632839200867,-34.848821323196105],[150.040239839330354,-34.848281323157536],[150.039727834476764,-34.847748324108437],[150.039073839656595,-34.847122324046083],[150.038343838863142,-34.846379324976212],[150.038069836996272,-34.845674325947066],[150.037806833104582,-34.845147323920123],[150.037588828227229,-34.844458324896053],[150.037452826325875,-34.843859322879872],[150.037623822348905,-34.84348632289251],[150.03790280833843,-34.843246321915629],[150.038242803333674,-34.842892315943388],[150.038392798342954,-34.842649311955043],[150.038532787419371,-34.841903309962376],[150.038805767509956,-34.840896303979711],[150.039088750593663,-34.83993029999823],[150.039425732680655,-34.838877291020957],[150.039712713759997,-34.837940284040016],[150.040230687860628,-34.836575274076665],[150.040828665934868,-34.835320261121176],[150.04106165698974,-34.834632256137155],[150.041702626050778,-34.833429252185837],[150.042321607096426,-34.832369242233526],[150.042702593152967,-34.831499231261411],[150.043166578168155,-34.830850229298164],[150.043390570212296,-34.830255225313984],[150.043426560274156,-34.829740208313652],[150.043702543335286,-34.82895521533279],[150.043777536413643,-34.828269229334744],[150.043761536481725,-34.827766215329902],[150.043294530677173,-34.826805214281862],[150.042761531872372,-34.825922218228484],[150.042349529034993,-34.825149219186621],[150.041637528241694,-34.824383220118172],[150.040822530498275,-34.823353223038765],[150.040111533708455,-34.822559229970217],[150.039502529923681,-34.821609236909659],[150.039059520142018,-34.820445237862373],[150.038748515331804,-34.819348235827263],[150.038442502576544,-34.817824233789658],[150.038151495752857,-34.81680723475688],[150.037874490936076,-34.815721240724862],[150.037477485153971,-34.814507240681301],[150.037244466303207,-34.81363124465463],[150.03735147039248,-34.812824244658614],[150.037306462519552,-34.811902237648312],[150.037012452707899,-34.810796243614654],[150.036553451869651,-34.810083249569018],[150.036155450981568,-34.809682236530946],[150.036047453055147,-34.809242239518362],[150.03610443712958,-34.808606245519066],[150.036268434190646,-34.807950244529117],[150.036393428235982,-34.807459242536858],[150.036684417265462,-34.806899244558856],[150.036962409270302,-34.806543240581092],[150.037260408284254,-34.80609423460448],[150.037515389312603,-34.805584229623626],[150.037891375309812,-34.805174226654188],[150.038342371284557,-34.804850223692014],[150.039134358195611,-34.804623210760752],[150.039699350092235,-34.804767207811899],[150.040173347979135,-34.805090206856178],[150.040911343805476,-34.805574198925022],[150.041793329619679,-34.805986193006134],[150.042458323476097,-34.80632318406748],[150.043124321355407,-34.806484177127707],[150.043821307264068,-34.806384175188903],[150.044537297197081,-34.806076164250364],[150.04534127813011,-34.805667156318961],[150.045966266093444,-34.805231157371473],[150.046698248059812,-34.804649144432496],[150.046807241093575,-34.804265145439551],[150.046758235166607,-34.803762141431747],[150.046765236256022,-34.803069136427624],[150.0466322203456,-34.802535142412154],[150.045980224575175,-34.801524140347347],[150.045708220670804,-34.801103147320305],[150.045384226775013,-34.800676148288623],[150.044908229899391,-34.800269148243565],[150.044320228042096,-34.799850154188491],[150.043558235216835,-34.799385165117648],[150.042873242393227,-34.798819171052948],[150.042158247566249,-34.798313180986021],[150.041813250655991,-34.798021179953381],[150.04137124579637,-34.797452181910252],[150.041032244907001,-34.796993190877018],[150.04077524799672,-34.796600200851501],[150.040311245204862,-34.795537189803042],[150.040235239285636,-34.795005195792655],[150.040455234296928,-34.794666186809842],[150.04085123628073,-34.794336186842763],[150.041345215262254,-34.7939111778837],[150.041407210263259,-34.793832178888671],[150.041641207266736,-34.793537173907424],[150.041998198260131,-34.79317817593666],[150.042318186227646,-34.793060173964264],[150.042820178196507,-34.792723164006517],[150.04377715716862,-34.791839155085434],[150.044304141142078,-34.791438151129476],[150.044929129104304,-34.791011143182047],[150.045505119061147,-34.79068113423093],[150.046086103016108,-34.790360125280337],[150.046882096923639,-34.790156123349618],[150.047604083855106,-34.789853114411663],[150.048590060767594,-34.789393100496071],[150.049408042728345,-34.788756093564352],[150.051148993729385,-34.786752079705252],[150.052194966707475,-34.785721070791091],[150.052926947675218,-34.785129061852068],[150.053935925564758,-34.784819069939573],[150.054970916422434,-34.784723057030853],[150.055427900350168,-34.784753050071657],[150.055485798340982,-34.784757165076819],[150.055543688331795,-34.784761216081982],[150.055601604322618,-34.784765232087167],[150.05565951231344,-34.784769194092334],[150.055717428304234,-34.784773111097508],[150.055787293293179,-34.784777880103732],[150.055857159282084,-34.784782694109971],[150.055927051271027,-34.784787382116235],[150.055996943259998,-34.784791774122461],[150.056066880249006,-34.784795710128705],[150.056355583204493,-34.784806081154422],[150.05664494116084,-34.784808815180135],[150.056934648117789,-34.784806484205859],[150.057224418075066,-34.784801679231578],[150.057513973032371,-34.784796991257274],[150.057801115990287,-34.784790600282733],[150.05808821494864,-34.784780766308181],[150.05837529490708,-34.784770278333617],[150.058662366865207,-34.784761888359071],[150.058949456822717,-34.784758383384535],[150.059291818771044,-34.784761996414993],[150.059634179718586,-34.784771542445469],[150.059976550665652,-34.784784594475987],[150.060318911612598,-34.784798694506499],[150.060661255559751,-34.784811387536998],[150.06103317150172,-34.784829844570183],[150.061405679442743,-34.784854755603455],[150.061777863384208,-34.78487684263667],[150.062148829327384,-34.784886828669698],[150.062517653273687,-34.784875434702393],[150.062629191258054,-34.784867627712259],[150.062740793242511,-34.784858923722112],[150.062852153227169,-34.784848605731938],[150.062962992212249,-34.784835894741704],[150.063072998197867,-34.784820046751371],[150.063210121180759,-34.784794247763379],[150.063345943164535,-34.784762829775232],[150.063480923148859,-34.784727914786991],[150.063615517133485,-34.7846916647987],[150.063750165117966,-34.784656202810424],[150.064004446088546,-34.784590191832564],[150.064257930059568,-34.784521913854633],[150.064510553030999,-34.7844513758766],[150.064762217002823,-34.784378642898467],[150.065012822975149,-34.784303694920226],[150.06596972586658,-34.784039006003461],[150.066225709857179,-34.783817999024691],[150.066427703885836,-34.783367004039562],[150.066877684899225,-34.78274900007532],[150.06709566996247,-34.782015003089661],[150.067298658036577,-34.781215004102243],[150.06722465208432,-34.780934001093726],[150.067130646169119,-34.780392004081669],[150.067231642214495,-34.779929005087475],[150.06734463326157,-34.779438999094154],[150.067386620325635,-34.778900004094197],[150.067220624382571,-34.778654006077758],[150.066940625473308,-34.778279993050312],[150.066509628569463,-34.778037006010337],[150.065984634689102,-34.777722021961516],[150.065493632821244,-34.777272011914803],[150.064320641123544,-34.776300021803905],[150.063464652337387,-34.775642020723325],[150.062975657455809,-34.775295025677501],[150.062423664583264,-34.77495102362608],[150.061765662728106,-34.77459502856518],[150.061312667812388,-34.774468035524059],[150.059771706035463,-34.774524033387507],[150.059245708127946,-34.774418043340063],[150.059011713174044,-34.774333037318684],[150.058807719200246,-34.774366042300791],[150.058678728203574,-34.774488051290163],[150.058370725234283,-34.774606044263606],[150.058020736287631,-34.774598048232463],[150.057423752378725,-34.774584046179321],[150.056825756488877,-34.77442505212511],[150.056373765572516,-34.774302057084107],[150.055974769655904,-34.774120053047419],[150.055581770743771,-34.773897056010966],[150.055139774842189,-34.773649057970012],[150.054907777935881,-34.773197058946309],[150.054925768001169,-34.772676053944338],[150.055220755046577,-34.771990049965837],[150.05545774409228,-34.771368048982637],[150.055785736108504,-34.770868056008347],[150.056206720101216,-34.770441048042834],[150.057241691020891,-34.769871047130863],[150.058119668947029,-34.769431041205856],[150.058827652892859,-34.769035040266047],[150.058844647891533,-34.769026040267498],[150.059676630821031,-34.768613042338586],[150.06048361374215,-34.768293046408111],[150.061023603676688,-34.768176031455283],[150.06239857049178,-34.768018032576364],[150.063482548353647,-34.767835023671438],[150.064720519201103,-34.767586022779753],[150.066124494015412,-34.767401014903271],[150.067229475868629,-34.767260011000502],[150.067875465785789,-34.76715501605721],[150.068063457743847,-34.767261006074641],[150.067984458735168,-34.767418019068693],[150.0680584647057,-34.767559013076244],[150.068172459670109,-34.767701012087343],[150.068328459639616,-34.767756006101592],[150.068567457592792,-34.767841011123423],[150.068815446554936,-34.767847008145488],[150.069154446505564,-34.767837004175561],[150.069583435444997,-34.767810005213512],[150.070396415347602,-34.767625006284511],[150.071353401218573,-34.767517984368851],[150.072142385101813,-34.767508993438923],[150.072984371962406,-34.767612993514497],[150.07378235380969,-34.767868986587189],[150.074225353715292,-34.768084991628065],[150.074637347613617,-34.7683919906668],[150.074926346536074,-34.768654984694301],[150.07512133945653,-34.769040982714273],[150.075336349361066,-34.769525988736703],[150.075376355297919,-34.769963986743264],[150.075328352252313,-34.770367983741764],[150.075302366199793,-34.770799984742411],[150.075203376121351,-34.771513982738512],[150.07531538103683,-34.772032978752016],[150.075392390958172,-34.772546982762393],[150.07555539186896,-34.773043980780287],[150.075827385789751,-34.773338975806482],[150.076255379702673,-34.773515969845754],[150.076931371600693,-34.773522969905905],[150.077839351463922,-34.773530965986701],[150.078441345371431,-34.77354996004037],[150.079097329278596,-34.773509963098434],[150.07961732120765,-34.773457963144317],[150.080004314142627,-34.773512957179108],[150.080324310088258,-34.773562958207911],[150.080965297986154,-34.773610950265237],[150.081424289905129,-34.773705959306724],[150.081735286838949,-34.773856949335411],[150.082164284734432,-34.774165946375682],[150.082494284634265,-34.7745549374077],[150.082680287565211,-34.774870935426407],[150.082841289510156,-34.775107934442353],[150.08309428945023,-34.77527693146601],[150.083320289397022,-34.775425930487138],[150.083657299318787,-34.775638923518564],[150.083948288228129,-34.775999920546923],[150.084328290116048,-34.77642292158361],[150.084765292977664,-34.776981915626308],[150.085461293775381,-34.777733902693377],[150.085997286635802,-34.778188896744176],[150.086384288546981,-34.77842589478022],[150.087051290392878,-34.778841885842418],[150.08762328325443,-34.779246877896071],[150.08830327410206,-34.779634874959214],[150.089071272948956,-34.77992786202956],[150.089758264819181,-34.780134858092076],[150.090619256662706,-34.780346847170144],[150.091652240491669,-34.780473840262935],[150.092264230392232,-34.780534831317802],[150.092864227266546,-34.78080982837308],[150.093292222160471,-34.781131823413361],[150.093627225074698,-34.781404812445054],[150.095101211758504,-34.782137796581232],[150.096019214532589,-34.782815786667584],[150.096589207384739,-34.783294775721593],[150.097354203201036,-34.783824770793295],[150.097947207032064,-34.784438758850278],[150.098943195771113,-34.785295749944801],[150.100102194479803,-34.786197733054138],[150.101477180165773,-34.787026731182216],[150.102467170987268,-34.787259713271943],[150.103309158824061,-34.787544696348846],[150.103982156670838,-34.787946685411505],[150.104679151512727,-34.788358678476385],[150.105139147413865,-34.78858867651892],[150.105451147334605,-34.78883766854841],[150.10573414923104,-34.789305659576804],[150.105966155116562,-34.789915658601636],[150.106102157031842,-34.790407664617113],[150.106217164920594,-34.791126647632275],[150.106235173814952,-34.791913649639262],[150.106266188715864,-34.792635644646971],[150.106264189643809,-34.793188641650588],[150.106443200549535,-34.79370463467005],[150.107139209222851,-34.795405621743669],[150.107622216056484,-34.796124612791616],[150.108039211910011,-34.796767607833146],[150.108554219733378,-34.79752860388421],[150.108909220615885,-34.798020590919187],[150.109287222494146,-34.798518584956255],[150.109709211385876,-34.798863589996209],[150.110139214286761,-34.799129577036311],[150.11078820716935,-34.799284564095167],[150.111599188042561,-34.799326559167675],[150.112001186987754,-34.799285549203191],[150.11300316385055,-34.79918854029178],[150.113696151745984,-34.799195540353544],[150.114779135581216,-34.799216524450152],[150.115473127459921,-34.799349522512877],[150.115844120377233,-34.799557513547349],[150.116583120202137,-34.800050513616547],[150.11714510906765,-34.800435506669245],[150.117714106939331,-34.800765497722196],[150.118212100829737,-34.801033493768387],[150.118516105737655,-34.801389488797895],[150.119161099543476,-34.802135488860472],[150.119785091376883,-34.802694481919907],[150.120641080181684,-34.80320747199967],[150.121437063999707,-34.803687466073875],[150.121874066880622,-34.804097469115625],[150.122286069757962,-34.804563461155517],[150.12268606863293,-34.805061463194569],[150.123410062426728,-34.805808458264181],[150.12400105826876,-34.806339447320489],[150.124507056101862,-34.807035446370342],[150.124887047988921,-34.80746344040714],[150.125282054865238,-34.807956441445704],[150.125390052789101,-34.808414446458464],[150.125593058650793,-34.809238442482211],[150.125611067545634,-34.810020442489169],[150.125625085280234,-34.812030444504167],[150.125687088226812,-34.81236744551201],[150.125496093236507,-34.812511451495972],[150.125410092223973,-34.812705449489634],[150.125406103164977,-34.813160452492383],[150.125372102130513,-34.813462449491432],[150.125436105061027,-34.813919450500251],[150.125618099955716,-34.814515447520556],[150.125783108894609,-34.814793447537156],[150.125989109830215,-34.815049449557279],[150.126206118767726,-34.815278453578181],[150.126392111697299,-34.815603451596978],[150.126633108589175,-34.816153446622216],[150.126946112427277,-34.817031460656125],[150.127121116356136,-34.817374449674077],[150.127425111288346,-34.817544451702332],[150.127659107243346,-34.817620448723702],[150.12793409519594,-34.817668450748535],[150.12828909513857,-34.817700442780399],[150.128756083067259,-34.817711441822098],[150.12942707296466,-34.81772744288201],[150.12990406388397,-34.817798436925017],[150.130420057792861,-34.81790443597172],[150.130933048693748,-34.818074429018608],[150.131366044603254,-34.81827042705855],[150.131903040483422,-34.818571428108477],[150.132633031318193,-34.818998428176478],[150.133398026154396,-34.819374422247236],[150.134090010021851,-34.819595419310438],[150.134616006945691,-34.819575411357192],[150.135210991866359,-34.819501413409725],[150.135711979809969,-34.81935940645343],[150.136080972763381,-34.819293404485869],[150.136691966677944,-34.819247400540036],[150.137615947536744,-34.819269406622574],[150.13898892429529,-34.819543390746865],[150.140547904024203,-34.819831385887845],[150.141347893902605,-34.819845378959293],[150.142186877771366,-34.819888380034406],[150.142995866634266,-34.820010389107388],[150.143827849500411,-34.820081394182075],[150.145198835273305,-34.820248385305504],[150.146282813090039,-34.820408384403272],[150.146864808008445,-34.82036637945491],[150.147274793959753,-34.820269380490814],[150.148282783801534,-34.820325388581104],[150.1494337665861,-34.820654395686041],[150.150576754388254,-34.8208583897894],[150.151740735174371,-34.821160396895323],[150.153012713951483,-34.821408397010515],[150.153751703820888,-34.82156040007748],[150.154252699717404,-34.821777401123668],[150.15486268858885,-34.822061408180041],[150.155496683458409,-34.822332408238481],[150.155960676368863,-34.822485406280919],[150.156054681350611,-34.822517408289528],[150.156577666264042,-34.822580407336638],[150.157165658183345,-34.822524410388723],[150.158175639050427,-34.822385406477899],[150.160293611701917,-34.822625409668575],[150.161295595519505,-34.82287241375969],[150.162733578280893,-34.823050421889263],[150.163726563152466,-34.82289642197685],[150.164877538023603,-34.822565418077339],[150.165855516905992,-34.822346420163136],[150.166727505786866,-34.822259416240406],[150.167401480697976,-34.822168414299952],[150.168262479603101,-34.821909419375039],[150.169590448454073,-34.821530414491022],[150.170346434384413,-34.821199410556254],[150.170996422315767,-34.820981406612802],[150.172060403212441,-34.820555401704901],[150.173730367071101,-34.819728383848371],[150.17449734401805,-34.819258374913659],[150.175132335980436,-34.81882136296737],[150.175962319899526,-34.81849135403926],[150.176780301798431,-34.818329347111202],[150.177664285681743,-34.818210350189347],[150.178477274560748,-34.81820533926193],[150.179076265455734,-34.818322337316232],[150.179555265358204,-34.818519338360367],[150.180002254252685,-34.818813338402308],[150.180398256178194,-34.818929341438476],[150.180970248079859,-34.81902633149025],[150.181693247950534,-34.819187324555941],[150.182731223772493,-34.819360328649871],[150.183550209632045,-34.81949633072395],[150.18422220351178,-34.819646324785019],[150.184888191412483,-34.819643321844509],[150.18526618537868,-34.819470316877101],[150.1858711743144,-34.819270311929785],[150.186531156239312,-34.819090305987537],[150.187286157143546,-34.8189592970541],[150.188031136031697,-34.818962300120688],[150.188871124904693,-34.818972294195831],[150.189577110801139,-34.818956293258815],[150.19024309868297,-34.819097288319291],[150.19120409250263,-34.819375287407091],[150.191612088426865,-34.81948728344431],[150.19227607731753,-34.819563279504202],[150.192958066213521,-34.819578276565252],[150.193715057082613,-34.819712269633825],[150.194393040008521,-34.81950426969302],[150.195038033951931,-34.819200264748588],[150.196285919814073,-34.818828375857599],[150.196508639787623,-34.818776473877143],[150.196737579757411,-34.818745808897404],[150.196969576725451,-34.818724769917999],[150.197201394693792,-34.81870172293857],[150.197429841664416,-34.818665033958737],[150.19769453063293,-34.818603334981979],[150.197957300603065,-34.818531650004985],[150.198218448574352,-34.818452695027787],[150.198478305546445,-34.818369213050445],[150.198737176518932,-34.818283912073007],[150.199125075479003,-34.81814607210675],[150.199508635441447,-34.817995217140016],[150.199890259404953,-34.817838410173046],[150.200272349368248,-34.817682742206152],[150.20065733433006,-34.81753530223957],[150.200914592303945,-34.817441019261928],[150.201172047277794,-34.817346924284301],[150.20143025425125,-34.817255052306763],[150.201689735223937,-34.817167438329356],[150.201951035195549,-34.817086116352165],[150.202215993165339,-34.817014252375373],[150.202483407133684,-34.816950742398852],[150.202751798101474,-34.816890495422442],[150.203019686069553,-34.816828429445962],[150.203285603038836,-34.816759442469269],[150.203542045009158,-34.816693395491761],[150.203801650978562,-34.816630593514539],[150.204058316949272,-34.816561337537024],[150.204305946923455,-34.816475928558582],[150.204538454903314,-34.816364712578611],[150.204729396892532,-34.816229446594761],[150.204904400887756,-34.816066606609297],[150.205073811885143,-34.815893825623263],[150.205247981880774,-34.815728709637703],[150.205437247870861,-34.815588870653677],[150.20563141685605,-34.815480693670303],[150.205834576838271,-34.815384725687814],[150.206044136817951,-34.815300651705982],[150.206257541795566,-34.815228151724568],[150.206472211771512,-34.815166917743355],[150.206743363737417,-34.815117974767276],[150.207021757698357,-34.815098155792029],[150.207303496657204,-34.815090571817173],[150.20758463361679,-34.815078290842237],[150.207861253579836,-34.815044415866744],[150.208172007541236,-34.814984357894126],[150.208483901503769,-34.814914446921556],[150.208791572468925,-34.814829665948487],[150.209089669438072,-34.81472493997444],[150.209372850412791,-34.814595239998873],[150.209569816398158,-34.814482536015717],[150.209760713386174,-34.814356556031939],[150.209945721376414,-34.814220241047558],[150.210125046368489,-34.814076503062601],[150.210298875361957,-34.813928284077143],[150.210517292356542,-34.81372135009525],[150.210722926354947,-34.813499438112146],[150.210920107355889,-34.813268024128199],[150.21111321835798,-34.813032576143854],[150.211306598359812,-34.81279855315956],[150.211560073361596,-34.812496853180164],[150.211811298364012,-34.812192553200546],[150.212056974367869,-34.811883932220425],[150.212293839373814,-34.811569278239453],[150.212518593382583,-34.811246880257357],[150.212669896390679,-34.811013538269293],[150.212816027399981,-34.810776504280732],[150.212957308410438,-34.81053637729174],[150.21309409942188,-34.810293713302308],[150.213226721434239,-34.8100490953125],[150.213297429442321,-34.809907213317864],[150.213363772451373,-34.809762723322805],[150.213430177460452,-34.809618403327747],[150.213501037468433,-34.809477005333136],[150.213580781474377,-34.809341317339332],[150.213659198477103,-34.809231302345587],[150.213744687478169,-34.80912594035253],[150.213833180478588,-34.809022504359724],[150.213920624479186,-34.808918253366841],[150.214002931481048,-34.80881047937347],[150.214105891486668,-34.808650481381591],[150.214199475494638,-34.808483688388812],[150.214290612503163,-34.808315219395809],[150.214386204510561,-34.808150219403231],[150.21449318151511,-34.807993816411738],[150.214599036516262,-34.807864762420316],[150.214712072515624,-34.807741175429584],[150.214829384513905,-34.807620861439254],[150.214948031511824,-34.807501640449061],[150.215065128510162,-34.807381307458712],[150.215402981507339,-34.807018311486452],[150.21573992850503,-34.806652805514098],[150.216082227501175,-34.806293232542266],[150.216436232493635,-34.805947976571566],[150.216808220480459,-34.805625461602645],[150.217042718469855,-34.805439234622355],[150.217281716458075,-34.805257077642494],[150.217526020444524,-34.805082270663164],[150.21777645642868,-34.804918131684445],[150.218033839409969,-34.804767957706439],[150.218365479381873,-34.804604454734999],[150.21870989434899,-34.804462787764862],[150.219062788312698,-34.804337533795568],[150.21941989527437,-34.80422327882674],[150.219776940235278,-34.804114608857944],[150.220074167201517,-34.804033331883993],[150.220374766165804,-34.803963215910414],[150.220676547129358,-34.803896980936969],[150.220977325093571,-34.8038273659634],[150.221274920059642,-34.803747093989507],[150.221609339024639,-34.803633170018635],[150.221939106992551,-34.803502269047257],[150.222267788961005,-34.803368428075757],[150.222598998927623,-34.803245720104556],[150.222936313890017,-34.803148201134086],[150.223174352861434,-34.803094999155029],[150.223414694831689,-34.803047974176216],[150.223656542800626,-34.803009160197597],[150.223899081768138,-34.802980627219114],[150.224141503734018,-34.8029644382407],[150.224359453700771,-34.802969736260252],[150.224578479664956,-34.802993096280005],[150.224797469628584,-34.803020606299803],[150.225015330593664,-34.803038373319417],[150.225230950562207,-34.803032483338676],[150.225379841542548,-34.803012870351871],[150.225528393523859,-34.802985754364968],[150.225676047506255,-34.802952112377966],[150.225822214489568,-34.802912922390789],[150.22596631947377,-34.802869150403389],[150.226087530461541,-34.802824241413923],[150.226206402450686,-34.802771846424214],[150.226324592440164,-34.802717399434421],[150.22644374142908,-34.802666358444732],[150.226565517416418,-34.802624138455343],[150.226745684394984,-34.80258238347119],[150.226930279370862,-34.802555895487529],[150.227117393345225,-34.80253803850416],[150.227305117319247,-34.802522163520862],[150.227491541294086,-34.802501635537404],[150.227726917262601,-34.802473704558281],[150.227963289230473,-34.802449393579288],[150.228199086198714,-34.802422725600188],[150.228432742168394,-34.802387685620879],[150.228662686140524,-34.802338293641114],[150.228822263122964,-34.802290130655088],[150.228979464107056,-34.802232742668771],[150.229135859091656,-34.802172199682346],[150.229293015075712,-34.802114615696027],[150.22945252905825,-34.802066066709976],[150.229651081034348,-34.802022070727446],[150.229852448008614,-34.801989056745256],[150.230055302981896,-34.801961698763222],[150.230258355955101,-34.801934689781213],[150.230460259929117,-34.801902724799085],[150.230740205893625,-34.801854256823809],[150.231020805858009,-34.80180624584861],[150.231300329823085,-34.801753895873276],[150.231577074789811,-34.801692375897623],[150.23184930175907,-34.80161688192149],[150.232085914734199,-34.801536940942128],[150.2323197587111,-34.801447175962458],[150.232551065689336,-34.801349736982495],[150.232780023668624,-34.801246786002281],[150.23300683864872,-34.801140491021869],[150.233257624625622,-34.801031418043571],[150.233517194600807,-34.800924872066084],[150.233768499578503,-34.800808896087794],[150.233994455562822,-34.800671514107087],[150.234177983557856,-34.800500759122357],[150.234254052560175,-34.800396822128462],[150.23432132656481,-34.800285104133728],[150.234381896571165,-34.800168178138335],[150.234437822578514,-34.800048652142529],[150.234491194586269,-34.799929091146495],[150.234582429604785,-34.799684706152988],[150.234651003628045,-34.799430245157374],[150.234706652653955,-34.799170039160593],[150.234759091680559,-34.798908398163491],[150.234818020705802,-34.798649644166993],[150.234876949727862,-34.798415254170664],[150.234934973750057,-34.798180604174242],[150.234993481772165,-34.797946088177881],[150.235053889793932,-34.797712110181685],[150.235117605815049,-34.797479083185799],[150.235201678840014,-34.797194324191366],[150.235290708863971,-34.796910973197406],[150.235382624887421,-34.796628428203704],[150.235475401910691,-34.79634614321008],[150.235566986934202,-34.796063527216333],[150.235660373958211,-34.795775192222742],[150.235755077981935,-34.795487260229244],[150.235849397005722,-34.795199211235705],[150.235941610029954,-34.794910544242001],[150.236029994054888,-34.794620748247944],[150.236058661066039,-34.794503580249696],[150.23608208407839,-34.794383202250955],[150.236107506090207,-34.794264250252432],[150.236142196099905,-34.79415133125476],[150.236193408105692,-34.794049079258649],[150.236243113107093,-34.793982172262631],[150.236300393106717,-34.793919791267349],[150.236362773105157,-34.793860925272526],[150.236427798102852,-34.793804542277968],[150.236493002100332,-34.793749637283419],[150.236712422087493,-34.793598021302024],[150.236958385066629,-34.793477365323241],[150.237219927040968,-34.793375355345965],[150.237486077013813,-34.793279665369148],[150.237745861988344,-34.793177960391709],[150.238017389962977,-34.793062441415238],[150.238290002937134,-34.792949271438879],[150.23856369091078,-34.792838718462647],[150.238838526883882,-34.792731097486516],[150.239114482856394,-34.792626702510518],[150.239357863831771,-34.792537457531694],[150.239602123806719,-34.792450363552987],[150.239847243781242,-34.792365698574365],[150.240093233755289,-34.792283740595828],[150.240340101728805,-34.792204750617401],[150.240666596693245,-34.792104183645968],[150.240994579656984,-34.79200743567467],[150.241324095619774,-34.791916056703556],[150.241655189581394,-34.791831589732638],[150.241987888541701,-34.791755565761932],[150.242287858505023,-34.791693534788372],[150.242589299467511,-34.79163635381498],[150.242891923428999,-34.79158569884175],[150.243195417389217,-34.791543218868647],[150.243499493348082,-34.79151056289566],[150.243803310305367,-34.79149024192273],[150.244108202261003,-34.791481008949987],[150.244413721215608,-34.791479206977343],[150.244719384169713,-34.79148120600474],[150.245024725123812,-34.791483331032097],[150.245346317075615,-34.791484415060921],[150.245668079027212,-34.79148698808978],[150.24598974297831,-34.791493102118636],[150.246311029928762,-34.791504800147493],[150.246631662878372,-34.791524153176368],[150.246943035828167,-34.791551556204446],[150.247253969777205,-34.79158610323254],[150.247564454725534,-34.791626011260632],[150.247874510673512,-34.791669469288699],[150.248184126621283,-34.791714701316771],[150.248528110562717,-34.791769067347964],[150.248871269503553,-34.791828938379112],[150.249214034444122,-34.791891561410246],[150.249556808384682,-34.791954210441403],[150.249900003325479,-34.792014134472574],[150.250157395281377,-34.792057072495922],[150.2504148682373,-34.792099498519285],[150.250672421193315,-34.792141441542661],[150.250930055149411,-34.792182872566023],[150.251187770105503,-34.792223802589405],[150.252757560873704,-34.792202737729944],[150.253007315839966,-34.792175666752136],[150.253770266744169,-34.79203748781957],[150.254567855650748,-34.791842018889717],[150.255268318572575,-34.791640920951117],[150.255816188515723,-34.791451431998929],[150.256426321475146,-34.791067245050989],[150.256842303449247,-34.790792033086383],[150.257244392429186,-34.790488208120344],[150.257646453412889,-34.790155752154121],[150.257951335421723,-34.789743265178615],[150.258270004440504,-34.789239176203715],[150.258560938461898,-34.788746560226436],[150.258837862506539,-34.788093668246788],[150.259073399519622,-34.787727050265374],[150.259225607559472,-34.787251762275773],[150.259516424597535,-34.786633212297595],[150.259668533650967,-34.786054864307275],[150.259744394708292,-34.785533860310515],[150.261067755737741,-34.783809334417334],[150.263270983778483,-34.781001907595616],[150.263686589797913,-34.780383196628648],[150.26472500192952,-34.778206724706841],[150.266373583985228,-34.775915039838956],[150.267870200966399,-34.774361959962526],[150.269034684883934,-34.773667942062211],[150.276506369353598,-34.769228105701984],[150.279667869986383,-34.768434145980201],[150.282538892564446,-34.768384653237476],[150.284216718364149,-34.768004643385432],[150.286128818297954,-34.766342017545661],[150.286720525339263,-34.76535886859201],[150.287825714264017,-34.76467823568656],[150.29002390996493,-34.764459138882366],[150.291633034696474,-34.764674470028304],[150.294595759089702,-34.765924023302851],[150.296496187777791,-34.766138897474981],[150.302841862807298,-34.766318656046089],[150.304721114441946,-34.76696291921931],[150.305568601277173,-34.767253451297421],[150.307769660706015,-34.769093471507766],[150.308867900317296,-34.770797753618119],[150.310173627953475,-34.772078089744213],[150.312068516538147,-34.773082739921364],[150.313477555229923,-34.773824769053057],[150.314365807055253,-34.774143963135081],[150.314601652017075,-34.774166499156429],[150.314754219995848,-34.774154811170057],[150.3147969609916,-34.77413905217378],[150.314878981983327,-34.774108817180945],[150.314934406981109,-34.774062931185618],[150.314934218997763,-34.773936996184752],[150.314878238049175,-34.773610778177449],[150.314447145207851,-34.772895871133827],[150.313779739447114,-34.771837848066603],[150.313668243509795,-34.771488825054178],[150.3135011515906,-34.771065464036269],[150.313473057625743,-34.770830795032126],[150.313431122660717,-34.770613320026868],[150.313451470697771,-34.770309889026613],[150.313527468712095,-34.770115129032114],[150.313596509728995,-34.76990894903691],[150.313776643718768,-34.769782719052223],[150.313963509724204,-34.769530547067291],[150.314441601692977,-34.769226403108171],[150.31589634061902,-34.768142185231468],[150.317718658485802,-34.767091708388051],[150.319125246379741,-34.766305208509067],[150.319822793344912,-34.765780810568181],[150.319974232336932,-34.765670195581038],[150.320124907329159,-34.765558513593817],[150.320274819321668,-34.765445773606523],[150.320423925314458,-34.765332003619136],[150.320572216307511,-34.765217201631685],[150.320704496301602,-34.765112600642858],[150.320835755296031,-34.765006664653932],[150.320966548290556,-34.76490014566496],[150.321097448285059,-34.764793770675993],[150.321229039279359,-34.764688255687098],[150.321376961273018,-34.76456916969957],[150.321524337266879,-34.764449177712009],[150.321672556260438,-34.764330369724505],[150.321823016253234,-34.764214814737244],[150.321977097244826,-34.764104584750349],[150.32210534423686,-34.764019696761281],[150.322235796228199,-34.763937962772452],[150.322367808219013,-34.763858550783773],[150.322500734209484,-34.763780618795202],[150.322633921199809,-34.763703313806637],[150.322763611190396,-34.763628078817781],[150.322896502179901,-34.763557361829243],[150.323032054168408,-34.763491440840973],[150.323169741155908,-34.763430566852932],[150.323308996142458,-34.763375017865073],[150.323416429131527,-34.763336418874466],[150.323525197119977,-34.763301019884011],[150.323634997107888,-34.763268507893649],[150.32374548709538,-34.76323854090338],[150.323856353082448,-34.763210842913153],[150.323979249067719,-34.763184013924018],[150.324103122052207,-34.763161235934994],[150.324227586036358,-34.763140923946047],[150.3243522390203,-34.763121507957123],[150.324476695004392,-34.763101401968171],[150.324637499983652,-34.763076660982463],[150.324798859962527,-34.763054537996823],[150.324960085941456,-34.763032030011153],[150.32512053192093,-34.763006097025411],[150.325279489901533,-34.762973729039473],[150.325445958882256,-34.762931741054146],[150.325611236863892,-34.762884000068695],[150.325775393846328,-34.762831713083102],[150.325938474829343,-34.762776100097369],[150.326100534812753,-34.762718373111554],[150.326237933798751,-34.762669196123561],[150.326375440784858,-34.762619267135577],[150.326511755771492,-34.76256656814747],[150.326645578759098,-34.762509073159116],[150.3267756107482,-34.762444784170363],[150.326889757739707,-34.762380073180189],[150.327001438732282,-34.762310253189739],[150.327110772725746,-34.762236309199075],[150.327217900719944,-34.762159219208179],[150.327322967714707,-34.762079978217074],[150.327444034709885,-34.761979860227278],[150.327560117706639,-34.761873305236982],[150.327674040704068,-34.761763918246487],[150.327788662701323,-34.761655293256041],[150.327906807697474,-34.76155103326596],[150.32801798769276,-34.761461152275331],[150.328131273687404,-34.76137382528492],[150.32824551968173,-34.761287655294602],[150.32835961267611,-34.761201260304276],[150.328472415670916,-34.761113288313808],[150.328576665666162,-34.76103167132262],[150.328681633661176,-34.76095061933151],[150.328785553656559,-34.760868420340294],[150.328886684652701,-34.760783379348801],[150.328983280650135,-34.76069377535687],[150.329060181649197,-34.760613835363245],[150.329133847649217,-34.760530596369286],[150.32920555064976,-34.760445375375156],[150.329276571650496,-34.76035949238095],[150.32934818465111,-34.760274272386802],[150.329443516651736,-34.760161577394605],[150.329537933652659,-34.760048102402308],[150.32963212765361,-34.759934430410013],[150.329726768654439,-34.759821135417745],[150.329822548654988,-34.759708844425582],[150.329911542654628,-34.759611146432924],[150.330003575653535,-34.759515653440545],[150.33009489165255,-34.75941976644809],[150.330181761652653,-34.759320866455226],[150.330260438654733,-34.759216383461592],[150.33032435165839,-34.759116327466643],[150.330383468663257,-34.759012552471255],[150.330437987669228,-34.758905899475415],[150.330488140676096,-34.75879723847919],[150.330534116683737,-34.758687438482575],[150.330567274691077,-34.758594204484908],[150.330595429699514,-34.758498989486789],[150.330621595708266,-34.758402976488483],[150.330648801716848,-34.758307322490275],[150.330680076724605,-34.758213210492443],[150.330737580735502,-34.758065591496596],[150.33080048074541,-34.757919569501254],[150.330868534754245,-34.757775626506394],[150.330941492762065,-34.757634345511981],[150.331019093768674,-34.757496228518015],[150.331096237776904,-34.757346889523923],[150.331171928785409,-34.757196851529699],[150.331245675794378,-34.757045889535298],[150.331321869804498,-34.75688325654103],[150.331395741815101,-34.756719512546553],[150.331468008826022,-34.756554996551927],[150.331539379837182,-34.756390078557217],[150.33161056284834,-34.75622511456249],[150.331650039854509,-34.756133593565423],[150.331689319860772,-34.75604199056832],[150.331728393867053,-34.755950289571203],[150.331767261873352,-34.755858516574058],[150.331805923879728,-34.755766645576912],[150.332129594923543,-34.755069107601237],[150.332820564004351,-34.753676831653827],[150.332871533006823,-34.753600593657886],[150.332920414009806,-34.753522723661753],[150.332967062013353,-34.753443428665399],[150.333011389017372,-34.753362877668842],[150.333053268021899,-34.753281296672043],[150.333082554025907,-34.753218091674256],[150.333109526030341,-34.75315375767623],[150.333135611035033,-34.753088965678124],[150.333162190039559,-34.75302441668007],[150.333190668043727,-34.752960771682204],[150.333220993047547,-34.752897737684499],[150.333252161051178,-34.752835025686871],[150.333284368054564,-34.752772842689346],[150.333317813057675,-34.752711376691934],[150.333352719060485,-34.752650824694655],[150.333386719062901,-34.752594145697316],[150.333421607065134,-34.752537833700082],[150.333457812067053,-34.752482373702946],[150.333495766068552,-34.752428302706001],[150.333535906069443,-34.752376087709244],[150.333592774069615,-34.752310570713909],[150.333653702068773,-34.752248145718958],[150.333717552067185,-34.752188176724289],[150.333783187065052,-34.752130062729805],[150.333849457062684,-34.752073177735376],[150.333919376059868,-34.752015772741267],[150.333991187056455,-34.751960518747339],[150.334064315052643,-34.751906851753546],[150.334138214048579,-34.75185419775984],[150.334212328044401,-34.751801972766152],[150.33428155704047,-34.751753684772034],[150.334351315036344,-34.751706094777994],[150.334421566032063,-34.751659221783989],[150.334492282027639,-34.751613084790023],[150.334563456023005,-34.751567691796112],[150.334645504017203,-34.751519214803167],[150.334726834011633,-34.751469428810147],[150.334807411006381,-34.751418378817021],[150.334887164001373,-34.751366091823847],[150.334966028996689,-34.75131260383057],[150.335072852990862,-34.751235997839657],[150.335177534985775,-34.751156245848527],[150.335280880981145,-34.75107457485727],[150.335383733976698,-34.75099222286596],[150.335486953972122,-34.75091044387468],[150.335612458966239,-34.7508131938853],[150.335738295960283,-34.75071626589596],[150.335863513954536,-34.75061860390656],[150.335987199949216,-34.750519165916991],[150.336108401944642,-34.750416895927188],[150.336230312940955,-34.750307131937404],[150.336349372938145,-34.750194096947347],[150.336466872935773,-34.750079276957123],[150.336584130933488,-34.749964152966875],[150.336702437930938,-34.749850219976743],[150.336847188927152,-34.74971527698883],[150.336993113923057,-34.749581525001041],[150.337138850919018,-34.74944760301323],[150.337283063915436,-34.749312158025269],[150.337424417912587,-34.749173870037048],[150.337521264911686,-34.749071161045059],[150.337615100911734,-34.74896516205277],[150.337708935911735,-34.748859324060476],[150.337805818910795,-34.748757117068493],[150.337908779907934,-34.74866202707711],[150.337982992905268,-34.748598670083339],[150.338058559902379,-34.748535456089712],[150.338136321898673,-34.748475577096293],[150.338217114893666,-34.748422250103197],[150.338224895893063,-34.748418243103878],[150.338301761886811,-34.748378694110514],[150.338413964875002,-34.748341467120355],[150.338533383860124,-34.748319595130944],[150.338657015843211,-34.748308112141991],[150.338781866825371,-34.748302052153178],[150.338904933807754,-34.748296441164214],[150.339077867782407,-34.748293259179754],[150.339251428755546,-34.748300771195417],[150.339425339727825,-34.748314432211153],[150.339599340699863,-34.748329733226903],[150.339799534669709,-34.748331948244932],[150.339999907639026,-34.748338384263],[150.34020018160777,-34.748349024281097],[150.340400106575999,-34.748363851299182],[150.340599412543781,-34.748382854317249],[150.34072853952253,-34.748398022328985],[150.340857423501035,-34.748415537340684],[150.340875692497946,-34.748418226342338],[150.340986147479327,-34.748434523352387],[150.341114799457586,-34.748454109364104],[150.341243450435854,-34.748473436375825],[150.341461339399217,-34.74850472039563],[150.341679326362652,-34.748535771415455],[150.341897062325899,-34.748568284435272],[150.342114171288813,-34.748603978455044],[150.34233026725127,-34.748644540474764],[150.34249979422097,-34.748682682490283],[150.342668381190123,-34.748725718505753],[150.342836734159192,-34.748769803521206],[150.34300556212861,-34.748811118536672],[150.343175574098694,-34.748845845552211],[150.343402920060129,-34.748881010572909],[150.343631933022465,-34.748907867593701],[150.343862002985475,-34.748928197614539],[150.344092485949062,-34.74894383063539],[150.344322762913066,-34.748956550656196],[150.344541897879111,-34.748966142675982],[150.344761354845616,-34.748972148695771],[150.344980937812608,-34.748974371715541],[150.345200448780105,-34.748972587735295],[150.345419645748223,-34.748966617754974],[150.345621470719266,-34.748958343773083],[150.345823474690576,-34.748947560791187],[150.346025201662457,-34.748932886809214],[150.34622617463512,-34.748912869827187],[150.346425955608879,-34.74888608584498],[150.346563275591819,-34.748860350857157],[150.346699762575639,-34.748828698869225],[150.346836024559707,-34.748795827881253],[150.34697265454318,-34.748766416893353],[150.34711024352552,-34.748745163905589],[150.347232297508725,-34.748734460916495],[150.347354979491172,-34.748728741927508],[150.347478010473196,-34.748726357938558],[150.347601131454923,-34.748725666949639],[150.347724090436685,-34.748725030960692],[150.347854893417178,-34.748725317972472],[150.347985714397339,-34.748727791984251],[150.348116544377376,-34.748731117996059],[150.348247374357527,-34.748733995007839],[150.348378195337887,-34.748735089019632],[150.348547284312815,-34.748733977034846],[150.348716390287962,-34.74873129705005],[150.348885478263298,-34.748727147065232],[150.349054531238835,-34.74872166108041],[150.349223494214556,-34.748714956095583],[150.349455089181703,-34.748702200116327],[150.349686495149399,-34.748685447137035],[150.349917839117381,-34.748667026157733],[150.35014921708526,-34.748649242178438],[150.350380748052686,-34.748634433199186],[150.350575877025022,-34.748623928216666],[150.350771049997206,-34.748613996234162],[150.350966302969283,-34.748605292251689],[150.351161574941045,-34.748598462269214],[150.351356863912542,-34.748594168286751],[150.351588269878249,-34.748592868307583],[150.351819755843422,-34.748595083328432],[150.352051259808263,-34.748599959349306],[150.352282736772878,-34.748606638370191],[150.352514114737403,-34.748614293391064],[150.352751678700713,-34.74862401041252],[150.352989170663676,-34.748636201433982],[150.353226599626566,-34.748649576455449],[150.353464055589399,-34.748662834476917],[150.353701565552427,-34.748674675498371],[150.353961135512094,-34.748687404521839],[150.354220759471644,-34.748700832545289],[150.354480410431307,-34.748712925568753],[150.354740061391453,-34.748721656592188],[150.35499969335234,-34.748724991615582],[150.355231197318062,-34.748722893636419],[150.35546273728437,-34.748717121657215],[150.35569425025102,-34.748708372677996],[150.355925683217947,-34.748697338698761],[150.356156945185148,-34.748684735719493],[150.35642541614709,-34.748670303743566],[150.356694201108979,-34.748655342767663],[150.356962592071454,-34.748636518791706],[150.357229872035077,-34.748610514815589],[150.357495331000337,-34.748574004839234],[150.357665449978953,-34.748543939854336],[150.357834940958242,-34.748509742869373],[150.35800391293796,-34.748472452884329],[150.35817244491804,-34.748433127899233],[150.358234995910692,-34.748418139904764],[150.358340635898315,-34.748392825914095],[150.358472370882765,-34.748361783925752],[150.358604293867216,-34.748330830937427],[150.358735759851925,-34.748298282949037],[150.358866114837213,-34.748262471960523],[150.358994729823451,-34.748221704971819],[150.35915708580751,-34.748159117986013],[150.359316214793296,-34.74808723599984],[150.35947365877999,-34.748010406013485],[150.359630977766784,-34.747932994027131],[150.359789702752863,-34.747859355040923],[150.359936094739453,-34.747795720053652],[150.360082897725874,-34.747733044066457],[150.360229969712151,-34.747670978079277],[150.360377158698356,-34.747609180092098],[150.360524312684618,-34.747547320104928],[150.360707464667456,-34.747470822120896],[150.361074397632763,-34.747319313152886],[150.361257540615611,-34.747242806168877],[150.361440048598723,-34.747164829184754],[150.361619381582585,-34.74708472720036],[150.361797685566927,-34.74700216021585],[150.361975880551313,-34.746919378231333],[150.362154900535302,-34.746838649246897],[150.362335659518465,-34.746762213262663],[150.362530501499549,-34.74668561627967],[150.362726813479952,-34.746612462296859],[150.362924335459837,-34.746542364314159],[150.363122753439171,-34.746474973331573],[150.363321834418088,-34.746409931349056],[150.363478902401198,-34.746360692362863],[150.363636578383932,-34.746313308376735],[150.363794712366456,-34.746267395390653],[150.363953169348775,-34.746222566404626],[150.364111787330955,-34.746178419418598],[150.364298588309708,-34.746128741435079],[150.364486097287994,-34.746081627451645],[150.364673803266157,-34.746035193468238],[150.364861169244534,-34.745987559484789],[150.365047647223435,-34.745936850501231],[150.365247885201427,-34.74587790351886],[150.365447289179883,-34.745816052536391],[150.365646209158626,-34.745752462553874],[150.365844959137462,-34.745688325571344],[150.366043889116241,-34.745624815588819],[150.366309707087765,-34.745540796612183],[150.366575463059291,-34.745456472635539],[150.36684111103088,-34.74537187965889],[150.367106679002518,-34.74528706368222],[150.367372210974224,-34.745202066705573],[150.367547501955443,-34.745146284720967],[150.367722909936646,-34.745090824736394],[150.367898209917939,-34.7450350597518],[150.36807320489936,-34.744978398767181],[150.368247688880984,-34.744920231782494],[150.368449755860183,-34.744850115800212],[150.368651087839709,-34.744777884817864],[150.368852033819508,-34.744704469835455],[150.369052889799292,-34.744630821853043],[150.369253997778998,-34.744557881870648],[150.369445199759554,-34.744489460887415],[150.369636482740077,-34.744421253904179],[150.369827774720562,-34.744353046920935],[150.370018967701128,-34.744284598937682],[150.370209981681796,-34.744215656954431],[150.370391672663487,-34.744149556970342],[150.370573247645211,-34.744083169986247],[150.370754733626995,-34.744016478002138],[150.370936092608787,-34.743949500018012],[150.371117344590687,-34.743882216033882],[150.371240044578343,-34.743837110044623],[150.371358333567827,-34.743783487054912],[150.371455216560491,-34.743729721063282],[150.371549320554379,-34.743670228071345],[150.371641309549062,-34.743606754079195],[150.371731872544245,-34.743541039086914],[150.371821665539613,-34.743474849094532],[150.37193386753404,-34.743390606104072],[150.37204440352906,-34.74330378111344],[150.372152876524723,-34.743214312122589],[150.372258938521071,-34.74312216313151],[150.372362204518282,-34.743027306140171],[150.372470454515991,-34.742922410149198],[150.372576211514513,-34.742814421157981],[150.372678813513915,-34.742703322166463],[150.372777579514349,-34.742589104174584],[150.372871854515836,-34.742471739182271],[150.372971480519794,-34.742329023190266],[150.373061757526159,-34.742179137197375],[150.373148547533447,-34.742026544204144],[150.373237730540097,-34.741875672211137],[150.373335178544693,-34.74173098421894],[150.373397487547379,-34.741640646223942],[150.373459079550599,-34.741546937228833],[150.373523503552917,-34.741456741234018],[150.373594283552904,-34.741376908239857],[150.373674959549191,-34.741314322246694],[150.37375803854215,-34.741274172253895],[150.373849246532359,-34.741245210261901],[150.373829732546511,-34.741160285259589],[150.373814682557423,-34.741094607257764],[150.373810272560661,-34.741075352257234],[150.373790856574743,-34.740990401254905],[150.37377148558889,-34.740905449252573],[150.373752168603005,-34.740820480250257],[150.373732277614948,-34.740752381247994],[150.373707707627773,-34.740683143245306],[150.373685521640141,-34.740614461242835],[150.373672766650827,-34.740548038241236],[150.373676513658523,-34.740485568241141],[150.37367882667678,-34.740345094240396],[150.373688812694127,-34.740202621240307],[150.373708283709959,-34.740061062241082],[150.373739056723537,-34.739923331242913],[150.373782952734331,-34.73979235024597],[150.373859620742593,-34.739643548251848],[150.373959972746178,-34.739503405259939],[150.374075624746609,-34.739369878269443],[150.374198215745423,-34.739240905279601],[150.374319354744074,-34.739114423289649],[150.374490530741895,-34.738938281303867],[150.374670409737575,-34.738768271318904],[150.374858482730872,-34.738606920334732],[150.375054228721581,-34.738456729351363],[150.375257127709403,-34.738320225368703],[150.375347932703448,-34.738263260376485],[150.37543983169715,-34.738206939384391],[150.3755332986903,-34.738153702392438],[150.375628845682371,-34.738105978400718],[150.37572693867304,-34.738066250409275],[150.375863531657217,-34.738031765421361],[150.376006130638189,-34.7380150934341],[150.376151786617612,-34.738006756447163],[150.376297549597155,-34.737997290460228],[150.376440480578509,-34.737977220472978],[150.376614901556763,-34.737945237488468],[150.376793867534417,-34.737912518504373],[150.376968665513886,-34.737870809519833],[150.377130563497587,-34.737811844534022],[150.377270840487853,-34.737727368546096],[150.377358723485401,-34.737646881553452],[150.377438260485832,-34.737553942559977],[150.377510258488542,-34.737452426565774],[150.377575596492903,-34.737346194570939],[150.377635108498168,-34.73723911957557],[150.377693839504644,-34.737124085580064],[150.377747739512444,-34.737004120584103],[150.377793374521957,-34.736880892587358],[150.377827294533432,-34.736756069589568],[150.377846064547128,-34.736631318590405],[150.377849183561437,-34.736519394589919],[150.377841518577696,-34.736405282588443],[150.377824298595357,-34.736291037586113],[150.377798768613985,-34.736178781583043],[150.377766139633167,-34.736070622579355],[150.377701364662926,-34.735918234572466],[150.377615282695274,-34.735770741563698],[150.377513289729109,-34.735629819553523],[150.377400800763439,-34.735497107542486],[150.377283219797135,-34.735374283531051],[150.377200597819183,-34.735300841523106],[150.377111907841282,-34.735233602514647],[150.37702062786343,-34.735168927505981],[150.376930251885597,-34.735103185497387],[150.376844215907738,-34.735032719489141],[150.376784559923237,-34.734982656483425],[150.37672256493903,-34.734932870477508],[150.376663186954715,-34.734881327471797],[150.376611383969731,-34.734826001466743],[150.376572094983686,-34.734764840462802],[150.376551163992929,-34.734718263460586],[150.376532814002246,-34.734668441458588],[150.376519215011029,-34.734617311457022],[150.376512564018725,-34.73456681745607],[150.376515020024669,-34.734518914455954],[150.376554936026338,-34.73446130245916],[150.3766406950202,-34.73441116746654],[150.376752780009582,-34.734365585476326],[150.376871695997664,-34.734321644486741],[150.37697794598779,-34.734276412496001],[150.37717026797165,-34.734182057512683],[150.377364176954842,-34.734090742529538],[150.377559394937464,-34.734002079546528],[150.377755624919672,-34.733915711563618],[150.377952581901496,-34.73383127158079],[150.378187007878552,-34.733741022601293],[150.378425888853712,-34.733659782622254],[150.378664428828927,-34.733578488643197],[150.378897832806132,-34.733488087663616],[150.37912127778722,-34.733379524683002],[150.379275834775626,-34.733292897696344],[150.379430006764721,-34.73320190470961],[150.379579363755369,-34.733104089722396],[150.379719488748719,-34.732997024734289],[150.379845943745579,-34.732878224744866],[150.379896105745217,-34.732824530749035],[150.379945523745135,-34.732769384753105],[150.379992539745643,-34.732712346756948],[150.380035521747118,-34.732653005760397],[150.380072847749773,-34.732590956763339],[150.380120903758439,-34.732471386766854],[150.380149309771497,-34.732340387768524],[150.380164359787472,-34.732202700768937],[150.38017229280473,-34.732063122768686],[150.380179417821751,-34.731926377768389],[150.38018743184449,-34.731745502767865],[150.380187116868711,-34.731562844766593],[150.380177363894319,-34.731380176764461],[150.380157032921261,-34.731199319761387],[150.380124967949456,-34.731022057757279],[150.380079474976355,-34.730870099752138],[150.380018062005121,-34.730721531745587],[150.379951862034488,-34.730574064738597],[150.379892027063022,-34.730425415732192],[150.379849690089486,-34.730273296727333],[150.379826965106332,-34.730171331724584],[150.379802341124105,-34.730064678721632],[150.379784610140717,-34.729959217719319],[150.379782512154009,-34.729860838718452],[150.379804841161956,-34.729775411719878],[150.379876499160815,-34.729703466725844],[150.379993739149882,-34.729654281736074],[150.380136696133491,-34.729617305748697],[150.380285498115967,-34.729582041761873],[150.380420290101739,-34.7295379477737],[150.380528046091371,-34.729495270783126],[150.380638159080348,-34.729454403792772],[150.380746229070041,-34.72941058880221],[150.380847845061737,-34.729359090811016],[150.380938623056636,-34.729295177818742],[150.380988705055245,-34.729249622822948],[150.381036492054619,-34.729200446826923],[150.381081258054877,-34.729148177830602],[150.381122250056023,-34.72909338083393],[150.381158769058089,-34.729036576836833],[150.38121490106721,-34.728904519840974],[150.381245360082289,-34.728755842842709],[150.381258339101322,-34.72859756684278],[150.381262068121998,-34.728436743842025],[150.381264730142277,-34.728280394841192],[150.381260471160232,-34.7281495658399],[150.381245384179863,-34.728017920837644],[150.381228531199753,-34.727886446835221],[150.381218975218445,-34.727756127833459],[150.38122578823436,-34.727627916833193],[150.381252760247236,-34.727500099834742],[150.3812937432578,-34.727374048837575],[150.381343699266864,-34.727249386841223],[150.381397617275155,-34.727125782845242],[150.381450459283542,-34.727002886849164],[150.381512158292793,-34.726863577853763],[150.381578939300994,-34.726726384858836],[150.381647692308832,-34.726589997864096],[150.381715316316814,-34.726453109869261],[150.381778691325735,-34.726314418874011],[150.381829284333605,-34.726197833877777],[150.381879598341584,-34.7260808718815],[150.381927797349988,-34.725963130885035],[150.381972052359089,-34.725844205888222],[150.38201051636932,-34.725723702890846],[150.382052835387555,-34.725538175893391],[150.382079663408632,-34.725348301894513],[150.382098577431265,-34.725156086894899],[150.382117140453971,-34.724963567895237],[150.38214292047536,-34.724772760896265],[150.382165518493451,-34.724610341897183],[150.382184512512396,-34.724445574897764],[150.382207639530549,-34.724282376898728],[150.382242607546203,-34.724124646900798],[150.382297135557678,-34.723976292904688],[150.382363540564171,-34.72385268890983],[150.382442880568078,-34.723733655916163],[150.382532331569791,-34.723620126923443],[150.382629035569522,-34.723513033931411],[150.382730148567674,-34.723413300939853],[150.382833835564156,-34.723323159948585],[150.382944549558772,-34.723239247957984],[150.383060704551724,-34.723161798967936],[150.383180705543225,-34.723091019978256],[150.383302965533431,-34.723027159988824],[150.383425987522514,-34.722971323999538],[150.383552961510134,-34.722922156010661],[150.38368276049647,-34.722879407022042],[150.383814226481718,-34.722842915033645],[150.383946221466118,-34.722812456045347],[150.384080197448867,-34.722792072057281],[150.384216279429921,-34.722782059069488],[150.3843532584103,-34.722776206081789],[150.384489941391024,-34.722768318094047],[150.384625154373026,-34.722752165106122],[150.384713225361594,-34.722739544113992],[150.384802677349796,-34.722727900121967],[150.384891017338617,-34.722713208129825],[150.384975727328879,-34.722691452137312],[150.385054314321508,-34.722658635144171],[150.385113423317563,-34.722622008149258],[150.385169179315028,-34.722578443153978],[150.385222273313474,-34.722530172158429],[150.385273367312607,-34.722479427162696],[150.385323135311921,-34.722428422166836],[150.385388635311585,-34.722357347172242],[150.385450531312273,-34.722282390177313],[150.385509236313851,-34.722204484182065],[150.385565144316104,-34.722124552186557],[150.385618668318813,-34.722043518190823],[150.385712655328149,-34.721867430198088],[150.385786904342041,-34.721678800203485],[150.385853739357657,-34.721485286208193],[150.38592552237219,-34.721294559213341],[150.38601457938276,-34.721114294220136],[150.386074153387483,-34.721011808224794],[150.386135198391997,-34.720908767229595],[150.386200106395592,-34.720808720234764],[150.386271271397362,-34.720715235240533],[150.386351050396513,-34.720631879247158],[150.386470441390543,-34.7205423922573],[150.386605995380052,-34.72046934426902],[150.386751642366448,-34.720408094281737],[150.386901323351339,-34.720353996294861],[150.387048977336178,-34.72030240930782],[150.387207353319155,-34.72025298132175],[150.387369198300291,-34.720213397336082],[150.387532827280523,-34.720178697350597],[150.387696554260771,-34.720143917365128],[150.387858677241894,-34.720104099379462],[150.388190121204872,-34.720010928408691],[150.388520534168862,-34.719911590437796],[150.388848437134243,-34.719804282466626],[150.389172386101507,-34.719687204495038],[150.389490931071123,-34.719558562522863],[150.389604818061088,-34.719506078532774],[150.389634659057975,-34.71949646053541],[150.389664456054817,-34.719486752538025],[150.389694207051662,-34.719476963540636],[150.389723923048535,-34.719467076543246],[150.389753585045412,-34.719457099545856],[150.389818977038658,-34.719434707551592],[150.389884154031989,-34.719411858557308],[150.389949116025406,-34.719388588563014],[150.390013872018898,-34.719364950568675],[150.390078458012425,-34.719340989574349],[150.390114511008818,-34.71932787557752],[150.390150743005108,-34.719314994580692],[150.390186805001491,-34.719301834583838],[150.390222311998087,-34.719287887586951],[150.390256912994943,-34.719272621589973],[150.39026928299387,-34.719266678591048],[150.390281572992848,-34.719260609592112],[150.390293772991868,-34.719254415593163],[150.390305873990883,-34.719248095594217],[150.390317876989968,-34.719241659595255],[150.390606552974987,-34.719030047619825],[150.39083107396425,-34.718858450638891],[150.390910323959474,-34.718805661645675],[150.39108861794341,-34.718726464661209],[150.391253716927537,-34.718660471675648],[150.391458427907537,-34.718581275693566],[150.391643327891387,-34.718495481709652],[150.391782009881211,-34.71841629372161],[150.391953705868758,-34.718317295736405],[150.392072567863323,-34.718224903746474],[150.392191430859583,-34.718119299756488],[150.392244263861301,-34.718046717760757],[150.392303694871657,-34.717901528765111],[150.392316898887145,-34.717769542765389],[150.39230369390134,-34.717677150763571],[150.392224442925368,-34.717584749755801],[150.392125390947939,-34.717525354746456],[150.392006518969112,-34.717498964735555],[150.391867845989765,-34.717498963723052],[150.391663135019343,-34.717505561704634],[150.391359354060228,-34.717538557677464],[150.391115023090435,-34.717584757655757],[150.390791440130727,-34.717644152626995],[150.390566910160658,-34.717670550606925],[150.390322578200539,-34.717644160584705],[150.390117867237109,-34.717597959565929],[150.389939555275845,-34.717505567549225],[150.389761252317214,-34.717393383532368],[150.389642389350598,-34.717274592520845],[150.38958955537592,-34.717142606515161],[150.389530123416193,-34.716905016508193],[150.389464075462683,-34.716627840500323],[150.389417847496617,-34.71642326449475],[150.389358415533366,-34.716212072487949],[150.389305581569204,-34.71600088948172],[150.389272557605494,-34.715763317477119],[150.389246140627733,-34.715624725473788],[150.389140480681846,-34.71533434546226],[150.38903405972755,-34.715108730451128],[150.389022657734074,-34.715072274449831],[150.388999861749511,-34.714981128447157],[150.388967940763905,-34.714908215443785],[150.388949698772308,-34.714864928441841],[150.388926893788067,-34.714771523439147],[150.388899535805393,-34.714671252435991],[150.388851658831214,-34.714529988430712],[150.388796932860743,-34.714368215424663],[150.388726250901101,-34.714142645416736],[150.388689766928223,-34.713978595412314],[150.38867836494677,-34.713850993410418],[150.388689766957754,-34.713755302410789],[150.388704906968087,-34.713659934411496],[150.38871889898266,-34.713533936411892],[150.388913910001406,-34.713172939427004],[150.389031903002746,-34.713029937436652],[150.389205893001019,-34.712846937451083],[150.389539882980046,-34.7126299284797],[150.390060868968391,-34.712131926523256],[150.390547854945083,-34.711759921564614],[150.390909846946556,-34.711341921594375],[150.391833817927818,-34.710443910671522],[150.392703798902858,-34.709653906744549],[150.393120794886158,-34.709310899779808],[150.393794769829015,-34.708984898838345],[150.394093763809394,-34.708796896864015],[150.394246760805686,-34.708652890876834],[150.394371753822668,-34.70838388988625],[150.394371753843842,-34.708223891885154],[150.394337752863976,-34.708109878881295],[150.394163751920246,-34.707879889864024],[150.393955750996582,-34.707536881842913],[150.393795752063625,-34.707209893826246],[150.393782744086707,-34.707049885823963],[150.393858741095102,-34.706900886829793],[150.394199731062486,-34.706763889859609],[150.394650727004404,-34.706695880899815],[150.395915708814641,-34.706707876013972],[150.396742700705914,-34.706599878087815],[150.39701369067555,-34.706524877111754],[150.397256686656704,-34.706393868132764],[150.397652670640895,-34.706067866166237],[150.397911119641805,-34.70577051318751],[150.397929782640858,-34.705756448189099],[150.398032661653616,-34.705544432196909],[150.398116268664808,-34.705366021203226],[150.398123385670289,-34.705316334203523],[150.398149022690177,-34.705137108204603],[150.398552196630419,-34.70513557624097],[150.399042849558413,-34.705128208285167],[150.399431699505271,-34.705092997320008],[150.399799187456324,-34.70504953135287],[150.400163717395344,-34.705100824386086],[150.400549850336802,-34.705109071420971],[150.400839863280282,-34.705210105447833],[150.401099075235265,-34.705259147471558],[150.401332076208945,-34.705196067492132],[150.401480887199114,-34.705103299504941],[150.401547041206186,-34.704975276510005],[150.401520839230699,-34.70481962550658],[150.401504354249113,-34.704698781504263],[150.401362597293456,-34.704522818490283],[150.401234366341498,-34.704303621477202],[150.401010212398234,-34.704127021455768],[150.400971460411029,-34.704074053451897],[150.400933811423727,-34.704020179448129],[150.400897327436411,-34.703965481444463],[150.400862045448974,-34.703910021440912],[150.400828035461444,-34.703853897437455],[150.400798795471871,-34.703807939434498],[150.40076792348259,-34.703761729431399],[150.400739085493058,-34.703714928428482],[150.400715985502785,-34.703667159426061],[150.400702341511362,-34.703618081424501],[150.400698066516981,-34.70358040542385],[150.400696855522341,-34.703541170423478],[150.400699383527126,-34.703501908423441],[150.400706240531093,-34.70346414242379],[150.400718064533947,-34.703429434424613],[150.400744283535374,-34.703389150426702],[150.400782138534481,-34.703353267429875],[150.40082729953204,-34.703321006433718],[150.400875453528784,-34.703291622437867],[150.400922272525435,-34.703264344441891],[150.400976782521042,-34.703236018446624],[150.401034179515648,-34.703212371451635],[150.401093386509558,-34.703191879456853],[150.401212921496722,-34.703154303467365],[150.401292718488151,-34.703129526474392],[150.401373295479175,-34.703106767481501],[150.401454491469821,-34.703086078488688],[150.401536135460162,-34.703067487495929],[150.401618057450122,-34.703051038503204],[150.401934764416922,-34.702946222531061],[150.402250978375918,-34.702900533559266],[150.402586608334218,-34.702838520589133],[150.402868777291445,-34.70284453661462],[150.403176313260786,-34.702730604641566],[150.4034719822331,-34.7026074836674],[150.403822447200497,-34.702459874698022],[150.404142954182788,-34.702233515725368],[150.4044869741696,-34.701946300754429],[150.404797997158965,-34.701677345780659],[150.405001578149808,-34.701517670797934],[150.405268086128899,-34.701376084820986],[150.405605876096018,-34.70124492385056],[150.405858589064508,-34.701198983873056],[150.40611834801598,-34.701273689897008],[150.406302522973363,-34.701389190914426],[150.406443454931321,-34.701548400928239],[150.406657067871635,-34.701759359948952],[150.406753476825031,-34.70200352095933],[150.406820984791892,-34.702177897966621],[150.4068885287532,-34.702394673974197],[150.407024621691363,-34.70270886198864],[150.407173397635631,-34.702963072003811],[150.407419164575657,-34.703140129027204],[150.407603034531718,-34.703265670044644],[150.407851749483825,-34.703347942067658],[150.408060458449853,-34.703370236086649],[150.408219228434945,-34.703304440100531],[150.408305614433203,-34.70322036710774],[150.40843740243966,-34.703023455118284],[150.408473562455868,-34.702860212120427],[150.408500812481435,-34.70263653312135],[150.408454342508975,-34.702480461116082],[150.408354151545865,-34.702314314105891],[150.408307161571315,-34.702174959100695],[150.408270149597428,-34.702019084096285],[150.408275535619481,-34.701846259095582],[150.408323860639626,-34.70163976409853],[150.408488268647773,-34.701393344111679],[150.40867697862933,-34.701320368128208],[150.409012877583081,-34.701292930158317],[150.409229187540063,-34.701374521178401],[150.409476782487673,-34.701492478201565],[150.409796493420913,-34.701637632231396],[150.410108118366907,-34.701695585259927],[150.410391641329682,-34.701658107285247],[150.410626534311206,-34.701533678305594],[150.410778779315478,-34.701330501317941],[150.410897838315748,-34.701194687327771],[150.411028265316645,-34.701041251338474],[150.411261526297267,-34.700925715358728],[150.411536408270507,-34.700818873382801],[150.411833404242657,-34.700695762408756],[150.412024562222825,-34.700630648425566],[150.412275931191573,-34.700584672447938],[150.412548644150235,-34.70059046447259],[150.412880232092022,-34.700657766502978],[150.413285801021431,-34.700735556540117],[150.41351288697669,-34.700818482561182],[150.413970590895985,-34.700914120603152],[150.414344310826806,-34.701016884637582],[150.414619192765656,-34.701170007663457],[150.414991845692072,-34.701307345698034],[150.415207090644714,-34.70142349271827],[150.415540552588425,-34.701474085748714],[150.415899651551143,-34.701352283780288],[150.416126691546452,-34.70113283679926],[150.416385061543934,-34.700861622820739],[150.416706080522744,-34.70066090184833],[150.416863453513685,-34.700552670861796],[150.417024885509733,-34.700401009875328],[150.417188497509017,-34.700222617888869],[150.417320742523231,-34.699966569899054],[150.417465421536747,-34.699701863910285],[150.417599020550796,-34.699445843920593],[150.41770942156154,-34.699240657929153],[150.417768484579909,-34.699035499933075],[150.41787780958623,-34.69886487894177],[150.418039269576695,-34.698755617955591],[150.418247692547368,-34.698743301974318],[150.418466952510727,-34.69877360899433],[150.418726165465699,-34.69882262501806],[150.418901699427693,-34.698912256034525],[150.419045079395687,-34.698993407048022],[150.419212492364579,-34.699040460063472],[150.419393502331815,-34.699084464080109],[150.419564402303592,-34.69910594209567],[150.419785813270011,-34.699110631115687],[150.420091612226656,-34.699094801143211],[150.420377861189223,-34.699056229168782],[150.420744140135525,-34.699050601201812],[150.421061001085718,-34.699070708230558],[150.421298494055094,-34.699035569251762],[150.421584052014765,-34.699019300277442],[150.421831799980197,-34.699002233299694],[150.422025413953236,-34.698988483317073],[150.422231317930766,-34.698927017335237],[150.422331561928587,-34.698830950343627],[150.42246919592472,-34.698705553355197],[150.422517206937954,-34.698551489358486],[150.42255636096084,-34.698334749360519],[150.422588478977843,-34.698170296362299],[150.422689413984244,-34.698008425370304],[150.42281123497861,-34.697913926380657],[150.422975759970257,-34.697792447394669],[150.423145171953166,-34.697731322409552],[150.42340372091698,-34.697714479432769],[150.423659912871102,-34.697773463456308],[150.423919206814816,-34.697907259480644],[150.424207687769353,-34.697926748506831],[150.42446707073654,-34.69788314752995],[150.42472378271583,-34.697751341552227],[150.424955009705485,-34.697569902571864],[150.4251558757027,-34.6973655075886],[150.425292119710434,-34.697154164599439],[150.425561148694328,-34.696973534622501],[150.425776339687133,-34.696786180640636],[150.426030236677946,-34.696570634662088],[150.426251630673221,-34.696357742680618],[150.426392159675572,-34.696182202692107],[150.426549442677754,-34.695989155704979],[150.426664209695076,-34.695729380713573],[150.426778948706499,-34.69551423672246],[150.426894817728396,-34.695218785730894],[150.426940148753715,-34.69497651673332],[150.427081878761044,-34.694761938744641],[150.427222398769175,-34.694542877755815],[150.427324292773818,-34.694393297764009],[150.427441416777782,-34.694231758773469],[150.427580941776029,-34.694088542785089],[150.427803886754674,-34.693999532804604],[150.428037883732685,-34.69390294782508],[150.428278818716279,-34.693756299845838],[150.428447038705912,-34.693646043860269],[150.428583640715175,-34.693422438871067],[150.428736064720454,-34.693211436883381],[150.428968519715653,-34.692986667902836],[150.429032746713062,-34.692934335908276],[150.429097476710297,-34.692882614913756],[150.42916269870733,-34.69283148491931],[150.429228395704257,-34.692780990924881],[150.429294550701059,-34.692731124930525],[150.429395018695743,-34.692658176939105],[150.42949699368998,-34.69258724594782],[150.429599793683991,-34.692517417956623],[150.42970272767792,-34.692447776965459],[150.429805132671987,-34.692377401974205],[150.429909491666479,-34.692301854983128],[150.430012685661382,-34.692224244991905],[150.430116327656208,-34.692147479000745],[150.430222031650146,-34.692074414009788],[150.43033141064268,-34.692007947019214],[150.430418836635596,-34.691963316026794],[150.43050870962756,-34.691923131034642],[150.430599640619107,-34.691884829042593],[150.430690240610829,-34.691845836050504],[150.430779127603188,-34.691803581058238],[150.430882644594845,-34.691750479067231],[150.430985802586719,-34.691696006076171],[150.431087481579141,-34.691638987084964],[150.431186542572505,-34.691578283093499],[150.431281866566991,-34.691512739101654],[150.431369301562853,-34.691445654109103],[150.431454315559648,-34.691374651116291],[150.431536498557278,-34.691300089123196],[150.431615417555861,-34.691222363129796],[150.431690661555336,-34.691141849136038],[150.431720573558835,-34.691081969138317],[150.431829333579856,-34.690800967146224],[150.431972236604196,-34.690456840156756],[150.432191325617993,-34.690106610174141],[150.432335439617759,-34.689946711186067],[150.432361721618406,-34.689912424188201],[150.43238953761869,-34.689879069190482],[150.432418723618611,-34.689846826192891],[150.432449138618153,-34.689815838195429],[150.432480647617439,-34.689786266198077],[150.432515418616333,-34.689755286201013],[150.432551453615019,-34.689724881204057],[150.432588878613217,-34.689696447207233],[150.432627872610738,-34.689671375210594],[150.432668577607387,-34.68965108121413],[150.432698392604465,-34.689640029216747],[150.432729228601033,-34.68963107421947],[150.432760710597307,-34.689623822222259],[150.432792487593389,-34.689617879225089],[150.432824202589359,-34.689612878227933],[150.432862111584313,-34.68960812723131],[150.432900423579042,-34.689605061234758],[150.432938915573487,-34.689603690238215],[150.432977344567746,-34.689604022241689],[150.433015503561791,-34.68960604824516],[150.433038093557997,-34.689609294247205],[150.43306069155409,-34.689613686249288],[150.433083083550002,-34.689619208251344],[150.433105126545854,-34.689625815253379],[150.433126649541663,-34.689633452255386],[150.433163518533945,-34.689650134258834],[150.433199249525899,-34.689670860262197],[150.433233563517632,-34.689694713265474],[150.433266219509363,-34.689720754268592],[150.43329694850118,-34.689748067271559],[150.433332688490907,-34.689785663275053],[150.433364950480581,-34.689827265278247],[150.433394621470313,-34.689871511281233],[150.433422562460123,-34.689917076284061],[150.433449652450093,-34.689962595286829],[150.433473971440719,-34.690006071289318],[150.433496418431474,-34.690050640291659],[150.433497242431116,-34.69005238829174],[150.433564052406155,-34.690165729298556],[150.43380706031698,-34.690566736323262],[150.434029066219495,-34.691053734346674],[150.434133068185133,-34.691196738357043],[150.434293068146104,-34.691311738372285],[150.434744068056261,-34.691483744414207],[150.434897066029691,-34.691512743428227],[150.43514007299359,-34.69151274545019],[150.435647051929664,-34.691426740495409],[150.435904050899808,-34.691363743518188],[150.43678603980274,-34.691106743596102],[150.43746703771825,-34.69098074265677],[150.438009030645247,-34.690923744705351],[150.4390510204843,-34.690969747799819],[150.439676011391441,-34.69096975285629],[150.439815016374638,-34.690940755868652],[150.440210998340802,-34.690751748903132],[150.4402949973381,-34.690677749910222],[150.440926975292683,-34.690311733964812],[150.441252963257909,-34.690208725993557],[150.441551952221033,-34.690151721020193],[150.441829940179673,-34.690151719045311],[150.442746918013142,-34.690380706129751],[150.443024914956567,-34.690495703155662],[150.444017889719561,-34.691170693250044],[150.444330468654158,-34.691314025279283],[150.444729055586293,-34.691379055315757],[150.445099594533076,-34.691365130349148],[150.44573003144987,-34.691286035405582],[150.446079577409733,-34.691197118436563],[150.447400115233478,-34.691046377554891],[150.448044724125225,-34.69114046661381],[150.448447138051449,-34.691245932650915],[150.448946075967427,-34.69132041069652],[150.449924991779085,-34.69164400978724],[150.450460536689121,-34.691722466836204],[150.451135147581709,-34.691776620897549],[150.451343279552276,-34.691764992916283],[150.451816463494339,-34.691672094958435],[150.452316459446536,-34.691471978002262],[150.453101291384456,-34.691060606070387],[150.454114821322349,-34.690392566157449],[150.454559520302382,-34.690044877195263],[150.455740042225443,-34.689301868296901],[150.456503698178466,-34.688800334362497],[150.457733447121768,-34.687849570467186],[150.458031824112794,-34.687582695492331],[150.458406978114823,-34.687147036523271],[150.458566798125787,-34.686885181535928],[150.458656439142629,-34.686657720542463],[150.458724926205662,-34.68610542254487],[150.4588075392235,-34.685877907550768],[150.458946598223974,-34.685718510562253],[150.459189935215477,-34.685510025582822],[150.459434034216883,-34.685225840602939],[150.459676797231964,-34.684840066622257],[150.460023964232988,-34.684443041650916],[150.460183855240786,-34.68420510166375],[150.460441194232573,-34.683978778685464],[150.460531148236527,-34.683847912692706],[150.460914035208759,-34.683628437725829],[150.461311175170664,-34.683470778760665],[150.461728170123678,-34.683358207797596],[150.462164411085354,-34.683158380835678],[150.462337936078427,-34.683016130850412],[150.462524234079382,-34.682800232865773],[150.462697346091517,-34.682514639879457],[150.462835356114027,-34.682190205889718],[150.46292502211432,-34.682087719897126],[150.463319956097166,-34.681774390930691],[150.4635415280801,-34.681655070949923],[150.464013686039323,-34.6814333629911],[150.464644990966008,-34.681279457047154],[150.465248416891342,-34.681166329100968],[150.465525922867556,-34.681035104125158],[150.465975966836169,-34.680767590164045],[150.46623220982832,-34.680539787185651],[150.466461704813071,-34.68039758120544],[150.467639843701505,-34.679919463308735],[150.468450604668789,-34.679257978377542],[150.468623877673224,-34.679030121391655],[150.468831258667365,-34.678842100409106],[150.469094332666032,-34.678557546430966],[150.469192513675694,-34.678374778438602],[150.469195794675898,-34.678369669438858],[150.46923475167921,-34.678301022441907],[150.469265157683196,-34.678236920444213],[150.46928468968693,-34.678187044445643],[150.469356840674948,-34.678196250452238],[150.483388745395416,-34.679673451732363],[150.485871328922229,-34.680461274962553],[150.488813840457595,-34.680670091230432],[150.488922484439684,-34.680683645240379],[150.489035843420965,-34.680697791250743],[150.489788408296761,-34.680791664319536],[150.489833721289273,-34.68079732032367],[150.490650756154423,-34.680899234398375],[150.491437546024599,-34.680997365470283],[150.498326049861788,-34.682051716101512],[150.498747744842404,-34.681726181137471],[150.499040607813072,-34.681619403163282],[150.49935115779067,-34.681440779190183],[150.499647051775156,-34.681226792215512],[150.499953299755617,-34.681031370241911],[150.500246726753517,-34.680719208266368],[150.500548346742363,-34.680465796291934],[150.500826964709773,-34.680399623316731],[150.501240652707509,-34.679954372351155],[150.501773395720875,-34.67925775739463],[150.501827026744309,-34.679021169397856],[150.501825062775993,-34.678784671396059],[150.501663198831437,-34.678548433379767],[150.501226276931476,-34.678283404338366],[150.50073441406488,-34.677828697290657],[150.500603754128093,-34.677498498276563],[150.500508143183794,-34.677185770265744],[150.500454035234952,-34.676860914258604],[150.500455540277926,-34.676535609256511],[150.500526542310638,-34.676209775260702],[150.500600646344708,-34.67587028026508],[150.500629975381656,-34.675558950265597],[150.500773962399364,-34.675264687276623],[150.50098326939144,-34.675090211294396],[150.501165363377709,-34.674990055310197],[150.501723528345281,-34.674610158358156],[150.502575201262545,-34.674281337433065],[150.503131262190124,-34.674205123482928],[150.50369438613032,-34.674025957532713],[150.504552630028343,-34.67383434960918],[150.504827311998355,-34.673753358633519],[150.505108984975635,-34.673609449658052],[150.505338228972732,-34.673375102677213],[150.50547121698483,-34.673135296687612],[150.505473188016367,-34.672895679686135],[150.505413021055546,-34.672667571679128],[150.505249571112358,-34.672422531662626],[150.504673572248493,-34.672041194607814],[150.50355329247131,-34.671615073503361],[150.502995716568336,-34.671507551452095],[150.502411193679222,-34.671325896397889],[150.50212955473765,-34.671200813371506],[150.501855239801756,-34.671024392345444],[150.501528340914547,-34.670539968312475],[150.501435830992648,-34.670055202300773],[150.501419129058746,-34.669576012295956],[150.501512639106977,-34.669108071301217],[150.501668108144514,-34.66865143431216],[150.501842455150495,-34.668411556326305],[150.502397788128775,-34.667954309373485],[150.502592762130917,-34.667720106389538],[150.502883507106759,-34.667577031414901],[150.503434243040857,-34.667457907463984],[150.503930924028907,-34.66699247650579],[150.504220620011523,-34.666799866530717],[150.504756259948351,-34.666676888578408],[150.505568618810059,-34.666810612652945],[150.505849073769838,-34.666800070678285],[150.506197555731745,-34.666697378709181],[150.506480322713088,-34.666521943733592],[150.506755371685728,-34.66642054175783],[150.507062368640106,-34.666420891785627],[150.507361657585875,-34.666495283813276],[150.50820095244589,-34.666611473890136],[150.509098125357667,-34.666273188969122],[150.509352664349535,-34.666049966990656],[150.509539696352846,-34.665816105005995],[150.509855674335654,-34.665592479033108],[150.510178339304247,-34.665468516061502],[150.510813919224432,-34.66535911811836],[150.511097771189924,-34.665301865143689],[150.51138471516083,-34.665200293169015],[150.511753769132895,-34.66499847720106],[150.512644581046487,-34.664653723279457],[150.513548363944579,-34.664411579359715],[150.513874849902777,-34.664361309388973],[150.514205600850687,-34.664384202419114],[150.514491325799384,-34.664451253445485],[150.514671662777886,-34.664411802461551],[150.516191613525706,-34.664612209600733],[150.517347451396745,-34.66429229470333],[150.517592314437991,-34.663708218721503],[150.517869970545092,-34.662591558739003],[150.51806577565003,-34.661582744749822],[150.518877214680401,-34.660447837815596],[150.519438212607156,-34.660372858865955],[150.520129249513843,-34.66030329292812],[150.521182832376695,-34.660159171022677],[150.521873190317422,-34.659834635083044],[150.522823625218876,-34.659515124167044],[150.523719989094474,-34.659450702247895],[150.524862323953244,-34.659238372350046],[150.526134723791273,-34.659037031464052],[150.526757052720995,-34.65887126551938],[150.526913320752811,-34.658457326530701],[150.527131090780045,-34.658009278547368],[150.527451497792072,-34.65756097057335],[150.527971761708301,-34.657610698620886],[150.528457381649986,-34.657507527664229],[150.528942704605242,-34.657302410706855],[150.529510218545369,-34.657119765757074],[150.529804073522172,-34.656966093782671],[150.530118465495235,-34.656818043810176],[150.530665578432348,-34.656680770858863],[150.53096682438175,-34.656725348886496],[150.531179514324663,-34.656917446907109],[150.531180571274859,-34.657291324909778],[150.531201941230989,-34.657597193913823],[150.531565191152424,-34.657783258948065],[150.531914528086446,-34.657890029980493],[150.532346111002227,-34.658041943020699],[150.532942622862038,-34.658431374077487],[150.533635541679701,-34.659030177144473],[150.534060704576859,-34.659329386185121],[150.534554433459391,-34.659662434232203],[150.534898918300769,-34.660471656269038],[150.53442027435122,-34.66062579122665],[150.534516548315906,-34.660784193236488],[150.534880235217685,-34.661117554271783],[150.535031815147818,-34.661474069287983],[150.535060320090878,-34.661870545293297],[150.534924289071142,-34.662171142283029],[150.534986767020456,-34.662482568290834],[150.535151533972737,-34.662657787306991],[150.535172885931161,-34.662946615310915],[150.535345252846923,-34.66338809032959],[150.535599354768635,-34.663693367354753],[150.536318572635111,-34.663895533421403],[150.536750054557672,-34.663996432461254],[150.537058371497722,-34.664103318489964],[150.537325623442399,-34.664221598515027],[150.537565607386483,-34.664373959537869],[150.53770968534937,-34.664492579551748],[150.537936016293287,-34.664661972573448],[150.538046039254397,-34.664831668584611],[150.538162992209237,-34.665040968596657],[150.538341125174583,-34.665102838613258],[150.538512050157578,-34.665040099628335],[150.538751157142514,-34.66488656564897],[150.538883583141939,-34.664743025660009],[150.539044542141255,-34.664568560673416],[150.539201038161025,-34.664245266685391],[150.539357578177743,-34.663944624697542],[150.539469085230905,-34.663420475704058],[150.539497281316841,-34.662742441701944],[150.539387410340964,-34.662683754691571],[150.539154319389667,-34.662577432669679],[150.538900172440435,-34.662479267645949],[150.538839960452435,-34.662456006640319],[150.538503919533781,-34.662218908608189],[150.538379715598154,-34.661873652594537],[150.538207697665769,-34.661556866576753],[150.538227652689898,-34.661352837577169],[150.538357139695592,-34.661165562587627],[150.538507055704258,-34.66093294859963],[150.538464827763221,-34.660536490593053],[150.538525507797175,-34.660213429596361],[150.538723112807844,-34.659912707612222],[150.539132645797679,-34.659532116646766],[150.539288972824295,-34.65915782665838],[150.539506926840204,-34.65879470567566],[150.539657396822463,-34.658760347689082],[150.539965517770099,-34.658810563717395],[150.540362723711326,-34.658809336753436],[150.540660195674377,-34.658755714780071],[150.540852116665206,-34.658610508796485],[150.541047741672116,-34.658340155812382],[150.541396929665382,-34.658001345841747],[150.541471880699248,-34.657662965846214],[150.541607527737398,-34.657224440855515],[150.541935258767211,-34.65663474688121],[150.541862457872526,-34.655923681869709],[150.541590719021372,-34.655107216839411],[150.541615869103481,-34.654461327837261],[150.541641253208695,-34.653641331833917],[150.541625856270684,-34.65319231882944],[150.54159004034824,-34.652648546822448],[150.541499534436156,-34.652088084810373],[150.541703846446609,-34.651781526826809],[150.541928909447961,-34.651520371845436],[150.542242628450509,-34.651151352871366],[150.542535802456115,-34.65078235289544],[150.542945544433849,-34.650492432930641],[150.543136043456144,-34.650112387945327],[150.543469993467767,-34.649652681972476],[150.543571665497154,-34.649318183979396],[150.543584251544985,-34.64894426097797],[150.543662975562199,-34.648726661983609],[150.543666238562906,-34.648717616983838],[150.543669267563587,-34.648709280984065],[150.543672477564257,-34.648700405984293],[150.543911307559824,-34.648467559004381],[150.54406795556983,-34.648217878016872],[150.544279015586767,-34.647854802033542],[150.544558337601188,-34.647434859055998],[150.544803326625924,-34.646975359075078],[150.545178328631465,-34.646515526105958],[150.545389368648472,-34.646152459122625],[150.545688649683996,-34.645551211145666],[150.546015558704198,-34.64503481617178],[150.546164755742382,-34.644581258182207],[150.546429830782216,-34.643985756202177],[150.54718320864626,-34.64416874727182],[150.547151834634661,-34.644291069269812],[150.548144012470829,-34.644416896360752],[150.547766179408939,-34.645304059332553],[150.547713622279389,-34.646337262334889],[150.548040815188585,-34.646655429366788],[150.548163852996396,-34.64796412138697],[150.547547955003893,-34.648594376335389],[150.547673951933717,-34.648981834349499],[150.54815012266846,-34.650446043402809],[150.552398144967782,-34.650979428792198],[150.552624637930393,-34.651008139812951],[150.553633292763863,-34.651136002905432],[150.554008507707124,-34.651144285939573],[150.553560918801537,-34.650933381897467],[150.553280713868077,-34.65074537087073],[150.553021681918665,-34.65065375084658],[150.552075713086765,-34.650444064759228],[150.551804284140729,-34.650340728733866],[150.551523192204002,-34.650178722707246],[150.551378299255333,-34.649954121692524],[150.551331866292514,-34.64972598868674],[150.551281579364456,-34.649241128678831],[150.551396740378664,-34.649005753687668],[150.551358159452377,-34.648494494680655],[150.55125133649895,-34.648263250669359],[150.551232422531996,-34.648035835666072],[150.551145176577251,-34.647792670656479],[150.551121881817664,-34.646010098642108],[150.551259550859783,-34.645540163651376],[150.551385064871823,-34.645309726661168],[150.551575244875949,-34.645066579676779],[150.551959487912427,-34.644363734706836],[150.552593772015996,-34.642877780754205],[150.552930173024862,-34.64243612678171],[150.553494814997634,-34.642011253830056],[150.553821506968859,-34.641863850858712],[150.554691013901021,-34.641404744934526],[150.555010248865784,-34.641313930962887],[150.555577910783285,-34.641302117014369],[150.556200306683536,-34.641358143071272],[150.556519065641623,-34.641318244099956],[150.557107380554555,-34.641317716153395],[150.557405487517173,-34.6412665231801],[150.558328688418101,-34.640982761262009],[150.558606706393505,-34.640858019286405],[150.559176699343681,-34.640597195336376],[150.559400556344428,-34.640342368354951],[150.559505274359196,-34.640114513362903],[150.559484254433102,-34.639582288357325],[150.55936640448175,-34.639347674345025],[150.558958230573921,-34.63910932230629],[150.559248295527198,-34.639137693332842],[150.560067711417815,-34.639047221406649],[150.560102688342511,-34.639574525413451],[150.560176282237137,-34.640285071425026],[150.560192757173695,-34.640743398429677],[150.560155556142348,-34.641020698428207],[150.559991058092209,-34.641580989417115],[150.559850180078485,-34.641841401406111],[150.559388400075363,-34.642379435367879],[150.559088554088106,-34.642617374342279],[150.558789811116554,-34.642736469315956],[150.557874319225789,-34.642935351234172],[150.557589569254418,-34.643037460209008],[150.557135364260716,-34.643496198170915],[150.557070841238698,-34.643733922166696],[150.557103012199292,-34.643994182171404],[150.557176849155979,-34.644237428179785],[150.557600889020989,-34.644780258222021],[150.55792777789955,-34.645328700255497],[150.558270120711995,-34.646357538293671],[150.55895479742864,-34.647725204365273],[150.559104316371958,-34.647985132380647],[150.559357441298374,-34.648256202405491],[150.559920209158633,-34.648679499459533],[150.560207630076206,-34.648978787487707],[150.560510944006381,-34.649165865516544],[150.560820361922055,-34.649454953546645],[150.561143414807162,-34.649958773579449],[150.561856355594443,-34.650763575649762],[150.562774948363625,-34.651474893738111],[150.563004014291408,-34.651762779760901],[150.563456848139907,-34.652396612806406],[150.564293510838723,-34.653728056891573],[150.564504361772123,-34.653993936912563],[150.565109511535383,-34.655098968975153],[150.565305938473642,-34.655344061994683],[150.565418419425043,-34.655583776006551],[150.565467945385791,-34.655823750012701],[150.565511196307853,-34.656361121020332],[150.5654664301845,-34.657338174022989],[150.565406273137341,-34.657759632020422],[150.56528293803629,-34.658656547015376],[150.56532744399928,-34.658885029020993],[150.56567073787329,-34.659449104056073],[150.565997663739864,-34.660087562090169],[150.56661045141135,-34.661873182158132],[150.566652654327299,-34.662457686165993],[150.566729027202712,-34.663308580178786],[150.566713825183314,-34.663471222178515],[150.566917926055197,-34.664206437202125],[150.566944486954412,-34.664933951209548],[150.566823523911097,-34.66539444820171],[150.566744446791915,-34.66637776920129],[150.566905204704256,-34.666857108219205],[150.567116681640613,-34.667099835240087],[150.567301912585691,-34.667306069258345],[150.567297735576147,-34.667382326258483],[150.567343540544414,-34.667569601263928],[150.567468864498522,-34.66777494827673],[150.567609508442615,-34.668037951291318],[150.567701576384763,-34.668369815301979],[150.567698329345461,-34.668668611303737],[150.567728967325564,-34.668783978307303],[150.567776001308857,-34.668857420312079],[150.567775544303203,-34.668900106312329],[150.56770885027754,-34.669167394308126],[150.567655942223212,-34.66963464130653],[150.567540358191792,-34.66999923229853],[150.567568826145703,-34.670313805303287],[150.567582127111422,-34.670556459306148],[150.567611062070938,-34.670828337310667],[150.567625762053495,-34.670942941312795],[150.567624067032909,-34.671099452313697],[150.567715515967564,-34.671488228324677],[150.567697559945714,-34.671672438324329],[150.567631807931292,-34.671854344319598],[150.567550718926753,-34.671978575313091],[150.567533390912388,-34.672105864312385],[150.56746222389063,-34.672348527307591],[150.567451027887245,-34.672386391306837],[150.567459175870312,-34.672504590308385],[150.567474609838143,-34.672728958311325],[150.567478553829943,-34.672786202312089],[150.567540619799473,-34.672946191318822],[150.567503111738887,-34.673442678318828],[150.567339928718695,-34.673776344306305],[150.567291110716695,-34.673845609302347],[150.567240803709211,-34.673957586298535],[150.567223046708051,-34.673986244297126],[150.567204588701316,-34.674057526295933],[150.567204095701157,-34.674059399295906],[150.567133073696283,-34.674175052290238],[150.567096454690187,-34.674261707287521],[150.567007244687943,-34.674378095280218],[150.566880151687343,-34.674524144269668],[150.566806843686635,-34.674611104263612],[150.566739344691001,-34.67465370025775],[150.566736807691143,-34.674655305257538],[150.56655766069494,-34.67482616724245],[150.566486037692385,-34.674925380236616],[150.56625120467811,-34.675294408217823],[150.566160918670647,-34.675450901210695],[150.566018945667366,-34.675634268199047],[150.56592769966187,-34.675776732191729],[150.565753285667256,-34.675930760176946],[150.565682756666376,-34.676015944171127],[150.565614270671119,-34.676056811165175],[150.565525544673079,-34.676141009157703],[150.565383849679137,-34.676253435145604],[150.565294172677341,-34.676366730138241],[150.565139623687287,-34.676464437124849],[150.5649489046952,-34.676617344108578],[150.564852665677108,-34.676860626101522],[150.564855846671378,-34.676900050102077],[150.564872572641377,-34.677106741105014],[150.564960095597286,-34.677340226114573],[150.565205806510164,-34.677720989139502],[150.565677544381174,-34.678163899185421],[150.56571206437178,-34.678196313188771],[150.565742094359479,-34.678254982191909],[150.565720347359701,-34.678277796190088],[150.565688632359951,-34.678311070187441],[150.565354273404921,-34.678346038157301],[150.564970282465168,-34.678321646122235],[150.564671134501083,-34.678385119095509],[150.56416003954422,-34.678630578050743],[150.563943539563468,-34.67872743403175],[150.563903883570532,-34.678718667028093],[150.563754560594077,-34.678708214014449],[150.563693703602809,-34.678710500008933],[150.563585687618058,-34.678716209999166],[150.563462548631747,-34.678750792988211],[150.563446224629985,-34.678782130986939],[150.563409103626014,-34.678853321984057],[150.563409112614579,-34.678939125984641],[150.563408439607116,-34.678996046984977],[150.563391532596199,-34.679097007984147],[150.563408465578561,-34.679210562986462],[150.563460554563591,-34.679264777991563],[150.563489713542339,-34.679392244995093],[150.563517905526368,-34.679480540998249],[150.563540153513799,-34.679550235000747],[150.563635332487053,-34.679645128010058],[150.563637564482349,-34.679677909010486],[150.563687475452042,-34.679850027016194],[150.563707616427962,-34.680008357019119],[150.56370805541556,-34.68010082001981],[150.563708655397079,-34.680239089020802],[150.563709166364418,-34.680483967022539],[150.563706718359015,-34.680527415022603],[150.563712114337022,-34.680686400024193],[150.563692492328414,-34.680772956022999],[150.563668118312677,-34.680918145021799],[150.563629349297173,-34.68107810701936],[150.563378212308635,-34.681271735997875],[150.563299893312404,-34.681330664991179],[150.5632215383161,-34.681390597984461],[150.563109891316941,-34.681508455975134],[150.563026615309752,-34.681655284968578],[150.562977205307391,-34.681728045964597],[150.562924272295902,-34.681873521960789],[150.562812875287221,-34.682062911951967],[150.562666707293175,-34.682180957939487],[150.56251550230462,-34.682263819926327],[150.561887320384898,-34.682361229869933],[150.560987833539087,-34.68220544378714],[150.560184520617298,-34.682513595716287],[150.559662885645764,-34.68288138667144],[150.559266136641497,-34.683355723638648],[150.559663043525745,-34.683782757677641],[150.560138468430154,-34.683970929722122],[150.561044193263825,-34.684210331806057],[150.561836283159636,-34.684109783877318],[150.562483738086172,-34.683939945934959],[150.562760915050347,-34.683899849959872],[150.563661746927323,-34.683819598041161],[150.564223002858512,-34.683710785091414],[150.564500144828827,-34.683624893116004],[150.565102859786634,-34.683269985168323],[150.565359142779101,-34.683041028190026],[150.565968760739651,-34.682657488242782],[150.567181102648192,-34.681993432348378],[150.567770021586682,-34.681798745400549],[150.568421348502227,-34.681707063459108],[150.568753967454398,-34.681695554489252],[150.569072800389563,-34.681827110519123],[150.569163005345729,-34.6820560135289],[150.568982971341171,-34.682290689514168],[150.568726698347973,-34.682525374492485],[150.568110178385297,-34.68293181643925],[150.567819205408711,-34.683080662413836],[150.566897898457768,-34.683738964334651],[150.565727372476005,-34.684906624236312],[150.564778311523895,-34.685604968154891],[150.564258799538493,-34.686074329110902],[150.564023420507112,-34.686572259092955],[150.564044333472026,-34.686812609096499],[150.564120679428697,-34.687052960105085],[150.564127831365141,-34.687522232108975],[150.563889933321292,-34.688116766091433],[150.563595694180009,-34.689505461074262],[150.563968212078692,-34.68985130911048],[150.564703065898044,-34.690388735180939],[150.565158097758001,-34.690932722226023],[150.565472447668412,-34.691255075256805],[150.565722624564216,-34.691758500283001],[150.565873390491248,-34.692138366299311],[150.566018822394796,-34.692700477316379],[150.566214443318273,-34.693056920336609],[150.566539237207621,-34.693525359369339],[150.566850406103981,-34.693957063400589],[150.567231564973497,-34.694511717439028],[150.56747890985676,-34.695112339465645],[150.567482234804402,-34.695501411468619],[150.567424237750032,-34.695974360466593],[150.567179617744927,-34.696285554446511],[150.567052686721979,-34.696599087437129],[150.567029442686618,-34.696890381437022],[150.567200270634913,-34.697088297453895],[150.567535050568125,-34.697216554485209],[150.567909219540724,-34.697005210517752],[150.568079688565859,-34.696626303530628],[150.568302714532393,-34.69662899255092],[150.574048484777279,-34.695893146068052],[150.575562253602698,-34.695516282203066],[150.576399314454846,-34.695693052280383],[150.577101261354954,-34.695660906343967],[150.577155521378927,-34.695420313347249],[150.578192849316707,-34.694731421436813],[150.578554656295807,-34.694485110468015],[150.579120851259802,-34.694124490516998],[150.579264410257281,-34.693983899529087],[150.579492841263544,-34.693682118547784],[150.579679893307144,-34.693146620561102],[150.579643275363225,-34.692766603555171],[150.579592916386787,-34.692646037549757],[150.5793604784335,-34.692554569527999],[150.579382575444811,-34.692445039529254],[150.579420277464891,-34.692252135531355],[150.579395519506875,-34.691964929527131],[150.579380612561152,-34.691573922523091],[150.579387424619881,-34.691125975520627],[150.579442249663856,-34.690734958522924],[150.579551009701646,-34.69032998553002],[150.579661303724976,-34.690031951538003],[150.579712246725308,-34.689972816542237],[150.579913945727213,-34.689733828558929],[150.58006769774272,-34.689446362570912],[150.580055084758214,-34.689344182569087],[150.580042149771828,-34.689256425567301],[150.580103302785915,-34.689082345571663],[150.580111531805954,-34.688923082571314],[150.580110034821871,-34.688804991570358],[150.580108232841297,-34.688661281569217],[150.580112168850434,-34.688588252569069],[150.580081026866708,-34.68850086256564],[150.580070556875199,-34.688449006564326],[150.58003977490003,-34.688296744560496],[150.580060902906467,-34.688224790561918],[150.580138988916076,-34.688065841567912],[150.580178035942367,-34.687825186569803],[150.580244925971442,-34.687532226573886],[150.580225474006255,-34.687292924570457],[150.580260506013985,-34.687195934572983],[150.58026865402087,-34.687135185573311],[150.580292490040961,-34.686957627574252],[150.58028955809749,-34.686536698571089],[150.580277224107647,-34.68647427356953],[150.580233847143347,-34.686254871564088],[150.580250637161356,-34.68610088056456],[150.580210603212407,-34.685762275558595],[150.580207807216397,-34.685735527558151],[150.580111721260664,-34.685510164547864],[150.579941942303151,-34.685380411531547],[150.57977504134891,-34.685222897515288],[150.579774557349054,-34.685222431515236],[150.579797747367849,-34.685055504516193],[150.579930540381355,-34.684806288526545],[150.580079917386826,-34.684598934538712],[150.580146825402636,-34.684405662543469],[150.580027370443446,-34.684232227531403],[150.579900260498164,-34.683963309517999],[150.579783844534433,-34.68382086350644],[150.579720585552252,-34.683757470500254],[150.57968896057676,-34.683608884496358],[150.579675173588242,-34.683538275494605],[150.579679072600698,-34.683440272494288],[150.579683994613163,-34.683341310494065],[150.579740539637555,-34.683095276497518],[150.579803413669168,-34.682787848501107],[150.579810306672641,-34.682754090501511],[150.579827042694404,-34.682571790501768],[150.579845687718716,-34.682368810502076],[150.579846503720404,-34.682355337502059],[150.579836634734875,-34.682257424500492],[150.579866385746755,-34.682135290502352],[150.579908023773356,-34.681889274504442],[150.579908499777531,-34.681857640504262],[150.579911681805982,-34.681640479503066],[150.579922465820886,-34.681516508503201],[150.579943163848952,-34.681282997503466],[150.579903479870751,-34.681163463499033],[150.579882315882401,-34.681099675496668],[150.579840489912868,-34.68091724149162],[150.579826971939582,-34.680732135489116],[150.579823224946949,-34.680680969488428],[150.579742252983493,-34.6804966614798],[150.579622395024415,-34.68032292246771],[150.579532127051976,-34.680216700458772],[150.579483551076578,-34.680086185453455],[150.579551767084638,-34.679949538458722],[150.579695945075059,-34.679860866471216],[150.579816780063624,-34.679812451481865],[150.580095311038434,-34.679690989506355],[150.580162739046699,-34.67955412751153],[150.580156554074193,-34.679354616509599],[150.58003145211373,-34.679197021497153],[150.579998590124774,-34.679150606493849],[150.57974463919615,-34.678897939469024],[150.57964658121935,-34.67883310345966],[150.579505183253929,-34.678731129446092],[150.579316122286428,-34.678697336428677],[150.579222520306985,-34.678647281419828],[150.579032213349706,-34.678538639401772],[150.579016347354752,-34.678518326400201],[150.578887588386522,-34.678423613387849],[150.578747247435047,-34.678215291373654],[150.578695650456496,-34.678112206368247],[150.578610089488933,-34.677963565359441],[150.578594734498864,-34.67790618735765],[150.578600982509244,-34.677821343357643],[150.578554602535092,-34.677678834352442],[150.578562491550883,-34.67755183335229],[150.578528042564415,-34.677488198348712],[150.578477162580128,-34.677427090343677],[150.578418395638181,-34.677056735335789],[150.578313955676606,-34.676884556325099],[150.578109638715517,-34.676820069306082],[150.578035031738182,-34.676733003298715],[150.577878035785886,-34.676549869283171],[150.577808492807009,-34.676468709276286],[150.577602697889546,-34.676078060254895],[150.577418899929057,-34.675986341237554],[150.577190336004918,-34.675671437214604],[150.577116903024177,-34.675608609207508],[150.576988117048131,-34.675572260195551],[150.576955407060524,-34.675515662192183],[150.576887101074249,-34.67548842118579],[150.576836096087476,-34.675446012180849],[150.576786238102443,-34.67538925217594],[150.576721357125592,-34.675287816169345],[150.576707499137257,-34.675215836167588],[150.576709946138124,-34.675206262167734],[150.576745103151296,-34.675068450169988],[150.576865993161164,-34.67485954417954],[150.577022478164338,-34.67466162019241],[150.577103809172343,-34.674510846198764],[150.577120581174,-34.674479741200074],[150.577236557178821,-34.674314364209479],[150.577297352214657,-34.673977642212684],[150.577243120221596,-34.673985790207816],[150.577159019232397,-34.673998447200255],[150.577033093250236,-34.674004623188857],[150.576996592263299,-34.673947236185121],[150.576949459281138,-34.673865736180289],[150.576965836286917,-34.673804413181358],[150.576967280296117,-34.673733714181012],[150.576935323323539,-34.673563058176939],[150.57690580636023,-34.673320673172576],[150.576891096377636,-34.673206454170469],[150.576893194392454,-34.67309294316987],[150.576947373405346,-34.672935751173718],[150.576967058421275,-34.672794084174527],[150.576984529424436,-34.672750985175817],[150.577038932433453,-34.672622657179879],[150.577083609437636,-34.672541497183374],[150.577109156440031,-34.672495064185384],[150.577146528455387,-34.672338159187696],[150.577185109457105,-34.672282331190821],[150.577206461476607,-34.672112168191589],[150.577189520500156,-34.671953864188971],[150.577156255526091,-34.671796502184854],[150.577004987565545,-34.671668658170226],[150.576801514609031,-34.671568566151045],[150.576632766645503,-34.671482826135112],[150.576498208684399,-34.671340756121893],[150.57655293470475,-34.671126831125406],[150.576608664725001,-34.670912870129008],[150.576663524743338,-34.670713861132633],[150.576684742766787,-34.670514439133171],[150.576684635768629,-34.670500491133069],[150.576704320784728,-34.670357830133888],[150.576690265807713,-34.670200790131545],[150.576675564824967,-34.670087566129411],[150.576675349828861,-34.670058702129189],[150.5766768918362,-34.670001942128941],[150.576661966857415,-34.669858859126592],[150.576667605896375,-34.669560144125057],[150.576687049904763,-34.669475748126239],[150.576794438905353,-34.669351866135152],[150.576974471892839,-34.669245267150785],[150.57718960786994,-34.669177696169875],[150.577422160844435,-34.66911009019055],[150.577666447819269,-34.66902666221219],[150.577790617812582,-34.668938779222877],[150.577839255809948,-34.668904367227057],[150.577941732798251,-34.668878282236193],[150.578011391795116,-34.66882391524215],[150.578080199790207,-34.668784142248128],[150.578166755782803,-34.668743437255735],[150.578236997779015,-34.668693678261761],[150.578357241772522,-34.668608511272112],[150.578495591766483,-34.66849977828393],[150.578667834749837,-34.668432952299142],[150.578806292741859,-34.668338812311084],[150.578892544740029,-34.668256245318354],[150.578910759746549,-34.668187187319546],[150.578827367769918,-34.668104638311384],[150.578810273774678,-34.668087723309711],[150.578659965817735,-34.667931714294987],[150.578609282830996,-34.667888785290074],[150.578593156838963,-34.667846906288325],[150.578577792850581,-34.667776807286444],[150.578665577855844,-34.667639748293482],[150.578769595851242,-34.66755819430238],[150.578872941841183,-34.667518493311505],[150.579026656823544,-34.667479849325211],[150.57918238780934,-34.667413032338906],[150.579264202802193,-34.667375796346079],[150.579355885794826,-34.667328753354099],[150.579491457794774,-34.667178284365399],[150.579627127792975,-34.66704082137678],[150.579693326787407,-34.667008748382571],[150.579879186776537,-34.666883459398612],[150.580034424769366,-34.666764400411907],[150.5802665837478,-34.666668055432353],[150.580392428736417,-34.666612963443406],[150.580585181707733,-34.666614110460948],[150.580654383692718,-34.666649697467484],[150.58078169866306,-34.666730642479614],[150.580982590628082,-34.666769600498149],[150.581031677621723,-34.666762653502566],[150.581107001610576,-34.666762375509407],[150.581270307583139,-34.666786640524428],[150.581411741565518,-34.666761147537116],[150.581479258557181,-34.666748992543162],[150.581702345520597,-34.666775104563627],[150.581868618490404,-34.666816446579034],[150.582054674436989,-34.66701067759729],[150.582230458389148,-34.667173902614394],[150.582389703351339,-34.667280402629615],[150.582421938344481,-34.667296089632643],[150.582580932310606,-34.66737339564763],[150.582772538274583,-34.667430620665449],[150.582900400256989,-34.667420133677005],[150.583028908241687,-34.667391834688495],[150.58317352424325,-34.667219161700459],[150.583189982264827,-34.667038994700718],[150.58317887528051,-34.666933533698973],[150.583158482309273,-34.666740181695793],[150.582968427401198,-34.666261990675224],[150.582825129472752,-34.66588432965959],[150.58274989451931,-34.665618422650923],[150.582746031522873,-34.66559607565042],[150.582850730528776,-34.665435262658839],[150.582968544535191,-34.665255759668312],[150.582997721536771,-34.665211298670663],[150.583091646548525,-34.665018438677862],[150.58316798357464,-34.664737365682882],[150.583167221579004,-34.664705731682588],[150.583163061599407,-34.664556939681184],[150.583145043637444,-34.66429162467773],[150.583126702671336,-34.664057539674445],[150.583090111702063,-34.663867539669816],[150.583053905724569,-34.663739050665633],[150.583054246728665,-34.663707819665461],[150.583042108747236,-34.663582046663478],[150.583032131770864,-34.663415460661433],[150.583038854788356,-34.663276752661098],[150.583057911790974,-34.663235769662535],[150.583061550801546,-34.663152350662301],[150.583082230814483,-34.663032449663348],[150.583098867829023,-34.662904497663988],[150.583150069843441,-34.6627393816675],[150.583149486853785,-34.662662292666916],[150.583149315862414,-34.662597751666461],[150.58311395292435,-34.662172071660315],[150.583189912928248,-34.662058319666428],[150.58336062292878,-34.661864258680637],[150.583444955922289,-34.661819044687981],[150.583548300914345,-34.661763567697001],[150.583712341897751,-34.66170570471153],[150.58371481589748,-34.661704826711741],[150.58376995289197,-34.66168466671661],[150.583804275890088,-34.661660939719567],[150.582953550014423,-34.661674572642312],[150.583615395974533,-34.661237060699477],[150.584820170843528,-34.660879580806572],[150.586432806696848,-34.660185745948453],[150.587013492626653,-34.660066159000436],[150.587349821578272,-34.660055367030964],[150.587962535501418,-34.659950274085965],[150.58828393846872,-34.659837984114418],[150.588576674447665,-34.65967026913988],[150.58915980738837,-34.65946631319153],[150.590437703290945,-34.65877569630301],[150.590777403274757,-34.658519049332149],[150.590965432285202,-34.658231432347264],[150.591000651311845,-34.657992274348828],[150.590991775381667,-34.657478012344477],[150.590942481428755,-34.657179235337935],[150.590977027461861,-34.65689261333911],[150.591332009527378,-34.656005586365296],[150.591481357574622,-34.655484924375294],[150.591496200636612,-34.655003050373324],[150.591541575643504,-34.654900816376752],[150.591604259700915,-34.654400198379001],[150.59178940170608,-34.654155124394173],[150.592097609755712,-34.653439981417279],[150.592176652810053,-34.652944122421054],[150.592093178853759,-34.652708783411839],[150.591932919908487,-34.652476294395669],[150.591787234999288,-34.65195667237883],[150.591724494079415,-34.651424707369465],[150.591871723224614,-34.65017110037423],[150.591968364244622,-34.649913387381254],[150.591918063388334,-34.648890359369638],[150.591804865438434,-34.648640139357603],[150.591507115532949,-34.648261753327937],[150.591481801548071,-34.64817629032504],[150.591447872564487,-34.648090846321374],[150.591406198581808,-34.648007123316987],[150.591358007599553,-34.647927612312074],[150.591304196617301,-34.647854126306676],[150.59124489963412,-34.647793843300867],[150.591176351651313,-34.64774082229426],[150.591104280668759,-34.647690471287348],[150.591034423686068,-34.647638166280636],[150.590972490703052,-34.647579327274606],[150.590940991712699,-34.647542154271484],[150.59091079172228,-34.647503743268466],[150.590881927731829,-34.647464266265558],[150.590854273741314,-34.647423525262766],[150.590827963750769,-34.647381914260109],[150.590797467762258,-34.647329547256966],[150.590768997773665,-34.647275718253994],[150.590742697784862,-34.64722075125124],[150.590718700795861,-34.64716488824866],[150.590697150806562,-34.647108433246316],[150.593024666448883,-34.647204484458697],[150.593248058406488,-34.647274250479498],[150.594205174224868,-34.64757315456864],[150.59726742049105,-34.649675408861683],[150.59965487301875,-34.650564805085061],[150.599963978967367,-34.650606729113477],[150.600351556888683,-34.650766153149839],[150.600360870886732,-34.650770447150713],[150.601010959750482,-34.651069959211924],[150.601454482662746,-34.651235174253429],[150.603337799290159,-34.651936674429649],[150.603499259263316,-34.651958716444504],[150.603727707225289,-34.651989893465505],[150.603896320197265,-34.652012913481016],[150.604211001166817,-34.651891165508815],[150.604459255050585,-34.652487221535509],[150.604406371947647,-34.653318401536417],[150.603844601922447,-34.654132199490888],[150.603129760923906,-34.654916300431232],[150.602522846937006,-34.655492752379963],[150.60279069578641,-34.656324694410053],[150.603125704630202,-34.657124088446054],[150.602859936507969,-34.658336701430201],[150.602701173357076,-34.659645389424767],[150.602680778184038,-34.660966232431996],[150.602790961030877,-34.661992763449085],[150.60277318993522,-34.662730109452546],[150.602769876849578,-34.663376049456673],[150.602599196769944,-34.66416345944657],[150.602335774623384,-34.665555772432171],[150.602469157468363,-34.666570175451291],[150.602414950344922,-34.667556342453146],[150.602575826188371,-34.668551732474626],[150.60253122907892,-34.669422228476563],[150.602007460087776,-34.669938605432456],[150.601126081187687,-34.670169374353819],[150.599828699306073,-34.67072493423958],[150.599794591309347,-34.670738210236578],[150.599626363318038,-34.67086004822211],[150.600095487235734,-34.670955567265452],[150.603275678707121,-34.671383050557807],[150.604725608466367,-34.671575700691079],[150.604853614445119,-34.671592713702864],[150.604942286430429,-34.671604492711019],[150.606382777191271,-34.671795867843436],[150.610610878489325,-34.672357487232198],[150.610827627453375,-34.672385946252128],[150.613537208004118,-34.672741687501272],[150.614538742838022,-34.672873166593362],[150.614657388818159,-34.672890188604292],[150.614743218803852,-34.672901662612176],[150.617205215392744,-34.673246593838741],[150.620219032889509,-34.673668587116126],[150.627401420690148,-34.674673972777299],[150.627497612674119,-34.674687435786154],[150.627616716654245,-34.674704108797116],[150.633576056659138,-34.675537937345865],[150.637621928983577,-34.676103869718496],[150.648627326170867,-34.677456494731139],[150.667375886051957,-34.679990637458978],[150.667910122963121,-34.680062844508221],[150.670951857457084,-34.680474000788685],[150.680236425906912,-34.681770492645271],[150.682677878487709,-34.682197684871163],[150.683095463418312,-34.682253852909682],[150.683925039281974,-34.682353289986146],[150.687853027635725,-34.682830322348188],[150.690651005172754,-34.683189543606261],[150.691065892104092,-34.683242807644532],[150.696089682272827,-34.683887792107996],[150.696640217181539,-34.683960037158805],[150.703570071030612,-34.684881408798489],[150.711115546777449,-34.685884635495228],[150.72142188906227,-34.687280408447442],[150.721537811042992,-34.687296131458162],[150.721637284026457,-34.687309613467342],[150.733967623976213,-34.68896581060703],[150.734073173958649,-34.688979965616788],[150.73417346294201,-34.68899279262606],[150.734391421905997,-34.689020661646204],[150.734613100869353,-34.689049006666679],[150.734696070819496,-34.689328646676202],[150.734668030777897,-34.689669903675991],[150.734622663688896,-34.69038356967674],[150.734540838528346,-34.691670722678097],[150.734519217485854,-34.69201112867848],[150.734492387433193,-34.692432999678914],[150.734242727943354,-34.696360037683078],[150.734211640882364,-34.6968488326836],[150.734204962869256,-34.696953908683717],[150.73417719186358,-34.697026704681669],[150.733971791864661,-34.697245693664364],[150.733782642865691,-34.697447364648454],[150.73340541186937,-34.69783680361661],[150.733042442879224,-34.698164596585634],[150.732644756881939,-34.698583983552119],[150.732231607879214,-34.699060766517597],[150.731989302872392,-34.699379686497608],[150.731920897821851,-34.699831935494444],[150.732149873724552,-34.700304022518672],[150.732369284649906,-34.700617501540897],[150.732593938568129,-34.700978848563949],[150.73263773653332,-34.701189922569398],[150.732704885479933,-34.701513548577779],[150.73176281500804,-34.706071458522906],[150.731734561000366,-34.706159816520923],[150.731706843992839,-34.706246488518985],[150.73170624298578,-34.706299967519293],[150.731732184974476,-34.706355436522045],[150.731757328963255,-34.706411255524735],[150.731783512951893,-34.706467190527512],[150.731807759940693,-34.706523600530126],[150.731831254929602,-34.706580270532662],[150.731867154911384,-34.706676292536606],[150.73189989189305,-34.706776760540301],[150.731931265874806,-34.706877910543867],[150.731963687856506,-34.706978566547527],[150.731999534837911,-34.707077609551497],[150.732059566810506,-34.707215197557922],[150.732126679782539,-34.707349468564999],[150.732195907754402,-34.707482735572242],[150.732262303726458,-34.70761727557926],[150.732320910699229,-34.707755383585564],[150.732361660678038,-34.707868508590074],[150.732399407657027,-34.707983166594296],[150.73243437663632,-34.708098972598307],[150.732466834615821,-34.708215683602077],[150.732497051595573,-34.708332940605651],[150.732519488579186,-34.708430477608381],[150.732539460563032,-34.708528812610879],[150.732576911530941,-34.708726279615668],[150.732596883514816,-34.708824631618164],[150.732623246494967,-34.708943144621394],[150.732650801475017,-34.709061316624741],[150.732678688455081,-34.709179398628095],[150.732705992435143,-34.709297632631404],[150.732731826415375,-34.709416279634581],[150.732842665322011,-34.709989417648671],[150.732859177308967,-34.710068157650731],[150.732888032287264,-34.710198071654268],[150.732916779265594,-34.710327977657784],[150.732943743244078,-34.710458286661144],[150.732965857223206,-34.710589384664083],[150.732979786201696,-34.710733963666343],[150.732988598180867,-34.710879726668153],[150.732995894160155,-34.711025829669822],[150.733005271139206,-34.711171422671683],[150.733020330117625,-34.711315679674058],[150.733039773097744,-34.711442071676707],[150.733063007077476,-34.711567548679696],[150.733088214056977,-34.711692559682859],[150.733113537036417,-34.711817562686043],[150.733137139016094,-34.711943012689062],[150.733152360000901,-34.712039375691127],[150.733166073985842,-34.712136221693051],[150.733179555971105,-34.712231203694934],[150.733196040956017,-34.712325639697077],[150.73321751794029,-34.712418828699697],[150.733241209925666,-34.712501709702437],[150.733267778910658,-34.712584096705427],[150.733297117895347,-34.712665677708678],[150.733329109879776,-34.712746165712147],[150.733363639864052,-34.712825245715862],[150.733393291854952,-34.712860473718813],[150.733422639845827,-34.712895899721751],[150.733451700836724,-34.712931512724658],[150.733480457827653,-34.712967323727526],[150.733508908818607,-34.713003305730382],[150.733580172796366,-34.71309030973751],[150.733653434773771,-34.713177663744808],[150.733723031751481,-34.713266469751787],[150.733783313730299,-34.713357838757929],[150.733828617710827,-34.713452838762741],[150.733844349699041,-34.713523026764655],[150.733832131691287,-34.713594379764018],[150.733814902684117,-34.713666772762956],[150.733792546677762,-34.713738986761399],[150.733764973672322,-34.713809855759372],[150.733738905668361,-34.713868317757388],[150.733708473664734,-34.713928941755007],[150.733671469661942,-34.713990810752051],[150.733631069660134,-34.714048735748747],[150.733587190659733,-34.714100098745099],[150.73354051466103,-34.714142184741114],[150.73348959066368,-34.714178676736701],[150.733436174667247,-34.714211269732033],[150.733381996671199,-34.714241630727287],[150.733328803675107,-34.714271471722618],[150.733270582679353,-34.714304028717514],[150.733211994683955,-34.714334612712364],[150.733153262688859,-34.714363109707179],[150.733094593694005,-34.714389427701988],[150.733036219699443,-34.714413432696801],[150.732960106704581,-34.714459390690159],[150.732884405709541,-34.714506236683548],[150.732809215714298,-34.714553924677006],[150.732734546718888,-34.714602446670511],[150.732660476723225,-34.714651738664067],[150.732585717727289,-34.714704258657584],[150.732512221730872,-34.714758732651227],[150.732438985734376,-34.714813493644904],[150.732364943738247,-34.714866918638485],[150.732289072742702,-34.714917367631891],[150.732222953747367,-34.714955822626102],[150.732155006752691,-34.714991436620124],[150.732086773758084,-34.715026485614132],[150.73201979476309,-34.715063210608264],[150.731955630767146,-34.715103861602664],[150.731888714770008,-34.715156265596896],[150.731826253771544,-34.715214100591588],[150.731789545768351,-34.715278524588655],[150.731751341765602,-34.715341334585595],[150.731709819764035,-34.715399223582196],[150.731659800763907,-34.715455176577997],[150.731606572764946,-34.715506307573477],[150.73155173176653,-34.715555097568789],[150.731496853768107,-34.715604014564107],[150.731443535769074,-34.715655547559592],[150.73141351576939,-34.715686787557047],[150.731383656769566,-34.715718385554531],[150.731353967769678,-34.715750287552048],[150.731324431769764,-34.715782468549556],[150.731295038769758,-34.715814873547089],[150.731244185769668,-34.715871937542829],[150.731193754769379,-34.715929799538614],[150.731143780768917,-34.715988450534454],[150.731094316768292,-34.716047854530323],[150.731045355767492,-34.716107958526266],[150.730884711718943,-34.716647095515256],[150.730646249538552,-34.718254842504493],[150.731592340031909,-34.720982941609833],[150.731924319903726,-34.721570690644256],[150.732080381751047,-34.722535193665159],[150.732085607737815,-34.722628150666281],[150.731916402662137,-34.723378890655958],[150.731882859615069,-34.723766213655551],[150.731698505561184,-34.724371827642841],[150.731637173540946,-34.724590350638742],[150.731674722376368,-34.725774433650308],[150.731832847282845,-34.726296152668382],[150.732227441088838,-34.727304917711422],[150.732676124922591,-34.728047006757585],[150.733127639788677,-34.728544656802349],[150.733182087772576,-34.728604670807741],[150.733616876647773,-34.72905301985061],[150.733665828629341,-34.729136043855668],[150.733714986611062,-34.729218251860715],[150.733761070592863,-34.729302530865525],[150.733804761574845,-34.729388369870108],[150.73384843355683,-34.729474216874699],[150.733876195545321,-34.729529533877617],[150.733903687533768,-34.729585011880523],[150.73393126052224,-34.729640435883418],[150.733959219510666,-34.729695635886358],[150.73398789549907,-34.729750413889356],[150.7340186774872,-34.729804564892547],[150.734051127475226,-34.729857846895897],[150.734083558463254,-34.729911092899222],[150.734114099451432,-34.729965234902387],[150.734140999439944,-34.73002113390524],[150.734163060429154,-34.730077095907639],[150.734185954417029,-34.730141931910183],[150.734205890405775,-34.730203558912436],[150.734219076397665,-34.730249848913957],[150.734221917394677,-34.730268690914343],[150.734216853395282,-34.730270044913887],[150.734211725395909,-34.730271200913421],[150.734206553396518,-34.730272159912964],[150.734201345397167,-34.730272903912493],[150.734196146397892,-34.730273450912023],[150.734197894385289,-34.730365070912811],[150.734277189359943,-34.730466219920757],[150.73430439534971,-34.730512402923573],[150.734331600339488,-34.730558602926372],[150.734358994329227,-34.730604685929194],[150.73438637931892,-34.730650760932022],[150.734413890308701,-34.730696772934856],[150.734495032279227,-34.730826525943165],[150.734579096249519,-34.73095471895175],[150.734662775219846,-34.731083073960299],[150.734742787190498,-34.731213229968517],[150.734815835161669,-34.731346908976114],[150.734866015140256,-34.731451239981425],[150.734913031119021,-34.731557238986468],[150.734957528097993,-34.731664473991273],[150.735000143077201,-34.731772489995912],[150.735041566056481,-34.731880792000453],[150.735086116033301,-34.732004145005384],[150.735127727010394,-34.732128609010033],[150.735167437987712,-34.73225376401453],[150.735207156964975,-34.732378963019009],[150.73524750394219,-34.732503893023583],[150.735277048925525,-34.732595397026913],[150.735305885908929,-34.732687143030198],[150.735335081892288,-34.732778763033494],[150.735365630875492,-34.732869873036911],[150.735398564858485,-34.732960059040551],[150.735451155834255,-34.733082650046207],[150.735510174809292,-34.733202829052431],[150.735570914784233,-34.733322318058811],[150.735628660759488,-34.733442848064918],[150.735678724735493,-34.733566129070361],[150.735716005715176,-34.733676313074518],[150.735749835695117,-34.733787941078383],[150.735780196675478,-34.733900699081943],[150.73580704365628,-34.734014218085186],[150.735830323637487,-34.734128140088096],[150.73584840361849,-34.734249656090583],[150.735859895600299,-34.734372354092478],[150.735868742582426,-34.734495545094134],[150.735878925564379,-34.734618548095924],[150.735894415545687,-34.734740682098177],[150.735909528532204,-34.734824423100129],[150.735926900518422,-34.734907788102305],[150.735945061504566,-34.734991054104519],[150.735962487490752,-34.735074427106689],[150.735977708477236,-34.735158142108666],[150.735987425465481,-34.735235222110092],[150.735993942454058,-34.735313074111218],[150.736000468442626,-34.735390809112339],[150.736010328430837,-34.735467577113788],[150.73602672341832,-34.735542569115793],[150.736060204399706,-34.735644274119565],[150.736102648379926,-34.735744580124127],[150.736152963359473,-34.735841373129404],[150.736210951338393,-34.735934114135347],[150.736275608317129,-34.736020902141867],[150.736343080280449,-34.7362191221494],[150.736436314253638,-34.736315906158602],[150.736048953060902,-34.738179006135944],[150.736714017949339,-34.738273871197478],[150.73693376991244,-34.738305595217824],[150.736913017903476,-34.738395324216526],[150.736892570894668,-34.738483672215274],[150.736876784887613,-34.738553716214305],[150.73686140288072,-34.738622039213375],[150.73617659757403,-34.741662279171571],[150.736136438556059,-34.741840519169138],[150.735302633182613,-34.745542222118239],[150.735282688173697,-34.745630794117019],[150.735262483164632,-34.745720461115795],[150.734734690928263,-34.748063596083554],[150.734522602833295,-34.749005161070627],[150.734490179818749,-34.749149095068653],[150.737545083301683,-34.749618525351515],[150.740533347795918,-34.750077719628251],[150.743557381284035,-34.750542411908334],[150.743684221262583,-34.750561899920093],[150.743773368247503,-34.75057560592834],[150.744717391087505,-34.750722319015807],[150.746844049726917,-34.75105375321283],[150.747059910690325,-34.751087395232837],[150.748139120507318,-34.751255577332827],[150.748762188401656,-34.751352675390564],[150.749218544324265,-34.751423786432845],[150.749434424287699,-34.751457338452859],[150.749504154275854,-34.751468176459312],[150.749555554267175,-34.751476163464076],[150.749801463225481,-34.751514376486867],[150.750708976071508,-34.751656527570965],[150.750638313071022,-34.751738171565052],[150.750600010068865,-34.751796598561931],[150.75059791206553,-34.751823911561942],[150.750592579042745,-34.751999067562657],[150.750659870992934,-34.752295219570861],[150.750839159896969,-34.752810746590818],[150.750973887864376,-34.7529042316038],[150.75104512484549,-34.752966136610738],[150.751125415829449,-34.752996515618314],[150.751322416787332,-34.753091919637008],[150.751397095766606,-34.753163702644343],[150.751471621743264,-34.753254857651804],[150.75156169272276,-34.753307995660421],[150.751618183701936,-34.753400199666224],[150.751573685691824,-34.753524422663006],[150.751565950671107,-34.753687243663421],[150.751594733649227,-34.753818027666945],[150.751634300626989,-34.753939731671409],[150.751619321607535,-34.754100912671134],[150.751617286596655,-34.754184331671532],[150.751563018587092,-34.75431528666747],[150.75148071158813,-34.75439851666048],[150.751374990601477,-34.75441620265093],[150.751311812606843,-34.754445873645338],[150.751231468605198,-34.754547022638683],[150.751112919588394,-34.754802800629584],[150.751057531572627,-34.754981487625741],[150.751032673557972,-34.755118036624388],[150.751030207537724,-34.755271185625219],[150.751056955510819,-34.755441680628849],[150.751151534485842,-34.755523064638062],[150.751262176441998,-34.755726672649594],[150.75133049941229,-34.755872121656857],[150.751348884401466,-34.755932198658954],[150.751369805389203,-34.756000530661339],[150.751413181353968,-34.756214527666778],[150.751485852313579,-34.756434655674944],[150.75153558328708,-34.756576466680478],[150.751552319278176,-34.756624208682339],[150.751577579259617,-34.75673426768541],[150.751577614234122,-34.756923757686721],[150.751582167198109,-34.757186589688935],[150.751597262165774,-34.757410563691863],[150.751648902111867,-34.757754305698953],[150.751729094076154,-34.757930994707507],[150.751824963044839,-34.758057897717173],[150.751847955025028,-34.758179601720116],[150.751891833002361,-34.758299969724966],[150.751959214979621,-34.758394611731774],[150.752052565950692,-34.758506481741094],[150.752130300924108,-34.758618334748988],[150.752177952901832,-34.758731244754131],[150.752185563887963,-34.758826029755468],[150.752243640866993,-34.758917712761416],[150.752274906848385,-34.759021390765],[150.752386131820231,-34.759107802775787],[150.752446619798803,-34.759200257781956],[150.752478370784615,-34.759270561785364],[150.752528424772436,-34.759305817790178],[150.752597967757907,-34.75933687779677],[150.752744528722815,-34.759436036810875],[150.752873017691172,-34.759529522823286],[150.7528846886797,-34.759601691824848],[150.752878879674341,-34.759647963824634],[150.7529022396659,-34.759685011827031],[150.752918464659018,-34.759718160828747],[150.752998754636451,-34.759797150836633],[150.753064971613355,-34.759895575843387],[150.753161782589785,-34.759963889852713],[150.753231261571102,-34.760026198859507],[150.753277291558703,-34.760067486864017],[150.753348805536348,-34.76015446387116],[150.753384813515254,-34.760271425875267],[150.753413542484907,-34.760465522879237],[150.753414393466556,-34.760600878880233],[150.753445740438366,-34.760775855884305],[150.75344312242143,-34.760904703884954],[150.753424656401819,-34.761070904884406],[150.753341559398791,-34.761185194877577],[150.753290733397137,-34.7612537428734],[150.753260874386029,-34.761369297871461],[150.753283947370022,-34.761462773874214],[150.753329152353274,-34.761537362878862],[150.753347465327067,-34.761711810881742],[150.753401436294126,-34.761897068887954],[150.753484137255668,-34.762091640896877],[150.753588791210802,-34.762309698907963],[150.753696618166515,-34.762519724919265],[150.753816852125084,-34.762694781931501],[150.753849247102067,-34.762830012935382],[150.753899633059916,-34.763087780941781],[150.753956500025168,-34.763283248948326],[150.753994129986637,-34.763528287953456],[150.754015749959478,-34.763706114956676],[150.754013418929674,-34.763930321957993],[150.753989815907033,-34.764124544957163],[150.753985969892938,-34.764233599957556],[150.753984974868075,-34.764419629958745],[150.753940485854059,-34.764573029955727],[150.753915188846435,-34.764657550953991],[150.753909415825291,-34.764821107954567],[150.753946364790465,-34.765039120959464],[150.75399795175781,-34.765224755965463],[150.754009155722656,-34.765473783968197],[150.754080911693251,-34.765613164975719],[150.754131719676593,-34.765680779980848],[150.754161148665617,-34.765729812983878],[150.754168408657875,-34.765779194984894],[150.754299981620079,-34.765914900997871],[150.757076240819544,-34.76879704627202],[150.757227068801626,-34.768763583285605],[150.759523256160463,-34.770990706511306],[150.760011980024046,-34.771464418559347],[150.760574279867058,-34.772009447614614],[150.762049021455312,-34.773439125759573],[150.76226776039428,-34.77365109678108],[150.762421743351297,-34.773800168796228],[150.762906146216068,-34.774269684843823],[150.762941868206099,-34.774304312847342],[150.763019505188652,-34.774348128854754],[150.763122295165545,-34.774406144864578],[150.763381864092651,-34.774660847890118],[150.776817939332915,-34.787737704211686],[150.776931441287672,-34.787948286223525],[150.776943506282834,-34.787970642224792],[150.777200225230672,-34.788074490249052],[150.780671812248556,-34.791529601591165],[150.781771780943302,-34.79257978469925],[151.0359195,-34.882],[151.039458700000012,-34.8858744]]]]}}
]
}
