{
"type": "FeatureCollection",
"name": "PQQ",
"crs": { "type": "name", "properties": { "name": "urn:ogc:def:crs:EPSG::7844" } },
"features": [
{"type":"Feature","properties":{"Region":"Port Macquarie","IATA":"PQQ","Channels":"#nsw","Status":"Tentative","Scopes":"au, au-nsw, ?au-nsw-pqq?"},"geometry":{"type":"MultiPolygon","coordinates":[[[[153.2098265,-31.3001174],[153.2102491,-31.3069349],[153.210401,-31.3137607],[153.210059300000012,-31.3250449],[153.2094205,-31.3325507],[153.2078478,-31.3437577],[153.2063918,-31.351179],[153.203601099999986,-31.36221],[153.20134010000001,-31.3694814],[153.1987622,-31.3766749],[153.195871,-31.3837802],[153.1930726,-31.3909208],[153.189962900000012,-31.397966],[153.1847242,-31.4083333],[153.180856299999988,-31.4150969],[153.1766941,-31.4217309],[153.169911899999988,-31.4314184],[153.1709382,-31.4385263],[153.1716678,-31.4456612],[153.1720997,-31.4528138],[153.172233299999988,-31.4599751],[153.172762299999988,-31.4712804],[153.172701100000012,-31.4788237],[153.1719885,-31.4901216],[153.1711003,-31.4976265],[153.169269500000013,-31.5082672],[153.167679600000014,-31.5153075],[153.1657964,-31.5222946],[153.1636224,-31.5292195],[153.1598276,-31.5399497],[153.1553372,-31.5504813],[153.1501652,-31.5607811],[153.1443274,-31.5708169],[153.138173200000011,-31.5800987],[153.1337528,-31.5861248],[153.1290847,-31.5920126],[153.1241748,-31.5977548],[153.11582820000001,-31.6066342],[153.1069038,-31.6150926],[153.0974305,-31.6231027],[153.090825,-31.6281806],[153.083998900000012,-31.6330406],[152.804311337288482,-31.728074237406108],[152.804267673295016,-31.728067505401718],[152.802724268532074,-31.72779373724596],[152.795074419691389,-31.726551570474918],[152.791158296284806,-31.725915680080309],[152.785520313139187,-31.725000186512272],[152.785039643058923,-31.726045638472119],[152.784856069087084,-31.726013117453611],[152.774196208668087,-31.724534379381861],[152.774078072685597,-31.724517984369985],[152.773979055700266,-31.724504251360035],[152.766242664847681,-31.723431048582498],[152.752563139876429,-31.721533413208217],[152.752119413941017,-31.721480446163717],[152.751969993962803,-31.721462617148742],[152.751744100995722,-31.721435653126083],[152.75110781108765,-31.721365278062304],[152.750567982165052,-31.721309819008248],[152.750388891190738,-31.721291424990312],[152.748166591509431,-31.721063144767726],[152.748029979529008,-31.721049116754038],[152.747918574544997,-31.721037669742874],[152.747213856648472,-31.720947485672173],[152.747061768543773,-31.721861803663781],[152.745920981597664,-31.722551155555482],[152.744497419789752,-31.722493351413561],[152.743155322970892,-31.722438854279783],[152.7422663330305,-31.722846835194442],[152.742219765033923,-31.722865794189961],[152.742173412037289,-31.722885326185487],[152.742127301040483,-31.722905433181054],[152.742081441043638,-31.722926095176657],[152.742035850046648,-31.722947313172266],[152.741940562052378,-31.722996050163161],[152.741847292057201,-31.723049055154284],[152.741754819061754,-31.723103726145503],[152.741661862066451,-31.723157457136654],[152.741567175071935,-31.723207673127625],[152.741428322080822,-31.723274231114313],[152.741287443090499,-31.723337222100774],[152.741144825100918,-31.723396429087039],[152.741000737112017,-31.723451675073118],[152.740855493123888,-31.723502734059068],[152.740711557136592,-31.723546434045087],[152.74056561415037,-31.723584030030857],[152.740418729164645,-31.723618882016517],[152.740271979178829,-31.723654317002204],[152.740126447192324,-31.723693668988027],[152.739948457207788,-31.72374948897075],[152.739771830222395,-31.723809915953645],[152.739595660236745,-31.723871937936593],[152.73941907725137,-31.723932543919506],[152.739241177266791,-31.723988739902236],[152.739113538278161,-31.724026469889832],[152.738985612289696,-31.724063535877388],[152.738857282301467,-31.724099087864914],[152.738728424313621,-31.724132308852337],[152.738598921326343,-31.724162311839695],[152.738474706339105,-31.724186631827536],[152.738349711352441,-31.724207284815268],[152.738224340366145,-31.724226198802949],[152.738098978379753,-31.72424528379063],[152.737974028393069,-31.724266456778373],[152.737852440405504,-31.724290453766464],[152.737731183417679,-31.724316494754618],[152.737609980429824,-31.724342678742747],[152.737488508442198,-31.724367124730872],[152.737366490455145,-31.724387956718907],[152.737194801474203,-31.724411371702015],[152.737022171494004,-31.724430178685015],[152.736848968514522,-31.724444351667902],[152.736675576535646,-31.724453853650743],[152.736502364557424,-31.724458658633576],[152.736475597560485,-31.724461760630934],[152.736208702593132,-31.724475610604518],[152.736067814611374,-31.724475664590521],[152.735926657630188,-31.724471864576465],[152.735785554649453,-31.724464245562398],[152.735644809669253,-31.724452807548332],[152.735504755689448,-31.724437578534314],[152.735497969713691,-31.724265595532358],[152.735468477723288,-31.724223240529128],[152.735445547732525,-31.72417700452651],[152.735429672741276,-31.724127899524564],[152.7354211927493,-31.724076993523347],[152.735420295756427,-31.724025387522889],[152.735427018762493,-31.723974221523171],[152.73544119176745,-31.72392459652422],[152.735462507771075,-31.723877598525988],[152.735490511773321,-31.723834248528455],[152.735524583774207,-31.72379548753155],[152.735560323782977,-31.723696749534376],[152.735603969790276,-31.723601255538014],[152.735655252796136,-31.723509634542435],[152.735713832800428,-31.723422495547606],[152.735779305803106,-31.723340411553508],[152.735851251804178,-31.723263930560098],[152.735929184803666,-31.723193563567317],[152.736012595801554,-31.723129784575136],[152.736100917797813,-31.723073005583494],[152.736437051787163,-31.722831479615106],[152.736778975774598,-31.722598208647376],[152.737126484760182,-31.722373336680256],[152.737246539751169,-31.72232545969182],[152.737362937743768,-31.722269254702972],[152.737475086737987,-31.72220500971364],[152.73758244073386,-31.722133010723766],[152.73768445973144,-31.722053642733336],[152.737780635730758,-31.721967292742256],[152.73787049973177,-31.721874380750496],[152.737997636730199,-31.721764956762325],[152.738129721727177,-31.721661538774679],[152.738266467722667,-31.721564368787554],[152.738407579716721,-31.721473652800913],[152.738552733709383,-31.721389587814716],[152.738701662700606,-31.721312362828929],[152.738896683692388,-31.721186955847404],[152.739087276685694,-31.72105492486536],[152.739273199680468,-31.720916403882821],[152.73945425467673,-31.720771562899738],[152.739630209674488,-31.720620581916119],[152.739800866673761,-31.72046362193192],[152.739927770670391,-31.720367455943816],[152.740049241668686,-31.720264530955138],[152.740164931668573,-31.720155133965836],[152.740274489670099,-31.720039605975863],[152.740377584673269,-31.719918286985209],[152.740473938678008,-31.719791526993866],[152.740563238684416,-31.719659711001771],[152.740645231692355,-31.719523225008903],[152.740701077693217,-31.719463659014021],[152.740762740692503,-31.719410126019746],[152.74082956769027,-31.719363200026045],[152.740900849686454,-31.719323363032839],[152.740975842681138,-31.719291039040044],[152.741053748674375,-31.719266576047616],[152.741133752666286,-31.719250226055433],[152.741215011656806,-31.719242167063449],[152.741359305646199,-31.719183318077363],[152.741506969633832,-31.719133513091673],[152.741657439619871,-31.719092987106311],[152.741752673605419,-31.719108422115905],[152.741848857591947,-31.719115961125507],[152.741945328579504,-31.719115566135098],[152.742041450568223,-31.719107238144584],[152.742136558558116,-31.719091031153926],[152.742230008549285,-31.719067052163023],[152.74232116354176,-31.719035472171846],[152.742456053531697,-31.718981338184864],[152.742587045523294,-31.718918410197418],[152.742713616516625,-31.718846985209467],[152.742835186511712,-31.718767348220965],[152.74295123450861,-31.718679860231848],[152.743021449506386,-31.718629159238457],[152.743087245505563,-31.718572847244587],[152.743148173506057,-31.718511318250176],[152.743203831507827,-31.718444958255226],[152.743253823511026,-31.718374241259678],[152.743297818515458,-31.718299642263499],[152.743335521521203,-31.718221673266672],[152.743366661528142,-31.71814087226916],[152.743384768534042,-31.718080347270519],[152.743410118538606,-31.71802248427262],[152.743442344541847,-31.717968153275418],[152.743480952543678,-31.717918152278887],[152.74352536854397,-31.71787323328298],[152.743574939542896,-31.717834070287608],[152.743628912540373,-31.71780124329274],[152.743686496536469,-31.71777524829827],[152.74374680653122,-31.71775646830412],[152.743808963524714,-31.717745191310211],[152.743898881512251,-31.717751528319194],[152.743988978500909,-31.717749045328123],[152.744078412490865,-31.717737750336941],[152.744166305482196,-31.717717751345521],[152.744251812475028,-31.717689246353821],[152.744334129469337,-31.717652502361727],[152.744412447465322,-31.717607888369184],[152.744486024462873,-31.717555816376105],[152.74454859345775,-31.717533755382171],[152.744607603454227,-31.717503421387807],[152.744661951452372,-31.717465369392915],[152.744710635452208,-31.717420298397439],[152.74475277445373,-31.717369051401246],[152.744787572456943,-31.717312568404285],[152.744814402461714,-31.717251900406506],[152.744806629471896,-31.717184114405235],[152.74479186548291,-31.717117521403281],[152.744770280494492,-31.717052810400652],[152.744742106506578,-31.716990690397406],[152.744707639519049,-31.716931823393541],[152.744667256531727,-31.71687684738912],[152.744621386544566,-31.716826353384196],[152.744387075609325,-31.716573184359056],[152.743147841878709,-31.715771511229999],[152.742879861932522,-31.715630867202321],[152.742444246006102,-31.715504296158109],[152.742142607050852,-31.71546212112781],[152.741772725092972,-31.71550445009137],[152.741404994134854,-31.715546564055153],[152.740985703164228,-31.71572944901482],[152.740132804263027,-31.715814536930708],[152.739369061351482,-31.715890732855371],[152.73933981136193,-31.715841753852118],[152.739309539372442,-31.715793186848739],[152.739278273383093,-31.715745050845289],[152.739246029393712,-31.715697406841727],[152.73921285340441,-31.715650300838082],[152.739004332463878,-31.715411482815618],[152.738754155525726,-31.715194563789151],[152.738480268589001,-31.714990086760441],[152.738200626652571,-31.714788559731169],[152.737933176715472,-31.714580514703062],[152.737248262880769,-31.71401682463086],[152.736556743046236,-31.713457697558056],[152.735870951211609,-31.712894186485766],[152.735203222376413,-31.712317328415196],[152.73456590154035,-31.711718166347474],[152.734190580640046,-31.711342064307413],[152.73382089773969,-31.710960817267885],[152.733460725838995,-31.710573070229248],[152.733113909937686,-31.710177427191894],[152.732784287035344,-31.709772541156166],[152.73253646011176,-31.709446315129146],[152.732297444187793,-31.709114521102958],[152.732067644263282,-31.708777753077658],[152.731847444338143,-31.708436575053273],[152.731637247412209,-31.708091578029851],[152.731591701427874,-31.708019839024807],[152.731513194457364,-31.707877509015962],[152.731443894486233,-31.707731109008005],[152.731379855514717,-31.707582387000549],[152.73131716154316,-31.707433064993211],[152.731251885571709,-31.707284899985641],[152.731174777604139,-31.707119683976764],[152.731096969636639,-31.706954692967827],[152.731019583669081,-31.706789540958919],[152.730943730701426,-31.706623930950165],[152.73087054873352,-31.706457486941684],[152.730816566757937,-31.706329131935377],[152.730764002782252,-31.706200345929201],[152.730712423806466,-31.706071237923133],[152.730661382830647,-31.705941985917111],[152.730610466854813,-31.705812698911089],[152.730549439884413,-31.705652708903855],[152.730490635913895,-31.705492029896831],[152.730431643943348,-31.7053314398898],[152.73037011497297,-31.705171674882521],[152.730303638003079,-31.705013495874745],[152.730254981023592,-31.704908859869132],[152.730203644044337,-31.70480511086329],[152.730151393065171,-31.704701647857323],[152.730100047085898,-31.704597889851463],[152.730051400106447,-31.704493252845865],[152.729981794136847,-31.704335710837793],[152.72991399016712,-31.704177209829879],[152.729850292197085,-31.704017551822382],[152.729793048226384,-31.703856567815514],[152.729744588254732,-31.703694050809503],[152.729711986277266,-31.70355907080528],[152.729684798299303,-31.703422871801585],[152.72966220032086,-31.703285866798321],[152.729643393341945,-31.703148457795439],[152.729627553362661,-31.703011030792851],[152.729619270373377,-31.702940214791511],[152.72961661737682,-31.702917500791084],[152.729605493391006,-31.702823611789292],[152.729596905404861,-31.702729704787739],[152.729593543418019,-31.702636147786723],[152.729598115430065,-31.702543262786492],[152.729602552437171,-31.70248676278651],[152.729608567444046,-31.702430262786699],[152.729616132450758,-31.702373860787031],[152.729625257457201,-31.702317665787529],[152.729635924463423,-31.702261766788169],[152.729644494467635,-31.702222539788742],[152.729653960471694,-31.702183438789394],[152.729664134475712,-31.702144445790111],[152.729674801479604,-31.702105550790886],[152.729685791483462,-31.702066736791689],[152.729708586490659,-31.701992210793414],[152.729733631497481,-31.701918140795364],[152.729760003504055,-31.701844357797423],[152.729786850510607,-31.70177066579955],[152.729813240517217,-31.701696891801639],[152.729844686525354,-31.70160735980409],[152.729876319533417,-31.701517871806576],[152.72989738553872,-31.701458762808233],[152.730006969603892,-31.700875045814822],[152.728736199690445,-31.701447280692815],[152.727682070762313,-31.701921960591608],[152.726553900839178,-31.702429994483317],[152.726052832873364,-31.702655618435216],[152.725895129862153,-31.70288841342126],[152.725738404850688,-31.703121701407404],[152.725582637839096,-31.703355464393677],[152.725427848827309,-31.703589702380025],[152.725274044815308,-31.703824397366468],[152.725114504802633,-31.704069508352433],[152.724955834789824,-31.704315050338479],[152.724798319776767,-31.70456113932465],[152.724642275763415,-31.704807899310964],[152.724488024749746,-31.705055440297475],[152.724348285736767,-31.70528402228528],[152.724329407734928,-31.705315423283636],[152.724210402723401,-31.705513428273271],[152.724073586709864,-31.705743328261377],[152.723937065696305,-31.705973344249511],[152.723800025682806,-31.706203145237598],[152.723671634670296,-31.706417438226413],[152.723543253657795,-31.706631749215251],[152.723286553632761,-31.707060389192915],[152.723158235620247,-31.707274736181756],[152.721549292525481,-31.709504618038391],[152.721324018558164,-31.709478551015827],[152.721114441588526,-31.709454302994846],[152.720882498622217,-31.709427464971622],[152.720620015660302,-31.70939708594533],[152.720238500715652,-31.709352938907134],[152.720033995745865,-31.709325275886627],[152.717985705048648,-31.709047496681219],[152.715483444418538,-31.708708225430311],[152.711137550058652,-31.708135850994722],[152.707584132585765,-31.707640188638411],[152.706781366703069,-31.707541147558025],[152.703452082196151,-31.707082773224293],[152.686216568748534,-31.704709793497283],[152.686333360775819,-31.704397442506561],[152.686333709776051,-31.704395407506588],[152.68660471696009,-31.702779934521573],[152.68612070515826,-31.701781051466227],[152.684362363475543,-31.701119251287036],[152.683590761527739,-31.701470596213117],[152.680517812588306,-31.703955695926748],[152.676299420220204,-31.703321777503952],[152.676059382256199,-31.703285195479868],[152.675995424274447,-31.703211511472993],[152.675125994518652,-31.702240534379676],[152.67241245195774,-31.701592179105983],[152.670267792263985,-31.701380110891897],[152.66840773951435,-31.701308820707066],[152.66432067216752,-31.700392310295396],[152.664186499188446,-31.700366036281906],[152.655130674489641,-31.699412011377902],[152.655021986505233,-31.699400565367061],[152.654928259518726,-31.699390686357702],[152.648041831508209,-31.698665226670492],[152.648023150510994,-31.698662447668628],[152.64761562157193,-31.698601851627831],[152.639133100840525,-31.697340712778892],[152.639017383857805,-31.697323519767316],[152.639030327866493,-31.697247110768032],[152.639317725059072,-31.695550218783989],[152.639226928072446,-31.695538170774924],[152.634917701707536,-31.694966197344264],[152.630798272314649,-31.694419233932638],[152.630691215330444,-31.694405016921944],[152.630593507344855,-31.694392036912188],[152.628526401649509,-31.694117568705657],[152.628447967601204,-31.694549328701083],[152.626938263822751,-31.694356030550306],[152.626621342869271,-31.694315450518676],[152.620874179712644,-31.693579594944786],[152.618538490055386,-31.693280531711615],[152.617841631157631,-31.693191304642042],[152.617824913160092,-31.693189162640369],[152.616979305284161,-31.693080896555966],[152.616883310297709,-31.693072568546413],[152.616901176257016,-31.693356252550274],[152.61661061827084,-31.693532117522835],[152.615804344389375,-31.693427185442339],[152.615753591386635,-31.693496100437823],[152.6157531243866,-31.69349673743778],[152.61564242840339,-31.693478701426706],[152.61184303996049,-31.692995323047501],[152.607654920574589,-31.692462482629573],[152.607468741459542,-31.69349174561874],[152.607467486458745,-31.693498745618673],[152.606000604673397,-31.69331537147233],[152.601325014357627,-31.692730881005936],[152.600759586987749,-31.696008660974169],[152.597795093427436,-31.695594851678191],[152.597713081439622,-31.695583404670014],[152.595019281839171,-31.695207378401104],[152.594947740849761,-31.695197392393954],[152.594840495865668,-31.695182431383245],[152.59544062423933,-31.691842621417969],[152.595521442289197,-31.691396179422672],[152.590267067006806,-31.691118733901551],[152.585204672752184,-31.690451910396657],[152.58522381976303,-31.690353324397822],[152.584978448797784,-31.690331040373426],[152.583296387045095,-31.690112082205701],[152.580792894412866,-31.689788453956105],[152.579832808554102,-31.689662996860388],[152.579783506561341,-31.689656569855487],[152.579555964594846,-31.68962653283279],[152.578982960679213,-31.689551209775658],[152.57677834500322,-31.689265085555892],[152.577221631302422,-31.686624304580231],[152.577261592322401,-31.686438185582801],[152.577330039367098,-31.686041251586641],[152.5753619636574,-31.685777760390412],[152.573981718859585,-31.685603675252878],[152.572981277007926,-31.685463849153088],[152.572781210037306,-31.685438033133163],[152.572559172068338,-31.685421110111115],[152.570379843388025,-31.685142174893954],[152.570248334324873,-31.68573635288535],[152.56715099478069,-31.685329469576651],[152.567829196192974,-31.681624513616342],[152.567727617207737,-31.681612277606224],[152.561092909184481,-31.680737090945101],[152.561182556239913,-31.680240217950292],[152.556823810881582,-31.67966505451605],[152.557789889450589,-31.674520236573493],[152.556561252631411,-31.674358088451093],[152.554892000877118,-31.674137764284826],[152.551155728427062,-31.673644528912678],[152.550892860264725,-31.675100683897462],[152.546587715906583,-31.674471805468286],[152.546684115000858,-31.673680214471982],[152.546701146011031,-31.673588413472977],[152.546723986024631,-31.673465428474326],[152.546471256062148,-31.673429661449134],[152.543114294560581,-31.672954570114658],[152.543259268642856,-31.672204831123423],[152.541417512917633,-31.67193480893987],[152.541216737947536,-31.671905379919856],[152.540301176084085,-31.6717711448286],[152.535756786761993,-31.671104214375749],[152.536874362407303,-31.665242307442764],[152.527460885829328,-31.663725944503923],[152.52724428986204,-31.66369104848232],[152.526422455986193,-31.663558659400369],[152.522471241583048,-31.66292218400643],[152.522285077611201,-31.662892190987851],[152.515108225695258,-31.661736112272465],[152.51489031858145,-31.662790821258763],[152.50867516550619,-31.661894514640164],[152.508570466521746,-31.661879410629744],[152.508477313535622,-31.661865982620473],[152.50712790773639,-31.661671392486191],[152.501718190540544,-31.66089655194796],[152.501717329541009,-31.660893719947847],[152.50111084889781,-31.658824888872928],[152.500920124010008,-31.658174291849367],[152.500377599191467,-31.657347257789887],[152.500297632213375,-31.657261095781386],[152.500227560232616,-31.657185601773925],[152.499509360429613,-31.656411759697537],[152.499899671646148,-31.65442689472135],[152.503110628348026,-31.638686701921554],[152.503083494352069,-31.638682569918849],[152.503380749505823,-31.637253772937598],[152.503339075523286,-31.637163810932837],[152.50328882454437,-31.637055319927086],[152.502041254688578,-31.63718210680522],[152.50203726568887,-31.637183603804839],[152.50145856173458,-31.63739997674946],[152.500544801828823,-31.637577445660845],[152.500542604828922,-31.637578727660621],[152.499234725895377,-31.638341714537528],[152.499002738919103,-31.638388282515031],[152.498629774957237,-31.638463158478874],[152.497996301022056,-31.638590322417468],[152.497885622025223,-31.638673086407191],[152.497756819028922,-31.638769404395223],[152.497393769008227,-31.639272239363184],[152.497256495028864,-31.639250770349527],[152.496335259167324,-31.63910662025781],[152.494839066313915,-31.639454997113123],[152.494102937402943,-31.639500470041028],[152.491788202638674,-31.639972645816751],[152.491376282647991,-31.640299785778637],[152.490399973756553,-31.640431240683554],[152.48779712913074,-31.6401504234254],[152.486452805324234,-31.640003807292089],[152.485931256427762,-31.63973536323881],[152.484856765618872,-31.639347060130255],[152.483944091703933,-31.639591767042283],[152.482327290928737,-31.639474390882409],[152.48227256593637,-31.639470482876991],[152.481777299015818,-31.639355554827425],[152.481268577097495,-31.639237499776531],[152.481164766114119,-31.639213403766139],[152.481047248132995,-31.639186135754386],[152.479661332355363,-31.638864515615722],[152.479558014371946,-31.638840402605378],[152.479519899374139,-31.638860939601784],[152.478643976423967,-31.63933291851912],[152.478572999427996,-31.639371167512426],[152.477785567421535,-31.64017698244092],[152.477237878481645,-31.640256823387642],[152.476186234533571,-31.640882203288854],[152.475731419501273,-31.641560326249113],[152.475030517517126,-31.642116935184301],[152.474441449568388,-31.642302372127745],[152.472810744788973,-31.642230111966892],[152.472054986966839,-31.64163324588819],[152.471786992022544,-31.641476770860681],[152.471574994066515,-31.641353264838934],[152.468758412469498,-31.641064729559933],[152.467967289562608,-31.641132954482668],[152.467410018659507,-31.640947874426516],[152.466574946820487,-31.640553441341542],[152.465485342972613,-31.640469752233827],[152.465312839999967,-31.640432139216593],[152.465191872019176,-31.640405758204519],[152.465065122039277,-31.640378122191844],[152.465032842044366,-31.640371085188633],[152.464930519060601,-31.640348774178413],[152.46490482803955,-31.640530321177216],[152.464847941001409,-31.640869106174126],[152.464142611049908,-31.641187148107143],[152.463804373038784,-31.641595797076913],[152.462769267097087,-31.642158187979312],[152.462099774102455,-31.642763031917966],[152.461775420065237,-31.643352484890436],[152.461910890998695,-31.643717766906438],[152.461517693991112,-31.644152931870988],[152.461517083945921,-31.644489968873415],[152.461004860861436,-31.645612813831349],[152.461316614690617,-31.646584427869133],[152.460575356720852,-31.647073188799883],[152.460474243724548,-31.64714303579046],[152.459534156814641,-31.647377640699816],[152.458908034904368,-31.647312714637813],[152.458691276935411,-31.647290241616332],[152.458680627936928,-31.647289138615292],[152.458278128981704,-31.647343451576138],[152.457575104080661,-31.647283813506633],[152.456552119194754,-31.647419537407103],[152.456179818184609,-31.647853787373727],[152.455432299378089,-31.647132797294972],[152.45456655357188,-31.646523757205436],[152.453344283738289,-31.646461565084913],[152.452793610842008,-31.646219762029034],[152.452172632903853,-31.646357402969052],[152.451441284085774,-31.645706797892409],[152.450350059308818,-31.645096745780737],[152.44885500031819,-31.646467820643959],[152.447780273416384,-31.646772013540645],[152.446533581468941,-31.647581747424166],[152.445745577560103,-31.647662270347372],[152.445174957617326,-31.647786063292234],[152.445080137639877,-31.647709224282362],[152.445039951619748,-31.6478979252798],[152.445132199604643,-31.647921661289043],[152.445207084592397,-31.647940952296526],[152.44437553115398,-31.652009006244803],[152.444182959179983,-31.652001020225828],[152.444169405180872,-31.652007563224551],[152.444193465195809,-31.651872951225926],[152.439734649871752,-31.651135068782658],[152.439717770872051,-31.6511490517811],[152.439351141695141,-31.652821100757414],[152.433362383582619,-31.651982309163301],[152.433786444806145,-31.649907356189669],[152.426571680881949,-31.648846635473738],[152.42695829908061,-31.646992149498033],[152.420234367091069,-31.64594413283055],[152.42008772511312,-31.645921265816003],[152.420295456029947,-31.646341290839477],[152.420629245925284,-31.646799752875591],[152.420287036910054,-31.647243550845289],[152.420153687831828,-31.647955737837442],[152.419715869803269,-31.648591326799167],[152.419462815772107,-31.649067985777844],[152.419333671725582,-31.649539812768644],[152.419337398505235,-31.651179573781082],[152.419553034363588,-31.652028014808479],[152.419531512351085,-31.652142054807211],[152.419377232261411,-31.652959621798082],[152.419066863182195,-31.653850164774187],[152.418637327211258,-31.65404799773351],[152.418238000218963,-31.654376175696743],[152.417892394274332,-31.654296851662266],[152.417709225338626,-31.653994011642052],[152.417191099468653,-31.65352435158777],[152.417119020481977,-31.653494769580494],[152.417039088496693,-31.653461970572412],[152.416977102508127,-31.653436530566132],[152.416959515511365,-31.653429314564356],[152.416478813560559,-31.653526660517922],[152.416152695593922,-31.65359269648642],[152.415992724605871,-31.653657855471202],[152.415493359661383,-31.653725916422722],[152.415253743663641,-31.653940342400798],[152.415071873638425,-31.654303705385633],[152.414591986659445,-31.654610512340817],[152.414053117701883,-31.654814216289466],[152.413504466612693,-31.656009523244435],[152.412945240655972,-31.656226547191185],[152.412623146673127,-31.65640950016094],[152.412550197677234,-31.656449408154074],[152.411585916774641,-31.656654069061002],[152.410928436894352,-31.65639613599463],[152.410402430944799,-31.656527491944011],[152.409870193905761,-31.657332713897745],[152.409434327845503,-31.658203264861399],[152.408458347887233,-31.658834502770318],[152.408324765857145,-31.659188399759831],[152.408424318783517,-31.659641232772923],[152.407888379777148,-31.660206443724537],[152.407595820735679,-31.660798369700206],[152.407724667595147,-31.661722366719641],[152.408054325506299,-31.662066880754494],[152.408012346463295,-31.662428118753031],[152.408791593312543,-31.662800010832193],[152.409047396197138,-31.663413900861784],[152.408634775212562,-31.663697419823407],[152.408615833156347,-31.664135067824759],[152.408865210071184,-31.664529411852108],[152.409097870019991,-31.6646865778761],[152.408604626019041,-31.665170252831281],[152.408389865985725,-31.665626005813575],[152.408294197835204,-31.666841176813122],[152.4074686398518,-31.667515010737137],[152.407144644825678,-31.668022977709096],[152.40714498482555,-31.668023811709133],[152.407216830793288,-31.668194853717445],[152.407094902810201,-31.668186372705424],[152.405671397029266,-31.667927728563942],[152.405657512031411,-31.667925209562558],[152.405240356110227,-31.667740164520289],[152.405024890172228,-31.66748585649729],[152.404272535292819,-31.667313119422264],[152.403857854407164,-31.666860842378277],[152.403773826414323,-31.666888522370229],[152.403119913491935,-31.666941363306517],[152.4023348406281,-31.666684052227655],[152.402184057647759,-31.666683262212871],[152.401848598685746,-31.66672368918028],[152.401879236640298,-31.667033304185551],[152.40204480959045,-31.667245167203337],[152.401605689596778,-31.667622648163071],[152.401253602638832,-31.667648920128748],[152.400618263740398,-31.667504922065408],[152.400401380781886,-31.66740531404341],[152.399424814080589,-31.666120149938227],[152.39934394313255,-31.665810274928017],[152.399011613215407,-31.665513127893259],[152.398728245273048,-31.665356912864336],[152.397723168405804,-31.665337530765658],[152.397249878407166,-31.66578514472257],[152.391747579228451,-31.664974244177323],[152.391763867251598,-31.664785427177538],[152.391919268297329,-31.664293943189151],[152.392206708297579,-31.66401416021526],[152.392109881362956,-31.663619791202873],[152.392527512291622,-31.663748613244746],[152.392781453296237,-31.663468642267567],[152.392716949340411,-31.663201050259271],[152.392405364477128,-31.662482015223464],[152.392749781566039,-31.661485161249882],[152.393291664578385,-31.660869140298455],[152.393728811544065,-31.660702672340072],[152.393881029545014,-31.660548752353861],[152.393884041546414,-31.660535333354051],[152.39493501103891,-31.65584326742254],[152.390130937749831,-31.655178878946852],[152.385510893433519,-31.654539937489471],[152.385796491592146,-31.653079305506708],[152.385814401602062,-31.652987748507783],[152.385838703615605,-31.652863453509251],[152.386121647772711,-31.651416412526324],[152.382205707476487,-31.649946001131877],[152.381585471499506,-31.650373903074264],[152.38152188050563,-31.650389680068145],[152.381459437511211,-31.650408083062178],[152.381347782519356,-31.650455457051581],[152.381241326524702,-31.650518473041618],[152.381136985528798,-31.650588491031911],[152.381031667533307,-31.650656885022094],[152.380922279539675,-31.650715034011807],[152.380810463547988,-31.650761010001194],[152.380696145557351,-31.650801625990294],[152.38058018756746,-31.650838439979204],[152.380463431577937,-31.65087300496802],[152.380362595587087,-31.650902289958367],[152.380346747588504,-31.650906888956857],[152.380270526595353,-31.650929405949544],[152.380194162602265,-31.650951752942238],[152.380117547609302,-31.650973077934882],[152.380040546616698,-31.650992520927485],[152.379963062624483,-31.651009201920019],[152.379866905634714,-31.651025686910714],[152.379769915645539,-31.65103852290131],[152.379672396656872,-31.651048230891831],[152.379574662668574,-31.651055347882313],[152.379477044680527,-31.651060367872784],[152.379313774701501,-31.651061487856797],[152.37915006672381,-31.651053365840706],[152.37898614174685,-31.651039578824548],[152.378822217770193,-31.651023676808375],[152.378658508793364,-31.651009217792225],[152.378515211813692,-31.650996111778106],[152.378372038834272,-31.650980558763965],[152.378228884854877,-31.650965167749835],[152.37808566687508,-31.650952528735719],[152.377942305894635,-31.650945266721614],[152.377883484902355,-31.650944298715846],[152.377824653910011,-31.650944173710091],[152.377765805917562,-31.65094454070433],[152.377706956925124,-31.650945024698572],[152.377648117932722,-31.650945266692805],[152.377601944938817,-31.650944298688277],[152.37755564594508,-31.650942370683733],[152.377509417951245,-31.650940918679186],[152.377463441957161,-31.650941402674682],[152.377417913962518,-31.650945265670256],[152.377371112967467,-31.650953333665736],[152.377324598972024,-31.65096449366127],[152.377278452976157,-31.650978019656829],[152.377232798980089,-31.650993168652484],[152.377187700983768,-31.651009223648181],[152.377096707990432,-31.65104737363955],[152.377008250995743,-31.651093134631214],[152.37692181200012,-31.651144130623134],[152.376836851003901,-31.65119795861521],[152.376752849007545,-31.65125222660739],[152.376690460010025,-31.651294141601575],[152.376629299012052,-31.651337966595907],[152.376568648013915,-31.651382579590301],[152.376507756015883,-31.651426852584652],[152.376445905018187,-31.651469646578917],[152.376410855019259,-31.651495319575677],[152.376376102020089,-31.651522945572474],[152.376340972021097,-31.651549228569223],[152.376304784022864,-31.651570929565835],[152.376266858025957,-31.65158476156223],[152.376214257032444,-31.651587019557098],[152.376158098041344,-31.6515748735515],[152.376100110051652,-31.65155391554568],[152.37604199706243,-31.651529766539802],[152.375985470072635,-31.651508020534106],[152.375923511083897,-31.651483844527863],[152.375862736095513,-31.651455894521703],[152.375802238107156,-31.651427245515563],[152.375741140118578,-31.651400963509392],[152.375678517129472,-31.651380130503103],[152.375594077142836,-31.651362077494699],[152.375507458155539,-31.651351194486143],[152.375419566167665,-31.651345502477486],[152.375331334179407,-31.651343019468833],[152.375243675190916,-31.651341764460238],[152.375138895204117,-31.651344578449997],[152.375034053216467,-31.6513536314398],[152.374929165228536,-31.651365114429609],[152.374824233240759,-31.651375216419407],[152.374719292253673,-31.651380128409173],[152.374644757263155,-31.651381571401878],[152.374569827272637,-31.651383068394559],[152.374495067282396,-31.651382548387222],[152.374421070292584,-31.651377985379938],[152.374348399303415,-31.651367345372744],[152.374293548312238,-31.651354437367278],[152.374239227321425,-31.651338275361848],[152.374185470330872,-31.651319611356438],[152.37413232334049,-31.651299209351095],[152.374079812350175,-31.651277821345793],[152.374004371364464,-31.651243964338157],[152.373930383379076,-31.65120628033063],[152.373857658393916,-31.651165718323202],[152.373786027408897,-31.651123166315884],[152.373715311423894,-31.651079592308637],[152.373654804436853,-31.651041199302426],[152.373594934449898,-31.651001641296268],[152.373535897463,-31.650960810290197],[152.37347789147617,-31.65091860728419],[152.373421150489349,-31.650874953278322],[152.373382659498816,-31.650841481274302],[152.373345718508375,-31.650805697270432],[152.373308841517911,-31.65077002026656],[152.373270529527332,-31.650736872262566],[152.373229303536448,-31.650708680258319],[152.37316865354822,-31.650679314252166],[152.373103225559703,-31.650656922245588],[152.373034875570738,-31.650640240238765],[152.372965440581368,-31.650628075231886],[152.372896776591432,-31.650619156225087],[152.372828372600964,-31.650614342218354],[152.372759224609922,-31.650614486211587],[152.372689745618374,-31.650618313204816],[152.372620354626548,-31.650624561198061],[152.372551457634472,-31.650631947191371],[152.372481870642275,-31.650640821184631],[152.372412453649787,-31.650651936177919],[152.372343287656975,-31.650664997171233],[152.372274489663909,-31.650679760164607],[152.372206129670616,-31.650695895158034],[152.37213915967655,-31.650716593151614],[152.372006788686832,-31.650767624139039],[152.371940518692668,-31.650787972132687],[152.371873593699945,-31.650798218126223],[152.371827070705791,-31.650799742121674],[152.371779578712022,-31.650798908117014],[152.371732338718715,-31.650794758112365],[152.371686533725779,-31.65078632210782],[152.37164338073319,-31.650772643103483],[152.371594607743049,-31.650746424098521],[152.371549214753685,-31.65071073809381],[152.371506465764753,-31.650668966089327],[152.371465625776011,-31.650624523084986],[152.371425960787008,-31.650580787080791],[152.371349148809742,-31.650485151072569],[152.371282680832451,-31.650379690065289],[152.371222640855137,-31.650268339058581],[152.371165118877769,-31.650155026052115],[152.371106217900262,-31.650043622045533],[152.371083287909443,-31.649997224042938],[152.371062356918628,-31.649948863040532],[152.371040735927778,-31.649901310038061],[152.371015726936946,-31.64985734103529],[152.370984594946009,-31.649819711031967],[152.370959719952054,-31.649798457029384],[152.370932585958144,-31.649779373026579],[152.370903837964164,-31.64976205402364],[152.370874238970146,-31.649746134020628],[152.370846782975519,-31.649732375017834],[152.370844496975991,-31.64973122701759],[152.370827222979329,-31.649722900015849],[152.370809734982657,-31.649714886014074],[152.370792048985948,-31.649707365012301],[152.370774138989191,-31.649700463010493],[152.370756013992349,-31.649694367008671],[152.370731532996473,-31.64968721400621],[152.370706506000545,-31.649681002003724],[152.370681200004469,-31.64967615200122],[152.370655832008197,-31.649673086998707],[152.370630662011536,-31.649672252996229],[152.370600964015011,-31.649674807993346],[152.370571186018083,-31.649680839990481],[152.370541515020818,-31.649689265987632],[152.370512122023314,-31.649699045984818],[152.370483195025685,-31.649709111982062],[152.370416270030546,-31.649737608975716],[152.370351918034004,-31.649773965969686],[152.370289331036588,-31.649815262963855],[152.370227677038798,-31.649858522958137],[152.370166131041088,-31.649900823952425],[152.370108376043106,-31.649942030947081],[152.370052190044476,-31.649985881941898],[152.36999612004584,-31.650029769936733],[152.369938723047767,-31.650071102931417],[152.369878566050716,-31.650107289925785],[152.369811354055031,-31.65013996291945],[152.369741605060199,-31.650168692912832],[152.369670082066165,-31.650193620906016],[152.36959751007268,-31.650214892899065],[152.369524641079749,-31.650232640892064],[152.369433442089758,-31.650245942883231],[152.369340288101313,-31.650249985874144],[152.369246283113426,-31.650250334864939],[152.369152520125255,-31.650252521855776],[152.369060093135943,-31.650262140846788],[152.368997497142544,-31.650273425840751],[152.368935072148872,-31.650286459834717],[152.368872988154919,-31.650301222828762],[152.36881138716069,-31.650317707822854],[152.368750423166176,-31.65033587681701],[152.368662926173414,-31.650366614808668],[152.368576907179744,-31.650402200800514],[152.368491866185593,-31.650440835792477],[152.368407318191203,-31.650480769784497],[152.36832275219686,-31.650520219776507],[152.368228235202992,-31.650565864767582],[152.368134804208637,-31.650614098758787],[152.368041444214271,-31.650662378750006],[152.367947134220373,-31.650708130741112],[152.367850852227406,-31.650748808731983],[152.367701073239886,-31.650800243717697],[152.367547475254099,-31.650842920702974],[152.367391322269555,-31.650878319687955],[152.367233942285964,-31.650907890672752],[152.367076624302939,-31.650933141657546],[152.366923000320412,-31.650951580642644],[152.366768308338919,-31.650962946627576],[152.366613017357992,-31.650970260612432],[152.36645756337731,-31.650976526597251],[152.366302415396291,-31.650984763582123],[152.366212435407164,-31.650990509573358],[152.366122454418047,-31.650996057564591],[152.366032474428977,-31.651001678555826],[152.365942530439838,-31.651007656547073],[152.365852621450586,-31.651014263538297],[152.365741414464054,-31.651021218527479],[152.365629759477741,-31.65102684851659],[152.36551840849117,-31.651034153505734],[152.365408107503868,-31.651046155495038],[152.365299625515263,-31.651065876484552],[152.365208775523996,-31.651088617475825],[152.365118364532123,-31.651115303467176],[152.365029137539551,-31.651146121458666],[152.364941845546156,-31.651181214450379],[152.364857216551826,-31.651220727442382],[152.364795365555068,-31.651256458436592],[152.364735952557311,-31.651297145431077],[152.364677229559277,-31.65133913242563],[152.364617457561735,-31.651378797420069],[152.364554897565313,-31.651412448414199],[152.364451749573817,-31.651448725404371],[152.364342729584905,-31.651471672393864],[152.364230706597169,-31.651488291383021],[152.36411859460938,-31.651505547372174],[152.364009260620179,-31.65153043036166],[152.363875939632067,-31.651570615348909],[152.363743075643356,-31.651614691336224],[152.36361199465378,-31.651663750323745],[152.363483989662996,-31.651718852311632],[152.363360384670671,-31.651781133299984],[152.36326392367576,-31.651836360290943],[152.3631691836801,-31.651895737282114],[152.363076961683561,-31.651959210273553],[152.362988047686031,-31.652026718265358],[152.362903239687427,-31.652098196257569],[152.362839523687825,-31.652156793251773],[152.36277756468769,-31.652217847246146],[152.362717980686966,-31.652281320240771],[152.362661354685457,-31.65234715223572],[152.362608296683192,-31.652415269231039],[152.362551617679458,-31.652498158226102],[152.36249983267453,-31.652584983221665],[152.362452054668751,-31.652674605217651],[152.362407395662302,-31.652765884213942],[152.362364968655555,-31.652857684210467],[152.362331720648939,-31.65293927420781],[152.362302668641519,-31.653022800205587],[152.362274754633859,-31.653106828203462],[152.362244931626634,-31.653189906201163],[152.362210132620362,-31.653270600198347],[152.362197278618027,-31.653300593197315],[152.362185176615355,-31.653331994196364],[152.36217213461299,-31.65336240819531],[152.362156447611397,-31.653389444193976],[152.362136394611184,-31.653410706192169],[152.362111456612354,-31.653425936189837],[152.362082180614607,-31.653437454187056],[152.362050618617673,-31.653445056184015],[152.362018849621307,-31.653448516180937],[152.361988928625323,-31.653447584178],[152.361959051630038,-31.653441210175032],[152.361928860635544,-31.653429467171975],[152.361899602641444,-31.653413538169005],[152.361872513647484,-31.653394597166216],[152.361848839653334,-31.653373855163753],[152.361824977660717,-31.653341746161164],[152.361807793668106,-31.653302896159207],[152.361794401675553,-31.653260192157582],[152.36178201368304,-31.653216510156046],[152.361767716690451,-31.653174756154343],[152.361725890709039,-31.653076529149526],[152.36168235372773,-31.652978750144552],[152.361639837746367,-31.65288068413965],[152.361601023764621,-31.652781588135131],[152.361568628782322,-31.652680716131226],[152.361563509786265,-31.652656379130544],[152.361559924790072,-31.652631083130004],[152.361555935793945,-31.652606163129416],[152.361549633797864,-31.65258294612865],[152.361539128801923,-31.652562741127458],[152.361518080807258,-31.652543101125261],[152.361489862812903,-31.652528427122387],[152.36145743081866,-31.652516935119127],[152.361423717824351,-31.652506842115763],[152.361391662829931,-31.652496381112542],[152.361324746841433,-31.652474867105834],[152.361255902852605,-31.652458221098978],[152.361185858863422,-31.652444954092022],[152.361115348874051,-31.652433597085032],[152.36104510688466,-31.652422652078076],[152.360979785894045,-31.652415507071634],[152.360913452903048,-31.652412181065127],[152.360847343912098,-31.652408739058618],[152.360782677921492,-31.652401245052239],[152.36072066493162,-31.652385782046057],[152.360683544938212,-31.652372103042325],[152.360646729945046,-31.652356560038609],[152.360610766952078,-31.652338981034958],[152.36057624695917,-31.652319278031424],[152.360543698966325,-31.652297290028084],[152.360496153979028,-31.652248355023072],[152.360457841992201,-31.652186970018874],[152.360422659005536,-31.652121309014944],[152.360384491018777,-31.652059520010749],[152.360337242031505,-31.652009725005755],[152.360303510039131,-31.651985379002284],[152.360267735046847,-31.651962628998611],[152.360230400054377,-31.65194249599481],[152.360191954061548,-31.651925911990919],[152.360152898068179,-31.65191387298702],[152.360104412075572,-31.651905921982205],[152.360053425082413,-31.651904110977206],[152.360001640088626,-31.651907759972154],[152.359950680094073,-31.651916158967236],[152.359902203098699,-31.651928618962582],[152.359854003102583,-31.651945999958006],[152.359806216105767,-31.651968525953485],[152.359760419108113,-31.651995632949202],[152.359718154109459,-31.652026764945287],[152.35968099810961,-31.65206134794191],[152.35965136310827,-31.652099847939297],[152.359627179105559,-31.65214347493724],[152.359606032102079,-31.652189962935527],[152.359585460098458,-31.652237076933858],[152.359563023095262,-31.652282559931994],[152.359529874091635,-31.652341972929193],[152.35949618708807,-31.652401098926326],[152.359462115084597,-31.652460001923419],[152.359427810081172,-31.652518777920502],[152.359393451077807,-31.652577500917563],[152.359362534074336,-31.652633319914941],[152.359332720070597,-31.652690105912438],[152.359302125067046,-31.652746264909879],[152.359268914064103,-31.652800209907017],[152.359231220062298,-31.652850327903693],[152.359168409062079,-31.652912904898013],[152.359096617063983,-31.652968041891388],[152.359019356067279,-31.653018437884199],[152.358940160071057,-31.653066788876789],[152.35886254907453,-31.653115776869576],[152.358780762076918,-31.653176848862014],[152.358697200078666,-31.653244947854333],[152.358613234081133,-31.653307578846569],[152.358530246085934,-31.65335225483879],[152.358449624094447,-31.653366489830997],[152.358416125099239,-31.653363199827705],[152.358382098104443,-31.653357435824322],[152.358348591109888,-31.653348892820976],[152.358316679115603,-31.653337266817775],[152.358287412121399,-31.653322242814799],[152.358261345127204,-31.653303974812115],[152.358236730133314,-31.653282173809544],[152.358214078139525,-31.653257711807147],[152.358193945145615,-31.653231455804985],[152.358176806151477,-31.653204268803115],[152.358161657160281,-31.653153119801249],[152.358161299168273,-31.653093948800777],[152.358166292175952,-31.653031586800804],[152.358167233183934,-31.65297089180045],[152.358154684192812,-31.652916695798829],[152.358139131198982,-31.652885653797085],[152.358120800205455,-31.652855157795052],[152.358099923212023,-31.652826177792797],[152.358076725218552,-31.652799679790341],[152.35805145522491,-31.652776597787703],[152.358018324232205,-31.65275433078428],[152.357981034239458,-31.652736214780504],[152.357941145246542,-31.652721863776495],[152.357900189253314,-31.652710882772404],[152.357859725259601,-31.652702859768382],[152.357819172265209,-31.652700188764399],[152.357777696270205,-31.652703182760355],[152.357735870274951,-31.652708246756312],[152.357694206279831,-31.652711796752254],[152.357653267285372,-31.652710236748245],[152.357620298290414,-31.652704706744963],[152.357587472295677,-31.652697086741696],[152.357554933301088,-31.652687808738445],[152.357522752306664,-31.652677312735225],[152.357491055312266,-31.652665990732039],[152.357447096320499,-31.652647184727588],[152.357404419328986,-31.65262497172326],[152.357362333337647,-31.652601100718975],[152.357320167346245,-31.652577327714656],[152.357277220354746,-31.652555392710291],[152.357216552366367,-31.652527264704158],[152.357155311377937,-31.652500004697956],[152.357093442389413,-31.652474268691723],[152.357030864400656,-31.652450729685409],[152.356967525411619,-31.652430040679072],[152.356875295426477,-31.652408347669869],[152.356780797440592,-31.652394489660526],[152.35668521445433,-31.652384117651106],[152.356589766468176,-31.652372841641682],[152.35649562648257,-31.652356311632346],[152.356297532515782,-31.652300205612537],[152.356103400550722,-31.652226925593009],[152.355910979586469,-31.652145577573577],[152.355718030622228,-31.652065241554116],[152.355522320656974,-31.651995008534431],[152.355402508677656,-31.651956123522428],[152.355282418698494,-31.651916708510377],[152.355161763719025,-31.651879776498319],[152.355040293738995,-31.651848339486186],[152.354917684757908,-31.651825419474029],[152.354829944770557,-31.651815764465372],[152.354741569782703,-31.65181058345668],[152.354652808794555,-31.651808019447973],[152.354563957806278,-31.651806208439279],[152.354475276818164,-31.651803304430572],[152.354221309852022,-31.651796007405679],[152.353966867885276,-31.651793667380758],[152.353712586918618,-31.651790547355841],[152.353459095952758,-31.651780929330968],[152.353207028988294,-31.651759065306152],[152.35317301999325,-31.651755202302795],[152.35313898399815,-31.651751428299434],[152.353104983003078,-31.65174738529608],[152.353071117008085,-31.651742679292738],[152.353037440013253,-31.651736960289394],[152.352871445041245,-31.651688196272797],[152.35270947607242,-31.651611858256388],[152.352551612105515,-31.651517136240241],[152.352397916139324,-31.651413217224441],[152.352248469172565,-31.651309288209049],[152.352132897198629,-31.651226336197134],[152.352020991224776,-31.651139322185553],[152.351953304240652,-31.651086040178534],[152.351885797256557,-31.651032525171534],[152.351818469272445,-31.650978759164552],[152.351751338288381,-31.650924769157569],[152.351684395304261,-31.650870555150636],[152.351633453316282,-31.650830110145353],[152.351582045328286,-31.650790112140026],[152.351531040340319,-31.650749703134746],[152.351481290352297,-31.650707985129568],[152.35143369236431,-31.650664097124576],[152.351381109378934,-31.650606019119014],[152.351332928393532,-31.650543352113846],[152.351285957408152,-31.650479502108777],[152.351237041422763,-31.650417830103535],[152.351182989437262,-31.650361778097835],[152.351119121452399,-31.650310011091211],[152.351050591467526,-31.650263389084163],[152.350979337482556,-31.650219788076864],[152.350907303497621,-31.650177093069502],[152.350836434512644,-31.650133196062253],[152.350766623527733,-31.650088027055084],[152.3506966775428,-31.650043072047918],[152.350626606557881,-31.649998315040719],[152.350556391572923,-31.649953764033533],[152.35048605158795,-31.649909429026323],[152.350473869590218,-31.649904238025091],[152.350461759592832,-31.649896350023852],[152.350450607595604,-31.649886517022697],[152.350441249598248,-31.649875500021693],[152.350434571600687,-31.649864062020956],[152.350439187602035,-31.64984937902129],[152.350458308602356,-31.649828583023016],[152.350485441602132,-31.649804057025499],[152.350514108601828,-31.649778223028104],[152.350537800602126,-31.64975345603024],[152.350569461603556,-31.649712025033022],[152.350599006605506,-31.649668693035608],[152.350626732607907,-31.649623963037985],[152.350652933610604,-31.649578327040206],[152.350677898613526,-31.649532253042313],[152.350695772615865,-31.649497670043822],[152.350712929618311,-31.649462657045227],[152.350729262620916,-31.649427231046563],[152.350744653623735,-31.649391429047817],[152.350759004626696,-31.649355277048951],[152.350796276639898,-31.649220280051608],[152.350814653656556,-31.64907818405236],[152.35082250567504,-31.64893205405205],[152.350828197693943,-31.648784982051513],[152.3508401027118,-31.648640044051618],[152.350856963732753,-31.648466914051994],[152.350869818754489,-31.64829207205198],[152.350886025775623,-31.648118252052285],[152.350912988794875,-31.647948215053656],[152.350958068810911,-31.647784695056874],[152.350990769818111,-31.647699296059439],[152.351027512824601,-31.647615052062417],[152.351067823830476,-31.647532208065758],[152.351111200835703,-31.647451030069398],[152.351157149840333,-31.647371780073307],[152.351218212845623,-31.647273239078558],[152.351283416850151,-31.647175945084218],[152.351353478853639,-31.647082200090384],[152.351429125855589,-31.646994317097153],[152.351511074855608,-31.646914610104567],[152.351585896854345,-31.646852051111434],[152.351665353851956,-31.646792656118777],[152.35174868284841,-31.646738738126533],[152.351835139843359,-31.646692591134645],[152.351923981836677,-31.646656530143073],[152.351972799832396,-31.646641112147737],[152.352022665827775,-31.64662768415252],[152.352073204822688,-31.646616802157393],[152.352124003817124,-31.646609030162306],[152.352174685811121,-31.64660490716722],[152.352215821805657,-31.646605920171258],[152.35223349881818,-31.646495143172178],[152.353314315475245,-31.640534118234072],[152.353323513480802,-31.640483382234596],[152.353331616485718,-31.640438715235064],[152.353345062493901,-31.640364503235826],[152.353356124500664,-31.640303512236468],[152.353648995678697,-31.638688083253239],[152.354461906172929,-31.634203913299778],[152.355638340888277,-31.627713714367129],[152.355659002900836,-31.627599648368314],[152.355672654909171,-31.627524288369091],[152.356132579188852,-31.624986733395435],[152.349806069128221,-31.624080577769753],[152.347040562538837,-31.623684354496302],[152.347092186570251,-31.623399390499241],[152.347529826836393,-31.620983628524282],[152.347564041857197,-31.620794757526234],[152.347579396865797,-31.620715453527144],[152.347600121877434,-31.620608423528392],[152.348433595344687,-31.616303963578243],[152.343481690079784,-31.615594400088632],[152.341121622430109,-31.615256219855326],[152.335189543310634,-31.614406521268993],[152.333756534562895,-31.621394880180329],[152.33340978938196,-31.623085888158879],[152.333392112372735,-31.623172094157781],[152.333200131406386,-31.623106029138526],[152.332573372514219,-31.62290566507578],[152.332268157509162,-31.623239214048386],[152.331680973597742,-31.623144749990288],[152.330710105722972,-31.623147266895401],[152.33041356874466,-31.62327212486732],[152.330111008766806,-31.623399528838686],[152.330102608767419,-31.623403060837898],[152.330100780767651,-31.623403033837718],[152.329843586801417,-31.623399528812541],[152.329194182886596,-31.623390670749004],[152.328000828043855,-31.623369162632198],[152.328000497043888,-31.62336896563216],[152.327665164113967,-31.62316896959792],[152.326635025329239,-31.622554568492703],[152.325907877482791,-31.622108949418351],[152.325134556611857,-31.621891589341168],[152.324110037740013,-31.621924252241271],[152.323343313825518,-31.622026833167112],[152.322776459881794,-31.622154596112637],[152.321887941938257,-31.62259277002903],[152.321823526943916,-31.622612948022898],[152.321736692951504,-31.622640162014616],[152.321076129005519,-31.622875750951788],[152.320278677064067,-31.623210131876327],[152.31944571817985,-31.623150160794488],[152.319120227207321,-31.623259493763491],[152.31911921418876,-31.62339960876443],[152.319114373100604,-31.624064716768842],[152.318808567089775,-31.624442573741753],[152.31754092822996,-31.624620926619205],[152.315313221553168,-31.624359092399633],[152.315161362566698,-31.624404548385126],[152.315028910537023,-31.624755558374773],[152.314868705399761,-31.625939436367823],[152.3142026633802,-31.626731857308584],[152.311730945628995,-31.627264651071059],[152.311018785761178,-31.626964624999289],[152.310471857923687,-31.626276747940796],[152.30998384096992,-31.626403694894062],[152.30972945194398,-31.626844863872481],[152.309630220933883,-31.627016944864032],[152.309622045933054,-31.627031134863351],[152.309526659945561,-31.627029466854012],[152.309397999962556,-31.627027234841432],[152.309256155080988,-31.62627682582206],[152.308374227409473,-31.624670016724099],[152.309067322487863,-31.623410179782521],[152.310017064272643,-31.624102180880381],[152.312406869008242,-31.623766496111333],[152.312666124979643,-31.623729413136392],[152.312860687998494,-31.623399665152974],[152.312924637002169,-31.623309882158562],[152.313192500079964,-31.622467217178524],[152.311887042624875,-31.619648436030257],[152.312426737625685,-31.619119097079079],[152.312931705662095,-31.618356739122806],[152.313629443766217,-31.616899245180242],[152.313637439767433,-31.616882545180893],[152.313708829857489,-31.616138258182382],[152.316124476915064,-31.61336466839796],[152.317425847946168,-31.611870467514116],[152.317099954129247,-31.610813695474498],[152.317130512187674,-31.610346269474046],[152.317059222291761,-31.609634978461845],[152.317598943334502,-31.60879157850837],[152.317639666547478,-31.6071556095003],[152.317782247573774,-31.606820285511759],[152.317879175592594,-31.606585277519503],[152.317972812610776,-31.606358318526979],[152.317405636835787,-31.605221068463191],[152.317547993302099,-31.601587193450346],[152.318953714344332,-31.599908289575328],[152.319035609347111,-31.599808117582604],[152.319132850328714,-31.599851888592422],[152.319318727293393,-31.599936643611212],[152.31950533025821,-31.600019479630042],[152.319693600223502,-31.600097421649018],[152.319884479189426,-31.600167565668194],[152.320122508149126,-31.600239079691981],[152.320364786109963,-31.600297964716098],[152.320609395071443,-31.600350018740372],[152.320854425032962,-31.600401033764694],[152.321097957994027,-31.600456798788901],[152.321249466969135,-31.600496545804006],[152.321400535944036,-31.600538514819068],[152.32155169591897,-31.600579901834148],[152.321703464894284,-31.600617882849257],[152.321856371870268,-31.600649623864435],[152.321960676854189,-31.600669246874769],[152.322065554838048,-31.600688760885163],[152.322170675822235,-31.600705353895556],[152.322275723807223,-31.600716199905904],[152.322380369793393,-31.600718485916147],[152.322491154780323,-31.600709118926904],[152.322601770768614,-31.600689694937568],[152.322712152757731,-31.600663949948164],[152.322822239747353,-31.600635578958713],[152.322931949736784,-31.600608292969238],[152.322987615731222,-31.60059608497459],[152.323043541725553,-31.600584368979966],[152.323099216720038,-31.600571872985309],[152.323154121714879,-31.600557315990564],[152.323207734710309,-31.600539423995691],[152.323298530704164,-31.600497723004249],[152.323385597699883,-31.600445562012382],[152.323470002696837,-31.600386705020192],[152.323552847694344,-31.600324898027836],[152.323635208691826,-31.600263944035426],[152.323701308689522,-31.600217403041544],[152.323767812687151,-31.600170763047704],[152.323832971685164,-31.600122582053718],[152.32389507468389,-31.600071479059409],[152.323952371683902,-31.600016010064603],[152.324017262686425,-31.599934330070337],[152.32407280269129,-31.599844036075112],[152.324123467697405,-31.599749126079356],[152.324173755703669,-31.599653606083571],[152.324228157708944,-31.599561483088213],[152.324289578713262,-31.599469262093525],[152.324352640717308,-31.599378107099017],[152.32441670572112,-31.599287607104625],[152.324481129724802,-31.599197349110252],[152.32454530372857,-31.59910693811586],[152.324564817729708,-31.599079293117569],[152.324592041731364,-31.59904072111993],[152.324638887734153,-31.598974576124029],[152.324685822736882,-31.598908485128131],[152.324732766739629,-31.598842421132229],[152.324779729742374,-31.598776365136331],[152.325042803758492,-31.598401008159282],[152.325303960774988,-31.598024029182028],[152.325567358791005,-31.597648770205005],[152.325837093805546,-31.597278603228645],[152.326117307817611,-31.596916889253375],[152.326199525819675,-31.596821504260706],[152.326285713820965,-31.596728539268447],[152.326370781822419,-31.596635053276067],[152.326449638825181,-31.596538126283065],[152.326517190830259,-31.596434798288904],[152.326547973834465,-31.596373270291465],[152.326574739839515,-31.596309509293611],[152.326599901844872,-31.596244843295597],[152.326625879850127,-31.596180571297655],[152.326655083854718,-31.596118003300056],[152.32669170185855,-31.59605358830315],[152.32673191486171,-31.595991001306622],[152.326773130864638,-31.595928944310195],[152.326812742867901,-31.595866124313609],[152.326848141872034,-31.595801207316587],[152.326880196877511,-31.59572902031918],[152.326908253883772,-31.595654888321381],[152.326934070890445,-31.595579653323359],[152.326959402897273,-31.595504186325268],[152.326986034903797,-31.595429310327322],[152.327015265910745,-31.595348930329585],[152.327043789917838,-31.595268200331788],[152.32707286892483,-31.595187722334039],[152.327103749931439,-31.595108077336466],[152.327137714937521,-31.595029875339215],[152.32716265194145,-31.594976091341245],[152.327188145945286,-31.594922352343353],[152.327214956948893,-31.594869339345589],[152.327243865952084,-31.59481772534803],[152.32727560795459,-31.594768172350758],[152.327321323956681,-31.594708257354789],[152.327371925957721,-31.594651524359318],[152.327425879957985,-31.594597202364195],[152.327481626957791,-31.594544521369251],[152.327537606957492,-31.594492691374334],[152.327595468957071,-31.594439813379619],[152.327654586956328,-31.594388028385005],[152.3277151119552,-31.594337893390552],[152.327777186953568,-31.594289944396262],[152.327840974951386,-31.59424475740218],[152.327942177946568,-31.594182700411611],[152.328048275940233,-31.594127571421573],[152.32815753793281,-31.594077310431885],[152.328268269924848,-31.594029828442352],[152.328378768916792,-31.593983054452814],[152.328488523908334,-31.593940171463228],[152.328600322899035,-31.59390180547387],[152.328712407889554,-31.593864228484545],[152.328822996880689,-31.593823693495054],[152.328930339873097,-31.593776444505195],[152.329020741866941,-31.593735031513734],[152.329114639860364,-31.593693321522601],[152.329204691854869,-31.593647533531069],[152.329283601851813,-31.593593857538391],[152.329344018852737,-31.593528501543819],[152.329375150856521,-31.593470011546433],[152.329397291862307,-31.593405148548115],[152.329413534869389,-31.593336475549194],[152.329426926876977,-31.593266556549992],[152.329440552884364,-31.593197936550823],[152.329459340892583,-31.593118300552074],[152.329478407900922,-31.593037284553329],[152.329493592909813,-31.592956133554225],[152.329500745919546,-31.592876121554315],[152.329495708930523,-31.592798493553261],[152.329471236944784,-31.592715217550257],[152.329430244960889,-31.59263449654566],[152.329379418977993,-31.592555488540103],[152.329325473995397,-31.592477295534259],[152.329275070012358,-31.592399057528755],[152.329240263024616,-31.592340576524933],[152.329204998036971,-31.592282346521049],[152.329169205049283,-31.592224439517128],[152.329132830061695,-31.592166908513153],[152.329095817074062,-31.592109808509111],[152.329034110093943,-31.592020517502426],[152.328969515113982,-31.59193311049545],[152.328904069133984,-31.591846285488419],[152.328839771154009,-31.591758688481491],[152.328778655173863,-31.591669049474859],[152.328729604190698,-31.591590560469481],[152.328682391207394,-31.59151087946428],[152.32863626222408,-31.591430499459179],[152.328590456240732,-31.591349913454113],[152.328544229257432,-31.591269614449004],[152.328481894279349,-31.591165739442147],[152.328418285301325,-31.591062456435171],[152.328355511323309,-31.590958761428269],[152.328295667345031,-31.590853676421645],[152.328240862366471,-31.5907462164155],[152.328183116390619,-31.590620953408941],[152.328128633414707,-31.590493225402664],[152.328079573438373,-31.590363391396902],[152.328038124461273,-31.590231818391889],[152.328006437483111,-31.590098846387814],[152.327992408495788,-31.590017184385829],[152.327981723508202,-31.589934716384185],[152.32797390752026,-31.589851763382814],[152.32796851053206,-31.589768631381681],[152.327965068543534,-31.589685634380722],[152.327961707560291,-31.589563554379499],[152.327961232576797,-31.589440165378537],[152.327966566592522,-31.589317197378154],[152.327980657606815,-31.589196416378641],[152.328006438619099,-31.589079589380304],[152.328037157627904,-31.588983567382609],[152.328074672635807,-31.588888190385571],[152.328118882642457,-31.588795377389207],[152.328169708647692,-31.588707020393514],[152.328227069651206,-31.588625053398527],[152.328311025652653,-31.588532796406056],[152.328408572651085,-31.588449960414973],[152.328515153647373,-31.588374690424832],[152.328626226642342,-31.58830511143519],[152.328737272636772,-31.58823937944555],[152.328877845628796,-31.588163042458735],[152.32902422761893,-31.58809505947255],[152.329174795607486,-31.588034938486818],[152.329327900594734,-31.5879821945014],[152.329481910580967,-31.587936352516106],[152.329646435564911,-31.5878973505319],[152.329813963547139,-31.587868369548076],[152.329983346528167,-31.587846497564474],[152.330153438508574,-31.587828803580958],[152.330323063488891,-31.587812372597419],[152.330458060473319,-31.58779809361052],[152.330593523457708,-31.587783894623648],[152.330729067441752,-31.587772699636822],[152.330864271424957,-31.587767446649995],[152.330921174417398,-31.587768970655574],[152.330998748407097,-31.587771050663179],[152.331109435391028,-31.587784362674093],[152.331219548373923,-31.587805885685015],[152.331329474356465,-31.587830392695938],[152.331439596339237,-31.587852659706872],[152.331550319322986,-31.587867459717806],[152.331654668308687,-31.587873627728044],[152.331759448294918,-31.587875500738313],[152.331864461281498,-31.587874281748562],[152.331969482268335,-31.587871198758808],[152.33207431625533,-31.587867451769029],[152.332126746248804,-31.58786541777414],[152.332179167242373,-31.587862997779247],[152.33223157123598,-31.58786021878435],[152.332283947229627,-31.587857099789453],[152.332336315223301,-31.587853683794545],[152.332400165215489,-31.587850448800761],[152.33246435620751,-31.587848090807015],[152.332528332199729,-31.58784457781325],[152.332591546192447,-31.587837934819373],[152.332653469186027,-31.587826129825341],[152.332742893178391,-31.587796817833862],[152.332829844172551,-31.587756184842078],[152.332914822167993,-31.587708173850025],[152.332998348164097,-31.587656720857815],[152.333080933160232,-31.587605751865521],[152.333142516156869,-31.587571060871284],[152.333205748153262,-31.587536908877212],[152.333267151150153,-31.58750081088295],[152.333323230148352,-31.587460302888118],[152.333370514148555,-31.587412919892401],[152.333403332151136,-31.587361681895228],[152.333428243155566,-31.587304213897248],[152.333449156161009,-31.587243437898849],[152.333469979166466,-31.587182276900428],[152.33349461217108,-31.587123670902404],[152.333538894176769,-31.587038207906105],[152.333586304181893,-31.586954152910121],[152.333636422186402,-31.586871487914415],[152.333688745190528,-31.586790255918928],[152.33374281619416,-31.58671045892363],[152.333810234197585,-31.586619357929546],[152.333881972200089,-31.586531278935915],[152.333955844202109,-31.586444668942502],[152.334029690204176,-31.586357987949079],[152.334101339206654,-31.58626969295543],[152.334160591209155,-31.586193561960666],[152.334219547211774,-31.586117170965878],[152.334277839214479,-31.586040268971001],[152.334335092217458,-31.585962631976024],[152.334390911220737,-31.585884026980903],[152.334465823226196,-31.585770588987391],[152.334536943232507,-31.585654504993496],[152.334606459239154,-31.585537319999428],[152.3346765572457,-31.585420492005419],[152.334749425251601,-31.585305521011698],[152.334805531254972,-31.585225930016605],[152.334864558257777,-31.585147934021798],[152.33492312026064,-31.585069813026944],[152.334977809264245,-31.584989774031705],[152.335025220269273,-31.58490609603572],[152.335064446276164,-31.584816689038895],[152.335097120284331,-31.584723903041418],[152.335125321293361,-31.584628975043461],[152.335151209302751,-31.584533186045292],[152.335176891312187,-31.5844377820471],[152.335201201323912,-31.584326567048659],[152.335218609336835,-31.584212545049514],[152.335236277349708,-31.584099034050414],[152.335261349361076,-31.583989360052069],[152.3353009973697,-31.583886839055168],[152.335338834373943,-31.583818193058374],[152.335381969377266,-31.583751474062101],[152.33542960337968,-31.583687409066282],[152.335481003381119,-31.583626687070872],[152.335535414381695,-31.583570035075763],[152.335606256380856,-31.583507413082231],[152.335683445378521,-31.583450349089354],[152.335765205374855,-31.583398429096967],[152.335849745370268,-31.583351225104884],[152.335935297364927,-31.583308333112942],[152.336045500356704,-31.583263424123381],[152.336160525346514,-31.583228500134371],[152.336278356335157,-31.583199502145678],[152.336397004323487,-31.583172369157083],[152.336514449312205,-31.583143048168335],[152.336640734300687,-31.58310708518043],[152.336766928289336,-31.583070055192493],[152.336893419277743,-31.583034477204599],[152.337020573265562,-31.583002870216799],[152.337148757252379,-31.582977763229149],[152.337225498243981,-31.582966280236565],[152.337302597235293,-31.582956662244051],[152.337379938226348,-31.582948648251545],[152.337457395217257,-31.582941988259069],[152.337534862208003,-31.582936431266599],[152.337658636192771,-31.582930757278675],[152.337782716177003,-31.582929135290783],[152.337906965160755,-31.582930363302932],[152.338031232144345,-31.582933196315121],[152.338155374127865,-31.582936432327276],[152.338227158118428,-31.582937929334307],[152.338298977108906,-31.58293938234134],[152.338370760099366,-31.58294146234838],[152.338442427089689,-31.582944841355413],[152.338513897079736,-31.58295020236244],[152.338739493045836,-31.582985915384768],[152.338962919009191,-31.583044369407034],[152.339185225970994,-31.583115275429304],[152.339407513932571,-31.583188323451576],[152.339630841895058,-31.583253223473889],[152.339788365869708,-31.583291015489586],[152.339946677844551,-31.583326154505325],[152.340104828819392,-31.583361679521037],[152.340261868793903,-31.583400628536683],[152.340416837767833,-31.58344604955219],[152.34051994974979,-31.583481331562528],[152.340622156731541,-31.583519374572795],[152.340723843713079,-31.583559067583042],[152.340825351694605,-31.583599271593254],[152.340927047676189,-31.583638874603498],[152.341061919651679,-31.583692129617081],[152.341196235626967,-31.583747043630623],[152.341330676602354,-31.583801499644174],[152.341465951577987,-31.583853383657782],[152.341602733554026,-31.58390057067151],[152.341681947540621,-31.583924396679432],[152.341754958528242,-31.583946349686734],[152.341908771502915,-31.583987449702072],[152.34206369547789,-31.584024955717506],[152.342219247453158,-31.584059915732979],[152.342374942428563,-31.58409340474844],[152.342476826412138,-31.584117939758602],[152.342579141395333,-31.584144948768795],[152.342681545378838,-31.584169321778987],[152.342783662363445,-31.584185976789108],[152.342885135349803,-31.584189813799053],[152.342968732340097,-31.584181871807182],[152.343052366331364,-31.584166355815235],[152.343135579323445,-31.584145155823222],[152.343217886316154,-31.584120200831087],[152.343298821309247,-31.58409339883881],[152.343389734302036,-31.584059469847443],[152.343479158295679,-31.584020602855908],[152.343567238289978,-31.583978041864217],[152.343654162284764,-31.583933015872379],[152.343740082279851,-31.583886788880438],[152.343822855275192,-31.583841664888205],[152.343905323270718,-31.583795302895933],[152.343986384266771,-31.583746709903505],[152.344064971263521,-31.583694888910806],[152.344139973261292,-31.583638864917727],[152.344215369260127,-31.58357462892463],[152.34428766325999,-31.583505893931196],[152.344356740260736,-31.583433473937411],[152.344422454262286,-31.583358158943287],[152.344484700264587,-31.583280745948809],[152.344550128268423,-31.583188667954541],[152.344609766273635,-31.583092027959651],[152.344665647279697,-31.582992518964385],[152.344719807286111,-31.58289187096894],[152.344774272292454,-31.582791770973536],[152.344849131301316,-31.582653035979842],[152.344921120310744,-31.582512704985838],[152.344991523320516,-31.582371495991687],[152.345061648330301,-31.582230124997505],[152.345132804339954,-31.582089310003415],[152.345214879350721,-31.581929187010267],[152.345296890361482,-31.58176902801711],[152.345379242372218,-31.581609048024006],[152.345462302382771,-31.581449445030938],[152.34554647439316,-31.58129043303801],[152.345633093403393,-31.581129781045288],[152.345720706413459,-31.580969649052687],[152.345809127423365,-31.580809965060162],[152.345898193433101,-31.580650612067693],[152.345987725442768,-31.580491556075287],[152.346080242452615,-31.580328313083122],[152.346173369462349,-31.580165411091041],[152.346267123471961,-31.580002859098997],[152.346361505481411,-31.579840683107047],[152.346456550490728,-31.579678901115159],[152.346530090497822,-31.579554383121437],[152.346603855504924,-31.579429990127721],[152.346678085511883,-31.579305875134082],[152.346753006518753,-31.579182181140496],[152.346828859525402,-31.579059079147004],[152.346895309531391,-31.578949835152699],[152.346961069537599,-31.578839919158323],[152.347028075543477,-31.578730900164075],[152.347098271548617,-31.578624363170153],[152.34717360555257,-31.578521905176778],[152.347294690555714,-31.578381099187581],[152.347426478556457,-31.578248397199495],[152.347565285555504,-31.578121360212137],[152.347707427553644,-31.577997559225125],[152.347849263551751,-31.577874528238102],[152.347989379549603,-31.577755093250936],[152.348132381546662,-31.577638920264064],[152.348277015543204,-31.577524630277367],[152.348422070539726,-31.577410797290707],[152.348566300536419,-31.577296022303987],[152.348640002534381,-31.577239899310786],[152.348715711531867,-31.577185506317782],[152.348790417529614,-31.577130243324685],[152.348861116528326,-31.577071538331165],[152.348924831528763,-31.577006783336916],[152.348981645531012,-31.576934641341953],[152.349033242534716,-31.576857165346418],[152.349079863539544,-31.576775817350388],[152.34912177054531,-31.576692058353867],[152.349159230551777,-31.576607348356919],[152.3491984665595,-31.576511425360039],[152.349235209568121,-31.576411728362896],[152.349264745577813,-31.576310390365038],[152.349282369588991,-31.576209590366023],[152.349283346601965,-31.576111489365395],[152.34926731861583,-31.57602310436318],[152.3492378906314,-31.575934827359653],[152.349198547648058,-31.575848028355164],[152.349152777665182,-31.575764126350073],[152.349104076682096,-31.575684498344717],[152.349060000696824,-31.575616587339919],[152.34901243771202,-31.575548900334759],[152.34896070672724,-31.575484862329219],[152.348904153742126,-31.575427913323278],[152.348842077756359,-31.57538148031686],[152.348770769770283,-31.575345928309627],[152.348692119783891,-31.575320139301731],[152.348609131796962,-31.575302489293477],[152.348524816809316,-31.575291337285165],[152.348442177820829,-31.575285071277023],[152.34835160583242,-31.57528595026816],[152.348260263842803,-31.575296339259324],[152.348168696852383,-31.575313164250478],[152.348077461861465,-31.575333377241705],[152.347987131870383,-31.575353940233022],[152.34786455888181,-31.57538684722126],[152.347743750891937,-31.575427731209743],[152.347623562901646,-31.575471439198317],[152.347502826911693,-31.575512835186814],[152.347380396922972,-31.575546772175088],[152.347303835930546,-31.575564028167729],[152.347226879938347,-31.575580180160312],[152.347149592946408,-31.575594594152857],[152.347072045954803,-31.575606624145372],[152.346994292963643,-31.575615641137826],[152.346906436974109,-31.575622086129279],[152.346818042985092,-31.575625116120655],[152.346729451996566,-31.575624927111985],[152.346641005008422,-31.575621709103313],[152.346553033020598,-31.575615649094665],[152.346469686032492,-31.575607160086442],[152.346386411044705,-31.575595901078209],[152.346303458057292,-31.57558200706999],[152.346221026070111,-31.575565585061817],[152.346139355083181,-31.575546778053688],[152.346018315103407,-31.575512293041587],[152.345898986124382,-31.575470494029613],[152.34578086814588,-31.575423908017715],[152.345663503167515,-31.575375036005866],[152.345546407189119,-31.575326405994065],[152.345463777204884,-31.575288443985702],[152.345382143221059,-31.575246178977416],[152.345300454237076,-31.575204970969118],[152.345217663252384,-31.575170225960765],[152.345132721266395,-31.575147340952274],[152.345091737272384,-31.575142446948238],[152.345050207277978,-31.57514064494416],[152.34500849828342,-31.575139909940077],[152.344966932289026,-31.575138232935995],[152.344925886294931,-31.575133571931946],[152.344829031310752,-31.575108992922292],[152.344734102328033,-31.575071280912717],[152.344640716346248,-31.575025205903263],[152.344548495364762,-31.574975509893871],[152.344457026383054,-31.574926968884569],[152.344379470398962,-31.574882623876658],[152.344303868415295,-31.574833429868889],[152.3442284464316,-31.57478437886116],[152.344151400447402,-31.574740436853304],[152.344070940462331,-31.574706588845181],[152.344006776472895,-31.574689386838781],[152.34394084648298,-31.574677571832236],[152.343873903492778,-31.574668849825642],[152.343806700502512,-31.574660925818996],[152.343739991512365,-31.574651504812405],[152.343500321548731,-31.574611049788672],[152.343260715585131,-31.574569984764921],[152.343020974621425,-31.574529852741197],[152.342780901657449,-31.574492229717421],[152.342540317692965,-31.574458677693649],[152.342354978719328,-31.574440390675395],[152.342168403745006,-31.574428396657048],[152.341982105770711,-31.574415917638749],[152.341797609797197,-31.574396133620553],[152.341616429825081,-31.574362258602584],[152.341490593845293,-31.57433242659005],[152.341363574865994,-31.574300433577406],[152.341238804887126,-31.574262685564914],[152.341119691908773,-31.574215624552924],[152.34100968693096,-31.574155664541717],[152.34094014394654,-31.574106416534558],[152.340873640962428,-31.574051637527653],[152.340810202978503,-31.573992555521016],[152.340749830994582,-31.573930399514666],[152.340692533010525,-31.573866414508583],[152.340640390025868,-31.573801927503006],[152.340591653041145,-31.573734329497739],[152.340545560056427,-31.573664526492717],[152.340501305071626,-31.573593460487867],[152.340458117086712,-31.573522080483112],[152.340394867108301,-31.573421253476194],[152.340330174130372,-31.573318642469104],[152.340270896151992,-31.573214095462536],[152.340223916172249,-31.573107486457165],[152.340196109190373,-31.572998681453637],[152.340189413205309,-31.572893032452203],[152.340197212218897,-31.572783725452165],[152.340216637231094,-31.572673531453251],[152.340244802241898,-31.572565193455208],[152.340278838251351,-31.572461497457773],[152.340323478259705,-31.572355803461363],[152.340378813266227,-31.57225316646602],[152.340442152271351,-31.572153782471467],[152.340510852275258,-31.572057877477498],[152.340582196278376,-31.571965638483789],[152.340675771281354,-31.57185254849211],[152.340776499283066,-31.571742372501145],[152.340884210282951,-31.571639143510914],[152.340998760280456,-31.571546922521438],[152.341119980275096,-31.571469778532723],[152.341280399263013,-31.571405364547942],[152.34145555524529,-31.571368585564795],[152.341638760224669,-31.571346095582555],[152.341823301203704,-31.571324582600447],[152.342002499185071,-31.57129071661771],[152.342159727169985,-31.571251813632795],[152.342317618154851,-31.571212488647959],[152.342474111140433,-31.571169201662943],[152.342627162127457,-31.571118403677541],[152.342774700116678,-31.57105655269152],[152.342860753110784,-31.571017541699639],[152.342948789104696,-31.570977750707968],[152.343033785099578,-31.570934042715947],[152.343110731096431,-31.570883306723097],[152.3431745910963,-31.570822404728887],[152.343212365097969,-31.570773407732229],[152.343247468100543,-31.570719812735263],[152.343277452104246,-31.570663169737792],[152.343299934109098,-31.570605028739557],[152.343312474115265,-31.570546924740356],[152.343315128122299,-31.570491553740204],[152.343310708130588,-31.570433467739345],[152.343299441139777,-31.570375506737832],[152.343281575149433,-31.570320547735669],[152.343257328159126,-31.570271452732925],[152.343201438174049,-31.570213786727042],[152.343120556190314,-31.570170069718813],[152.34302488420721,-31.570135898709204],[152.342924586224029,-31.570106881699179],[152.342829855240012,-31.570078627689711],[152.342719715258369,-31.570047745678696],[152.34260698427596,-31.570024726667505],[152.34249278329321,-31.570006116656199],[152.342378242310332,-31.569988502644868],[152.342264480327714,-31.569968431633594],[152.342115150350793,-31.569939827618789],[152.341965568373809,-31.569912065603944],[152.34181618439689,-31.569883461589132],[152.341667472420284,-31.569852319574352],[152.341519854444016,-31.56981692955965],[152.341302218480735,-31.56975250553791],[152.341087486518433,-31.569677108516345],[152.340874019556736,-31.569596719494879],[152.340660166594915,-31.569517360473377],[152.340444287632465,-31.569445047451733],[152.340340063650189,-31.569412553441296],[152.340235785668028,-31.569379951430857],[152.340131221685738,-31.569348442420406],[152.340026127703169,-31.569319228409899],[152.339920281720282,-31.569293528399363],[152.33981606673629,-31.569274247389039],[152.339710739751808,-31.569259868378619],[152.339605126767196,-31.569246861368217],[152.339500033782741,-31.569231712357816],[152.339396275798947,-31.569210906347518],[152.339315124812146,-31.569190387339429],[152.339234260825606,-31.569167950331366],[152.339154006839209,-31.569143398323334],[152.339074621853058,-31.56911646131536],[152.338996402867053,-31.569086933307499],[152.338901805884518,-31.569047752297966],[152.338807998902297,-31.569005235288479],[152.338715974920348,-31.568958909279139],[152.338626755938634,-31.568908263270036],[152.338541347957033,-31.568852784261274],[152.338483745969398,-31.568815790255371],[152.338421938982464,-31.568777756249048],[152.338364103995303,-31.568737561243097],[152.338318441006976,-31.568694068238315],[152.338293136016631,-31.568646173235472],[152.338293280023606,-31.568593698235112],[152.338312570028762,-31.56853650823658],[152.338342814032842,-31.568476629239079],[152.338375829036664,-31.568416095241872],[152.338403438040984,-31.568356924244135],[152.338416830044082,-31.56832093424519],[152.338429872047186,-31.568284773246191],[152.3384431120503,-31.568248702247221],[152.338457096053247,-31.56821298024834],[152.338472389055966,-31.568177869249563],[152.33859411906451,-31.567996232260136],[152.338764605063801,-31.56783656627562],[152.338963855057528,-31.567690588294035],[152.33917188204947,-31.56755000631334],[152.339368686043201,-31.567406529331521],[152.339462574041619,-31.567327404340123],[152.339555495040543,-31.567245626348598],[152.339649733038982,-31.567166232357245],[152.339747574035954,-31.567094225366272],[152.339851314030511,-31.567034633375989],[152.339925545025068,-31.567003716383017],[152.340002590018457,-31.566978734390368],[152.34008114101124,-31.566956808397883],[152.340159835003988,-31.566935070405414],[152.340237409997258,-31.566910671412828],[152.340289830993044,-31.566891309417819],[152.340341883989083,-31.566870781422743],[152.340393928985065,-31.566850290427691],[152.340446313980891,-31.566831044432671],[152.340499416976286,-31.566814255437738],[152.340596289966754,-31.566791970447046],[152.340695269955972,-31.566777099456626],[152.340795450944455,-31.566766486466349],[152.340895936932753,-31.566756967476095],[152.340995831921418,-31.566745385485778],[152.341117489907731,-31.566730228497565],[152.341239462893839,-31.566716638509398],[152.341361291879991,-31.566702368521202],[152.341482493866664,-31.566685148532926],[152.341602565854146,-31.566662739544512],[152.34171153184289,-31.566641683555005],[152.341822773831268,-31.566621110565737],[152.341931927820553,-31.566595895576228],[152.342034636811945,-31.56656096358601],[152.342126562806754,-31.566511222594634],[152.342187149805255,-31.566463829600213],[152.342243810805172,-31.566409373605353],[152.34229637580637,-31.566349682610053],[152.342344673808554,-31.566286594614301],[152.342388551811496,-31.566221973618131],[152.342438400817173,-31.566131275622322],[152.342478603824986,-31.566033855625545],[152.342511806834267,-31.565932203628041],[152.342540652844349,-31.565828804630101],[152.342567804854554,-31.565726122632],[152.342589344863001,-31.565641860633491],[152.342608796871843,-31.565556837634766],[152.342625756881063,-31.565471249635802],[152.342639802890716,-31.565385284636537],[152.342650532900791,-31.565299141636938],[152.34266038392002,-31.565145991636783],[152.342659568940775,-31.564990986635557],[152.342649680962808,-31.564835425633447],[152.342632335985684,-31.564680599630613],[152.342609164009076,-31.564527799627218],[152.342577316033669,-31.564374103622974],[152.342536117059296,-31.564221867617817],[152.342488770085595,-31.564070726612083],[152.3424385091121,-31.563920310606051],[152.342388526138592,-31.563770244600068],[152.342339054164597,-31.563623297594155],[152.342287108190817,-31.563477139587977],[152.34223371921712,-31.563331457581683],[152.342179854243483,-31.563185927575358],[152.342126519269783,-31.563040235569055],[152.342054995306398,-31.562835076560553],[152.34198561534285,-31.562628905552248],[152.341914763379378,-31.562423378543802],[152.341838830416293,-31.562220183534883],[152.341754201453796,-31.562020985525134],[152.341701977475026,-31.561912207519232],[152.341646849496499,-31.561804765513042],[152.341590260518018,-31.561698013506728],[152.341533626539587,-31.561591243500395],[152.341478408561045,-31.561483809494206],[152.341424373582242,-31.561377120488121],[152.341370025603453,-31.561270520482022],[152.341316483624666,-31.56116354447601],[152.341264904645669,-31.561055743470174],[152.341216400666468,-31.560946642464618],[152.34117581268336,-31.560859503460001],[152.341132068700745,-31.560771558455084],[152.341092071717696,-31.560683101450529],[152.341062723733302,-31.560594438446998],[152.341050926746647,-31.560505874445191],[152.341064659758075,-31.560406616445807],[152.341101357766661,-31.560306874448656],[152.341151878773445,-31.560207177452867],[152.341207060779567,-31.560108044457529],[152.341257760786078,-31.560010023461768],[152.341301146792858,-31.559917300465326],[152.341345437799504,-31.559824810468982],[152.341391467805749,-31.559733234472809],[152.341440096811482,-31.559643236476891],[152.341492177816491,-31.559555487481344],[152.341562642821145,-31.559452115487471],[152.341639401824523,-31.559352704494245],[152.341719538827164,-31.559255392501363],[152.341800133829707,-31.559158330508534],[152.341878272832815,-31.559059628515449],[152.341959647835949,-31.558957232522644],[152.342043532838659,-31.558855877530117],[152.342125337841793,-31.558753374537364],[152.342200472846201,-31.55864754554392],[152.342264376852825,-31.558536231549365],[152.34230987785989,-31.558439070553092],[152.342351112868016,-31.558338441556376],[152.342386143877263,-31.558235427559048],[152.342413035887688,-31.558131113560908],[152.342429833899445,-31.55802659356177],[152.342436018906056,-31.557971133561974],[152.342441450912901,-31.557914561562093],[152.342443772920149,-31.557858178561901],[152.342440680927808,-31.557803265561194],[152.342429833936194,-31.557751130559751],[152.342395994949783,-31.557682045555936],[152.342343188965174,-31.557617746550299],[152.342278360981538,-31.55755767854351],[152.342208388998102,-31.557501313536257],[152.34214025401397,-31.557448102529193],[152.342071402029831,-31.557395878522065],[152.341999197045709,-31.557346746514646],[152.341924178061362,-31.557301684506985],[152.341846909076651,-31.557261687499125],[152.341767936091372,-31.557227731491164],[152.341660728109531,-31.55719524548044],[152.3415485531267,-31.557174987469317],[152.341433447143203,-31.557162715457967],[152.341317453159292,-31.557154154446561],[152.341202580175349,-31.55714508243527],[152.340945144210309,-31.557132039409982],[152.340686140243122,-31.557136144384685],[152.340426230274915,-31.557149545359369],[152.340166088306489,-31.557164326334036],[152.33990638433886,-31.557172635308703],[152.339699182364967,-31.557177367288475],[152.339491604390787,-31.557184493268231],[152.339284196416912,-31.557189253247984],[152.339077541443856,-31.557186886227761],[152.338872177472268,-31.557172633207571],[152.338744522490828,-31.557156999194969],[152.33861713550985,-31.557137610182366],[152.338490161529222,-31.55711503016979],[152.338363688548895,-31.557089796157229],[152.338237861568786,-31.557062464144725],[152.33807614359489,-31.55702308512862],[152.337915446621537,-31.556978749112584],[152.337755637648598,-31.556930693096604],[152.337596562675856,-31.556880127080671],[152.33743808070318,-31.556828306064801],[152.337251657735777,-31.556764392046098],[152.337066470768661,-31.556696660027498],[152.33688211880181,-31.556626454008942],[152.336698160835056,-31.556555117990442],[152.336514192868265,-31.556483970971922],[152.336373154893693,-31.556429854957734],[152.336232196919099,-31.556375505943549],[152.336091435944581,-31.556320663929384],[152.335950979970136,-31.556265077915242],[152.33581092699572,-31.556208496901121],[152.335656442024487,-31.556142198885539],[152.335503177053539,-31.556072665870044],[152.335349929082554,-31.556003220854535],[152.335195507111337,-31.555937200838954],[152.335038718139401,-31.555877939823201],[152.334827967175272,-31.555813004802115],[152.334613388210158,-31.555759130780732],[152.334396631244459,-31.555711540759194],[152.334179336278595,-31.555665500737611],[152.333963152313061,-31.555616243716106],[152.333839082333128,-31.555585801703756],[152.333715048353184,-31.555555171691395],[152.333591005373279,-31.555524621679048],[152.333466881393321,-31.555494385666691],[152.333342623413301,-31.555464741654315],[152.333270310424638,-31.555449655647148],[152.333197272435854,-31.555436442639902],[152.333124557447064,-31.555422494632687],[152.333053150458596,-31.555405238625575],[152.332984101470572,-31.555382093618665],[152.332917050482592,-31.555356680611919],[152.332844962495642,-31.555328631604667],[152.332777446508601,-31.555296764597834],[152.332724101520398,-31.555259886592349],[152.332694529529959,-31.555216805589133],[152.332694063537161,-31.555163281588708],[152.332716625542673,-31.555100085590428],[152.332754588546692,-31.55503334959365],[152.332800322549332,-31.554969211597648],[152.332846208550819,-31.554913787601738],[152.332917929549836,-31.554851326608272],[152.333005345545274,-31.554801451616449],[152.333102389538169,-31.554760755625654],[152.333203036529795,-31.554725876635235],[152.333301254521473,-31.554693400644592],[152.333439496508561,-31.554656468657839],[152.333582417493204,-31.554633512671639],[152.3337279384765,-31.554617996685753],[152.333873934459604,-31.554603420699916],[152.334018298443681,-31.554583216713883],[152.334221583421396,-31.554553581733543],[152.334428292398115,-31.55452828575357],[152.334632634375907,-31.554497145773325],[152.334828837356895,-31.554449977792149],[152.335011119343164,-31.554376598809426],[152.335110852338005,-31.554318754818752],[152.335206596334473,-31.554252752827626],[152.33529935533204,-31.554181238836168],[152.335390150330255,-31.554106864844496],[152.335479969328588,-31.554032257852732],[152.335587581327502,-31.553936459862548],[152.335690452327782,-31.553834853871852],[152.335791915328457,-31.553731552881015],[152.33589530532862,-31.553630689890394],[152.336003957327137,-31.553536389900319],[152.336071402325302,-31.553484944906518],[152.336140514322949,-31.553435589912919],[152.336210361320411,-31.55338717591939],[152.336280056317918,-31.55333852792586],[152.336348684315766,-31.553288472932199],[152.336415017314152,-31.553236222938288],[152.336480113312945,-31.553182223944262],[152.336545129311787,-31.553128179950217],[152.336611247310231,-31.553075794956303],[152.336679633307938,-31.553026770962628],[152.336756194304712,-31.55297700296974],[152.336834566300922,-31.552929359977057],[152.336914650296592,-31.552884557984555],[152.336996338291556,-31.552843341992237],[152.337079524285741,-31.552806374000106],[152.3371807362781,-31.552766072009703],[152.337284995269556,-31.552729042019624],[152.337391039259956,-31.552698404029769],[152.337497629249043,-31.552677231040029],[152.337603511236523,-31.552668644050314],[152.337683685225784,-31.552671844058182],[152.337764262214051,-31.552682162066141],[152.337844740201575,-31.552697759074125],[152.33792461818868,-31.552716817082079],[152.338003411175777,-31.552737515089934],[152.338167837146187,-31.552800397106473],[152.338325638114185,-31.552887770122553],[152.338481190081325,-31.552983658138469],[152.338638910049212,-31.553072043154543],[152.338803202019392,-31.553136942171086],[152.338868441008572,-31.553154763177595],[152.338934298997884,-31.553171131184158],[152.339000623987431,-31.553185474190737],[152.339067287977258,-31.553197226197344],[152.33913413296753,-31.553205813203952],[152.33919990995841,-31.55321051921041],[152.339266081949688,-31.553211927216907],[152.339332468941222,-31.553210986223391],[152.339398855932984,-31.553208628229857],[152.339465081924828,-31.553205814236321],[152.339531333916824,-31.553201583242764],[152.339597487909145,-31.553195326249192],[152.339663623901544,-31.55318843325561],[152.339729786893798,-31.553182284262025],[152.339796030885793,-31.553178259268474],[152.339851149878854,-31.553177166273858],[152.339906313871694,-31.553177471279252],[152.339961495864458,-31.553178322284651],[152.34001667785725,-31.553178869290058],[152.340071815850251,-31.553178242295445],[152.340124263843677,-31.553176638300563],[152.340176711837188,-31.55317454930567],[152.340229141830804,-31.553171887310786],[152.340281517824479,-31.553168561315879],[152.34033381381829,-31.553164483320959],[152.340414229808886,-31.55315707032878],[152.340494662799671,-31.553148330336576],[152.34057487179075,-31.553137780344336],[152.340654633782179,-31.553124961352051],[152.340733704774067,-31.553109382359661],[152.340823514765276,-31.553088048368291],[152.340912786757116,-31.553063334376837],[152.341001287749407,-31.553035519385293],[152.341088766742217,-31.553004872393618],[152.341174963735511,-31.552971642401808],[152.341260166729313,-31.552935849409867],[152.341344498723544,-31.552897313417841],[152.34142760371833,-31.552856017425665],[152.341509103713719,-31.552811932433311],[152.341588641709706,-31.55276504144074],[152.341672947706058,-31.552710863448581],[152.341755496703115,-31.552653252456238],[152.341835893700846,-31.552592423463654],[152.341913700699308,-31.552528608470791],[152.341988531698547,-31.552462015477616],[152.342067916698397,-31.552386458484822],[152.342145329698951,-31.552307575491813],[152.342218896700444,-31.552225151498405],[152.342286762703225,-31.552138963504394],[152.342347054707432,-31.552048794509638],[152.342387293711653,-31.551978284513044],[152.34242418071662,-31.551905254516118],[152.342457481722306,-31.551830316518828],[152.34248699972872,-31.551754005521151],[152.342512519735692,-31.55167690652307],[152.34253677674306,-31.551598104524857],[152.342560010750901,-31.551516908526544],[152.342578019759458,-31.551435166527696],[152.342586571769118,-31.551354732527944],[152.342581470780033,-31.551277463526873],[152.342565228790761,-31.551213038524814],[152.342540335802511,-31.55114882952191],[152.342508387815002,-31.55108653951832],[152.342470999827611,-31.551027851514231],[152.342429782840043,-31.550974444509805],[152.342367366856223,-31.550913632503253],[152.342293620872709,-31.550861013495663],[152.342212487889299,-31.550815387487372],[152.342127859905531,-31.550775551478814],[152.342043669921111,-31.550740295470312],[152.341966758934689,-31.550712498462588],[152.341887508947991,-31.550689595454674],[152.341806716960861,-31.550670940446636],[152.341725198973393,-31.550655917438551],[152.341643778985514,-31.55064389643049],[152.341569889995924,-31.550637083423229],[152.341495426005849,-31.550634645415926],[152.34142070301553,-31.550634223408615],[152.341345943025289,-31.550633488401296],[152.341271462035365,-31.550630108393985],[152.34119560904557,-31.550626684386536],[152.341118590055771,-31.550624774379003],[152.341042280066176,-31.550620463371494],[152.34096851607714,-31.550609777364205],[152.340899162088874,-31.550588793357267],[152.340842913100005,-31.550559516351559],[152.34078999011183,-31.550522172346103],[152.340738985124034,-31.550480176340809],[152.340688509136299,-31.550436960335546],[152.340637155148357,-31.550395959330213],[152.340570311163503,-31.550347168323327],[152.340503099178619,-31.550298798316405],[152.340436210193758,-31.550250034309496],[152.340370352208936,-31.550200051302689],[152.340306215224132,-31.550148024296039],[152.340241136239683,-31.55009421328927],[152.340175547255399,-31.550039846282459],[152.340112154271111,-31.549983453275846],[152.340053673286633,-31.549923592269693],[152.340002839301775,-31.549858782264231],[152.339953654318805,-31.549778931258832],[152.339910429335902,-31.549692357253967],[152.339875246352534,-31.549601641249865],[152.33985020136808,-31.549509339246729],[152.339837364381935,-31.549418032244805],[152.339835383390664,-31.549354325244153],[152.339838099398975,-31.549289247243934],[152.339845934406611,-31.54922435624421],[152.339859344413355,-31.549161169245068],[152.33987872441881,-31.549101227246513],[152.339918390424344,-31.549021565249806],[152.339972308427633,-31.54894484225451],[152.340036741428833,-31.548873516260283],[152.340107914428103,-31.548810033266783],[152.340182091425618,-31.548756886273637],[152.340287418418455,-31.5487087312836],[152.340406513406748,-31.548681445295038],[152.340533613392239,-31.548667220307358],[152.340662971376787,-31.548658247319953],[152.340788825362097,-31.548646693332167],[152.340890503350465,-31.548635623342022],[152.340992513338421,-31.548627188351947],[152.34109471132615,-31.548620169361882],[152.341196927313916,-31.548613312371831],[152.341299026301812,-31.548605370381757],[152.341360420294308,-31.548602125387742],[152.341422514286478,-31.54860087939381],[152.341484248278846,-31.548598495399826],[152.341544567271967,-31.548591853405668],[152.341602393266356,-31.548577815411221],[152.341667714261291,-31.54855273441742],[152.341733509257125,-31.54852035642363],[152.341795602254336,-31.548481247429407],[152.341849807253368,-31.54843594343437],[152.341891974254736,-31.548384992438127],[152.341917700257909,-31.548336335440293],[152.341936847262673,-31.548282103441757],[152.341950024268613,-31.548224662442617],[152.341957841275388,-31.548166343442958],[152.341960916282602,-31.548109511442831],[152.341957097292436,-31.54803947544195],[152.341944261303638,-31.547967871440164],[152.341923679315727,-31.547896850437624],[152.341896626328349,-31.547828562434479],[152.341864383340948,-31.547765169430864],[152.341814651356856,-31.54769401242546],[152.34175281837355,-31.547628620418937],[152.341682764390583,-31.547568499411643],[152.341608346407554,-31.547513182403961],[152.341533443424055,-31.547462150396257],[152.341453861440755,-31.547413726388122],[152.341370138457279,-31.547370591379607],[152.341283447473586,-31.547332395370848],[152.341195000489449,-31.547298753361957],[152.341105970504884,-31.547269316353024],[152.3410119475204,-31.547243678343644],[152.340915943535492,-31.547223455334112],[152.340818684550129,-31.547207795324482],[152.340720906564314,-31.547195828314834],[152.340623342578084,-31.54718667630523],[152.340505394594032,-31.547181180293649],[152.340386873609191,-31.547182399282065],[152.340268020623768,-31.547187742270477],[152.340149104638215,-31.547194626258911],[152.340030395652718,-31.547200452247331],[152.339881333671173,-31.547206216232812],[152.339732263689569,-31.547212660218278],[152.339583246707718,-31.547220369203757],[152.339434390725671,-31.547229888189271],[152.339285768743224,-31.547241783174826],[152.33920849975209,-31.54725011116734],[152.339131337760705,-31.547260141159857],[152.339054184769338,-31.547270136152388],[152.338976987778153,-31.547278365144901],[152.338899673787495,-31.547283106137378],[152.338827925796579,-31.547284603130368],[152.33875595480589,-31.547284361123328],[152.338684000815448,-31.547281985116275],[152.338612315825401,-31.547277109109228],[152.338541151835557,-31.54726932810221],[152.338466884846326,-31.547260445094896],[152.338391166857377,-31.547250871087417],[152.338316729868751,-31.547237479080032],[152.338246299880552,-31.547217139072988],[152.33818261989282,-31.547186688066546],[152.338117201908489,-31.547132465059743],[152.338061346925144,-31.54706169405377],[152.338012000942257,-31.546980848048356],[152.337966104959435,-31.546896389043237],[152.337920621976167,-31.546814808038182],[152.337869087995671,-31.546718427032445],[152.337823534014888,-31.546618542027243],[152.337780319033953,-31.546517249022283],[152.337735750053099,-31.546416682017171],[152.337686197072543,-31.546318947011606],[152.337557627117036,-31.546109682997482],[152.337413092162478,-31.545908512981882],[152.337257003208492,-31.545714191965192],[152.337093761254692,-31.545525445947828],[152.336927775300722,-31.545341019930238],[152.336754009347601,-31.545157051911893],[152.336573377394672,-31.544978892892917],[152.336397773439074,-31.544815738874547],[152.336387231441705,-31.544805949873439],[152.336299080463505,-31.544727963864258],[152.336222178482501,-31.544659926856244],[152.336196945488723,-31.544637614853603],[152.336003888535515,-31.54447326883351],[152.335871078566953,-31.544365817819731],[152.33573559759833,-31.544261592805725],[152.335598933629626,-31.544158748791602],[152.335462627661002,-31.544055474777512],[152.335328195692398,-31.543949869763587],[152.335228381716178,-31.54386789375322],[152.335129500740038,-31.54378474374294],[152.335030897763886,-31.543701262732689],[152.334931872787706,-31.5436182917224],[152.334831780811442,-31.543536665712001],[152.334747609831396,-31.543468771703271],[152.334663411851295,-31.543400725694543],[152.334578585871213,-31.543333585685751],[152.334492423890993,-31.543268372676852],[152.334404299910659,-31.543206108667768],[152.334307990931393,-31.543143799657898],[152.334209450951931,-31.543084726647827],[152.334109421972443,-31.543027876637638],[152.334008648992835,-31.542972264627373],[152.333907885013218,-31.542916857617112],[152.333746463045372,-31.542831833600708],[152.333582593077239,-31.542751202584093],[152.333418077109059,-31.542671763567416],[152.333254709140959,-31.542590316550847],[152.333094309173191,-31.542503652534521],[152.333024793187491,-31.542463323527439],[152.332955735201921,-31.542422196520373],[152.33288695521631,-31.542380567513344],[152.332818291230723,-31.542338750506328],[152.332749573245195,-31.542297049499307],[152.332685786258452,-31.542259024492775],[152.332621792271738,-31.542221303486251],[152.332557969285034,-31.542183305479725],[152.332494719298353,-31.542144482473251],[152.332432411311771,-31.542104216466882],[152.332352936329301,-31.542049643458693],[152.332274717346877,-31.541993089450635],[152.332197627364621,-31.541934894442665],[152.332121532382331,-31.541875409434795],[152.332046316400067,-31.541814974426998],[152.331978288416309,-31.541759254419937],[152.331910835432524,-31.541702745412916],[152.331844277448795,-31.541645160405984],[152.331778993465036,-31.54158624039918],[152.331715358481318,-31.541525724392507],[152.331652879497312,-31.541465979385965],[152.331589818513464,-31.541405767379356],[152.331529042529581,-31.541343745372952],[152.331473412545449,-31.541278577367027],[152.331425787560846,-31.541208927361858],[152.331385808576215,-31.541132572357387],[152.331352291591315,-31.541051385353516],[152.331324960606082,-31.540967052350222],[152.33130358162029,-31.540881266347494],[152.331287886633731,-31.540795714345339],[152.331278949645025,-31.5407194933439],[152.331274852655895,-31.540642081342927],[152.331275220666214,-31.5405642193424],[152.331279693675953,-31.540486627342265],[152.331287886685118,-31.540410048342494],[152.331308736697082,-31.540300275343718],[152.33134028970747,-31.540191524346007],[152.331379336716765,-31.540083948349032],[152.331422695725365,-31.539977680352479],[152.331467147733633,-31.539872882356057],[152.331522661742696,-31.539750981360587],[152.331583912750745,-31.539631411365697],[152.331649125758048,-31.539513552371201],[152.331716516764914,-31.539396815376936],[152.331784293771648,-31.539280606382693],[152.331855242778573,-31.539160022388742],[152.331927815785178,-31.539040309394956],[152.332002153791393,-31.538921662401343],[152.332078373797231,-31.538804270407937],[152.332156611802617,-31.538688330414729],[152.332236345807274,-31.538576083421695],[152.332318706811378,-31.538465638428928],[152.332402564815169,-31.538356224436324],[152.33248679881882,-31.538247070443752],[152.332570280822665,-31.538137377451108],[152.332694090828795,-31.537971876461988],[152.332817622834938,-31.537806150472854],[152.332941298841092,-31.537640541483725],[152.33306553884708,-31.53747536249465],[152.333190792852889,-31.537310945505673],[152.333266887856411,-31.537210862512374],[152.333342659860023,-31.537110457519059],[152.333418996863486,-31.537010509525775],[152.33349677686661,-31.536911797532653],[152.333576887869157,-31.536815103539784],[152.333669028871412,-31.536709230547995],[152.333763311873128,-31.536605006556453],[152.333859790874328,-31.536502763565128],[152.333958510874965,-31.536402797574041],[152.334059516874902,-31.536305466583205],[152.334232386872628,-31.536155320598994],[152.334414282867925,-31.536014882615756],[152.334600750861938,-31.535879275632968],[152.334787344855982,-31.535743606650218],[152.334969599851206,-31.535602997666995],[152.3350713138488,-31.535522859676355],[152.335174148846079,-31.535443627685819],[152.335275781843734,-31.535363140695157],[152.335373847842249,-31.535279246704139],[152.335466014842325,-31.535189777712489],[152.33555542184402,-31.535090608720513],[152.335640247846953,-31.534986375728028],[152.335720375851082,-31.534878019735061],[152.335795646856241,-31.534766453741604],[152.335865905862363,-31.534652602747627],[152.335919402871014,-31.534535963751996],[152.335961291882654,-31.534408119755152],[152.336002633894111,-31.534282121758263],[152.336054480902249,-31.534171022762518],[152.336127895903871,-31.534087881769086],[152.336204017900172,-31.534041869776186],[152.336291084893759,-31.534005942784436],[152.336384228885152,-31.533980627793358],[152.33647854787489,-31.533966447802467],[152.336569155863515,-31.533963919811313],[152.336687013845051,-31.533988875823024],[152.33680409182233,-31.534045805834896],[152.336920165797238,-31.534121937846795],[152.337034984771435,-31.534204495858631],[152.337148306746656,-31.534280707870273],[152.337261799721546,-31.534359456881955],[152.337371410695766,-31.534446819893319],[152.337480815670148,-31.534533376904651],[152.337593689645445,-31.534609695916252],[152.337713680622386,-31.534666366928406],[152.337775307611849,-31.534686158934573],[152.337838297601451,-31.53470293994086],[152.33790218359141,-31.534716726947202],[152.337966517581663,-31.534727492953579],[152.338030843572341,-31.534735237959907],[152.338129096559157,-31.534738957969562],[152.33822839054713,-31.534733364979225],[152.338328204535827,-31.534721773988906],[152.338427999524868,-31.534707521998548],[152.338527257513874,-31.534693915008166],[152.338688949495804,-31.534673199023818],[152.338850838478095,-31.534649544039471],[152.339011857461117,-31.534621101055027],[152.339170941445275,-31.53458599907032],[152.339327039430998,-31.534542398085254],[152.339419762423148,-31.534511634094095],[152.339511732415787,-31.534478055102831],[152.339602842408851,-31.534441949111486],[152.339692992402348,-31.534403610120012],[152.339782085396223,-31.534363335128443],[152.339910305388088,-31.534300130140508],[152.340036258381019,-31.534231592152324],[152.340160149374753,-31.5341588311639],[152.340282193369148,-31.534083014175273],[152.340402597364005,-31.534005207186468],[152.340507296359874,-31.533934778196194],[152.340610507356303,-31.533861954205751],[152.340712391353151,-31.533787168215159],[152.340813101350335,-31.533710822224446],[152.340912798347802,-31.533633320233626],[152.341000116345839,-31.53356394824165],[152.341086636344073,-31.533493482249586],[152.341172242342566,-31.533421914257442],[152.341256826341379,-31.533349153265171],[152.341340271340471,-31.533275210272802],[152.341415757340144,-31.533204699279647],[152.341489512340303,-31.533132270286334],[152.341562765340569,-31.533059304292966],[152.341636727340699,-31.53298712629967],[152.341712580340243,-31.532917082306565],[152.341841966338421,-31.532805624318389],[152.341974677335713,-31.532697590330574],[152.342110248332233,-31.532592954343063],[152.342248266327914,-31.532491679355818],[152.342388256322948,-31.532393676368788],[152.342482933319189,-31.53233032837759],[152.342578803315064,-31.532268674386486],[152.342675604310614,-31.532208392395528],[152.342773043305954,-31.532149158404614],[152.342870875301145,-31.53209065041375],[152.34299303629507,-31.532018302425161],[152.343115860288748,-31.531946859436658],[152.343239661282098,-31.531877156448235],[152.343364735274918,-31.53181002545999],[152.343491396267098,-31.531746300471905],[152.343622198258032,-31.531687909484262],[152.343755653247911,-31.531634977496921],[152.343889897237432,-31.531583677509676],[152.344023057227417,-31.531530225522317],[152.344153285218539,-31.531470830534609],[152.344220407214408,-31.53143684754092],[152.344287072210506,-31.531401879547186],[152.344353262206738,-31.531365987553393],[152.344418986203181,-31.531329253559555],[152.344484225199778,-31.531291766565655],[152.344583994194153,-31.53123753457502],[152.344686631188011,-31.531184288584669],[152.344786275182685,-31.531127860593983],[152.344877035179508,-31.531064073602394],[152.344953058179755,-31.530988739609278],[152.34498968518173,-31.530938443612474],[152.345022295184719,-31.530884605615277],[152.345051760188397,-31.530828365617758],[152.345078948192565,-31.530770870619989],[152.345104746196938,-31.530713259622086],[152.345130168200882,-31.530659260624176],[152.345156584204801,-31.530604086626344],[152.345179945209253,-31.530548366628228],[152.345196196214545,-31.530492727629404],[152.345201270221224,-31.530437787629499],[152.345193866228897,-31.5303874996284],[152.345177282237728,-31.530337220626414],[152.345154729247298,-31.530287299623829],[152.345104737266752,-31.530189861618219],[152.345069778280163,-31.530122945614309],[152.345031323293853,-31.530057364610073],[152.344989676307733,-31.529993550605518],[152.344945099321677,-31.52993196760071],[152.344897894335617,-31.529873074595667],[152.344843295350728,-31.52981246858986],[152.344784823365927,-31.529754731583719],[152.344723313381195,-31.529699764577309],[152.344659606396391,-31.529647423570683],[152.344594528411449,-31.52959760156395],[152.344524233427222,-31.529547115556703],[152.344451687442984,-31.529498898549257],[152.344377036458582,-31.529453881541617],[152.344300501473896,-31.52941301453383],[152.344222210488766,-31.529377212525908],[152.344157984500242,-31.529353098519447],[152.344092197511486,-31.529332615512864],[152.344025425522489,-31.529314553506207],[152.343958249533387,-31.529297692499512],[152.343891261544258,-31.529280803492838],[152.343803486558386,-31.529259693484097],[152.343715138572293,-31.529240841475314],[152.343626547586098,-31.529222895466521],[152.343538055599936,-31.529204519457725],[152.343450002613963,-31.529184386448968],[152.343358588628831,-31.529161223439864],[152.343267478643838,-31.529136831430762],[152.343176566658883,-31.529111625421685],[152.343085752674028,-31.529086014412609],[152.342994956689154,-31.529060422403546],[152.342889558706503,-31.529031880393028],[152.342783846723847,-31.52900404738249],[152.342678439741235,-31.528975335371971],[152.342573947758865,-31.528944158361519],[152.342470960776865,-31.528908921351185],[152.342365356795682,-31.52886964034057],[152.342259715814805,-31.52882838832992],[152.342155859834179,-31.528783362319441],[152.342055597853857,-31.528732751309249],[152.341960750873767,-31.528674763299559],[152.341913062884203,-31.528642842294659],[152.341865042894739,-31.528610060289726],[152.341818797905319,-31.528575325284937],[152.34177646091581,-31.528537577280524],[152.341740120926062,-31.528495707276662],[152.341704901938328,-31.528438014272787],[152.341677256950447,-31.528373483269608],[152.341656191962358,-31.528304729267038],[152.341640710973735,-31.528234397265006],[152.341629801984368,-31.528165142263433],[152.341625284996837,-31.528075941262337],[152.341632393008041,-31.527984840262356],[152.341647273018367,-31.527892915263134],[152.341666080028176,-31.527801159264296],[152.341684958037831,-31.527710605265479],[152.341710290050742,-31.527589278267047],[152.341739584063106,-31.527467924269025],[152.341774141074694,-31.527348004271531],[152.341815249084988,-31.527230988274685],[152.341864210093689,-31.527118338278644],[152.341916990100117,-31.527019071283068],[152.341976645105262,-31.526922690288202],[152.342041616109384,-31.52682910629386],[152.342110370112664,-31.526738247299907],[152.342181364115248,-31.526650024306203],[152.342272940116487,-31.526552164314442],[152.342373435115604,-31.526461503323599],[152.342476395114176,-31.526372957333013],[152.342575393113663,-31.526281399342025],[152.342663984115489,-31.526181720349957],[152.342722563117945,-31.526106647355128],[152.342781116120705,-31.526029476360282],[152.342835196124327,-31.525949912364997],[152.342880365129474,-31.525867613368803],[152.342912187136761,-31.52578226737128],[152.342923840142078,-31.525731343372041],[152.342931881147962,-31.525679173372449],[152.342936847154391,-31.525626294372536],[152.342939285161151,-31.525573245372396],[152.342939760168065,-31.525520582372049],[152.342933396183582,-31.525410746370625],[152.342916159200684,-31.525299073368103],[152.342888729218913,-31.525188439364612],[152.342851833237944,-31.525081651360207],[152.342806171257138,-31.524981560355002],[152.342726132264033,-31.525007394347369],[152.342601802275539,-31.525041080335452],[152.342476862287981,-31.52506851032344],[152.342404694299688,-31.525050223316253],[152.342332758311585,-31.52503086130907],[152.342261100323526,-31.525010432301915],[152.342189765335576,-31.524988963294771],[152.342118797347723,-31.52496643628767],[152.34204629736044,-31.524940916280396],[152.341974532373428,-31.524913100273174],[152.341902946386426,-31.524884765265963],[152.341830983399291,-31.524857685258723],[152.341758106411874,-31.524833625251429],[152.341673988425924,-31.524809619243019],[152.341589019439795,-31.524787738234537],[152.341503404453391,-31.524768385226025],[152.341417332466676,-31.524751945217481],[152.341330983479537,-31.524738786208939],[152.341244266491998,-31.524729149200393],[152.341156966504116,-31.524722758191807],[152.341069361515849,-31.524719297183218],[152.340981729527272,-31.524718410174639],[152.340894358538293,-31.524719808166108],[152.340774617552626,-31.524728135154451],[152.340655128565942,-31.524743822142895],[152.340535710578763,-31.524762924131352],[152.340416185591693,-31.524781524119799],[152.340296399605222,-31.524795705108193],[152.340197805616754,-31.524804758098618],[152.340099022628294,-31.52481353408902],[152.340000177640064,-31.52482061507941],[152.339901394652259,-31.524824613069772],[152.339802817665031,-31.524824165060135],[152.339683050681771,-31.524814358048342],[152.339563605699595,-31.524795964036528],[152.339444259717936,-31.524773930024701],[152.339324752736076,-31.524753232012859],[152.339204841753428,-31.524738800001039],[152.339078037770634,-31.524732362988583],[152.338950829787166,-31.52473127797613],[152.338823425803412,-31.52473246096368],[152.338696047819752,-31.524732837951227],[152.338568902836641,-31.524729314938767],[152.338439651854372,-31.524721031926077],[152.338310534872448,-31.524710112913365],[152.338181498890776,-31.524697652900642],[152.338052498909093,-31.524684726887937],[152.337923462927364,-31.52467240987523],[152.337799643945317,-31.52465731486302],[152.337675430963856,-31.524638220850726],[152.337551431982121,-31.524620982838478],[152.337428249999277,-31.524611462826364],[152.33730650101441,-31.524615496814487],[152.337248307021127,-31.524621546808856],[152.337189540027708,-31.52462862880315],[152.337131390033903,-31.52463837279754],[152.337075061039286,-31.524652427792134],[152.337021752043512,-31.524672408787069],[152.336953698046585,-31.524715004780727],[152.336892420046894,-31.524772203775161],[152.33683479104559,-31.524837506769998],[152.336777700044024,-31.524904422764912],[152.336718018043456,-31.524966470759537],[152.336666457043492,-31.525016140754861],[152.336615407043297,-31.52506689475025],[152.336563569043363,-31.525116518745534],[152.33650961504415,-31.525162826740608],[152.336452254046122,-31.525203612735304],[152.336375299050502,-31.525244891728072],[152.336293045056664,-31.525278147720279],[152.336207520063994,-31.525305935712122],[152.336120696071873,-31.525330828703819],[152.336034615079683,-31.525355380695579],[152.33594459008799,-31.52537994168696],[152.335853632096871,-31.525401383678226],[152.335762128106012,-31.525420987669424],[152.335670463115321,-31.52544001766061],[152.335579013124459,-31.525459729651807],[152.335527873129422,-31.525472045646897],[152.335476824134247,-31.525485142642015],[152.335425711139152,-31.525497772637095],[152.335374402144282,-31.525508690632162],[152.335322742149941,-31.525516650627168],[152.335232753160795,-31.525521938618407],[152.335141635172931,-31.525518882609475],[152.33504996018587,-31.525510330600451],[152.334958268199188,-31.525499160591409],[152.334867141212413,-31.525488197582412],[152.334708900235995,-31.525463743566768],[152.334551690260867,-31.525429599551138],[152.334394821285997,-31.525392506535528],[152.334237593310661,-31.525359205519905],[152.33407933533411,-31.525336427504268],[152.334011146343613,-31.525331030497558],[152.333942805352876,-31.525327346490862],[152.333874392362105,-31.525324451484138],[152.333805970371316,-31.525321457477425],[152.333737629380664,-31.52531745847072],[152.333634866394846,-31.525310422460628],[152.333532041409086,-31.525303080450509],[152.333429332423407,-31.52529453744042],[152.333326955438054,-31.525283825430321],[152.33322507945303,-31.525270029420263],[152.333077461475625,-31.525242967405628],[152.332930829499048,-31.525209056391049],[152.332784922522933,-31.525170645376498],[152.332639473547118,-31.525130109361982],[152.332494212571163,-31.525089807347491],[152.33239317158737,-31.525065855337431],[152.332290309603479,-31.525044530327214],[152.332188622619725,-31.525020954317089],[152.332091068636373,-31.524990235307335],[152.332000648653718,-31.524947521298191],[152.3319556496632,-31.524919948293576],[152.331911502672853,-31.524890098289038],[152.331868950682605,-31.524857917284653],[152.33182880169241,-31.52482333428047],[152.331791824702123,-31.524786268276578],[152.331740299717438,-31.524721144271062],[152.331695811732885,-31.524647927266173],[152.331658100748228,-31.524569321261911],[152.331626906763063,-31.524488054258264],[152.331601986777116,-31.524406849255222],[152.331582964790613,-31.524323915252761],[152.331570289803693,-31.524238067250877],[152.331564257816041,-31.524151008249646],[152.331565225827489,-31.524064417249107],[152.331573507837646,-31.523979985249298],[152.331601107849053,-31.523867792251167],[152.331646788857825,-31.52375762525482],[152.331704292864828,-31.523649483259643],[152.331767371870853,-31.523543377265025],[152.331829778876681,-31.523439305270355],[152.331882038881446,-31.523352973274829],[152.33193708588567,-31.52326813827959],[152.331994482889371,-31.523184729284587],[152.332053769892667,-31.523102682289771],[152.332114527895584,-31.523021934295116],[152.332196493898749,-31.522919082302376],[152.332282054901071,-31.522818847309999],[152.332370287902791,-31.5227207273179],[152.332460276904044,-31.52262417632598],[152.33255113490506,-31.522528674334161],[152.332682447904688,-31.522404497346098],[152.332822276902306,-31.52228729335889],[152.332961935899874,-31.522170510371687],[152.333092763899373,-31.522047632383568],[152.333206059902864,-31.521912106393639],[152.333246710905314,-31.521854109397189],[152.333286528908076,-31.521794983400643],[152.333324051911319,-31.521734503403874],[152.33335782891524,-31.521672446406715],[152.333386405920066,-31.521608560409035],[152.333414480926876,-31.521530349411208],[152.333437921934745,-31.52144861541289],[152.333454916943708,-31.521365197413946],[152.333463656953626,-31.521281939414191],[152.333462330964608,-31.521200681413458],[152.333450910975358,-31.521131174411821],[152.333430839987159,-31.521062196409364],[152.333405086999534,-31.520993828406343],[152.333376626012239,-31.520926141403056],[152.333348426024799,-31.520859198399801],[152.333310248041386,-31.520771494395419],[152.333268414058296,-31.520685189390694],[152.333223809075378,-31.52060004938571],[152.333177403092606,-31.520515842380544],[152.33313010910976,-31.520432342375308],[152.333092326123449,-31.520366582371135],[152.333053799137076,-31.520301163366888],[152.333014223150826,-31.52023638136253],[152.332973320164598,-31.520172503358076],[152.332930777178433,-31.520109836353434],[152.332879504194523,-31.52003873434791],[152.332826240210665,-31.519968868342175],[152.332771085226881,-31.519900402336283],[152.332714146243148,-31.519833512330216],[152.332655521259369,-31.519768353324007],[152.332603719273038,-31.519715860318563],[152.332549550286728,-31.5196655363129],[152.33249470830043,-31.519615858307166],[152.332440880314067,-31.519565274301542],[152.332389749327717,-31.519512234296144],[152.332312758349076,-31.519426386287972],[152.332236564370731,-31.519337436279883],[152.332165650392199,-31.519244946272273],[152.332104480412937,-31.519148422265566],[152.332057527432426,-31.519047443260245],[152.332031102446933,-31.518964104257048],[152.332011650461027,-31.518877235254504],[152.331998769474495,-31.518788402252582],[152.331992055487262,-31.518699174251264],[152.331991087499148,-31.518611103250521],[152.331995613510372,-31.518522431250322],[152.332005913520959,-31.518432738250659],[152.332022496530698,-31.518343762251625],[152.332045865539214,-31.518257179253279],[152.332076504546251,-31.518174755255657],[152.332111975551186,-31.518103599258605],[152.332154437554806,-31.518035051262249],[152.33220194655749,-31.51796888826641],[152.332252547559534,-31.517904877270876],[152.332304305561138,-31.517842756275481],[152.332357766562581,-31.517780394280248],[152.332413433563573,-31.517718973285231],[152.332471788563879,-31.517660286290514],[152.332533325563162,-31.517606090296123],[152.332598547561162,-31.517558187302146],[152.332702816554843,-31.517504923311954],[152.332817626544966,-31.517467982322895],[152.33293818353323,-31.517439665334482],[152.333059752521194,-31.517412227346146],[152.333177538510597,-31.517377958357425],[152.333248013504971,-31.517352052364117],[152.333318030499584,-31.517324837370772],[152.333387931494258,-31.517297309377387],[152.333458065488799,-31.517270417384061],[152.33352872848306,-31.517245157390775],[152.333627340474266,-31.517215809400206],[152.333727728464652,-31.517191033409837],[152.333828133454972,-31.517166695419466],[152.333926889445962,-31.517138674428928],[152.334022292438419,-31.517102881437975],[152.334096962433648,-31.517066748445011],[152.334169758429624,-31.517026284451834],[152.334241300426214,-31.516983006458506],[152.334312169423015,-31.516938455465116],[152.3343829754198,-31.516894182471713],[152.334430986417573,-31.516864682476182],[152.334478907415331,-31.516834993480643],[152.334526551413234,-31.51680488348509],[152.334573737411233,-31.516774101489467],[152.334620269409442,-31.516742414493791],[152.334686692406933,-31.516697217499946],[152.334753742404359,-31.516651645506162],[152.334818901402343,-31.516604010512182],[152.334879659401338,-31.516552620517743],[152.334933497401977,-31.516495779522593],[152.334968573403273,-31.516452304525711],[152.335002689404973,-31.516406543528696],[152.335033508407349,-31.51635879253136],[152.335058678410661,-31.516309382533457],[152.335075871415228,-31.516258637534769],[152.335083535419869,-31.516216309535213],[152.33508687942529,-31.516172386535203],[152.33508639543129,-31.516127808534826],[152.335082558437733,-31.516083526534118],[152.335075871444275,-31.516040472533152],[152.33506005045399,-31.515983103531184],[152.335036260464534,-31.515926925528444],[152.335007091475603,-31.515871922525193],[152.334975117486891,-31.515818085521662],[152.334942981498074,-31.515765386518137],[152.334909420509632,-31.515711082514454],[152.334874003521321,-31.515657477510587],[152.334836373533108,-31.515605414506528],[152.334796205544905,-31.515555727502239],[152.334753142556622,-31.515509276497689],[152.334700479569875,-31.515460646492176],[152.334643791583233,-31.515415360486305],[152.334584010596473,-31.51537352548015],[152.334522069609591,-31.515335231473806],[152.334458892622308,-31.515300594467377],[152.334406103632546,-31.515274697462029],[152.334351862642734,-31.515250924456538],[152.334296501652716,-31.515229662450974],[152.334240314662367,-31.515211312445363],[152.334183644671697,-31.515196253439697],[152.33412595268058,-31.515185164433976],[152.33406729268907,-31.515177877428187],[152.33400804969736,-31.515173278422363],[152.333948609705402,-31.515170284416527],[152.333889394713367,-31.515167801410715],[152.333781432727193,-31.515168294400169],[152.333673156740076,-31.515176110389639],[152.33356478275266,-31.515186517379121],[152.333456452765517,-31.515194800368594],[152.333348365779244,-31.515196261358032],[152.333237570794182,-31.515191196347164],[152.333126453809626,-31.515182761336245],[152.333015686825547,-31.515170202325322],[152.332905931841992,-31.515152812314458],[152.332797844858959,-31.515129864303724],[152.332690904876273,-31.515103420293073],[152.332583112894127,-31.515073696282318],[152.33247754491245,-31.515038207271733],[152.332377246931145,-31.514994517261609],[152.332285294950225,-31.514940150252219],[152.332207711968834,-31.514875493244155],[152.332137846987933,-31.51479967523677],[152.332072598007358,-31.514717278229789],[152.33200886402679,-31.514632936222924],[152.331943580046072,-31.51455123821593],[152.33188892706201,-31.514484349210115],[152.331835699077942,-31.514416097204403],[152.331782274093882,-31.514348096198685],[152.331727020109838,-31.514281942192781],[152.331668324125729,-31.514219239186595],[152.331572105149974,-31.51413028017652],[152.331469432174288,-31.514046853165873],[152.331361703198553,-31.513969000154766],[152.331250353222515,-31.513896813143347],[152.331136779245981,-31.513830336131761],[152.33101343527008,-31.51376870911924],[152.330885287293682,-31.513715597106327],[152.330754269316884,-31.513667684093168],[152.330622311340022,-31.51362167207991],[152.330491339363192,-31.513574226066769],[152.330398490379764,-31.513539634057441],[152.330305346396273,-31.513505803048083],[152.330212129412729,-31.513472197038741],[152.330119021429255,-31.513438269029379],[152.330026244445833,-31.513403488020042],[152.329921536464781,-31.513362541009514],[152.329817249483824,-31.513320472999006],[152.32971312450286,-31.513278000988521],[152.32960886452193,-31.513235878978012],[152.329504192540867,-31.513194814967477],[152.329443855551887,-31.513170540961394],[152.329383707562954,-31.51314533395534],[152.329323353573983,-31.513120870949265],[152.329262407584764,-31.513098872943139],[152.329200457595107,-31.513080989936952],[152.32912798360644,-31.513066163929757],[152.329054183617274,-31.513055961922454],[152.328979603627772,-31.513049373915131],[152.328904790637978,-31.513045402907778],[152.328830272647821,-31.5130430539005],[152.328742990659094,-31.513042981891953],[152.328655520669884,-31.513046629883419],[152.328568023680305,-31.51305314687492],[152.328480678690369,-31.513061724866457],[152.328393647700295,-31.513071513858019],[152.328265525714414,-31.513089073845627],[152.328137815727956,-31.513111178833299],[152.328010581740955,-31.513136842821059],[152.327883857753477,-31.51316506080888],[152.327757707765755,-31.51319483079676],[152.327631638777603,-31.513227611784693],[152.327506420788922,-31.513263879772715],[152.327381588799938,-31.513301787760788],[152.327256684811005,-31.513339463748864],[152.327131252822426,-31.513375067736863],[152.327019803832599,-31.513406405726212],[152.326908381842628,-31.513438649715543],[152.326796681852926,-31.513469458704865],[152.32668439886379,-31.513496475694087],[152.326571237875584,-31.513517361683181],[152.326458408888357,-31.513530645672251],[152.326344664901967,-31.513538166661185],[152.326230382916208,-31.513541895650043],[152.326115948930692,-31.513543795638871],[152.326001730945165,-31.513545821627734],[152.325895175958351,-31.51354966661734],[152.325788298971503,-31.513554282606922],[152.325681528984887,-31.513556981596523],[152.325575350998776,-31.513555062586118],[152.325470194013604,-31.513545829575779],[152.32538362102656,-31.513532060567215],[152.325297387040052,-31.513514060558645],[152.325211746053981,-31.513492520550123],[152.325126893068131,-31.513468102541651],[152.3250430620825,-31.513441497533272],[152.324942101100419,-31.513404538523126],[152.324842852118849,-31.513362291513108],[152.324744714137552,-31.51331671850318],[152.324647124156343,-31.5132697464933],[152.324549488175109,-31.51322334048341],[152.324440791196025,-31.513171259472411],[152.324332901217105,-31.513117457461473],[152.324225253238183,-31.513063135450547],[152.324117291259199,-31.513009494439594],[152.324008450280132,-31.512957745428579],[152.323890296302636,-31.512902993416631],[152.323771838325143,-31.512848519404663],[152.323652662347513,-31.51279580139262],[152.323532348369611,-31.512746347380485],[152.323410474391238,-31.512701635368249],[152.323324160406031,-31.512673981359622],[152.323237003420616,-31.51264880135091],[152.323149335435062,-31.512625127342176],[152.323061507449438,-31.51260196433342],[152.322973848463874,-31.512578325324679],[152.322882953478995,-31.512552742315606],[152.322792113494131,-31.512526836306549],[152.322701173509245,-31.512501387297462],[152.322609938524238,-31.512477193288372],[152.322518237538986,-31.512455016279247],[152.322412578555486,-31.512433252268757],[152.322306212571647,-31.512414615258223],[152.322199532587717,-31.512397360247675],[152.322092897603738,-31.512379790237116],[152.321986701620062,-31.512360168226603],[152.321883911636149,-31.512338762216395],[152.321781381652329,-31.512316172206219],[152.321678959668617,-31.512292902196037],[152.321576590684941,-31.512269452185855],[152.321474141701231,-31.512246351175683],[152.321405890712271,-31.512229230168881],[152.321337719723601,-31.512210182162075],[152.321269503734783,-31.512192092155285],[152.321201126745478,-31.512177893148493],[152.321132435755317,-31.512170471141726],[152.321094580760217,-31.512170211138031],[152.321056627764875,-31.512172075134337],[152.321018629769355,-31.512175024130645],[152.320980613773884,-31.512178000126955],[152.32094259677848,-31.512179946123243],[152.32085345078994,-31.512180286114539],[152.320764205801822,-31.512177525105795],[152.320674941813792,-31.512173643097046],[152.320585678825722,-31.512170631088292],[152.320496487837232,-31.512170470079589],[152.320376379852291,-31.512173392067869],[152.320255930867205,-31.512178035056134],[152.320135732881596,-31.512185950044451],[152.320016395895294,-31.512198715032884],[152.319898510907905,-31.512217916021502],[152.319743559922614,-31.51225725800666],[152.319591234935189,-31.512310136992156],[152.319440460946538,-31.512370848977881],[152.319290135957516,-31.512433704963662],[152.319139164969073,-31.512493000949341],[152.319051675976084,-31.512524831941025],[152.318964115983135,-31.512556474932701],[152.318876636990154,-31.512588341924396],[152.318789399997087,-31.512620799916103],[152.318702548003841,-31.512654261907869],[152.318541564015703,-31.512720568892632],[152.318382104026938,-31.512790720877561],[152.318223397037769,-31.51286280886259],[152.318064699048591,-31.512934941847625],[152.317905239059769,-31.513005245832549],[152.317807066066649,-31.513048469823278],[152.317709152073434,-31.513092527814035],[152.317610970080295,-31.513135850804762],[152.317511972087573,-31.513176842795396],[152.317411674095581,-31.513213917785865],[152.317270680107754,-31.513258808772424],[152.317127373120996,-31.513298070758715],[152.316982426135127,-31.5133319637448],[152.316836510150097,-31.513360746730758],[152.316690299165742,-31.513384689716649],[152.316618220173467,-31.513396530709695],[152.316545666181128,-31.513409008702702],[152.316473076189084,-31.513419370695679],[152.316400907197675,-31.513424820688677],[152.316329616207128,-31.513422633681678],[152.316264251217035,-31.513411750675228],[152.316199558227709,-31.513393975668773],[152.316135260238923,-31.513372138662323],[152.316071123250197,-31.513349119655899],[152.316006887261324,-31.513327775649458],[152.315940545272696,-31.513306315642826],[152.315874516284254,-31.513283484636201],[152.315808443295765,-31.513260984629586],[152.315741948307107,-31.513240412622931],[152.315674682318019,-31.513223434616233],[152.315621947326065,-31.513213941611006],[152.31556867533385,-31.513206976605755],[152.315515187341532,-31.513200970600483],[152.315461824349285,-31.513194337595234],[152.315408910357291,-31.513185489590008],[152.315363158364647,-31.513174204585439],[152.315317737372339,-31.513160363580905],[152.315272416380054,-31.513146469576377],[152.315226950387427,-31.513135040571846],[152.31518110039417,-31.513128586567316],[152.315139624399592,-31.513128101563261],[152.315097878404544,-31.513131230559203],[152.315055999409253,-31.513136501555149],[152.315014092413833,-31.513142435551107],[152.314972293418549,-31.513147562547061],[152.31490768142595,-31.513154518540794],[152.314843131433264,-31.513162075534549],[152.314778618440528,-31.513169954528305],[152.314714104447802,-31.513177860522063],[152.314649564455067,-31.513185506515811],[152.314564182464579,-31.513196514507559],[152.31447879147396,-31.513208669499306],[152.314393391483463,-31.513220062491044],[152.3143079384933,-31.513228784482759],[152.314222431503765,-31.513232943474428],[152.314144444513801,-31.513232853466825],[152.314066189524226,-31.513230182459157],[152.313988005535037,-31.513224714451464],[152.31391025154619,-31.513216225443802],[152.313833269557648,-31.513204491436202],[152.313773802566885,-31.513192605430312],[152.313714729576418,-31.513178388424429],[152.313655953586107,-31.513162512418564],[152.3135974095959,-31.513145696412725],[152.313539027605628,-31.513128611406902],[152.313454712619944,-31.513102803398482],[152.313370952634415,-31.513075069390105],[152.313287579649028,-31.513046007381732],[152.313204438663689,-31.513016229373381],[152.313121387678393,-31.512986325365063],[152.313045157691903,-31.512958680357411],[152.312969107705413,-31.512930533349774],[152.312893209719022,-31.512901974342153],[152.312817419732625,-31.512873110334528],[152.312741718746224,-31.512844048326919],[152.312648565763112,-31.512807367317549],[152.312555779780041,-31.512769772308211],[152.312463046797006,-31.512732034298875],[152.312370090813943,-31.512694869289515],[152.312276623830712,-31.512659085280127],[152.312223780840185,-31.512639158274816],[152.312170947849694,-31.512619088269506],[152.312117961859087,-31.512599501264187],[152.312064652868429,-31.512581017258842],[152.312010850877613,-31.512564237253461],[152.311937955889761,-31.51254318024619],[152.31186415590193,-31.512523253238836],[152.311789790913792,-31.512506257231447],[152.311715183925031,-31.512494022224057],[152.311640683935366,-31.512488347216749],[152.31156658794464,-31.512490274209515],[152.311492061953146,-31.512498530202304],[152.311417570960998,-31.512511519195126],[152.311343555968421,-31.512527618188013],[152.31127049897546,-31.512545268181011],[152.311156091985453,-31.512580721170092],[152.311044275993794,-31.512626365159509],[152.310933669001287,-31.512677038149075],[152.310822866008834,-31.512727613138622],[152.310710484017306,-31.512772935127984],[152.310624502024353,-31.512803224119811],[152.310572717028634,-31.512821035114886],[152.310484476036066,-31.512850616106483],[152.310370517045897,-31.512886795095618],[152.310255993056131,-31.512921028084691],[152.310140977066624,-31.512953164073693],[152.309975869082336,-31.512995106057875],[152.309809435098771,-31.513032665041887],[152.309642024115874,-31.513066324025782],[152.309474004133477,-31.513096569009594],[152.309305705151502,-31.513123917993365],[152.309150790168445,-31.513146461978394],[152.308995346185839,-31.513166262963356],[152.308839534203628,-31.513183329948269],[152.308683499221786,-31.513197672933142],[152.308527373240366,-31.513209298917985],[152.308426762252367,-31.513216603908202],[152.308325935264406,-31.513224034898414],[152.308225099276598,-31.513229717888603],[152.308124488289252,-31.513231761878792],[152.308024315302646,-31.51322827486899],[152.307913628318573,-31.513215859858082],[152.307803461335396,-31.51319600384717],[152.307693581352765,-31.513171935836262],[152.307583763370246,-31.513146845825354],[152.30747379338743,-31.513123941814442],[152.307301237414123,-31.513090407797346],[152.307128806440886,-31.513055931780254],[152.306956286467624,-31.513022110763156],[152.306783434494093,-31.512990503746042],[152.306610035520123,-31.512962696728898],[152.306479403539669,-31.512942581716],[152.306348457559238,-31.512922152703069],[152.306217332578484,-31.51290420669012],[152.306086163597087,-31.512891504677217],[152.305955100614597,-31.512886825664392],[152.305863408626351,-31.512887380655435],[152.305771142637894,-31.512889827646443],[152.305679172648922,-31.512895770637499],[152.30558833165918,-31.512906868628722],[152.305499498668212,-31.512924769620167],[152.305436239674208,-31.512940922614114],[152.305372604680002,-31.512959074608027],[152.305310233685162,-31.512980524602096],[152.305250739689342,-31.513006601596487],[152.305195763692183,-31.513038602591358],[152.305133230693542,-31.513088854585618],[152.305076004692893,-31.513149307580466],[152.305024417690561,-31.51321685957592],[152.304978790686874,-31.513288490572009],[152.304939483682318,-31.513361117568703],[152.304895945672371,-31.513477926565304],[152.304871473658579,-31.513605295563867],[152.304860224642226,-31.513738769563744],[152.304856360624768,-31.513873865564364],[152.304854065607429,-31.514006147565116],[152.304856387595493,-31.514093626565991],[152.304864580582773,-31.514181545567432],[152.304873517569945,-31.514269347568959],[152.304878053557729,-31.514356513570039],[152.304873060546953,-31.514442477570181],[152.304856907536106,-31.514539817569325],[152.304833609525957,-31.514638403567783],[152.304802253517181,-31.514734793565438],[152.304761924510302,-31.514825562562148],[152.304711699505901,-31.514907277557853],[152.304649794504286,-31.514979500552343],[152.304576451504943,-31.51504517954567],[152.304495148507584,-31.515104153538157],[152.304409354511733,-31.515156261530173],[152.304322547516904,-31.515201340522022],[152.30424863052221,-31.515232947515045],[152.304171719528625,-31.51525905950772],[152.304092845535934,-31.515280743500181],[152.304013066543746,-31.515299092492533],[152.303933376551868,-31.515315173484868],[152.303809826565868,-31.515329677472902],[152.303683873581804,-31.515331595460619],[152.303557060598479,-31.515329094448219],[152.303430892614585,-31.515330385435899],[152.303306920628756,-31.515343633423896],[152.303196583640329,-31.51536368641327],[152.303084972651646,-31.51538686640254],[152.302975370661841,-31.515416134392058],[152.302871074670179,-31.515454490382165],[152.302775384675783,-31.515504904373191],[152.302713613678122,-31.51554731236747],[152.302653931679487,-31.515594759361978],[152.30259761067984,-31.515646615356872],[152.302545915679104,-31.51570223735224],[152.302500127677177,-31.5157610133482],[152.302458777673792,-31.515826441344647],[152.302422858669075,-31.515896782341656],[152.302392434663176,-31.51597046633923],[152.302367550656328,-31.516045880337355],[152.302348260648756,-31.516121473336025],[152.302333541633715,-31.516249021335526],[152.302339358615285,-31.516381975337076],[152.302359195594647,-31.516517546340015],[152.302386491573174,-31.516652965343692],[152.302414709551869,-31.516785462347407],[152.302443017534216,-31.516890672350957],[152.302479761515656,-31.516994601355311],[152.302517535497032,-31.517098099359757],[152.302548944479156,-31.51720200936359],[152.302566585462898,-31.517307175366089],[152.302570987448149,-31.517413909367303],[152.302567356434054,-31.517523144367765],[152.302554878421176,-31.517632137367343],[152.302532746409895,-31.517738136365967],[152.302500144400796,-31.517838371363524],[152.30246977439549,-31.517907367361055],[152.302433963391138,-31.517974946358063],[152.302393392387671,-31.518040294354588],[152.302348787385142,-31.51810254935069],[152.30230082138354,-31.518160886346433],[152.302214830383775,-31.51824244933864],[152.302115617387159,-31.518312978329462],[152.302008148392645,-31.518375932319433],[152.301897380399083,-31.518434744309058],[152.3017882714054,-31.51849288529883],[152.301666235412796,-31.518555668287384],[152.301541197421244,-31.518612975275595],[152.301414518430335,-31.518667341263622],[152.30128759743954,-31.518721313251632],[152.301161815448211,-31.518777464239765],[152.30103728845674,-31.518834143228016],[152.300912258465416,-31.518890069216233],[152.300787794473848,-31.518947053204499],[152.300664969481744,-31.519006932192958],[152.300544852488571,-31.519071526181694],[152.300361539497544,-31.519181953164612],[152.300182403504692,-31.519301533147999],[152.30000854751006,-31.519429458131967],[152.299841082513609,-31.519564903116617],[152.299681111515326,-31.519707063102057],[152.299633342515477,-31.519752277097719],[152.299583879516035,-31.519795788093216],[152.299533627516865,-31.519838492088628],[152.299483483517605,-31.519881340084041],[152.299434333518121,-31.519925228079561],[152.299350332518799,-31.520001162071914],[152.299265605519622,-31.520077167064205],[152.299183011519915,-31.520155046056722],[152.299105418519048,-31.520236609049743],[152.299035679516436,-31.520323631043585],[152.299000379513956,-31.520376465040517],[152.298967750510855,-31.520431226037743],[152.298936645507439,-31.520487081035125],[152.29890588950397,-31.520543186032533],[152.298874327500641,-31.520598718029859],[152.298819136495382,-31.520691603025142],[152.298763506490246,-31.5207842270204],[152.29870794748507,-31.520876897015668],[152.298652971479783,-31.520969907011001],[152.298599071474257,-31.521063518006411],[152.29851927346499,-31.521210383999708],[152.29844285645504,-31.521359194993341],[152.298367433444895,-31.521508533987085],[152.298290576435079,-31.521657058980662],[152.298209918425982,-31.521803394973865],[152.298139291418892,-31.521924982967878],[152.298067382412057,-31.522045933961753],[152.297993761405593,-31.522165844955442],[152.297918024399593,-31.522284339948929],[152.29783974239416,-31.522400996942132],[152.297801143391695,-31.522456931938784],[152.297762230389282,-31.522512705935405],[152.297722681387029,-31.522568012931945],[152.297682173384999,-31.522622567928398],[152.297640419383242,-31.522676082924708],[152.297590328381972,-31.522733998920256],[152.297537387381368,-31.522789691915495],[152.297483854380971,-31.52284487491066],[152.297432016380156,-31.522901284906023],[152.297384148378427,-31.522960652901787],[152.297321266373132,-31.523061013896399],[152.297268504365661,-31.523168688892039],[152.297219641357202,-31.523279313888089],[152.297168511349298,-31.523388485883892],[152.297108891343214,-31.523491848878827],[152.297046941339488,-31.523579776873447],[152.29698077833666,-31.523665059867607],[152.296911424334525,-31.52374813786145],[152.29683989233294,-31.523829396855056],[152.296767194331693,-31.523909220848548],[152.296714665330825,-31.523966930843855],[152.296661778329934,-31.52402470383911],[152.296607635329423,-31.524081122834254],[152.296551324329499,-31.524134798829149],[152.296491937330586,-31.524184306823713],[152.296403337333942,-31.524244920815512],[152.296308526339089,-31.524297987806658],[152.296209590345541,-31.524345406797345],[152.296108665352733,-31.52438908878781],[152.296007856360177,-31.52443094077827],[152.295933402365591,-31.524461929771231],[152.295858310371273,-31.524492236764129],[152.295782466377318,-31.524520338756933],[152.295705798383949,-31.524544684749621],[152.295628187391429,-31.524563741742188],[152.295557166399107,-31.52457484873533],[152.29548515840753,-31.524581024728356],[152.295412577416442,-31.524584493721296],[152.295339888425389,-31.524587477714224],[152.295267513434112,-31.524592192707189],[152.295189446442947,-31.524601542699646],[152.295111236451419,-31.524613535692094],[152.295033142459999,-31.524624651684555],[152.294955424469123,-31.524631365677013],[152.294878343479212,-31.52463014566948],[152.294808478489244,-31.524622284662613],[152.29473820949994,-31.524610057655661],[152.294668712511111,-31.524593213648764],[152.294601132522729,-31.524571529641996],[152.294536646534596,-31.524544772635505],[152.294478084546483,-31.524512358629547],[152.294422472558807,-31.524473598623832],[152.294368616571376,-31.524431144618269],[152.294315316584061,-31.52438759761273],[152.294261380596595,-31.524345574607167],[152.294197575610923,-31.524299499600595],[152.294133249625304,-31.524253908593977],[152.294069507639648,-31.524207636587402],[152.29400744965406,-31.524159535580999],[152.293948143668473,-31.524108440574839],[152.293877516686877,-31.524038880567428],[152.293810636705302,-31.523964963560356],[152.293746795723763,-31.523887872553562],[152.293685302742205,-31.523808819546964],[152.293625423760545,-31.523729012540549],[152.293574176776389,-31.523659452535028],[152.293523870792257,-31.523588914529594],[152.293475456808068,-31.523517104524341],[152.293429892823696,-31.523443751519352],[152.293388129839087,-31.523368561514722],[152.293341633858603,-31.52326677550943],[152.293302828877671,-31.523161000504867],[152.293268299896482,-31.523053011500703],[152.293234594915276,-31.522944547496618],[152.293198290934214,-31.522837374492276],[152.293168279948929,-31.522755658488748],[152.293138070963693,-31.522674023485202],[152.293107683978462,-31.522592451481632],[152.293077124993232,-31.522510941478053],[152.293046415008007,-31.522429494474434],[152.293008345026067,-31.522330864470003],[152.292969450044154,-31.522232538465484],[152.292930618062229,-31.522134194460968],[152.292892701080262,-31.522035527456538],[152.292856576098103,-31.521936233452287],[152.292817942118347,-31.521821413447668],[152.292781512138419,-31.521705814443255],[152.292746364158404,-31.521589757438967],[152.292711584178335,-31.521473584434712],[152.292676230198339,-31.521357617430414],[152.292654125211953,-31.521276412427653],[152.29263466422546,-31.52119368442515],[152.292613913239052,-31.521111699422512],[152.292587944252887,-31.521032789419394],[152.292552832267205,-31.520959213415434],[152.292513059280537,-31.52089755841109],[152.292467496294279,-31.5208382534062],[152.292417136308217,-31.52078227240089],[152.292362994322076,-31.520730586395214],[152.292306046335568,-31.520684135389303],[152.292250469347834,-31.520645984383606],[152.292191316360004,-31.520611697377579],[152.292129581371995,-31.520581318371324],[152.292066242383669,-31.520554865364961],[152.292002311394924,-31.520532365358552],[152.291914751408882,-31.520512151349855],[152.291823865421833,-31.520502694340919],[152.291731196434341,-31.520498606331838],[152.291638293446852,-31.520494483322743],[152.29154670845989,-31.520484945313729],[152.29149495046758,-31.520477478308628],[152.291442959475262,-31.520470262303498],[152.291391228483008,-31.520462033298397],[152.291340223490948,-31.520451536293344],[152.291290428499252,-31.520437516288368],[152.291238527508398,-31.520418934283171],[152.291187074517893,-31.520397411277987],[152.291136885527635,-31.520372841272902],[152.291088802537502,-31.520345133268002],[152.291043642547436,-31.520314216263369],[152.29098842456105,-31.520265345257631],[152.290938826574973,-31.520208603252371],[152.290893101589091,-31.52014689424745],[152.29084951860321,-31.520083107242723],[152.29080634861711,-31.520020153238043],[152.290754141634721,-31.519938643232358],[152.290706830652084,-31.519853638227108],[152.290660943669423,-31.519767655221997],[152.29061301368688,-31.519683196216693],[152.290559561704441,-31.519602789210889],[152.290496867723476,-31.519520330204152],[152.290430802742748,-31.51943938519711],[152.290360964762101,-31.519361730189718],[152.290286949781262,-31.51928913018196],[152.290208362800172,-31.519223362173811],[152.290124952818957,-31.519162756165223],[152.290036514837936,-31.519105700156171],[152.289944212856568,-31.519055224146793],[152.28984923887424,-31.519014384137229],[152.289752750890386,-31.518986219127594],[152.289698769898536,-31.518977237122257],[152.289643865906299,-31.518972289116867],[152.289588432913746,-31.518969931111442],[152.289532846921077,-31.51896873010601],[152.289477494928377,-31.518967251100591],[152.289409045937617,-31.518964239093897],[152.289340372946839,-31.51896134308717],[152.289271762955849,-31.518959945080461],[152.289203474964438,-31.51896145107381],[152.289135787972413,-31.518967259067246],[152.289058787980593,-31.518980445059825],[152.288982405987923,-31.518999377052509],[152.288906561994651,-31.519022163045275],[152.288831157001084,-31.519046859038099],[152.288756120007463,-31.519071599030962],[152.28870049801256,-31.519087044025646],[152.288643057018135,-31.519100956020143],[152.288586853023276,-31.519116625014778],[152.288534934027183,-31.519137368009872],[152.288490347029068,-31.519166456005731],[152.288454375028465,-31.519205664002509],[152.288424686026019,-31.519252984999966],[152.288399703022264,-31.519305352997904],[152.288377822017878,-31.519359727996171],[152.288357474013395,-31.519413090994576],[152.288328888005566,-31.519499762992425],[152.288307938996212,-31.51959020099105],[152.288293677985763,-31.519682843990338],[152.28828520697445,-31.519776104990211],[152.288281548962658,-31.519868397990514],[152.288284748952407,-31.519942296991378],[152.288294187941347,-31.520016285992856],[152.288305832929979,-31.520090318994537],[152.288315602918914,-31.520164352996034],[152.288319511908526,-31.520238331996964],[152.288318471900595,-31.520299331997307],[152.288315629892793,-31.520360591997481],[152.288310466885349,-31.520421708997432],[152.288302443878308,-31.520482268997092],[152.288291041871844,-31.520541879996415],[152.288280580866882,-31.520589253995745],[152.28826921486197,-31.520637202994994],[152.288255481857476,-31.520684227993996],[152.288237929853835,-31.520728840992621],[152.288215098851367,-31.520769528990673],[152.28817044985044,-31.520819789986685],[152.288113133852079,-31.520862834981425],[152.28804776885562,-31.520899720975322],[152.287978978860281,-31.520931525968841],[152.287911372865267,-31.520959241962444],[152.287858332869547,-31.520978585957408],[152.287803760874397,-31.520995061952199],[152.287748174879738,-31.521008507946888],[152.287692122885602,-31.521018753941483],[152.287636116891917,-31.521025646936067],[152.287568294900268,-31.521028595929479],[152.287499684909477,-31.521025879922746],[152.287430805919257,-31.521018851915983],[152.287362204929451,-31.521008838909218],[152.287294409939705,-31.520997194902517],[152.287231088949653,-31.520983837896239],[152.287168322959957,-31.520967388889989],[152.287105879970426,-31.52094907588377],[152.287043571980973,-31.520930134877545],[152.28698118199145,-31.520911829871327],[152.286903456004609,-31.520888182863565],[152.286826097017951,-31.520862706855841],[152.286748693031285,-31.520837661848095],[152.286670805044281,-31.520815332840325],[152.286592021056691,-31.520798004832507],[152.286531855065732,-31.520788502826566],[152.286471205074548,-31.520781107820596],[152.286410277083121,-31.52077561281461],[152.286349241091472,-31.520771829808623],[152.286288286099648,-31.520769543802658],[152.286233256106811,-31.52076890779729],[152.286178146113798,-31.520769749791917],[152.286123026120606,-31.520771856786553],[152.286067970127306,-31.520775020781208],[152.286013029133869,-31.52077903677587],[152.285953796140859,-31.520783840770122],[152.285894490147768,-31.520789308764382],[152.285835364154451,-31.520796148758663],[152.28577670316082,-31.520805129753011],[152.285718787166701,-31.520816980747437],[152.285646609173426,-31.520836431740545],[152.285575185179482,-31.520860168733741],[152.285504728184947,-31.520887481727069],[152.285435454189866,-31.520917600720541],[152.285367588194305,-31.520949781714151],[152.285304804198034,-31.520982732708262],[152.285243374201201,-31.521018579702531],[152.285182948203925,-31.521056425696923],[152.285123221206419,-31.521095436691382],[152.285063853208868,-31.521134761685868],[152.284968181212861,-31.521197383677002],[152.284872410216707,-31.521261072668128],[152.284778915219931,-31.521327602659493],[152.284690073221896,-31.52139874065136],[152.284608259222153,-31.521476252643946],[152.284529672219747,-31.521570759636965],[152.284460425214888,-31.521674122630984],[152.284396306208777,-31.521782407625516],[152.28433309220236,-31.521891660620152],[152.284266553196829,-31.521997955614435],[152.284129529187197,-31.522202979602582],[152.283991950177693,-31.522407958590669],[152.283851700168753,-31.522610983578485],[152.283706654160994,-31.522810117565804],[152.283554688154851,-31.5230034345524],[152.283448187151549,-31.523131646542947],[152.283339642148661,-31.523258540533302],[152.283228364146453,-31.523382969523364],[152.28311359814515,-31.523503839513058],[152.282994682145045,-31.523620012502303],[152.282908395145199,-31.523702606494503],[152.28282133714535,-31.523785899486622],[152.282731858146263,-31.523865839478461],[152.282638319148646,-31.523938367469885],[152.282539079153338,-31.523999447460646],[152.2824600171584,-31.524037876453221],[152.282377746164457,-31.524071732445435],[152.282293260171542,-31.524100605437415],[152.282207502179489,-31.524124073429221],[152.282121448188235,-31.524141732420954],[152.282029988198531,-31.524152901412105],[152.281936933210034,-31.524156782403061],[152.281843108222347,-31.524155070393903],[152.281749318235143,-31.524149485384704],[152.281656352248177,-31.524141731375575],[152.281593201257095,-31.524135779369367],[152.281529951266151,-31.524128751363154],[152.281466962275459,-31.524119957356941],[152.281404572284998,-31.524108707350763],[152.281343124294835,-31.524094302344672],[152.281287082304345,-31.524077145339071],[152.281231908314169,-31.524056743333542],[152.281177228324168,-31.524034494328049],[152.281122665334237,-31.524011761322548],[152.281067859344176,-31.523989961317056],[152.281012757354034,-31.523969218311525],[152.280957602363912,-31.523948610305993],[152.280902474373761,-31.523927939300453],[152.280847453383615,-31.523907008294934],[152.280792602393547,-31.523885629289435],[152.280750436401149,-31.523869395285185],[152.280708099408685,-31.523853457280946],[152.280665968416315,-31.523837080276717],[152.280624402423996,-31.523819582272527],[152.280583787431794,-31.523800256268423],[152.280548316438825,-31.523781646264826],[152.280513204445953,-31.523762078261264],[152.280478729453137,-31.523741389257751],[152.280445213460411,-31.523719391254307],[152.280412934467705,-31.523695915250986],[152.280376163476546,-31.523665078247177],[152.28034138348545,-31.523631625243528],[152.280307894494484,-31.523596504240007],[152.280275023503435,-31.523560702236537],[152.280242071512447,-31.523525168233068],[152.28020939852135,-31.523489510229606],[152.280177477530316,-31.523453116226229],[152.280145763539252,-31.523416534222861],[152.280113698548206,-31.523380310219469],[152.280080711557162,-31.523344947215985],[152.280043448566829,-31.523308222212094],[152.280004983576532,-31.523272644208074],[152.27996616958626,-31.523237415204015],[152.279927849595907,-31.523201712200024],[152.27989088160561,-31.523164726196143],[152.279838514620081,-31.5231068371906],[152.279788396634473,-31.523046778185279],[152.27973977664891,-31.522985321180073],[152.279691917663342,-31.522923201174954],[152.279644094677735,-31.522861179169826],[152.279593833692985,-31.522795482164451],[152.279544433708139,-31.522729130159139],[152.279495472723312,-31.522662411153863],[152.279446564738521,-31.522595665148604],[152.279397298753707,-31.522529188143299],[152.279326546775138,-31.522436555135712],[152.279254762796597,-31.522344638128036],[152.279183239818053,-31.522252560120382],[152.279113257839469,-31.522159442112876],[152.279046108860769,-31.52206438810563],[152.279001172875127,-31.521999721100755],[152.278955751889612,-31.521934948095851],[152.278911917903969,-31.521869322091085],[152.278871741918095,-31.521802057086681],[152.278837283931807,-31.521732397082797],[152.278805963946667,-31.521651022079144],[152.278780560961167,-31.52156652807605],[152.278760373975246,-31.521480034073441],[152.278744713988857,-31.521392671071268],[152.278732872001996,-31.521305542069467],[152.278725092014014,-31.521222607068097],[152.278721138025702,-31.521138838067081],[152.278721076036845,-31.521054801066466],[152.278724966047463,-31.520971060066234],[152.278732863057513,-31.520888170066396],[152.278752593070379,-31.520772167067456],[152.278782058081902,-31.520656917069488],[152.278818738092355,-31.52054274307222],[152.278860125102,-31.520430003075418],[152.278903717111149,-31.520319038078853],[152.278938273117461,-31.520238004081641],[152.278975841123213,-31.520158162084705],[152.27901511212869,-31.520079001087954],[152.279054778134082,-31.520000001091248],[152.27909353813962,-31.519920634094433],[152.279126884145029,-31.519848062097164],[152.279159315150537,-31.519774979099779],[152.279192150155978,-31.519702120102455],[152.279226733161067,-31.519630273105292],[152.279264391165526,-31.519560184108453],[152.279304541169722,-31.519489799111845],[152.279345963173739,-31.519419244115369],[152.27939008417718,-31.519350696119172],[152.279438346179518,-31.519286290123404],[152.279492183180309,-31.519228186128224],[152.279548423179278,-31.519181528133366],[152.279610033176795,-31.519140446139083],[152.279674851173439,-31.519102780145115],[152.2797407011698,-31.519066350151274],[152.27980541116645,-31.519028989157299],[152.279904553161543,-31.518969584166545],[152.280004492156394,-31.51891143517587],[152.280105167150992,-31.518854514185264],[152.280206513145373,-31.518798848194749],[152.280308469139413,-31.518744410204292],[152.28038034313505,-31.518707837211043],[152.280452888130384,-31.518672537217849],[152.280525577125701,-31.518637506224689],[152.280597844121104,-31.518601740231471],[152.280669153116946,-31.518564181238151],[152.280730637113606,-31.518529472243888],[152.280791466110543,-31.518493581249562],[152.280851937107627,-31.518457026255192],[152.280912318104726,-31.518420318260816],[152.280972888101729,-31.518383951266451],[152.281025937098718,-31.518355330271422],[152.28108077809523,-31.518328465276568],[152.281134732091942,-31.518300730281634],[152.281185101089619,-31.518269509286316],[152.281229168088913,-31.51823218329034],[152.281256320089454,-31.518201786292757],[152.28128143709057,-31.518168924294965],[152.281304375092276,-31.518134180296947],[152.28132496609436,-31.518098162298685],[152.281343064096916,-31.518061437300187],[152.281355721099175,-31.518032241301214],[152.281367240101673,-31.518002248302111],[152.281377163104452,-31.51797167230286],[152.281385069107586,-31.517940737303395],[152.281390519111,-31.517909668303702],[152.281392913115155,-31.517876017303685],[152.281392070119807,-31.51784187330335],[152.281389076124754,-31.517807488302797],[152.281381026134937,-31.517738922301518],[152.281376679141374,-31.517694532300769],[152.281372098147926,-31.517649739299983],[152.281365895154636,-31.517605341299053],[152.281356680161565,-31.517562081297836],[152.281343064168794,-31.517520757296211],[152.281303183182956,-31.517452989291808],[152.281246190198459,-31.517391702285799],[152.281178763214712,-31.517334870278795],[152.281107581231083,-31.517280549271458],[152.281039320247061,-31.517226702264395],[152.280982013260456,-31.51718124525847],[152.280922815273811,-31.517138057252382],[152.280862846287164,-31.517095783246219],[152.280803227300538,-31.517053060240105],[152.280745078313942,-31.517008536234094],[152.280665962332733,-31.516943915225891],[152.28058790435162,-31.516877725217785],[152.280511432370446,-31.516809688209822],[152.280437085389394,-31.516739554202058],[152.280365400408272,-31.516667053194528],[152.280301379425936,-31.51659617518775],[152.280240173443616,-31.516522616181256],[152.280180590461271,-31.516447516174878],[152.280121473478943,-31.516371976168553],[152.280061665496561,-31.516297118162161],[152.280012282510995,-31.516236432156909],[152.279913777539889,-31.516114835146404],[152.279864431554302,-31.516054122141131],[152.279814878568743,-31.515993579135859],[152.279758262585119,-31.515925005129834],[152.279701448601514,-31.515856592123789],[152.279644455617955,-31.515788313117724],[152.279587346634372,-31.515720160111645],[152.279530120650804,-31.515652087105554],[152.279477537665997,-31.515588972099959],[152.279425196681132,-31.515525623094383],[152.279372578696297,-31.515462517088785],[152.279319135711461,-31.515400172083126],[152.279264347726638,-31.515339074077328],[152.279191730746248,-31.515261867069668],[152.279117455765913,-31.515186031061866],[152.279041521785558,-31.515111801053909],[152.278963929805172,-31.515039434045807],[152.278884669824748,-31.51496913003756],[152.27880524084361,-31.514904006029326],[152.278723300862453,-31.514841805020883],[152.278640267881258,-31.514780850012322],[152.278557538900031,-31.514719509003811],[152.278476522918936,-31.514656106995442],[152.27838081494167,-31.514577635985521],[152.278285760964508,-31.514498133975668],[152.278192068987352,-31.514417090965921],[152.278100395010199,-31.514333967956361],[152.278011427033078,-31.514248226947057],[152.277938999052026,-31.514175949939467],[152.27786707207099,-31.514102660931908],[152.277797207090003,-31.514027568924529],[152.277730909108868,-31.513949878917494],[152.277669721127523,-31.513868798910938],[152.277642775136115,-31.513830334908015],[152.277616125144704,-31.513791412905121],[152.277590623153259,-31.513751818902346],[152.27756708416166,-31.513711283899742],[152.277546323169872,-31.513669601897419],[152.277528736177715,-31.513627649895405],[152.277513210185475,-31.513584514893569],[152.277499827193054,-31.513540546891939],[152.277488685200382,-31.513496067890522],[152.277479882207444,-31.513451426889336],[152.27747199421762,-31.513382547888057],[152.277470497227142,-31.51331223388739],[152.277473885236162,-31.513241257887202],[152.277480671244689,-31.513170396887332],[152.277489366252865,-31.513100459887671],[152.277501458260701,-31.513029599888334],[152.277517755267979,-31.512959277889408],[152.277536552274853,-31.512889295890719],[152.277556139281614,-31.512819439892112],[152.277574793288522,-31.512749493893423],[152.277590381294317,-31.512690743894495],[152.277606830299987,-31.512632163895674],[152.277623073305676,-31.512573557896829],[152.277638051311584,-31.512514717897862],[152.27765073531782,-31.512455430898658],[152.277666037328004,-31.512363567899474],[152.277677681338901,-31.51227065589994],[152.27768546235032,-31.512177197899991],[152.277689200362261,-31.512083693899665],[152.277688689374713,-31.511990638898933],[152.277687129380979,-31.511944949898439],[152.277684843387362,-31.511899179897888],[152.277681437393852,-31.511853489897209],[152.277676525400523,-31.511808042896401],[152.277669703407383,-31.511762989895395],[152.277660497415013,-31.511714557894145],[152.277649669422829,-31.511666142892739],[152.277636788430868,-31.511618221891116],[152.277621450439057,-31.511571303889287],[152.277603253447467,-31.511525838887167],[152.277583138455668,-31.511483662884896],[152.277560558464103,-31.511442249882386],[152.27753569247264,-31.511402018879661],[152.277508728481251,-31.511363348876756],[152.277479864489862,-31.511326631873654],[152.277440190500727,-31.511283246869471],[152.277396652511726,-31.511242567864929],[152.27735016552279,-31.511204604860104],[152.277301661533699,-31.511169394855123],[152.277252054544419,-31.511136935850054],[152.277205334554083,-31.511109434845292],[152.277156920563698,-31.51108411984038],[152.277107196573155,-31.511061189835353],[152.277056523582388,-31.511040796830269],[152.277005267591306,-31.511023110825143],[152.276926465603879,-31.511005075817309],[152.276844848615553,-31.510996317809287],[152.276761815626855,-31.510991826801156],[152.276678773638196,-31.510986617793019],[152.276597129650213,-31.510975681784974],[152.27652441366169,-31.510959743777764],[152.276452262673445,-31.510940928770587],[152.276380398685433,-31.51092058876343],[152.276308543697439,-31.510900097756267],[152.276236437709258,-31.510880824749094],[152.276173241719277,-31.510866813742823],[152.27610931972913,-31.510854640736504],[152.276045675739027,-31.510841884730198],[152.275983312749133,-31.510826125724002],[152.275923209759696,-31.510804943717975],[152.275851103773562,-31.510770602710682],[152.275780843788056,-31.510729583703544],[152.275713425802934,-31.510682970696617],[152.275649808817917,-31.510631849690032],[152.275590995832715,-31.510577294683898],[152.275535033848229,-31.51051508467798],[152.275484297863784,-31.510447083672524],[152.275437819879357,-31.510375093667463],[152.275394613894775,-31.510300898662713],[152.27535370190995,-31.510226318658159],[152.275309061928084,-31.51013321865312],[152.275271063945809,-31.51003658664872],[152.275236390963357,-31.509938126644602],[152.275201753980951,-31.509839540640492],[152.275163863998671,-31.509742558636081],[152.275129218013831,-31.509662259632112],[152.275093729029038,-31.509582309628062],[152.275057533044276,-31.509502673623945],[152.275020754059568,-31.509423297619776],[152.27498351807489,-31.509344154615547],[152.274947303089846,-31.509266383611436],[152.274911295104857,-31.509188396607364],[152.274874399119938,-31.509110884603192],[152.274835558135067,-31.509034529598839],[152.274793679150378,-31.508959985594203],[152.274759920161955,-31.508905466590523],[152.274724576173639,-31.508851861586663],[152.274688074185349,-31.508798956582719],[152.274650847197165,-31.508746534578695],[152.274613342208909,-31.508694400574662],[152.274577898219832,-31.508646514570842],[152.274541594230783,-31.508599256566956],[152.274504976241758,-31.508552222563029],[152.274468592252703,-31.508505026559149],[152.274432987263623,-31.50845724855532],[152.274393617275877,-31.508403187551071],[152.274354427288131,-31.508348919546854],[152.274315935300393,-31.508294185542706],[152.274278681312552,-31.508238688538651],[152.274243148324643,-31.508182171534767],[152.274218363333233,-31.508141465532052],[152.274193676341866,-31.508100509529349],[152.274170002350388,-31.508059032526742],[152.274148229358843,-31.508016785524298],[152.274129243367042,-31.507973489522122],[152.274107156379017,-31.507904753519465],[152.274091935390516,-31.507833203517446],[152.274081124401619,-31.507759958515855],[152.274072232412522,-31.507686202514442],[152.274062802423515,-31.507613029512985],[152.274056509430579,-31.507565691512021],[152.274051015437635,-31.507518226511142],[152.274045815444595,-31.507470735510296],[152.274040428451571,-31.507423262509402],[152.274034324458682,-31.507375896508453],[152.274029716465776,-31.507326998507654],[152.274026964472796,-31.507276799507007],[152.27402271547993,-31.507227327506232],[152.274013635487279,-31.507180634504998],[152.27399636149508,-31.507138745503003],[152.273974364501953,-31.507108295500643],[152.273947113509138,-31.507080748497781],[152.273916618516438,-31.507055156494609],[152.273884903523793,-31.507030541491336],[152.273853978531037,-31.507005953488132],[152.273810727541331,-31.50697062648366],[152.273766382551571,-31.50693630247908],[152.273720872561796,-31.506903521474413],[152.273674161571904,-31.506872810469623],[152.273626177581804,-31.506844699464743],[152.273577162591522,-31.506819062459776],[152.273526757601189,-31.50679529945468],[152.27347523261065,-31.50677392044949],[152.273422856619874,-31.506755427444251],[152.273369897628669,-31.506740358438975],[152.273321366636424,-31.50672906443415],[152.273271831644053,-31.506719598429246],[152.273221866651426,-31.506712928424331],[152.273172098658193,-31.506710042419463],[152.273123110664244,-31.50671190641469],[152.273070886669842,-31.506720637409661],[152.273019056674514,-31.506735589404716],[152.272967720678594,-31.506754709399853],[152.27291694868228,-31.506775945395066],[152.272866839685918,-31.506797270390333],[152.27281004368993,-31.506821939384981],[152.272753866693648,-31.506848499379682],[152.272698559697005,-31.506876969374499],[152.272644389699934,-31.50690732136945],[152.27259158370245,-31.50693956436454],[152.272528844704368,-31.506986060358749],[152.272469897704951,-31.507038777353394],[152.272411945705215,-31.507092901348148],[152.272352182706186,-31.507143646342698],[152.272287847708839,-31.507186189336732],[152.272235453712113,-31.507212230331813],[152.27218109671611,-31.507234971326685],[152.272125411720594,-31.507255113321392],[152.27206903772543,-31.507273400316031],[152.272012591730402,-31.507290530310645],[152.271936272737378,-31.507311981303371],[152.271858841744859,-31.507330841295957],[152.271780639752819,-31.507346563288454],[152.271702043761366,-31.507358611280878],[152.271623429770443,-31.507366418273261],[152.271577543775834,-31.507370246268824],[152.271531065781318,-31.507374065264319],[152.271484748787032,-31.507375974259819],[152.271439354793159,-31.507374064255369],[152.27139561979979,-31.507366418251049],[152.271356993806393,-31.507354353247194],[152.271318592813458,-31.50733847724333],[152.271281472820789,-31.507319151239571],[152.271246692828214,-31.507296741236019],[152.271215282835612,-31.507271570232767],[152.27118744084305,-31.507242607229831],[152.271162700850596,-31.507209781227186],[152.271140496858152,-31.507174356224748],[152.271120237865659,-31.5071376032225],[152.271101377872981,-31.507100824220391],[152.271077336883224,-31.507047085217653],[152.271057490893185,-31.506990926215312],[152.271041103903002,-31.506933171213277],[152.271027496912524,-31.506874672211527],[152.271015951921783,-31.506816253209962],[152.271005803932269,-31.506747096208471],[152.270999950942354,-31.506677043207379],[152.270997279952098,-31.5066064432066],[152.270996660961544,-31.506535726206014],[152.27099696597088,-31.506465287205529],[152.270999251982687,-31.506374096205075],[152.271004728994086,-31.506282816204941],[152.271012859005168,-31.506191608205068],[152.271023114015918,-31.50610060520539],[152.271034920026466,-31.506009980205874],[152.271055618039497,-31.505891807207021],[152.271082339051617,-31.505774460208762],[152.271111060063475,-31.505657391210697],[152.271137728075672,-31.50554004321242],[152.271158318088709,-31.50542186221357],[152.271170052100217,-31.505323733213988],[152.271179034112151,-31.505225192214144],[152.271185936124397,-31.50512638321408],[152.271191458136798,-31.50502747421389],[152.271196271149364,-31.504928601213631],[152.271201148159577,-31.504846904213505],[152.271206625169754,-31.50476496421344],[152.27121060518013,-31.504683078213223],[152.271211026190912,-31.504601560212659],[152.271205764202307,-31.504520722211545],[152.271200718209684,-31.504470228210685],[152.271195250217175,-31.504419080209772],[152.271187559224842,-31.504368523208651],[152.27117585223283,-31.504319786207155],[152.271158300241211,-31.504274096205098],[152.271133892249907,-31.504232037202417],[152.271103701259051,-31.504192426199165],[152.271069566268437,-31.504154884195568],[152.271033352277897,-31.504119002191771],[152.270996949287166,-31.504084392187963],[152.270948194299109,-31.504041571182903],[152.270896338311104,-31.50400178817755],[152.270842285323056,-31.503964435172001],[152.270786941334876,-31.503928929166332],[152.270731177346619,-31.503894678160652],[152.270658434361081,-31.503856204153273],[152.2705822313753,-31.503823136145598],[152.270505383389406,-31.503791287137872],[152.27043069640365,-31.50375646213033],[152.270360992418205,-31.503714448123212],[152.270263912440697,-31.503639356113204],[152.270170104464256,-31.503553060103414],[152.270084965487854,-31.503457826094412],[152.27001390751056,-31.503355933086734],[152.269962338531286,-31.503249656080925],[152.269949277537876,-31.503212769079372],[152.269937525544407,-31.503175120077945],[152.269927549550744,-31.50313694307669],[152.269919831556876,-31.50309847807566],[152.269914873562612,-31.503059942074891],[152.269914004571774,-31.502992004074308],[152.269922009579943,-31.502922381074573],[152.269937095587295,-31.50285257907553],[152.269957470593766,-31.502784103077008],[152.269981315599409,-31.50271846007886],[152.270016149604572,-31.502645860081717],[152.27005978560814,-31.502576623085453],[152.270108800610728,-31.502509527089749],[152.270159725613013,-31.502443382094217],[152.27020911661549,-31.502376977098539],[152.270276570619131,-31.502283904104441],[152.270345763622373,-31.502192023110506],[152.270416345625392,-31.502101147116722],[152.270487976628118,-31.502011086123048],[152.270560306630699,-31.501921661129433],[152.270667999633304,-31.501797627139023],[152.270780865634748,-31.501677474149144],[152.270893990636097,-31.501557688159295],[152.27100244563843,-31.501434738168953],[152.271101327642924,-31.501305092177649],[152.271158517647279,-31.501216833182575],[152.271211951652475,-31.501125983187109],[152.271263368658111,-31.501033735191456],[152.271314499663788,-31.50094127219576],[152.271367090669202,-31.500849776200216],[152.271418257673332,-31.500768868204602],[152.271471969677037,-31.500689061209254],[152.271524784680906,-31.500608915213807],[152.271573235685537,-31.50052701121793],[152.271613868691588,-31.500441889221268],[152.271640796696943,-31.500375573223408],[152.271666541702672,-31.500307501225411],[152.271688305709034,-31.500238451227034],[152.271703320716313,-31.50016916022798],[152.271708779724747,-31.500100406228],[152.271704306733454,-31.500039236227121],[152.271692572743149,-31.499977653225518],[152.271675478753508,-31.499916322223399],[152.271654933764154,-31.499855842220949],[152.27163284677485,-31.499796868218358],[152.271607056785939,-31.49973822521541],[152.271576875797393,-31.499681286212045],[152.271544407809046,-31.499625207208474],[152.271511743820724,-31.499569164204871],[152.271480979832205,-31.499512297201452],[152.27145614084219,-31.499461130198657],[152.271432331852139,-31.499409417195945],[152.271408604862074,-31.499357668193255],[152.271383998872039,-31.499306430190483],[152.271357590882104,-31.499256186187537],[152.271314447897794,-31.499179876182751],[152.271269152913703,-31.499104041177777],[152.271220738929742,-31.499030303172532],[152.2711682729458,-31.498960321166887],[152.271110795961761,-31.498895735160815],[152.271072322971719,-31.498857943156771],[152.271032128981773,-31.498821433152585],[152.270990284991768,-31.498786742148251],[152.270946890001653,-31.498754418143786],[152.270901981011349,-31.498724989139184],[152.270833550025031,-31.498688255132244],[152.270760853038439,-31.498657562124933],[152.270685358051594,-31.498631961117379],[152.270608519064353,-31.498610483109719],[152.270531797076615,-31.498592196102098],[152.2704675250869,-31.498577235095727],[152.270401783097299,-31.498562731089208],[152.27033590710721,-31.498551903082696],[152.270271223116055,-31.498548003076369],[152.270209076123223,-31.49855426007035],[152.270166166127012,-31.49856729406627],[152.270124582129853,-31.498586360062358],[152.270083563132204,-31.498608385058514],[152.270042373134601,-31.498630329054656],[152.270000260137493,-31.498649117050693],[152.269915587144339,-31.498679774042667],[152.269828744151852,-31.498707445034402],[152.269740565160163,-31.498730232025967],[152.26965192016948,-31.498746206017429],[152.269563643179879,-31.498753466008878],[152.269500626187977,-31.498753457002731],[152.269436964196643,-31.498749996996505],[152.269373481205804,-31.498742744990267],[152.269311020215355,-31.498731360984085],[152.269250415225258,-31.498715520978052],[152.269193539235005,-31.498696974972383],[152.269136384245286,-31.498675155966648],[152.269081104255832,-31.498649339961062],[152.269029812266496,-31.49861877295584],[152.268984642277076,-31.498582718951166],[152.268942835288527,-31.498537235946742],[152.268905392300354,-31.498484518942711],[152.268873660312067,-31.498427050939192],[152.268862598317071,-31.498400229937918],[152.268829109329971,-31.498335536934167],[152.268796875342787,-31.498270126930546],[152.268765931355574,-31.498204052927047],[152.268736314368226,-31.498137405923668],[152.26870806038076,-31.498070265920408],[152.26867020539899,-31.497969868915977],[152.268636573416899,-31.497867759911941],[152.268605208434622,-31.497764709908132],[152.268574139452312,-31.497661534904346],[152.268541421470161,-31.49755897790039],[152.268489753496709,-31.497408910894244],[152.268436480523434,-31.497259391887955],[152.268382876550191,-31.497109970881617],[152.268330159576834,-31.496960263875383],[152.268279567603344,-31.496809874869339],[152.268247404620695,-31.496710373865469],[152.268215726638033,-31.496610712861646],[152.268184648655279,-31.49651085385787],[152.268154314672472,-31.49641077985418],[152.268124841689598,-31.496310463850559],[152.268099930704466,-31.49622278684749],[152.268075701719226,-31.496134912844472],[152.268052018733982,-31.496046886841526],[152.268028766748671,-31.495958734838606],[152.268005818763356,-31.495870519835702],[152.267978604781064,-31.495763767832269],[152.267952062798656,-31.49565683582891],[152.267926039816217,-31.495549779825581],[152.267900367833761,-31.495442641822276],[152.267874891851221,-31.495335441819012],[152.26783825687852,-31.495165985814175],[152.267805323905378,-31.494995401809714],[152.267771654932346,-31.494825121805164],[152.267732850959703,-31.494656580800136],[152.267684445987896,-31.494491212794209],[152.267645560007736,-31.494379449789591],[152.267603717027896,-31.49426843078469],[152.267558700048255,-31.494158594779485],[152.26751031306884,-31.494050381773974],[152.267458304089644,-31.49394424776812],[152.267425325102295,-31.493880890764437],[152.267391298115058,-31.493817962760655],[152.267355891127892,-31.493755788756744],[152.267318834140724,-31.493694716752682],[152.267279769153703,-31.493635088748434],[152.267205996176386,-31.493535552740504],[152.267125446199429,-31.493440363731949],[152.267040118222582,-31.493348572722958],[152.26695203824579,-31.4932592277137],[152.266863196268872,-31.493171362704402],[152.266771585292247,-31.49308444769482],[152.266677105315551,-31.493000419684996],[152.266580832338889,-31.492918219674994],[152.266483806362203,-31.492836826664931],[152.266387103385455,-31.492755200654909],[152.266288123409396,-31.492670768644636],[152.266188901433367,-31.492586587634339],[152.266089168457256,-31.492503006624002],[152.265988691481198,-31.492420376613577],[152.26588721050507,-31.492339028603098],[152.265754696535964,-31.49223486658941],[152.265621142566857,-31.492131762575621],[152.265485992597633,-31.492030801561711],[152.265348727628293,-31.491933057547598],[152.265208782658675,-31.491839634533267],[152.265139078673798,-31.491793362526135],[152.265069392689043,-31.491746265518991],[152.264998846704145,-31.49170089851178],[152.264926578718871,-31.491659825504428],[152.264851720733105,-31.491625601496864],[152.264780735745518,-31.491600770489775],[152.264707571757612,-31.491580485482494],[152.264633000769379,-31.491564296475101],[152.26455780178074,-31.491551746467675],[152.264482754791629,-31.491542370460287],[152.2644139748013,-31.49153613145354],[152.264344530810746,-31.491532357446744],[152.26427496181978,-31.491531702439953],[152.264205804828293,-31.491534822433248],[152.264137588836093,-31.491542378426637],[152.264067534843178,-31.491556801419925],[152.263998386849352,-31.491577400413327],[152.263929758854999,-31.491601477406807],[152.263861246860472,-31.491626370400322],[152.263792430866289,-31.491649399393786],[152.263690509874891,-31.49168356938409],[152.263588867883016,-31.491720474374457],[152.263487000891502,-31.491755747364781],[152.263384416900777,-31.491785032354997],[152.263280641911649,-31.491803973345021],[152.263209673919874,-31.491810696338163],[152.263137988928662,-31.491814165331185],[152.263066079937914,-31.491814281324181],[152.262994439947562,-31.491810929317175],[152.262923570957639,-31.491803982310202],[152.262843127969546,-31.491791952302279],[152.262762505982124,-31.491775592294296],[152.262682824995181,-31.491754545286376],[152.26260521500862,-31.491728469278623],[152.262530806022369,-31.491696969271139],[152.262439812040924,-31.491645587261889],[152.262353741060309,-31.491582803253031],[152.262271523080273,-31.491512409244496],[152.262192022100351,-31.491438232236209],[152.262114224120211,-31.491364046228071],[152.262051817136353,-31.491302840221532],[152.26199135515256,-31.491239527215164],[152.261932336168741,-31.491174699208937],[152.261874277184944,-31.4911089842028],[152.261816665201138,-31.491042991196693],[152.261759744217073,-31.490978128190665],[152.261702940233022,-31.490912987184647],[152.261647220248989,-31.490846994178728],[152.261593553264817,-31.490779540173005],[152.261542915280558,-31.490710060167562],[152.261467027306367,-31.490589395159272],[152.261399322331897,-31.490462824151738],[152.261337426357159,-31.490332362144734],[152.261278963382239,-31.490200071138069],[152.261221558407186,-31.490067969131484],[152.261171127429947,-31.489945548125675],[152.261124623452389,-31.489821414120229],[152.261079534474732,-31.489696662114898],[152.261033334497228,-31.489572377109496],[152.260983513519903,-31.489449651103726],[152.260963676528888,-31.489401164101441],[152.260944529537852,-31.489352113099208],[152.260924584546899,-31.489303529096905],[152.260902362555981,-31.48925644109439],[152.260876385565297,-31.489211854091529],[152.260857820571545,-31.489182443089494],[152.260838602578076,-31.489152082087401],[152.260817967584529,-31.489123343085193],[152.260795118590721,-31.48909881808278],[152.260769266596412,-31.489081051080127],[152.260737856601736,-31.489071209076986],[152.260702457606669,-31.489068439073517],[152.260664925611223,-31.489070590069883],[152.260627070615413,-31.489075511066222],[152.260590739619374,-31.489081051062723],[152.260529246625339,-31.489095600056835],[152.260468775630045,-31.489118978051103],[152.260409290633817,-31.489148164045528],[152.2603507736371,-31.489180121040057],[152.260293180640303,-31.489211853034675],[152.260214736644031,-31.4892599540274],[152.260139779646437,-31.489314580020483],[152.260065952648404,-31.489371322013714],[152.259990914650842,-31.489425751006799],[152.259912327654604,-31.489473457999477],[152.259830199659746,-31.489514288991781],[152.259745723665702,-31.489551425983819],[152.259659471672364,-31.489584798975663],[152.259571983679734,-31.489614325967349],[152.259483840687665,-31.489639926958944],[152.259371925698417,-31.489667490948246],[152.259257473710107,-31.489690151937257],[152.259141837722922,-31.48970615292609],[152.259026417736749,-31.489713771914907],[152.258912539751719,-31.489711270903779],[152.258847828760963,-31.489704457897428],[152.258783305770692,-31.489694050891057],[152.258718998780637,-31.489681115884693],[152.258654942790827,-31.489666692878352],[152.258591181801023,-31.489651820872023],[152.258422954828546,-31.489607484855306],[152.258256386857084,-31.48955387183867],[152.258091816886406,-31.489492709822169],[152.257929542916173,-31.489425703805868],[152.257769929946164,-31.489354565789792],[152.257646065969567,-31.489298531777298],[152.257521699993191,-31.489241179764754],[152.257399764017009,-31.48917974975242],[152.257283169041102,-31.489111461740546],[152.257174822065394,-31.489033528729419],[152.257133471075036,-31.489000827725143],[152.25709167208484,-31.488967624720829],[152.257051514094599,-31.488932934716658],[152.25701505810423,-31.488895769712826],[152.256984383113576,-31.488855171709538],[152.256965702120368,-31.488822085707469],[152.256949782127066,-31.488787054705661],[152.256936058133647,-31.488750732704066],[152.256923975140154,-31.488713755702605],[152.256912976146424,-31.48867680670126],[152.256897299159704,-31.488592168699114],[152.256893686171821,-31.488504213698103],[152.256895515183487,-31.488414591697627],[152.256896215195269,-31.488324924697036],[152.256889169207881,-31.48823686269569],[152.256877731220129,-31.488155917693987],[152.256865487232602,-31.488073780692194],[152.256849432245389,-31.487992889690027],[152.256826583258572,-31.487915637687237],[152.256793946272239,-31.487844472683516],[152.25676121828306,-31.487794471679962],[152.256723041294237,-31.487747222675885],[152.256680991305615,-31.48770236667146],[152.25663664631702,-31.487659590666819],[152.256591612328236,-31.487618553662138],[152.256428602364139,-31.487506341645418],[152.256236890399805,-31.487423738626124],[152.256027895434926,-31.487361564605298],[152.255813029469323,-31.487310657583986],[152.255603729502781,-31.487261839563217],[152.255476288523568,-31.487228394550563],[152.255347548544648,-31.48719482453777],[152.255218270565081,-31.487166085524947],[152.255089180584207,-31.487147144512239],[152.254961013601246,-31.487142940499712],[152.254896033609185,-31.487146292493403],[152.25483067661682,-31.487151966487087],[152.254765687624058,-31.487160715480819],[152.254701756630595,-31.487173310474667],[152.254639653636332,-31.487190512468739],[152.254585071640662,-31.487210573463567],[152.254531511644387,-31.487234516458539],[152.254479045647543,-31.487261506453617],[152.254427798650255,-31.487290720448843],[152.254377806652627,-31.487321305444194],[152.254305995655329,-31.487370643437554],[152.254237241656938,-31.487425296431269],[152.254171060657711,-31.487483813425243],[152.25410698565787,-31.487544759419443],[152.254044533657662,-31.487606682413812],[152.253962987656251,-31.487696358406527],[152.253887295653328,-31.487791816399859],[152.253814310649688,-31.487889998393474],[152.253740832646201,-31.487987849387036],[152.253663678643562,-31.488082311380207],[152.253522585639928,-31.488246460367669],[152.253450218638591,-31.488326948361216],[152.25337474163814,-31.488403706354426],[152.253294710639011,-31.488474701347158],[152.253146365644824,-31.488574676333425],[152.252982790655153,-31.488655540318081],[152.252811255667751,-31.488726858301892],[152.252639056680465,-31.488798157285647],[152.252473464691064,-31.488878995270102],[152.252356295697581,-31.488943410259157],[152.252239001704083,-31.489008327248211],[152.252123186710094,-31.489075521237417],[152.252010383715145,-31.489146767226952],[152.251902161718846,-31.489223821216974],[152.251820391721395,-31.489283745209455],[152.251736533724113,-31.48934470020173],[152.251656664725857,-31.489409017194419],[152.251586861725571,-31.489478936188124],[152.251533202722158,-31.489556761183483],[152.251502536717339,-31.489622817180976],[152.251477571711092,-31.489693982179073],[152.251459607703623,-31.489767800177866],[152.251449944695054,-31.489841789177461],[152.251449890685535,-31.489913483177997],[152.251457671676718,-31.489972376179193],[152.251471869667029,-31.490031763181005],[152.251491698656707,-31.490090262183365],[152.251516375646048,-31.490146421186193],[152.251545105635415,-31.490198861189366],[152.251581517623976,-31.4902497131933],[152.251624642612171,-31.490296792197842],[152.251672160600179,-31.490341047202808],[152.251721794588178,-31.490383393207964],[152.25177124857629,-31.490424771213078],[152.251873984552816,-31.490502274223672],[152.251984322529523,-31.490570920234919],[152.252099231506321,-31.490634116246579],[152.252215691483229,-31.490695250258391],[152.252330654460138,-31.490757702270042],[152.252448898436199,-31.490823265282049],[152.252568092412389,-31.490887178294138],[152.252687672388618,-31.490950410306251],[152.252807081364807,-31.491013920318373],[152.252925764340915,-31.491078748330409],[152.25304096931805,-31.491138869342077],[152.253158523295298,-31.491196660353953],[152.25327441827244,-31.491256486365689],[152.253384639249447,-31.491322730376929],[152.253485170226298,-31.491399784387287],[152.253531989215105,-31.491438508392125],[152.253583640202976,-31.491479922397467],[152.253630934191307,-31.491522187402392],[152.253664647181495,-31.491563475405972],[152.253675601174962,-31.49160192240732],[152.2536701511724,-31.491626519406982],[152.253659699170498,-31.491650794406141],[152.253646029169118,-31.491674683404987],[152.253630897167938,-31.491698061403678],[152.253616098166788,-31.491720829402407],[152.253560315165146,-31.491787378397472],[152.253489490166771,-31.49184417439098],[152.253410849169967,-31.491896218383701],[152.253331625173217,-31.491948559376365],[152.253259034174931,-31.492006198369719],[152.253181146175308,-31.492078860362668],[152.253104145175286,-31.492153610355722],[152.253030380174465,-31.492231274349098],[152.252962200172448,-31.492312676343065],[152.252901971168797,-31.492398605337822],[152.252860234164956,-31.492468031334266],[152.252821223160424,-31.492540146331002],[152.252786406155053,-31.49261440432814],[152.252757282148735,-31.492690266325866],[152.252735338141321,-31.492767213324292],[152.252721032132712,-31.492846042323489],[152.252713340122966,-31.49292714832335],[152.252711619112262,-31.493009258323777],[152.252715213100942,-31.493091126324714],[152.252723442089234,-31.493171489326119],[152.252733231080299,-31.4932291813275],[152.252746614070986,-31.493286425329227],[152.252762220061413,-31.493343364331171],[152.252778749051771,-31.4934001333332],[152.252794858042137,-31.493456866335187],[152.252818137029635,-31.493528435337982],[152.252845522016685,-31.493599618341172],[152.252871974003824,-31.493670693344281],[152.252892465991749,-31.493741921346803],[152.252901975981018,-31.493813579348259],[152.252901061974512,-31.493863481348537],[152.252895871968519,-31.493913680348395],[152.252887561962922,-31.493963896347964],[152.252877315957619,-31.494013861347334],[152.252866271952485,-31.494063280346619],[152.252837004942194,-31.494169073344541],[152.252798673933285,-31.494273297341586],[152.25275356692552,-31.494375746337941],[152.252703932918564,-31.49447624233385],[152.252652031912191,-31.494574576329512],[152.252582730905601,-31.494691341323623],[152.252505496900596,-31.494803857316928],[152.252423645896556,-31.494913881309763],[152.252340468892783,-31.495023161302456],[152.25225926388859,-31.495133445295362],[152.252211476885947,-31.495199913291192],[152.252163258883343,-31.495266094286993],[152.252115140880761,-31.495332329282796],[152.252067612877994,-31.49539897627864],[152.252021224875051,-31.495466376274628],[152.251950910869908,-31.49557337926856],[152.251882640864295,-31.495681817262707],[152.251816207858269,-31.495791464257042],[152.251751388851972,-31.495902062251538],[152.251687968845374,-31.49601334924618],[152.251650794841424,-31.49607918124304],[152.251613773837448,-31.496145138239921],[152.251577486833298,-31.496211480236873],[152.251542509828937,-31.496278450233962],[152.251509440824179,-31.496346290231241],[152.251478183818904,-31.49641638822871],[152.251448915813199,-31.496487455226383],[152.25142101080732,-31.496559113224198],[152.251393786801259,-31.496631075222069],[152.251366616795224,-31.496703011219964],[152.251350490791566,-31.496746245218695],[152.251334758787834,-31.496789630217485],[152.25131908978409,-31.496833034216287],[152.251303160780367,-31.496876339215049],[152.251286639776794,-31.496919420213771],[152.251272852773894,-31.496954532212669],[152.251259003771025,-31.496989635211566],[152.251244813768238,-31.497024594210451],[152.251230031765544,-31.497059276209278],[152.251214380762974,-31.497093536207995],[152.251195842760353,-31.497131445206477],[152.251176444757874,-31.49716900420486],[152.251156185755576,-31.497206124203156],[152.251135120753389,-31.497242760201374],[152.251113266751418,-31.497278867199505],[152.251111132751618,-31.497279530199307],[152.251096306752686,-31.497285679197905],[152.251082214753524,-31.497293057196597],[152.251069235754073,-31.497301528195397],[152.251055824754246,-31.497313208194186],[152.251043857753956,-31.497327021193115],[152.251032939753344,-31.497342215192148],[152.251022720752587,-31.497358019191275],[152.251012833751787,-31.49737370619042],[152.251002713750864,-31.497390181189555],[152.250993211749858,-31.497407123188754],[152.250984354748681,-31.497424460188032],[152.250976197747406,-31.497442101187364],[152.250968775746003,-31.497459957186763],[152.250960886744593,-31.497478208186141],[152.250953070743179,-31.497496485185504],[152.250945316741763,-31.497514790184891],[152.250937625740306,-31.497533130184273],[152.250929996738847,-31.497551497183657],[152.250920647737018,-31.497574302182922],[152.250911396735177,-31.497597151182191],[152.250902244733339,-31.497620036181466],[152.250893172731423,-31.497642975180746],[152.25088419072955,-31.497665923180044],[152.250876266727857,-31.497686271179422],[152.250868360726173,-31.497706637178808],[152.250860543724485,-31.497727039178194],[152.250852879722743,-31.497747495177599],[152.250845421720982,-31.497768022177027],[152.250838518719206,-31.497788012176493],[152.250831876717427,-31.497808100175995],[152.250825341715597,-31.49782822417551],[152.250818752713769,-31.497848331175017],[152.250811940711969,-31.497868365174508],[152.250805396710234,-31.497887969174009],[152.250799050708423,-31.497907663173532],[152.25079245270669,-31.49792726717304],[152.250785146705027,-31.497946522172469],[152.250776684703681,-31.497965185171786],[152.250769683702856,-31.497978237171189],[152.250762091702143,-31.497991010170544],[152.250754131701484,-31.498003587169862],[152.250746000700872,-31.498016074169165],[152.250737915700256,-31.498028560168471],[152.250721555698959,-31.498054305167067],[152.250713219698326,-31.498067088166348],[152.250704622697754,-31.498079664165598],[152.250695623697311,-31.498091927164815],[152.250683207696824,-31.498107506163716],[152.250670174696467,-31.498122619162565],[152.250656647696275,-31.498137356161358],[152.250642771696135,-31.498151743160111],[152.250628661696084,-31.498165871158839],[152.250611298696185,-31.498181979157266],[152.25059320969649,-31.498197343155613],[152.250574824696855,-31.498212403153929],[152.250556537697179,-31.498227588152268],[152.250538779697393,-31.498243328150636],[152.250538152697374,-31.498243938150587],[152.250532585697073,-31.498251790150103],[152.250526848696779,-31.498259526149607],[152.25052095069654,-31.49826714614909],[152.250514890696309,-31.498274631148558],[152.250508678696178,-31.498281972148003],[152.250501104696013,-31.498290273147322],[152.25049317969598,-31.498298278146613],[152.250485121695959,-31.498306148145886],[152.250477098695939,-31.498314081145161],[152.25046932669585,-31.498322220144459],[152.250463948695767,-31.498328146143979],[152.250458623695692,-31.498334116143504],[152.25045335269553,-31.498340139143036],[152.25044817169541,-31.498346235142574],[152.250443088695221,-31.498352402142132],[152.250439117695095,-31.498357314141767],[152.250435182694957,-31.498362289141419],[152.250431319694769,-31.498367300141101],[152.250427554694596,-31.498372383140762],[152.25042392369437,-31.498377546140443],[152.250420947694153,-31.49838201014019],[152.250418052693959,-31.498386537139947],[152.250415246693706,-31.498391109139689],[152.25041251269343,-31.498395725139474],[152.250409877693158,-31.498400386139252],[152.250409339692965,-31.498402260139205],[152.250406829692309,-31.498409772139023],[152.250404014691668,-31.498417149138806],[152.250400886691097,-31.498424356138553],[152.250388596690044,-31.498444274137498],[152.250372147689774,-31.498462408136028],[152.250353126689987,-31.498479287134298],[152.250333136690386,-31.498495467132472],[152.250313747690797,-31.498511504130693],[152.250292869691179,-31.498528751128795],[152.250271275691773,-31.498545164126803],[152.25024922469251,-31.498561057124775],[152.250226984693285,-31.498576717122717],[152.250204825694055,-31.498592440120685],[152.250153506695852,-31.498628663115952],[152.250101587697856,-31.498664080111155],[152.250049183699986,-31.498698806106297],[152.249996412702245,-31.498732977101415],[152.24994339970462,-31.498766726096491],[152.249874573707814,-31.498809215090102],[152.249805021711325,-31.498850548083624],[152.249735022714901,-31.498891182077109],[152.2496648697186,-31.498931565070574],[152.249594834722217,-31.498972136064054],[152.249522880726175,-31.499011972057339],[152.249449733730557,-31.499050248050484],[152.249377080734774,-31.499089143043701],[152.249306623738278,-31.49913085203714],[152.249240047740642,-31.499177545030996],[152.249197226741671,-31.499211573027075],[152.249155077742387,-31.499246980023216],[152.249114426742722,-31.499284055019537],[152.249076087742452,-31.499323067016096],[152.249040867741485,-31.499364283012959],[152.249004509738853,-31.499419806009829],[152.24897469573466,-31.499480366007372],[152.248947498729819,-31.499543043005175],[152.248918992725265,-31.499604912002866],[152.24888526072192,-31.49966305200001],[152.248835456719661,-31.499728273995633],[152.248780032718685,-31.499789623990686],[152.248721488718331,-31.499848875985421],[152.248662352718128,-31.499907768980083],[152.248605171717486,-31.499968060974961],[152.248561355716788,-31.500015918971044],[152.248517162716155,-31.500063508967099],[152.248473400715426,-31.500111465963187],[152.248430884714423,-31.5001603739594],[152.248390429712941,-31.500210822955836],[152.248367329711726,-31.500242662953816],[152.248345224710192,-31.500275255951912],[152.248323459708644,-31.500308108950023],[152.248301399707174,-31.500340737948125],[152.248278397705889,-31.500372658946112],[152.248226056704283,-31.500435531941477],[152.248169457703654,-31.500495231936402],[152.248111649703304,-31.500553999931196],[152.248055659702544,-31.50061406692619],[152.248004511700685,-31.500677657921692],[152.247971604698307,-31.500727407918841],[152.247941404695382,-31.500779120916274],[152.247912101692151,-31.500831479913803],[152.247881874689199,-31.500883165911247],[152.247848904686862,-31.500932861908392],[152.247778402684304,-31.501020520902181],[152.247700478683413,-31.501102899895194],[152.247617974683578,-31.50118190788773],[152.247533721684107,-31.5012594638801],[152.247450562684492,-31.501337450872569],[152.247374117684416,-31.50141191486567],[152.247297528684385,-31.501486449858763],[152.247219963684614,-31.501559855851752],[152.24714054168544,-31.501630930844538],[152.247058431687066,-31.501698474837035],[152.246991407689478,-31.501745328830847],[152.246920861692871,-31.501788194824289],[152.246850197696347,-31.501830656817717],[152.246782878698923,-31.501876328811505],[152.246722308699788,-31.501928785805983],[152.246671509698842,-31.501985312801445],[152.246624761696722,-31.502046536797351],[152.24658191369366,-31.502111238793656],[152.246542875689812,-31.50217820879034],[152.246507548685344,-31.502246226787392],[152.246466493675911,-31.502356895784221],[152.24644098166354,-31.502474987782588],[152.246421672649916,-31.502596251781618],[152.246399253636838,-31.502716440780308],[152.246364383626144,-31.502831314777772],[152.24633239061987,-31.502909247775229],[152.246297897614028,-31.502986776772438],[152.246260113608855,-31.503062692769312],[152.246218215604529,-31.503135757765769],[152.246171432601415,-31.503204789761725],[152.246113668599776,-31.5032731757566],[152.2460489035997,-31.503336371750759],[152.245980014600605,-31.503396510744501],[152.245909925601808,-31.5034556907381],[152.245841538602605,-31.503516018731879],[152.245763372603193,-31.503587254724795],[152.245684507604011,-31.503657738717628],[152.245605489604856,-31.503728069710444],[152.245526928605585,-31.503798894703319],[152.245449408606021,-31.503870803696305],[152.245392710605785,-31.50392783169119],[152.24533768960498,-31.503987038686272],[152.245282399604321,-31.504045735681313],[152.245224850604359,-31.504101257676105],[152.24516310660573,-31.504150909670468],[152.245110828607864,-31.504185366665631],[152.245056300610742,-31.504216857660555],[152.245000221614077,-31.504246052655304],[152.244943264617746,-31.504273643649963],[152.244886127621555,-31.504300302644584],[152.244823002625822,-31.504329597638648],[152.244759152630252,-31.504358245632648],[152.24469449463507,-31.504384689626541],[152.244628950640504,-31.504407386620329],[152.244562464646776,-31.504424785613978],[152.244463528657917,-31.504436779604422],[152.244361840671161,-31.504435515594519],[152.24425858468561,-31.504426999584389],[152.24415493370023,-31.50441727357423],[152.24405205471416,-31.504412343564162],[152.243956085726666,-31.504411204554817],[152.243859982739252,-31.504409770545429],[152.243763942751656,-31.504409528536083],[152.243668143763671,-31.504411966526757],[152.243572784775068,-31.504418572517523],[152.243491346784339,-31.504427832509666],[152.243410061793213,-31.504439628501824],[152.243329035801821,-31.504453657494047],[152.24324838681008,-31.504469559486296],[152.243168203818101,-31.504487039478622],[152.243096903824636,-31.504506966471816],[152.243026231830527,-31.504531204465117],[152.24295572983641,-31.504555452458426],[152.242884950842864,-31.504575370451676],[152.242813417850584,-31.504586637444781],[152.242758799857114,-31.504590196439498],[152.242702998864132,-31.50459166643407],[152.242647430871585,-31.504589488428639],[152.242593503879505,-31.504582110423339],[152.242542632887961,-31.504567965418278],[152.242500475895639,-31.504550898414056],[152.242457842903889,-31.504529913409733],[152.242417612912391,-31.504505011405637],[152.242382670920733,-31.504476201402017],[152.24235591392852,-31.504443482399168],[152.242338379936712,-31.504398842397126],[152.242332562944398,-31.504346367396174],[152.24233426595174,-31.504289427395914],[152.242339294958782,-31.504231448395991],[152.242343462965636,-31.504175827395983],[152.242352660977076,-31.504080603396172],[152.242370014987472,-31.503985603397162],[152.242392720997117,-31.503890907398688],[152.242418000006353,-31.503796606400456],[152.24244304601558,-31.503702771402192],[152.24246423702246,-31.503630405403729],[152.242512589035243,-31.503486946407389],[152.242533735042116,-31.503414830408911],[152.242548858049872,-31.503341756409849],[152.242561551058259,-31.503266064410525],[152.242574190067188,-31.503186410411171],[152.24258111107676,-31.503107859411259],[152.242576629086898,-31.503035529410283],[152.242555071097797,-31.502974511407754],[152.242528421106101,-31.502937795404875],[152.242494994114907,-31.502903902401378],[152.242456835123818,-31.502873424397432],[152.242416013132612,-31.502846963393264],[152.242374572140875,-31.502825126389052],[152.242313931151244,-31.502805585383008],[152.242247552160848,-31.502797687376489],[152.242177875169915,-31.502797060369687],[152.242107364178707,-31.502799355362832],[152.242038449187447,-31.50280023335613],[152.241969973196319,-31.502799686349462],[152.241901399205062,-31.502800663342779],[152.24183283321355,-31.502803173336115],[152.241764375221862,-31.502807180329491],[152.24169611422991,-31.502812684322876],[152.241610409239911,-31.502820500314584],[152.241524301249797,-31.502829509306277],[152.241438722259232,-31.502841458298011],[152.241354595267865,-31.502858086289947],[152.241272852275301,-31.502881159282158],[152.241196335281529,-31.502908786274915],[152.241120240287074,-31.502940877267733],[152.241046296291699,-31.502977845260805],[152.240976260295099,-31.503020056254286],[152.240911844297045,-31.503067897248364],[152.240840258297283,-31.503135646241898],[152.240774731295375,-31.503213463236094],[152.240716348291642,-31.503298477231041],[152.240666248286232,-31.503387839226807],[152.240625524279437,-31.503478707223515],[152.240596230272587,-31.503558952221251],[152.240571130264613,-31.50364333921943],[152.240553211255502,-31.503729303218307],[152.240545457245219,-31.503814291218195],[152.240550826233715,-31.503895747219314],[152.240575002219373,-31.503980420222295],[152.240616048203037,-31.504063525226904],[152.24066865718558,-31.504144129232621],[152.240727532167767,-31.504221309238925],[152.240787367150403,-31.504294106245279],[152.240850213134081,-31.504355930251858],[152.240922149117523,-31.504410889259272],[152.240995654100971,-31.504464188266827],[152.241063197084742,-31.504521038273829],[152.241117268069075,-31.504586645279577],[152.241136630062613,-31.504616459281671],[152.241156530055946,-31.50464738528385],[152.241174216049501,-31.504678965285812],[152.241186945043637,-31.50471074328728],[152.2411919470388,-31.504742269287995],[152.241187420034635,-31.504777928287822],[152.241174583031295,-31.504815809286853],[152.24115528302886,-31.504852651285248],[152.241131403027651,-31.504885244283155],[152.241104807027739,-31.50491031628075],[152.241075629029382,-31.504926084278033],[152.241041602032482,-31.504935927274786],[152.241004733036448,-31.504941619271229],[152.240967030040906,-31.504944944267603],[152.240930529045244,-31.504947669264059],[152.240884104050963,-31.504949677259543],[152.240837151057178,-31.504948207254966],[152.240790072063788,-31.504943860250346],[152.240743253070747,-31.50493726224574],[152.240697106077789,-31.50492899724118],[152.240596826094702,-31.504898708231174],[152.240499764113338,-31.504852552221394],[152.240404289132897,-31.504797899211685],[152.240308778152581,-31.504742089201972],[152.240211599171715,-31.504692482192144],[152.240131784187099,-31.504654009184087],[152.24005191520277,-31.504613223176008],[152.239971508218247,-31.504574884167898],[152.239890034232872,-31.504543698159729],[152.239807009246135,-31.504524426151498],[152.239730708257071,-31.504516179144005],[152.239651278267672,-31.50451331013625],[152.239572036277309,-31.504517676128572],[152.239496273285255,-31.50453113112129],[152.239427330290908,-31.504555548114741],[152.23936215329374,-31.504597518108714],[152.239303340293731,-31.504654546103406],[152.239249422291863,-31.504721095098638],[152.23919891828902,-31.504791615094238],[152.239150351286156,-31.504860548090026],[152.239113715283708,-31.504914385086856],[152.239079562280722,-31.504970042083936],[152.239046924277403,-31.505026784081185],[152.239014833273956,-31.505083903078475],[152.238982302270585,-31.505140654075728],[152.238941381266699,-31.505209784072253],[152.238900353262807,-31.505278887068759],[152.238859871258825,-31.505348286065331],[152.2388205732546,-31.505418295062015],[152.238783121250009,-31.505489227058895],[152.238753235246065,-31.505547878056419],[152.23872367224206,-31.505606852053962],[152.238695354237819,-31.505666391051658],[152.238669215233159,-31.505726691049556],[152.238646187228028,-31.505788005047769],[152.238624350221158,-31.505860801046165],[152.238606951213569,-31.50593515804502],[152.238592366205467,-31.506010464044149],[152.2385790101971,-31.506086093043418],[152.238565277188883,-31.506161471042628],[152.238542382173705,-31.506297975041402],[152.238523934157882,-31.506435365040627],[152.238506642141857,-31.50657296203995],[152.238487280126122,-31.506710120039081],[152.238462566111252,-31.506846166037679],[152.238442307101394,-31.506940351036402],[152.238420838091685,-31.507034383035009],[152.23839768408223,-31.507128012033441],[152.238372333073187,-31.50722096803165],[152.238344303064594,-31.507312992029604],[152.238313708056609,-31.507402838027286],[152.238280541049022,-31.50749192202472],[152.238245232041891,-31.507580271021926],[152.238208237034996,-31.507667930018965],[152.23817002402842,-31.507754934015885],[152.238127991022537,-31.507839975012427],[152.238081692017403,-31.50792336700853],[152.238035258012388,-31.508006571004614],[152.237992787006647,-31.508091029001093],[152.237958400999474,-31.50817819499839],[152.237941494991361,-31.50825599299732],[152.237933686981449,-31.508338013997175],[152.237926864971513,-31.50841971099711],[152.237912898963117,-31.508496585996312],[152.23788370295793,-31.508564111993966],[152.237855627956407,-31.508602826991524],[152.237823141955687,-31.508639435988627],[152.237787267955866,-31.508673498985381],[152.237749018956634,-31.508704559981886],[152.237709424958069,-31.508732177978235],[152.237663806960427,-31.508758638973994],[152.237615033963692,-31.508781496969405],[152.237564171967705,-31.508800464964594],[152.237512288972454,-31.508815246959653],[152.237460458977779,-31.508825536954674],[152.237414545983086,-31.508830099950238],[152.237367860989025,-31.508830547945696],[152.237320799995416,-31.5088280829411],[152.237273730002045,-31.508823950936488],[152.237227037008665,-31.508819324931903],[152.237136564022023,-31.508806434923002],[152.23704667303619,-31.508786884914095],[152.236957212050868,-31.508763174905202],[152.236868003065723,-31.508737877896333],[152.236778874080443,-31.508713513887468],[152.236714584090748,-31.508698140881101],[152.236649811101074,-31.508683672874703],[152.236585414111374,-31.508668173868308],[152.236522325121967,-31.508649717862024],[152.236461433132888,-31.508626383855923],[152.236420718140437,-31.508609334851819],[152.236378659148187,-31.508591809847609],[152.236338286155984,-31.508572232843537],[152.236302627163639,-31.508549015839886],[152.236274713171014,-31.508520564836957],[152.236257987176884,-31.508492452835114],[152.236245177182752,-31.508460819833648],[152.236235747188431,-31.508427051832477],[152.236229176193831,-31.508392558831584],[152.236224910198871,-31.508358728830927],[152.236226227205691,-31.508306342830657],[152.236237531211316,-31.508253007831364],[152.236254392216296,-31.508199106832596],[152.236272410221119,-31.508145000833959],[152.236287147226363,-31.508091082835005],[152.236308481233635,-31.508015703836531],[152.236335831240893,-31.507934320838586],[152.236359352248286,-31.5078557598403],[152.236369231255907,-31.507788879840778],[152.236355615263818,-31.507742508839097],[152.236312650272652,-31.507717615834729],[152.236248818282149,-31.50770820382845],[152.236173484291612,-31.50770999682112],[152.236095991300402,-31.507718709813641],[152.236025722307971,-31.507730066806882],[152.235941317315735,-31.507753615798833],[152.235858911321372,-31.50779077979109],[152.235778262325709,-31.507836702783578],[152.235699092329298,-31.507886550776234],[152.235621159332851,-31.507935467769002],[152.23553826033617,-31.507990739761336],[152.235458454338442,-31.508051138754002],[152.235379651340367,-31.508113159746795],[152.235299719342663,-31.50817329973945],[152.235216560346174,-31.508228024731753],[152.235157282349434,-31.50826097572623],[152.235096568353185,-31.508291516720536],[152.235035309357158,-31.508321133714784],[152.234974389361014,-31.508351341709087],[152.234914680364398,-31.508383656703508],[152.234850668367272,-31.508424129697577],[152.234788467369441,-31.508468079691834],[152.234726526371588,-31.508512334686124],[152.234663303374219,-31.508553712680285],[152.234597238378058,-31.508589057674115],[152.234521206383505,-31.508621677666948],[152.234442341389894,-31.508650388659476],[152.234361656397141,-31.508674008651795],[152.234280164405305,-31.508691318643994],[152.234198870414531,-31.508701106636146],[152.234117468425296,-31.508698946628201],[152.234035421437653,-31.508685616620113],[152.233952988450625,-31.508667760611949],[152.233870439463317,-31.508652037603799],[152.233788069474855,-31.508645090595731],[152.233717952483829,-31.508645978588909],[152.233647406492423,-31.508649599582068],[152.233577048500564,-31.508656510575271],[152.233507541508118,-31.508667276568577],[152.23343950451482,-31.508682434562058],[152.233340829522973,-31.508716981552716],[152.233245461528981,-31.508764410543776],[152.233152110533695,-31.508819457535097],[152.233059530538014,-31.5088768805265],[152.232966439542764,-31.508931417517832],[152.232883594546763,-31.508981947510144],[152.232802129549896,-31.509037201502618],[152.232720378553296,-31.509090833495055],[152.232636690558053,-31.509136531487236],[152.232549417565139,-31.509167950478979],[152.232485880571687,-31.509180159472873],[152.232420685579228,-31.509186774466571],[152.232354584587426,-31.509189167460164],[152.232288314595991,-31.509188665453703],[152.232222635604757,-31.509186630447289],[152.232140901615878,-31.50918217543931],[152.23205875562752,-31.509174296431247],[152.231977022639626,-31.509162419423195],[152.231896516652199,-31.509145970415243],[152.231818063665145,-31.509124384407446],[152.231736043679632,-31.50909458839925],[152.231655636694825,-31.509058356391147],[152.231577022710439,-31.509017121383192],[152.231500389726278,-31.508972257375394],[152.231425907742107,-31.508925205367795],[152.231347445760179,-31.508864949359708],[152.231274183778794,-31.508796016352061],[152.231202193797429,-31.50872546034455],[152.231127523815672,-31.50866035533679],[152.231046229833112,-31.508607763328492],[152.230977923846552,-31.508572875321576],[152.230905503860413,-31.508538759314284],[152.230831757873602,-31.508510854306891],[152.230759471885079,-31.508494692299735],[152.230691425893696,-31.50849573129312],[152.230635221898694,-31.508512879287771],[152.230580102901911,-31.508541941282619],[152.23052692790381,-31.508579231277714],[152.230476613904784,-31.50862107527313],[152.230430018905082,-31.508663797268902],[152.230374136904288,-31.508724214263903],[152.230324359901658,-31.508792313259573],[152.230280122897597,-31.508865675255802],[152.230240833892566,-31.508941904252538],[152.230205936886932,-31.509018582249695],[152.230181841879869,-31.509094982247927],[152.230167149870994,-31.509176196247093],[152.230154241861811,-31.509257795246434],[152.23013547185397,-31.509335378245172],[152.230103218848939,-31.509404499242557],[152.230086958847806,-31.509428908241144],[152.230069756846831,-31.509453093239646],[152.230051353846108,-31.50947628323804],[152.23003147184582,-31.50949770723625],[152.23000985084613,-31.509516558234292],[152.229974451847795,-31.509538394231011],[152.229934409850728,-31.509554906227226],[152.22989152585464,-31.509567357223137],[152.229847593859006,-31.509576975218945],[152.229804440863489,-31.509585016214793],[152.229709619874939,-31.509591254205603],[152.229611392888955,-31.509580543195973],[152.229511399904681,-31.509559235186064],[152.229411289920961,-31.50953371517614],[152.229312712936803,-31.509510328166364],[152.229211634952321,-31.509491270156389],[152.229109167968005,-31.509472697146276],[152.229008071983969,-31.509450592136265],[152.228911091000413,-31.509420912126611],[152.228820985017478,-31.509379624117535],[152.228756346031162,-31.509339259110948],[152.228694162045315,-31.509293094104549],[152.228635063059642,-31.509242206098421],[152.228579629074062,-31.509187687092616],[152.228528454088178,-31.509130649087211],[152.228479914104526,-31.509054832081937],[152.228442220120826,-31.508968294077626],[152.228407010137033,-31.508880465073542],[152.228365919152907,-31.508800721068958],[152.228310584168298,-31.508738511063118],[152.228263281178812,-31.50870495905826],[152.228210913189685,-31.508674087052942],[152.228155740200151,-31.508648790047374],[152.228100020209553,-31.508631956041839],[152.228046030217229,-31.508626470036543],[152.227984860223444,-31.508639172030669],[152.227923206227274,-31.508670178024907],[152.227862251229425,-31.508712910019291],[152.227803205230714,-31.508760724013886],[152.227747261231798,-31.508806987008786],[152.227681483231805,-31.508870792002845],[152.227623110229644,-31.5089439019977],[152.22756712122677,-31.509019961992809],[152.227508514224695,-31.509092623987645],[152.227442271224845,-31.509155559981654],[152.227385932226355,-31.509198819976497],[152.227326860228402,-31.509240985971058],[152.227265456231265,-31.50927895796536],[152.227202126235369,-31.509309622959428],[152.227137281241056,-31.509329854953261],[152.227084554246659,-31.509338827948188],[152.22702953425312,-31.509343479942867],[152.226974100260321,-31.509343022937472],[152.226920173268155,-31.509336667932164],[152.226869634276341,-31.509323624927166],[152.226811610287626,-31.509294921921299],[152.226757127300232,-31.509253087915681],[152.226706149313486,-31.509202592910359],[152.226658595326882,-31.509147840905317],[152.226614438339794,-31.509093322900629],[152.22657168035397,-31.509027938895983],[152.226537097367981,-31.508955993892076],[152.226505230381889,-31.50888187088843],[152.226470575395922,-31.508809997884526],[152.226427709410075,-31.508744757879874],[152.226384206422409,-31.508694012875253],[152.226337119434959,-31.508645302870313],[152.226286884447489,-31.508599577865095],[152.226233934459856,-31.508557715859631],[152.22617872547184,-31.50852067685398],[152.226114749484594,-31.508487070847508],[152.226046658496955,-31.508459873840668],[152.225976004509107,-31.50843703383363],[152.225904346521077,-31.508416496826499],[152.225833262532888,-31.508396193819426],[152.225735294549139,-31.508368987809693],[152.22563619756508,-31.508345017799879],[152.225536285580745,-31.508324077789993],[152.225435879596063,-31.508305934780086],[152.225335303611104,-31.508290373770173],[152.225239998625028,-31.508277814760817],[152.225144209638728,-31.508267470751417],[152.225048151652175,-31.508259671742007],[152.224952021665217,-31.508254750732608],[152.224856026677799,-31.508253038723254],[152.224759053690434,-31.508252302713803],[152.224660978703042,-31.508252320704269],[152.224563450715067,-31.508256443694801],[152.224468154725798,-31.508268016685612],[152.224376748734613,-31.508290381676879],[152.224319612739208,-31.508311338671461],[152.224263498743113,-31.508336285666179],[152.224208566746455,-31.508364450661041],[152.22415496274931,-31.508395053656059],[152.224102899751756,-31.508427323651237],[152.224038403753866,-31.508474061645298],[152.223977636754739,-31.508526509639779],[152.223918618754993,-31.508581736634426],[152.223859357755344,-31.508636793629076],[152.223797891756362,-31.508688748623474],[152.223756961757033,-31.508723689619735],[152.223716265757304,-31.508761006616066],[152.223674878757976,-31.508796405612294],[152.22363186075961,-31.508825610608323],[152.223586260763028,-31.50884436260403],[152.223548468767007,-31.508851175600402],[152.223508856771815,-31.508853299596552],[152.223468518777253,-31.508851408592616],[152.223428584783079,-31.508846137588687],[152.223390173789113,-31.508838141584889],[152.223331585799656,-31.50881559657903],[152.223275820811438,-31.50878078957334],[152.223221955823988,-31.508738569567775],[152.22316908583673,-31.508693838562301],[152.223116296849128,-31.508651412556855],[152.223033496868737,-31.508584137548301],[152.222954164888534,-31.50851214754006],[152.222875756908337,-31.508438947531882],[152.222795779928077,-31.508368024523566],[152.222711715947526,-31.508302847514901],[152.222626584966235,-31.508244348506196],[152.222539185984971,-31.508187982497265],[152.222449546003531,-31.508135354488154],[152.222357674021595,-31.508088051478865],[152.222263552039095,-31.508047659469412],[152.222147998058858,-31.508011050457888],[152.222028140077697,-31.507985144446032],[152.221905674096007,-31.507966319433969],[152.221782330113911,-31.507951009421856],[152.22165979213176,-31.507935617409832],[152.221576024144071,-31.507924152401579],[152.221492076156352,-31.507913225393324],[152.221407994168459,-31.507903660385079],[152.221323831180257,-31.50789631937683],[152.221239614191717,-31.507892034368613],[152.221205999196059,-31.507891774365334],[152.221172340200326,-31.507892428362059],[152.221138680204547,-31.507893217358784],[152.22110507420885,-31.50789335135552],[152.221071557213321,-31.507892033352253],[152.220992504224853,-31.507882012344478],[152.220913917237283,-31.507864765336702],[152.220835634250193,-31.507843188328927],[152.220757522263341,-31.507820195321152],[152.220679428276242,-31.5077986823134],[152.220631031283887,-31.507788275308602],[152.220581685291421,-31.507779409303744],[152.220532876299018,-31.507769513298907],[152.220486111306826,-31.507756049294272],[152.220442904314979,-31.50773643528991],[152.220391935326234,-31.5077010722847],[152.220344023338328,-31.507656414279708],[152.220301040350677,-31.507605158275148],[152.220264897362625,-31.507550011271224],[152.220237494373634,-31.507493681268137],[152.220221189383523,-31.507434976266119],[152.220214717392707,-31.507372076265021],[152.220214538401365,-31.507306791264522],[152.22021708340975,-31.507240915264283],[152.220218822418104,-31.507176240263988],[152.220220651424484,-31.507126382263795],[152.220224685430622,-31.507076498263817],[152.220229050436643,-31.507026613263882],[152.220231865442884,-31.506976845263782],[152.220231255449534,-31.506927256263356],[152.220228584455413,-31.506885645262788],[152.22022493646142,-31.506843757262121],[152.220219521467612,-31.506802137261296],[152.220211526474088,-31.506761324260211],[152.220200141480774,-31.506721847258824],[152.220183576488637,-31.506678533256881],[152.220163479496961,-31.50663537125461],[152.2201398415055,-31.506593966252005],[152.220112644514074,-31.506555869249077],[152.220081862522449,-31.506522667245832],[152.220043899531191,-31.506493471241917],[152.220000540539985,-31.506469420237526],[152.219953757548637,-31.506449395232835],[152.219905513557165,-31.506432247228002],[152.219857789565339,-31.506416855223254],[152.219808191573577,-31.506402800218311],[152.21975742858163,-31.506391595213294],[152.219705948589393,-31.50638307020823],[152.219654181596837,-31.506377028203136],[152.21960259360398,-31.506373290198098],[152.219538080612381,-31.506372743191815],[152.219473172620184,-31.506376893185521],[152.219408165627584,-31.506384432179249],[152.219343328634636,-31.506394041173007],[152.219278931641554,-31.50640441216682],[152.219221786647608,-31.506414192161341],[152.219164757653516,-31.506425217155869],[152.219107988659204,-31.506437570150432],[152.219051596664656,-31.506451356145046],[152.218995714669802,-31.506466666139726],[152.218898554678105,-31.506498318130497],[152.218802836685541,-31.50653551812146],[152.218708383692217,-31.506576824112575],[152.218615059698436,-31.506620757103814],[152.21852264970434,-31.506665854095154],[152.218420675710519,-31.506718365085618],[152.218320251716051,-31.506774175076256],[152.21822103872114,-31.506832369067034],[152.218122640725909,-31.506892006057893],[152.218024709730571,-31.50695218104881],[152.217919481735748,-31.507015224039044],[152.217813500741102,-31.507077981029177],[152.217709087745959,-31.507142826019511],[152.217608583749751,-31.507212145010229],[152.217514309751778,-31.507288302001612],[152.217437855752053,-31.507360829994713],[152.217365202751125,-31.507438063988229],[152.217295919749347,-31.50751885598207],[152.21722957674686,-31.507602094976225],[152.21716574474388,-31.507686669970642],[152.217118450741168,-31.50775290496653],[152.21707301173808,-31.507820600962599],[152.217029141734599,-31.50788939095883],[152.216986500730854,-31.507958977955209],[152.216944799727003,-31.508029004951663],[152.21691874172447,-31.508073187949446],[152.21689287172191,-31.508117523947259],[152.21686758371925,-31.508162181945128],[152.216843264716431,-31.508207315943093],[152.216820316713296,-31.508253085941195],[152.216786809707543,-31.508329198938505],[152.21675724570099,-31.508407221936189],[152.216730093693997,-31.508486400934146],[152.216703891686848,-31.508565982932172],[152.21667715267975,-31.508645224930167],[152.216642183671325,-31.508742841927486],[152.216606686662971,-31.508840450924748],[152.216572515654349,-31.50893843592214],[152.216541446645323,-31.509037147919852],[152.216515333635442,-31.509136952918034],[152.216494698624729,-31.509237608916777],[152.216478222613375,-31.509339377915925],[152.216465197601451,-31.509441853915405],[152.216454978589155,-31.509544643915181],[152.216446866576604,-31.509647352915131],[152.216442527566954,-31.50972437191529],[152.216440035557014,-31.509801533915621],[152.21643878054698,-31.50987877691605],[152.216437525526629,-31.510033270917091],[152.216437265518749,-31.510093024917488],[152.21643750751079,-31.510152787917956],[152.216437874502816,-31.510212541918431],[152.21643800049489,-31.510272295918885],[152.216437542487,-31.510332040919277],[152.21644009747655,-31.51040863792009],[152.216446049465389,-31.510487108921254],[152.216449482454664,-31.510564628922161],[152.216444462445509,-31.510638375922216],[152.216425100439125,-31.510705506920825],[152.216395814436169,-31.51075623391835],[152.216357646434801,-31.510803483914984],[152.216313605434635,-31.510847791911022],[152.216266625435111,-31.510889653906759],[152.216219681435888,-31.510929588902492],[152.216172351436882,-31.510968070898169],[152.216122851438399,-31.511004544893613],[152.216071506440528,-31.511038590888869],[152.216018618443172,-31.511069766883967],[152.215964493446478,-31.511097653878899],[152.215890236452054,-31.51112775487189],[152.215812518459046,-31.511150872864498],[152.215732729466851,-31.511169517856874],[152.215652214474972,-31.511186208849171],[152.215572363483005,-31.511203464841525],[152.215487358491998,-31.511217913833359],[152.215399914502086,-31.511226967824914],[152.215313259511959,-31.511236890816562],[152.215230656520333,-31.511253939808647],[152.215155331526034,-31.511284390801535],[152.21510106352855,-31.51131807779651],[152.215048641530046,-31.511357733791701],[152.214999698530448,-31.511402329787259],[152.214955882529637,-31.511450842783354],[152.214918807527624,-31.511502250780136],[152.214892085524298,-31.511553327777911],[152.214871629519592,-31.511608510776323],[152.214855207514091,-31.511666166775154],[152.214840550508228,-31.511724647774155],[152.214825446502516,-31.511782348773117],[152.21480750049713,-31.51184046277179],[152.214788523491819,-31.511899104770379],[152.214771671486176,-31.511957935769182],[152.21476010747989,-31.51201664076849],[152.214756987472555,-31.512074897768617],[152.214760591466586,-31.512116427769264],[152.214767816460153,-31.512158056770282],[152.214777900453356,-31.512199460771562],[152.214790091446361,-31.512240318773053],[152.214803636439342,-31.512280298774659],[152.214823849429962,-31.512331249777009],[152.214847667420258,-31.5123812057797],[152.214874451410367,-31.512429979782652],[152.214903566400324,-31.512477326785842],[152.214934366390281,-31.512523052789174],[152.214992094373201,-31.512595804795325],[152.215057630355744,-31.512663562802199],[152.215128535338181,-31.512727314809567],[152.215202371320601,-31.512788046817217],[152.215276710303272,-31.512846724824868],[152.215364503283809,-31.512907966833865],[152.215457496264577,-31.512962673843312],[152.215552021245401,-31.513015391852907],[152.215644431226139,-31.513070663862301],[152.215731086206745,-31.513133043871193],[152.215801785189115,-31.513197198878533],[152.215868002171362,-31.513266777885505],[152.215932480153526,-31.513338516892308],[152.215997962135731,-31.513409143899196],[152.216067208118005,-31.513475369906423],[152.216102598109899,-31.513502225910052],[152.216140937101642,-31.513527172913982],[152.216178389093471,-31.513552388917812],[152.21621110708557,-31.513580060921193],[152.216235265078183,-31.513612321923787],[152.216248604072746,-31.513640495925287],[152.216260140067135,-31.513671663926647],[152.216268118061862,-31.513703682927648],[152.216270772057442,-31.513734411928141],[152.216266397054369,-31.513761706927919],[152.216255273052894,-31.513783578926997],[152.216238474052346,-31.513804142925512],[152.216217911052524,-31.513823109923649],[152.216195456053129,-31.513840195921588],[152.216173028054044,-31.513855075919516],[152.21613893805619,-31.513872223916334],[152.21610094805942,-31.513884414912724],[152.216060700063593,-31.513892401908866],[152.216019869068219,-31.513896892904917],[152.21598006907314,-31.513898649901069],[152.215938234078777,-31.513896641896967],[152.215896076085102,-31.513890079892821],[152.215853990091858,-31.513880165888647],[152.215812352098794,-31.513868099884508],[152.215771530105798,-31.513855075880446],[152.215717863115572,-31.513833337875067],[152.215666033125871,-31.51380608686982],[152.215614893136376,-31.51377663186463],[152.215563305146816,-31.513748286859407],[152.215510104156806,-31.513724361854052],[152.215419263172578,-31.513693920844982],[152.215325347187871,-31.513669762835676],[152.215229549202661,-31.513651475826219],[152.215133051216782,-31.51363869281673],[152.215037056230159,-31.513631001807337],[152.214972282238875,-31.513628159801016],[152.214907024247452,-31.513627236794651],[152.214841802255592,-31.513628984788319],[152.214777099263273,-31.51363414778206],[152.214713392270227,-31.513643452775938],[152.214627436278477,-31.51366482276773],[152.214542807285369,-31.513695093759715],[152.214459469291285,-31.513731487751876],[152.214377340296608,-31.513771215744175],[152.214296359301699,-31.513811517736599],[152.214241885305029,-31.513839494731496],[152.214188119308034,-31.513868931726485],[152.214134828310904,-31.513899319721521],[152.214081770313641,-31.51393015571659],[152.214028712316406,-31.513960911711656],[152.213990749318697,-31.513980416708105],[152.213951146321392,-31.51399864970438],[152.213912466323876,-31.51401770770077],[152.213877292325463,-31.514039695697498],[152.213848194325664,-31.514066722694874],[152.213817699322846,-31.514117574692275],[152.213796346317082,-31.514181756690672],[152.213785267309248,-31.514251649690113],[152.213785571300178,-31.51431958769064],[152.213798398290805,-31.51437795169231],[152.213828213280664,-31.514425568695579],[152.213874243269174,-31.514467403700355],[152.21392995425694,-31.514505348706059],[152.213988812244594,-31.514541284712049],[152.214044272232684,-31.514577131717715],[152.214086663223384,-31.514606220722058],[152.214129806214089,-31.51463431372645],[152.214173533204871,-31.514661554730903],[152.214217689195664,-31.514688088735401],[152.214262124186462,-31.514714066739913],[152.214343625170073,-31.514758419748173],[152.21442693615387,-31.514799627756577],[152.214511207137747,-31.514839194765074],[152.214595567121677,-31.514878645773571],[152.214679156105461,-31.514919467781997],[152.214745929092004,-31.514956165788771],[152.21481187707829,-31.51499541979549],[152.21487804006469,-31.515033776802202],[152.214945495051523,-31.51506771380901],[152.215015279039051,-31.515093754815997],[152.215082743028233,-31.515109934822682],[152.21515215101789,-31.515120493829517],[152.215222680007969,-31.515126687836414],[152.215293521998404,-31.515129798843336],[152.215363835989166,-31.515131089850193],[152.215459965976464,-31.515133428859546],[152.215508048970321,-31.515132774864224],[152.215555100964878,-31.515128454868773],[152.215600368960338,-31.515118638873108],[152.215657478956416,-31.515092696878476],[152.215710733954637,-31.515054519883375],[152.215762205953865,-31.515010022888049],[152.215813936953168,-31.514965103892763],[152.215868025951409,-31.514925680897733],[152.215919801949241,-31.51489152790252],[152.215972277947259,-31.514855806907363],[152.216025630944728,-31.51482285491231],[152.216080033941154,-31.514796975917402],[152.216135655935886,-31.514782516922718],[152.216181685930508,-31.514778312927167],[152.216230772924263,-31.514777900931936],[152.216279267917344,-31.514782687936691],[152.216323469910122,-31.514794134941074],[152.216359728902859,-31.514813639944748],[152.2163833218967,-31.514837412947205],[152.216402818890231,-31.514867092949334],[152.21641924088371,-31.514900456951178],[152.216433582877244,-31.514935254952835],[152.216446885870994,-31.514969245954376],[152.216465396860997,-31.515026892956605],[152.216477569851406,-31.51508736395823],[152.216485143842192,-31.51514952095944],[152.216489894833245,-31.51521220596036],[152.216493569824593,-31.515274235961172],[152.216493883819055,-31.515315496961502],[152.216491535813844,-31.515357071961589],[152.21648902580867,-31.515398574961644],[152.216488863803249,-31.515439576961931],[152.216493569797336,-31.515479644962678],[152.216501762791836,-31.515513080963732],[152.21651251978605,-31.51554620296502],[152.216525409780076,-31.515578795966519],[152.216539994773967,-31.515610626968165],[152.216555815767833,-31.515641480969929],[152.21658234075872,-31.515684632972825],[152.216613185749281,-31.515725625976135],[152.216646952739723,-31.51576496897972],[152.216682235730133,-31.515803145983419],[152.216717652720575,-31.515840659987152],[152.216751706711477,-31.515876381990719],[152.216786648702282,-31.515911439994387],[152.216822611693118,-31.515945457998125],[152.216859731684025,-31.515978015001988],[152.216898151674997,-31.516008726005946],[152.216945293664878,-31.516039418010777],[152.216995733654869,-31.516065952015865],[152.217046873644875,-31.516091454021037],[152.217096130634872,-31.516119045026027],[152.217140905624774,-31.516151872030623],[152.217173606616598,-31.516181686034024],[152.217205312608286,-31.516213472037347],[152.21723498259999,-31.51624716804049],[152.217261579591877,-31.516282674043335],[152.217284078584015,-31.516319937045793],[152.217299048578013,-31.516350477047478],[152.217312315572087,-31.51638238904901],[152.217323394566307,-31.516415224050323],[152.217331767560836,-31.516448507051379],[152.217336957555716,-31.516481781052136],[152.217337728550774,-31.516518570052479],[152.217333739546319,-31.51655588705237],[152.21732688154222,-31.516593490051985],[152.21731902953826,-31.516631112051499],[152.217312082534164,-31.516668510051101],[152.21729227152295,-31.516772429049933],[152.217267728512468,-31.516875577048307],[152.217241266502214,-31.516978430046485],[152.217215692491862,-31.517081471044754],[152.217193811480939,-31.517185139043391],[152.217160581451537,-31.517438945042031],[152.217145602419407,-31.517696004042477],[152.217137579386161,-31.517954390043595],[152.217125245353571,-31.518212158044296],[152.217097304323346,-31.51846737104345],[152.21708905731586,-31.518531903043119],[152.217082244308045,-31.518597232042943],[152.217073952300552,-31.518662042042621],[152.217061268293833,-31.518725013041848],[152.217041296288471,-31.518784821040338],[152.217024614285663,-31.518822165038991],[152.21700598728313,-31.518859258037455],[152.216985119281077,-31.518895105035686],[152.216961714279648,-31.518928719033667],[152.216935485279009,-31.518959107031332],[152.216914312279044,-31.518979204029421],[152.216891535279473,-31.518997993027341],[152.21686751128027,-31.519015437025118],[152.2168426092814,-31.519031527022833],[152.216817223282703,-31.519046246020469],[152.21677088828605,-31.519066038016103],[152.216721093290715,-31.519079323011347],[152.21666957729596,-31.519089560006424],[152.216618034301234,-31.519100200001485],[152.21656823930573,-31.51911472099674],[152.216505060310595,-31.519139309990774],[152.216442680314998,-31.519166747984915],[152.216381375318889,-31.519196821979168],[152.21632146832232,-31.519229351973575],[152.216263247325202,-31.519264114968159],[152.216224792327097,-31.519287501964602],[152.216185915328936,-31.519311210961],[152.216148203330505,-31.519336300957505],[152.216113279331353,-31.519363820954311],[152.216082730331181,-31.519394826951565],[152.21604801232823,-31.519450824948603],[152.216024580322539,-31.519516485946802],[152.216007925315211,-31.519587766945712],[152.21599354730742,-31.519660581944841],[152.21597692830025,-31.519730948943749],[152.215955163290715,-31.519823823942318],[152.215938221280339,-31.519918644941363],[152.215920947270035,-31.520013079940384],[152.215898215260779,-31.520104826938844],[152.215864886253598,-31.520191561936237],[152.215841634250125,-31.520240423934332],[152.215816992246744,-31.520290075932294],[152.215789660243928,-31.520337691929996],[152.215758340242303,-31.520380476927265],[152.215721740242373,-31.52041563392396],[152.215691137243653,-31.520435542921142],[152.215657629245811,-31.520451892918],[152.215622311248524,-31.520465759914661],[152.215586267251552,-31.520478210911243],[152.215550563254538,-31.520490330907869],[152.215459220263284,-31.520513026899145],[152.215363888274112,-31.520523980889941],[152.215266924285771,-31.520530434880552],[152.215170678296943,-31.520539622871258],[152.215077506306415,-31.520558787862335],[152.21503410231054,-31.520570028858192],[152.214989327314896,-31.520580794853917],[152.214945717318813,-31.520593415849785],[152.21490579132174,-31.520610204846005],[152.214872104323035,-31.5206334848429],[152.214850600322904,-31.520655383840975],[152.214830502322172,-31.520680374839191],[152.214813067320819,-31.520707499837705],[152.214799550318816,-31.520735762836598],[152.21479119531611,-31.520764196835984],[152.214790272311859,-31.520797318836141],[152.214797470306308,-31.520832035837103],[152.214809482300069,-31.520867631838541],[152.214823017293554,-31.520903362840116],[152.214834769287393,-31.520938482841512],[152.214854248277845,-31.52099159484381],[152.214878747267619,-31.521044705846581],[152.21490220525763,-31.52109739684925],[152.214918610248617,-31.521149270851229],[152.214921908241479,-31.52119990885193],[152.21491758823808,-31.521229964851724],[152.214910623234914,-31.521260567851272],[152.214900861232195,-31.521290462850541],[152.21488808723015,-31.521318384849501],[152.214872113228921,-31.521343071848136],[152.21485300222875,-31.521362917846417],[152.214830189229446,-31.521380020844322],[152.214805098230642,-31.521395277841997],[152.214779174232063,-31.521409628839574],[152.214753842233449,-31.521423989837217],[152.21468362723769,-31.521460095830655],[152.214609441243397,-31.521489524823647],[152.2145330232498,-31.521515215816414],[152.214456085256444,-31.521540108809109],[152.214380384262597,-31.521567152801943],[152.214324502267374,-31.521585707796643],[152.214266388272705,-31.5216019327911],[152.214209440277727,-31.521619465785694],[152.214157090281503,-31.521641929780767],[152.214112745283103,-31.521672971776685],[152.214075957282262,-31.521714878773412],[152.214044717279648,-31.521765103770743],[152.214019412275547,-31.521820509768688],[152.214000453270415,-31.521877977767268],[152.213988262264479,-31.521934396766486],[152.21398416525642,-31.521998973766571],[152.213990252246703,-31.522066283767657],[152.21400429023592,-31.522134284769539],[152.214024073224522,-31.522200967771941],[152.214047397213108,-31.522264288774679],[152.214065119205969,-31.522301282776667],[152.214086328198448,-31.522336887779005],[152.214108640190943,-31.522372053781432],[152.214129660183488,-31.522407712783735],[152.214146979176348,-31.522444804785692],[152.214166153166161,-31.522502918787989],[152.214180441156287,-31.52256358678984],[152.21419010414678,-31.52262569779122],[152.214195456137816,-31.522688140792198],[152.214196783129466,-31.522749794792787],[152.214193116121834,-31.522811054792886],[152.21418424211484,-31.522872457792477],[152.214171594108365,-31.522933726791685],[152.214156624102174,-31.522994591790688],[152.214140758096249,-31.523054793789601],[152.214117352088209,-31.523138373787923],[152.214090810080535,-31.523221729785956],[152.214060413073582,-31.523303758783605],[152.214025436067544,-31.523383349780794],[152.213985160062663,-31.523459382777432],[152.213947341059281,-31.523521717774205],[152.21390634905643,-31.523583147770676],[152.213861860054351,-31.523642058766775],[152.213813544053323,-31.523696792762493],[152.213761078053608,-31.523745700757736],[152.213694368056167,-31.523791245751582],[152.213620271060876,-31.523827773744653],[152.213542186066718,-31.523859578737287],[152.21346350907271,-31.523890951729857],[152.213387619077821,-31.523926216722728],[152.213309982082421,-31.523966930715481],[152.213232417086971,-31.524008128708239],[152.213155703091218,-31.524050779701085],[152.21308061109491,-31.524095778694115],[152.213007931097934,-31.524144075687403],[152.21297603709931,-31.524164576684456],[152.212942494100957,-31.524184601681327],[152.212910295102319,-31.524205577678355],[152.212882363102835,-31.524228937675808],[152.212861656101893,-31.524256116674],[152.212849860099965,-31.524282192673049],[152.212841057097279,-31.524311047672388],[152.212835670093966,-31.524341184672103],[152.212834101090209,-31.524371097672155],[152.212836781086168,-31.524399279672618],[152.212848327080366,-31.524431424673985],[152.21286864807368,-31.524462233676189],[152.212894402066439,-31.524491913678911],[152.212922235059011,-31.524520651681833],[152.212948804051877,-31.524548655684629],[152.213007052037653,-31.524599579690666],[152.213074955023103,-31.524643010697599],[152.213144229008662,-31.524684638704642],[152.213206599994578,-31.524730131711042],[152.213253804981207,-31.524785187716045],[152.213281269970707,-31.524837438719107],[152.213304235960152,-31.524894861721769],[152.213320944950055,-31.524954786723832],[152.213329612940981,-31.525014548725117],[152.213328501933603,-31.525071505725425],[152.213308170927178,-31.525139488723958],[152.213268164923477,-31.525206467720558],[152.213215285921734,-31.525271204715882],[152.213156374921198,-31.525332446710596],[152.213098206921188,-31.52538895570536],[152.213015227923051,-31.525455683697775],[152.212921840927692,-31.525511564689108],[152.212822635933861,-31.525561466679815],[152.212722202940341,-31.525610275670402],[152.212625149945893,-31.525662831661336],[152.21254705494988,-31.525708771654095],[152.212468682953897,-31.525754397646804],[152.212390767957828,-31.525800705639565],[152.212314044961346,-31.525848698632458],[152.212239248964295,-31.525899371625552],[152.212192420966005,-31.52593193762123],[152.212145297967766,-31.525964620616897],[152.212099177969236,-31.525998432612656],[152.212055361970073,-31.526034431608657],[152.212015157970086,-31.526073658605039],[152.211985899969619,-31.526105569602432],[152.21195697296892,-31.526138870599851],[152.211930223967784,-31.526173633597502],[152.211907508965908,-31.526209964595566],[152.21189067496303,-31.526247944594207],[152.211878886956157,-31.526311149593525],[152.211881226946531,-31.526381579594268],[152.211894753935098,-31.526454635596128],[152.211916517922873,-31.526525728598767],[152.21194356291079,-31.526590305601886],[152.211972820900598,-31.526638952605076],[152.212009402889919,-31.526684050608971],[152.212050036878907,-31.526727211613238],[152.212091423867889,-31.526770113617594],[152.212130291857022,-31.526814377621687],[152.212189982839476,-31.526888527628046],[152.212249414821912,-31.526963044634389],[152.212307626804403,-31.527038458640607],[152.21236369678698,-31.527115288646623],[152.212416628769773,-31.527194055652345],[152.212455263757107,-31.527251783656531],[152.212495036744286,-31.527309986660836],[152.212532309731586,-31.527369193664907],[152.21256341471954,-31.527429960668371],[152.212584685708464,-31.527492833670909],[152.2125959807002,-31.527544134672382],[152.212605025691772,-31.527598599673667],[152.212609049684062,-31.527652929674449],[152.212605267677816,-31.527703836674462],[152.212590906673825,-31.527748028673393],[152.212560617672523,-31.527787156670726],[152.212516622673689,-31.527820860666694],[152.212464110676706,-31.527849330661798],[152.212408301680796,-31.527872708656545],[152.212354382685334,-31.527891191651431],[152.212297012691039,-31.527903768645942],[152.21223699869816,-31.527908456640137],[152.212175487706162,-31.527908079634145],[152.212113609714493,-31.527905533628118],[152.21205250172261,-31.527903651622164],[152.211915513741275,-31.527896067608776],[152.211778660761212,-31.52787902759534],[152.211641842781773,-31.527857056581848],[152.211504908802368,-31.527834709568381],[152.211367813822449,-31.52781651255491],[152.211273323835997,-31.527806454545633],[152.21117878084948,-31.52779664753637],[152.211084182862919,-31.527787513527091],[152.210989514876189,-31.527779472517828],[152.210894764889247,-31.527772946508556],[152.210822012899712,-31.527764951501421],[152.210747342910878,-31.527753521494077],[152.210673568921521,-31.527744835486839],[152.210603515930501,-31.527745095480022],[152.210539978936652,-31.52776050447395],[152.210512772938557,-31.527772740471399],[152.210485710940191,-31.527786813468872],[152.210459795941404,-31.527802859466465],[152.210436049942047,-31.527821011464287],[152.210415477942007,-31.527841422462448],[152.210394115940147,-31.52787609446062],[152.210380418936467,-31.527917427459585],[152.210371177931648,-31.527962579459022],[152.210363181926567,-31.528008734458581],[152.210353240921961,-31.528053052457945],[152.210335831915444,-31.528119081456744],[152.210319777908722,-31.528185530455662],[152.210303704901975,-31.528251962454583],[152.210286278895495,-31.528317919453368],[152.21026610088947,-31.528382944451895],[152.21023686988255,-31.528463503449654],[152.210204572876165,-31.528543210447101],[152.210169477870267,-31.528621860444257],[152.210131802864879,-31.528699228441159],[152.210091822859937,-31.52877509043784],[152.210050328855999,-31.52884535043431],[152.210005382852728,-31.528913709430444],[152.209958779849785,-31.528981172426413],[152.209912301846828,-31.529048742422393],[152.209867741843453,-31.529117433418563],[152.209837084841411,-31.529162629415911],[152.209804079839728,-31.529207529413032],[152.209772705837764,-31.529252860410306],[152.209746961834924,-31.529299356408149],[152.209730826830594,-31.529347735406944],[152.209727097827965,-31.529370960406741],[152.209724963825124,-31.529394571406712],[152.209724094822093,-31.529418406406798],[152.20972408581892,-31.529442269406982],[152.209724596815704,-31.529466005407215],[152.209725895809129,-31.529514186407695],[152.209728719802143,-31.529564250408324],[152.209735236794813,-31.529613265409317],[152.209747660787258,-31.529658255410869],[152.209768178779541,-31.529696307413133],[152.209792283772998,-31.529722249415673],[152.20982173876618,-31.529744928418705],[152.209854716759338,-31.529764595422055],[152.209889326752631,-31.529781492425553],[152.20992377574629,-31.529795897429008],[152.209981252736867,-31.529811029434711],[152.21004291572828,-31.529816004440736],[152.210106954720175,-31.529814659446966],[152.210171575712337,-31.529810823453232],[152.210234996704486,-31.529808340459379],[152.210335285692224,-31.529802961469088],[152.210435574680844,-31.529791479478771],[152.210535819669644,-31.529778328488412],[152.210636000658099,-31.529767948498083],[152.21073607464561,-31.529764775507804],[152.210846287630744,-31.529769508518559],[152.210956876615171,-31.529779449529386],[152.211067133598959,-31.529794491540233],[152.211176350582264,-31.529814525550997],[152.211283820565086,-31.529839463561636],[152.211389568547304,-31.529870488572154],[152.211493909528912,-31.529907634582571],[152.211597031510109,-31.529949191592923],[152.211699149491068,-31.529993429603177],[152.211800451471987,-31.53003864361337],[152.211885744456225,-31.530074857621926],[152.211972211440298,-31.530110579630602],[152.212057109424336,-31.530148730639144],[152.212137714408129,-31.530192241647317],[152.212211263391794,-31.530244043654847],[152.212257554380585,-31.530283342659651],[152.212302921369201,-31.530325329664372],[152.212345365357777,-31.530370086668814],[152.212382907346665,-31.530417658672828],[152.212413573335965,-31.530468134676184],[152.212437946325224,-31.530525360678972],[152.212455794314735,-31.530587005681163],[152.212467680304712,-31.530651169682798],[152.212474170295337,-31.530715915683906],[152.212475829286689,-31.530779344684529],[152.212472647280492,-31.530829238684593],[152.212465090274833,-31.530879140684227],[152.212454764269523,-31.530928998683581],[152.212443281264456,-31.530978739682833],[152.212432264259292,-31.531028318682136],[152.212418478253625,-31.531084487681188],[152.212402181248308,-31.531140287680021],[152.212385957242986,-31.531196025678863],[152.212372305237352,-31.531251969677939],[152.212363798230967,-31.531308415677536],[152.212360024223699,-31.531366914677598],[152.212359424215919,-31.531426336677967],[152.212362580207611,-31.531485776678718],[152.212370065198883,-31.531544302679876],[152.212382471189756,-31.531600972681517],[152.212406584177756,-31.53166803168434],[152.21243976016487,-31.531732921688057],[152.212478942151449,-31.531796028692323],[152.212521037137833,-31.531857736696875],[152.212562989124365,-31.531918413701401],[152.212619427106887,-31.531995359707459],[152.212680472089232,-31.532069187713951],[152.212744098071482,-31.532141257720674],[152.212808290053658,-31.532212951727438],[152.212871056035937,-31.532285648734092],[152.212914549023651,-31.532335936738683],[152.212959074011309,-31.53238557074339],[152.21300301499906,-31.532435580748032],[152.213044760986804,-31.532487006752476],[152.213082696974794,-31.532540861756548],[152.213119538962104,-31.532600687760585],[152.213154157949361,-31.532662745764409],[152.213185298936935,-31.532726613767917],[152.213211697924834,-31.532791933770955],[152.213232082913407,-31.53285830277343],[152.213248916900881,-31.532936298775642],[152.213260094888653,-31.533017691777321],[152.213264102877218,-31.533099917778326],[152.213259423867186,-31.533180431778455],[152.213244525858954,-31.533256661777578],[152.213211744852686,-31.533335929774964],[152.213163159848989,-31.533411119770804],[152.21310483084693,-31.533483413765659],[152.213042800845585,-31.533553941760136],[152.212983109844004,-31.533623914754852],[152.212911944841522,-31.533711823748575],[152.212838878839392,-31.533799105742109],[152.212762801837982,-31.533883510735329],[152.212682610837817,-31.533962796728122],[152.212597201839287,-31.534034723720328],[152.21252935384166,-31.534083020714078],[152.212458447844881,-31.534127598707517],[152.212385364848785,-31.5341691737007],[152.212310990853155,-31.534208525693764],[152.212280656855057,-31.534223853690925],[152.212236204857788,-31.534246344686768],[152.212180492861478,-31.534273137681549],[152.212124082865358,-31.534298558676245],[152.212067206869449,-31.534323021670886],[152.212010087873637,-31.534346973665507],[152.211952978877832,-31.534370844660131],[152.211880862883305,-31.534399752653318],[152.211808102889051,-31.534427182646454],[152.21173528789484,-31.534454486639568],[152.211663046900355,-31.534482974632756],[152.211591971905392,-31.534514007626065],[152.211529770909493,-31.534543883620231],[152.211468161913274,-31.534575177614471],[152.211407161916867,-31.534607707608771],[152.211346770920187,-31.534641313603153],[152.211286981923308,-31.534675842597576],[152.211219338926952,-31.534714387591286],[152.211151060930604,-31.534752994584935],[152.211084224933899,-31.534793493578729],[152.211020957936199,-31.534837722572885],[152.210963301936999,-31.534887480567662],[152.210924424936451,-31.534929512564183],[152.210888613935055,-31.534974753561031],[152.210854819933132,-31.535022002558097],[152.210821975931026,-31.535070076555257],[152.210789023928982,-31.535117782552405],[152.21074627492618,-31.535180091548696],[152.210704942923115,-31.535243403545149],[152.210664442919864,-31.535307307541675],[152.210624194916562,-31.535371381538233],[152.21058363391333,-31.535435232534763],[152.210545043909917,-31.535498589531468],[152.210507878906157,-31.535563192528329],[152.210470095902537,-31.535627231525122],[152.210429641899566,-31.535688911521643],[152.210384454897792,-31.535746451517671],[152.210343515897335,-31.535789828513998],[152.210299825897465,-31.535830918510062],[152.210254189898194,-31.535870225505917],[152.210207433899143,-31.535908295501638],[152.210160382900284,-31.535945630497341],[152.210130460901041,-31.535968793494607],[152.210100126901978,-31.535991427491812],[152.210069487902985,-31.536013684489006],[152.210038687904017,-31.536035718486165],[152.21000785190509,-31.536057688483329],[152.209971968906359,-31.536082886480024],[152.209935816907745,-31.536107707476699],[152.209899548909164,-31.536132376473354],[152.209863334910551,-31.536157125470005],[152.209827344911844,-31.536182179466692],[152.209794661913293,-31.536203307463669],[152.209760670914989,-31.536223530460518],[152.209727459916508,-31.536244371457421],[152.209697116917368,-31.536267418454646],[152.209671748917089,-31.536294211452372],[152.20965461891592,-31.536319767450909],[152.209639926914093,-31.536347627449675],[152.209627574911764,-31.536377029448694],[152.209617453909118,-31.536407201447926],[152.209609502906119,-31.53643737444737],[152.209602439902028,-31.536475202446972],[152.209598441897299,-31.536514599446868],[152.209597984892127,-31.536554381447122],[152.209601525886484,-31.536593356447753],[152.209609503880529,-31.536630341448802],[152.209627593872654,-31.53667212245087],[152.209654404863954,-31.536711537453762],[152.209686495854811,-31.536749329457162],[152.20972038884554,-31.536786323460738],[152.209752658836493,-31.536823291464145],[152.209821744817958,-31.536895872471405],[152.209898816799097,-31.53696305747939],[152.209976202780297,-31.537029444487413],[152.210046238761976,-31.537099596494745],[152.210101233744467,-31.537178085500674],[152.210127972734028,-31.537230981503658],[152.210152292723535,-31.537286342506437],[152.210172578713326,-31.537343281508839],[152.210187216703815,-31.537400857510679],[152.210194594695281,-31.537458172511812],[152.210191179685381,-31.537536132512052],[152.21017426467688,-31.53761683451101],[152.210146601669749,-31.537697152508915],[152.210110970664203,-31.537773946506004],[152.210070112660162,-31.53784409850255],[152.210029846657932,-31.537899961499036],[152.20998354765689,-31.53795303649494],[152.209932480656903,-31.538002482490327],[152.209877916658002,-31.538047373485359],[152.209821139660079,-31.538086850480116],[152.209745797664482,-31.538126955473089],[152.209663983670936,-31.538158113465364],[152.209578135678811,-31.538182289457183],[152.209490700687496,-31.538201454448817],[152.20940410869656,-31.538217571440505],[152.209327915705018,-31.538228130433176],[152.20925086971414,-31.538234047425728],[152.209173331723775,-31.538237166418202],[152.209095658733474,-31.538239353410678],[152.209018209743022,-31.538242472403169],[152.208965734749597,-31.538244095398067],[152.208913053756334,-31.538244426392946],[152.208860471763046,-31.538245197387823],[152.208808273769421,-31.538248119382779],[152.208756775775129,-31.53825491437782],[152.208720534778905,-31.53826187937435],[152.208684239782514,-31.538269902370864],[152.208648338785906,-31.538279430367449],[152.208613244788893,-31.538290886364127],[152.208579388791435,-31.53830471836093],[152.208549860793369,-31.538318674358155],[152.208520396795166,-31.538333985355411],[152.208492016796555,-31.538351034352775],[152.208465707797387,-31.538370217350355],[152.208442454797535,-31.538391856348259],[152.208422106796405,-31.538420200346483],[152.208406545794077,-31.5384528293452],[152.208393063791249,-31.538487474344155],[152.208378963788476,-31.538521851343031],[152.208361528786526,-31.538553691341576],[152.208313777784412,-31.538616098337396],[152.208257161783905,-31.538675009332319],[152.208193911784974,-31.53872825532655],[152.208126287787707,-31.538773604320319],[152.20805653979204,-31.538808895313775],[152.207956976801796,-31.538832084304268],[152.207847508816116,-31.53883084729361],[152.207732446832807,-31.538816738282321],[152.207616031849852,-31.538801418270875],[152.207502583865164,-31.538796452259803],[152.207393725879143,-31.538796909249218],[152.207282087893788,-31.538795116238354],[152.207171983907614,-31.538798083227665],[152.207067678919117,-31.538812784217626],[152.206973512926822,-31.538846246208717],[152.206892603929475,-31.538904906201289],[152.206822478928018,-31.538983968195037],[152.206757965924425,-31.539074163189419],[152.206693846920501,-31.539166214183872],[152.206624949918165,-31.539250852177794],[152.206581877917614,-31.539296783173938],[152.206538554917159,-31.539342544170061],[152.206494658916824,-31.53938774016612],[152.206449901916727,-31.539431995162108],[152.206403988916975,-31.53947492415795],[152.206347900917706,-31.539523759152864],[152.206290199918925,-31.539570856147602],[152.206231279920473,-31.5396165631422],[152.206171552922257,-31.539661239136713],[152.206111431924143,-31.539705234131191],[152.206026426926741,-31.539768636123387],[152.205940784929282,-31.539832675115523],[152.205853466932496,-31.539893647107487],[152.205763397936892,-31.539947843099132],[152.205669517943221,-31.539991560090318],[152.205577672950795,-31.540023696081622],[152.20548187495973,-31.540049978072496],[152.205384068969835,-31.540068910063127],[152.205300013979524,-31.540077569055011],[152.205286200981107,-31.540078985053682],[152.205190231993555,-31.540078707044341],[152.20509845000683,-31.540067610035344],[152.205006157021501,-31.540046849026204],[152.204914940037099,-31.540017931017118],[152.204826385053252,-31.539982398008249],[152.204742087069519,-31.539941763999749],[152.204668009085054,-31.539896657992212],[152.204598009101119,-31.539843832985014],[152.204530188117417,-31.539786812977997],[152.204462653133817,-31.539729066971006],[152.204393523150003,-31.539674117963884],[152.204333813163601,-31.539629602957742],[152.204274042177218,-31.539585114951599],[152.204213947190823,-31.539541092945427],[152.204153225204351,-31.539498002939204],[152.204091624217853,-31.539456274932906],[152.204041704228644,-31.539423242927814],[152.203991542239493,-31.539390362922692],[152.203940823250264,-31.539358451917526],[152.20388922726093,-31.539328278912279],[152.203836429271405,-31.539300660906939],[152.203748761287869,-31.539261577898131],[152.20365783030411,-31.53922779288904],[152.203564695319898,-31.539199241879768],[152.203470358335181,-31.539175845870417],[152.203375824349848,-31.539157505861095],[152.203266777365371,-31.539146452850403],[152.203156081379717,-31.539145860839636],[152.203044497393563,-31.539150172828812],[152.202932833407488,-31.539153829817987],[152.202821859422102,-31.539151292807176],[152.202759156430659,-31.539147787801049],[152.20269616643921,-31.53914462379489],[152.202633401447912,-31.539140096788756],[152.202571388456931,-31.539132512782675],[152.202510648466387,-31.539120169776684],[152.202448277476634,-31.53910379177049],[152.202384928487334,-31.539084680764187],[152.202323480498364,-31.53906131175804],[152.202266900509528,-31.539032160752321],[152.202218100520668,-31.538995686747313],[152.202177081532483,-31.538946402742962],[152.202144873544484,-31.538887267739391],[152.202118241556548,-31.538822278736323],[152.202093930568537,-31.53875542573347],[152.202068715580396,-31.538690687730533],[152.202048026590603,-31.538633864728105],[152.202030716600632,-31.538575016725982],[152.202013183610603,-31.538516553723852],[152.201991794620767,-31.538460923721367],[152.20196290363117,-31.538410590718176],[152.20192659964124,-31.538369840714346],[152.201883617651561,-31.538334046709906],[152.201837300661964,-31.538300593705152],[152.201791028672432,-31.538266817700404],[152.201748162682804,-31.538230091695965],[152.201682232701444,-31.538153647688993],[152.201623948720226,-31.538068803682695],[152.201567511738972,-31.537982345676571],[152.201507112757525,-31.537901060670105],[152.201436942775786,-31.53783173266277],[152.201387434787051,-31.537795016657679],[152.201335299798274,-31.537761087652353],[152.201281166809395,-31.537729946646866],[152.201225625820314,-31.537701611641253],[152.201169286830947,-31.537676118635591],[152.201100058843338,-31.537649907628669],[152.201028534855453,-31.537628429621549],[152.200955540867199,-31.537610716614324],[152.20088185787867,-31.537595809607051],[152.20080828988992,-31.5375827585998],[152.200735412900855,-31.537571042592631],[152.200661881911685,-31.537561136585406],[152.200588063922169,-31.53755397457817],[152.200514325932147,-31.537550496570979],[152.200441036941442,-31.537551643563862],[152.200367988950063,-31.537557434556795],[152.200294699958221,-31.537567231549744],[152.20022183196582,-31.537581000542755],[152.200150056972717,-31.537598641535915],[152.200080039978957,-31.537620109529254],[152.200012262984387,-31.537645056522862],[152.199945257989214,-31.537673821516545],[152.199879775993367,-31.537706298510418],[152.199816561996755,-31.537742377504546],[152.19975637799925,-31.537781953498975],[152.199713539000442,-31.53781472549505],[152.199672574000999,-31.537850187491333],[152.199632801001201,-31.537887315487744],[152.199593530001295,-31.537925081484193],[152.199554079001445,-31.537962451480627],[152.199500161000799,-31.538019480475807],[152.199448761999207,-31.538081797471275],[152.199396931997853,-31.538142358466672],[152.199341731998146,-31.538194143461691],[152.19928020300128,-31.538230115455971],[152.19923674600517,-31.538243337451856],[152.199191075009992,-31.538251314447461],[152.199144094015452,-31.538255761442926],[152.199096738021211,-31.53825847743834],[152.19904990102691,-31.538261237433819],[152.198949567039392,-31.538264644424082],[152.198848570052832,-31.53826149741424],[152.198747313066974,-31.538253519404321],[152.198646236081458,-31.538242484394431],[152.19854574009608,-31.538230123384544],[152.198483835104952,-31.538223516378491],[152.198421383113782,-31.538217474372367],[152.198359389122828,-31.538209756366285],[152.198298837132171,-31.538198121360328],[152.198240732142011,-31.538180328354525],[152.198178119153738,-31.538152727348244],[152.198116832166221,-31.53811866434204],[152.198058226179,-31.538079097336045],[152.198003635191895,-31.538035004330421],[152.197954414204588,-31.537987369325268],[152.197908913217788,-31.537931963320439],[152.197869005231041,-31.537870559316104],[152.197833804244283,-31.53780511431221],[152.197802412257289,-31.537737579308654],[152.197773916269938,-31.537669928305377],[152.197746047284141,-31.53758971830208],[152.197724730297892,-31.537506811299394],[152.197707394311351,-31.537422280297086],[152.197691447324672,-31.537337275294909],[152.197674317338056,-31.537252888292628],[152.197661131350458,-31.537172311290746],[152.197652346362588,-31.537089269289289],[152.197642064374776,-31.537007285287679],[152.197624387387322,-31.536929935285382],[152.197593399400432,-31.536860751281875],[152.197562410410455,-31.536815680278529],[152.197526384420854,-31.536772330274701],[152.197486243431342,-31.536732234270513],[152.197442912441602,-31.536696889266032],[152.197397321451348,-31.53666779226138],[152.19733422446285,-31.536642514255071],[152.197264349473699,-31.536628629248174],[152.19719053148404,-31.536622408240934],[152.197115646494041,-31.536620104233645],[152.197042545503734,-31.536618006226522],[152.196969238513134,-31.536618445219396],[152.196895679521901,-31.536624083212288],[152.196822058530415,-31.536631353205188],[152.19674854553918,-31.536636731198076],[152.196675309548624,-31.536636677190952],[152.196613637557107,-31.536632957184928],[152.196551651565784,-31.536627722178864],[152.196490006574749,-31.536620022172809],[152.196429338584068,-31.53660881716683],[152.196370319593768,-31.536593112160975],[152.196310279604205,-31.536572952154994],[152.196249987615118,-31.536549305148966],[152.19619171262633,-31.536521418143092],[152.196137713637626,-31.536488547137594],[152.196090213648915,-31.536449948132692],[152.196041234663653,-31.536386170127457],[152.196005334678574,-31.536308631123394],[152.195977115693552,-31.536223151120026],[152.195951182708541,-31.536135537116852],[152.195922157723373,-31.536051590113424],[152.195884616742347,-31.535945008108982],[152.19585183576109,-31.535835415104998],[152.195817915779884,-31.535726834100885],[152.195776932798879,-31.535623264096142],[152.195722969818348,-31.535528739090196],[152.195693029827481,-31.535489208087],[152.19566075983667,-31.535451273083577],[152.195626965845918,-31.535414431080021],[152.195558032864398,-31.535342011072792],[152.195509841877282,-31.535291929067736],[152.195460611890155,-31.535242789062575],[152.195410583902998,-31.535194419057362],[152.195359991915836,-31.535146641052094],[152.195309067928719,-31.535099266046796],[152.195238628946299,-31.53503506603947],[152.195167203963877,-31.534971897032058],[152.195094891981483,-31.53490969602457],[152.195021799999012,-31.534848427017025],[152.194948044016542,-31.5347880460094],[152.19486445503631,-31.534720153000769],[152.194780373056119,-31.534652599992114],[152.194695117075867,-31.534586625983327],[152.194608068095476,-31.534523465974402],[152.194518581114835,-31.534464383965265],[152.194450984128991,-31.534423364958389],[152.194382257143076,-31.534383940951418],[152.194312464157093,-31.534346345944353],[152.194241693170937,-31.534310830937212],[152.194170009184575,-31.53427764592999],[152.194117498193975,-31.534257548924735],[152.19406332020327,-31.534240508919353],[152.194009249212485,-31.534223557913975],[152.193957079221832,-31.534203737908751],[152.19390857523149,-31.534178065903859],[152.193853420243641,-31.534140398898209],[152.193798022256573,-31.5340966368925],[152.193747806269471,-31.534048051887265],[152.193708168281489,-31.533995926883026],[152.193684503291763,-31.533941541880328],[152.193678058299668,-31.533888000879305],[152.193682495306831,-31.533829770879304],[152.193695771312974,-31.533770303880157],[152.193715796317974,-31.533713032881678],[152.193740519321608,-31.533661436883708],[152.193783241323729,-31.533604075887435],[152.193840279323069,-31.53355347489261],[152.193906451320515,-31.533508510898702],[152.19397659431678,-31.533468101905221],[152.194045508312797,-31.533431125911662],[152.194119847307491,-31.533398684918645],[152.194198460300584,-31.533374374926108],[152.19427879529303,-31.533353219933765],[152.194358324285844,-31.533330227941331],[152.194434508279926,-31.53330042194851],[152.194520939274156,-31.533259842956614],[152.194608929268583,-31.533216133964846],[152.19469290326424,-31.533167172972643],[152.194767331262113,-31.533110897979476],[152.194826637263162,-31.533045218984753],[152.194867951267327,-31.532973623988244],[152.19489980927392,-31.532892669990748],[152.194922219282461,-31.532806445992286],[152.194935172292361,-31.532719001992909],[152.194938677303185,-31.532634408992614],[152.194931210315417,-31.532549143991268],[152.194912547329324,-31.532462462988818],[152.194884553344309,-31.532376703985459],[152.19484906535979,-31.532294226981403],[152.194807965375276,-31.532217360976837],[152.194761845390246,-31.532149108971854],[152.194708026405749,-31.532084711966135],[152.194648622421454,-31.532023953959925],[152.194585784437152,-31.531966593953388],[152.194521638452642,-31.53191237994676],[152.194430788473284,-31.53184516793743],[152.19433342249377,-31.531785306927517],[152.194231681514083,-31.53173104791723],[152.194127726534163,-31.531680615906755],[152.194023699554037,-31.53163228289629],[152.193942809569592,-31.531593315888131],[152.193861075585431,-31.531553650879886],[152.193778401600866,-31.531517283871583],[152.193694668615535,-31.531488222863231],[152.193609780628833,-31.531470455854848],[152.193506524642373,-31.531469039844797],[152.193401063653823,-31.531485362834673],[152.193294320664108,-31.53151172582449],[152.193187228674077,-31.531540445814283],[152.19308072768473,-31.531563823804113],[152.192951852697689,-31.531591361791783],[152.192822162710058,-31.531624339779416],[152.192692794722802,-31.531654126767062],[152.192564905736958,-31.531672099754758],[152.192439607753442,-31.531669643742557],[152.192354566766056,-31.531657245734195],[152.192267750779564,-31.531639712725628],[152.192183014793727,-31.531615321717219],[152.192104158808291,-31.531582306709304],[152.192035037822961,-31.531538939702266],[152.19198857683449,-31.531496969697443],[152.191946428846364,-31.531448448692984],[152.191908215858319,-31.531395399688883],[152.191873560870164,-31.531339822685105],[152.191842087881668,-31.531283744681641],[152.191816307892964,-31.531223533678677],[152.191797474903865,-31.531159458676385],[152.191780640914658,-31.531094371674257],[152.191760856925612,-31.531031112671879],[152.191733157936909,-31.530972524668758],[152.191671261955236,-31.530894896662158],[152.1915926039743,-31.530827639654014],[152.191505061993809,-31.530765600645051],[152.191416507013429,-31.53070357863599],[152.191334800032877,-31.530636411627551],[152.191261771051586,-31.530566259619928],[152.191189970070326,-31.530494601612439],[152.191119827089125,-31.530421294605077],[152.191051781107859,-31.530346185597914],[152.190986237126509,-31.530269175590966],[152.190925488144273,-31.530194236584506],[152.190866075162063,-31.530117810578162],[152.190809019179767,-31.530039644572046],[152.190755361197319,-31.529959470566247],[152.190706149214577,-31.529877038560848],[152.19065982323238,-31.529787721555689],[152.190618114250015,-31.529695562550941],[152.190580268267354,-31.529601387546585],[152.190545542284497,-31.5295059925425],[152.190513173301355,-31.529410203538649],[152.190484148316926,-31.529320851535171],[152.190456521332436,-31.529230592531817],[152.190431888347661,-31.529139572528745],[152.190411853362406,-31.52904793452613],[152.19039803137639,-31.528955829524104],[152.190391649387038,-31.528881589522943],[152.190388655397356,-31.528806749522097],[152.190388861407286,-31.528731667521566],[152.190392052416797,-31.528656746521325],[152.190398022425853,-31.528582372521363],[152.190411701438393,-31.528474509521885],[152.190431565450126,-31.528366440523026],[152.190457659460975,-31.528259401524771],[152.190490037470681,-31.52815460352716],[152.190528735479091,-31.528053293530157],[152.190576835485615,-31.527957405534124],[152.190634491490329,-31.527865650539056],[152.190696710494194,-31.527775777544445],[152.190758553498171,-31.527685537549782],[152.190815052503183,-31.527592688554599],[152.190846874506065,-31.527540061557303],[152.190881278508613,-31.527487326560255],[152.190913450511488,-31.527434134563002],[152.190938612515424,-31.52738014456504],[152.190951968520977,-31.527325034565937],[152.190954487525318,-31.527289976565928],[152.190954460530122,-31.527253797565653],[152.190951314535283,-31.527217717565073],[152.190944456540791,-31.527182964564155],[152.190933296546461,-31.527150747562839],[152.190918156552129,-31.527122735561154],[152.190898839558145,-31.527096121559094],[152.190876518564352,-31.527071058556729],[152.190852351570555,-31.527047715554207],[152.190827485576648,-31.527026256551625],[152.190779815586808,-31.526995707546771],[152.190725413596795,-31.52697327954132],[152.190667156606679,-31.526955548535526],[152.190607904616513,-31.526939081529651],[152.190550508626387,-31.526920445523935],[152.190493542636631,-31.526898277518232],[152.190436729647018,-31.52687547351254],[152.190379772657309,-31.526853179506833],[152.190322358667459,-31.526832526501106],[152.19026419967733,-31.526814625495323],[152.190185819689702,-31.526797576487571],[152.190105851701475,-31.52678646047972],[152.190025229713058,-31.526777649471818],[152.189944912724741,-31.52676750246394],[152.189865832736956,-31.526752388456142],[152.189779572751064,-31.526729727447577],[152.18969395776557,-31.526703651439067],[152.189609140780391,-31.526674581430612],[152.189525309795386,-31.526642983422235],[152.189442581810511,-31.526609234413939],[152.189370367823841,-31.526579034406709],[152.189297983837321,-31.526547965399438],[152.189226845850868,-31.526514574392277],[152.189158388864655,-31.526477383385359],[152.189094018878592,-31.526434956378786],[152.189040028891128,-31.526392799373223],[152.188987911903894,-31.526347074367813],[152.188938520916736,-31.526298166362661],[152.188892687929524,-31.526246408357817],[152.188851265942048,-31.526192203353393],[152.188811124956345,-31.526123145348983],[152.188779410970398,-31.526048296345351],[152.188751585984221,-31.525970641342081],[152.188723107998186,-31.525893129338737],[152.188689430012403,-31.525818755334914],[152.188644709029603,-31.525732271329932],[152.188598419047167,-31.52564504332479],[152.188548356064786,-31.525560593319302],[152.188492286082351,-31.52548245431327],[152.188427997099723,-31.525414158306518],[152.188353139117083,-31.525356080298817],[152.188269487134448,-31.525306214290318],[152.188180018151627,-31.52526359928131],[152.188087662168385,-31.525227286272063],[152.187995414184371,-31.525196316262878],[152.187913197197872,-31.525174327254724],[152.187829007210865,-31.525158111246419],[152.187743599223495,-31.525146028238023],[152.187657733235824,-31.525136490229613],[152.187572172248053,-31.525127849221228],[152.187510007256662,-31.525123125215149],[152.187447609265064,-31.525120561209086],[152.187385166273373,-31.525118499202993],[152.187322875281836,-31.525115254196908],[152.187260952290643,-31.525109177190842],[152.187224693296002,-31.525104076187276],[152.187188506301396,-31.525098303183725],[152.187152399306939,-31.52509196618017],[152.187116373312477,-31.525085180176632],[152.18708044531806,-31.525078063173069],[152.187008922329369,-31.525062134166006],[152.186937846340982,-31.525043982158959],[152.186867049352657,-31.525024449151942],[152.186796377364431,-31.525004397144929],[152.186725652376197,-31.52498469413791],[152.186654648387929,-31.524964955130859],[152.186583779399797,-31.524944715123826],[152.186512937411607,-31.524924375116779],[152.186442005423402,-31.524904359109744],[152.18637087643512,-31.524885104102694],[152.186297497446503,-31.524870520095451],[152.186221330457727,-31.524860175087976],[152.186146374468933,-31.524848406080608],[152.186076625480439,-31.524829555073687],[152.186016083492433,-31.524797965067567],[152.185984834499749,-31.524773126064343],[152.185955011507303,-31.524745222061245],[152.185927429514891,-31.524714798058344],[152.185902904522351,-31.524682402055706],[152.185882260529496,-31.524648581053466],[152.185867084535715,-31.524616176051747],[152.185854857541869,-31.524581835050309],[152.185845230547841,-31.524546266049107],[152.185837879553532,-31.524510186048126],[152.185832456558984,-31.524474304047338],[152.185830914566907,-31.524415805046761],[152.185838211573895,-31.524356284047027],[152.185850025580351,-31.524296118047737],[152.185862001586798,-31.52423573704845],[152.185869800593764,-31.524175535048759],[152.185876702600268,-31.524119537049032],[152.185886213606807,-31.524060850049519],[152.185892900613567,-31.524003400049743],[152.185891313620687,-31.523951104049193],[152.185876030628378,-31.523907880047396],[152.185853378635073,-31.523879679044988],[152.185824281642226,-31.523853998041965],[152.185790935649436,-31.523831848038554],[152.185755572656348,-31.523814207035006],[152.185720416662519,-31.523802069031497],[152.185679029668592,-31.523796153027437],[152.185634586674098,-31.523797982023126],[152.185589049678924,-31.523805879018759],[152.185544390683077,-31.523818169014511],[152.185502565686448,-31.523833192010553],[152.185461035689002,-31.523854464006664],[152.185422032690354,-31.523882117003083],[152.185384491691082,-31.523913445999668],[152.185347372691581,-31.523945761996291],[152.185309615692375,-31.52397635599284],[152.185258082693565,-31.524017920988154],[152.185207641694205,-31.524061682983579],[152.185156834695107,-31.524104575978956],[152.185104170696746,-31.524143550974117],[152.185048199699736,-31.524175543968919],[152.185003953702704,-31.524196133964761],[152.18495778970609,-31.524215701960426],[152.184910710709971,-31.524231818955961],[152.1848637397147,-31.524242064951483],[152.184817906720355,-31.524244009947051],[152.184767672728185,-31.524233952942094],[152.184717483737444,-31.524212895937058],[152.184668137747593,-31.524184408932047],[152.184620430758002,-31.524152093927178],[152.184575154768169,-31.524119527922529],[152.184518699781819,-31.524071202916701],[152.184467828795789,-31.524015294911337],[152.184419665809941,-31.523955531906214],[152.184371331824082,-31.523895670901076],[152.184319959838206,-31.523839430895666],[152.184279818849092,-31.52379616189145],[152.184239946860316,-31.523750149887238],[152.1841989728714,-31.523706485882933],[152.184155551881787,-31.523670235878445],[152.184108320891028,-31.523646471873683],[152.184060963898219,-31.523638287869023],[152.184010326904541,-31.523639990864112],[152.183957842910274,-31.523647655859062],[152.183904963915808,-31.523657345854005],[152.183853125921473,-31.523665152849031],[152.18380881692633,-31.523671660844752],[152.18376455293091,-31.523680104840523],[152.183720360935496,-31.523688405836285],[152.183676230940392,-31.523694482832049],[152.183632181945853,-31.523696275827774],[152.183602914949688,-31.523695755824932],[152.183573100953652,-31.523694778822023],[152.183543608957791,-31.523692205819156],[152.183515291962209,-31.523686872816345],[152.183489009966763,-31.523677603813731],[152.183458531973542,-31.523656179810612],[152.183432410980942,-31.523625729807843],[152.183408459988726,-31.52359042980525],[152.18338448999657,-31.523554465802658],[152.183358297004219,-31.523521998799882],[152.183312761016424,-31.52347436379511],[152.183265628028749,-31.523427015790183],[152.183216371041027,-31.523382330785058],[152.183164434052998,-31.523342656779722],[152.18310932406439,-31.523310367774123],[152.183033417077269,-31.523286989766579],[152.182950061089002,-31.523279496758423],[152.182863568100373,-31.523278079750007],[152.18277828511205,-31.523272961741689],[152.182698514124809,-31.523254352733783],[152.182647563134225,-31.523232713728689],[152.182597786143987,-31.523207371723654],[152.182549202154007,-31.52317915371874],[152.182501854164144,-31.523148899713906],[152.182455761174225,-31.523117418709198],[152.182373634193226,-31.52305400770074],[152.182295952212655,-31.522983129692683],[152.182222609232241,-31.522906604684984],[152.18215350625178,-31.522826268677683],[152.182088535271049,-31.522743952670766],[152.182042756285256,-31.522681294665837],[152.18199921829941,-31.522616673661144],[152.181958038313553,-31.52255038565665],[152.181919305327511,-31.522482752652397],[152.181883117341243,-31.522414070648367],[152.181859112350935,-31.522364123645669],[152.181836675360557,-31.522313378643112],[152.181815350370101,-31.522262077640665],[152.181794679379635,-31.522210489638262],[152.181774196389085,-31.52215887563591],[152.1817416304049,-31.522071055632086],[152.181711879420533,-31.521982070628546],[152.181682844436097,-31.521892824625077],[152.181652439451767,-31.521804162621457],[152.181618582467678,-31.52171693461753],[152.181585989481562,-31.521643788613819],[152.181551128495641,-31.521571601609903],[152.181515129509734,-31.521499889605874],[152.181479139523901,-31.521428160601857],[152.181444296537961,-31.521355928597931],[152.181409560552254,-31.521281733594009],[152.18137491556655,-31.521207458590098],[152.181340834580823,-31.521132949586232],[152.181307784594992,-31.521058011582475],[152.181276239609105,-31.520982471578847],[152.181243207624959,-31.520894858574994],[152.181212954640586,-31.520806123571401],[152.18118366065616,-31.520717013567886],[152.181153487671793,-31.520628225564316],[152.181120625687669,-31.520540548560472],[152.181105548695314,-31.520497521558696],[152.181091806702938,-31.520452979557032],[152.181076899710689,-31.520409405555256],[152.181058299718387,-31.520369301553142],[152.181033487726125,-31.520335130550492],[152.181008898732472,-31.520310972547922],[152.180980689739243,-31.520287343545007],[152.180950462745841,-31.520267085541928],[152.180919797751642,-31.520253020538831],[152.180890314756113,-31.520247991535925],[152.180861146758758,-31.520256373533165],[152.180832425759775,-31.520276828530534],[152.180803669759911,-31.520303684527928],[152.180774374760063,-31.520331240525284],[152.18074404976096,-31.520353811522504],[152.180700682763018,-31.520380622518491],[152.180653890765228,-31.520409414514166],[152.180607008768021,-31.520434146509782],[152.180563336771684,-31.520448748505654],[152.180526198776704,-31.520447188502029],[152.180501296781586,-31.520434361499508],[152.180477802787152,-31.5204153574971],[152.180456190793024,-31.520392186494817],[152.180436899798849,-31.52036685349276],[152.18042038880435,-31.520341369490964],[152.180403392812224,-31.520298207488995],[152.180396535819654,-31.520249121487961],[152.180395056826796,-31.520196708487433],[152.180394222833911,-31.520143597486964],[152.180389265841342,-31.52009239548611],[152.180380704850506,-31.520031404484829],[152.180373202859784,-31.519968656483641],[152.180363135869214,-31.519907146482208],[152.180346874878921,-31.519849875480201],[152.180320807888876,-31.519799847477298],[152.180282486899586,-31.519756641473251],[152.180234422910786,-31.519718499468301],[152.180180010922129,-31.519685799462781],[152.18012261493314,-31.519658844457002],[152.180065594943244,-31.51963801245131],[152.180019860950807,-31.519625346446762],[152.179972262958188,-31.519615933442079],[152.179923856965161,-31.519610358437337],[152.179875765971531,-31.519609219432649],[152.179829071977053,-31.519613119428143],[152.179764136982925,-31.519631880421972],[152.179701137986655,-31.519665118416107],[152.179639456989065,-31.519707052410418],[152.179578564991004,-31.519751818404821],[152.179517851993268,-31.519793626399228],[152.179442330996238,-31.51984470239227],[152.179368753998574,-31.519898952385525],[152.17929559000072,-31.519953820378817],[152.179221315003304,-31.520006716371988],[152.17914439500683,-31.520055059364882],[152.179103905008645,-31.520080920361139],[152.17906275101015,-31.520109318357346],[152.179021284012066,-31.520135349353509],[152.178979915014907,-31.520154164349627],[152.178939004019298,-31.52016087834571],[152.178896971025921,-31.520152031341556],[152.178854671034173,-31.520130535337284],[152.178812845043495,-31.520101008333008],[152.178772238053114,-31.520068092328806],[152.178733594062294,-31.520036387324826],[152.178696340071241,-31.520005085320982],[152.178660645080271,-31.519971550317265],[152.178626448089375,-31.519936241313676],[152.178593711098415,-31.519899614310226],[152.178562409107428,-31.519862100306916],[152.178520951120134,-31.519806506302476],[152.178483033132807,-31.519747881298361],[152.178447796145377,-31.519687160294481],[152.178414378157868,-31.519625308290788],[152.178381902170287,-31.519563331287173],[152.17834333918438,-31.519494156282924],[152.178302965198924,-31.519423816278476],[152.178266329213102,-31.51935258027439],[152.178238926226129,-31.519280724271187],[152.178226287237351,-31.519208547269429],[152.17823027624496,-31.519146884269372],[152.178244977251296,-31.519084719270339],[152.178265765256896,-31.5190222672719],[152.178288058262297,-31.518959725273607],[152.178301907266444,-31.518914601274624],[152.178323896274208,-31.518834875276166],[152.178347005281722,-31.518755392277821],[152.178371208289093,-31.518676231279606],[152.178396495296283,-31.518597429281467],[152.178422858303236,-31.518519021283453],[152.178439549307001,-31.518474479284752],[152.178457674310494,-31.518430332286197],[152.17847562031406,-31.518386166287595],[152.17849174631786,-31.518341598288835],[152.178504430322221,-31.518296231289742],[152.178516164329068,-31.518233035290415],[152.178523317336726,-31.518168253290622],[152.178526186345039,-31.518102762290418],[152.178525021353835,-31.518037406289821],[152.178520126362997,-31.517973036288883],[152.178512919369496,-31.517930744287874],[152.178502109376495,-31.517888729286515],[152.17849050938355,-31.517846850285075],[152.178480927390297,-31.517804925283837],[152.178476167396497,-31.517762795283065],[152.178476884404034,-31.517705094282718],[152.178482863411148,-31.517645932282846],[152.178494283417393,-31.517587245283536],[152.178511342422667,-31.517530897284775],[152.17853422742661,-31.517478817286616],[152.178553598428635,-31.517444682288239],[152.178575712430217,-31.517411282290141],[152.17860038143121,-31.517379586292304],[152.178627407431577,-31.517350525294717],[152.178656594431203,-31.517325058297367],[152.178673545430655,-31.517312517298919],[152.178691222429933,-31.517300658300549],[152.178709517429041,-31.51728974930225],[152.178728350427889,-31.517280005304009],[152.17874759642649,-31.517271714305807],[152.17880583542032,-31.517261692311397],[152.178871200410953,-31.517268684317798],[152.178940384399709,-31.517286343324649],[152.179010106387807,-31.517308296331588],[152.179077067376539,-31.517328196338234],[152.179111829370555,-31.517339455341705],[152.179146314364289,-31.517353214345153],[152.179180690358095,-31.517366678348591],[152.179215085352268,-31.517377049352007],[152.179249659347249,-31.517381531355404],[152.179303703341247,-31.517374011360587],[152.179359056336949,-31.517352578365809],[152.179414041333956,-31.517321733370927],[152.179467027331867,-31.517285949375815],[152.179516364330283,-31.517249744380351],[152.179544780329536,-31.517227737382939],[152.17957245232904,-31.517204467385461],[152.179599102328865,-31.517179941387859],[152.179624434328957,-31.517154224390136],[152.179648135329472,-31.517127359392248],[152.179674265330647,-31.517093036394527],[152.179698019332449,-31.517056553396564],[152.179719847334667,-31.51701856339842],[152.179740204337179,-31.516979722400109],[152.179759539339813,-31.516940658401698],[152.179776472342326,-31.516905295403074],[152.17979270634504,-31.516869403404392],[152.179807685347868,-31.516832991405582],[152.179820871351041,-31.516796069406581],[152.179831708354641,-31.516758662407359],[152.179843388363992,-31.516676535407885],[152.179841828375487,-31.516591027407113],[152.179832560388292,-31.516503584405562],[152.179821068401424,-31.516415683403789],[152.179812884414019,-31.516328778402357],[152.179807209427167,-31.516234611401103],[152.179800791440471,-31.516140481399802],[152.179794059453769,-31.516046368398452],[152.179787489467088,-31.51595224739712],[152.179781492480345,-31.515858098395842],[152.179777512489352,-31.515793791394984],[152.179773388498432,-31.515729483394111],[152.179769543507433,-31.515665158393265],[152.179766352516339,-31.515600824392482],[152.179764227525169,-31.515536462391793],[152.179764263534025,-31.515469295391302],[152.179766316542668,-31.515402048391007],[152.179768656551261,-31.51533480939074],[152.17976957056004,-31.515267669390326],[152.179767365569177,-31.515200717389618],[152.179762148578362,-31.515136374388653],[152.179754968587815,-31.515072102387478],[152.179746004597462,-31.515007974386126],[152.179735435607284,-31.514944115384633],[152.179723433617227,-31.514880650382995],[152.179711645625844,-31.514827278381453],[152.179698226634571,-31.514774238379772],[152.179683956643402,-31.514721378377992],[152.179669613652237,-31.514668517376208],[152.179655961661012,-31.514615504374483],[152.179641368670246,-31.514559846372659],[152.179625959679612,-31.514504252370752],[152.179611240688899,-31.514448549368915],[152.179598772697943,-31.514392587367286],[152.179590068706489,-31.514336222366026],[152.179585478714017,-31.514283836365191],[152.179583264721288,-31.514230984364602],[152.179583345728332,-31.514177971364198],[152.179585631735023,-31.514125102364034],[152.17959006874139,-31.514072645364084],[152.179593824744927,-31.514042382364231],[152.179598530748308,-31.51401220936447],[152.179603855751566,-31.513982108364768],[152.179609502754829,-31.513952052365099],[152.179615177758109,-31.513922023365417],[152.179626498764009,-31.513866320366102],[152.179639156769724,-31.513810860366931],[152.179652270775364,-31.513755481367792],[152.179664963781079,-31.513700029368625],[152.179676356786985,-31.513644327369317],[152.179684496791566,-31.513601829369794],[152.17969263579613,-31.513559250370268],[152.179700147800816,-31.513516581370691],[152.17970643180567,-31.513473832370973],[152.179710877810777,-31.513430948371095],[152.179713808817922,-31.513374063370964],[152.179714033825462,-31.513316783370563],[152.179711855833347,-31.513259414369934],[152.179707570841458,-31.513202196369082],[152.179701457849802,-31.513145410368072],[152.179696473855444,-31.513107447367311],[152.179690682861235,-31.513069520366464],[152.179683941867069,-31.513031746365538],[152.179676071873047,-31.51299424136451],[152.179666946879166,-31.51295713036334],[152.179650228888306,-31.512904404361322],[152.179629808897772,-31.512852681358943],[152.179607533907443,-31.512801443356416],[152.179585284917067,-31.512750151353877],[152.179564954926576,-31.512698259351513],[152.179550621933345,-31.512660951349847],[152.179535526940271,-31.512623634348103],[152.179521309947063,-31.51258613734645],[152.179509647953552,-31.512548309345039],[152.179502198959597,-31.512509988344032],[152.179499571962282,-31.51249215034365],[152.179496775965077,-31.512473809343231],[152.179494982967697,-31.512455612342929],[152.179495349969983,-31.512438177342833],[152.179499061971597,-31.512422132343072],[152.179510319972479,-31.512404679344041],[152.179527969972213,-31.512389539345637],[152.179549402971276,-31.512375896347631],[152.179572018970049,-31.512362970349734],[152.179593182969029,-31.512349954351698],[152.179642592966587,-31.512320355356277],[152.179694735963267,-31.512294852361148],[152.179748232959469,-31.512271286366175],[152.179801667955729,-31.512247487371194],[152.179853640952473,-31.512221303376048],[152.179904376949594,-31.512193784380774],[152.179955363946675,-31.51216608538553],[152.18000546394407,-31.512137078390179],[152.180053510942031,-31.512105650394624],[152.180098383940901,-31.512070681398718],[152.180117934940569,-31.5120537844005],[152.180137368940393,-31.512036502402264],[152.180156129940315,-31.512018565403949],[152.180173654940575,-31.511999713405512],[152.180189386941208,-31.511979688406896],[152.180206991942327,-31.511953907408408],[152.180223969943853,-31.511926047409851],[152.180238266945821,-31.511897121411028],[152.180247822948445,-31.51186811341174],[152.180250583951789,-31.511840038411805],[152.180247410955246,-31.51181700041133],[152.180240481959288,-31.511793371410484],[152.18023043296364,-31.511770280409337],[152.180217901968064,-31.511748856407962],[152.180203505972372,-31.511730220406417],[152.180176021978582,-31.511710419403606],[152.180140156984805,-31.511698174400031],[152.18009951499107,-31.51169018739602],[152.180057715997435,-31.511683123391904],[152.180018382003738,-31.511673729388015],[152.179978376010268,-31.511663340384054],[152.179936774016795,-31.511654609379946],[152.179896051023377,-31.511644802375919],[152.179858635029973,-31.511631168372183],[152.179826974036757,-31.51161098136896],[152.179806832041834,-31.511592013366876],[152.179787237047236,-31.511570213364813],[152.179770179052582,-31.511546592362965],[152.179757665057423,-31.511522201361572],[152.179751668061385,-31.511498017360804],[152.179755756064651,-31.511469251360992],[152.17977039406685,-31.511438442362191],[152.179792078068147,-31.511407588364065],[152.179817330068715,-31.511378670366309],[152.179842671068769,-31.511353678368586],[152.179868487068006,-31.511334020370949],[152.179897548066435,-31.511317885373664],[152.179928447064327,-31.511303722376546],[152.179959776062105,-31.511290016379494],[152.179990137060145,-31.511275226382342],[152.180040031057473,-31.511246667386981],[152.180089333055122,-31.511216610391546],[152.180138778052651,-31.511187029396133],[152.180189138049741,-31.511159895400819],[152.180241164046038,-31.511137162405717],[152.180304127040387,-31.511118652411685],[152.180369457033549,-31.511106685417957],[152.180435942026179,-31.511097703424348],[152.180502365018867,-31.511088129430728],[152.180567506012295,-31.511074397436964],[152.18060813100854,-31.511063398440825],[152.180648648004848,-31.511051798444672],[152.18068893200126,-31.511039437448503],[152.180728866997896,-31.511026108452267],[152.180768325994705,-31.511011631456007],[152.180808125991604,-31.510996266459774],[152.180847907988607,-31.510980293463501],[152.180887107985825,-31.510963046467193],[152.180925096983458,-31.510943899470742],[152.180961293981682,-31.510922206474103],[152.181007376980403,-31.510887004478317],[152.181050045980271,-31.510846398482158],[152.181090365980907,-31.510802366485759],[152.181129457981882,-31.510756901489223],[152.181168396982798,-31.510711965492678],[152.18120133998346,-31.510674961495596],[152.181233995984201,-31.510637581498504],[152.181265880985137,-31.510599556501312],[152.18129647498634,-31.510560644504],[152.181325275987916,-31.510520557506506],[152.181351988989888,-31.510479690508795],[152.181377320992198,-31.510437747510949],[152.18140119199478,-31.510394899512953],[152.181423619997673,-31.510351316514814],[152.181444524000796,-31.510307178516516],[152.181457029002701,-31.510280725517536],[152.181469812004565,-31.510254102518577],[152.181481671006594,-31.510227210519535],[152.181491415008963,-31.510199960520286],[152.181497851011784,-31.510172243520699],[152.18150072901517,-31.510143818520771],[152.181500863019011,-31.510114667520572],[152.181498622023184,-31.510085292520127],[152.1814943640276,-31.510056204519504],[152.181488448032127,-31.510027905518726],[152.181480139037006,-31.509998843517703],[152.181469418042212,-31.509970141516455],[152.18145674304759,-31.509942021515009],[152.181442544052999,-31.509914663513442],[152.181427270058464,-31.509888273511756],[152.181401866066835,-31.509849970508998],[152.181372966075429,-31.509813002505926],[152.181341081084156,-31.509778231502555],[152.181306714092756,-31.509746552498989],[152.18127037410116,-31.509718826495259],[152.181214197111984,-31.509691486489597],[152.181150723122329,-31.509675252483312],[152.181083968132469,-31.509663581476737],[152.181017922142786,-31.509649956470223],[152.180956608153622,-31.509627833464094],[152.180915302161509,-31.509608740459949],[152.180871083169848,-31.509588490455499],[152.180829634178139,-31.509566170451301],[152.180796629185778,-31.509540891447916],[152.180777751192039,-31.509511740445859],[152.180773340196112,-31.509485574445247],[152.180774613199702,-31.509457114445159],[152.18077997420292,-31.509427613445457],[152.180787817205783,-31.509398319446017],[152.180796566208329,-31.50937053044666],[152.180806014210475,-31.509345046447386],[152.180817515212311,-31.509320027448315],[152.180830701213807,-31.509295654449414],[152.18084526821508,-31.509272151450663],[152.180860883216042,-31.50924970545201],[152.18088571321681,-31.509219631454208],[152.180913824216901,-31.509191663456722],[152.180944257216396,-31.509165551459493],[152.180976079215583,-31.5091410434624],[152.181008349214466,-31.509117916465375],[152.181054971212319,-31.509088756469691],[152.181104381209309,-31.509063361474304],[152.181155556205681,-31.509040629479106],[152.181207565201817,-31.509019438483996],[152.181259386197866,-31.508998677488883],[152.181326266192485,-31.508974492495199],[152.181394607186377,-31.508953866501685],[152.181463396180078,-31.508934352508238],[152.181531621174059,-31.508913502514694],[152.181598259168737,-31.508888842521007],[152.181659681164234,-31.508863240526782],[152.181721191159824,-31.508836564532555],[152.181781483155874,-31.508807619538199],[152.181839265152718,-31.508775232543574],[152.18189322815067,-31.508738220548551],[152.18193638114974,-31.508703332552493],[152.181978197149334,-31.508665629556273],[152.182017585149595,-31.5086253005598],[152.18205343215061,-31.508582497562969],[152.182084627152562,-31.508537399565672],[152.182106795154908,-31.508498173567535],[152.182126372157825,-31.508456948569137],[152.182143332161303,-31.508414306570462],[152.18215766616521,-31.508370840571544],[152.182169355169492,-31.508327158572342],[152.182179368174076,-31.508282544572996],[152.182187713179104,-31.508236631573471],[152.182192948184536,-31.508190430573638],[152.182193585190447,-31.508144965573365],[152.18218817119697,-31.508101230572514],[152.182176634203927,-31.508059816571087],[152.182159863211552,-31.508018528569163],[152.182138654219557,-31.507978656566806],[152.182113824227713,-31.507941473564109],[152.182086215235643,-31.507908253561176],[152.182033184247643,-31.507869224555751],[152.181966932259684,-31.507843004549109],[152.181893624271737,-31.507823140541845],[152.181819412283971,-31.507803114534486],[152.18175047029635,-31.507776455527576],[152.181678839310564,-31.507738932520351],[152.181608356325029,-31.507698442513199],[152.181539486339631,-31.507655074506193],[152.181472695354358,-31.507608882499362],[152.181408451369123,-31.507559948492752],[152.181379237376063,-31.507536014489745],[152.18135052538301,-31.507511426486772],[152.181322289389982,-31.507486246483836],[152.18129453739698,-31.507460564480958],[152.181267250403977,-31.507434434478107],[152.181209325419275,-31.507374949472045],[152.181154045434653,-31.507312605466215],[152.181100898450069,-31.507248145460572],[152.181049364465423,-31.507182331455084],[152.18099895148066,-31.507115935449697],[152.180941169498624,-31.507036514443495],[152.180885638516571,-31.506955291437503],[152.180832015534406,-31.506872679431684],[152.18077996255218,-31.506789081426003],[152.180729109569853,-31.506704873420453],[152.180708851576895,-31.506671410418232],[152.180688485583971,-31.506637966416001],[152.18066851359103,-31.506604306413816],[152.18064945659799,-31.506570207411716],[152.180631833604849,-31.506535436409756],[152.18060990761424,-31.506486053407254],[152.180590231623427,-31.506435469404966],[152.180572572632542,-31.506383989402885],[152.180556706641482,-31.506331953400942],[152.180542400650239,-31.506279693399168],[152.180527000660419,-31.506217922397219],[152.180513303670438,-31.506155291395434],[152.180502296680231,-31.506092166393884],[152.180494936689541,-31.506028925392702],[152.180492193698228,-31.505965909391985],[152.180494856706048,-31.505904272391778],[152.180502206713271,-31.505842492392034],[152.180512927720059,-31.505780757392628],[152.180525710726556,-31.505719318393421],[152.180539264732886,-31.505658399394292],[152.180554225738916,-31.505598197395305],[152.180571472744589,-31.505538506396533],[152.18059003675009,-31.505479101397896],[152.180608905755491,-31.505419778399293],[152.180627120761017,-31.505360293400621],[152.180641893767103,-31.505299911401618],[152.180654156773727,-31.50523781840235],[152.180667665780106,-31.505176576403205],[152.180686167785382,-31.505118749404584],[152.180713408788733,-31.505066910406843],[152.18073492278981,-31.505037670408726],[152.180758838790467,-31.505009460410839],[152.180784869790614,-31.504983016413178],[152.180812711790196,-31.504959037415706],[152.18084206878919,-31.504938259418395],[152.18085985378832,-31.504927529420055],[152.180878274787261,-31.504917525421771],[152.180897215786018,-31.504908481423545],[152.180916559784549,-31.504900664425371],[152.180936190782859,-31.504894326427223],[152.180988100776744,-31.504889997432233],[152.181043901768192,-31.504900180437733],[152.181101961758344,-31.504918171443506],[152.18116072874821,-31.504937282449362],[152.181218600738987,-31.504950809455085],[152.181274938730525,-31.504959791460617],[152.181331635721989,-31.504968844466198],[152.181388395713725,-31.504976222471765],[152.181444949705906,-31.504980202477288],[152.18150100069883,-31.504979036482723],[152.181551378693086,-31.504973290487573],[152.181601809687834,-31.50496407549241],[152.181651846682996,-31.504951768497182],[152.181701031678699,-31.504936753501852],[152.181748890674754,-31.504919417506379],[152.181785840671978,-31.504904725509849],[152.181822789669326,-31.504888876513323],[152.181858833667008,-31.504871271516695],[152.181893067665214,-31.50485131751989],[152.181924602664168,-31.504828414522773],[152.181960798663852,-31.504795552526044],[152.181994969664458,-31.504757939529096],[152.182025330665994,-31.504716831531731],[152.182050062668509,-31.504673490533829],[152.18206738067218,-31.504629154535191],[152.182074883675284,-31.50459821953568],[152.182079751678941,-31.504566020535915],[152.182081938682984,-31.504533293535896],[152.182081391687348,-31.50450073653559],[152.182078075691976,-31.504469075535042],[152.182075915694213,-31.504454195534731],[152.182073772696441,-31.504439306534401],[152.182071648698695,-31.504424425534083],[152.182069541700969,-31.504409536533771],[152.182067453703212,-31.504394638533466],[152.182063589707923,-31.504362637532843],[152.182060362712605,-31.504330483532307],[152.182056938717324,-31.504298383531726],[152.182052492722079,-31.504266543531056],[152.182046173727031,-31.504235142530213],[152.182019424740503,-31.504159584527059],[152.181980360755148,-31.504087066522722],[152.181934464770421,-31.504016178517748],[152.181887233785858,-31.503945488512635],[152.18184414480092,-31.503873597507923],[152.181800552817435,-31.503791227503076],[152.181757758833925,-31.503708418498306],[152.18171549385039,-31.50362533049358],[152.181673497866797,-31.503542100488893],[152.181631474883233,-31.503458896484197],[152.181584871900412,-31.503374760479041],[152.181534691917904,-31.503291296473563],[152.181486554935219,-31.503207366468253],[152.181446064951786,-31.503121832463695],[152.181418805966928,-31.503033555460398],[152.181408452976541,-31.502971040458938],[152.181402715985769,-31.502907136457907],[152.181401093994509,-31.502842586457266],[152.181403084002767,-31.502778135456985],[152.181408167010574,-31.502714544457007],[152.181421855019636,-31.502632703457731],[152.181443745027508,-31.502551669459258],[152.181470485034765,-31.502471154461265],[152.181498739041729,-31.502390855463428],[152.181525138048954,-31.502310466465403],[152.181554540055942,-31.502229315467662],[152.181589016062219,-31.502148172470399],[152.181621538068754,-31.502067192472975],[152.181645113076399,-31.501986552474659],[152.181652733085997,-31.501906396474816],[152.181649792092742,-31.501858340474179],[152.181643697100014,-31.501809379473222],[152.181633756107686,-31.501761054471906],[152.181619279115637,-31.501714907470138],[152.181599568123829,-31.501672463467923],[152.181567907133285,-31.501631641464552],[152.181526727143279,-31.501596457460273],[152.181481163153506,-31.501563595455615],[152.181436379163756,-31.501529774451008],[152.181397520173761,-31.501491695446962],[152.181360741184676,-31.501445207443048],[152.181325818195717,-31.501395941439295],[152.181294408206554,-31.501344389435857],[152.181268144217,-31.501291081432903],[152.181248665226747,-31.501236490430617],[152.181236878235325,-31.501183190429071],[152.181230433243485,-31.501127667428044],[152.181228810251213,-31.501071140427459],[152.18123150025832,-31.50101484642731],[152.181238026264708,-31.500960014427541],[152.181252942270817,-31.500899238428538],[152.181276096275724,-31.500839815430364],[152.181303472279978,-31.500781003432586],[152.181331099284222,-31.500722056434824],[152.18135498828903,-31.500662275436706],[152.181375677293914,-31.500605497438315],[152.181397209298666,-31.500548405439972],[152.181416894303737,-31.500490982441463],[152.181432070309427,-31.500433236442518],[152.181440057316081,-31.500375167442858],[152.181440962323308,-31.500319590442537],[152.181437126331332,-31.500262866441755],[152.18142858333988,-31.500206285440502],[152.181415371348891,-31.500151130438816],[152.181397515358157,-31.500098691436691],[152.181368041369581,-31.500041052433406],[152.181329559381709,-31.499986874429272],[152.181285609394251,-31.499934928424612],[152.181239740406909,-31.499883995419779],[152.181195485419352,-31.499832864415087],[152.181139630434444,-31.49977354140924],[152.181077904449893,-31.499717068402816],[152.181017514465111,-31.499660469396524],[152.18096569347972,-31.499600805391058],[152.180929640493048,-31.49953512638707],[152.180913971501099,-31.499489562385218],[152.180900516509269,-31.499440960383556],[152.18089169551692,-31.499391748382326],[152.18088997452341,-31.499344355381805],[152.180897746528132,-31.499301185382247],[152.180918489530569,-31.499262622383981],[152.180950535531053,-31.499227671386826],[152.180989205530381,-31.499194998390351],[152.181029875529362,-31.499163238394072],[152.181067882528708,-31.499131049397523],[152.18114602152724,-31.499066006404639],[152.181229467524446,-31.499005975412295],[152.181313181521546,-31.498946553420005],[152.18139213651969,-31.498883384427209],[152.181461311520223,-31.4988120394334],[152.181500393522015,-31.498760595436828],[152.18153659052453,-31.498706552439941],[152.181570267527547,-31.498650581442799],[152.181601767531077,-31.498593373445441],[152.181631446534908,-31.498535564447888],[152.181647689537215,-31.498502182449229],[152.181663278539702,-31.498468433450501],[152.181678176542249,-31.498434361451693],[152.181691971544893,-31.498401006452792],[152.181705238549256,-31.498355236453722],[152.181688188566824,-31.498238884451219],[152.181682550571082,-31.498212646450479],[152.181679637573097,-31.498200061450099],[152.181629035602896,-31.498023982443883],[152.181619354606966,-31.498002567442786],[152.181591592618673,-31.497941370439644],[152.18158708362057,-31.497931411439129],[152.181557171632249,-31.497872222435788],[152.181522623645662,-31.497804643431923],[152.181509303650699,-31.497779499430443],[152.181495714655767,-31.497754489428949],[152.181468822665863,-31.497704336425961],[152.181456075670894,-31.497678932424538],[152.181447129674495,-31.497660269423523],[152.181429783681693,-31.497622683421579],[152.18141354168884,-31.497584631419716],[152.181383968703329,-31.497504207416238],[152.181346974723112,-31.497390499411814],[152.181333071732837,-31.497330539410015],[152.181330355736151,-31.49730822840958],[152.181329216740664,-31.497274926409229],[152.181329584742116,-31.497263811409184],[152.181330355743484,-31.497252759409175],[152.181331538744786,-31.497241634409217],[152.181332282745444,-31.497236086409259],[152.181333116746089,-31.497230546409288],[152.181348534753027,-31.497162796410286],[152.18135012075399,-31.497153841410363],[152.181362858757524,-31.497115072411322],[152.181366022758027,-31.497108107411577],[152.18136917875853,-31.497101160411841],[152.181376680759797,-31.497084389412443],[152.181386137760995,-31.497066165413219],[152.181390395761383,-31.497059012413583],[152.181399503762066,-31.497045073414373],[152.181404298762317,-31.497038296414775],[152.181409722762595,-31.497030838415249],[152.181415288762878,-31.497023425415744],[152.181421097763092,-31.497016218416253],[152.181433880763166,-31.497003166417397],[152.18146305776213,-31.496982755420088],[152.181478413761653,-31.49697135342149],[152.181483809761374,-31.49696803642199],[152.18148984276101,-31.496964980422565],[152.181515236759054,-31.496955092424948],[152.181568850754616,-31.496936609430023],[152.181683042744339,-31.496902895440872],[152.181731922739516,-31.496891520445541],[152.181748183737994,-31.496887612447075],[152.181766694736211,-31.496882879448851],[152.18192472972089,-31.496844791463921],[152.181952911718014,-31.496839206466625],[152.182153534696255,-31.496808254485899],[152.182185374692921,-31.496802553488948],[152.18232915667798,-31.496775114502707],[152.182420060669472,-31.496751180511371],[152.182438973668098,-31.496743229513154],[152.182550001660246,-31.496694107523581],[152.182568046659043,-31.496685824525269],[152.182585705657971,-31.496676833526916],[152.182601392657091,-31.49666811152839],[152.182616908656314,-31.49665900452981],[152.182632192655575,-31.496649439531222],[152.182647072654987,-31.496639382532614],[152.182695343654075,-31.496599483537],[152.182772209654161,-31.49652381054392],[152.18278128065424,-31.496514720544734],[152.182790047654322,-31.496505380545507],[152.182809965655139,-31.496479797547263],[152.182815460655519,-31.496471603547725],[152.182833110657015,-31.496443026549233],[152.182852696659381,-31.496406185550875],[152.182859321660146,-31.496393958551423],[152.182877607661879,-31.496363149552966],[152.182883488662469,-31.496352777553469],[152.182888902663194,-31.496342191553907],[152.182925618670424,-31.496251753556816],[152.182942255676011,-31.496193308557999],[152.182944362677347,-31.496181342558113],[152.182945679678511,-31.496171069558166],[152.182948431685361,-31.496116640558036],[152.182948557687098,-31.496103696557956],[152.182948503688777,-31.496090752557855],[152.18294789369358,-31.49605521955753],[152.182947750694836,-31.496045591557444],[152.182947508696145,-31.496035964557336],[152.182939396705024,-31.495976721556115],[152.18292439971313,-31.495930046554321],[152.182919567715373,-31.495917954553764],[152.182907179721269,-31.495885638552323],[152.182888283729085,-31.495844745550176],[152.182874398733759,-31.495823133548672],[152.18285932073843,-31.495802327547047],[152.18284887774152,-31.495789267545941],[152.182826369747715,-31.495764374543569],[152.182737132773269,-31.495658312534122],[152.182702504782668,-31.495620798530481],[152.182605864809432,-31.495512567520286],[152.182541529827546,-31.495438346513502],[152.182517434835631,-31.495400903510884],[152.182512773837317,-31.495392674510356],[152.182471055852119,-31.495321626505778],[152.182463668857679,-31.495286496504814],[152.182463363860251,-31.495267367504646],[152.18247165587124,-31.495176491504775],[152.182474792872142,-31.495166460504993],[152.182478360872977,-31.495156510505272],[152.182506103878723,-31.495086241507451],[152.182536554882716,-31.495026380509962],[152.182543160883426,-31.495014718510518],[152.182595564888032,-31.494928700514983],[152.182618960891489,-31.49487974851689],[152.182649867894213,-31.494829370519536],[152.182664748895405,-31.494805750520797],[152.182678687896555,-31.494783493521989],[152.182711271898796,-31.494734720524797],[152.18273913190049,-31.494694866527205],[152.182775049903086,-31.494640383530307],[152.182798759905467,-31.494599355532305],[152.182874459914927,-31.494454112538588],[152.182882563915626,-31.494440962539283],[152.182890693916335,-31.494427830539966],[152.182905546917993,-31.494400893541211],[152.182910441918779,-31.494390011541608],[152.182934688923922,-31.494327424543496],[152.182941590925395,-31.49430938954405],[152.182976415934746,-31.49420516554666],[152.182999318947708,-31.494084770547992],[152.183000511949018,-31.494073682548038],[152.183008488963964,-31.493953116547903],[152.183009071966751,-31.493931289547803],[152.183009878972854,-31.49388465854755],[152.183009698974928,-31.493869133547413],[152.18300907197704,-31.493853634547229],[152.183007520979857,-31.493833967546934],[152.182983202002163,-31.493689092543512],[152.182938938025842,-31.493553207538206],[152.182894109045719,-31.493446886533054],[152.182869350056563,-31.493388700530236],[152.182853798064173,-31.493346435528409],[152.182824360081099,-31.493247267524822],[152.182796464099511,-31.493135245521277],[152.182793820101523,-31.49312267752093],[152.182791346103528,-31.493110083520605],[152.182789078105486,-31.493097461520286],[152.182783170111833,-31.493055358519403],[152.182779836115969,-31.493027202518867],[152.182770531129194,-31.492936263517301],[152.182769778130933,-31.492924054517136],[152.182769169132598,-31.492911854516983],[152.182768173137077,-31.49287890251664],[152.182771015143601,-31.492827090516528],[152.182781252150107,-31.492767812517094],[152.182784138151618,-31.492753729517272],[152.182790915154413,-31.492725843517725],[152.182796724156105,-31.49270732351815],[152.182799870156941,-31.492698126518388],[152.182802927157752,-31.492688920518617],[152.182805723158623,-31.492679615518824],[152.182810752160918,-31.492657367519154],[152.182812984162126,-31.492646153519292],[152.182815494163236,-31.492635047519453],[152.18281865816428,-31.492624155519678],[152.182842269167907,-31.492573868521589],[152.182964565190701,-31.492282700531327],[152.182971583192341,-31.492263464531874],[152.182978414194025,-31.492244164532394],[152.183089334227901,-31.491880317540485],[152.183091127229176,-31.491868825540582],[152.183092713230479,-31.491857307540645],[152.183094130231837,-31.4918457795407],[152.183095125232882,-31.491836931540728],[152.183097428236124,-31.491810300540759],[152.183097823237262,-31.491801407540734],[152.1830959762448,-31.491745947540142],[152.183095573249119,-31.491713686539871],[152.183088948256341,-31.491665460538865],[152.183026371289117,-31.491478776531412],[152.183009958298925,-31.491420618529389],[152.183007878301169,-31.491405801529076],[152.183011526310821,-31.491329195528863],[152.183011965312346,-31.491317318528814],[152.183012476313877,-31.491305449528774],[152.183013283315319,-31.491293635528759],[152.183016564317995,-31.491270320528919],[152.183033371324598,-31.491203834530062],[152.183036437325569,-31.49119350753028],[152.183039467326552,-31.491183172530508],[152.183045087328566,-31.491162483530896],[152.183047758329593,-31.491152148531079],[152.183059098334496,-31.49110411953183],[152.183081185352904,-31.490943547532783],[152.183086724387664,-31.490675462531343],[152.18308720039289,-31.490635474531093],[152.18308857139624,-31.490608896531032],[152.183101506405336,-31.490527557531678],[152.183104267407231,-31.490510507531837],[152.183125942418599,-31.490403585533162],[152.183144999425139,-31.490335603534508],[152.183171640434068,-31.490242127536405],[152.183184387436768,-31.490209498537393],[152.183192266437914,-31.490193112538051],[152.183226867441988,-31.490128374540934],[152.183235911443035,-31.490111979541677],[152.183245144443987,-31.490095682542467],[152.183264211445788,-31.490063493544081],[152.183272323446488,-31.490050101544767],[152.183340458449749,-31.489959152550735],[152.183404954450026,-31.489894522556515],[152.18341950244988,-31.489881381557833],[152.183429954449764,-31.489872184558774],[152.183440514449615,-31.489863103559738],[152.183473116448852,-31.489837000562716],[152.183483855448543,-31.489829076563698],[152.183542102445728,-31.489793480569094],[152.183556059444697,-31.489787726570402],[152.183611304440262,-31.489767548575625],[152.183623782439241,-31.489762761576809],[152.183636305438256,-31.489758127577975],[152.183693889432789,-31.489743426583484],[152.183710240431026,-31.489741041585052],[152.183726653429147,-31.489739024586633],[152.183759622425384,-31.489735528589808],[152.183974551398933,-31.489725955610623],[152.184004509395407,-31.489723508613508],[152.184034457391959,-31.489720747616406],[152.184064388388492,-31.489717852619282],[152.184094319384997,-31.489714974622171],[152.184120216381984,-31.489712527624679],[152.184171991375962,-31.489707444629673],[152.18434409135665,-31.489686101646228],[152.184392093352102,-31.48967389265081],[152.184440059347565,-31.489661352655371],[152.184523110339285,-31.489642913663317],[152.184601608332571,-31.489617240670761],[152.184620701331113,-31.489609791672546],[152.184791850318959,-31.489534861688632],[152.184812888317538,-31.489525162690594],[152.184833846316138,-31.489515293692577],[152.184900412312004,-31.489482019698784],[152.185004905305163,-31.489431973708573],[152.185044616302577,-31.489412674712295],[152.185140118297596,-31.489357626721173],[152.185306570291402,-31.489242430736496],[152.185322785290907,-31.489230141737995],[152.18535522629,-31.489205606740956],[152.185394210288763,-31.489176966744537],[152.185495727286593,-31.48909466875379],[152.185598042283999,-31.48901466576314],[152.185723735280163,-31.488921440774668],[152.185739771279628,-31.488909787776137],[152.185751908279173,-31.488901181777262],[152.185764108278732,-31.488892683778381],[152.1857763532783,-31.488884230779504],[152.185788589277848,-31.488875768780641],[152.18580078927738,-31.488867262781763],[152.185970853270646,-31.48875263179745],[152.186003186270113,-31.488725102800391],[152.18603808326958,-31.488695216803571],[152.186051833269318,-31.488684209804813],[152.186134338267834,-31.488614792812314],[152.186216744267853,-31.488534466819736],[152.186291117267302,-31.488466465826459],[152.186299579267256,-31.488458290827225],[152.186355237266923,-31.488406720832252],[152.18636464926692,-31.488397649833093],[152.186384728267143,-31.488376324834899],[152.186497629267905,-31.488260653845018],[152.186505168268155,-31.488251581845681],[152.186525355268799,-31.48822710184746],[152.186553233270274,-31.488188726849881],[152.186568050271774,-31.488162874851135],[152.186574755272687,-31.488149517851689],[152.186580931273681,-31.488135928852198],[152.186586507274825,-31.48812216885262],[152.1866055192815,-31.488053128853963],[152.186612395286915,-31.48800569185428],[152.186615774290146,-31.487977634854406],[152.186618571293565,-31.487949514854471],[152.186620686296635,-31.487924164854491],[152.186622255299397,-31.487901610854479],[152.186622918300799,-31.487890325854458],[152.186625150313461,-31.487792510853954],[152.186624747315165,-31.48777994285383],[152.186624236316874,-31.487767375853693],[152.186624343329356,-31.487673065852995],[152.186624792330491,-31.487664191852975],[152.18663032233593,-31.487617533853168],[152.18663234833673,-31.487609788853309],[152.18663444633745,-31.487602062853451],[152.186636454338213,-31.487594317853596],[152.186641993340459,-31.48757213185397],[152.186644620340729,-31.487567380854184],[152.186651450341003,-31.487558577854792],[152.186658622341241,-31.487549945855427],[152.186697131342697,-31.487501576858811],[152.186702742342703,-31.487496081859312],[152.186708416342668,-31.487490648859819],[152.186714099342652,-31.487485243860327],[152.186723539342665,-31.487476172861182],[152.186728325342614,-31.487471699861612],[152.186738132342526,-31.487463039862504],[152.186742201342412,-31.487459696862881],[152.186746325342341,-31.487456415863253],[152.186750511342211,-31.487453206863645],[152.186754760342097,-31.487450105864024],[152.186765553341615,-31.487443220865018],[152.186908080332046,-31.48737692387839],[152.187013747324045,-31.487334335888335],[152.187037806322365,-31.487323668890603],[152.187064250320532,-31.487311692893083],[152.187085763319061,-31.487301939895101],[152.187109751317394,-31.487291102897352],[152.187147695314707,-31.487274554900921],[152.18716665431333,-31.487266263902701],[152.187185461312083,-31.487257675904459],[152.187204025310876,-31.48724857790619],[152.187239379308863,-31.487229645909498],[152.187256778307926,-31.487219659911126],[152.187305560305617,-31.487189406915622],[152.187361181303856,-31.487148736920737],[152.187372054304006,-31.4871370119217],[152.187430517308286,-31.487048044926734],[152.187436819309085,-31.48703563892726],[152.187451726312304,-31.486996815928421],[152.187455545313583,-31.486983396928686],[152.187459166314909,-31.486969905928948],[152.187473446319814,-31.486918873929955],[152.187476646321102,-31.486906270930181],[152.187488030327472,-31.486847126930844],[152.187490594331251,-31.48681594093086],[152.187487537337518,-31.486771506930239],[152.187480527344462,-31.486725978929218],[152.187466561354654,-31.486662486927397],[152.187442520369018,-31.486577436924438],[152.18743655037224,-31.486558702923713],[152.187416972382152,-31.4865030089214],[152.187390152392851,-31.48644796191838],[152.187331528412585,-31.486356286912017],[152.187304340421036,-31.486318925909092],[152.187290948425243,-31.486300118907646],[152.187241664440933,-31.486229419902344],[152.187229930444829,-31.48621137590106],[152.187176316463933,-31.486118921895187],[152.187166815467549,-31.486101109894122],[152.187148322474712,-31.486065146892066],[152.187139761478221,-31.486046886891092],[152.187131936481677,-31.486028349890201],[152.187120668487381,-31.485996141888865],[152.187094601502622,-31.485906421885669],[152.187089151506029,-31.48588605588499],[152.18703949053716,-31.485699246878781],[152.187034416540143,-31.485681461878162],[152.187006888556112,-31.485587591874797],[152.186951786590129,-31.485383992867934],[152.18694704459358,-31.485362757867321],[152.186943468596752,-31.485342176866816],[152.186935508606012,-31.485279876865576],[152.186932263609179,-31.485259223865125],[152.186929027611683,-31.485243294864684],[152.186925325614283,-31.485227437864211],[152.186912766627358,-31.485140693862341],[152.186910462644477,-31.485013691861194],[152.186909584648561,-31.484983734860883],[152.186908938650333,-31.484970781860728],[152.186908033653879,-31.484944893860444],[152.186921246666543,-31.484836357860924],[152.186924598668014,-31.484821916861151],[152.186928274669469,-31.484807556861401],[152.186936485672106,-31.484779445862003],[152.186941047673315,-31.484765676862335],[152.186956295676794,-31.484724899863512],[152.186968827679351,-31.484693364864508],[152.186982057680325,-31.484673105865632],[152.186998802680364,-31.484656495867146],[152.187019222679226,-31.484645138869038],[152.187085681669714,-31.484652452875554],[152.187097558667745,-31.484655850876724],[152.187109283665706,-31.4846596778779],[152.187133073661442,-31.484668848880279],[152.187145175659168,-31.484674307881502],[152.187157070656866,-31.484680241882693],[152.187205520646444,-31.484711875887644],[152.187217666643505,-31.484722040888894],[152.1872294816406,-31.484732599890123],[152.18724100063767,-31.484743383891317],[152.18728722762512,-31.484793303896183],[152.18730963761459,-31.48485079889879],[152.187314961611975,-31.484865409899413],[152.187333221604234,-31.484906276901494],[152.187339146601687,-31.484919937902159],[152.187348872596743,-31.484947788903302],[152.187370448584943,-31.48501606790591],[152.187376615582565,-31.485027854906598],[152.187432730565661,-31.485100875912593],[152.187442527563263,-31.485109453913605],[152.187450496561411,-31.485115746914424],[152.187458752559564,-31.485121752915269],[152.187530625546316,-31.485152122922489],[152.18754235954458,-31.485153825923636],[152.187549342543605,-31.485154291924317],[152.187563407541774,-31.48515417592569],[152.187577498540037,-31.485153825927053],[152.187590944538215,-31.485154470928364],[152.187643867533723,-31.485137125933385],[152.187671046533183,-31.485114679935858],[152.187692524533645,-31.485090154937758],[152.18772897153778,-31.485023552940813],[152.187733668538925,-31.485010330941169],[152.18773786354015,-31.484996893941474],[152.187751417544547,-31.48495049594246],[152.187772500554956,-31.484851345943763],[152.187775611560028,-31.484809905943759],[152.187776462562681,-31.484789108943705],[152.187777170565312,-31.484768339943614],[152.187772939583169,-31.484637743942244],[152.187761008594777,-31.484561621940518],[152.187757781598094,-31.484539784940047],[152.187734637619513,-31.484400422936773],[152.187731024621996,-31.484385156936302],[152.187696683643054,-31.484259508932041],[152.187653154669022,-31.48410545392667],[152.18764774967326,-31.484078732925951],[152.187636965684248,-31.484006303924367],[152.187626809699879,-31.483897938922581],[152.187625563703023,-31.4838753489223],[152.187623529711971,-31.48380990292161],[152.187623439714883,-31.483788075921449],[152.187623708717723,-31.483766266921311],[152.187624398720317,-31.483746276921231],[152.18762678372525,-31.483706360921158],[152.187630494733497,-31.483640546921045],[152.187631641736772,-31.483614667920964],[152.187641609768036,-31.483368750920121],[152.187651219783902,-31.483239319920092],[152.187658211793035,-31.48316349392022],[152.187660479796676,-31.483133777920226],[152.187675224804451,-31.483060721921127],[152.187689889808127,-31.483018671922228],[152.187747573815329,-31.482908396927026],[152.187755945815894,-31.482895856927751],[152.187764631816407,-31.482883512928499],[152.187800729818036,-31.482835851931661],[152.187818478818826,-31.482812814933208],[152.187827962819028,-31.482801940934046],[152.187872943817752,-31.482767779938172],[152.188179735803402,-31.482577805966578],[152.188194803803071,-31.482565812967966],[152.188275882801662,-31.482497363975334],[152.188353116800783,-31.482428869982339],[152.188394252800492,-31.482391202986062],[152.188406855800366,-31.482379720987211],[152.188419306800313,-31.482368075988326],[152.188431327800345,-31.482356082989416],[152.188465497801587,-31.482313575992421],[152.188486195803137,-31.482281860994185],[152.188496342803944,-31.482265913995064],[152.188524283806117,-31.482222196997458],[152.188532888807003,-31.48220725399818],[152.188540714807999,-31.482191951998825],[152.188543977808536,-31.482185058999089],[152.188553039810103,-31.482164011999821],[152.188561215813166,-31.482132853000387],[152.188563805821843,-31.482064637000125],[152.188562640823392,-31.482054283999947],[152.188548118832472,-31.481999576998124],[152.188544407834456,-31.481988577997686],[152.188520375846338,-31.481922028994859],[152.188504536851553,-31.481897871993159],[152.18847600385962,-31.481864713990131],[152.18841620587412,-31.481813367983943],[152.188386202880764,-31.481792374980863],[152.188328089892849,-31.481757477974963],[152.188255499907655,-31.481716270967603],[152.188178050923852,-31.481669164959719],[152.188062200950156,-31.481583343947829],[152.188045617953748,-31.481572263946138],[152.188029042957339,-31.481561175944439],[152.187997157964588,-31.481537474941174],[152.187984106967832,-31.481525839939813],[152.187971574971044,-31.481513612938514],[152.187959267974293,-31.481501090937218],[152.187946941977515,-31.481488594935922],[152.18793429398076,-31.481476457934619],[152.187894529990245,-31.481443406930502],[152.187873248997221,-31.481411557928208],[152.187858477003971,-31.481374769926493],[152.187846752009705,-31.481342714925123],[152.187827372021673,-31.48127137992271],[152.187825050023463,-31.48126028292241],[152.18782149202687,-31.481237961921895],[152.187820075029521,-31.48121892292161],[152.187820004032091,-31.481199703921465],[152.187822074036944,-31.481161068921377],[152.187823338039323,-31.481141823921362],[152.187827991047385,-31.481076484921328],[152.187830743049147,-31.481060466921484],[152.187851853055093,-31.480995002923049],[152.187865684057527,-31.480962992924155],[152.187890281060618,-31.480915859926199],[152.187976183066667,-31.480786482933588],[152.188041692068197,-31.480711131939408],[152.18805470806808,-31.480699675940588],[152.188067401067997,-31.48068792394173],[152.188110553068157,-31.480644547945612],[152.188173373067997,-31.480584605951275],[152.188224539067562,-31.480538171955896],[152.188239554067508,-31.480523972957265],[152.188254524067446,-31.480509720958612],[152.188316079067704,-31.480448039964131],[152.188333129067928,-31.480429555965653],[152.188358757069238,-31.480394936967887],[152.188376120071496,-31.480360900969337],[152.18838442107571,-31.480320912969837],[152.188385380077079,-31.480309832969844],[152.188371279084009,-31.480270973968196],[152.188366269086004,-31.480261050967634],[152.188355799089919,-31.480241428966465],[152.188349793092129,-31.4802305559658],[152.188324371101061,-31.480187806963016],[152.188275670119481,-31.480096042957612],[152.188210547143086,-31.479981061950426],[152.188197979147304,-31.479961286949059],[152.188185367151533,-31.479941539947689],[152.188144411166689,-31.479866958943159],[152.188136298170036,-31.479849550942241],[152.188093262189994,-31.479740387937266],[152.188088735192736,-31.479724351936699],[152.188077844200592,-31.479675443935278],[152.188074779203163,-31.479659039934855],[152.188071372206224,-31.479639202934379],[152.188068369209276,-31.479619275933942],[152.188065779212252,-31.479599285933531],[152.188060427224713,-31.479510453932363],[152.188060687231086,-31.479461572932031],[152.188059979234453,-31.479437172931778],[152.188058778237036,-31.479418679931527],[152.18805257524761,-31.479344736930383],[152.188051706249809,-31.479329210930189],[152.188050307254088,-31.479298141929828],[152.188049644256211,-31.47928260692964],[152.188048882258357,-31.47926708192945],[152.188048021260926,-31.479248938929231],[152.188047260263346,-31.479230777929029],[152.188046363265954,-31.479212634928803],[152.188045126268463,-31.479194527928563],[152.188043333271082,-31.479176491928243],[152.18802498428667,-31.479076615925724],[152.188023263287846,-31.479069183925507],[152.188021461289082,-31.47906177092527],[152.188019543290295,-31.479054393925026],[152.187981617308481,-31.478953871920595],[152.187976704310671,-31.478942092920043],[152.187955603318443,-31.47890392491772],[152.187928702326928,-31.47886588191481],[152.187917748330193,-31.478851825913647],[152.187894460336821,-31.478824736911175],[152.187882753340091,-31.478811245909949],[152.187859429347014,-31.478781664907459],[152.187847910350598,-31.478765493906216],[152.187836454354226,-31.478749286904993],[152.187812234361502,-31.478717975902409],[152.187763263374393,-31.478668288897264],[152.187746124378691,-31.47865246789549],[152.187729030382997,-31.478636627893728],[152.187707777388368,-31.478616808891495],[152.187662652399439,-31.478576694886829],[152.187527511431568,-31.478465613872867],[152.187434931452088,-31.47840054386339],[152.187419827455301,-31.478391212861847],[152.187404606458443,-31.478382051860308],[152.187374057464751,-31.478363925857202],[152.18735827246806,-31.478354486855604],[152.187342468471314,-31.478345065853986],[152.187326611474589,-31.47833573485239],[152.187263729487199,-31.478301751846022],[152.187174224504446,-31.478258473836998],[152.186983641539967,-31.478175583817869],[152.186924792550769,-31.47815130981197],[152.186865155561691,-31.478126685805993],[152.186845138565246,-31.478118859803985],[152.186824943568865,-31.478111563801974],[152.186806190572042,-31.478105682800113],[152.186768174578305,-31.478095419796336],[152.186749269581441,-31.478090040794456],[152.186711486588138,-31.478076182790691],[152.186521324624181,-31.477988837771559],[152.18644213664075,-31.477940754763505],[152.186273999678207,-31.477821301746296],[152.186187112699514,-31.477744569737276],[152.186137191710856,-31.477707593732148],[152.186068778725769,-31.477661374725155],[152.185966042746259,-31.477606336714778],[152.185920792754359,-31.477589205710252],[152.185765572780213,-31.477544897694838],[152.185691700792091,-31.477526825687519],[152.18561666380387,-31.477511058680122],[152.185541957815161,-31.477498257672764],[152.185523473817909,-31.477495568670953],[152.185454370827642,-31.47748909666419],[152.185357703840111,-31.477488997654795],[152.18525674285209,-31.477496643645033],[152.185222383855944,-31.477501000641727],[152.185188024859798,-31.477505285638429],[152.185153611863768,-31.477508852635104],[152.185120364867714,-31.477511479631882],[152.184957982887227,-31.477521958616194],[152.184841145901032,-31.477531056604899],[152.184737540912721,-31.477543794594929],[152.184711741915521,-31.477547684592444],[152.184682393918649,-31.477552462589628],[152.184594708927762,-31.477569009581231],[152.184565682930639,-31.477575419578454],[152.184492420937545,-31.477594566571483],[152.184468074939787,-31.477601289569154],[152.184443674942059,-31.477607779566831],[152.184368287949269,-31.477626845559652],[152.184343125951671,-31.477633057557249],[152.184271395958604,-31.477650474550416],[152.18424029096164,-31.477657699547443],[152.184228117962846,-31.477660406546278],[152.184215935964062,-31.477663077545113],[152.184140548971726,-31.477678459537902],[152.184103491976032,-31.477682206534325],[152.184035984985627,-31.477675161527728],[152.184024528987521,-31.477671996526581],[152.183978327995305,-31.477658129521991],[152.183955344999362,-31.477649963519703],[152.183944480001429,-31.477644755518607],[152.183933015003845,-31.477637620517442],[152.183840857025729,-31.477561874507924],[152.183817246032476,-31.477533862505418],[152.183787154043841,-31.477477335502076],[152.183778100047562,-31.477458027501047],[152.183748474060963,-31.477385571497642],[152.183741115064322,-31.477367428496798],[152.183723088071986,-31.477326848494748],[152.183696734083469,-31.477265740491735],[152.183653340104996,-31.477145283486628],[152.183637779111308,-31.47711269048488],[152.183632311113456,-31.477102005484266],[152.183620353117703,-31.477081307482948],[152.183579916128735,-31.477037231478693],[152.183571015130951,-31.477029092477771],[152.183558143134178,-31.477017519476433],[152.183544948137325,-31.477006287475067],[152.183458921157467,-31.476937677466204],[152.183404823169269,-31.476901301460668],[152.183393528171422,-31.476895977459542],[152.183383552173183,-31.476892445458549],[152.183373270174883,-31.476889648457529],[152.183352249178171,-31.47688521145545],[152.183341762179793,-31.476883033454421],[152.183327437182072,-31.476879976452999],[152.183269664190817,-31.476870098447311],[152.183256765192681,-31.476868547446049],[152.183243839194517,-31.476867229444775],[152.183230886196327,-31.476866127443515],[152.183217915198128,-31.476865239442247],[152.18320494519989,-31.476864549440979],[152.183145773207542,-31.476864056435225],[152.183110240211874,-31.476865768431789],[152.183027449221385,-31.476874714423818],[152.183007800223606,-31.476876973421916],[152.182968547228029,-31.476881760418134],[152.182900627235199,-31.476893691411629],[152.182886258236607,-31.476896963410258],[152.182836445241946,-31.476905021405472],[152.182773061249662,-31.476908302399334],[152.182751968252433,-31.476907997397277],[152.182736057254601,-31.476907101395732],[152.182688387261408,-31.476902001391064],[152.182568189277703,-31.476895600379333],[152.182554528279695,-31.476893978377994],[152.182480970289959,-31.476887945370809],[152.182464691292097,-31.476887613369222],[152.182416958298205,-31.476888044364589],[152.182371475303768,-31.476890437360193],[152.18235632630558,-31.476891369358714],[152.182287070313748,-31.476896900352028],[152.182273292315216,-31.476899105350714],[152.182245952318027,-31.476904636348102],[152.182153552325701,-31.476936548339349],[152.182119686327724,-31.476954225336186],[152.182060515329454,-31.476998605330763],[152.182048835329709,-31.477007946329689],[152.182025752330162,-31.477027003327599],[152.182014395330356,-31.477036756326569],[152.182003208330485,-31.477046688325554],[152.181940146330646,-31.477106764319867],[152.181926862330783,-31.477118624318667],[152.181836810331845,-31.4771982863105],[152.181825470332171,-31.477206731309469],[152.181801994333085,-31.477222642307307],[152.181789910333691,-31.477230073306185],[152.181777656334305,-31.477237118305041],[152.181767931334861,-31.477242470304148],[152.181758106335423,-31.477247705303224],[152.181748147336066,-31.477252671302292],[152.181720834338137,-31.477263526299716],[152.181681814342227,-31.477270742295975],[152.181648907347153,-31.477265167292735],[152.181638984349007,-31.477261142291749],[152.18161964035329,-31.477247597289761],[152.181577984363201,-31.477213238285469],[152.181569576365433,-31.477204382284576],[152.181559393369469,-31.47718387228344],[152.181556802372938,-31.47715994828301],[152.181549506393367,-31.477012822281225],[152.181545947397694,-31.476983474280662],[152.181542845399292,-31.476974573280287],[152.181536974401297,-31.476965035279644],[152.181510898407936,-31.47694026827693],[152.181478430416632,-31.476906285273529],[152.181449880423486,-31.47688207427057],[152.181394716435506,-31.47684503426493],[152.181386639436795,-31.476843080264146],[152.181378312438056,-31.47684164626332],[152.18136992243933,-31.476840319262493],[152.18131730344777,-31.476827591257283],[152.181259988455622,-31.476823897251698],[152.181245529457385,-31.4768246412503],[152.181216620460617,-31.47682820024751],[152.181105099471978,-31.476851013236843],[152.181045892479801,-31.476849337231073],[152.181036274481244,-31.476847930230132],[152.180973418490538,-31.47683868822396],[152.18088466650542,-31.476812809215133],[152.180764164525101,-31.476781229203201],[152.18074161952876,-31.476775626200975],[152.180559274557936,-31.476732375182941],[152.180489821568699,-31.476718714176087],[152.180472387571314,-31.476715747174374],[152.180332647592081,-31.476694816160631],[152.180231677606685,-31.476682661150743],[152.180221682608021,-31.476682464149761],[152.180203916610282,-31.476682544148041],[152.180180582613133,-31.476683459145779],[152.180130187618204,-31.476694511140959],[152.180120865618989,-31.476697613140079],[152.180084372621707,-31.476712466136647],[152.180000936627124,-31.476752732128837],[152.179992258627919,-31.476755314128013],[152.179983438628739,-31.476757537127167],[152.179974519629639,-31.476759393126322],[152.179914030637093,-31.476761974120461],[152.179882907641598,-31.47675794911741],[152.179875216642841,-31.476756434116641],[152.179864307644607,-31.476753889115567],[152.17985346064637,-31.4767509041145],[152.179842713648185,-31.476747533113418],[152.179832072650015,-31.47674380411236],[152.179809035654245,-31.476734374110059],[152.179796692656652,-31.476728368108812],[152.17978452865907,-31.476721914107586],[152.179704784676005,-31.476671223099462],[152.179597799699167,-31.476600631088541],[152.179551653709183,-31.476569697083825],[152.179527683714582,-31.476552118081376],[152.179480730725487,-31.476515518076543],[152.179394945746338,-31.476441359067657],[152.179337190761231,-31.476384815061635],[152.179315954767105,-31.476361266059392],[152.179255815784643,-31.476287224053006],[152.179125148821413,-31.476136288039196],[152.179103975827587,-31.476110114036953],[152.179060786839926,-31.476058643032371],[152.179037677846168,-31.47603445802995],[152.178931087872058,-31.475942425018921],[152.178909421877194,-31.475924488016666],[152.178865659887492,-31.475889134012167],[152.178820902897854,-31.475854389007555],[152.178693963926492,-31.475761719994537],[152.178553292957673,-31.475662846980139],[152.178421701987816,-31.475562916966616],[152.178325205009713,-31.47549135695672],[152.178293320016905,-31.475468166953441],[152.178261471024058,-31.475444941950201],[152.178229729031216,-31.475421572946928],[152.178018019079616,-31.475261717925175],[152.177961895092608,-31.475217982919407],[152.177933910099114,-31.475196011916527],[152.177900465106916,-31.475169603913084],[152.177867101114742,-31.475143088909647],[152.177833818122565,-31.475116465906218],[152.177767512138161,-31.475062896899377],[152.177740001144656,-31.475040531896539],[152.177685097157678,-31.474995621890873],[152.177630704170667,-31.474950120885257],[152.177616881174004,-31.474938440883811],[152.177603032177331,-31.474926787882403],[152.177589254180646,-31.474915062880982],[152.17755209918991,-31.474881205877107],[152.177433739221328,-31.474758838864712],[152.177405314228565,-31.474731785861756],[152.177355304241729,-31.474681129856513],[152.177323805250552,-31.474645067853192],[152.177241058276849,-31.474526770844282],[152.177228195281515,-31.474503956842863],[152.177207300290206,-31.474458518840496],[152.177198802294299,-31.474436153839509],[152.177180256302194,-31.474394228837394],[152.177175863304115,-31.474383866836895],[152.177172188306002,-31.474373280836456],[152.177167742308967,-31.474355002835892],[152.177166030310445,-31.474345707835656],[152.177162946313302,-31.474327061835218],[152.177161638314487,-31.474319326835033],[152.177159173316852,-31.474303809834684],[152.177158160318015,-31.474296028834519],[152.177156842320528,-31.474278656834269],[152.177164793332366,-31.474181003834325],[152.177170028340527,-31.474114329834336],[152.177194276352907,-31.473997268835831],[152.177199394355739,-31.473970636836128],[152.177208107361793,-31.473916691836571],[152.177210931364101,-31.473896325836694],[152.17721369236645,-31.47387595083682],[152.177223014373226,-31.473815712837276],[152.177226250375412,-31.473795776837463],[152.177229128377718,-31.473775796837575],[152.177233708384165,-31.473722541837628],[152.177234668393709,-31.473649278837183],[152.177231934400254,-31.473602692836575],[152.177230472403522,-31.473579395836257],[152.177229513412669,-31.473510973835673],[152.17722983641562,-31.473488411835525],[152.177229935418609,-31.473465849835371],[152.177229522421612,-31.473443313835162],[152.177228868424066,-31.473425538834977],[152.17722574043151,-31.473372247834266],[152.177219985439848,-31.473314895833298],[152.177207328449072,-31.473257499831639],[152.177190287455431,-31.473225794829748],[152.177120700475768,-31.473139784822354],[152.177107702479191,-31.473126446820984],[152.177053372493077,-31.473074589815337],[152.177042794495662,-31.473065222814238],[152.176972535512277,-31.473007906806995],[152.176945741517983,-31.472990758804254],[152.176931973520823,-31.472982726802851],[152.176918070523641,-31.472974919801459],[152.176904122526452,-31.472967237800038],[152.176825696541641,-31.472928862792138],[152.176766077553395,-31.472897954786124],[152.176572984591814,-31.472795693766599],[152.176555262595258,-31.472786765764816],[152.176537469598685,-31.472777980763034],[152.176486500608405,-31.472754154757904],[152.176469862611526,-31.472746741756229],[152.176453154614649,-31.472739498754553],[152.176396681624936,-31.472716666748898],[152.176260742648765,-31.472668655735337],[152.176191218661273,-31.47264176372839],[152.176163725666754,-31.472627134725606],[152.176074561685965,-31.47256872571651],[152.176066152688065,-31.472560837715633],[152.176050170692321,-31.472544182713971],[152.176002553707178,-31.472478225708848],[152.175994817710233,-31.472462869707982],[152.175987682713185,-31.472447147707182],[152.175980887716207,-31.472431244706403],[152.175974182719159,-31.472415360705622],[152.175952642728902,-31.47236259870315],[152.175937143737599,-31.47231184470127],[152.175922415751131,-31.472224006699193],[152.175920712753509,-31.472207683698905],[152.175920112754653,-31.472199499698792],[152.175920569756755,-31.472183337698709],[152.17592731075942,-31.472156490699174],[152.175943660761249,-31.472126783700549],[152.17595241876154,-31.472115901701311],[152.175983550762453,-31.472078862704052],[152.176003763762907,-31.472055762705853],[152.176056185764111,-31.471995721710499],[152.176065427764797,-31.471981289711291],[152.176081768766693,-31.471951090712665],[152.176088814767837,-31.47193559171323],[152.176101919771099,-31.471898211714226],[152.176105585772348,-31.471885465714486],[152.176127628780705,-31.471800621716],[152.176127224782334,-31.471788636715875],[152.176126480783267,-31.471782603715766],[152.176125136785714,-31.471765276715505],[152.176070814800312,-31.4717076647098],[152.176066001801502,-31.471703245709293],[152.17605014380527,-31.471690167707656],[152.176038786807851,-31.471681893706492],[152.17593905382941,-31.471615739696322],[152.175876189843649,-31.471569512689864],[152.175849144849906,-31.471548464687096],[152.175823203856169,-31.471526242684405],[152.175794025864548,-31.471491373681314],[152.175786065867158,-31.47147934368045],[152.175778383869755,-31.47146712567962],[152.175770808872358,-31.471454889678782],[152.175750971879239,-31.471422090676615],[152.175744911881509,-31.471410867675946],[152.175739381883687,-31.471399420675326],[152.175723505891739,-31.47135446667345],[152.17571533089685,-31.471323621672429],[152.175711709899275,-31.471308615671962],[152.175708428901743,-31.471293511671529],[152.175696318914106,-31.471211706669756],[152.175692965923872,-31.471140971668913],[152.175693198926012,-31.471124701668817],[152.175700531947882,-31.470952002668252],[152.175701652949328,-31.470940142668276],[152.17570635895342,-31.470904672668475],[152.175713636961603,-31.470835909668679],[152.175715331968263,-31.470783757668443],[152.175714264969429,-31.47077594066829],[152.175704986975376,-31.470739753667122],[152.175702934977039,-31.47072935566684],[152.175698676979778,-31.470712655666308],[152.175696623980912,-31.470706308666063],[152.175694391982006,-31.470700016665791],[152.175691998983183,-31.470693777665517],[152.175675074989499,-31.470662017663642],[152.175666674992243,-31.470649728662742],[152.175658311994937,-31.470637411661841],[152.175650611997611,-31.470624754660985],[152.175621380009403,-31.4705639256577],[152.17561364501239,-31.470548955656831],[152.17559282101962,-31.470514596654564],[152.175521997044058,-31.47039853964683],[152.175484644056155,-31.470343429642796],[152.175475214059048,-31.470330610641774],[152.175412538077836,-31.470249388635093],[152.175403682080486,-31.470238282634153],[152.17539479808309,-31.470227202633197],[152.175385897085761,-31.470216132632263],[152.175376987088299,-31.470205070631312],[152.175328913102334,-31.470145908626215],[152.175300229111429,-31.470104835623118],[152.175287276116165,-31.47008190562169],[152.175242940133614,-31.469993054616733],[152.175233600137659,-31.469971388615654],[152.175229387139836,-31.469959314615163],[152.175222484143944,-31.469934645614309],[152.175214282154229,-31.469864878613006],[152.175214067156077,-31.469851226612871],[152.175214354157816,-31.469837547612808],[152.175217599174516,-31.469708421612157],[152.175217330177873,-31.469683269611959],[152.175221884182662,-31.469642500612093],[152.175234138188472,-31.469586691612875],[152.175258484195837,-31.469507503614651],[152.175268452197741,-31.469483220615448],[152.175282391200398,-31.469449659616537],[152.175291364202053,-31.469428253617263],[152.175295622202952,-31.469417460617596],[152.175305608205377,-31.469389502618359],[152.175310314206627,-31.469375410618717],[152.17531494820787,-31.469361292619059],[152.175325140210504,-31.469331747619837],[152.175345569216063,-31.469269546621362],[152.175348859217934,-31.469252093621545],[152.175351208219979,-31.469234389621644],[152.175353664242948,-31.469058391620596],[152.175352956244978,-31.469043995620414],[152.17534254025901,-31.468947757618697],[152.175327077270794,-31.46887389461665],[152.175322595274281,-31.468851717616047],[152.175318095277788,-31.468829550615446],[152.175300526291863,-31.468740089613082],[152.175284552306067,-31.468648334610851],[152.175271940322915,-31.468532995608783],[152.175270497325414,-31.468515622608503],[152.175269260327866,-31.468498232608248],[152.175268363330275,-31.468480842608031],[152.175268059335338,-31.46844311360773],[152.175278547351525,-31.468310392607769],[152.175288550356584,-31.468262480608388],[152.17531685936433,-31.468176256610509],[152.175338758367928,-31.468127788612282],[152.175357134369193,-31.468100250613851],[152.175365901369901,-31.468086284614596],[152.175377581371094,-31.468066080615607],[152.175389037372327,-31.46804574061656],[152.175423207376014,-31.467984597619427],[152.175468018380371,-31.467907920623208],[152.175478686381581,-31.467888459624099],[152.175520422387535,-31.46780282662753],[152.175530444389068,-31.467781223628343],[152.175556430393215,-31.46772484963045],[152.175589642399189,-31.467647391633101],[152.175611792404311,-31.467587099634802],[152.175618855406896,-31.467560593635305],[152.175622002408232,-31.467547237635507],[152.1756251304096,-31.467533862635715],[152.175628438410939,-31.467520542635938],[152.175640190414839,-31.467479612636776],[152.175643847416211,-31.467465933637026],[152.17565204042117,-31.467420047637486],[152.175654308423759,-31.467398515637562],[152.1756559754281,-31.467364148637458],[152.175652255443651,-31.467249857636254],[152.175646474457608,-31.467150034634948],[152.175645837460081,-31.467131900634755],[152.175645067462597,-31.467113784634556],[152.17563951847697,-31.467010250633248],[152.175638819479758,-31.466989920633033],[152.175637761485262,-31.466949242632626],[152.175637671490676,-31.466908563632323],[152.175641078500519,-31.466830863632079],[152.175650087512452,-31.466731803632221],[152.175655689517953,-31.466684509632426],[152.175658011520824,-31.466660817632462],[152.175663542529634,-31.466588747632471],[152.175665397535766,-31.466540646632293],[152.175665442538815,-31.466517349632131],[152.175661704551629,-31.466424168631089],[152.175653251566217,-31.466322069629506],[152.175644458577096,-31.466248537628108],[152.175641123580675,-31.46622453262761],[152.175638120584239,-31.466200508627136],[152.175635817587704,-31.466176422626734],[152.175626620610331,-31.466014461624649],[152.175624621613309,-31.465993763624294],[152.175622882616267,-31.465973048623983],[152.175621618618891,-31.465954564623722],[152.175619449624065,-31.465917588623235],[152.175618418626613,-31.465899095623001],[152.175617342629209,-31.46588060262275],[152.175613748636863,-31.465826254622009],[152.175612663639413,-31.465808138621782],[152.175611785641905,-31.465790013621547],[152.175611220644242,-31.465773008621369],[152.175610315651085,-31.465721976620909],[152.175608970656612,-31.465681289620488],[152.175608119659898,-31.465657624620206],[152.175612251668923,-31.465585141620089],[152.175613631670757,-31.465569992620111],[152.175616258674324,-31.465540375620137],[152.175625849683286,-31.465463455620508],[152.175635486689686,-31.465405449621027],[152.175640031692808,-31.465377733621256],[152.17564488969731,-31.465338955621448],[152.175647596700884,-31.465309338621477],[152.175651263707749,-31.465253483621435],[152.175651890709503,-31.465239795621383],[152.17565246471122,-31.465226107621344],[152.175652849713174,-31.465210940621269],[152.175654310721029,-31.465150317620964],[152.175660496727176,-31.465097833621172],[152.176820520224112,-31.460210375697812],[152.176854583235269,-31.460093117700257],[152.176811556250811,-31.460017255695515],[152.176734825279055,-31.459878421687034],[152.176685729297617,-31.459785716681591],[152.176568983369236,-31.459357498667082],[152.176528771395823,-31.459195770661982],[152.176509848420466,-31.459027822658907],[152.176513864435407,-31.458910698658432],[152.176528162448506,-31.45879781565899],[152.17654601845959,-31.458696585659972],[152.176547434460446,-31.458688571660048],[152.176566868471951,-31.458582886661159],[152.176582054483418,-31.458481065661879],[152.176588642495375,-31.458384316661807],[152.176589790503982,-31.458318010661429],[152.176590417508805,-31.458281320661225],[152.176594039522598,-31.458173009660761],[152.176607386535636,-31.458061658661247],[152.176640239546288,-31.457949152663613],[152.176705174551927,-31.457843189669131],[152.176788082552918,-31.45775523467654],[152.176818838552663,-31.457726837679321],[152.176870829552371,-31.457678835684014],[152.176940551552832,-31.457607732690267],[152.176990041556053,-31.457534793694535],[152.177022984562115,-31.45745706669717],[152.177050297570162,-31.457369578699168],[152.177070636579629,-31.457277957700462],[152.17708422659021,-31.457184633701107],[152.177091352601479,-31.457092654701118],[152.177091361617755,-31.456969400700199],[152.177080121635953,-31.456842936698191],[152.177056913655377,-31.456718552695008],[152.177021371675352,-31.456602092690691],[152.176972921695381,-31.456497707685216],[152.176911849715765,-31.456402922678596],[152.176835978737955,-31.456308845670517],[152.176750615760056,-31.456224763661606],[152.17666132478027,-31.456158653652448],[152.176631806785963,-31.456144535649475],[152.176618943788156,-31.456140313648191],[152.176516745805714,-31.456106842638022],[152.176515024806008,-31.456106277637844],[152.176451765814164,-31.456106250631702],[152.176428225817034,-31.456107541629425],[152.176371806823852,-31.456110642623965],[152.176282686835293,-31.456110777615319],[152.176270782837122,-31.456108805614146],[152.176255346839412,-31.456106232612616],[152.176191962849003,-31.456095681606392],[152.176173586852201,-31.456089182604551],[152.176166316853454,-31.456086610603826],[152.176116351862248,-31.456068915598848],[152.176046539875472,-31.456036636591826],[152.175979713889035,-31.455999184585057],[152.17591635690269,-31.455957690578593],[152.1759140619032,-31.455956023578366],[152.175847091919707,-31.455896341571425],[152.175824323925326,-31.455876046569053],[152.175800398931216,-31.455854721566563],[152.17574030394735,-31.45579115756027],[152.175651731977894,-31.455646084550594],[152.175580513007503,-31.455491599542519],[152.175549121021675,-31.455415020538918],[152.175484088050354,-31.455261333531467],[152.175452777063839,-31.455189567527903],[152.175424881076935,-31.455117542524647],[152.175411596084416,-31.455074049523038],[152.175402193089667,-31.455043267521912],[152.17538145910072,-31.454979775519426],[152.175360932109243,-31.454935538517105],[152.17533984911509,-31.454911738514888],[152.175311137120616,-31.454898023511976],[152.17526616512788,-31.454886603507539],[152.175211404135723,-31.454880714502167],[152.175152905143278,-31.454880382496487],[152.175096934149963,-31.454884398491068],[152.175039000156232,-31.454893263485513],[152.174980089161892,-31.45490791947989],[152.174924781166339,-31.454928044474681],[152.174878096169095,-31.454952452470319],[152.174848955170063,-31.454973589467642],[152.174832228167872,-31.455006541466268],[152.174817867156605,-31.455105629465599],[152.174814829154911,-31.455121567465422],[152.174805614149705,-31.455169864464885],[152.174794516141674,-31.455241146464342],[152.17478524713826,-31.455276258463691],[152.174725565135162,-31.455357722458494],[152.174670571138279,-31.455387608453375],[152.174624711142002,-31.45540417344904],[152.174575105146886,-31.455415513444297],[152.174521527153303,-31.455418919439133],[152.174513083154579,-31.455417306438299],[152.174509820155095,-31.455416678437967],[152.174459398162867,-31.455406997433002],[152.174399474176056,-31.455365557426873],[152.174361592188092,-31.455311253422792],[152.174336842198016,-31.455260481420016],[152.174323119203706,-31.455230837418473],[152.174318000205801,-31.455219776417884],[152.174272329220514,-31.455153227412957],[152.174221835235386,-31.455089547407585],[152.174135207258956,-31.454995596398476],[152.174041435282703,-31.454907139388709],[152.173942267306273,-31.45482546837848],[152.173841655328772,-31.454753335368167],[152.173703932356261,-31.454679132354254],[152.173551419383443,-31.454621941339024],[152.173514040389762,-31.454610494335302],[152.173386644411323,-31.45457146532264],[152.173216077440344,-31.454517825305668],[152.173051866470132,-31.454452029289243],[152.172965839485983,-31.454416102280618],[152.172874057502327,-31.454381671271445],[152.172866384503749,-31.454378426270672],[152.172852875506379,-31.454371649269312],[152.172803788515949,-31.454346998264363],[152.172696373536894,-31.45429305325354],[152.17268681753896,-31.45428658125255],[152.172608992559475,-31.454207125244402],[152.172600674562631,-31.454191500243489],[152.172551497594981,-31.453994311237249],[152.172549839597423,-31.45397745923696],[152.172554563612351,-31.453860300236567],[152.172562962625932,-31.453749317236564],[152.172565311639346,-31.453645407236021],[152.172566611661296,-31.453478291234916],[152.172572939674666,-31.453370867234742],[152.172576579682328,-31.453309267234641],[152.172584655702821,-31.453146481234221],[152.172581330723574,-31.452992660232756],[152.172557826745845,-31.452847174229412],[152.172515149769708,-31.452707731224237],[152.172458111795748,-31.452566333217646],[152.1723884798227,-31.452430404209874],[152.172307588849606,-31.452305267201105],[152.172217384875637,-31.452196426191538],[152.17209811890487,-31.452091127179173],[152.171957411935153,-31.451999165164825],[152.171801115965707,-31.451919717149067],[152.171636725995768,-31.4518524701326],[152.171474514023856,-31.451797682116442],[152.171354137042783,-31.451771668104559],[152.171225351061054,-31.451758796091948],[152.171121620075382,-31.45175147308181],[152.171088068079996,-31.451749106078552],[152.170945935100576,-31.451731546064615],[152.170923193104301,-31.451725423062364],[152.170918541105095,-31.451724168061897],[152.170807002123411,-31.451694175050832],[152.170712881140702,-31.451654787041409],[152.170623707157972,-31.45161080103243],[152.170599953162821,-31.451597382030023],[152.170589088165002,-31.451591250028908],[152.170537196175587,-31.451561929023661],[152.17045378619332,-31.451508916015168],[152.170368736212168,-31.451448903006465],[152.170314988226409,-31.451393550000837],[152.170313975226662,-31.451392510000741],[152.1702361682473,-31.45131238099259],[152.170127847282885,-31.451148134980865],[152.170089508296115,-31.451085359976666],[152.170032202315895,-31.450991551970422],[152.169939487343669,-31.450871783960526],[152.169868833358947,-31.450824588953314],[152.169811052370079,-31.450796665947493],[152.169803450371575,-31.450792999946728],[152.169801801371875,-31.450792201946552],[152.169759132378886,-31.450780790942332],[152.169715289385636,-31.450772041938013],[152.169675893391343,-31.450767380934153],[152.169664804392653,-31.450768375933084],[152.169646419394809,-31.450770033931303],[152.169598471400377,-31.45077435492669],[152.169562041404134,-31.450781624923202],[152.16948110640962,-31.450818708915619],[152.169395033413366,-31.450874230907651],[152.169309203415622,-31.450940573899821],[152.169283602416044,-31.450962194897485],[152.169183179416706,-31.45105504288842],[152.169141433415149,-31.451107401884755],[152.169141165415112,-31.451107750884741],[152.169095018413088,-31.451168356880693],[152.169041279411658,-31.451231319875941],[152.168977509412372,-31.451288186870165],[152.168896636415724,-31.451341351862709],[152.168810707420789,-31.451386637854689],[152.168719920427549,-31.451423909846152],[152.168626041435914,-31.451451590837237],[152.168620806436536,-31.451452639836742],[152.168562405443794,-31.451454118831077],[152.168437017459524,-31.451457309818927],[152.168427103460772,-31.451457551817967],[152.168353025471447,-31.451448784810708],[152.168183875503075,-31.451373845793718],[152.16802323153712,-31.451272759777378],[152.168004093541356,-31.45125943877542],[152.167870145570873,-31.451166177761731],[152.167725296601873,-31.451072495746971],[152.167594592628348,-31.450999564733731],[152.16758813862964,-31.450996014733082],[152.167458286655773,-31.450924706719949],[152.167321989683927,-31.450844075706115],[152.16719074771288,-31.450752938692695],[152.167156496721276,-31.450722667689146],[152.167152579722256,-31.450719216688743],[152.167070415742387,-31.450646572680231],[152.16694909777712,-31.450501786667388],[152.166845599811694,-31.450341044656142],[152.166757088845543,-31.450170827646293],[152.166711283865197,-31.450066621641088],[152.166709830865869,-31.450063304640903],[152.16668060887838,-31.449996836637588],[152.166612939910038,-31.449823267629721],[152.166573605931035,-31.449702576625025],[152.166542016951212,-31.449580424621043],[152.166533859956985,-31.449544721619997],[152.166514488970677,-31.449459949617488],[152.166487031989732,-31.449342539613955],[152.166455371009022,-31.449227325610028],[152.166428202024576,-31.449136125606717],[152.166401157040156,-31.449044505603414],[152.166372939055549,-31.448955591600026],[152.166341780070752,-31.448870487596373],[152.16630639008585,-31.44879095059234],[152.16624110610897,-31.448679223585184],[152.166161999133379,-31.448571718576709],[152.166072852158948,-31.44846485956726],[152.165978892185393,-31.448356440557333],[152.165887128211807,-31.448245609547595],[152.165682247271718,-31.447991543525841],[152.165473324331572,-31.447741906503694],[152.165261640391634,-31.447493335481326],[152.165049651451852,-31.447243877458892],[152.164871949502952,-31.447030194440064],[152.164839347512327,-31.446990986436603],[152.164669131563386,-31.446770168418446],[152.164645045570865,-31.44673689341586],[152.16450603161411,-31.446544886400943],[152.164343300664115,-31.446324632383519],[152.164173720713308,-31.446117556365529],[152.163989429761699,-31.445930478346263],[152.163769561813893,-31.445749496323579],[152.163531837866458,-31.445583063299253],[152.163281169918832,-31.4454304422738],[152.163022101970625,-31.445290542247609],[152.162760390021162,-31.44516274322125],[152.162521492065054,-31.445063064197324],[152.162274544108072,-31.444977979172727],[152.162021258150901,-31.444900091147549],[152.161829169183306,-31.444841880128479],[152.161764853194114,-31.444822392122088],[152.16152828523488,-31.44474414609854],[152.161508860238257,-31.444737710096611],[152.16150101623964,-31.444734680095827],[152.161319998272177,-31.444664753077728],[152.161285325278527,-31.444650213074269],[152.161134892306194,-31.44458708905918],[152.160952601339545,-31.444512303040941],[152.160771699371367,-31.444447386022908],[152.160588314401423,-31.44439828200473],[152.16044827042316,-31.444370116990928],[152.160305358444731,-31.444345779976874],[152.160163423465292,-31.444328658962966],[152.160024078484099,-31.444321559949383],[152.15988936750071,-31.444327099936348],[152.159756548514821,-31.444349581923621],[152.15962217852703,-31.444387902910858],[152.159484483538336,-31.444436442897857],[152.159436660542156,-31.444454083893341],[152.159343076549646,-31.444488622884506],[152.159199339561752,-31.444536678870911],[152.159125781568292,-31.444558926863937],[152.159042102575683,-31.444584232856002],[152.159012691578312,-31.444593133853203],[152.158827307594692,-31.44464957983563],[152.158641493611157,-31.444705766818007],[152.158455070627838,-31.444760993800308],[152.158269722644661,-31.444814033782713],[152.158183121652172,-31.444841687774495],[152.15809418065939,-31.444873455766103],[152.158000319667337,-31.444904713757225],[152.157994671667893,-31.444906102756686],[152.157907999677064,-31.44492100074838],[152.157856850682464,-31.444929785743486],[152.157800566689701,-31.444929660738026],[152.157697238703037,-31.444929436727982],[152.157687620704394,-31.444928450727051],[152.157671789707024,-31.444924237725484],[152.157665246708063,-31.444922498724836],[152.157585395721185,-31.444901289716931],[152.157489785737823,-31.444867836707399],[152.157467223741804,-31.444859822705148],[152.157399912753647,-31.44483591569843],[152.15731192276823,-31.444811022689709],[152.157180152789152,-31.444780689676698],[152.157046427810371,-31.444750570663498],[152.156915249830462,-31.444726188650581],[152.156787862848716,-31.444711954638112],[152.156662537864833,-31.444711837625945],[152.156551599877872,-31.444721214615249],[152.156437326890511,-31.444736712604271],[152.156328485901327,-31.444760566593875],[152.156231253909397,-31.444794539584681],[152.156208404910643,-31.444807358582558],[152.156099582914663,-31.444882826572563],[152.156055461913922,-31.444931159568629],[152.156009897912043,-31.444989793564645],[152.155963984909562,-31.44505357156066],[152.155878709903874,-31.445179694553314],[152.15587070490318,-31.445192405552621],[152.155846627900019,-31.445239636550642],[152.15582670989744,-31.445278701548993],[152.155779102891273,-31.445371721545069],[152.155719975886711,-31.445464130540003],[152.155713306886639,-31.445470898539405],[152.155547724891591,-31.445594977524252],[152.155525493892839,-31.445606980522193],[152.155400786904266,-31.445641823510332],[152.155359848908716,-31.445647847506411],[152.155341911910682,-31.445650500504684],[152.155273848918142,-31.445660513498154],[152.155204897926183,-31.445666869491504],[152.155150154932528,-31.44567191648623],[152.155034483945883,-31.445683381475085],[152.154848032966498,-31.445708946457177],[152.154661403987461,-31.44573172443922],[152.154647284989068,-31.445733445437874],[152.154443346013977,-31.445743557418158],[152.154268791038675,-31.445726481401088],[152.154261315039719,-31.44572574640036],[152.154245753041948,-31.445724222398834],[152.154156571057825,-31.445690517389924],[152.154085863071913,-31.445652958382802],[152.154017244085537,-31.445616520375864],[152.153998097089328,-31.445606355373929],[152.153994063090266,-31.445603325373519],[152.15392760410657,-31.445544324366629],[152.153867143122625,-31.445481765360306],[152.153811145138178,-31.445418480354398],[152.153810750138291,-31.445418031354354],[152.153705863169591,-31.445283222343193],[152.153662612183325,-31.445221568338518],[152.153587584211863,-31.44507823533019],[152.153551916226093,-31.445005196326186],[152.15352025523876,-31.444940360322637],[152.15345022026375,-31.444819311314951],[152.153419698272387,-31.444783464311719],[152.15339809427806,-31.444761458309461],[152.153381350282473,-31.444744390307704],[152.153302825303143,-31.444664378299485],[152.153235775318961,-31.444609877292585],[152.153127096341734,-31.444543311281546],[152.153112772344713,-31.444534544280092],[152.153096556348089,-31.444524603278442],[152.15303462435881,-31.444503950272264],[152.152984730366029,-31.444497810267396],[152.15292798837325,-31.444498429261898],[152.152865913380452,-31.444504417255914],[152.152799983387723,-31.44451361424959],[152.152739449394375,-31.44452211224376],[152.152695606398254,-31.444535280239609],[152.152579962408566,-31.444570006228648],[152.152495531415411,-31.444600421220677],[152.152490090415853,-31.444602178220169],[152.152443791420524,-31.444611958215745],[152.152439282420971,-31.444612908215312],[152.152390572425901,-31.44462320821065],[152.152290328440017,-31.444613634200852],[152.152239197449433,-31.444592417195729],[152.152200231457442,-31.444569514191787],[152.152166096464981,-31.444545840188304],[152.152136318471719,-31.444523861185242],[152.152135762471829,-31.444523448185183],[152.152073875485911,-31.444476746178839],[152.152005444501953,-31.444422254171798],[152.152001625502834,-31.444419224171394],[152.151965581511263,-31.444390531167684],[152.151837961544317,-31.444264534154375],[152.151718615576613,-31.444135946141845],[152.151713990577861,-31.444131114141356],[152.151601133607898,-31.444013489129539],[152.151478112638216,-31.44390372611679],[152.151303978677788,-31.443773677098935],[152.151120692717541,-31.443650871080237],[152.150931006757105,-31.443536276060978],[152.150736541796135,-31.443430008041329],[152.150538545834507,-31.443331997021378],[152.150412602858353,-31.443274072008741],[152.150285026882045,-31.443218808995958],[152.150156456905364,-31.443167472983092],[152.150026990928126,-31.443121039970201],[152.149897944950084,-31.443080835957367],[152.149793720966613,-31.443056946947081],[152.149684324982957,-31.443039538936336],[152.149661107986418,-31.44303611493406],[152.149569701999951,-31.443022659925084],[152.149451943018079,-31.442999980913495],[152.149334380037885,-31.442964608901818],[152.149235346056571,-31.442919466891883],[152.149143914075239,-31.442867134882626],[152.149058039093347,-31.442813620873892],[152.149039322097224,-31.442802361872001],[152.148975570110508,-31.442764013865517],[152.148892886126703,-31.4427217578572],[152.14879126214538,-31.442679017847013],[152.148685989164136,-31.442639692836522],[152.148578887182566,-31.442604311825857],[152.148470540200691,-31.442572821815123],[152.148363815217976,-31.44254576780456],[152.148242344236195,-31.442525930792623],[152.148114598253898,-31.442516518780149],[152.148091525257001,-31.442515173777913],[152.147980102272214,-31.442508710767051],[152.1478416362921,-31.442492826753497],[152.147836419292958,-31.442491508752976],[152.147826639294522,-31.442489043752019],[152.147770543303608,-31.44247488974646],[152.14764460832501,-31.442435412733946],[152.147642967325282,-31.44243476673379],[152.147583285336282,-31.442409578727808],[152.147547044343241,-31.442392367724171],[152.147504151338069,-31.442473222720611],[152.147468430334811,-31.442532671717579],[152.14742407632906,-31.442619711713906],[152.147386732322133,-31.442708356710948],[152.147359096315171,-31.442787973708853],[152.147335709307328,-31.442870173707192],[152.147317610298614,-31.44295387870606],[152.147305814289041,-31.443037987705519],[152.147301359278572,-31.44312139770571],[152.147303376271054,-31.44317644570631],[152.147309148263048,-31.443231546707281],[152.147317359254686,-31.443286639708475],[152.147335798237833,-31.443396519711079],[152.147392199196076,-31.443658069718484],[152.147471674151802,-31.443915909728108],[152.14756353710618,-31.444171866738898],[152.147657085060388,-31.444427760749871],[152.147741633015528,-31.444685438759979],[152.147809319976687,-31.444913535768229],[152.147876665937872,-31.445141838776436],[152.147942003899288,-31.445370688784475],[152.14800368486101,-31.445600390792141],[152.148060041823271,-31.445831283799329],[152.148122215777818,-31.446115199807448],[152.148178481732856,-31.446400826815022],[152.148228258688562,-31.446687772821971],[152.148270945645095,-31.446975623828241],[152.148305958602492,-31.447264002833766],[152.148324208573428,-31.447466337837024],[152.148337242544983,-31.447669236839786],[152.148347541516813,-31.447872422842288],[152.148357590488729,-31.448075653844761],[152.148369844460348,-31.448278678847441],[152.148389806412496,-31.448621522851916],[152.148406587364946,-31.44896521085608],[152.148427374317009,-31.449308305860633],[152.148442308294051,-31.449467425863251],[152.148453280277209,-31.449584270865184],[152.148459384267824,-31.449649357866242],[152.14846799825915,-31.449707013867513],[152.148509806216794,-31.449986940873625],[152.14855111218273,-31.450204406879241],[152.148596443148222,-31.450421898885249],[152.148648264113035,-31.450637813891873],[152.14870899407714,-31.450850519899337],[152.148781136040412,-31.451058402907872],[152.148875904000221,-31.451270355918627],[152.148987782958727,-31.451475594931001],[152.149107469916601,-31.451677902944098],[152.149225677874597,-31.451881097957074],[152.149333101833292,-31.452088962969032],[152.149459448779254,-31.452375657983417],[152.149575334725768,-31.452667371996807],[152.149684058672847,-31.452962367009533],[152.149788963620182,-31.453258913021902],[152.149893376567604,-31.45355527903423],[152.150011835507939,-31.453891858048209],[152.150127353448511,-31.454229611061901],[152.150239080389326,-31.454568655075246],[152.150346181330605,-31.454909070088153],[152.150447796272374,-31.455250973100537],[152.15049972424012,-31.455444639107014],[152.150547385208228,-31.455639632113073],[152.150594849176372,-31.455834625119103],[152.15064617714421,-31.456028291125516],[152.150705401111367,-31.456219295132676],[152.150757652086156,-31.456358980138781],[152.150815478060537,-31.456496801145406],[152.150874855034772,-31.456634066152187],[152.150931723009222,-31.45677213715873],[152.15098205498424,-31.456912334164638],[152.151045071948403,-31.457121982172314],[152.15109997591324,-31.457334984179209],[152.151146488878851,-31.457550316185305],[152.15118434384533,-31.457766984190577],[152.151213287812936,-31.45798394719499],[152.15123065078572,-31.458173230198074],[152.151240923759246,-31.458363615200472],[152.15124484973353,-31.458554565202256],[152.151243208708507,-31.45874547120351],[152.151236789684219,-31.458935731204289],[152.1512260506654,-31.459088503204377],[152.151209736647388,-31.459240998203921],[152.151191055629681,-31.459393394203229],[152.151173180611835,-31.459545871202611],[152.151159322593429,-31.459698590202393],[152.151148834566783,-31.459910435202946],[152.151144593539328,-31.46012272020409],[152.151142630511487,-31.460335165205468],[152.151138999483919,-31.460547512206698],[152.151129721457153,-31.460759483207347],[152.151113344429007,-31.46098829720745],[152.151093336401374,-31.461216976207197],[152.151069886374245,-31.461445387206602],[152.151043200347516,-31.461673412205709],[152.151013484321282,-31.461900908204491],[152.150993467304403,-31.462048374203633],[152.150973002287571,-31.462195903202733],[152.15095076327097,-31.46234311820167],[152.150925448254895,-31.462489679200285],[152.150895768239508,-31.462635217198486],[152.150875590231323,-31.462716942197137],[152.150852965223464,-31.462798146195535],[152.150829874215702,-31.462879234193885],[152.15080830620775,-31.4629606001924],[152.150790235199253,-31.463042647191251],[152.150764732175162,-31.463249571190307],[152.150759389148078,-31.463460188191327],[152.150764507119305,-31.463672858193402],[152.150770378090414,-31.46388594919555],[152.150767268062822,-31.464097812196805],[152.150748075032084,-31.464349287196796],[152.150720843002404,-31.46460049219602],[152.150692291972888,-31.464851555195093],[152.150669137942714,-31.465102653194698],[152.150658084910958,-31.465353940195484],[152.15065856889828,-31.465449110196221],[152.150664277872437,-31.465639522198185],[152.150666554859583,-31.465734710199104],[152.150666473847025,-31.465829863199804],[152.150662744837177,-31.465907984200015],[152.150649755818193,-31.46606434219991],[152.150646026808374,-31.466142275200127],[152.150647801797902,-31.466219849200861],[152.150667997779152,-31.466342072203734],[152.150704462758512,-31.466463005208155],[152.150747094737085,-31.466583570213192],[152.150785801716097,-31.466704682217838],[152.150810460696761,-31.466827237221125],[152.150818617674901,-31.466984590223092],[152.150811016654814,-31.467143916223527],[152.150793589635867,-31.46730429922302],[152.150772309617423,-31.467464798222135],[152.150753126598801,-31.467624500221447],[152.150737636585461,-31.467740601220807],[152.150717995572649,-31.467856640219754],[152.15069892955978,-31.467972570218759],[152.150685214546257,-31.468088322218286],[152.15068161953144,-31.468203867218776],[152.150698848506352,-31.468377060221734],[152.150736783478578,-31.468550252226695],[152.150788460449178,-31.468722808232975],[152.150846968419017,-31.468894074239909],[152.150905368389118,-31.469063412246836],[152.15099399434618,-31.469302176257209],[152.151095457302119,-31.469536690268779],[152.151204513257426,-31.46976866028108],[152.151315934212562,-31.469999795293592],[152.15142443416795,-31.470231792305832],[152.15149675613759,-31.470391225314021],[152.151642357076753,-31.470709651330509],[152.151788398015924,-31.471027863347018],[152.151854766987952,-31.471175006354549],[152.15198630493208,-31.471469894369491],[152.152054215903973,-31.471616258377168],[152.152125371875712,-31.471760954385132],[152.152202326845753,-31.471912472393722],[152.152280528815709,-31.47206383740242],[152.152361984785472,-31.472213302411433],[152.15244868375504,-31.472359119420933],[152.152542626724397,-31.47249953943108],[152.152628214698467,-31.472612252440225],[152.152719126672366,-31.47272124544984],[152.152813588646183,-31.472827656459799],[152.153006000593678,-31.473037288480025],[152.1531144195651,-31.473147992491359],[152.153228002536366,-31.473254682503168],[152.153341064507714,-31.473361496514926],[152.153447951479279,-31.473472569526123],[152.153542987451289,-31.473592031536231],[152.153606012430572,-31.47368706754305],[152.153664906409972,-31.473785626549489],[152.153719236389577,-31.473887044555507],[152.15376852036951,-31.47399069556106],[152.153812309350002,-31.474095914566085],[152.153868728320191,-31.474266498572803],[152.153910805291332,-31.474444047578206],[152.153940386263514,-31.474625702582419],[152.153959273236893,-31.474808665585606],[152.153969313211633,-31.474990087587909],[152.153966140186014,-31.475186891589047],[152.153946965162419,-31.475384411588653],[152.15391768914003,-31.475582192587279],[152.153884209118246,-31.475779803585489],[152.153852413096303,-31.47597678658385],[152.153828085080022,-31.476123813582568],[152.153800530064188,-31.476270419580977],[152.153772679048416,-31.47641695257936],[152.153747517032258,-31.476563764577996],[152.153727948015273,-31.476711195577185],[152.153709705991105,-31.476912122576895],[152.15369793696587,-31.477114241577244],[152.153692970939744,-31.477316854578248],[152.153695130912752,-31.477519197579952],[152.153704757884896,-31.477720582582371],[152.153726620852183,-31.477946626586164],[152.153759787818132,-31.47817215059105],[152.153801128783101,-31.478397011596726],[152.153847580747538,-31.478621038602881],[152.153895994711803,-31.478844071609224],[152.153921685689028,-31.478991645612812],[152.153942795666211,-31.479143566615978],[152.153968701643151,-31.479292762619593],[152.154008787619546,-31.479432161624505],[152.154072405595201,-31.479554698631588],[152.154152094572936,-31.479645189639992],[152.154249112550076,-31.479723884649982],[152.154356590526817,-31.479795049660943],[152.154467635503522,-31.479862924672215],[152.154575355480603,-31.479931767683176],[152.154747966443097,-31.480047097700798],[152.154923955405707,-31.480158654718679],[152.155103450368614,-31.480264473736884],[152.15528657533207,-31.480362602755392],[152.155473447296316,-31.480451076774184],[152.155662739262368,-31.480523362793093],[152.155857750229416,-31.480582434812458],[152.156055200196931,-31.480636047832007],[152.156251824164201,-31.48069197485151],[152.156444388130694,-31.480757975870699],[152.156671347088803,-31.480853558893433],[152.156894416046157,-31.480959135915867],[152.157115234002958,-31.481070522938115],[152.157335424959683,-31.481183494960327],[152.15755659291662,-31.481293859982603],[152.157586756911002,-31.481307197985632],[152.157765758877503,-31.481386278003594],[152.157980158838456,-31.481472440025048],[152.158088936818359,-31.481518452035932],[152.158171476803119,-31.481553366044203],[152.158191824799388,-31.48156197204624],[152.158254617787094,-31.481594027052584],[152.158392770759946,-31.481664564066516],[152.158575034719888,-31.481789854085125],[152.158725772682061,-31.481929306100795],[152.158864310643509,-31.482085835115388],[152.158991975604778,-31.482254474129036],[152.159110120566339,-31.482430221141801],[152.159220064528682,-31.482608093153786],[152.15932399249013,-31.482798389165275],[152.159415612452136,-31.482996448175633],[152.159498431414647,-31.483199589185165],[152.159575969377471,-31.483405151194205],[152.159651732340564,-31.483610470203086],[152.159731691302255,-31.483822459212401],[152.159810735263875,-31.48403590922165],[152.159883621226044,-31.484251089230305],[152.159945150189401,-31.484468259237893],[152.15999003215461,-31.484687670243872],[152.160014764122138,-31.484909259247893],[152.160023019091398,-31.485133797250352],[152.16001999806187,-31.48535994925173],[152.160010846033146,-31.485586361252512],[152.159992432981568,-31.485994096253737],[152.15998370196246,-31.48614742425401],[152.159980716957392,-31.486188390254032],[152.159971501941811,-31.486315131254059],[152.159964518932725,-31.486390841253947],[152.159956074921723,-31.486482470253804],[152.159936837902137,-31.486649227253171],[152.15990168087896,-31.486858921251297],[152.159871722864892,-31.486994510249389],[152.15985563285733,-31.487067306248363],[152.159806796836079,-31.487275297245159],[152.159763276814175,-31.487483763242476],[152.159733165790328,-31.487693618241099],[152.159718222768959,-31.487869617240936],[152.159708281746845,-31.488046601241283],[152.159704131723942,-31.488223882242178],[152.159706524700226,-31.488400866243719],[152.15971623267572,-31.488576892245966],[152.159740622645415,-31.488782140249835],[152.159778118613616,-31.488986375254996],[152.159823198580881,-31.489190009260863],[152.159870277547896,-31.489393482266934],[152.159913841515362,-31.489597197272666],[152.159950638484133,-31.489797398277727],[152.159985230453174,-31.48999824528255],[152.160006958434309,-31.490119473285574],[152.160021175422031,-31.490198724287527],[152.160062024390413,-31.49039784029296],[152.160111343358068,-31.490594554299204],[152.160156997330375,-31.490759491304846],[152.160181433316382,-31.490841503307824],[152.16020863830218,-31.490922358311057],[152.160239904287693,-31.491001384314675],[152.16033037825278,-31.491177329324763],[152.160381723235986,-31.491254437330319],[152.160442579216038,-31.491345824336893],[152.160476105206186,-31.491387856340456],[152.160560473181334,-31.491493631349432],[152.16057070117833,-31.491506450350514],[152.160708926140359,-31.491658819365057],[152.160851471102973,-31.491802547379962],[152.161017905062494,-31.49194684939717],[152.161198358022034,-31.492076791415649],[152.161386789981663,-31.492198548434857],[152.161577193941298,-31.492318298454229],[152.161763536900907,-31.492442225473223],[152.161958161858081,-31.492576299493109],[152.162154123815327,-31.492708696513127],[152.162349349772541,-31.492842026533058],[152.162541752729652,-31.492978888552738],[152.162729269686594,-31.493121899571999],[152.163043528613372,-31.493369538604348],[152.163196937576572,-31.493498036620185],[152.163341965539985,-31.493633616635268],[152.163474184503684,-31.493779271649178],[152.163587210469956,-31.49392429966122],[152.163654395448532,-31.494020743668454],[152.163693675436008,-31.494077144672683],[152.163790755402431,-31.494236451683282],[152.163875572369761,-31.49440095869274],[152.163944119339021,-31.49456653270061],[152.163945293338486,-31.494569364700745],[152.163995760307188,-31.494756890707027],[152.16402338727778,-31.494952403711153],[152.164039495249312,-31.495152192714194],[152.164055451220747,-31.495352528717216],[152.164082576191163,-31.495549717721314],[152.164133957154377,-31.495777671727971],[152.164196203116489,-31.49600376973568],[152.164260564078319,-31.496229365743599],[152.164318372040924,-31.496455830750872],[152.164360897005224,-31.496684519756698],[152.164383790976075,-31.496882551760372],[152.164398733947792,-31.497081945763298],[152.164407257920203,-31.497282093765605],[152.164410923893229,-31.497482428767441],[152.164410547859688,-31.497736593769279],[152.164408978844278,-31.497854603769987],[152.164408601842752,-31.497866328770034],[152.164403429822187,-31.498027043770733],[152.164394671800522,-31.498199214771152],[152.164382677779344,-31.498371241771252],[152.164380033775728,-31.498401172771217],[152.164425435755135,-31.498512451776431],[152.164479828733647,-31.498621802782523],[152.164542226711632,-31.498727595789369],[152.164611634689408,-31.49882810879685],[152.164687057667294,-31.498921674804855],[152.164746219651647,-31.498982225811059],[152.164810599635956,-31.499038151817722],[152.164877362620246,-31.499092043824593],[152.164943651604517,-31.499146481831442],[152.165006641588747,-31.499204074837969],[152.165073772570935,-31.499273384844997],[152.165138752553077,-31.499344898851835],[152.165202091535292,-31.499418044858533],[152.165264292517435,-31.499492212865125],[152.165325812499674,-31.499566774871635],[152.1654093834766,-31.499659695880442],[152.165498816452782,-31.499752678889809],[152.165582997429368,-31.499847553898672],[152.165650818407585,-31.499946085905997],[152.165691165388637,-31.500050112910689],[152.165699277376262,-31.500135799912098],[152.165692133365411,-31.500224811912066],[152.165676042355443,-31.50031570691117],[152.165657254345803,-31.500407004910013],[152.165642078335821,-31.500497253909202],[152.165628390323775,-31.50060178290866],[152.165613859311804,-31.50070620490801],[152.165598539299992,-31.500810527907291],[152.165582494288287,-31.500914742906502],[152.165565838276649,-31.501018841905658],[152.165544172262599,-31.501146345904491],[152.165521126248706,-31.501273633903192],[152.165497228234955,-31.501400778901814],[152.165472980221296,-31.501527861900392],[152.165448893207582,-31.501654961898996],[152.165428177192922,-31.501786015897945],[152.165410931177632,-31.501918520897245],[152.16539166716268,-31.502050246896342],[152.165364909149105,-31.502178978894694],[152.165325190137878,-31.502302511891752],[152.165263768129307,-31.502426949886701],[152.165186938123611,-31.502545112880124],[152.165101735119407,-31.502659976872689],[152.165015161115434,-31.502774482865121],[152.164934243110338,-31.502891570858122],[152.164859985104158,-31.503010800851797],[152.164787197097667,-31.503130962845606],[152.164715127090972,-31.503251573839503],[152.164642985084328,-31.503372147833389],[152.164569991077855,-31.503492202827189],[152.164497051072232,-31.503605937820947],[152.164421762067036,-31.503718453814461],[152.164347173061714,-31.503831309808049],[152.164276420055671,-31.503946040802017],[152.16421256004827,-31.504064176796707],[152.164156696039186,-31.504187242792188],[152.16410715202889,-31.504313500788303],[152.164061794017755,-31.504441784784841],[152.164018507006261,-31.504570928781586],[152.163975165994771,-31.50469975877834],[152.163922842980639,-31.504857838774416],[152.163873325965994,-31.505016886770786],[152.163825475951,-31.505176508767306],[152.16377816393603,-31.505336309763901],[152.163730259921039,-31.505495895760426],[152.163694233910263,-31.505612561757776],[152.163657839899571,-31.505729129755107],[152.163621759888741,-31.50584578675246],[152.163586682877821,-31.505962721749921],[152.163553318866576,-31.506080114747551],[152.16351973085483,-31.506201898745193],[152.163486608842902,-31.506323952742868],[152.163455243830782,-31.506446409740725],[152.163426926818119,-31.506569422738885],[152.163402965804892,-31.506693134737464],[152.163376243786246,-31.506860214736104],[152.163354469766716,-31.50702905073523],[152.163339598746205,-31.507198622735046],[152.163333574724561,-31.50736791673571],[152.163338369701705,-31.507535910737403],[152.16334874968544,-31.507649027739255],[152.163364319668489,-31.507761928741598],[152.16338377165107,-31.507874516744316],[152.163405795633423,-31.507986691747284],[152.163429066615635,-31.508098346750348],[152.163450167599905,-31.508196888753137],[152.163472469583979,-31.508295330756027],[152.163496672567874,-31.508393288759112],[152.163523474551624,-31.508490422762414],[152.163553575535019,-31.50858636476605],[152.163595911514136,-31.508702958771021],[152.163643322492817,-31.508818020776459],[152.163694685471171,-31.508931675782296],[152.163748872449304,-31.509044038788389],[152.163804772427397,-31.509155228794622],[152.163862930405031,-31.509267519801107],[152.163923248382503,-31.509378987807775],[152.16398630135987,-31.509488939814723],[152.164052661337024,-31.509596650821955],[152.16412292931409,-31.509701421829543],[152.164192839293065,-31.509792352837007],[152.164268244271824,-31.509879446844966],[152.16434525425052,-31.509965393853086],[152.164419959229292,-31.51005289086099],[152.164488480208348,-31.510144601868312],[152.164559098185265,-31.510250242875941],[152.164627663162065,-31.510358822883397],[152.164690716139205,-31.510470361890356],[152.164744822117058,-31.51058481489644],[152.164786540096173,-31.510702188901369],[152.164812455075321,-31.510834353904858],[152.164820962056126,-31.510971421906696],[152.164820164037707,-31.511111251907643],[152.164818165019398,-31.511251672908482],[152.164823050000393,-31.511390542909982],[152.164834343980175,-31.511532155912128],[152.164846364959885,-31.511673857914339],[152.164860392939403,-31.511815318916739],[152.164877701918499,-31.511956232919466],[152.164899573897145,-31.51209628592261],[152.164927290875653,-31.512231480926296],[152.164960528853641,-31.512365689930508],[152.164996276831317,-31.512499459934968],[152.165031522809073,-31.512633363939386],[152.165063255787175,-31.512767975943465],[152.16509498776449,-31.512908459947578],[152.165127571741635,-31.513049310951782],[152.165157277719146,-31.513190493955705],[152.165180422697432,-31.513332034958996],[152.16519328567702,-31.513473934961297],[152.165201370660213,-31.513592814962944],[152.165209823642755,-31.513716589964687],[152.165210585626539,-31.513838257965659],[152.165195615613584,-31.513950818965029],[152.165156801605832,-31.514047271961971],[152.165096491604288,-31.514117862956638],[152.165017016606726,-31.514177069949348],[152.164926068611578,-31.514228908940908],[152.164831363617367,-31.514277376932068],[152.1647405946226,-31.514326490923615],[152.164637114629102,-31.514377835913951],[152.164527457637519,-31.514421463903627],[152.164418563645768,-31.514465001893367],[152.164317377652054,-31.514516096883913],[152.164230866654435,-31.514582366876009],[152.164167885652944,-31.514655234870428],[152.164113043649081,-31.514737784865705],[152.164065390643458,-31.514826814861745],[152.16402395063659,-31.5149190988584],[152.163987771629024,-31.51501143685557],[152.163954739620038,-31.515111635853096],[152.163928447609692,-31.515215321851304],[152.163909022598233,-31.515321069850199],[152.16389660758577,-31.515427409849778],[152.163891328572504,-31.51553289685004],[152.163898812555004,-31.515657693851686],[152.163920855535594,-31.515782668854747],[152.163950848515157,-31.515907805858589],[152.163982222494582,-31.516033076862549],[152.164008379474609,-31.516158491866019],[152.164027840457862,-31.516266112868699],[152.164048144441011,-31.516373787871462],[152.164067120424306,-31.516481588874104],[152.164082610408002,-31.516589613876405],[152.164092453392385,-31.516697942878157],[152.164096110380598,-31.516783682879144],[152.164097159369049,-31.516869745879877],[152.164095599357893,-31.516955880880364],[152.164091449347012,-31.517041844880609],[152.16408469933657,-31.517127405880576],[152.111425388003141,-31.510510415724092],[152.107679811548422,-31.510039751357745],[152.085820534737309,-31.507241983220403],[152.085755204746505,-31.50723601321404],[152.085767234755764,-31.507154118214594],[152.085776799761419,-31.507101966215135],[152.085787350766964,-31.507049643215773],[152.085796789772644,-31.5069973212163],[152.085802965778697,-31.50694511421651],[152.085803754785445,-31.506893240216204],[152.08579210179667,-31.506819574214539],[152.085768284809348,-31.506746599211695],[152.085737770822874,-31.506673928208205],[152.085706029836587,-31.506601185204602],[152.085678528849741,-31.506528012201393],[152.085628141877237,-31.506369126195352],[152.085579521904549,-31.50620940618947],[152.085534182931582,-31.506048763183895],[152.085493629958108,-31.505887161178777],[152.085459396983993,-31.505724510174272],[152.08543540000619,-31.505579715170878],[152.0854164950278,-31.505433898167976],[152.085401239049105,-31.505287436165414],[152.085388188070141,-31.505140696163064],[152.085375907091048,-31.50499406316079],[152.08536305311361,-31.504835733158394],[152.08535174113598,-31.504677152156127],[152.08534267915806,-31.504518436154083],[152.085336574179763,-31.504359684152327],[152.085334163200969,-31.504201004150925],[152.085335822218155,-31.504069512150103],[152.085340528234866,-31.503938028149594],[152.085347009251336,-31.503806545149253],[152.085354001267802,-31.503675052148949],[152.085360240284302,-31.503543578148591],[152.085365359296588,-31.503445459148367],[152.085371562308723,-31.503347321148247],[152.085377299320953,-31.503249202148076],[152.085381002333406,-31.503151127147703],[152.085381100346268,-31.503053124146994],[152.08537945135734,-31.502971274146237],[152.085377121368452,-31.502889083145405],[152.085372477379849,-31.502807126144347],[152.085363908391656,-31.502725966142922],[152.085349799403986,-31.502646160140969],[152.085324126419835,-31.502551303137775],[152.08529055643649,-31.502457773133852],[152.085251043453695,-31.502365767129344],[152.085207523471212,-31.502275455124469],[152.085161959488744,-31.502187026119412],[152.085111905506949,-31.5020980411139],[152.085057413525419,-31.502011261107992],[152.084999783544077,-31.501926202101789],[152.084940299562817,-31.501842344095412],[152.084880222581489,-31.501759185088986],[152.084820047599948,-31.50167809708255],[152.084758124618475,-31.501598264075973],[152.084694973637028,-31.501519318069285],[152.084631150655582,-31.501440902062527],[152.084567174674163,-31.501362664055758],[152.084513560689658,-31.501297425050094],[152.084459552705198,-31.501232525044387],[152.084405222720733,-31.501167877038654],[152.084350631736243,-31.5011034440329],[152.084295862751787,-31.501039173027117],[152.08418435978308,-31.50091084501539],[152.084071287814453,-31.500783861003498],[152.083957615845748,-31.500657388991566],[152.083844320877063,-31.500530592979672],[152.083802682888717,-31.500482994975286],[152.083732369908375,-31.500402641967888],[152.083647229931387,-31.500311486958978],[152.08355735795476,-31.500222152949618],[152.083470397977948,-31.500131436940539],[152.083394007000351,-31.500036140932433],[152.083335840021419,-31.499933064926051],[152.083299680040426,-31.49982449292175],[152.083278103058461,-31.499708678918815],[152.083267311075673,-31.499588704916881],[152.083263474092121,-31.499467673915618],[152.083262802107896,-31.499348703914681],[152.083267482125223,-31.499212684914124],[152.083281152141467,-31.499076234914451],[152.083301877156771,-31.498939955915432],[152.083327702171232,-31.498804483916953],[152.083356701185181,-31.49867041891876],[152.083371402191659,-31.498607330919718],[152.083387116197883,-31.498544429920784],[152.083403825203987,-31.498481771921938],[152.083421520209953,-31.498419400923179],[152.083426773211528,-31.498401920923566],[152.083427570212905,-31.498390904923564],[152.083428279214274,-31.498379878923554],[152.08342889721564,-31.498368843923522],[152.083429426217037,-31.498357818923505],[152.08342987421841,-31.498346783923456],[152.083430287220921,-31.49832737692337],[152.083430313223488,-31.498307951923213],[152.083429910228659,-31.498269083922899],[152.0834298742312,-31.498249659922742],[152.083430045234707,-31.498223000922554],[152.0834303142382,-31.498196332922401],[152.083430645241691,-31.498169664922226],[152.08343108524511,-31.498143014922078],[152.083431587248583,-31.498116355921923],[152.083432492248932,-31.498112626921987],[152.083473977259729,-31.497990340925096],[152.083507897266145,-31.497908293927779],[152.083546155271989,-31.497826667930884],[152.083589443276793,-31.49774765993449],[152.083638431280264,-31.497673455938688],[152.083693810282,-31.497606252943552],[152.083755743281955,-31.4975462129491],[152.083824604280352,-31.497490814955352],[152.083898611277363,-31.497441136962149],[152.083975988273011,-31.497398262969316],[152.084054952267479,-31.497363248976715],[152.084106485263135,-31.497345697981572],[152.084159481258155,-31.497331650986588],[152.084213408252737,-31.497320096991722],[152.084267712247026,-31.4973100749969],[152.084321872241333,-31.497300537002076],[152.084405829232168,-31.49728767401011],[152.084490458222547,-31.497278244018222],[152.084575508212453,-31.497271324026411],[152.084660719202162,-31.497265999034621],[152.084745824191828,-31.497261347042823],[152.084822672182327,-31.497258210050241],[152.084899601172594,-31.497256641057675],[152.084976574162766,-31.497255870065114],[152.085053557152975,-31.497255081072566],[152.085130513143213,-31.49725350408],[152.085212246132954,-31.497251630087888],[152.085294052122606,-31.497250124095807],[152.085375812112346,-31.497247982103694],[152.08545742010233,-31.497244208111574],[152.085538750092695,-31.497237826119402],[152.085638797081145,-31.497227383129001],[152.085739104069859,-31.497214887138622],[152.085838846059119,-31.497198985148152],[152.085937208049103,-31.497178341157522],[152.086033356040275,-31.497151602166625],[152.08615239803035,-31.497110385177848],[152.086271206021479,-31.497061532188997],[152.086386232014178,-31.497004288199715],[152.086493926009041,-31.496937883209636],[152.086590755006654,-31.496861564218445],[152.086651530006435,-31.496803737223896],[152.086709922007117,-31.496741357229102],[152.086763831008881,-31.496674997233828],[152.086811170011998,-31.49660514123789],[152.08684984101663,-31.496532344241096],[152.086879010022244,-31.496461170243396],[152.086903285029052,-31.496385739245184],[152.086920827037005,-31.496308272246313],[152.086929791046032,-31.496230985246616],[152.086928339056101,-31.496156091245911],[152.086916408066372,-31.496089883244277],[152.086895433077757,-31.496023953241767],[152.086867868089882,-31.495959000238624],[152.086836145102325,-31.495895688235077],[152.086802709114664,-31.495834715231403],[152.08675887612938,-31.495765854226644],[152.086708678144504,-31.495700471221301],[152.086654499159806,-31.495637382215588],[152.086598690175151,-31.495575397209738],[152.086543642190463,-31.495513330203952],[152.08646993121107,-31.495428854196195],[152.086394885231783,-31.495345372188307],[152.086318207252475,-31.49526337018029],[152.086239665273155,-31.495183322172089],[152.0861589442938,-31.495105730163711],[152.086061793317782,-31.495018743153665],[152.085961486341773,-31.494934957143339],[152.085858732365693,-31.494853896132785],[152.08575421238956,-31.494775112122099],[152.085648643413293,-31.494698129111317],[152.085547108435662,-31.494627816100962],[152.08544357545793,-31.494560281090447],[152.085339001480122,-31.494494208079843],[152.085234320502309,-31.494428251069216],[152.085130481524544,-31.494361075058674],[152.085012587549784,-31.494284899046697],[152.084893859575004,-31.494209665034667],[152.084775965600272,-31.494133337022674],[152.08466060762558,-31.494053853010932],[152.084549517651112,-31.493969152999561],[152.084459509672911,-31.493892106990273],[152.084372586694741,-31.493811269981268],[152.084287473716671,-31.493728191972419],[152.084202934738613,-31.493644432963617],[152.084117713760548,-31.493561551954759],[152.084079849770148,-31.493525669950831],[152.084041905779713,-31.493489893946883],[152.084004023789362,-31.493454011942966],[152.083966428798959,-31.49341787793907],[152.083929291808573,-31.493381268935202],[152.083810132840483,-31.493255647922737],[152.083695976872434,-31.49312500691072],[152.083584868904381,-31.492991336898989],[152.083474871936318,-31.492856607887344],[152.083364023968244,-31.492722838875629],[152.083248469000864,-31.492588325863462],[152.083131839033541,-31.492454484851187],[152.083016454066183,-31.492319702839033],[152.082904647098701,-31.492182374827195],[152.082798755131023,-31.4920408868159],[152.082712101158762,-31.491915176806593],[152.0826286011864,-31.491786991797564],[152.082548383213947,-31.491656601788829],[152.082471589241266,-31.491524275780428],[152.082398362268378,-31.491390291772362],[152.082339496290246,-31.491281782765864],[152.082280280312318,-31.491172502759316],[152.082224604334073,-31.491061824753125],[152.082176316355145,-31.490949111747618],[152.082139276375131,-31.490833754743175],[152.082115827392641,-31.490723838740095],[152.08210050740945,-31.49061117073779],[152.082092189425538,-31.49049703273614],[152.082089778440945,-31.490382670735055],[152.082092162455552,-31.490269383734457],[152.082094735461908,-31.490219095734339],[152.082098464468032,-31.490168807734317],[152.082103260474042,-31.490118582734418],[152.082109033479895,-31.490068483734611],[152.082115711485613,-31.490018544734895],[152.082169128510373,-31.48977824873829],[152.082253407530743,-31.489541464744697],[152.082358071547986,-31.489308025753097],[152.082472676563555,-31.489077786762504],[152.082586752578834,-31.488850603771859],[152.082668701588688,-31.488695482778645],[152.08275721159734,-31.48854348078611],[152.082847129605653,-31.488392222793681],[152.082933336614701,-31.488239315800904],[152.083010687625375,-31.488082419807238],[152.083064650634185,-31.487962938811567],[152.0831180406432,-31.487842238815851],[152.083167207652991,-31.487720131819703],[152.083208522663938,-31.487596455822789],[152.083238355676656,-31.487471014824756],[152.08325978869118,-31.487339620825857],[152.083274946707178,-31.487203520826327],[152.083279401724553,-31.487067268825747],[152.083268681743334,-31.486935435823749],[152.083238347763398,-31.486812575819894],[152.083195544781603,-31.486716257815047],[152.083139178801105,-31.486623381808904],[152.083072818821364,-31.486534755801834],[152.083000003841761,-31.486451228794163],[152.082924312861763,-31.486373618786281],[152.082862263877075,-31.486317701779861],[152.082796100892466,-31.48626580977308],[152.082727212907798,-31.486216785766047],[152.082656961923107,-31.486169500758894],[152.082586719938291,-31.48612278975175],[152.082478031960932,-31.486057737740754],[152.082364448983185,-31.485999480729333],[152.082250248005465,-31.485942380717862],[152.08213972202779,-31.485880851706714],[152.082037156050461,-31.485809247696256],[152.081968555067306,-31.485748659689172],[152.081903844084252,-31.485683276682437],[152.081841239101294,-31.485615275675858],[152.081778976118358,-31.485546809669344],[152.081715278135363,-31.485480027662675],[152.081698972139435,-31.485464735660997],[152.081682021143592,-31.485449863659245],[152.081665375147708,-31.485434804657515],[152.081649975151805,-31.485418938655915],[152.081636753155806,-31.485401646654502],[152.081631697163971,-31.485344626653589],[152.081660140171209,-31.485261656655737],[152.081710733177232,-31.485166441659928],[152.081772155181682,-31.485072660665185],[152.081833038184215,-31.484994037670493],[152.081912136183774,-31.484919753677612],[152.082006097179885,-31.484857489686227],[152.082109174173752,-31.484803374695801],[152.082215648166596,-31.484753498705757],[152.082319792159666,-31.484704008715457],[152.082494509147722,-31.484624148731772],[152.082674757133617,-31.484554552748712],[152.082858707118106,-31.484492737766058],[152.083044557101573,-31.484436246783623],[152.083230479084676,-31.484382624801228],[152.08336999507091,-31.484350595814494],[152.083512953055589,-31.484326787828152],[152.083655238040478,-31.484302531841745],[152.083792746027143,-31.484269158854804],[152.083921352017313,-31.484218010866869],[152.083982271013582,-31.484186654872538],[152.084043370010107,-31.484153317878221],[152.0841022720073,-31.484116860883628],[152.084156603005681,-31.484076101888597],[152.084203987005679,-31.484029874892837],[152.084257591009305,-31.483950041897454],[152.084296997016622,-31.483855749900563],[152.084325296026577,-31.483752771902534],[152.084345591037902,-31.483646889903728],[152.084361000049512,-31.483543884904449],[152.084371811060265,-31.483451860904815],[152.084377888071828,-31.483357900904721],[152.084377763084262,-31.483263697904007],[152.084370000097465,-31.483170974902574],[152.084353139111442,-31.483081415900291],[152.084330505124029,-31.483007884897557],[152.08430089713741,-31.482935724894151],[152.084266134151193,-31.482865025890273],[152.084227992165211,-31.482795966886069],[152.084188264179176,-31.482728683881728],[152.08413940119496,-31.482657016876473],[152.084084596210943,-31.482588970870665],[152.084027531227122,-31.482522270864649],[152.083971882243219,-31.482454627858768],[152.083921334259031,-31.482383785853354],[152.08388171427228,-31.482322059849061],[152.083842577285594,-31.482259338844816],[152.083805977298709,-31.48219534584079],[152.083773976311505,-31.48212979183722],[152.083748607323685,-31.48206240983426],[152.083730984337762,-31.48197260883191],[152.083727300350603,-31.481878692830858],[152.083729792362931,-31.48178274283039],[152.083730680375481,-31.481686810829753],[152.083722200388934,-31.481592975828253],[152.083710600400423,-31.481517203826574],[152.083698669412144,-31.481439637824845],[152.083682893424196,-31.481363659822751],[152.08365974843656,-31.481292610819995],[152.083625702449211,-31.481229836816233],[152.083599850456807,-31.481197530813489],[152.083570583464535,-31.481167464810433],[152.083539030472338,-31.481139111807177],[152.083506302480146,-31.481111915803812],[152.083473530487851,-31.481085319800439],[152.083415802501264,-31.481040176794519],[152.083355420514692,-31.480997328788362],[152.083292735527976,-31.480957779782006],[152.083228069540951,-31.480922542775481],[152.083161753553412,-31.480892638768854],[152.083100350564081,-31.480871653762751],[152.083036903574396,-31.480855653756485],[152.082972237584443,-31.480842736750134],[152.082907176594347,-31.480831002743759],[152.082842564604334,-31.480818533737402],[152.082755918617437,-31.48080374272892],[152.082668116630231,-31.480792627720337],[152.082580591643023,-31.480781117711786],[152.082494752656174,-31.48076517070335],[152.082412024670049,-31.480740725695171],[152.082335328684479,-31.48070642068749],[152.082261545699509,-31.480664325680038],[152.082189367714932,-31.480617901672716],[152.082117485730436,-31.480570580665404],[152.082044581745748,-31.480525805658026],[152.081981743758575,-31.480489770651683],[152.081918852771423,-31.480453833645328],[152.081855835784239,-31.480418103638971],[152.081792612797045,-31.480382767632594],[152.081729102809788,-31.480347951626189],[152.081637015828107,-31.48029921461691],[152.081544229846287,-31.480251821607585],[152.081451058864445,-31.480205083598232],[152.081357913882641,-31.480158300588862],[152.081265154900848,-31.480110800579528],[152.081184012916196,-31.480073644571405],[152.081099230931642,-31.480039519562947],[152.081016412947008,-31.480003600554671],[152.08094117796233,-31.479961039547074],[152.080879155977442,-31.479907004540681],[152.080838979989892,-31.479851598536374],[152.080806172002411,-31.479789002532744],[152.080778975014738,-31.479721889529625],[152.080755642026844,-31.47965288552686],[152.080734406038573,-31.479584624524293],[152.080707505055159,-31.479484927520954],[152.080687480071305,-31.47938199451827],[152.080674590086744,-31.479277402516246],[152.080669113101266,-31.479172730514936],[152.080671300114574,-31.47906956351439],[152.080680004126208,-31.478972645514528],[152.080694965137155,-31.47887484851525],[152.080716712147108,-31.478778082516644],[152.080745755155732,-31.478684247518757],[152.080782642162717,-31.478595262521658],[152.080800184165128,-31.478559846523105],[152.080818937167322,-31.478524868524655],[152.080838945169234,-31.478490554526342],[152.080860234170927,-31.478457128528163],[152.080882868172267,-31.478424804530107],[152.080937620173671,-31.478360335534923],[152.081000458173349,-31.478301406540581],[152.081068566171808,-31.478246546546771],[152.081139167169596,-31.478194295553219],[152.081209462167294,-31.478143192559642],[152.081297766163658,-31.478084307567745],[152.081390221158756,-31.478031079576308],[152.08148416415338,-31.477979868585024],[152.081576968148397,-31.477927044593613],[152.081665971144588,-31.477868975601798],[152.081740193142139,-31.477814994608579],[152.081813590140001,-31.477759319615277],[152.081885141138429,-31.47770134062176],[152.081953823137582,-31.477640502627963],[152.082018561137716,-31.477576239633748],[152.082069870138241,-31.477522034638334],[152.082120867139054,-31.477466198642848],[152.082168878140493,-31.477408201647059],[152.082211143143041,-31.47734747965071],[152.082244964147122,-31.477283503653506],[152.08226660315205,-31.477224762655165],[152.082282604158138,-31.477163135656259],[152.082294087164996,-31.477099751656912],[152.082302199172375,-31.477035739657222],[152.082308062180005,-31.476972247657319],[152.082310733188962,-31.476901566657073],[152.082308456198632,-31.476830428656317],[152.082302988208767,-31.476759048655264],[152.082296086219031,-31.47668767765407],[152.082289497229254,-31.476616521652911],[152.082276258245969,-31.476502894650782],[152.082258034263219,-31.47638956364818],[152.0822390212806,-31.476276357645506],[152.082223370297555,-31.476163088643162],[152.082215267313529,-31.476049577641536],[152.082217418327104,-31.475944511640972],[152.082226454339803,-31.475839292641073],[152.082238125352177,-31.475734001641435],[152.082248183364726,-31.475628674641616],[152.082252378378058,-31.475523402641254],[152.082252853387644,-31.47545035464076],[152.082253203397272,-31.475376894640256],[152.082251455407174,-31.475303641639545],[152.082245646417419,-31.475231212638445],[152.082233822428293,-31.475160262636788],[152.082212121442296,-31.475075266634047],[152.082183848457191,-31.474989848630685],[152.082148611472689,-31.474906914626658],[152.082106014488375,-31.474829349621977],[152.082055664503997,-31.474760075616576],[152.082000589518486,-31.474703736610845],[152.081937545533293,-31.474653072604365],[152.081869007548107,-31.474607598597405],[152.081797447562707,-31.474566848590179],[152.081725323576819,-31.474530337582923],[152.081653262590237,-31.474499053575716],[152.081578466603332,-31.474472672568286],[152.08150184261612,-31.474450450560713],[152.08142430462857,-31.474431644553068],[152.081346756640698,-31.474415473545438],[152.08122801965834,-31.474397877533825],[152.081107239674992,-31.474389298522077],[152.080985302690976,-31.474387299510258],[152.080863177706448,-31.474389433498455],[152.080741777721556,-31.47439324248673],[152.080618406736335,-31.474401803474866],[152.080495241750242,-31.474416746463049],[152.080372139763881,-31.474433696451261],[152.080248992777825,-31.474448317439453],[152.080125656792688,-31.474456241427575],[152.080011356807233,-31.474457272416512],[152.079896851822326,-31.474454833405431],[152.07978232783779,-31.4744492853943],[152.079667991853626,-31.474440984383168],[152.079554086869706,-31.474430308372071],[152.079467440881842,-31.474422841363637],[152.079379979894043,-31.474416010355124],[152.079293162906453,-31.47440662534666],[152.079208435919384,-31.47439146733835],[152.07912725793301,-31.474367318330312],[152.079077839941817,-31.474348664325387],[152.079027856950944,-31.474328325320407],[152.078979567960204,-31.474305081315556],[152.078935240969543,-31.474277723311065],[152.078897143978764,-31.474245040307142],[152.07886711498773,-31.474206235303942],[152.078842929996711,-31.47416156830128],[152.078822600005708,-31.474113324298958],[152.0788042150146,-31.474063807296822],[152.078785794023361,-31.474015303294667],[152.078760461035642,-31.473946684291715],[152.078738491047716,-31.473876666289062],[152.078718788059604,-31.473805761286638],[152.078700268071373,-31.473734462284323],[152.078681865083155,-31.473663279282022],[152.078653019101125,-31.473554618278435],[152.078624855119159,-31.473445446274905],[152.07859925413689,-31.473335772271618],[152.07857805415415,-31.473225569268749],[152.078563093170658,-31.473114873266482],[152.078553224184191,-31.473021854264839],[152.078544475197731,-31.4729274182633],[152.078540298210697,-31.472833180262199],[152.078544117222378,-31.47274072626189],[152.078559374232157,-31.472651687262712],[152.078573779237644,-31.47259593126369],[152.078590541242988,-31.47253889326489],[152.078611212247608,-31.472483801266485],[152.078637414250807,-31.472433862268659],[152.078670715251974,-31.472392296271565],[152.078704976251146,-31.472364965274686],[152.078744426249045,-31.472342430278339],[152.07878716624603,-31.472323570282331],[152.078831278242518,-31.472307211286488],[152.07887485223884,-31.472292250290582],[152.078941141232633,-31.472274662296869],[152.079009858225163,-31.472264237303452],[152.079079948216958,-31.472257774310179],[152.079150360208644,-31.472252118316952],[152.079220028200751,-31.472244068323626],[152.079289992193054,-31.472233966330322],[152.079360018185326,-31.472224043337029],[152.079429946177697,-31.472213618343716],[152.079499632170268,-31.472202001350375],[152.079568906163132,-31.47218849235697],[152.079636324156411,-31.472173343363384],[152.079703473149976,-31.472156742369766],[152.079770318143716,-31.472138823376099],[152.079836821137661,-31.472119712382391],[152.079902940131802,-31.472099561388649],[152.079964325126355,-31.472081032394456],[152.080026069120805,-31.472062557400285],[152.080087167115579,-31.472042595406055],[152.080146670110935,-31.472019620411636],[152.080203582107259,-31.471992092416937],[152.080274568103789,-31.471949002423493],[152.080343134101497,-31.471899117429771],[152.080407925100474,-31.471843550435629],[152.0804676341007,-31.471783393440958],[152.080520907102226,-31.471719740445639],[152.080554137103917,-31.471674427448527],[152.080585645106112,-31.471626998451221],[152.080614276108918,-31.471577777453632],[152.080638864112416,-31.471527068455639],[152.080658245116751,-31.47147517645713],[152.080670382121326,-31.471428671457954],[152.080678772126589,-31.471380722458431],[152.080684061132303,-31.471331941458573],[152.08068689413841,-31.471282935458479],[152.080687916144683,-31.471234323458223],[152.080684922153551,-31.471169854457454],[152.080676460163147,-31.471105323456179],[152.080664663173167,-31.471040791454548],[152.080651683183305,-31.470976313452816],[152.080639663193352,-31.470911943451178],[152.080622730209853,-31.470803228448737],[152.080606397226376,-31.470693948446343],[152.080587761243066,-31.470585287443747],[152.080563935260187,-31.470478455440656],[152.080532032277972,-31.470374652436799],[152.080489319296902,-31.470272812431915],[152.080438234316517,-31.470173877426248],[152.080381778336545,-31.470076950420065],[152.080322966356761,-31.469981134413672],[152.080264790376816,-31.469885524407335],[152.080153941413784,-31.469713559395334],[152.080034254451192,-31.469546767382528],[152.079912093488673,-31.469381480369496],[152.079793813525981,-31.469214015356805],[152.079685779562709,-31.469040679345071],[152.079611961589279,-31.468911230336982],[152.079539129615881,-31.468780338328965],[152.079470554642228,-31.468647483321359],[152.079409474667926,-31.468512110314435],[152.079359159692615,-31.468373697308554],[152.079328242711767,-31.468258734304712],[152.079304720730249,-31.468141387301561],[152.079285878748294,-31.468022605298874],[152.079269044766164,-31.46790334029636],[152.079251519784094,-31.467784522293787],[152.079227881807299,-31.467631301290368],[152.079205839830394,-31.467477757287106],[152.079185768853222,-31.467323936284036],[152.079168073875792,-31.46716988128118],[152.07915314889803,-31.467015638278596],[152.07914799490905,-31.466937006277519],[152.079144830919859,-31.466858132276631],[152.079141638930651,-31.466779285275738],[152.079136421941683,-31.466700779274667],[152.079127171953104,-31.466622846273189],[152.079123083956858,-31.466598347272626],[152.079118547960661,-31.466573912271993],[152.079113832964509,-31.466549485271361],[152.079109198968325,-31.466525058270733],[152.079104895972108,-31.466500577270125],[152.079080755991669,-31.466375503266878],[152.079054572012012,-31.466246754263388],[152.079035452031292,-31.466118847260603],[152.079032485047804,-31.465996292259415],[152.079054787059817,-31.465883614260729],[152.079104071066439,-31.465784921264767],[152.079174994069575,-31.465691750270945],[152.079243694069959,-31.465622091277083],[152.079311157069668,-31.465558205283145],[152.079386185067733,-31.465499410289969],[152.07946678906427,-31.465446998297374],[152.079550961059311,-31.465402276305198],[152.079636728052947,-31.465366546313241],[152.07967514804966,-31.465354140316851],[152.079714266045983,-31.465343697320563],[152.079753851042113,-31.465334554324322],[152.079793625038093,-31.465326020328121],[152.079833290034117,-31.46531743233189],[152.079897911027473,-31.465304515338062],[152.079962981020543,-31.465293597344264],[152.080028176013542,-31.465283244350491],[152.080093165006645,-31.465272012356706],[152.080157607000103,-31.465258485362831],[152.080207849995077,-31.465247540367614],[152.08025863098996,-31.465236990372446],[152.080308855985038,-31.465225023377229],[152.080357439980787,-31.465209874381816],[152.080403308977537,-31.465189732386115],[152.080445035975316,-31.465165834389971],[152.080485795973686,-31.46513831539372],[152.080524366972782,-31.465107532397212],[152.08055952397271,-31.465073801400365],[152.080590037973536,-31.465037479403062],[152.080615333975203,-31.465000332405229],[152.080638272977552,-31.464959932407147],[152.080657401980659,-31.464917478408697],[152.080671295984558,-31.464874164409704],[152.080678493989325,-31.464831200410092],[152.080671886998289,-31.464769510409003],[152.080647039009904,-31.464705740406128],[152.080610762023042,-31.464641361402141],[152.080569842036709,-31.464577905397704],[152.080531072049723,-31.46451686139352],[152.080495207061887,-31.464459411389615],[152.080456958074251,-31.464403135385496],[152.080416495086666,-31.464348302381179],[152.080374014099135,-31.464295146376678],[152.08032969711158,-31.464243917372002],[152.080249693133055,-31.464159306363644],[152.080169232154503,-31.464075125355244],[152.080088315175942,-31.463991375346783],[152.080006940197393,-31.463908064338298],[152.079925134218826,-31.463825201329765],[152.079839609240395,-31.463745063320896],[152.079750364262082,-31.463667632311694],[152.079662311283698,-31.463589511302608],[152.079580362305109,-31.463507303294065],[152.079509439326017,-31.463417609286541],[152.079473843337922,-31.463362185282687],[152.079440542349801,-31.463304860279038],[152.07940982236147,-31.463245976275637],[152.079381971372982,-31.463185864272493],[152.079357258384221,-31.463124873269646],[152.079332149396436,-31.463056460266717],[152.079308906408698,-31.462986057263954],[152.079290046420539,-31.462914641261602],[152.079278106431474,-31.462843243259911],[152.079275614441087,-31.462772849259164],[152.079278114444548,-31.462743868259192],[152.079282480447802,-31.462714978259395],[152.079287831450955,-31.462686132259691],[152.079293255454047,-31.462657268260017],[152.079297880457261,-31.462628341260253],[152.079305661468226,-31.462537321260331],[152.079308009480087,-31.462445225259881],[152.079309990491936,-31.462353255259398],[152.079316677502987,-31.462262584259374],[152.079333135512485,-31.462174415260318],[152.079341857515772,-31.46214086226091],[152.079350902519053,-31.462107086261529],[152.079361156522111,-31.462073794262281],[152.079373491524763,-31.462041658263246],[152.07938880152679,-31.462011378264503],[152.079423062528292,-31.461966343267481],[152.079466860527901,-31.461926579271424],[152.079516547526254,-31.461890427275957],[152.079568448524071,-31.461856247280728],[152.079618915522019,-31.461822391285374],[152.079666666520012,-31.461790999289761],[152.079715950517539,-31.461761803294319],[152.079765844514839,-31.461733477298935],[152.079815468512209,-31.461704712303526],[152.079863883510029,-31.461674171307983],[152.079911204508164,-31.46164191931231],[152.079958040506511,-31.461608833316603],[152.080004232505019,-31.461574833320832],[152.080049616503771,-31.461539828324966],[152.080093997502843,-31.461503713329002],[152.080113476502561,-31.46148688733075],[152.080132614502332,-31.461469650332472],[152.080151671502193,-31.46145229533419],[152.080170872501952,-31.461435147335923],[152.080190494501608,-31.461418492337707],[152.080276449498911,-31.461354982345547],[152.080368034494626,-31.46129810635399],[152.080463223489261,-31.461245748362821],[152.080559980483372,-31.461195791371814],[152.080656289477531,-31.461146131380772],[152.080745794471937,-31.461101168389096],[152.080836572465842,-31.461058616397565],[152.080927879459523,-31.461017059406092],[152.081018962453356,-31.460975072414605],[152.081109095447545,-31.460931211423002],[152.081185253442726,-31.460893240430085],[152.081261599437909,-31.460855349437193],[152.08133735343327,-31.460816436444247],[152.081411727429099,-31.46077539045114],[152.08148395942564,-31.460731108457797],[152.081552273422972,-31.460684361464075],[152.081618911420918,-31.460634844470153],[152.081684062419328,-31.460583140476064],[152.081747885418139,-31.460529813481852],[152.081810570417275,-31.460475429487524],[152.081900066415841,-31.460398626495614],[152.081990701414469,-31.460320308503807],[152.082077033414123,-31.460238511511552],[152.082153648415755,-31.460151292518336],[152.082215123420326,-31.460056704523588],[152.082247420424892,-31.459990425526208],[152.082275845430388,-31.459920936528459],[152.082299259436752,-31.459849395530203],[152.082316514444102,-31.459776939531331],[152.082326464452308,-31.459704680531761],[152.082325469460585,-31.459642910531208],[152.082316057470024,-31.459580449529831],[152.082303794479884,-31.459517746528185],[152.082294274489328,-31.459455258526816],[152.082293055497644,-31.45939342452623],[152.082305847507882,-31.459303247526801],[152.08232951251685,-31.459211967528418],[152.082362741524349,-31.45912240853097],[152.082404208530221,-31.459037429534366],[152.082452650534179,-31.458959873538472],[152.082523097536097,-31.458876580544679],[152.082608219535075,-31.458801265552367],[152.082703390531634,-31.458734241561082],[152.08280401052636,-31.458675850570394],[152.082905455519835,-31.458626369579832],[152.083001289512623,-31.458587259588828],[152.083101919504003,-31.458554182598327],[152.083205121494018,-31.458529172608124],[152.083308637482673,-31.458514265618032],[152.083410217469947,-31.458511504627843],[152.083528702452554,-31.458527666639426],[152.0836476634326,-31.458563029651199],[152.083765468410974,-31.458611990662963],[152.083880467388667,-31.458668947674521],[152.083991073366604,-31.458728271685658],[152.084087732346489,-31.458786546695446],[152.084180625325985,-31.458851830704912],[152.084271215305137,-31.45892132871419],[152.084360953284232,-31.458992224723406],[152.084451310263432,-31.459061758732659],[152.084529718245363,-31.459122318740697],[152.08460704122723,-31.459184483748647],[152.084684499209089,-31.459246415756596],[152.084763319191069,-31.459306178764653],[152.084844739173263,-31.459361898772944],[152.084945145151778,-31.459427030783157],[152.085048150129921,-31.459492055793607],[152.08515365610856,-31.459551190804252],[152.085261564088427,-31.459598654815043],[152.085371767070285,-31.45962868482593],[152.085410491064295,-31.459635962829736],[152.085450094058302,-31.459643178833616],[152.085489634052522,-31.459648243837481],[152.085528179047458,-31.459649041841217],[152.085564770043476,-31.45964351084471],[152.085592630041134,-31.459634125847334],[152.085620015039268,-31.459621315849912],[152.085646459037918,-31.459605799852348],[152.085671495037047,-31.459588256854651],[152.085694667036506,-31.459569396856754],[152.08571488103658,-31.459549155858546],[152.08573308703717,-31.45952658486015],[152.085750082038146,-31.459502650861609],[152.085766702039223,-31.459478313863052],[152.085783751040168,-31.459454532864527],[152.085822144041913,-31.45940357286786],[152.085860214043805,-31.459352325871169],[152.085897638045793,-31.459300611874411],[152.085934113047983,-31.459248271877556],[152.085969323050449,-31.459195141880567],[152.086036580056259,-31.45908540488627],[152.086099489063002,-31.458972458891527],[152.086158086070697,-31.458856949896351],[152.086212426079186,-31.458739512900724],[152.086262525088358,-31.458620784904699],[152.086298632096543,-31.458523175907494],[152.08633056210553,-31.45842390890984],[152.086360412114885,-31.458323790912004],[152.086390235124213,-31.458223635914148],[152.086422128133222,-31.458124261916499],[152.086448626141333,-31.458036575918413],[152.086472721150074,-31.457946972920091],[152.086498788158337,-31.457858587921969],[152.086531193165229,-31.457774576924468],[152.08657429116974,-31.457698114928075],[152.086628730171356,-31.457632829932859],[152.086692930170841,-31.457574124938645],[152.086763135168951,-31.457519704945042],[152.086835573166525,-31.457467310951678],[152.086906469164347,-31.457414637958145],[152.086976245162276,-31.457362333964525],[152.087047445159726,-31.45731187497103],[152.087119399157018,-31.457262375977628],[152.087191407154222,-31.457212948984239],[152.087262778151654,-31.457162660990775],[152.087329004149012,-31.457118145996855],[152.087397184145885,-31.457075227003141],[152.08746417114304,-31.457031213009301],[152.087526820141278,-31.456983436015008],[152.087581967141347,-31.456929212019944],[152.087629377143173,-31.456868876024092],[152.087672368146286,-31.456803036027761],[152.087709847150705,-31.456733278030882],[152.087740700156218,-31.456661172033339],[152.087763827162831,-31.456588304035041],[152.087779523171719,-31.456505405035948],[152.087785717182328,-31.456418813035906],[152.087783691194204,-31.456330688035052],[152.087774736206882,-31.456243191033561],[152.087760116219926,-31.4561584730315],[152.087742081231596,-31.456087469029249],[152.087718308243865,-31.456017362026419],[152.087690188256602,-31.455948276023182],[152.087659119269546,-31.455880392019676],[152.087626499282521,-31.455813862016026],[152.087598513293159,-31.455760284012936],[152.087568717303952,-31.455707513009653],[152.087537325314827,-31.455655594006227],[152.0875045533258,-31.455604562002677],[152.087470615336741,-31.455554479999037],[152.087408809355566,-31.455472083992436],[152.087341955374569,-31.455393101985386],[152.087271866393706,-31.455316414978025],[152.087200333412824,-31.455240893970554],[152.087129151431924,-31.455165407963101],[152.087103298438905,-31.455137870960407],[152.087077231445846,-31.455110521957678],[152.087051101452829,-31.455083235954952],[152.087025061459769,-31.455055877952226],[152.086999245466728,-31.455028303949522],[152.08691285948953,-31.454939470940513],[152.086823963512643,-31.454851041931256],[152.086738366535542,-31.454760523922292],[152.08666185855796,-31.454665424914186],[152.086600249579334,-31.454563261907474],[152.086563514595554,-31.454476159903269],[152.086534767611283,-31.454384654899819],[152.086512142626617,-31.454290389896933],[152.086493765641563,-31.454195004894441],[152.0864777736561,-31.454100084892197],[152.086464758673117,-31.453983597890087],[152.086460410689199,-31.453865748888788],[152.086459980704888,-31.453747235887878],[152.086458698720662,-31.45362873188688],[152.086451786737058,-31.453510909885331],[152.086437309756462,-31.453377498882958],[152.086419632776341,-31.453244240880263],[152.086398800796502,-31.453111358877266],[152.086374875817,-31.452979085873974],[152.086347857837808,-31.452847629870391],[152.086332367848826,-31.452779090868383],[152.086315909859934,-31.452710749866274],[152.086298662871116,-31.452642587864116],[152.086280797882409,-31.452574586861875],[152.086262493893656,-31.45250672085961],[152.086204020927312,-31.452308517852487],[152.086138951961573,-31.452112090844736],[152.086069901996183,-31.451916765836618],[152.085999490030929,-31.451721834828362],[152.085930296065527,-31.451526617820228],[152.085883074088827,-31.451395743814693],[152.085833960112325,-31.451265415808976],[152.085785456135767,-31.451134909803319],[152.085740035158892,-31.451003587797942],[152.085700181181551,-31.450870749793108],[152.085681993193674,-31.450796187790804],[152.08566625320563,-31.450720917788729],[152.085651094217496,-31.4506455127867],[152.085634583229506,-31.450570528784549],[152.085614817241805,-31.45049650378208],[152.085593563255173,-31.450415819779437],[152.085571458269868,-31.450325802776636],[152.085546986284157,-31.450241290773643],[152.085518642296222,-31.450177135770435],[152.085428043321883,-31.450071028760874],[152.085328354347979,-31.449970264750476],[152.085221208374094,-31.44987630473943],[152.085108289399955,-31.449790608727856],[152.084991273425004,-31.449714647715975],[152.084871389448836,-31.449651003703899],[152.084745077472206,-31.449596986691269],[152.084614508495065,-31.449550705678298],[152.084481814517488,-31.449510260665164],[152.084349174539341,-31.449473794652043],[152.084222737558946,-31.449448758639633],[152.084093109577566,-31.44943396762697],[152.083963248596007,-31.449420951614307],[152.083836058614963,-31.449401239601858],[152.083714498635203,-31.449366342589837],[152.083649840646757,-31.449341754583397],[152.083584493658577,-31.449315669576883],[152.083521037670636,-31.449286303570513],[152.083462063682759,-31.449251908564541],[152.083410152694853,-31.449210710559225],[152.083359165709766,-31.449147325553817],[152.083319768724834,-31.449071553549455],[152.083287319739924,-31.448988573545694],[152.083257146754988,-31.448903550542141],[152.083224580769951,-31.448821646538409],[152.083173171794783,-31.448683413532397],[152.083130601819391,-31.448538349527215],[152.083086650843853,-31.448395346521909],[152.083031073868426,-31.448263244515552],[152.08295363389314,-31.44815094350723],[152.082898971907241,-31.448097195501543],[152.0828390569215,-31.448047580495377],[152.082775295935733,-31.448001863488873],[152.082709105949789,-31.44795981348215],[152.082641866963542,-31.447921214475357],[152.082497268990465,-31.447857991460896],[152.082340767016291,-31.44781476744544],[152.082177129041213,-31.447785383429387],[152.082011143065472,-31.447763627413156],[152.08184759508913,-31.447743350397189],[152.08168108111272,-31.447726937380949],[152.08151341813533,-31.447719354364665],[152.08134512015738,-31.44771628834836],[152.081176740179444,-31.44771338333204],[152.081008782201991,-31.447706302315733],[152.08091803121431,-31.447701309306915],[152.080827145226579,-31.447696863298088],[152.080736358238994,-31.447691574289269],[152.080645894251603,-31.447684071280452],[152.080555985264652,-31.447672964271664],[152.080416478285713,-31.447649425257993],[152.08027697230753,-31.447619871244285],[152.080138927330069,-31.447583548230654],[152.080003804353225,-31.447539732217265],[152.079873055376908,-31.447487687204223],[152.079756882399295,-31.447431277192564],[152.079643747422296,-31.447367068181137],[152.079533401445758,-31.447296978169941],[152.079425582469355,-31.44722291815896],[152.079320040492945,-31.447146787148192],[152.079227845514055,-31.44707696613877],[152.079137613535181,-31.44700423212949],[152.079049318556486,-31.446928971120389],[152.078962905577782,-31.446851603111455],[152.078878366599042,-31.446772540102693],[152.078834819610364,-31.446729325098172],[152.078792347621658,-31.446684953093733],[152.078750127632986,-31.446640330089313],[152.078707324644284,-31.446596344084838],[152.078663095655543,-31.446553926080256],[152.078586283674042,-31.446488794072334],[152.078505759692433,-31.446427740064092],[152.078423578710812,-31.446368506055705],[152.078341736729158,-31.446308806047352],[152.078262262747643,-31.446246363039204],[152.078177803767858,-31.446175413030499],[152.078094196788129,-31.446103244021881],[152.078011987808367,-31.446029497013384],[152.07793173282866,-31.445953805005061],[152.077853987848925,-31.445875817996964],[152.07778052786847,-31.445799337989289],[152.077707811888075,-31.445721467981681],[152.077637677907632,-31.44564144597431],[152.077571962926982,-31.445558519967328],[152.077512522946051,-31.445471918960941],[152.077467719963238,-31.445385003955959],[152.077431872980128,-31.445291975951807],[152.077398006996873,-31.445197943947836],[152.077359175013669,-31.445107998943417],[152.077308376030857,-31.44502725993792],[152.077271426041648,-31.444981480934],[152.077232065052669,-31.444936096929865],[152.077190033063687,-31.444893597925482],[152.077145043074381,-31.444856460920839],[152.077096826084414,-31.444827165915964],[152.077047802093489,-31.444806360911063],[152.076994744102421,-31.444790099905809],[152.076939839110935,-31.444779423900425],[152.076885293118465,-31.444775380895109],[152.076833302124669,-31.444779001890108],[152.07679535812855,-31.444786486886489],[152.07675678613208,-31.444797494882849],[152.076719379134943,-31.444812168879334],[152.076684904136954,-31.444830661876139],[152.076655143137856,-31.444853116873425],[152.076625482136564,-31.444891894870839],[152.076604811132739,-31.444941133869197],[152.076590056127344,-31.444996557868183],[152.076578170121309,-31.445053864867461],[152.076566078115661,-31.445108786866687],[152.076555841109325,-31.445166613866121],[152.076550714102183,-31.445226089866075],[152.076546250094935,-31.445285556866065],[152.076538012088349,-31.445343356865713],[152.076521537083323,-31.44539782186451],[152.076497011079965,-31.445447481862502],[152.076466785077542,-31.445495439859933],[152.076432112075963,-31.445541173856917],[152.076394267075187,-31.445584146853573],[152.076354520075085,-31.445623856850023],[152.076300790075607,-31.445672083845185],[152.076241216077079,-31.445719152839757],[152.076178065079858,-31.445759903833949],[152.076113632084287,-31.445789143827945],[152.076050176090831,-31.445801720821891],[152.076011523095985,-31.445800348818121],[152.075972306101846,-31.445793966814296],[152.075933124108218,-31.445783836810428],[152.075894552114875,-31.445771179806602],[152.075857181121506,-31.4457572588029],[152.07575420314248,-31.445698723792489],[152.075658754166199,-31.445611728782612],[152.075572270191259,-31.445506006773467],[152.075496264216127,-31.445391321765271],[152.075432198239355,-31.445277407758226],[152.075390345257915,-31.445177207753442],[152.075360889275743,-31.445070706749803],[152.075337511293185,-31.444960951746726],[152.075313890310696,-31.444850972743637],[152.075283726328735,-31.444743807739926],[152.075236952352839,-31.44460618373439],[152.075187802377258,-31.444468407728611],[152.07513383840211,-31.444332737722394],[152.075072605427266,-31.4442014507155],[152.07500164645279,-31.444076824707722],[152.074936460474248,-31.443977341700684],[152.074866316496241,-31.443879114693168],[152.074790544518322,-31.443785404685148],[152.074708451540175,-31.443699529676575],[152.074619358561478,-31.443624761667397],[152.074536029579264,-31.443571120658941],[152.074446488596806,-31.443525395649949],[152.074352975614119,-31.443485371640605],[152.07425768863115,-31.443448833631102],[152.074162840648,-31.443413542621681],[152.073958453683446,-31.443343999601389],[152.073747602718129,-31.443286773580578],[152.073532789751596,-31.443242464559454],[152.073316533783469,-31.44321165453831],[152.073101344813381,-31.443194936517372],[152.072948831832747,-31.443196828502632],[152.072795807850611,-31.443210793487928],[152.072642586867943,-31.443228990473244],[152.072489472885707,-31.443243610458531],[152.072336771904929,-31.443246819443797],[152.07224691691664,-31.443245618435085],[152.07215575292841,-31.443245143426278],[152.072065341940629,-31.443241190417496],[152.071977772953403,-31.443229563408931],[152.071895098967133,-31.443206060400772],[152.071831400979107,-31.443177483394386],[152.071769351991691,-31.44314236238813],[152.071709813004645,-31.443101898382078],[152.071653689017751,-31.443057266376318],[152.07160188703071,-31.443009677370949],[152.071553042044144,-31.442955229365829],[152.071509235057647,-31.442895377361154],[152.071469058071187,-31.442831983356786],[152.071431131084609,-31.44276693235264],[152.071394038097935,-31.442702113348577],[152.071350778114208,-31.442620666343796],[152.071311865130241,-31.44253673733941],[152.071274906146215,-31.442451659335209],[152.071237526162179,-31.442366761330952],[152.071197323178296,-31.442283396326463],[152.071132226202252,-31.44216540331929],[152.071062513226423,-31.442049795311686],[152.070991195250684,-31.441935011303954],[152.070921312274919,-31.441819474296338],[152.070855866298814,-31.441701642289139],[152.070830865308778,-31.441650252286344],[152.070807406318721,-31.441597938283689],[152.070783822328593,-31.44154575028103],[152.070758463338564,-31.44149473627818],[152.070729670348697,-31.441445963275047],[152.070698000358931,-31.441399251271633],[152.070664233369314,-31.441353302268038],[152.070628108379793,-31.441309208264204],[152.070589384390161,-31.44126809026017],[152.070547809400352,-31.441231042255868],[152.070488799413454,-31.441189619249858],[152.070423917426439,-31.441154167243329],[152.070355137439236,-31.441124245236441],[152.070284429451618,-31.441099379229414],[152.070213757463364,-31.441079129222434],[152.070127568476636,-31.441062205213978],[152.070038637489176,-31.441053842205307],[152.069948262501072,-31.441052076196552],[152.069857744512319,-31.441054971187821],[152.06976838252308,-31.441060600179206],[152.069682776533455,-31.441065423170972],[152.069594714544081,-31.441070846162493],[152.06950826555385,-31.441081289154209],[152.069427473561632,-31.441101117146552],[152.069356407566346,-31.441134705139916],[152.069307177567936,-31.441170839135424],[152.06926016156828,-31.441213983131192],[152.069217734567388,-31.44126240612745],[152.069182219565135,-31.441314379124393],[152.069155991561445,-31.441368163122259],[152.069142034554659,-31.441432955121389],[152.069142832545339,-31.441503304121973],[152.069151715534503,-31.441576827123377],[152.069162033523412,-31.441651147124926],[152.069167125513161,-31.441723890125953],[152.069168586502428,-31.441804333126687],[152.069170738491493,-31.441885197127498],[152.06917105248084,-31.441965855128124],[152.069166982470875,-31.442045688128314],[152.069155992461958,-31.442124078127833],[152.069143802455869,-31.442182371127082],[152.069129379450004,-31.442240941126137],[152.069111782444679,-31.442298517124854],[152.069090036440201,-31.442353861123145],[152.069063216436803,-31.44240569912094],[152.069029153434514,-31.442456749118012],[152.068989550433145,-31.442505692114555],[152.06894543943281,-31.442551337110618],[152.068897885433501,-31.44259250910633],[152.068847938435255,-31.442628033101762],[152.068783352438828,-31.442664400095772],[152.068712089443892,-31.442695406089118],[152.068637482450441,-31.442718596082067],[152.068562892458345,-31.442731531074951],[152.068491638467464,-31.442731782068062],[152.068422167478246,-31.442717905061237],[152.068351450490781,-31.4426915960542],[152.068282983504389,-31.442655381047302],[152.068220298518213,-31.442611745040931],[152.068166873531453,-31.44256318703539],[152.068116405548068,-31.44248635602996],[152.068084278564584,-31.442391939026155],[152.068062926581092,-31.442287392023314],[152.068044747597554,-31.44218018302076],[152.068022121613922,-31.442077769017814],[152.06798379163709,-31.441939168013093],[152.06794657266019,-31.44180020800847],[152.067910725683134,-31.441660881003969],[152.067876447705913,-31.44152119499963],[152.067843961728556,-31.441381132995453],[152.067818637748672,-31.441252768992047],[152.067797312768448,-31.441123328989029],[152.067776022788195,-31.440993968986021],[152.067750824808314,-31.440865837982653],[152.067717756829097,-31.440740082978511],[152.067696359841875,-31.440663959975883],[152.06767548185482,-31.440586053973288],[152.067651574867938,-31.440509895970408],[152.067621079881178,-31.440439008966941],[152.067580427894569,-31.440376941962555],[152.067517285910469,-31.440317555956014],[152.067439701926929,-31.440268450948153],[152.067353047943413,-31.440227736939459],[152.067262690959581,-31.44019351193047],[152.067174009974877,-31.440163885921674],[152.067072510991125,-31.440139700911672],[152.066967274006259,-31.440127455901404],[152.066860083020913,-31.440121001890997],[152.066752721035641,-31.440114189880561],[152.066646973050979,-31.440100895870238],[152.066582397060472,-31.440091994863916],[152.066516063069912,-31.440084921857451],[152.066450832079568,-31.440075643851092],[152.066389590089472,-31.440060082845047],[152.066335215099883,-31.440034194839601],[152.066296759108724,-31.440004496835655],[152.066261621117945,-31.439968837831991],[152.066229377127314,-31.439929145828582],[152.066199608136657,-31.439887301825394],[152.066171900145719,-31.439845215822398],[152.066138312158841,-31.43977860481867],[152.066114091171471,-31.439706049815793],[152.066093313184012,-31.439631236813238],[152.066070024196648,-31.439557812810438],[152.066038283209764,-31.439489489806846],[152.066016106217745,-31.439450271804425],[152.065993212225948,-31.439410059801915],[152.065968409234216,-31.439371666799236],[152.065940531242262,-31.439337917796287],[152.065908377249855,-31.439311626792989],[152.065864247257878,-31.439293814788577],[152.065813278265352,-31.439286894783603],[152.0657583922725,-31.439286284778291],[152.06570251927954,-31.439287414772895],[152.065648574286683,-31.439285693767676],[152.065591814294464,-31.439282331762154],[152.065534660301978,-31.439280789756605],[152.06547767630957,-31.439278701751089],[152.065421427317489,-31.439273708745606],[152.065366496325879,-31.439263462740222],[152.065287595339299,-31.439238703732411],[152.065209393353797,-31.439205026724608],[152.065133881368951,-31.439163711716986],[152.065063101384339,-31.439116049709792],[152.064999054399493,-31.439063368703213],[152.064956340410617,-31.439020798698756],[152.064916576421808,-31.438974472694571],[152.064879609433007,-31.438925349690642],[152.064845294444126,-31.438874380686947],[152.064813472455029,-31.438822515683484],[152.06477125247099,-31.438742816678808],[152.06473507348673,-31.438658752674698],[152.064704605502044,-31.438571730671107],[152.064679505516949,-31.438483184668026],[152.064659453531192,-31.438394530665438],[152.064644008548214,-31.438280203663094],[152.064640037564089,-31.438163412661854],[152.064643416579173,-31.438045231661313],[152.064650023593941,-31.437926754661063],[152.064655733608674,-31.437809057660751],[152.064659462618152,-31.437733437660562],[152.064664786627418,-31.437657844660514],[152.064670478636629,-31.437582287660494],[152.064675292645944,-31.437506702660414],[152.064677999655515,-31.437431100660113],[152.064665611678947,-31.437265294657703],[152.064635196705126,-31.437096063653506],[152.064604844731065,-31.436928401649332],[152.064592670753854,-31.436767300646963],[152.064616757770438,-31.436617736648191],[152.06465116077689,-31.436535071650912],[152.064695137781712,-31.436455265654576],[152.064745667785388,-31.436377879658899],[152.064799729788348,-31.436302483663571],[152.064854284791068,-31.436228656668284],[152.064956545792995,-31.436113621677332],[152.065074286791599,-31.436009119687956],[152.065195103789478,-31.435907297698883],[152.065306534789187,-31.435800286708862],[152.065396174793449,-31.435680240716657],[152.065443754799247,-31.435589928720592],[152.065485293806319,-31.435495269723912],[152.065520853814604,-31.435397597726613],[152.065550506823854,-31.435298232728755],[152.065574332833904,-31.435198517730331],[152.065589454844456,-31.435103938731093],[152.065597441856028,-31.435007826731159],[152.065601197868318,-31.434910845730805],[152.0656036538808,-31.434813622730324],[152.065607723892981,-31.434716811730002],[152.065614087907761,-31.434598253729728],[152.065619385922702,-31.434479633729374],[152.065624467937653,-31.434361004728991],[152.065630195952536,-31.434242411728679],[152.065637402967155,-31.434123925728496],[152.065645622975723,-31.43405077972875],[152.065657177983951,-31.433977185729329],[152.065667584992241,-31.433903850729795],[152.065672380001132,-31.433831475729718],[152.065667101011144,-31.433760785728694],[152.065658316018812,-31.433711080727473],[152.065647254026942,-31.433660021726023],[152.065632428035315,-31.433610478724219],[152.065612322043904,-31.433565290721958],[152.065585439052313,-31.433527346719078],[152.065547790061203,-31.433496743715207],[152.065501401070264,-31.43347336571053],[152.065449715079239,-31.433455284705406],[152.065396173088061,-31.433440565700128],[152.065344191096557,-31.433427290695011],[152.065249263110502,-31.433413924685723],[152.065150417122879,-31.433416389676179],[152.065049680134649,-31.433425532666512],[152.064949059146699,-31.433432220656826],[152.064850554160017,-31.433427298647263],[152.064791204168699,-31.433419150641463],[152.064731253177598,-31.433410204635599],[152.064672028186749,-31.433398667629788],[152.064614846196207,-31.433382729624135],[152.064561063206014,-31.433360606618781],[152.06449894221862,-31.433325602612516],[152.064437324232216,-31.433282458606225],[152.064380779246051,-31.433232744600392],[152.064333897259274,-31.433177983595463],[152.064301259271133,-31.433119753591875],[152.064294608274423,-31.433101063591081],[152.064289158277688,-31.433081880590414],[152.064284443280826,-31.433062410589834],[152.064279979283981,-31.433042851589246],[152.064275273287137,-31.433023408588653],[152.0642490173054,-31.432910498585269],[152.064226876323204,-31.432796521582301],[152.064207111340835,-31.432681926579534],[152.064187946358402,-31.432567196576837],[152.06416762437604,-31.432452753574029],[152.064131956405561,-31.432263039569175],[152.064114145420376,-31.432168174566755],[152.064096342435136,-31.432073317564335],[152.064078549449874,-31.431978451561918],[152.06405471446655,-31.431875034558853],[152.064026378483845,-31.431771222555341],[152.064000311500848,-31.431667607552061],[152.063983279516549,-31.431564791549654],[152.063982042530057,-31.431463381548784],[152.063988918537433,-31.431400786548977],[152.063999217544421,-31.431337438549516],[152.064013873550749,-31.431275003550468],[152.064033809556037,-31.43121515155196],[152.064059984559975,-31.431159530554076],[152.064094943561798,-31.431111680557102],[152.064138750561767,-31.431068913561031],[152.064186044561069,-31.4310280195653],[152.064231474560785,-31.430985799569381],[152.064269678561999,-31.430939052572725],[152.064298614564166,-31.4308945465752],[152.064326931566654,-31.430847727577589],[152.064351555569857,-31.430799438579605],[152.064369375573989,-31.430750540580977],[152.064377317579385,-31.430701892581389],[152.064377685582969,-31.430673943581219],[152.064376224586994,-31.430645186580865],[152.064372333591223,-31.430616690580273],[152.06436546759565,-31.430589538579412],[152.064355042600255,-31.430564797578228],[152.064327298607907,-31.43053369257531],[152.064285822616398,-31.430509633571123],[152.06423632362538,-31.430490020566193],[152.064184502634362,-31.430472217561046],[152.064136070643059,-31.430453626556226],[152.064043956659759,-31.430416524547041],[152.063949547676117,-31.430384451537677],[152.063853687692244,-31.430355730528191],[152.06375722570823,-31.430328704518661],[152.063660997724128,-31.430301704509166],[152.063552685742053,-31.43027123649847],[152.063443961759901,-31.430242058487742],[152.063334807777551,-31.430214413476978],[152.063225285795056,-31.430188516466188],[152.06311539681235,-31.430164618455393],[152.063019723826869,-31.430147470446016],[152.062923324841108,-31.430133584436586],[152.062826863855264,-31.430120120427162],[152.062731056869723,-31.430104227417779],[152.062636603884613,-31.430083099408492],[152.062535005901253,-31.430056064398467],[152.06243286991824,-31.430026626388376],[152.062332545935647,-31.429992545378425],[152.0622363709534,-31.429951597368817],[152.062146676971508,-31.429901525359774],[152.062110390979484,-31.429876282356073],[152.062075359987602,-31.429849094352495],[152.062041027995747,-31.429820813348961],[152.062006839003885,-31.429792298345451],[152.061972238011975,-31.429764420341897],[152.061942604018867,-31.429741356338866],[152.061912933025667,-31.429718328335824],[152.061883235032525,-31.429695344332785],[152.061853502039384,-31.42967240532974],[152.061823741046197,-31.429649502326697],[152.061842144057522,-31.429545628327705],[152.063300853917212,-31.421581684409983],[152.064614568691439,-31.414409209484077],[152.064848159829097,-31.413133966497259],[152.065581057261028,-31.409132624538593],[152.067100005950238,-31.402405538635826],[152.067825416359995,-31.398579896677749],[152.06784003636821,-31.398502824678587],[152.067842465369608,-31.398489988678737],[152.067895684362696,-31.398490597683885],[152.067989537349916,-31.398496038693001],[152.068121074331458,-31.398508014705808],[152.068253930311641,-31.398528811718812],[152.0683845532904,-31.398563009731706],[152.068511886266919,-31.398617089744409],[152.068670468230209,-31.398741518760666],[152.06878245519664,-31.398887416772578],[152.068790774194127,-31.398898253773467],[152.068799836191403,-31.398910068774427],[152.06886963016629,-31.399033215782097],[152.068894631157235,-31.399077345784832],[152.068907279152654,-31.399099665786224],[152.068936448141102,-31.39915953678948],[152.069001769115033,-31.399293646796796],[152.069090557079676,-31.399475991806735],[152.069167540050842,-31.39962031281523],[152.069247544020669,-31.399771471824081],[152.069255531017376,-31.399788637824997],[152.069320958990517,-31.399929211832365],[152.069363107968968,-31.400051964837335],[152.069365079967952,-31.400057701837571],[152.06937743296163,-31.40009370983903],[152.069405319935441,-31.400265638843006],[152.069391452916562,-31.400422508842816],[152.069370261909569,-31.400496631841325],[152.069368998909141,-31.400501086841231],[152.069348784902473,-31.400571839839795],[152.069311575893778,-31.400674333836946],[152.069297878890524,-31.400712063835904],[152.069255496878696,-31.40084352883278],[152.069235068865083,-31.400967124831709],[152.069241092848756,-31.401085207833177],[152.069264650829041,-31.40121228983638],[152.069295351807341,-31.401347582840355],[152.069297637805363,-31.40136044684067],[152.069320657785283,-31.401490433843847],[152.069325650765279,-31.401637720845425],[152.06930813575093,-31.401764193844663],[152.06927881473888,-31.401884337842716],[152.069244007728145,-31.401999883840197],[152.069209514717926,-31.402111511837685],[152.069179369706916,-31.402224386835609],[152.069136082693092,-31.402372238832523],[152.069087515680906,-31.40251230982885],[152.069084109680034,-31.40252213482859],[152.069041486667146,-31.402661999825504],[152.069022751653819,-31.402781453824584],[152.069029403646823,-31.402828182825552],[152.069036690642605,-31.402853335826457],[152.069046345636991,-31.402886672827627],[152.069057433630519,-31.402924975828981],[152.069084765620886,-31.402971355831962],[152.069119518609995,-31.403020056835686],[152.069156557599342,-31.403064912839604],[152.069159910598529,-31.403068139839963],[152.069167601596632,-31.403075032840761],[152.06918205159306,-31.403087977842237],[152.06924165257837,-31.403141357848401],[152.069305799563949,-31.403188830854948],[152.069445475538174,-31.403248100868904],[152.06960991151098,-31.403294104885155],[152.069786026483143,-31.403334128902475],[152.069907192463631,-31.403364050914423],[152.069959470455217,-31.40337696791957],[152.070038550441978,-31.403400085927387],[152.070154849422636,-31.40343407793889],[152.070349502390343,-31.403489214958135],[152.070541994359672,-31.403534572977083],[152.070730094331822,-31.403562558995482],[152.070910987308082,-31.403566163013018],[152.071100862287892,-31.403534099031141],[152.071293650271741,-31.403469002049302],[152.071448377260566,-31.403402821063782],[152.071492130257383,-31.403384113067883],[152.071697020242766,-31.403294814087037],[152.071908497225706,-31.403218128106925],[152.072135349204103,-31.403160686128455],[152.072179980199536,-31.403151803132705],[152.072362065180926,-31.403115562150052],[152.072583852158232,-31.403071495171186],[152.07279607413804,-31.403017926191318],[152.07299729712193,-31.402943929210227],[152.073174801110156,-31.402859802226772],[152.073352126099877,-31.402764847243237],[152.07352092709209,-31.402659233258774],[152.073675241087642,-31.402542280272851],[152.073809952087373,-31.402412894284925],[152.073922602091329,-31.402272464294793],[152.074023356099048,-31.402115325303377],[152.07411155210994,-31.401946498310668],[152.074186724123336,-31.401771081316642],[152.074247186138308,-31.401598103321209],[152.074279142157195,-31.401423458323016],[152.074284771181567,-31.401232579322144],[152.074284663192088,-31.401152504321544],[152.07428449220825,-31.401030046320621],[152.074301685232996,-31.400824888320773],[152.074338114243403,-31.400710149323452],[152.074396577254817,-31.400566321328043],[152.074396926254849,-31.400565640328072],[152.074432406259206,-31.400497855330997],[152.074474231262855,-31.400429253334543],[152.074525873264804,-31.400364085339053],[152.074591856263709,-31.400308060345022],[152.074684329257423,-31.400265329353669],[152.074694198256509,-31.400262702354606],[152.074879322235887,-31.400238814372337],[152.074889272234685,-31.400238276373287],[152.074899114233318,-31.400238796374246],[152.075026277215443,-31.400250807386634],[152.075052820211283,-31.400256302389245],[152.075089258205622,-31.40026384139281],[152.075176881191965,-31.400281975401434],[152.075205557187246,-31.400289989404257],[152.075255361177824,-31.400313000409245],[152.075260874176735,-31.400315554409808],[152.075321981165217,-31.400343782415923],[152.075431503142283,-31.40041134442702],[152.07553267111922,-31.400487636437372],[152.0756266040963,-31.400570500447063],[152.075687828078742,-31.400644049453536],[152.075690007078123,-31.40064665845377],[152.07570869707277,-31.400669103455744],[152.075773569050028,-31.400778778462822],[152.075776348048947,-31.400784103463135],[152.075829119028839,-31.400885557468992],[152.075883988009252,-31.400980790475],[152.075947649990468,-31.401061323481759],[152.076023646971009,-31.401135339489667],[152.076108141950442,-31.40120909449838],[152.076195423930812,-31.401273151507301],[152.076282284913276,-31.401321548516062],[152.076363641899206,-31.401349076524131],[152.076473943884452,-31.401353487534831],[152.076602011871586,-31.401326451547021],[152.076741105860577,-31.401274191560095],[152.076880611851607,-31.401206343573094],[152.077007388844578,-31.401135752584828],[152.077188846838993,-31.401001184601398],[152.077352716840778,-31.400827265615977],[152.077502781848267,-31.400623846628989],[152.077639338859569,-31.40040493664058],[152.077763121872522,-31.400185148650937],[152.077838257881666,-31.400042217657145],[152.077908023891922,-31.399896051662832],[152.077970385903484,-31.399747455667768],[152.07802334491646,-31.39959731767178],[152.078063986930573,-31.399449904674622],[152.078079520947455,-31.399306776675072],[152.078074599968943,-31.399147844673415],[152.078073371972721,-31.399120415673103],[152.07806708799211,-31.398979035671449],[152.078078821013008,-31.398808782671328],[152.078137544026106,-31.398651580675843],[152.078244295028213,-31.398531588685284],[152.078375420023576,-31.398438766697279],[152.078519453014934,-31.398363890710666],[152.078666023004359,-31.398300838724388],[152.078809678993537,-31.398243002737857],[152.078918098983763,-31.398211583748136],[152.078929330982731,-31.398208329749185],[152.079028874973773,-31.398179474758599],[152.079159533959256,-31.398161833771116],[152.079190441955888,-31.398157665774075],[152.07925856794833,-31.398148468780605],[152.079298941943534,-31.398145429784485],[152.079486082921392,-31.39813138380249],[152.079705090896056,-31.39810990582351],[152.079913583874969,-31.398066735843379],[152.080026538864956,-31.398032474854059],[152.08014169885513,-31.397994844864925],[152.080254626845999,-31.397953878875548],[152.080364336837846,-31.397908637885831],[152.080468972831028,-31.397858609895586],[152.080622005823273,-31.397768145909719],[152.080693708820888,-31.397716315916281],[152.080768825818353,-31.397662020923143],[152.080912401815425,-31.397544189936163],[152.081054328813565,-31.397419661948984],[152.081195716811919,-31.397294264961737],[152.08132125681044,-31.397182842973077],[152.081444304809509,-31.397069716984134],[152.08156431480927,-31.396954117994905],[152.081680343810007,-31.396835623005256],[152.081790179811691,-31.396715290014985],[152.081956666818854,-31.396498380029506],[152.082105539830707,-31.39626288704217],[152.08212875683293,-31.396223391044124],[152.082250190844491,-31.39601678105435],[152.082403052857217,-31.395770791067328],[152.082576289865671,-31.395537494082369],[152.082847978869836,-31.395240526106473],[152.083141476868747,-31.394962517132818],[152.083451244863369,-31.394700949160882],[152.083642392858224,-31.394553393178274],[152.083672547857418,-31.394530123181024],[152.083771357854772,-31.394453839190028],[152.084096731843943,-31.394218688219777],[152.084184022840276,-31.394161041227797],[152.084187437840143,-31.394158782228121],[152.084339457833806,-31.394058394242084],[152.084588817821412,-31.393909279265117],[152.084839889808023,-31.393766223288353],[152.084845089807715,-31.393763247288838],[152.085088792794807,-31.393623562311394],[152.085333464782991,-31.393474760333977],[152.085546116772861,-31.393344030353596],[152.085760669762209,-31.393215495373404],[152.085969852752584,-31.393084702392692],[152.086168306745293,-31.392946335410873],[152.086353618741697,-31.392792961427684],[152.086430484740788,-31.392724737434627],[152.086508614739756,-31.392656055441666],[152.086580398739557,-31.392587713448115],[152.086641317740828,-31.392518601453496],[152.086686003744063,-31.392450484457324],[152.086712437751231,-31.392370248459297],[152.086723445763113,-31.392269071459598],[152.086726170768969,-31.392221724459525],[152.086730168777649,-31.392151930459395],[152.086748751791617,-31.392027672460273],[152.0867652897943,-31.391991054461595],[152.086853889801461,-31.391850266469135],[152.086857206801483,-31.391846546469434],[152.086918331801314,-31.391788298474928],[152.08698622479946,-31.391736352481118],[152.08705963079575,-31.391692805487889],[152.087141050789711,-31.391659217495523],[152.087152273788604,-31.391656868496597],[152.087264323774519,-31.391654520507423],[152.08732391576703,-31.391653283513179],[152.087343519764545,-31.391652871515074],[152.087354823762951,-31.391654018516185],[152.087418091753051,-31.391667751522409],[152.087455273747196,-31.391675818526071],[152.087548104732491,-31.391697063535197],[152.087633863719873,-31.3917092185436],[152.087747149704825,-31.391713100554597],[152.087864631689826,-31.391712257565956],[152.087984175674904,-31.391708985577498],[152.088105654659756,-31.391705759589239],[152.088226650644316,-31.391705203600942],[152.088435063617851,-31.391702693621095],[152.088567317601417,-31.391698704633878],[152.088647473591436,-31.391696284641611],[152.088753571577826,-31.391696167651887],[152.08880348257145,-31.391696114656714],[152.08886302156381,-31.391696051662471],[152.089078452533926,-31.391712796683453],[152.089291337500583,-31.391758405704405],[152.089426138475261,-31.391819467717905],[152.08942696247513,-31.391819844717983],[152.089465480467879,-31.391837297721839],[152.089624035433673,-31.391942839737968],[152.089654190426927,-31.391964630741047],[152.089770999400798,-31.39204905375297],[152.089910470371706,-31.392134228767105],[152.090050021347395,-31.39218272478098],[152.090137868334779,-31.39219291678954],[152.090234634322144,-31.392194619798939],[152.090335300309846,-31.392189751808644],[152.090438708297739,-31.392181047818582],[152.090540404285861,-31.392171761828369],[152.090702339268233,-31.392148096843879],[152.090864604252261,-31.392110761859296],[152.090908662248097,-31.392099520863479],[152.091031469236441,-31.392068191875151],[152.091203694219359,-31.392030193891536],[152.091299985208593,-31.392017940900768],[152.091306815207815,-31.392017070901421],[152.091381100199555,-31.392007613908536],[152.091519620181828,-31.39200721992195],[152.091654205163223,-31.392017357935057],[152.091673729160448,-31.39201923193697],[152.091783753144938,-31.392029772947676],[152.091907554128113,-31.392037105959737],[152.091941904123871,-31.392035868963045],[152.09208528310694,-31.392024421976835],[152.092197548094646,-31.392008214987591],[152.092281917086126,-31.391990932995622],[152.092392631075768,-31.391961459006119],[152.09252873106422,-31.391916317018971],[152.092596669058906,-31.39189066202535],[152.092741831049693,-31.391819004038883],[152.092886976041939,-31.391736231052324],[152.093033349034727,-31.391648088065846],[152.093180224027236,-31.391561828079428],[152.093424107015267,-31.391414882101948],[152.093662522005275,-31.391258219123884],[152.093901321995787,-31.391097271145817],[152.093967108992985,-31.391054387151868],[152.094144335985419,-31.390938895168173],[152.094395389972789,-31.39079021019139],[152.094513256965485,-31.390730716202352],[152.094522570964813,-31.390726485203224],[152.094631276957358,-31.390677157213378],[152.094744984949642,-31.390624933224018],[152.094850947943314,-31.390569562233864],[152.094942891939468,-31.390509181242315],[152.095114327941246,-31.390328333257585],[152.095251225954712,-31.390092697269093],[152.095373520974817,-31.38982042627892],[152.095379661975812,-31.389806702279422],[152.095500262995841,-31.389536932289104],[152.095650455011253,-31.389273257301685],[152.095776964020729,-31.389077869312509],[152.095902997031118,-31.388875992323211],[152.096039456039705,-31.38867765533497],[152.096195366043304,-31.388498143348734],[152.096317537040051,-31.388403635359868],[152.096441553034822,-31.38832257437128],[152.096443534034677,-31.38832152637146],[152.096507940030534,-31.388290421377462],[152.096573019025897,-31.388262202383551],[152.096638259020892,-31.388236368389695],[152.096639272020838,-31.388235992389788],[152.096767259010477,-31.388189827401831],[152.096814464006599,-31.388173172406283],[152.096930842996557,-31.38813588241727],[152.097051524985147,-31.388104983428743],[152.097175487971811,-31.388085388440587],[152.097209299967574,-31.388084653443858],[152.09733691995055,-31.388089494456246],[152.097372004945896,-31.388090820459649],[152.097388023943694,-31.388091430461223],[152.09739136694327,-31.388091815461539],[152.097483166929379,-31.388107825470556],[152.097574438914535,-31.388131508479567],[152.097604754909185,-31.38814246248258],[152.097615367907309,-31.388146290483633],[152.097663253898901,-31.388163572488406],[152.097667744898047,-31.388165625488845],[152.097694268892639,-31.388181079491535],[152.097784490874147,-31.388233644500659],[152.097822067866417,-31.388255543504457],[152.097838355862905,-31.38826666750613],[152.097899794847649,-31.388322279512483],[152.097904939846387,-31.388326932513014],[152.097920590842506,-31.388341104514616],[152.097994418822225,-31.388423429522401],[152.098060294802366,-31.388509976529409],[152.098089005793014,-31.388553111532502],[152.098093048791696,-31.38855917053294],[152.098120066782883,-31.388599732535859],[152.098166463764926,-31.388691048541038],[152.098200652748034,-31.388785842545033],[152.098228897732554,-31.388876190548434],[152.098230493731762,-31.388880753548623],[152.098257618718065,-31.388958255551827],[152.098291833704337,-31.389029106555672],[152.098343681688362,-31.389099975561201],[152.098410328670553,-31.38917014556818],[152.098485302651255,-31.389243704575978],[152.098485840651165,-31.389244233576044],[152.098561747630498,-31.389327140584008],[152.098578044625214,-31.38935136158576],[152.098580267624499,-31.389354660586001],[152.098625866609723,-31.389422436590916],[152.098682734585907,-31.389547959597351],[152.09870682957316,-31.389621150600227],[152.098707582572757,-31.389623418600319],[152.098726469562791,-31.389680760602573],[152.098756525540807,-31.389818751606509],[152.098771163520553,-31.389958078608934],[152.098768169502904,-31.390095281609671],[152.098743670488716,-31.390226818608259],[152.098700186477515,-31.390354456604992],[152.098644636468578,-31.390476536600527],[152.098582946461221,-31.390592826595412],[152.098518432454512,-31.390706731589997],[152.098453623450723,-31.390798719584396],[152.098381041449215,-31.390880856577969],[152.098379517449189,-31.390882586577845],[152.098311902447875,-31.39095834057186],[152.098261874445228,-31.391027372567525],[152.098257105444333,-31.391038926567148],[152.098223723433449,-31.391154131564765],[152.098219232425862,-31.391216135564775],[152.098221402417153,-31.391280308565467],[152.098230858408215,-31.39133895956682],[152.098246151400105,-31.391385635568646],[152.098276951390147,-31.391431163571973],[152.098325294378213,-31.391474692576967],[152.09848283634409,-31.391580601593006],[152.098614705315384,-31.391669936606437],[152.098615879315133,-31.391670734606571],[152.098693417299216,-31.391716154614393],[152.098775482282349,-31.391764058622694],[152.098778916281617,-31.39176633562305],[152.098864988261965,-31.391831485631872],[152.098890194256228,-31.391850560634445],[152.098934324244738,-31.391894824639049],[152.09898661123114,-31.391947272644497],[152.098998443228083,-31.391959141645735],[152.099008035225353,-31.391970399646745],[152.099068972205544,-31.392061500653313],[152.099087940198672,-31.392094999655402],[152.099096581195596,-31.392110264656356],[152.09912197618641,-31.392155111659125],[152.099170256167952,-31.392248014664503],[152.099218293149647,-31.392340378669854],[152.099279517124415,-31.392472516676737],[152.099325099102629,-31.392593718682061],[152.099330737099905,-31.392608706682708],[152.099378381076463,-31.392740387688303],[152.099429583053762,-31.392862906694152],[152.099492196030951,-31.39297525170106],[152.099561183009001,-31.393074725708459],[152.099614616993023,-31.393144079714155],[152.099615073993363,-31.393140977714175],[152.099633083007177,-31.393018413715019],[152.099653055024447,-31.392867765715831],[152.099668751038024,-31.392749395716475],[152.099766253122311,-31.392013920720501],[152.101346581963611,-31.384079600814939],[152.101817964274716,-31.38125590583974],[152.101827968281299,-31.381196008840259],[152.102809736929203,-31.375314877891896],[152.103129036139876,-31.373402155908686],[152.103440796288879,-31.371966002928282],[152.103481314308226,-31.371779445930827],[152.103527846330451,-31.371565062933744],[152.103551708341854,-31.371455146935237],[152.10687182792816,-31.356161422143835],[152.115135022875506,-31.318099215663018],[152.119960173180203,-31.295873051966208],[152.123372239809868,-31.280155963180626],[152.124342348771989,-31.279500984269824],[152.124850533726743,-31.279351411317975],[152.125622214658023,-31.279124300391093],[152.126866617324879,-31.280449617521551],[152.127062327272455,-31.280658047542062],[152.129169117858112,-31.281762976754511],[152.129819334612904,-31.282996306826661],[152.13224510939699,-31.282281564056589],[152.131164452744571,-31.280687569940007],[152.130793318863937,-31.28014013289997],[152.13227685682017,-31.27903174803561],[152.133688081669646,-31.278805362170775],[152.134867091350998,-31.280083870294579],[152.135529016172029,-31.280801667364091],[152.135912629099153,-31.280983338402624],[152.137000906892354,-31.281498746512],[152.138217920378764,-31.284222431650189],[152.139615824165901,-31.284483083787716],[152.141085476118661,-31.283414551922366],[152.143372672254714,-31.280158852120142],[152.146185105922655,-31.279952193391466],[152.147264958774628,-31.280029380496799],[152.147865194692315,-31.280072280555359],[152.1497335614512,-31.280091066736802],[152.14916768685751,-31.277551794663101],[152.1491870218602,-31.277512729664664],[152.150698080068736,-31.274460402788712],[152.152468274924075,-31.273841912955916],[152.15254972212017,-31.272272190952204],[152.152331648265061,-31.271382411924453],[152.152326153268717,-31.271360001923757],[152.152087040427546,-31.270384401893324],[152.151696303687174,-31.268790118843615],[152.152146123785201,-31.267608148878505],[152.154591823635656,-31.26637166310671],[152.154526331849922,-31.264806252088764],[152.15476331817672,-31.262091813091654],[152.155445533170194,-31.261479626153349],[152.155657868326017,-31.260088975163658],[152.156193349403992,-31.258976677207396],[152.156653115404254,-31.2585284852487],[152.1574154113882,-31.257911366318126],[152.156609095619046,-31.256938257232651],[152.156266592720129,-31.256501838196183],[152.156109794766422,-31.256302031179477],[152.155807825855533,-31.255917244147319],[152.155407809975628,-31.255392368104609],[152.156064501049258,-31.254195342159491],[152.156833241095683,-31.25309686722596],[152.158328186039427,-31.252074431363503],[152.159305608077801,-31.250834755449201],[152.157633986385179,-31.250118850281623],[152.156847305711324,-31.24840171219256],[152.159128141780457,-31.245664108393672],[152.16059450786716,-31.243582906520608],[152.162487607927375,-31.241289492687415],[152.158670503849635,-31.237976873292318],[152.160009097186276,-31.234118610393679],[152.162189209117258,-31.232530246593544],[152.163055562167415,-31.231309012668621],[152.163193661598285,-31.227898123656747],[152.159778375179599,-31.226786750316943],[152.15849179520032,-31.227876170200133],[152.156771511317771,-31.228650391038897],[152.154883831622328,-31.228163453852066],[152.153315976982555,-31.226942671690853],[152.151568386279848,-31.226375408517047],[152.149973504770031,-31.224191529346108],[152.149712661032254,-31.222448880307876],[152.152119315956099,-31.22069440352843],[152.15333887203505,-31.218911396633569],[152.15338481923186,-31.21736934262659],[152.152403899543515,-31.21594781252087],[152.15206285385662,-31.213895611472566],[152.153828678982734,-31.211223994624135],[152.154321829996746,-31.210639193667664],[152.154187771205102,-31.209183149643856],[152.153219648677805,-31.206523407530181],[152.150192148162631,-31.205767142230791],[152.149891538369531,-31.204483090192106],[152.149197725571526,-31.203617558118356],[152.148316510021687,-31.201043762013779],[152.147315859322219,-31.199725388906909],[152.147095064599483,-31.197827940871427],[152.148034485676362,-31.196331627951487],[152.148393955799264,-31.195047493976833],[152.148680200890766,-31.194072920997399],[152.149992754962369,-31.192255527111282],[152.151598511017795,-31.190277577252431],[152.15138458421211,-31.189004981222244],[152.151316640582053,-31.186253356195241],[152.151303176619138,-31.185983917191937],[152.153096193454303,-31.185502117362368],[152.155116062203405,-31.185455929558064],[152.156809471964493,-31.185634846723751],[152.157160439834598,-31.186284204762622],[152.158274404422201,-31.188345251886034],[152.161613437990837,-31.188395433210552],[152.162659855845732,-31.188486692312807],[152.163513198693551,-31.188818796398142],[152.165620963141549,-31.190979001618793],[152.166407498028718,-31.19107608769588],[152.167607118885996,-31.191000975811807],[152.169593400611575,-31.191166249005924],[152.169900318520575,-31.191561649038658],[152.170726670429815,-31.191452304118101],[152.1721406760918,-31.192655427264345],[152.172454478968291,-31.19329157329954],[152.173061376833829,-31.193726933361717],[152.172962129737925,-31.194552471358186],[152.173076556553127,-31.195847980378911],[152.173850076402744,-31.196243110456983],[152.174670855157473,-31.197314670544646],[152.175404835948058,-31.198197072622477],[152.175478511887434,-31.19858685363252],[152.177165460584746,-31.199256637801358],[152.178131829479895,-31.199118508894212],[152.179645334224119,-31.199599181044803],[152.180157488311238,-31.19844090008597],[152.182110272087755,-31.198250573274297],[152.182990184966059,-31.198324559360341],[152.184236445827196,-31.198174760480324],[152.184883088732903,-31.198266075543849],[152.18653562358304,-31.197806434701022],[152.188767660407848,-31.196979512911806],[152.18969992040013,-31.196136206996162],[152.190586008335714,-31.19576872707956],[152.193011578095252,-31.195251160311496],[152.19333801907257,-31.195107619342156],[152.19488371095153,-31.194533284488152],[152.195049973974875,-31.194194939501813],[152.196162706871149,-31.193907524607862],[152.197142064796395,-31.19352849870026],[152.197788582711212,-31.193550952763275],[152.198921610573223,-31.193504265873074],[152.200014390465981,-31.193262683977544],[152.201141781211078,-31.194110279093454],[152.202008320093427,-31.194166947178143],[152.202781865949049,-31.194516056255953],[152.203562916713992,-31.195547324339543],[152.20324430360813,-31.196659682316813],[152.203565223459435,-31.197479204354099],[152.204332172313656,-31.197845497431395],[152.205725281130555,-31.197890269567221],[152.207279050855306,-31.198479494722708],[152.209584349660389,-31.197732404941384],[152.211392870200314,-31.199479365130262],[152.211874595952679,-31.200894920187615],[152.212489266727374,-31.202012261255689],[152.215635354337991,-31.201929334561161],[152.217355470080065,-31.20222594273072],[152.219677124593204,-31.203679970967404],[152.220289105379919,-31.204708211034575],[152.22030680937371,-31.204737944036523],[152.220331891364964,-31.204780102039287],[152.221253398088521,-31.205988804137924],[152.223402513564565,-31.20789008136116],[152.224229198451923,-31.207946644442043],[152.226507262320155,-31.206746400654882],[152.227160618229561,-31.206803105718894],[152.228306524142056,-31.206360605827154],[152.228565716180128,-31.205821475848392],[152.229092474099588,-31.205924165900417],[152.230258110032253,-31.205309639009336],[152.231037954938387,-31.205268752084972],[152.231758047830994,-31.20538842915596],[152.231957099886529,-31.204774835170788],[152.232316625878639,-31.204487853203659],[152.232362224968739,-31.203759735202709],[152.232268381025278,-31.203421614191058],[152.232607073093277,-31.202578578217782],[152.232779045188465,-31.201689844227943],[152.232676647413768,-31.200079062206033],[152.232269675499509,-31.199821501164497],[152.23242818360626,-31.198858249172783],[152.23290082460133,-31.198439298215686],[152.234367120421808,-31.198386228358061],[152.234779936407904,-31.19809344639609],[152.236307242132256,-31.198711016549392],[152.236800537066557,-31.198733434597585],[152.237948793765753,-31.199907453718122],[152.239015943575026,-31.200324823825124],[152.239849430444195,-31.200513128907701],[152.240256941317597,-31.201080243951594],[152.240812602045224,-31.202610278017058],[152.241780693795278,-31.203572363118479],[152.244881105334798,-31.204073518424178],[152.245548123215286,-31.204336494491105],[152.245915260128527,-31.204639933529112],[152.246690250890993,-31.205693899612427],[152.247823339756081,-31.205623862722291],[152.248003928686245,-31.205979096742521],[152.248778182509255,-31.206574438822365],[152.250598593231786,-31.206922087002301],[152.251110068203161,-31.206646023050091],[152.251626149171329,-31.206389554098472],[152.252426084066684,-31.206411317176585],[152.252682077027799,-31.20645932820187],[152.253032845974502,-31.206525114236548],[152.25307224201714,-31.206163776237702],[152.254044669953345,-31.205709301329087],[152.254303431015018,-31.204992092348995],[152.254328484139705,-31.204022906344239],[152.254741319122047,-31.203758495382509],[152.254794008166044,-31.203374200384793],[152.254572157346246,-31.202221871354631],[152.255749992354737,-31.20102159346051],[152.257009186240197,-31.200675644580659],[152.25866946498175,-31.201034434745125],[152.258368651090279,-31.200501571711861],[152.257773011362588,-31.199011479642767],[152.258219255332421,-31.19881009468476],[152.258324705417323,-31.19806445168949],[152.258184095488929,-31.197657504672787],[152.258576968470038,-31.197421805709325],[152.258563037522464,-31.197037617705124],[152.257714236827638,-31.195542193611303],[152.256360355077419,-31.194953565474993],[152.256333391108086,-31.19474716147085],[152.275604564312772,-31.197362452369013],[152.313029524883831,-31.202441359059506],[152.316577320369134,-31.202922837409638],[152.316821309508072,-31.201637339423939],[152.326847038216528,-31.14881632201163],[152.330902088524851,-31.127451186249321],[152.331997293333188,-31.127851678359342],[152.333076237217199,-31.127694816463656],[152.332834872370427,-31.12676633543315],[152.333327242355892,-31.12640415347861],[152.334467367133698,-31.126992603594427],[152.335406984989135,-31.127185776687718],[152.336379742853978,-31.127275657783475],[152.33723899875443,-31.127205199866967],[152.338412235546997,-31.127650206985003],[152.339164973454842,-31.127625815058405],[152.340051677290433,-31.128019755148038],[152.340810581233853,-31.127720097220017],[152.342130029037463,-31.127941166350688],[152.3426103709252,-31.128330140400553],[152.342689046008473,-31.127624691403007],[152.343145799165939,-31.12599531443556],[152.343462634343325,-31.124349005454313],[152.342631648573928,-31.123400400366009],[152.34247042361946,-31.123210569348842],[152.34115600390237,-31.122329491213762],[152.341088036992062,-31.121715861202549],[152.340566971142806,-31.121074326146832],[152.340065500316086,-31.120243472091627],[152.339425187442544,-31.119900402026467],[152.33936494946758,-31.119768578019603],[152.338450823669547,-31.119116223925378],[152.338095849830353,-31.118239240884151],[152.337534912983102,-31.11762070782471],[152.337547039055067,-31.117064312821768],[152.337146781139751,-31.11680686778071],[152.336645956275817,-31.11625706972767],[152.336817945329841,-31.115683203740222],[152.337954381353597,-31.114413703841898],[152.338320657314853,-31.114355742877276],[152.338879441292704,-31.113987715929188],[152.339339255225468,-31.114055769974645],[152.340360105997974,-31.114799682079994],[152.340660038950944,-31.114868005109827],[152.341904949843581,-31.114487330228734],[152.34243820575648,-31.114635549281989],[152.343452009555591,-31.115184422385205],[152.344326497337448,-31.115997384476771],[152.344215230234056,-31.116886613472499],[152.345248638054869,-31.117251903576271],[152.346479625984927,-31.116601618691845],[152.347786003781152,-31.116891844821772],[152.348212965692284,-31.117154928865496],[152.348353206654878,-31.117303811880305],[152.348753042596769,-31.117360454919837],[152.349591608539271,-31.11699188199913],[152.349683364510696,-31.117119888009061],[152.349781761481978,-31.117243133019599],[152.349833205467604,-31.117302663025075],[152.350000607424931,-31.117465198042662],[152.350187855382075,-31.117609976062052],[152.350386039339099,-31.117745126082429],[152.350586249296128,-31.117878770103015],[152.350779583253058,-31.118019020122972],[152.351022954197248,-31.118208250148189],[152.351266362141359,-31.118397910173421],[152.35150737508539,-31.118590385198402],[152.351666916047549,-31.118723903215013],[152.35174358402935,-31.118788058222989],[152.351831243007865,-31.118866637232152],[152.351954532977629,-31.118977154245023],[152.351972568973224,-31.118993325246915],[152.352118833935975,-31.119135045262265],[152.352187290918039,-31.119205036269484],[152.352261333898639,-31.119280755277295],[152.352313350884884,-31.119335292282795],[152.35243248185327,-31.119460205295372],[152.352542864823988,-31.119575939307033],[152.35268579478668,-31.119721308322095],[152.352838360747711,-31.119869958338125],[152.352992765708763,-31.120016770354322],[152.353147554669761,-31.120163179370557],[152.353301241630817,-31.120310672386687],[152.353452355591827,-31.120460703402586],[152.353609870550287,-31.120624116419208],[152.353764830508766,-31.120790039435594],[152.353918365467166,-31.120957379451855],[152.3540715774256,-31.121125024468096],[152.354225604384055,-31.121291879484406],[152.354317548359376,-31.12139051049413],[152.354685572260621,-31.121784845533067],[152.354723050250101,-31.121828446537059],[152.354758682239549,-31.121874064540886],[152.354792234229052,-31.121921384544525],[152.354823500218657,-31.12197009554794],[152.354852257208449,-31.12201989055113],[152.354922803182376,-31.122149518558988],[152.354952456163858,-31.122261183562724],[152.354943457147243,-31.122395445562834],[152.354941772135902,-31.122482943563323],[152.354946326123581,-31.122571767564438],[152.354957226110116,-31.12266298556618],[152.354972617096223,-31.122753404568357],[152.354993468081545,-31.122844407571069],[152.355020647066112,-31.122935087574405],[152.355054235050346,-31.123022324578329],[152.355078635040257,-31.12307529258112],[152.355105374029961,-31.123127230584124],[152.355161381010475,-31.123221137590292],[152.355192056000675,-31.123266055593639],[152.355233325977679,-31.123400309598665],[152.35521366895702,-31.123575421598051],[152.355184329937771,-31.123749170596462],[152.355145390919972,-31.123921019593933],[152.355098850904341,-31.12408389459058],[152.355099388899674,-31.124118576590892],[152.355100114895009,-31.124153258591228],[152.355101055890316,-31.124187939591565],[152.355102185885585,-31.124222603591939],[152.355103521880807,-31.124257276592331],[152.355105618874092,-31.124306228592896],[152.355107985867335,-31.124355190593498],[152.355110818860481,-31.124404124594133],[152.35511431485358,-31.124452996594844],[152.355118670846593,-31.124501778595636],[152.355128109834169,-31.124586470597183],[152.355139655821546,-31.124671099598949],[152.355153460808651,-31.124755432600914],[152.355169667795508,-31.12483924560313],[152.355188429782146,-31.12492230660558],[152.355202637772379,-31.124982607607411],[152.355217140762534,-31.125043230609286],[152.355233419752551,-31.125103217611329],[152.355252961742337,-31.125161653613667],[152.355277244731866,-31.125217580616457],[152.35529448272527,-31.125251114618404],[152.355312930718526,-31.125284344620454],[152.355332865711716,-31.125316677622632],[152.355354585704902,-31.125347513624984],[152.35537835869809,-31.12537626962753],[152.355409149690303,-31.125405913630765],[152.355443373682419,-31.125432482634313],[152.35547962367454,-31.125457205638057],[152.355516483666719,-31.125481327641829],[152.355552536658877,-31.125506086645544],[152.355579249653175,-31.125523332648285],[152.355607449647493,-31.125539476651166],[152.355635013641773,-31.125556024653974],[152.355659826636213,-31.125574481656539],[152.355679779630776,-31.125596362658666],[152.355693772625614,-31.125622089660219],[152.355703561620572,-31.125650997661392],[152.355710445615642,-31.125681807662296],[152.355715770610772,-31.12571324366305],[152.355720853606073,-31.125744026663774],[152.355726348599319,-31.12578994866465],[152.355727836592962,-31.125836552665149],[152.355727423586785,-31.125883523665458],[152.355727199580627,-31.125930522665779],[152.355729261574169,-31.125977224666336],[152.355733708566817,-31.126028749667157],[152.35573882655936,-31.126080355668034],[152.355745244551741,-31.126131781669045],[152.355753590543941,-31.126182769670248],[152.355764481535886,-31.126233048671679],[152.355784023524819,-31.126298216674062],[152.355808602513235,-31.126362165676966],[152.35583631950135,-31.126425325680138],[152.355865228489421,-31.126488091683431],[152.355893446477523,-31.126550893686652],[152.355920634465321,-31.126617128689809],[152.355947078453141,-31.126684098692895],[152.355974821440839,-31.126750306696113],[152.35600591742849,-31.126814219699614],[152.35604242841589,-31.126874332703636],[152.356081448403955,-31.126927210707837],[152.356124197391807,-31.126978269712406],[152.356170281379548,-31.127026648717276],[152.356219251367435,-31.127071494722401],[152.35627071335557,-31.127111958727731],[152.356336374341851,-31.127152699734467],[152.356407332328416,-31.127186386741656],[152.356481545315148,-31.127215429749143],[152.356556994302053,-31.12724222275672],[152.356631637289041,-31.127269141764224],[152.356633869288686,-31.127269939764446],[152.356728806272173,-31.127303778773985],[152.356827185255526,-31.127335367783843],[152.356926380239088,-31.127364715793775],[152.357018476223971,-31.127390487802977],[152.357026033222752,-31.127392602803731],[152.35712573820652,-31.127419844813687],[152.357226502190173,-31.127447058823748],[152.357327580173887,-31.127473403833825],[152.357428989157739,-31.127498368843934],[152.357530774141793,-31.127521414854069],[152.35763298112613,-31.127542013864225],[152.357715557113949,-31.12755501187241],[152.357798769102089,-31.127564961880612],[152.357882044090246,-31.127574418888837],[152.357964799078275,-31.127585955897011],[152.358046478065802,-31.127602144905129],[152.358102010056911,-31.12761603891067],[152.358157335047878,-31.1276312149162],[152.358212267038766,-31.127647824921695],[152.358266633029444,-31.127665994927153],[152.358320246020043,-31.127685867932545],[152.358405628004078,-31.12772452994119],[152.358488292987602,-31.127769958949614],[152.358569748970865,-31.127818588957954],[152.358651481954155,-31.127866805966296],[152.358734989937716,-31.127911015974806],[152.358807122924333,-31.127942873982093],[152.358880832911211,-31.127971800989531],[152.358954561898059,-31.128000521996949],[152.359026774884768,-31.128031743004243],[152.359095922871205,-31.128068200011292],[152.359175917854287,-31.128119805019498],[152.359253141836859,-31.128177121027495],[152.359327237819286,-31.128239152035182],[152.359397855801632,-31.128304885042599],[152.359464628784167,-31.128373307049639],[152.359537110764478,-31.128452432057312],[152.359608141744502,-31.128535851064889],[152.35967324672464,-31.128623322071896],[152.359727926705659,-31.128714683077927],[152.359767708688054,-31.12880969208253],[152.359778268680628,-31.128855794083915],[152.359783933673583,-31.128903599084818],[152.359788505666643,-31.128951682085621],[152.359795748659508,-31.128998572086687],[152.359809436651943,-31.129042792088359],[152.359837825641563,-31.129093913091506],[152.359874954630584,-31.129141413095489],[152.359917389619227,-31.129186583099973],[152.359961680607796,-31.129230677104641],[152.36000438459655,-31.129274968109151],[152.360052610583665,-31.12932607211426],[152.360102253570773,-31.129375876119486],[152.360152630557934,-31.129425025124775],[152.360203035545055,-31.129474157130065],[152.360252767532103,-31.129523907135315],[152.360287771522906,-31.129560041139012],[152.360322560513708,-31.129596390142666],[152.360357295504485,-31.129632783146349],[152.360392165495284,-31.129669043150031],[152.360427349486059,-31.129704997153734],[152.360492391468995,-31.129771842160597],[152.360557344451848,-31.129839099167466],[152.36062332843477,-31.129905181174411],[152.360691472417784,-31.129968485181543],[152.360762879400937,-31.130027423188974],[152.360832761385439,-31.13007755019618],[152.360905405370062,-31.130124180203623],[152.360979950354761,-31.130168292211266],[152.361055444339627,-31.130210871218956],[152.361131019324461,-31.130252894226658],[152.361187035313407,-31.130282529232378],[152.361243974302511,-31.130310604238147],[152.361301002291611,-31.130338473243938],[152.361357269280631,-31.130367544249669],[152.361411940269505,-31.130399196255254],[152.36148005725471,-31.130446050262261],[152.361545279239607,-31.130497486269029],[152.361609272224456,-31.130550911275687],[152.361673732209312,-31.130603736282389],[152.361740307194282,-31.13065336928927],[152.361812521178933,-31.130700502296683],[152.361886599163682,-31.130744928304271],[152.361961376148457,-31.130788331311908],[152.362035714133185,-31.13083241631951],[152.362108448117851,-31.13087885932698],[152.362168677104791,-31.130919949333176],[152.362228394091659,-31.130961883339324],[152.362287467078517,-31.13100471334543],[152.362345786065305,-31.131048529351471],[152.362403218052123,-31.131093394357421],[152.362465805037516,-31.131143933363912],[152.362527701022827,-31.131195529370366],[152.36258847600817,-31.131248426376704],[152.362647727993448,-31.131302873382896],[152.362705034978745,-31.13135913138894],[152.362779856957815,-31.13144538339689],[152.362848063936895,-31.131538294404258],[152.362914522915986,-31.131632856411464],[152.362984055895112,-31.131724010418946],[152.363061522874375,-31.131806730427151],[152.363120953860374,-31.13185553043332],[152.363184552846434,-31.131899902439887],[152.363249263832557,-31.131943028446532],[152.363312019818636,-31.131988099453014],[152.363369747804683,-31.132038297459033],[152.363429922788015,-31.132106665465436],[152.363483607771286,-31.132181452471244],[152.363534128754594,-31.132259474476768],[152.363584855737855,-31.132337524482299],[152.363639096721073,-31.132412427488177],[152.363677471709991,-31.132459371492274],[152.363716921698881,-31.132505464496479],[152.363756686687822,-31.132551324500717],[152.363795984676699,-31.132597524504916],[152.363834063665621,-31.132644684508985],[152.363890894647341,-31.132728596515165],[152.363942114628998,-31.132818164520845],[152.363993218610773,-31.132907177526512],[152.364049709592734,-31.132989403532644],[152.364117028575038,-31.133058623539746],[152.364185925560406,-31.133103309546826],[152.364262755546065,-31.133137928554603],[152.364343242531874,-31.133168199562707],[152.364423138517594,-31.13319982457076],[152.364498157502936,-31.133238530578392],[152.36458489248389,-31.133299441587337],[152.364666760464445,-31.133368123595858],[152.36474616344475,-31.133440812604171],[152.364825503425067,-31.133513806612473],[152.364907200405469,-31.133583384620991],[152.36497476238992,-31.133636343627998],[152.365042986374419,-31.133688487635055],[152.365111596358844,-31.133740137642164],[152.365180341343319,-31.133791618649273],[152.36524896032779,-31.13384325065638],[152.365348406305401,-31.133917490666661],[152.365448417283005,-31.133991031676992],[152.365548293260588,-31.134064723687317],[152.36564732723815,-31.134139456697561],[152.365744837215686,-31.134216080707688],[152.365827951196053,-31.134284592716316],[152.365909944176423,-31.134354493724871],[152.365991292156792,-31.134425183733349],[152.366072460137133,-31.134496107741825],[152.366153925117459,-31.134566671750321],[152.366224274100972,-31.134623870757643],[152.366296523084458,-31.13467953776512],[152.366367796067948,-31.134735992772509],[152.366435232051515,-31.134795611779555],[152.366495971035192,-31.134860735785992],[152.366542306020364,-31.13492870979103],[152.36658100400561,-31.135003119795371],[152.366617459990891,-31.135079286799506],[152.366657071976164,-31.135152558803931],[152.366705243961377,-31.13521827380913],[152.366756374948494,-31.135266875814494],[152.366813420935557,-31.135310064820406],[152.36687304992256,-31.135350976826548],[152.366931933909569,-31.135392793832629],[152.366986756896551,-31.135438670838322],[152.367042943881358,-31.135499921844275],[152.367094019865988,-31.135566873849776],[152.367143904850678,-31.135634946855159],[152.367196486835496,-31.135699513860796],[152.367255684820492,-31.135755996867005],[152.367326930805234,-31.135803110874331],[152.36740498879027,-31.135841458882251],[152.367486237775438,-31.135875943890468],[152.367566984760487,-31.135911485898635],[152.36764363574531,-31.13595296190644],[152.367713392730252,-31.135999520913622],[152.367781178715092,-31.136049315920619],[152.367847583699813,-31.136101262927511],[152.367913226684465,-31.136154257934333],[152.36797872566919,-31.136207225941131],[152.368043893654601,-31.136254949947869],[152.368112405639806,-31.136301329954918],[152.368178505625082,-31.136349304961747],[152.368236448610787,-31.136401788967813],[152.368280488597236,-31.136461704972564],[152.368310365584165,-31.136532107976013],[152.368329790571266,-31.1366109009785],[152.368339238559116,-31.136693773980035],[152.368339203548203,-31.136776403980654],[152.368330131539011,-31.136854470980335],[152.368315449532759,-31.136915838979352],[152.368294043527385,-31.136977017977721],[152.368266882522931,-31.1370366549755],[152.368234917519459,-31.137093370972796],[152.368199097517106,-31.137145818969689],[152.368153892516261,-31.137195111965621],[152.368100943517248,-31.137238434960754],[152.368044102519121,-31.137278924955496],[152.36798725352088,-31.137319711950227],[152.367934250521756,-31.137363930945362],[152.367869521521413,-31.137428560939522],[152.367807670520278,-31.137496301933961],[152.367747791518639,-31.137566095928623],[152.367688997516723,-31.137636893923396],[152.3676303735148,-31.137707637918172],[152.36758982951352,-31.137756132914571],[152.367549456512222,-31.137804798910985],[152.367509549510771,-31.137853840907443],[152.367470421509182,-31.137903464903975],[152.367432361507298,-31.13795386090062],[152.367389092504879,-31.138013928896825],[152.367346997502125,-31.138074937893162],[152.367306122499116,-31.138136806889616],[152.367266484495872,-31.138199447886205],[152.367228163492342,-31.138262786882926],[152.367181013487738,-31.138342548878899],[152.367134670482926,-31.138423260874973],[152.367090899477631,-31.138505271871288],[152.367051449471603,-31.138588852868057],[152.367018076464518,-31.138674332865417],[152.366999288458118,-31.138740522864069],[152.36698543045091,-31.138808407863223],[152.366973212443384,-31.138876865862532],[152.366959390436165,-31.13894476786168],[152.36694068342976,-31.13901100286034],[152.36692972942717,-31.139040978859491],[152.366917834424754,-31.139070631858544],[152.366905553422441,-31.139100149857565],[152.366893380420066,-31.139129721856591],[152.366881862417557,-31.139159527855675],[152.366830212403897,-31.139312282851773],[152.366786083388774,-31.13946868684862],[152.366749735372395,-31.139627510846225],[152.366721454354774,-31.139787544844658],[152.366701518336157,-31.139947561843886],[152.366705911332616,-31.139970248844485],[152.366715225317449,-31.140075943846181],[152.36671880230287,-31.140182749847327],[152.366722074288333,-31.140289420848433],[152.366730455273341,-31.140394729850048],[152.366749369257349,-31.140497430852655],[152.36682282922331,-31.140684221861232],[152.366933992185722,-31.140861717873435],[152.36706762614611,-31.141033225887789],[152.367208522105926,-31.141202062902831],[152.367341431066649,-31.141371526917112],[152.367471964026464,-31.141550214931204],[152.367604468986173,-31.141727665945492],[152.36773957394584,-31.141903153960019],[152.367877905905459,-31.142075907974849],[152.368020109865029,-31.142245192990028],[152.36811712683857,-31.142352250000311],[152.368217594812052,-31.142456438010928],[152.368318537785512,-31.142560161021578],[152.368416989759055,-31.142665828031998],[152.368509981732728,-31.142775861041915],[152.368607706703358,-31.142904154052442],[152.368701254673994,-31.143036220062587],[152.36879036564477,-31.143171549072306],[152.368874769615815,-31.143309667081596],[152.368954181587213,-31.143450052090412],[152.369033602555959,-31.143609835099376],[152.369104328525253,-31.143774315107521],[152.36917053649475,-31.143941269115246],[152.369236394464281,-31.144108483122924],[152.369306107433545,-31.144273761130982],[152.369390055398782,-31.144456178140555],[152.369476746363802,-31.144637385150389],[152.369564055328794,-31.144818315160286],[152.369649822293894,-31.14499989817002],[152.369731906259261,-31.145183077179411],[152.369789786233326,-31.145323426186124],[152.369844771207624,-31.145465057192567],[152.369899263181964,-31.145606885198944],[152.369955683156149,-31.145747808205527],[152.370016423130068,-31.145886750212505],[152.370088726101415,-31.146034082220673],[152.370165978072436,-31.146179110229312],[152.370245542043278,-31.146323072238161],[152.370324775014154,-31.146467231246994],[152.370401030985221,-31.146612833255546],[152.370495519947525,-31.146807127266236],[152.370586298910041,-31.147003286276572],[152.370675785872692,-31.147200091286805],[152.370766420835196,-31.147396330297124],[152.370860631797512,-31.147590777307801],[152.37098585875151,-31.147818274321747],[152.371121922704731,-31.148041531336734],[152.371256758658092,-31.148264806351598],[152.371378319612575,-31.148492357365186],[152.371474547569107,-31.148728432376362],[152.37150905055114,-31.148830962380501],[152.37154307753309,-31.148934765384592],[152.371572864515457,-31.149039402388276],[152.371594638498834,-31.149144442391201],[152.371604624483666,-31.149249437392964],[152.3716022404721,-31.149338915393383],[152.371591735461521,-31.149428914393027],[152.371591681461496,-31.149429192393015],[152.371575402451668,-31.14951892139209],[152.37155550344238,-31.149608427390806],[152.37153432143333,-31.149696928389385],[152.371504552422891,-31.149804218387281],[152.371468822413448,-31.149910110384564],[152.371429677404478,-31.150015168381515],[152.371389644395663,-31.150120011378377],[152.371351279386602,-31.150225248375399],[152.371319170377632,-31.150323807372992],[152.371288873368314,-31.150423263370751],[152.371257625359192,-31.150522252368432],[152.371222683350737,-31.150619404365731],[152.371181288343564,-31.150713373362379],[152.371154630340612,-31.150760838360117],[152.371142286339307,-31.150782817359072],[152.371098193336053,-31.150849769355251],[152.371052504333079,-31.150915915351277],[152.371008724329727,-31.150982974347485],[152.370970332325413,-31.151052652344248],[152.370931904317985,-31.151145617341168],[152.370901202309057,-31.151242240338885],[152.370874042299505,-31.151340602336951],[152.370846245290011,-31.151438820334956],[152.370813626281432,-31.151534986332479],[152.370757503270283,-31.151672852328005],[152.370696486260016,-31.151809051323038],[152.370631327250464,-31.151943547317675],[152.370562789241575,-31.152076313311955],[152.370491616233267,-31.152207321305951],[152.370429891226735,-31.152315553300706],[152.370365781220698,-31.152422547295231],[152.370299573215107,-31.152528331289524],[152.370231537209918,-31.152632932283638],[152.370161969205043,-31.152736377277595],[152.370109028201455,-31.152814211272986],[152.370055657197923,-31.152891947268355],[152.370001022194685,-31.15296873226357],[152.369944298191939,-31.153043734258585],[152.36988463418993,-31.15311612725327],[152.369818113188927,-31.153187248247288],[152.369747567188938,-31.15325484524088],[152.36967518418939,-31.153320874234282],[152.369603177189703,-31.153387306227735],[152.369533751189408,-31.153456105221441],[152.369436188188303,-31.153558008212649],[152.369339198186935,-31.153661300203918],[152.36924536418482,-31.153767183195516],[152.369157276181454,-31.153876857187708],[152.36907752417639,-31.153991534180758],[152.369024547171961,-31.15407587617619],[152.368973193167022,-31.154162298171808],[152.368925945161322,-31.154250808167838],[152.368885338154456,-31.154341398164544],[152.368853902146185,-31.154434068162146],[152.368833079136209,-31.154529436160828],[152.368821103124702,-31.154627735160386],[152.368815869112154,-31.154727675160608],[152.368815268098928,-31.154827946161291],[152.368817205085577,-31.15492724916221],[152.368826366060972,-31.155104010164429],[152.368846543034692,-31.155283630167734],[152.3688800400069,-31.155461341172337],[152.368929161978031,-31.15563237417841],[152.36899621094841,-31.155791969186168],[152.369082156917727,-31.15594130919569],[152.369186289885363,-31.156085808206957],[152.369305186852472,-31.156220689219595],[152.369435441820002,-31.156341200233232],[152.369573628789084,-31.156442574247524],[152.369693395765609,-31.156505080259713],[152.369822610742943,-31.15655245427271],[152.370091259698285,-31.156632314299607],[152.370182046682373,-31.156665579308736],[152.370221603675446,-31.156680074312721],[152.370335616654273,-31.156730640324252],[152.370448525632895,-31.156783859335704],[152.370560583611393,-31.1568390233471],[152.370672049589814,-31.156895442358415],[152.370783166568174,-31.156952390369714],[152.370957398533704,-31.157045714387483],[152.371129398498937,-31.157143386405039],[152.371300573464111,-31.157242688422532],[152.371472312429319,-31.157340880440071],[152.371646042394786,-31.157435288457791],[152.371964163333416,-31.157594184490115],[152.372287025272641,-31.157744025522838],[152.372612586212227,-31.157888686555776],[152.372938819151841,-31.158032064588795],[152.373263690091306,-31.158178052621682],[152.373520381043107,-31.158295991647698],[152.373777053994928,-31.158413965673695],[152.374033717946787,-31.158531931699713],[152.374290408898617,-31.158649861725717],[152.374547135850435,-31.158767711751722],[152.37493378577804,-31.158944032790902],[152.375320856705713,-31.159119412830105],[152.375707818633401,-31.159295071869302],[152.376094063560942,-31.159472244908429],[152.376479018488283,-31.159652142947465],[152.376670595451941,-31.159743270966906],[152.376861857415548,-31.159835079986319],[152.377052932379087,-31.159927257005705],[152.377243979342637,-31.16001952402511],[152.37743511730622,-31.160111584044515],[152.377607699273398,-31.160194223062017],[152.377780379240562,-31.160276647079556],[152.377953024207756,-31.160359160097066],[152.378125480174901,-31.160442059114573],[152.378297605141967,-31.16052564013205],[152.378487631104093,-31.16062959515143],[152.378675577065138,-31.160743984170683],[152.37886412402662,-31.160854062189973],[152.37905596899023,-31.160945074209444],[152.379253828957559,-31.161002264229236],[152.379306805949852,-31.161009776234479],[152.37936021294243,-31.161014805239741],[152.379413798935104,-31.161018811245025],[152.379467340927732,-31.161023249250295],[152.379520585920091,-31.161029559255567],[152.379592100909633,-31.161040253262644],[152.379663658899005,-31.161052068269743],[152.379734841888137,-31.16106580127682],[152.379805208877031,-31.161082268283828],[152.379874301865641,-31.16110226629074],[152.379995296843987,-31.16114982930295],[152.380112535821098,-31.161210237314876],[152.38022680779747,-31.161279269326581],[152.380338909773542,-31.161352622338107],[152.38044964074976,-31.161426055349498],[152.38057052872432,-31.161502446361901],[152.380693208698517,-31.161579823374502],[152.380811728672654,-31.161661709386703],[152.380920102646996,-31.16175162739799],[152.381012358621859,-31.161853099407772],[152.381085450597567,-31.161966431415781],[152.38114532057341,-31.162091335422563],[152.381194406549668,-31.162223643428362],[152.381235147526525,-31.162359188433367],[152.381269989504318,-31.162493818437778],[152.381294720481378,-31.162643275441305],[152.381303424459929,-31.162796586443296],[152.381306292439092,-31.162951376444724],[152.381313481417806,-31.163105279446565],[152.381335165395086,-31.163255919449806],[152.38138728936184,-31.163457277456413],[152.381454877326746,-31.163657210464514],[152.381536377290473,-31.163853136473953],[152.381630264253459,-31.164042482484554],[152.381734990216302,-31.164222658496143],[152.381817924189022,-31.164349364505213],[152.38190699816127,-31.164473471514857],[152.382002320133353,-31.164593023525068],[152.382104016105444,-31.164706068535875],[152.382212192077901,-31.164810642547256],[152.382309755054706,-31.164892205557411],[152.382412768031571,-31.164968337568066],[152.382519878008537,-31.165039538579091],[152.382629793985728,-31.165106283590347],[152.382741160963292,-31.165169058601716],[152.382883364936333,-31.165236593616157],[152.383031546910047,-31.165293021631083],[152.383182140884031,-31.165345111646214],[152.383331578857877,-31.165399630661263],[152.383476300831063,-31.165463346675924],[152.383644015797245,-31.165557961693043],[152.383805634762609,-31.165664695709673],[152.383965066727654,-31.16577584972611],[152.384126202692926,-31.165883766742699],[152.384292966658933,-31.16598078375975],[152.384477139623755,-31.166069868778457],[152.384665874589132,-31.166150319797548],[152.384857433554913,-31.166225303816866],[152.385050077520873,-31.16629794783627],[152.38524206648674,-31.166371398855624],[152.38540627645682,-31.16644003587222],[152.38557011942649,-31.166512267888802],[152.385734714396449,-31.166581263905449],[152.385901183367565,-31.166640237922181],[152.386070664340451,-31.166682377939111],[152.386262106312074,-31.166713258958097],[152.386461016284102,-31.166733776977726],[152.386660167258327,-31.166737783997263],[152.386852354236396,-31.166719121015952],[152.387030350220101,-31.166671639033044],[152.387164209211249,-31.166610325045703],[152.387294078205258,-31.166531380057844],[152.387417359201891,-31.166438629069219],[152.387531461201036,-31.166335929079633],[152.38763376620247,-31.166227097088861],[152.387698217205582,-31.166141885094543],[152.387754725210613,-31.1660499600994],[152.387807361216545,-31.165954619103832],[152.387860168222517,-31.165859197108318],[152.387917178227497,-31.16576700211321],[152.387991642232095,-31.165661066119725],[152.388069171235998,-31.165557209126543],[152.388148430239539,-31.165454509133546],[152.388228092242997,-31.16535208614059],[152.388306831246666,-31.165249036147525],[152.38836892425067,-31.165159432152958],[152.388428310255449,-31.16506649315809],[152.388489005259856,-31.16497519516335],[152.388555033262691,-31.164890512169187],[152.388630411262824,-31.164817402176027],[152.388732348259452,-31.164745287185493],[152.388846665253254,-31.164682646196219],[152.388968485244476,-31.164632260207778],[152.389092985233361,-31.16459689721972],[152.389215271220223,-31.164579301231566],[152.389343437203053,-31.164586042244178],[152.389473754182433,-31.164616824257173],[152.389604762159706,-31.164662809270354],[152.389735017136246,-31.164715186283498],[152.389863057113416,-31.164765088296409],[152.39003067408413,-31.164825577313291],[152.390199007054292,-31.164889526330256],[152.390363782023968,-31.164960638346926],[152.390520668993219,-31.165042631362905],[152.390665426962073,-31.165139227377807],[152.390765885937498,-31.165228096388304],[152.390857738912672,-31.165327946398055],[152.390945711887525,-31.165433004407458],[152.391034480862459,-31.165537462416932],[152.391128772837504,-31.16563552842689],[152.391219576814763,-31.165720479436423],[152.391311959791892,-31.165804293446097],[152.391406537769143,-31.165885506455972],[152.39150393074658,-31.165962668466079],[152.391604757724281,-31.166034309476494],[152.391755189693413,-31.166123294491896],[152.391913914663121,-31.16620004450801],[152.392077667633174,-31.166269138524576],[152.392243168603414,-31.16633515854128],[152.392407136573667,-31.166402702557857],[152.392619706533452,-31.166502722579423],[152.39283304849215,-31.16660997660113],[152.393047716451747,-31.1667096656229],[152.393264231414037,-31.166786934644691],[152.393483175380936,-31.166826968666442],[152.393487478380422,-31.166826968666861],[152.393616773364016,-31.166826959679536],[152.393704539352882,-31.16682695968813],[152.3939322053279,-31.166797682710225],[152.39415965630613,-31.166743737732119],[152.394380383287967,-31.166669757753194],[152.394587871273529,-31.166580368772863],[152.394687999267632,-31.166528960782291],[152.394786082262669,-31.166472460791493],[152.394881870258558,-31.166411603800427],[152.394975140255269,-31.166347125809089],[152.395065649252729,-31.166279752817456],[152.395143563251622,-31.166213661824596],[152.395217480251688,-31.166142316831312],[152.395290186252112,-31.166069430837883],[152.395364479252095,-31.165998695844653],[152.39544313825067,-31.165933805851882],[152.395557419246074,-31.16585915386252],[152.395678755239288,-31.165794182873942],[152.395803380231541,-31.165733549885704],[152.395927504223977,-31.165671895897397],[152.396047342217798,-31.165603849908635],[152.396193947212566,-31.165502942922267],[152.396335057209228,-31.165393223935283],[152.39647447320641,-31.165280832948095],[152.39661600520293,-31.165171929961172],[152.396763435197357,-31.165072662974886],[152.396870912192014,-31.165010192984955],[152.39698055918592,-31.164951244995262],[152.397091595179319,-31.164894575005722],[152.397314591165838,-31.164783108026747],[152.397513213155037,-31.164674670045404],[152.397711567145052,-31.164560030063996],[152.397911570134056,-31.164451494082801],[152.398115168120171,-31.164361361102088],[152.398324287101559,-31.164301939122144],[152.398447595088413,-31.164283070134083],[152.398572938073983,-31.164271802146285],[152.398699258058599,-31.16426732015864],[152.398825506042328,-31.164268871171021],[152.398950615025569,-31.164275675183347],[152.399094307004958,-31.164293773197549],[152.399237101982919,-31.164323229211757],[152.399379484960178,-31.164358735225985],[152.399521903937313,-31.164394976240214],[152.399664833915011,-31.164426655254456],[152.399848334887025,-31.164461740272703],[152.400032130859245,-31.164495732290977],[152.400216267831638,-31.164527733309257],[152.400400781804393,-31.164556875327563],[152.400585724777528,-31.164582243345883],[152.400850035739808,-31.164614074372025],[152.401115690702483,-31.164641531398274],[152.401381874666072,-31.164661530424503],[152.401647815631065,-31.164671005450643],[152.401912691598056,-31.164666872476577],[152.402138349571118,-31.164653919498605],[152.402364804545073,-31.164634028520656],[152.402590292520273,-31.164605102542545],[152.402813054497358,-31.164565068564077],[152.403031317476717,-31.164511822585091],[152.403263268457437,-31.164435396607256],[152.403490772441017,-31.164341372628861],[152.403714584426723,-31.16423508665002],[152.403935455413745,-31.164121871670822],[152.404154139401214,-31.164007069691412],[152.404376605390325,-31.16387639271225],[152.404592376382197,-31.163731194732325],[152.404807089374401,-31.163584821752288],[152.405026347364355,-31.163450603772784],[152.405255797349696,-31.163341906794479],[152.405437254335368,-31.163276119811783],[152.405623426319437,-31.163218328829601],[152.405812664301777,-31.1631705688478],[152.406003380282328,-31.163134883866238],[152.406193945261009,-31.163113288884759],[152.40641676123326,-31.163109613906574],[152.406642052202386,-31.163127120928792],[152.406868015169294,-31.163160179951188],[152.40709282213507,-31.163203188973554],[152.407314671100693,-31.163250545995659],[152.407507888070313,-31.163294846014935],[152.407700568039274,-31.163344686034186],[152.407891491007547,-31.163401105053335],[152.40807943797526,-31.163465126072225],[152.408263171942338,-31.163537779090792],[152.408498672897394,-31.163651353114727],[152.408726733850983,-31.163783160138063],[152.408949523803699,-31.163926942160973],[152.409169184755996,-31.164076416183626],[152.409387869708496,-31.16422530820617],[152.409513337680579,-31.164315845219154],[152.409635874652309,-31.164411876231874],[152.409758636624133,-31.164506993244622],[152.409884821596506,-31.164594849257647],[152.410017595569769,-31.164669026271227],[152.410183670539993,-31.164734983287982],[152.410358189511356,-31.164783917305456],[152.410537809483543,-31.164821754323363],[152.410719203456239,-31.16485440134138],[152.410899002429005,-31.164887801359274],[152.411050161406564,-31.164912434374273],[152.411203032384776,-31.164930487389405],[152.411355742363043,-31.164948424404514],[152.411506372340739,-31.164972717419449],[152.411653058317171,-31.16500981043411],[152.411753652299438,-31.165047665444273],[152.411851843280942,-31.165093058454232],[152.411949209262218,-31.165141051464136],[152.412047355243715,-31.165186669474103],[152.412147850225892,-31.165224954484241],[152.412317968197527,-31.165276228501295],[152.412493841169464,-31.165319793518876],[152.412672062142718,-31.165350997536581],[152.412849243118359,-31.165365205554053],[152.413021996097427,-31.165357765570949],[152.41313170608592,-31.165339631581567],[152.413240752075694,-31.165312470592067],[152.413348831066486,-31.16527861360241],[152.41345559105801,-31.165240364612597],[152.413560747050013,-31.165200044622626],[152.41371014003991,-31.165133387636768],[152.413855096031909,-31.165055446650399],[152.414140122018097,-31.164886681677103],[152.414284415010457,-31.164806274690651],[152.414505177996432,-31.164701261711524],[152.414732001980383,-31.164605005733069],[152.41495735496477,-31.164507361754442],[152.415173735951811,-31.164398152774854],[152.415373630943805,-31.164267189793492],[152.415481170941888,-31.164179046803387],[152.415584274941324,-31.164084798812794],[152.41568390894173,-31.163986195821835],[152.415781050942883,-31.163884982830602],[152.415876677944283,-31.163782909839231],[152.415971578945857,-31.163680128847773],[152.416064982947915,-31.163575608856164],[152.416155876950512,-31.163468910864278],[152.41624322995392,-31.16335962187204],[152.416326020958337,-31.163247329879329],[152.416417470967446,-31.163091329887134],[152.416494246979966,-31.162923317893426],[152.41656871899292,-31.162754534899474],[152.4166532480032,-31.162596212906593],[152.416760197007761,-31.162459583916075],[152.416824343007562,-31.162399919921917],[152.416892567006329,-31.162343930928195],[152.416963857004276,-31.162291213934779],[152.417037164001584,-31.162241355941614],[152.417111510998438,-31.162193971948557],[152.417264183989886,-31.162112543962927],[152.417426251978128,-31.162046218978329],[152.417593751964546,-31.161988634994326],[152.417762668950445,-31.16193340701048],[152.417929020937208,-31.161874191026367],[152.418398327901883,-31.161691514071038],[152.418633272884165,-31.161600933093414],[152.418868879866068,-31.161512199115872],[152.419105491847432,-31.161426306138448],[152.419285102833214,-31.161361649155587],[152.41946480281905,-31.161296705172724],[152.419645120804546,-31.161233787189946],[152.419826595789317,-31.161175189207317],[152.420009746772962,-31.161123234224899],[152.420247227750821,-31.161063211247747],[152.420487737727598,-31.161008584270927],[152.420729987702799,-31.160963818294373],[152.420972721676065,-31.160933349317951],[152.421214657646942,-31.160921660341597],[152.421368442627056,-31.160924654356709],[152.421522667606212,-31.160934308371914],[152.421676703584581,-31.160950067387137],[152.42182992356237,-31.160971374402326],[152.421981718539598,-31.160997665417412],[152.422180986508948,-31.161038469437266],[152.422380478477152,-31.161087162457193],[152.422577227444435,-31.161145867476939],[152.422768204410801,-31.161216718496203],[152.422950423376392,-31.161301840514703],[152.423107050344072,-31.161396069530774],[152.423256021310721,-31.161504954546196],[152.423400421276824,-31.161622490561225],[152.423543297242759,-31.161742688576151],[152.423687715208985,-31.161859525591176],[152.42385279516887,-31.162003863608465],[152.424013313127546,-31.162161951625368],[152.424175094086792,-31.162314483642387],[152.424343983048459,-31.1624421126599],[152.424525790014314,-31.16252554867836],[152.424603785001807,-31.162545377686151],[152.424683563989674,-31.162560606694104],[152.424764382977997,-31.162571444702106],[152.42484548796682,-31.162578059710111],[152.42492612795624,-31.162580641718044],[152.425099982936132,-31.162566280734993],[152.425275253919239,-31.162525907751895],[152.425450058904829,-31.162467569768609],[152.425622533891982,-31.162399353785027],[152.425790777879968,-31.162329317801003],[152.425959164868232,-31.162256852816995],[152.426126072857556,-31.162177601832791],[152.426289125848456,-31.162090570848132],[152.426445904841273,-31.161994763862818],[152.426594023836543,-31.161889167876563],[152.426703230834875,-31.161797026886585],[152.426806692834987,-31.161697356895996],[152.426906487836192,-31.161593015905023],[152.427004731837854,-31.161486899913875],[152.427211492840854,-31.161266286932534],[152.427317257843072,-31.161148517942031],[152.427422565845433,-31.161030327951494],[152.427529236847391,-31.160913526961092],[152.427639079848547,-31.160799899971025],[152.427808918848996,-31.160634423986465],[152.427983051848344,-31.160472580002356],[152.428161666846563,-31.160315584018711],[152.428344960843361,-31.160164657035573],[152.428533112838551,-31.160021010052965],[152.428752010830976,-31.159869204073324],[152.428978233821169,-31.159726820094459],[152.429209806809666,-31.159592038116191],[152.429444768796998,-31.159463082138291],[152.429681146783651,-31.159338141160561],[152.429844756773974,-31.159254453175993],[152.430009799763837,-31.159173374191592],[152.430176062753191,-31.159094697207326],[152.430343319742121,-31.159018207223163],[152.430920237703077,-31.158761541277872],[152.431126712688382,-31.158675119297495],[152.431335705672041,-31.158598468317447],[152.43154810565332,-31.158536572337827],[152.431691205639311,-31.158505484351636],[152.431835954624205,-31.158480824365661],[152.431981717608465,-31.15846040437982],[152.43227376157634,-31.158423571408207],[152.43269767452901,-31.15837495044946],[152.433123612479761,-31.158339291490986],[152.43355078842896,-31.158314120532726],[152.43397839437705,-31.158296981574573],[152.43440561432439,-31.158285408616422],[152.434851148269274,-31.158275341660076],[152.435073973241288,-31.158273243681936],[152.43529656621277,-31.158275745703801],[152.435518710183374,-31.158284826725666],[152.435742217153404,-31.158297259747719],[152.435966809123016,-31.15831168276986],[152.436190397091821,-31.158333026791961],[152.436410874059504,-31.158366202813841],[152.436626143025592,-31.158416122835348],[152.43675830800322,-31.158458316848638],[152.436888499980171,-31.158507627861795],[152.437017445956712,-31.158561250874836],[152.437145899933086,-31.158616432887861],[152.437274594909582,-31.158670387900898],[152.437756227822774,-31.158864843949615],[152.437995726779064,-31.158965312973876],[152.438232437734968,-31.1590712849979],[152.438464917690368,-31.159185254021562],[152.438654128652587,-31.159289380040917],[152.4388395926143,-31.159400704059948],[152.439023514575808,-31.159515030078843],[152.439208100537371,-31.159628174097826],[152.439395572499279,-31.159735984117017],[152.439794683418995,-31.15995975315786],[152.439996569379133,-31.160067374178485],[152.440202041340171,-31.160164679199383],[152.440412595302661,-31.160246072220659],[152.440551411279472,-31.16028795223459],[152.440692503256912,-31.160323198248712],[152.440834958234745,-31.160354295262923],[152.441120415190596,-31.160414004291386],[152.44130124516218,-31.160455732309465],[152.441482164133589,-31.16049840032753],[152.441663486105256,-31.160538577345626],[152.44184545507764,-31.160572918363766],[152.442028337051113,-31.160597955381895],[152.442232527022497,-31.1606186534021],[152.442439602994085,-31.160634600422551],[152.442646570967128,-31.160640194442912],[152.442850428942677,-31.160629805462861],[152.443048172921863,-31.160597831482033],[152.443186871909319,-31.160559734495369],[152.443323796898426,-31.16051113150845],[152.443458488888893,-31.160454273521257],[152.443590491880485,-31.160391337533742],[152.443719338873052,-31.160324565545903],[152.443837411867236,-31.160255757556982],[152.443951827862747,-31.160180137567654],[152.444064234859042,-31.160100770578119],[152.444176302855482,-31.160020686588524],[152.444427166846424,-31.159849340611874],[152.444563741841819,-31.159753694624584],[152.44470122183688,-31.159659743637388],[152.444841408830854,-31.159571215650491],[152.444986121823064,-31.159491812664111],[152.445166798810931,-31.159410598681244],[152.445353714796425,-31.159341155699092],[152.445544691780299,-31.159280236717386],[152.445737577763254,-31.159224623735913],[152.445930194745983,-31.15917109175443],[152.446093867732117,-31.159119163770118],[152.446260049718632,-31.159061928786013],[152.446426223704236,-31.159011846801963],[152.446589922687508,-31.158981369817813],[152.446748620667194,-31.158982938833404],[152.446875047646898,-31.159015083846057],[152.446998329624108,-31.159069127858558],[152.447119933599851,-31.159135407870991],[152.447241341575364,-31.159204259883438],[152.447364022551596,-31.159265985895946],[152.447498078526621,-31.15932628690955],[152.447632124501581,-31.159386874923168],[152.44776668247664,-31.159446162936828],[152.447902271451966,-31.159502545950566],[152.448039446427714,-31.159554429964412],[152.448291629384528,-31.159638834989806],[152.448548867341998,-31.159713470015628],[152.44880957430064,-31.159776101041686],[152.449072137260941,-31.159824507067832],[152.449334924223365,-31.159856464093885],[152.449582159188907,-31.159879950118334],[152.44970619317229,-31.159886915130571],[152.449828685157001,-31.159885042142598],[152.449948282143794,-31.15987010815423],[152.450103206130166,-31.15982511816911],[152.450254669120113,-31.159756140183472],[152.450402350112739,-31.159670830197353],[152.450545961106997,-31.159576825210749],[152.450685180101971,-31.159481744223719],[152.450769656099425,-31.159420520231553],[152.450888097097049,-31.15932517924249],[152.451013197094852,-31.159222281253992],[152.451095970092837,-31.159158359261667],[152.451217431089134,-31.159070539272932],[152.4513405870849,-31.158984844284404],[152.451465347080159,-31.158901416296036],[152.451591613074925,-31.158820417307837],[152.451719340069104,-31.158742010319802],[152.451912584058647,-31.158636602337996],[152.452112193045963,-31.1585416203569],[152.452313443032693,-31.158449470375981],[152.452511626020453,-31.158352561394718],[152.452702002010852,-31.158243299412614],[152.452962189002363,-31.158058811436806],[152.453209172998356,-31.157853321459552],[152.453447890997097,-31.157635039481359],[152.453683310996837,-31.157412168502841],[152.453920361995898,-31.157192918524505],[152.454067647995544,-31.157055213537941],[152.45421200299603,-31.156913771551064],[152.454356851996351,-31.156773117564253],[152.454505589995506,-31.156637743577853],[152.454661642992363,-31.156512176592255],[152.454792793987991,-31.156420116604458],[152.454928050982375,-31.156333461617098],[152.455066068975896,-31.156250598630042],[152.455205475968938,-31.156169895643142],[152.455442204956995,-31.156033948665389],[152.455638173946681,-31.155924748683816],[152.455835864935693,-31.155818749702455],[152.456764618668899,-31.156941229802023],[152.457183522519415,-31.157666765848578],[152.458008626325665,-31.158338311934614],[152.459017384046263,-31.159478817042196],[152.459491029979773,-31.159527608089093],[152.462398097599106,-31.159619338375418],[152.463036142437261,-31.160228898442647],[152.463834148255984,-31.160831780525534],[152.464695466123146,-31.161010092611505],[152.466287078723838,-31.162496714778964],[152.466713431562681,-31.163302415826848],[152.467644903363066,-31.163915927922947],[152.469274961987082,-31.165190186092623],[152.470313928760959,-31.165900492200013],[152.470770248653167,-31.166276065247665],[152.471177184597309,-31.166308022287897],[152.47310515844211,-31.165637193472431],[152.47484297314773,-31.16619418864742],[152.47558901506369,-31.166115153720174],[152.477157974937739,-31.165566808870359],[152.478030444841579,-31.165458325955349],[152.479084666803317,-31.164741117053676],[152.480034826735448,-31.164345535144172],[152.481454796555909,-31.164342595283781],[152.483023907317119,-31.164642521440317],[152.484083317083844,-31.165386937550036],[152.485709814772235,-31.16617944271589],[152.485817802737301,-31.166339287727698],[152.486333142639609,-31.166582593780188],[152.487028306522319,-31.166801856850189],[152.487868244417314,-31.166790941932724],[152.488859484218523,-31.167340831034306],[152.489535905072671,-31.167792674104206],[152.489537007072443,-31.167793418104313],[152.489538674072065,-31.16779452010449],[152.489694000044409,-31.167854470120226],[152.489877821019206,-31.167868812138405],[152.490076638994907,-31.167862006157918],[152.490276962969943,-31.167858518177596],[152.490465310942909,-31.16788281819629],[152.490569837924852,-31.167918557206853],[152.490672527905758,-31.167964434217293],[152.490774572886608,-31.168011243227681],[152.490877190868446,-31.168049742238061],[152.49098160985244,-31.168070708248489],[152.491184380832976,-31.168023601268089],[152.491391373825536,-31.167882444287407],[152.491603923822936,-31.16769956030695],[152.49182334081803,-31.167527252327265],[152.49205094180374,-31.167417872348846],[152.492141511794586,-31.167400401357625],[152.492234197784143,-31.167390567366667],[152.492327332773385,-31.16738264237577],[152.492419184763349,-31.167370908384708],[152.492508069754876,-31.167349635393318],[152.492601966747742,-31.167313635402284],[152.492693325742152,-31.16726884241093],[152.492782605737602,-31.167218042419336],[152.492870289733645,-31.167164016427559],[152.492956853729936,-31.167109532435681],[152.493129729724501,-31.166985936451766],[152.493292234722475,-31.166846025466718],[152.493450347722074,-31.166698943481183],[152.493610091721109,-31.166553806495816],[152.493777464717709,-31.16641977651129],[152.494024830710316,-31.166239921534284],[152.494279062701736,-31.16606204755799],[152.494540716690409,-31.165898166582508],[152.494810339674558,-31.165760334608013],[152.495088497652574,-31.165660555634641],[152.495091240652329,-31.16565981163491],[152.495096735651856,-31.165658341635442],[152.495102221651337,-31.165656862635977],[152.495351785628316,-31.165592043660041],[152.49560204960494,-31.165529330684198],[152.495851963581771,-31.165465569708317],[152.496100487559289,-31.165397576732271],[152.496346592538174,-31.165322198755916],[152.496589066519505,-31.165231303779109],[152.496827775503135,-31.165127266801822],[152.497065740486988,-31.16502182382445],[152.497306027469193,-31.164926732847388],[152.49755163844776,-31.164853756871025],[152.49768650943443,-31.164825672884081],[152.49782262742022,-31.164802732897311],[152.497959533405464,-31.164783316910622],[152.49809677039039,-31.164765827924015],[152.498233873375312,-31.164748625937371],[152.498481143346623,-31.164728850961552],[152.498731470315676,-31.164722906986153],[152.498981115284863,-31.164716641010667],[152.499226350256549,-31.164695925034653],[152.499463437233061,-31.164646586057614],[152.499673784216185,-31.164573010077763],[152.499879811202391,-31.16448048309735],[152.500080934191146,-31.164373471116356],[152.500276562181938,-31.164256419134741],[152.500466113174241,-31.164133791152484],[152.500560091172503,-31.164057301161151],[152.500652222172931,-31.163966442169549],[152.50074308017301,-31.163879465177843],[152.500833212170193,-31.163814592186235],[152.50092317416204,-31.163790058194923],[152.500960124157075,-31.163792352198559],[152.500997476151639,-31.163797749202278],[152.501034542145817,-31.16380607620599],[152.501070613139774,-31.163817191209603],[152.501104972133589,-31.163830942213103],[152.501942812000152,-31.164035776297098],[152.502656178916482,-31.163985280366916],[152.504390580774924,-31.163397419533265],[152.504816886734545,-31.163295121574453],[152.504992023717932,-31.16325309859139],[152.505577725662448,-31.163112569647996],[152.506424332558055,-31.163090910731171],[152.507602766319167,-31.163763483852176],[152.50822094613082,-31.164589995919162],[152.509039952969601,-31.165021206003001],[152.509844358729339,-31.166060110089894],[152.511029927515523,-31.166537725210159],[152.512522296271896,-31.16694697136014],[152.513384850105467,-31.167375670448251],[152.513887458008554,-31.167625477499588],[152.51546105683326,-31.167444302653195],[152.517021738687077,-31.167056704804004],[152.51967474734198,-31.167123551065785],[152.521249027212463,-31.166598320216931],[152.522877144112783,-31.165797939371352],[152.524271849038115,-31.165031622503051],[152.525172713989519,-31.16453978358814],[152.527566666745344,-31.164095842820686],[152.528628059634258,-31.16392045892395],[152.528926881597215,-31.163914209953347],[152.530013606470789,-31.16382966705979],[152.531334235358287,-31.163418610186863],[152.535208321950847,-31.162792993563979],[152.538141643600909,-31.162630484851853],[152.539701055371012,-31.16287326000737],[152.539921083392784,-31.162500798026286],[152.540516698451739,-31.161492511077505],[152.540985500562726,-31.160214490114225],[152.540327616802841,-31.159038248040641],[152.540524111026286,-31.15717500604616],[152.540645741140764,-31.156200398050917],[152.540500675282203,-31.155277065029765],[152.541122549360011,-31.15410235308234],[152.541166035631903,-31.15202093607116],[152.542579909520668,-31.151512327206753],[152.543015431502226,-31.151236953247636],[152.543388143486453,-31.151001290282633],[152.545295420405751,-31.149795346461708],[152.546749408306255,-31.149160578600345],[152.547837003269279,-31.148404931701958],[152.548004180191867,-31.148826757721572],[152.548250670104892,-31.149245410748989],[152.548557371013914,-31.149636508782137],[152.548905152924704,-31.149975713818947],[152.549274950842829,-31.150238653857357],[152.549571289784808,-31.15039245688773],[152.549895487726189,-31.150524334920679],[152.550232244670582,-31.150621413954607],[152.550566241621766,-31.150670813987897],[152.550882139583223,-31.15065965301897],[152.551149497560715,-31.1505745220447],[152.551405669548245,-31.150425101068866],[152.55165795054026,-31.150245185092398],[152.551913620531451,-31.15006854011629],[152.552179966516348,-31.149928953141526],[152.552539662484207,-31.149828440176258],[152.552921526442873,-31.149775910213528],[152.553306043399772,-31.149733698251129],[152.553673735362537,-31.149664164286875],[152.55400507833852,-31.149529668318547],[152.554160827333845,-31.149417018333068],[152.554304626333533,-31.149282737346262],[152.554445047334326,-31.149143284359074],[152.554590648333033,-31.149015126372483],[152.55474999132619,-31.148914730387453],[152.554874061316838,-31.148867301399338],[152.555004639304769,-31.148833758411961],[152.555137816291705,-31.148805449424874],[152.555269586279252,-31.14877373543764],[152.555396005269102,-31.148729954449788],[152.555684160252014,-31.148584433477136],[152.555970056240824,-31.148396781503948],[152.556233578236998,-31.148175595528286],[152.556454603241804,-31.147929426548242],[152.556612996256774,-31.147666871561928],[152.556686599277811,-31.14743921356748],[152.556722133306124,-31.147193107569169],[152.556732549339046,-31.146936379568285],[152.556730819373854,-31.146676917566186],[152.556729887407897,-31.146422582564206],[152.556714658437727,-31.146213435561158],[152.556678498471058,-31.145997842555985],[152.556645036503568,-31.145785351551108],[152.556637910531151,-31.145585527548917],[152.556680748549383,-31.145407950551821],[152.55675330355615,-31.145288541558088],[152.556849262558615,-31.145178948566745],[152.556960146558197,-31.145076803576927],[152.557077421556272,-31.144979687587771],[152.557192626554354,-31.144885207598431],[152.557488320543001,-31.144689317626131],[152.557821008521103,-31.144538211657832],[152.55816826249503,-31.144403885691094],[152.558507638471497,-31.144258328723481],[152.558816706457009,-31.144073535752593],[152.559041961452351,-31.143894767773489],[152.559258646450672,-31.143701620793429],[152.559465059451952,-31.143496174812253],[152.559659568456084,-31.14328051082985],[152.559840488463038,-31.143056698846024],[152.560061378475098,-31.142756351865582],[152.560271995491064,-31.14243703688399],[152.560457056512092,-31.142103755899779],[152.56060129553947,-31.141761520911462],[152.560689438574457,-31.141415331917578],[152.560704274610885,-31.141128278916909],[152.560674281653803,-31.140834753911765],[152.560622533700013,-31.140537454904457],[152.560572039746177,-31.140239061897251],[152.560545865789038,-31.139942273892476],[152.560551413824157,-31.139673911891034],[152.560571950857394,-31.139405037891059],[152.560596054890169,-31.139136181891427],[152.560612279923902,-31.138867872891034],[152.560609205959906,-31.138600648888758],[152.560591205984423,-31.138433981885729],[152.560563311010128,-31.138267691881747],[152.560533541036051,-31.13810164387758],[152.560509939061149,-31.137935666874011],[152.560500536084504,-31.137769600871852],[152.560511867107522,-31.137586180871612],[152.560539521128447,-31.137402912872975],[152.560575269148359,-31.137219608875139],[152.56061091916834,-31.137036053877299],[152.560638232189405,-31.13685205087862],[152.560642194260936,-31.136311640874997],[152.560580702343373,-31.135751680864765],[152.560517283425298,-31.135197654854398],[152.560515356495216,-31.134675002850315],[152.560638458541774,-31.134209181859006],[152.560863148554176,-31.133902515878898],[152.56117369555048,-31.133635900907553],[152.561510148541686,-31.13338245393885],[152.56181257453909,-31.133115274966691],[152.562021058553739,-31.132807487984987],[152.562125658584449,-31.132477694992851],[152.562182490625133,-31.132118742995793],[152.562196572673002,-31.131746388994411],[152.562172962725327,-31.131376356989335],[152.562116668779339,-31.131024369981159],[152.56200013783419,-31.130723467967421],[152.561814521899464,-31.130410213946789],[152.561625516963232,-31.130111095925923],[152.56149888401373,-31.129852602911502],[152.561500345039065,-31.129661222910222],[152.561654095035777,-31.129540020924498],[152.56190312201295,-31.129475157948573],[152.562206470978964,-31.129441954978255],[152.562523184942421,-31.1294157440093],[152.562812307911685,-31.129371865037502],[152.563370448859558,-31.129233443091543],[152.563926087809222,-31.12908419314526],[152.564481000759315,-31.128931922198866],[152.565036989708659,-31.128784420252636],[152.565595810655964,-31.128649467306769],[152.565898218629229,-31.128563234335964],[152.566207394604135,-31.128458301365679],[152.566513880577702,-31.128365784395243],[152.566808220547017,-31.128316814423926],[152.567080957509091,-31.128342513451027],[152.567258479476891,-31.128415767469082],[152.567426643441451,-31.128521971486467],[152.567589473404183,-31.128646982503469],[152.567751003366453,-31.128776655520365],[152.567915240329654,-31.128896852537469],[152.56817679027256,-31.129077072564616],[152.568435848215103,-31.129262249591559],[152.568696277157812,-31.129444764618608],[152.568961960101262,-31.129616961646114],[152.569236758045918,-31.12977119567438],[152.569696993962538,-31.129960145721203],[152.570183144882833,-31.130096647770177],[152.570681243804671,-31.130210388820188],[152.571177317725869,-31.130331085870036],[152.571657382644162,-31.130488409918584],[152.571917757596509,-31.130598655945107],[152.572174700548175,-31.130717462971351],[152.572430208499526,-31.130839935997468],[152.572686273451012,-31.130961136023647],[152.572944918402925,-31.131076151050021],[152.573192368355507,-31.131197100075351],[152.573443717305423,-31.131334418101169],[152.573694734256947,-31.131459732126892],[152.573941198214442,-31.131544647151841],[152.574178904182219,-31.131560798175428],[152.57443049616424,-31.131456905199492],[152.574666069162987,-31.131242925221141],[152.574896164170127,-31.130971146241837],[152.57513135217738,-31.130693818262991],[152.575382200176449,-31.13046323728604],[152.575655511163774,-31.130298953311787],[152.575951097144838,-31.130160647339949],[152.576247768125256,-31.13002622236823],[152.576524315110646,-31.129873582394389],[152.576759530106642,-31.129680614416174],[152.576934327121307,-31.129405007431377],[152.576936711121931,-31.129398213431564],[152.5770522661511,-31.129069952440535],[152.577153712184639,-31.128722348447965],[152.577279046210549,-31.128409093458007],[152.577468643217543,-31.128177078475005],[152.577736880201059,-31.128046355500501],[152.578057163168722,-31.12798526453167],[152.578407160127313,-31.127963955566056],[152.578764607083627,-31.127952578601263],[152.579107173044463,-31.127921292634856],[152.579642231989169,-31.127828691686979],[152.580176823935119,-31.127727127739],[152.58071164988047,-31.127630000791083],[152.581247379823282,-31.127550720843381],[152.581784759761774,-31.127502688896076],[152.582180984713119,-31.127491597935116],[152.582578141662339,-31.127495925974365],[152.582975773610116,-31.127510526013733],[152.583373396557192,-31.127530254053148],[152.583770562504384,-31.1275499450925],[152.584254068440316,-31.127571680140402],[152.584737871375921,-31.127595826188362],[152.585221189310715,-31.127626338236311],[152.585703216244355,-31.12766718728421],[152.586183163176287,-31.127722352332018],[152.586654702103999,-31.127817450379283],[152.587126609026541,-31.12795075342688],[152.587596076949694,-31.12808185147421],[152.588060336879124,-31.128170343520718],[152.588516565820726,-31.128175811565811],[152.588773946793197,-31.128138351590959],[152.589031436768039,-31.128083089615977],[152.589286083745407,-31.128011305640594],[152.589534932725542,-31.12792428366452],[152.589775022708665,-31.127823314687486],[152.590092005691986,-31.127648122717488],[152.590391347682839,-31.127433113745457],[152.590679153678394,-31.127193579772104],[152.590961535675888,-31.126944820798141],[152.591244608672525,-31.12670214882429],[152.591714220671122,-31.126267720867446],[152.592158142677988,-31.125795616907784],[152.592599904685073,-31.125324059947921],[152.593062991684292,-31.124891325990436],[152.593570908667544,-31.124535673037961],[152.594734680583343,-31.12406429514941],[152.596150375443813,-31.123769212287062],[152.597609803270387,-31.123686054430639],[152.598904768084793,-31.123850427559788],[152.599827074908461,-31.124297943654248],[152.600126952823246,-31.124652073686509],[152.600367481736953,-31.125070734713375],[152.600586587650099,-31.12551381373833],[152.600822142563231,-31.125941250764775],[152.601112054476971,-31.126312913796177],[152.601520228380821,-31.12664640083899],[152.601984113285312,-31.126922803886877],[152.602476217189832,-31.127171805937362],[152.602968975094001,-31.127423091987918],[152.603434894997292,-31.127706363036065],[152.603788181919299,-31.127955973072833],[152.604137919840866,-31.128212109109299],[152.604481311762129,-31.128476645145188],[152.604815577683183,-31.128751372180272],[152.605137912604135,-31.129038147214249],[152.605289448563667,-31.129197499230408],[152.605432539522582,-31.129369939245834],[152.605576061481713,-31.129539931261277],[152.605728861442088,-31.12969189727751],[152.605899786404649,-31.129810293295293],[152.606200509356142,-31.129889113325596],[152.606547289314364,-31.12987380435975],[152.606918936275264,-31.129814651396039],[152.607294320234843,-31.129761989432737],[152.607652224189025,-31.129766086468152],[152.608014951134976,-31.12982740050446],[152.608381228077462,-31.129911303541281],[152.608740235017308,-31.130022035577586],[152.609081151955252,-31.130163863612335],[152.609393151892164,-31.130341027644487],[152.609643819834133,-31.130538046670722],[152.609873019774312,-31.130768984695099],[152.610087204713494,-31.131021543718145],[152.610292783652511,-31.131283407740412],[152.610496193592184,-31.131542295762451],[152.610680322538599,-31.131769486782343],[152.610863151484722,-31.131999448802119],[152.61103889843119,-31.132234276821233],[152.611201765378297,-31.132476079839126],[152.611345995326531,-31.132726971855256],[152.611468774267735,-31.133050704869781],[152.611547226210945,-31.133401651880149],[152.611616759154941,-31.133755135889647],[152.611712763098552,-31.134086478901605],[152.61187064504054,-31.134371003919323],[152.612110162979747,-31.13459959394471],[152.612405255917736,-31.134784107975239],[152.61273213585514,-31.134943398008748],[152.613067002792349,-31.135096323042987],[152.61338604872995,-31.135261717075746],[152.613674670668786,-31.135446124105655],[152.613959643606393,-31.135643394135286],[152.614246517544615,-31.135834102165063],[152.614540822485395,-31.135998842195395],[152.6148480714306,-31.136118152226654],[152.615401749350838,-31.136191084281933],[152.616003357282068,-31.136136701341005],[152.616625188222855,-31.135991262401408],[152.617239544171923,-31.135791017460647],[152.617818707127896,-31.135572190516282],[152.618135942108353,-31.135418495546521],[152.618442008094689,-31.135231194575383],[152.618745161082046,-31.13503896360394],[152.619053638065537,-31.134870468633178],[152.619375669040352,-31.134754412664162],[152.619995635961885,-31.134754691725465],[152.620659086850083,-31.134963731792624],[152.62134805772294,-31.135263531862972],[152.622044549598399,-31.135536126933875],[152.622730580494618,-31.135663532002678],[152.623065169455231,-31.135641777035595],[152.623403604420304,-31.135583001068628],[152.623740632386131,-31.13551982410149],[152.624071026349043,-31.135484784133897],[152.624389525305332,-31.135510458165591],[152.624825928225732,-31.135693359210116],[152.625235016131626,-31.136010234252932],[152.625626366029252,-31.136406002294581],[152.626009548924685,-31.136825577335596],[152.626394138824139,-31.137213896376515],[152.626628483764279,-31.137440164401379],[152.626856177704099,-31.13767480442564],[152.62708435564403,-31.137908387449944],[152.627320125584419,-31.13813145547492],[152.62757059752559,-31.138334605501207],[152.627802799472477,-31.138512127525487],[152.628045239417105,-31.138697242550855],[152.628293765363452,-31.138863228576668],[152.628490865325915,-31.138957788596876],[152.62854421031571,-31.13898337260234],[152.628792422277968,-31.139030979627243],[152.629043719254724,-31.138967300651622],[152.629292648244643,-31.138807231675063],[152.629543631240011,-31.138604727698379],[152.629801175232927,-31.138413769722433],[152.630069673215758,-31.138288328748061],[152.630373329185289,-31.138228926777668],[152.630692178147967,-31.138206483809036],[152.631017167105568,-31.138216202841246],[152.631339216059899,-31.13825333287339],[152.631649263012719,-31.138313088904511],[152.6322471879067,-31.138540677965345],[152.63283549378167,-31.138919266026374],[152.633386788647186,-31.139403529084504],[152.633873703512762,-31.139948172136734],[152.634268853387965,-31.140507901179976],[152.634402372336609,-31.140765463195105],[152.63451103428639,-31.141038505207892],[152.634612022236496,-31.141316182219953],[152.634722512186187,-31.141587674232891],[152.63485966113484,-31.141842125248349],[152.635299300019057,-31.142291876295189],[152.635884809896851,-31.142651997355795],[152.636511733773233,-31.142983210420287],[152.637075640653393,-31.143346253478786],[152.637472054542343,-31.143801857521403],[152.637598312493424,-31.144048089535715],[152.637716009443778,-31.144307855549297],[152.63781231839593,-31.144574515560812],[152.637874439352373,-31.144841471568938],[152.637889534315605,-31.14510210657237],[152.637860141296471,-31.145272860570731],[152.637801795281206,-31.145442171566213],[152.637733776267225,-31.145611015560732],[152.637675340251945,-31.145780343556215],[152.637645732232897,-31.145951142554559],[152.637746128168317,-31.146338914567373],[152.638031515079348,-31.146733867598542],[152.638419341976601,-31.147135185639911],[152.638827023870618,-31.147542052683271],[152.639172029771942,-31.147953688720477],[152.639337289717133,-31.148206822738711],[152.639494751662568,-31.148465836756213],[152.639651988608023,-31.148724751773699],[152.639816567553396,-31.148977634791869],[152.639996080498463,-31.149218505811419],[152.640483362368713,-31.149727401863412],[152.641044902237184,-31.150179877922355],[152.641654131105014,-31.150591542985719],[152.64228448697358,-31.150978063050967],[152.642909402844055,-31.151355082115611],[152.643161469792375,-31.15150297114166],[152.64341783974109,-31.151643993168086],[152.643675070689881,-31.151783564194581],[152.643929710638446,-31.151927060220853],[152.644178326586569,-31.152079879246585],[152.64453220650455,-31.152357863283687],[152.644866787419147,-31.152680020319192],[152.645198212334407,-31.152999756354379],[152.645542600254629,-31.153270449390476],[152.645916049183938,-31.153445505428756],[152.646197966141784,-31.153494296456998],[152.646491573103901,-31.153499656486105],[152.646791544068066,-31.153483682515688],[152.647092573032012,-31.15346846154538],[152.647389307993478,-31.153476089574788],[152.647708900950363,-31.153496016606582],[152.64803750290659,-31.153512429639239],[152.6483603678615,-31.15354427767144],[152.648662768814376,-31.15361051270186],[152.64892997576456,-31.153730073729207],[152.649089543725637,-31.153870134746036],[152.649226782684167,-31.15405023876097],[152.649357146642359,-31.154239224775267],[152.64949615960245,-31.154405962790271],[152.649659295566664,-31.154519276807271],[152.649924360538336,-31.154480533833222],[152.649928546538177,-31.154477701833613],[152.650276009525641,-31.154243069866268],[152.650675301522369,-31.153889809903173],[152.651083297522462,-31.153503624940694],[152.65146104851965,-31.153167441975611],[152.651728497516245,-31.152940268000389],[152.651989789514658,-31.152705180024515],[152.652250264513299,-31.152469231048553],[152.652515285510532,-31.152239548073084],[152.652790228504699,-31.152023185098695],[152.653116078494577,-31.151790893129231],[152.653450650482057,-31.151568354160698],[152.653793262466905,-31.151357764193055],[152.654143162448946,-31.151161292226256],[152.654499678427982,-31.150981134260217],[152.654797211406191,-31.150862559288786],[152.655107526379737,-31.150766824318808],[152.655418182352946,-31.150673805348866],[152.655716754329944,-31.15056338737762],[152.655990810315103,-31.150415428403651],[152.656210365313513,-31.150219655423953],[152.656403252321354,-31.149978857441258],[152.656588636331293,-31.149729614457758],[152.656785700335945,-31.149508536475626],[152.657013600328071,-31.149352223497047],[152.657252948308582,-31.14927184352015],[152.657513172281512,-31.149227938545593],[152.65778433324914,-31.149213559572335],[152.658056479213627,-31.14922177059935],[152.658319671177139,-31.149245587625593],[152.658624402130812,-31.149303897656186],[152.658925978079793,-31.14940019768677],[152.659224021025778,-31.1495219817172],[152.659518165970525,-31.149656744747332],[152.659808052915764,-31.149791974777052],[152.660183168841513,-31.149992058815684],[152.660505898772897,-31.150199538849186],[152.660544264764781,-31.150224207853171],[152.66066519873857,-31.150305429865742],[152.660801379709142,-31.15039690687993],[152.660901470687435,-31.150464154890326],[152.661264907611525,-31.150687670927994],[152.661644782539042,-31.150870517966975],[152.661930420487408,-31.150986071996126],[152.662224161434949,-31.151100533026074],[152.662521183384456,-31.151196967056219],[152.662816662338855,-31.151258424085928],[152.663105760301022,-31.151267935114639],[152.663442411271831,-31.151167700147244],[152.663768010258252,-31.150961655177959],[152.664091591250866,-31.15071129220815],[152.664422138240297,-31.150478113239156],[152.664768676217165,-31.150323611272345],[152.665119410177653,-31.150287459306814],[152.665494364126033,-31.150318690344182],[152.665869883072418,-31.150364101381719],[152.666222320027032,-31.15037047541669],[152.666528045999854,-31.150284618446339],[152.666646181995617,-31.150204741457447],[152.666755120994765,-31.150108217467508],[152.666860815995136,-31.150005642477225],[152.666969207994555,-31.149907577487237],[152.667086276990858,-31.149824616498218],[152.66724744098056,-31.149749292513626],[152.667420113966102,-31.149694289530309],[152.667598066949779,-31.149648062547602],[152.667775104933952,-31.149599074564779],[152.667945008920952,-31.149535788581144],[152.668124511911913,-31.149433886598167],[152.668296539906777,-31.149309610614285],[152.668466586902099,-31.149183891630202],[152.668640200894401,-31.149077668646601],[152.668822895880112,-31.149011891664223],[152.669111141827301,-31.149133989693681],[152.669472462729203,-31.149525032732392],[152.669857743606428,-31.150078117774679],[152.670217854479375,-31.150686348814872],[152.670503689368701,-31.151242795847331],[152.670586158330337,-31.151451315857045],[152.670653083292791,-31.151668162865292],[152.670717785255533,-31.151885529873311],[152.670793639217777,-31.152095626882389],[152.670893991178957,-31.152290646893793],[152.671030764135651,-31.152485011908773],[152.671188180090866,-31.152670484925757],[152.671362180045719,-31.15284339094428],[152.671548640001134,-31.153000017963919],[152.671743480958185,-31.153136691984241],[152.672107965886596,-31.153326898021778],[152.672530052813215,-31.153476247064692],[152.672972649744906,-31.153568343109246],[152.673398662688527,-31.153586818151602],[152.673771017651035,-31.153515313187963],[152.674106306634428,-31.153322597219752],[152.674421909635129,-31.153019508248775],[152.674701236649867,-31.152645613273691],[152.67492768367552,-31.152240541293111],[152.675084669708809,-31.151843913305722],[152.675126324732048,-31.15163086630826],[152.675138497760344,-31.151408327307806],[152.675142109790045,-31.151183368306505],[152.675158101817516,-31.150963087306447],[152.675207376839239,-31.15075457730979],[152.675331777860379,-31.150479285320067],[152.675500407875433,-31.15020786533476],[152.67570371888354,-31.149955172353021],[152.675932155883999,-31.149736102374042],[152.676176144876024,-31.149565536396953],[152.676557192839084,-31.149481330434096],[152.677016854773626,-31.149536172480055],[152.677503274698523,-31.149637699529013],[152.677964622632686,-31.149693518575145],[152.678349049595084,-31.149611293612644],[152.678508787587759,-31.14951531662776],[152.678665467582846,-31.149404414642465],[152.678812045580941,-31.149279959656074],[152.678941457582908,-31.149143393667881],[152.67904662258934,-31.148996134677205],[152.679135821613755,-31.148729797684069],[152.679144982654833,-31.14841445468263],[152.679106283705693,-31.148071225676247],[152.679051925759467,-31.147721245668269],[152.679014114809235,-31.147385644662009],[152.678927951900704,-31.146784288649009],[152.678780153008518,-31.146119145629413],[152.678642483110565,-31.145487105611075],[152.678586690184915,-31.144985052601807],[152.678684531209427,-31.144709868609461],[152.678938873188002,-31.144629614634074],[152.67924663114826,-31.144635639664624],[152.679576468101544,-31.144673360697592],[152.679897063059002,-31.144688215729477],[152.680177069031998,-31.144625611756762],[152.680488950031872,-31.144332321785498],[152.680725201067247,-31.143845436805297],[152.68089855212574,-31.143245300818016],[152.681021705194979,-31.142612267825523],[152.681107362262622,-31.142026697829657],[152.681125566297169,-31.14175162182941],[152.681126175339159,-31.141437632827145],[152.681122579379348,-31.141141373824571],[152.681128163408317,-31.140919498823482],[152.681156345416923,-31.140828666825612],[152.681250977404687,-31.140830872835007],[152.681349078388735,-31.140857414844913],[152.681449232370682,-31.140897618855163],[152.681550022352127,-31.140940825865467],[152.681650015334753,-31.14097634987564],[152.682346368221744,-31.141162793946052],[152.683053083110508,-31.141326147017327],[152.683766396002454,-31.141459506089024],[152.68448254089904,-31.141555978160746],[152.685197726801562,-31.141608671232028],[152.685546072757887,-31.141605902266534],[152.685895988716879,-31.141581934301062],[152.6862456706763,-31.141554873335519],[152.686593272633985,-31.14154279136989],[152.686936957587704,-31.141563813404119],[152.687444307506127,-31.14169428545539],[152.688005575405413,-31.141916315512695],[152.688532690307625,-31.142148733566678],[152.688937636234755,-31.142310381608041],[152.689132351208855,-31.142320090627404],[152.689202214227208,-31.142117120632836],[152.689205610252628,-31.141924476631733],[152.689206506259183,-31.14187459263146],[152.689204004262848,-31.141849574631024],[152.689201216266952,-31.141821705630541],[152.689180105297908,-31.141610757626868],[152.689157782336451,-31.141343981622665],[152.689174409368064,-31.141092570622451],[152.68923255539903,-31.140806576626101],[152.689305071430255,-31.140505182631045],[152.689400731456715,-31.140217566638409],[152.689517861472041,-31.139992993648345],[152.689528295473366,-31.139972976649219],[152.689696484475206,-31.139800690664625],[152.689958338448633,-31.139752017690228],[152.690314551392277,-31.139836663726165],[152.690722022318397,-31.140003633767819],[152.691055119254969,-31.140162572802033],[152.691137651239274,-31.140201932810502],[152.691159479235097,-31.140212169812749],[152.691518473167179,-31.140380520849604],[152.691663700140197,-31.140445131864482],[152.691807923112947,-31.140512244879275],[152.691951026085547,-31.140581822893989],[152.692092865057987,-31.140653819908589],[152.692233323030251,-31.140728220923073],[152.692448299988229,-31.140838969945214],[152.692667569945627,-31.140950022967772],[152.692880287902767,-31.14106905498976],[152.693075615860067,-31.141203738010127],[152.693114474850205,-31.141240490014258],[152.693242715817775,-31.141361790027872],[152.693309076798187,-31.141445136035081],[152.693432423744667,-31.141728092049409],[152.69358807767793,-31.142079029067457],[152.694221512402578,-31.143535974141106],[152.695674905957389,-31.145486204299747],[152.695788302860734,-31.146099929315564],[152.696835147450798,-31.148170520434768],[152.697721834227167,-31.149002205528888],[152.698295318980087,-31.150304184595459],[152.699268666775424,-31.150912175696522],[152.699602038673305,-31.151359549732916],[152.700602017499932,-31.151709449834716],[152.702571890251591,-31.151703950030086],[152.702635176243632,-31.151703771036363],[152.70315604620518,-31.151499348086514],[152.703395062187525,-31.151405550109526],[152.705828024976086,-31.150688631345588],[152.705930903965793,-31.150668346355648],[152.70612758294871,-31.15061038537473],[152.706196551930702,-31.150679569382074],[152.70631710789749,-31.150813652395037],[152.706921467730893,-31.151485833460001],[152.706946763725909,-31.151499208462614],[152.706907429706291,-31.151682449460065],[152.704086624246912,-31.165219779280797],[152.704043024219828,-31.165462442278272],[152.704074577213248,-31.165481813281559],[152.704106067206652,-31.165501265284817],[152.704137513200038,-31.165520806288097],[152.704168896193465,-31.165540429291347],[152.704200234186857,-31.165560141294606],[152.704228533180668,-31.165579306297555],[152.704256393174433,-31.165599546300459],[152.704284406168227,-31.165619357303399],[152.704313180162188,-31.16563722230638],[152.704343308156439,-31.16565163630948],[152.704366560152351,-31.165660430311853],[152.704390530148231,-31.165668399314281],[152.704414903144254,-31.165674844316758],[152.704439339140635,-31.165679030319204],[152.704463488137378,-31.16568024032161],[152.704491348134326,-31.165677130324347],[152.704519387131739,-31.165669780327089],[152.704547229129616,-31.165659408329763],[152.704574516127792,-31.165647244332376],[152.7046008701262,-31.165634489334899],[152.704634816124582,-31.16561446333813],[152.704666755123753,-31.165590413341114],[152.704697734123329,-31.16556437334399],[152.70472883012286,-31.165538360346883],[152.704761101122017,-31.165514381349915],[152.704803402120291,-31.165487427353899],[152.704846715118208,-31.165461987358011],[152.704890630115926,-31.165437444362194],[152.704934724113599,-31.165413188366387],[152.704978575111397,-31.165388555370548],[152.705028819108918,-31.165359736375319],[152.705079080106401,-31.165330962380086],[152.705129412103872,-31.165302295384876],[152.705179835101319,-31.165273808389664],[152.705230400098714,-31.165245580394465],[152.70528724109576,-31.165213955399878],[152.705344118092768,-31.165182358405286],[152.705401191089777,-31.165151136410714],[152.705458614086609,-31.16512062341619],[152.705516558083218,-31.165091159421713],[152.705568513080095,-31.165065620426677],[152.705620728076866,-31.165040521431674],[152.705673293073431,-31.165016184436709],[152.705726306069892,-31.16499292344179],[152.705779830066035,-31.164971051446937],[152.705822740062814,-31.16495456645108],[152.705865938059475,-31.164938691455244],[152.705909431056,-31.164923632459452],[152.705953220052351,-31.164909567463688],[152.705997305048498,-31.164896695467966],[152.706039247044629,-31.164886073472054],[152.706081557040505,-31.164876804476183],[152.706124082036297,-31.16486827148033],[152.70616663403203,-31.164859863484487],[152.706209061027863,-31.164850944488638],[152.706264369022392,-31.164839497494039],[152.706319927016835,-31.164828722499472],[152.706375307011314,-31.164817383504886],[152.706430077006132,-31.164804242510222],[152.706483780001548,-31.164788035515439],[152.706530652997941,-31.164770484519959],[152.706576771994776,-31.164750709524384],[152.70662236299188,-31.164729393528745],[152.706667603989075,-31.164707279533079],[152.70671271098638,-31.164685084537371],[152.706746298984342,-31.164668689540598],[152.706779805982336,-31.164652115543788],[152.706813142980394,-31.164635146546967],[152.70684613997858,-31.16461761355011],[152.706878669976902,-31.16459929055322],[152.706917367975166,-31.164575706556871],[152.706955329973738,-31.164550840560455],[152.706992834972397,-31.164525186563985],[152.707030133971188,-31.164499226567504],[152.707067540969888,-31.164473473571022],[152.707125008967978,-31.164433780576424],[152.707182064966162,-31.164393487581794],[152.707239003964361,-31.16435302458714],[152.707296122962532,-31.16431281259251],[152.707353697960542,-31.164273290597926],[152.707405688958744,-31.164237909602825],[152.707457679956917,-31.164202430607716],[152.707509993954972,-31.164167470612647],[152.707562979952797,-31.164133703617658],[152.707616960950276,-31.164101711622767],[152.707669489947477,-31.16407308962777],[152.707722861944347,-31.164045893632871],[152.707776869941057,-31.164019852638027],[152.707831298937521,-31.163994708643244],[152.707885952933879,-31.163970174648483],[152.707930117930943,-31.163950722652725],[152.707974480927874,-31.163931683656976],[152.70801909492468,-31.163913208661274],[152.708063976921409,-31.163895487665599],[152.708109164917943,-31.163878661669955],[152.708161146913795,-31.163860644674983],[152.708213531909422,-31.163843720680052],[152.708266275904919,-31.163827809685166],[152.708319270900205,-31.163812794690319],[152.708372436895388,-31.163798587695471],[152.708438348889132,-31.163783043701915],[152.708504798882558,-31.16376965170841],[152.708571508875764,-31.163757164714934],[152.708638137869059,-31.163744346721455],[152.708704381862617,-31.163729950727909],[152.708757484857529,-31.163717741733084],[152.708810694852446,-31.163705604738283],[152.708863680847458,-31.16369270574344],[152.70891610184276,-31.16367821974854],[152.708967644838509,-31.16366132275353],[152.708998149836106,-31.163650413756471],[152.709028707833767,-31.163639208759417],[152.709058898831586,-31.163627170762318],[152.709088281829651,-31.163613751765141],[152.709116455828138,-31.163598413767822],[152.709143948827347,-31.163578531770401],[152.709169477827203,-31.16355529777276],[152.709194433827321,-31.16353113077507],[152.709220169827091,-31.163508478777452],[152.709248082826093,-31.163489743780065],[152.709272832824581,-31.163477382782443],[152.709298612822778,-31.163466473784922],[152.709325119820676,-31.163457142787472],[152.709352047818328,-31.163449486790089],[152.709379082815673,-31.163443615792737],[152.70934267079366,-31.163642265790603],[152.709062609639489,-31.165054834773297],[152.70900902260999,-31.165325160769999],[152.708515905338601,-31.167812311739542],[152.705959018931281,-31.180708701581651],[152.714857475628804,-31.182019450474435],[152.717728655208589,-31.182442370762583],[152.719215631029897,-31.174924748854334],[152.719230385027743,-31.174927016855811],[152.719393825003692,-31.17495207187223],[152.72529217213588,-31.175856385464559],[152.725470277109622,-31.175883690482447],[152.727962843742887,-31.176265837732807],[152.726199390763611,-31.185216916624181],[152.740386403692327,-31.187265510048558],[152.739895443415804,-31.189784816018495],[152.739869861401388,-31.189916112016927],[152.739253937054485,-31.193076680979207],[152.746916512933495,-31.19419758474892],[152.749407764569042,-31.194562011999224],[152.751528942258744,-31.194872310212364],[152.751005823956802,-31.1976094991807],[152.750488719632045,-31.200510282150855],[152.750451465609643,-31.20071215114864],[152.750420872591178,-31.200877984146842],[152.750288260511297,-31.201596708138993],[152.75025720049257,-31.201765025137163],[152.749576785082837,-31.205451583096906],[152.749537416059013,-31.205665724094583],[152.748922750688791,-31.208996366058223],[152.748889575668812,-31.209176112056255],[152.748218868264843,-31.212810419016588],[152.747998265131969,-31.214005677003534],[152.747925272142538,-31.213995726996217],[152.74759452094338,-31.21578771897665],[152.746478564105246,-31.215635604864609],[152.746324088012273,-31.21647245685547],[152.745441758140259,-31.216352147766891],[152.732495784018568,-31.214586202467601],[152.731844820045325,-31.215000828406019],[152.731844273044857,-31.215004755406],[152.730132640017786,-31.224256092304685],[152.73729106297904,-31.225230631022963],[152.737550335941421,-31.225265923048987],[152.738573462792999,-31.225405174151661],[152.738880154748443,-31.225446911182427],[152.748669360328023,-31.226778796165068],[152.751106369974707,-31.22710831240974],[152.755204362380567,-31.227662301821212],[152.755289995368173,-31.227673891829799],[152.755429205347951,-31.227692707843786],[152.761724019435235,-31.228543825475978],[152.762143469690642,-31.226252476500683],[152.760244744965888,-31.225995785309976],[152.760490088115262,-31.224655641324414],[152.760933365385085,-31.222234170350504],[152.762394524173317,-31.22243171449729],[152.762912874488876,-31.219599791527809],[152.762927951498057,-31.219517466528693],[152.76294570050888,-31.219420439529745],[152.763075309490205,-31.219437256542751],[152.769745403523359,-31.220339595212835],[152.771902866210667,-31.220631156429608],[152.772961679056692,-31.220778008536037],[152.776654665517754,-31.221304350907356],[152.776908802480676,-31.221340601932916],[152.778479493251496,-31.221564474090872],[152.786034582148972,-31.222640941850727],[152.786239552116598,-31.222688209871492],[152.790350463500005,-31.223397984285992],[152.790452177484696,-31.22341553629624],[152.799816575080087,-31.225031832240649],[152.800023562049034,-31.225067545261531],[152.805533605243909,-31.225859680816207],[152.810032316586671,-31.226505906269175],[152.81853938933881,-31.227764625126195],[152.817359967700924,-31.233598244051969],[152.817818323633503,-31.23366714309816],[152.817904772620523,-31.233682211106878],[152.81792494161752,-31.233685734108928],[152.817867204615396,-31.233755546103691],[152.817745428607566,-31.233928004092835],[152.816977653576458,-31.234879575023374],[152.816692499399522,-31.236457866006685],[152.8167355271151,-31.238524524026321],[152.817620416916355,-31.239165964119259],[152.817910680827794,-31.239549400151031],[152.81805582570459,-31.240325736171265],[152.817783347653602,-31.24095931114881],[152.816603460748894,-31.241361629034198],[152.816298182685699,-31.24211635100939],[152.81584212972183,-31.242277297965146],[152.815838598632695,-31.242940937969717],[152.815939855620798,-31.242934027979754],[152.821706989772792,-31.243798423560939],[152.822299420685681,-31.243887187620643],[152.822581346644228,-31.243929426649068],[152.822616207639101,-31.24393465365258],[152.823006670581663,-31.243993225691934],[152.823479575512152,-31.24406417773961],[152.824835479312782,-31.244267182876271],[152.825476430218544,-31.244363151940878],[152.826566718058245,-31.244526367050785],[152.829343126650087,-31.244941962330678],[152.82945713863063,-31.244978993342325],[152.829544492615724,-31.245007354351237],[152.829526681605614,-31.245099092350141],[152.829509066595591,-31.245189825349055],[152.828856127244876,-31.248399061307776],[152.828616645116256,-31.24957610229265],[152.828468380036639,-31.250304792283266],[152.827246493385303,-31.256273935205737],[152.826102632775587,-31.261861086133173],[152.825893978663231,-31.262888737120001],[152.824159862730426,-31.271421907010435],[152.823878394772095,-31.271377632982055],[152.814556234153684,-31.269910842042069],[152.81429281019274,-31.269869392015508],[152.814555023113002,-31.27021334104419],[152.814473478050218,-31.270754748040076],[152.814644734895523,-31.271739004064443],[152.814674028726927,-31.27295968607643],[152.814676628697129,-31.273178094078304],[152.814705323403103,-31.275327823097111],[152.814713642372055,-31.275549673099583],[152.814992031201484,-31.276550946134744],[152.814688693135736,-31.277322470110253],[152.814874779993005,-31.278204153135327],[152.815362628805673,-31.279132360190836],[152.815623472720318,-31.279518719219691],[152.815850180667439,-31.279697121243615],[152.816067987598586,-31.280002014267563],[152.816539127420043,-31.280880686321044],[152.816062389443346,-31.281156266275573],[152.814870871637254,-31.280841359154508],[152.814469476639829,-31.281199553117169],[152.814494171628411,-31.281260902120078],[152.814835530525556,-31.281701448157364],[152.814764446503347,-31.281932272151991],[152.814821117477152,-31.282073025158688],[152.81510843235867,-31.282680078191813],[152.821486768421209,-31.283622263834481],[152.821578450466376,-31.283201680840506],[152.821646163456393,-31.283212096847329],[152.821804808432944,-31.283236505863321],[152.827060357656165,-31.284044929393215],[152.829308533324223,-31.284388044619917],[152.829699289266557,-31.284447680659316],[152.833788531662833,-31.285071784071707],[152.834152521609013,-31.285127744108415],[152.834262096592823,-31.285144587119483],[152.836454784268767,-31.285481652340646],[152.85252760389335,-31.287951303962465],[152.852895771838973,-31.288007874999632],[152.85335936977043,-31.288079111046422],[152.853333186783658,-31.288006045043275],[152.853302421797451,-31.287933087039658],[152.853247060821928,-31.287803809033168],[152.853156049860644,-31.287603365022605],[152.853067691898957,-31.287403038012297],[152.852950918950512,-31.28713172399863],[152.852830084002363,-31.28686199798457],[152.852705288054466,-31.286594018970138],[152.852431977175314,-31.285957673938132],[152.853112189072647,-31.286077808006905],[152.85624822261218,-31.286537385323324],[152.856361312595624,-31.286553959334718],[152.85642642658604,-31.286563506341295],[152.856446218583102,-31.286566401343297],[152.86230049472357,-31.287424329934044],[152.862424009704597,-31.287448514946558],[152.86251725269031,-31.287466773956005],[152.864168218448043,-31.287707641122612],[152.864189973435742,-31.287778035125314],[152.864140483412967,-31.287992911121965],[152.863340619093407,-31.291103367065173],[152.864449158527009,-31.294246931199176],[152.864459028303315,-31.295889432212348],[152.864558133288341,-31.295907288222367],[152.864670290271334,-31.295927484233708],[152.86469552426766,-31.295931132236273],[152.880713567919059,-31.298248221853257],[152.890706902453729,-31.299693817862572],[152.890812228438307,-31.299709055873212],[152.890894589426239,-31.299720968881537],[152.897508137456441,-31.300677658549716],[152.924697397469373,-31.304610740298525],[152.924875781443319,-31.304635695316559],[152.925792196309516,-31.304763875409222],[152.937319259626577,-31.306376228575118],[152.959594154374145,-31.309491950829543],[152.962658453926736,-31.309920570139841],[152.96285869189748,-31.309948573160124],[152.964260304692829,-31.310144628302055],[152.96650277636536,-31.31045829752917],[152.966943223301172,-31.310519125573773],[153.213017799999989,-31.2271246],[153.211541399999987,-31.2329261],[153.209752,-31.239096],[153.2105038,-31.2461367],[153.2109661,-31.2531957],[153.2111157,-31.2637996],[153.2106123,-31.2743955],[153.2094568,-31.2849536],[153.2086865,-31.2899243],[153.2098265,-31.3001174]]]]}}
]
}
