{
"type": "FeatureCollection",
"name": "WOL Region",
"crs": { "type": "name", "properties": { "name": "urn:ogc:def:crs:EPSG::7844" } },
"features": [
{"type":"Feature","properties":{"Region":"Wollongong / Illawarra","IATA":"WOL","Channels":"#nsw, #illawarra","Status":"Active","Scopes":"au, au-nsw, au-nsw-wol"},"geometry":{"type":"MultiPolygon","coordinates":[[[[151.0359195,-34.882],[150.781771780943302,-34.79257978469925],[150.780671812248556,-34.791529601591165],[150.777200225230672,-34.788074490249052],[150.776943506282834,-34.787970642224792],[150.776931441287672,-34.787948286223525],[150.776817939332915,-34.787737704211686],[150.763381864092651,-34.774660847890118],[150.763122295165545,-34.774406144864578],[150.763019505188652,-34.774348128854754],[150.762941868206099,-34.774304312847342],[150.762906146216068,-34.774269684843823],[150.762421743351297,-34.773800168796228],[150.76226776039428,-34.77365109678108],[150.762049021455312,-34.773439125759573],[150.760574279867058,-34.772009447614614],[150.760011980024046,-34.771464418559347],[150.759523256160463,-34.770990706511306],[150.757227068801626,-34.768763583285605],[150.757076240819544,-34.76879704627202],[150.754299981620079,-34.765914900997871],[150.754168408657875,-34.765779194984894],[150.754161148665617,-34.765729812983878],[150.754131719676593,-34.765680779980848],[150.754080911693251,-34.765613164975719],[150.754009155722656,-34.765473783968197],[150.75399795175781,-34.765224755965463],[150.753946364790465,-34.765039120959464],[150.753909415825291,-34.764821107954567],[150.753915188846435,-34.764657550953991],[150.753940485854059,-34.764573029955727],[150.753984974868075,-34.764419629958745],[150.753985969892938,-34.764233599957556],[150.753989815907033,-34.764124544957163],[150.754013418929674,-34.763930321957993],[150.754015749959478,-34.763706114956676],[150.753994129986637,-34.763528287953456],[150.753956500025168,-34.763283248948326],[150.753899633059916,-34.763087780941781],[150.753849247102067,-34.762830012935382],[150.753816852125084,-34.762694781931501],[150.753696618166515,-34.762519724919265],[150.753588791210802,-34.762309698907963],[150.753484137255668,-34.762091640896877],[150.753401436294126,-34.761897068887954],[150.753347465327067,-34.761711810881742],[150.753329152353274,-34.761537362878862],[150.753283947370022,-34.761462773874214],[150.753260874386029,-34.761369297871461],[150.753290733397137,-34.7612537428734],[150.753341559398791,-34.761185194877577],[150.753424656401819,-34.761070904884406],[150.75344312242143,-34.760904703884954],[150.753445740438366,-34.760775855884305],[150.753414393466556,-34.760600878880233],[150.753413542484907,-34.760465522879237],[150.753384813515254,-34.760271425875267],[150.753348805536348,-34.76015446387116],[150.753277291558703,-34.760067486864017],[150.753231261571102,-34.760026198859507],[150.753161782589785,-34.759963889852713],[150.753064971613355,-34.759895575843387],[150.752998754636451,-34.759797150836633],[150.752918464659018,-34.759718160828747],[150.7529022396659,-34.759685011827031],[150.752878879674341,-34.759647963824634],[150.7528846886797,-34.759601691824848],[150.752873017691172,-34.759529522823286],[150.752744528722815,-34.759436036810875],[150.752597967757907,-34.75933687779677],[150.752528424772436,-34.759305817790178],[150.752478370784615,-34.759270561785364],[150.752446619798803,-34.759200257781956],[150.752386131820231,-34.759107802775787],[150.752274906848385,-34.759021390765],[150.752243640866993,-34.758917712761416],[150.752185563887963,-34.758826029755468],[150.752177952901832,-34.758731244754131],[150.752130300924108,-34.758618334748988],[150.752052565950692,-34.758506481741094],[150.751959214979621,-34.758394611731774],[150.751891833002361,-34.758299969724966],[150.751847955025028,-34.758179601720116],[150.751824963044839,-34.758057897717173],[150.751729094076154,-34.757930994707507],[150.751648902111867,-34.757754305698953],[150.751597262165774,-34.757410563691863],[150.751582167198109,-34.757186589688935],[150.751577614234122,-34.756923757686721],[150.751577579259617,-34.75673426768541],[150.751552319278176,-34.756624208682339],[150.75153558328708,-34.756576466680478],[150.751485852313579,-34.756434655674944],[150.751413181353968,-34.756214527666778],[150.751369805389203,-34.756000530661339],[150.751348884401466,-34.755932198658954],[150.75133049941229,-34.755872121656857],[150.751262176441998,-34.755726672649594],[150.751151534485842,-34.755523064638062],[150.751056955510819,-34.755441680628849],[150.751030207537724,-34.755271185625219],[150.751032673557972,-34.755118036624388],[150.751057531572627,-34.754981487625741],[150.751112919588394,-34.754802800629584],[150.751231468605198,-34.754547022638683],[150.751311812606843,-34.754445873645338],[150.751374990601477,-34.75441620265093],[150.75148071158813,-34.75439851666048],[150.751563018587092,-34.75431528666747],[150.751617286596655,-34.754184331671532],[150.751619321607535,-34.754100912671134],[150.751634300626989,-34.753939731671409],[150.751594733649227,-34.753818027666945],[150.751565950671107,-34.753687243663421],[150.751573685691824,-34.753524422663006],[150.751618183701936,-34.753400199666224],[150.75156169272276,-34.753307995660421],[150.751471621743264,-34.753254857651804],[150.751397095766606,-34.753163702644343],[150.751322416787332,-34.753091919637008],[150.751125415829449,-34.752996515618314],[150.75104512484549,-34.752966136610738],[150.750973887864376,-34.7529042316038],[150.750839159896969,-34.752810746590818],[150.750659870992934,-34.752295219570861],[150.750592579042745,-34.751999067562657],[150.75059791206553,-34.751823911561942],[150.750600010068865,-34.751796598561931],[150.750638313071022,-34.751738171565052],[150.750708976071508,-34.751656527570965],[150.749801463225481,-34.751514376486867],[150.749555554267175,-34.751476163464076],[150.749504154275854,-34.751468176459312],[150.749434424287699,-34.751457338452859],[150.749218544324265,-34.751423786432845],[150.748762188401656,-34.751352675390564],[150.748139120507318,-34.751255577332827],[150.747059910690325,-34.751087395232837],[150.746844049726917,-34.75105375321283],[150.744717391087505,-34.750722319015807],[150.743773368247503,-34.75057560592834],[150.743684221262583,-34.750561899920093],[150.743557381284035,-34.750542411908334],[150.740533347795918,-34.750077719628251],[150.737545083301683,-34.749618525351515],[150.734490179818749,-34.749149095068653],[150.734522602833295,-34.749005161070627],[150.734734690928263,-34.748063596083554],[150.735262483164632,-34.745720461115795],[150.735282688173697,-34.745630794117019],[150.735302633182613,-34.745542222118239],[150.736136438556059,-34.741840519169138],[150.73617659757403,-34.741662279171571],[150.73686140288072,-34.738622039213375],[150.736876784887613,-34.738553716214305],[150.736892570894668,-34.738483672215274],[150.736913017903476,-34.738395324216526],[150.73693376991244,-34.738305595217824],[150.736714017949339,-34.738273871197478],[150.736048953060902,-34.738179006135944],[150.736436314253638,-34.736315906158602],[150.736343080280449,-34.7362191221494],[150.736275608317129,-34.736020902141867],[150.736210951338393,-34.735934114135347],[150.736152963359473,-34.735841373129404],[150.736102648379926,-34.735744580124127],[150.736060204399706,-34.735644274119565],[150.73602672341832,-34.735542569115793],[150.736010328430837,-34.735467577113788],[150.736000468442626,-34.735390809112339],[150.735993942454058,-34.735313074111218],[150.735987425465481,-34.735235222110092],[150.735977708477236,-34.735158142108666],[150.735962487490752,-34.735074427106689],[150.735945061504566,-34.734991054104519],[150.735926900518422,-34.734907788102305],[150.735909528532204,-34.734824423100129],[150.735894415545687,-34.734740682098177],[150.735878925564379,-34.734618548095924],[150.735868742582426,-34.734495545094134],[150.735859895600299,-34.734372354092478],[150.73584840361849,-34.734249656090583],[150.735830323637487,-34.734128140088096],[150.73580704365628,-34.734014218085186],[150.735780196675478,-34.733900699081943],[150.735749835695117,-34.733787941078383],[150.735716005715176,-34.733676313074518],[150.735678724735493,-34.733566129070361],[150.735628660759488,-34.733442848064918],[150.735570914784233,-34.733322318058811],[150.735510174809292,-34.733202829052431],[150.735451155834255,-34.733082650046207],[150.735398564858485,-34.732960059040551],[150.735365630875492,-34.732869873036911],[150.735335081892288,-34.732778763033494],[150.735305885908929,-34.732687143030198],[150.735277048925525,-34.732595397026913],[150.73524750394219,-34.732503893023583],[150.735207156964975,-34.732378963019009],[150.735167437987712,-34.73225376401453],[150.735127727010394,-34.732128609010033],[150.735086116033301,-34.732004145005384],[150.735041566056481,-34.731880792000453],[150.735000143077201,-34.731772489995912],[150.734957528097993,-34.731664473991273],[150.734913031119021,-34.731557238986468],[150.734866015140256,-34.731451239981425],[150.734815835161669,-34.731346908976114],[150.734742787190498,-34.731213229968517],[150.734662775219846,-34.731083073960299],[150.734579096249519,-34.73095471895175],[150.734495032279227,-34.730826525943165],[150.734413890308701,-34.730696772934856],[150.73438637931892,-34.730650760932022],[150.734358994329227,-34.730604685929194],[150.734331600339488,-34.730558602926372],[150.73430439534971,-34.730512402923573],[150.734277189359943,-34.730466219920757],[150.734197894385289,-34.730365070912811],[150.734196146397892,-34.730273450912023],[150.734201345397167,-34.730272903912493],[150.734206553396518,-34.730272159912964],[150.734211725395909,-34.730271200913421],[150.734216853395282,-34.730270044913887],[150.734221917394677,-34.730268690914343],[150.734219076397665,-34.730249848913957],[150.734205890405775,-34.730203558912436],[150.734185954417029,-34.730141931910183],[150.734163060429154,-34.730077095907639],[150.734140999439944,-34.73002113390524],[150.734114099451432,-34.729965234902387],[150.734083558463254,-34.729911092899222],[150.734051127475226,-34.729857846895897],[150.7340186774872,-34.729804564892547],[150.73398789549907,-34.729750413889356],[150.733959219510666,-34.729695635886358],[150.73393126052224,-34.729640435883418],[150.733903687533768,-34.729585011880523],[150.733876195545321,-34.729529533877617],[150.73384843355683,-34.729474216874699],[150.733804761574845,-34.729388369870108],[150.733761070592863,-34.729302530865525],[150.733714986611062,-34.729218251860715],[150.733665828629341,-34.729136043855668],[150.733616876647773,-34.72905301985061],[150.733182087772576,-34.728604670807741],[150.733127639788677,-34.728544656802349],[150.732676124922591,-34.728047006757585],[150.732227441088838,-34.727304917711422],[150.731832847282845,-34.726296152668382],[150.731674722376368,-34.725774433650308],[150.731637173540946,-34.724590350638742],[150.731698505561184,-34.724371827642841],[150.731882859615069,-34.723766213655551],[150.731916402662137,-34.723378890655958],[150.732085607737815,-34.722628150666281],[150.732080381751047,-34.722535193665159],[150.731924319903726,-34.721570690644256],[150.731592340031909,-34.720982941609833],[150.730646249538552,-34.718254842504493],[150.730884711718943,-34.716647095515256],[150.731045355767492,-34.716107958526266],[150.731094316768292,-34.716047854530323],[150.731143780768917,-34.715988450534454],[150.731193754769379,-34.715929799538614],[150.731244185769668,-34.715871937542829],[150.731295038769758,-34.715814873547089],[150.731324431769764,-34.715782468549556],[150.731353967769678,-34.715750287552048],[150.731383656769566,-34.715718385554531],[150.73141351576939,-34.715686787557047],[150.731443535769074,-34.715655547559592],[150.731496853768107,-34.715604014564107],[150.73155173176653,-34.715555097568789],[150.731606572764946,-34.715506307573477],[150.731659800763907,-34.715455176577997],[150.731709819764035,-34.715399223582196],[150.731751341765602,-34.715341334585595],[150.731789545768351,-34.715278524588655],[150.731826253771544,-34.715214100591588],[150.731888714770008,-34.715156265596896],[150.731955630767146,-34.715103861602664],[150.73201979476309,-34.715063210608264],[150.732086773758084,-34.715026485614132],[150.732155006752691,-34.714991436620124],[150.732222953747367,-34.714955822626102],[150.732289072742702,-34.714917367631891],[150.732364943738247,-34.714866918638485],[150.732438985734376,-34.714813493644904],[150.732512221730872,-34.714758732651227],[150.732585717727289,-34.714704258657584],[150.732660476723225,-34.714651738664067],[150.732734546718888,-34.714602446670511],[150.732809215714298,-34.714553924677006],[150.732884405709541,-34.714506236683548],[150.732960106704581,-34.714459390690159],[150.733036219699443,-34.714413432696801],[150.733094593694005,-34.714389427701988],[150.733153262688859,-34.714363109707179],[150.733211994683955,-34.714334612712364],[150.733270582679353,-34.714304028717514],[150.733328803675107,-34.714271471722618],[150.733381996671199,-34.714241630727287],[150.733436174667247,-34.714211269732033],[150.73348959066368,-34.714178676736701],[150.73354051466103,-34.714142184741114],[150.733587190659733,-34.714100098745099],[150.733631069660134,-34.714048735748747],[150.733671469661942,-34.713990810752051],[150.733708473664734,-34.713928941755007],[150.733738905668361,-34.713868317757388],[150.733764973672322,-34.713809855759372],[150.733792546677762,-34.713738986761399],[150.733814902684117,-34.713666772762956],[150.733832131691287,-34.713594379764018],[150.733844349699041,-34.713523026764655],[150.733828617710827,-34.713452838762741],[150.733783313730299,-34.713357838757929],[150.733723031751481,-34.713266469751787],[150.733653434773771,-34.713177663744808],[150.733580172796366,-34.71309030973751],[150.733508908818607,-34.713003305730382],[150.733480457827653,-34.712967323727526],[150.733451700836724,-34.712931512724658],[150.733422639845827,-34.712895899721751],[150.733393291854952,-34.712860473718813],[150.733363639864052,-34.712825245715862],[150.733329109879776,-34.712746165712147],[150.733297117895347,-34.712665677708678],[150.733267778910658,-34.712584096705427],[150.733241209925666,-34.712501709702437],[150.73321751794029,-34.712418828699697],[150.733196040956017,-34.712325639697077],[150.733179555971105,-34.712231203694934],[150.733166073985842,-34.712136221693051],[150.733152360000901,-34.712039375691127],[150.733137139016094,-34.711943012689062],[150.733113537036417,-34.711817562686043],[150.733088214056977,-34.711692559682859],[150.733063007077476,-34.711567548679696],[150.733039773097744,-34.711442071676707],[150.733020330117625,-34.711315679674058],[150.733005271139206,-34.711171422671683],[150.732995894160155,-34.711025829669822],[150.732988598180867,-34.710879726668153],[150.732979786201696,-34.710733963666343],[150.732965857223206,-34.710589384664083],[150.732943743244078,-34.710458286661144],[150.732916779265594,-34.710327977657784],[150.732888032287264,-34.710198071654268],[150.732859177308967,-34.710068157650731],[150.732842665322011,-34.709989417648671],[150.732731826415375,-34.709416279634581],[150.732705992435143,-34.709297632631404],[150.732678688455081,-34.709179398628095],[150.732650801475017,-34.709061316624741],[150.732623246494967,-34.708943144621394],[150.732596883514816,-34.708824631618164],[150.732576911530941,-34.708726279615668],[150.732539460563032,-34.708528812610879],[150.732519488579186,-34.708430477608381],[150.732497051595573,-34.708332940605651],[150.732466834615821,-34.708215683602077],[150.73243437663632,-34.708098972598307],[150.732399407657027,-34.707983166594296],[150.732361660678038,-34.707868508590074],[150.732320910699229,-34.707755383585564],[150.732262303726458,-34.70761727557926],[150.732195907754402,-34.707482735572242],[150.732126679782539,-34.707349468564999],[150.732059566810506,-34.707215197557922],[150.731999534837911,-34.707077609551497],[150.731963687856506,-34.706978566547527],[150.731931265874806,-34.706877910543867],[150.73189989189305,-34.706776760540301],[150.731867154911384,-34.706676292536606],[150.731831254929602,-34.706580270532662],[150.731807759940693,-34.706523600530126],[150.731783512951893,-34.706467190527512],[150.731757328963255,-34.706411255524735],[150.731732184974476,-34.706355436522045],[150.73170624298578,-34.706299967519293],[150.731706843992839,-34.706246488518985],[150.731734561000366,-34.706159816520923],[150.73176281500804,-34.706071458522906],[150.732704885479933,-34.701513548577779],[150.73263773653332,-34.701189922569398],[150.732593938568129,-34.700978848563949],[150.732369284649906,-34.700617501540897],[150.732149873724552,-34.700304022518672],[150.731920897821851,-34.699831935494444],[150.731989302872392,-34.699379686497608],[150.732231607879214,-34.699060766517597],[150.732644756881939,-34.698583983552119],[150.733042442879224,-34.698164596585634],[150.73340541186937,-34.69783680361661],[150.733782642865691,-34.697447364648454],[150.733971791864661,-34.697245693664364],[150.73417719186358,-34.697026704681669],[150.734204962869256,-34.696953908683717],[150.734211640882364,-34.6968488326836],[150.734242727943354,-34.696360037683078],[150.734492387433193,-34.692432999678914],[150.734519217485854,-34.69201112867848],[150.734540838528346,-34.691670722678097],[150.734622663688896,-34.69038356967674],[150.734668030777897,-34.689669903675991],[150.734696070819496,-34.689328646676202],[150.734613100869353,-34.689049006666679],[150.734391421905997,-34.689020661646204],[150.73417346294201,-34.68899279262606],[150.734073173958649,-34.688979965616788],[150.733967623976213,-34.68896581060703],[150.721637284026457,-34.687309613467342],[150.721537811042992,-34.687296131458162],[150.72142188906227,-34.687280408447442],[150.711115546777449,-34.685884635495228],[150.703570071030612,-34.684881408798489],[150.696640217181539,-34.683960037158805],[150.696089682272827,-34.683887792107996],[150.691065892104092,-34.683242807644532],[150.690651005172754,-34.683189543606261],[150.687853027635725,-34.682830322348188],[150.683925039281974,-34.682353289986146],[150.683095463418312,-34.682253852909682],[150.682677878487709,-34.682197684871163],[150.680236425906912,-34.681770492645271],[150.670951857457084,-34.680474000788685],[150.667910122963121,-34.680062844508221],[150.667375886051957,-34.679990637458978],[150.648627326170867,-34.677456494731139],[150.637621928983577,-34.676103869718496],[150.633576056659138,-34.675537937345865],[150.627616716654245,-34.674704108797116],[150.627497612674119,-34.674687435786154],[150.627401420690148,-34.674673972777299],[150.620219032889509,-34.673668587116126],[150.617205215392744,-34.673246593838741],[150.614743218803852,-34.672901662612176],[150.614657388818159,-34.672890188604292],[150.614538742838022,-34.672873166593362],[150.613537208004118,-34.672741687501272],[150.610827627453375,-34.672385946252128],[150.610610878489325,-34.672357487232198],[150.606382777191271,-34.671795867843436],[150.604942286430429,-34.671604492711019],[150.604853614445119,-34.671592713702864],[150.604725608466367,-34.671575700691079],[150.603275678707121,-34.671383050557807],[150.600095487235734,-34.670955567265452],[150.599626363318038,-34.67086004822211],[150.599794591309347,-34.670738210236578],[150.599828699306073,-34.67072493423958],[150.601126081187687,-34.670169374353819],[150.602007460087776,-34.669938605432456],[150.60253122907892,-34.669422228476563],[150.602575826188371,-34.668551732474626],[150.602414950344922,-34.667556342453146],[150.602469157468363,-34.666570175451291],[150.602335774623384,-34.665555772432171],[150.602599196769944,-34.66416345944657],[150.602769876849578,-34.663376049456673],[150.60277318993522,-34.662730109452546],[150.602790961030877,-34.661992763449085],[150.602680778184038,-34.660966232431996],[150.602701173357076,-34.659645389424767],[150.602859936507969,-34.658336701430201],[150.603125704630202,-34.657124088446054],[150.60279069578641,-34.656324694410053],[150.602522846937006,-34.655492752379963],[150.603129760923906,-34.654916300431232],[150.603844601922447,-34.654132199490888],[150.604406371947647,-34.653318401536417],[150.604459255050585,-34.652487221535509],[150.604211001166817,-34.651891165508815],[150.603896320197265,-34.652012913481016],[150.603727707225289,-34.651989893465505],[150.603499259263316,-34.651958716444504],[150.603337799290159,-34.651936674429649],[150.601454482662746,-34.651235174253429],[150.601010959750482,-34.651069959211924],[150.600360870886732,-34.650770447150713],[150.600351556888683,-34.650766153149839],[150.599963978967367,-34.650606729113477],[150.59965487301875,-34.650564805085061],[150.59726742049105,-34.649675408861683],[150.594205174224868,-34.64757315456864],[150.593248058406488,-34.647274250479498],[150.593024666448883,-34.647204484458697],[150.590697150806562,-34.647108433246316],[150.590718700795861,-34.64716488824866],[150.590742697784862,-34.64722075125124],[150.590768997773665,-34.647275718253994],[150.590797467762258,-34.647329547256966],[150.590827963750769,-34.647381914260109],[150.590854273741314,-34.647423525262766],[150.590881927731829,-34.647464266265558],[150.59091079172228,-34.647503743268466],[150.590940991712699,-34.647542154271484],[150.590972490703052,-34.647579327274606],[150.591034423686068,-34.647638166280636],[150.591104280668759,-34.647690471287348],[150.591176351651313,-34.64774082229426],[150.59124489963412,-34.647793843300867],[150.591304196617301,-34.647854126306676],[150.591358007599553,-34.647927612312074],[150.591406198581808,-34.648007123316987],[150.591447872564487,-34.648090846321374],[150.591481801548071,-34.64817629032504],[150.591507115532949,-34.648261753327937],[150.591804865438434,-34.648640139357603],[150.591918063388334,-34.648890359369638],[150.591968364244622,-34.649913387381254],[150.591871723224614,-34.65017110037423],[150.591724494079415,-34.651424707369465],[150.591787234999288,-34.65195667237883],[150.591932919908487,-34.652476294395669],[150.592093178853759,-34.652708783411839],[150.592176652810053,-34.652944122421054],[150.592097609755712,-34.653439981417279],[150.59178940170608,-34.654155124394173],[150.591604259700915,-34.654400198379001],[150.591541575643504,-34.654900816376752],[150.591496200636612,-34.655003050373324],[150.591481357574622,-34.655484924375294],[150.591332009527378,-34.656005586365296],[150.590977027461861,-34.65689261333911],[150.590942481428755,-34.657179235337935],[150.590991775381667,-34.657478012344477],[150.591000651311845,-34.657992274348828],[150.590965432285202,-34.658231432347264],[150.590777403274757,-34.658519049332149],[150.590437703290945,-34.65877569630301],[150.58915980738837,-34.65946631319153],[150.588576674447665,-34.65967026913988],[150.58828393846872,-34.659837984114418],[150.587962535501418,-34.659950274085965],[150.587349821578272,-34.660055367030964],[150.587013492626653,-34.660066159000436],[150.586432806696848,-34.660185745948453],[150.584820170843528,-34.660879580806572],[150.583615395974533,-34.661237060699477],[150.582953550014423,-34.661674572642312],[150.583804275890088,-34.661660939719567],[150.58376995289197,-34.66168466671661],[150.58371481589748,-34.661704826711741],[150.583712341897751,-34.66170570471153],[150.583548300914345,-34.661763567697001],[150.583444955922289,-34.661819044687981],[150.58336062292878,-34.661864258680637],[150.583189912928248,-34.662058319666428],[150.58311395292435,-34.662172071660315],[150.583149315862414,-34.662597751666461],[150.583149486853785,-34.662662292666916],[150.583150069843441,-34.6627393816675],[150.583098867829023,-34.662904497663988],[150.583082230814483,-34.663032449663348],[150.583061550801546,-34.663152350662301],[150.583057911790974,-34.663235769662535],[150.583038854788356,-34.663276752661098],[150.583032131770864,-34.663415460661433],[150.583042108747236,-34.663582046663478],[150.583054246728665,-34.663707819665461],[150.583053905724569,-34.663739050665633],[150.583090111702063,-34.663867539669816],[150.583126702671336,-34.664057539674445],[150.583145043637444,-34.66429162467773],[150.583163061599407,-34.664556939681184],[150.583167221579004,-34.664705731682588],[150.58316798357464,-34.664737365682882],[150.583091646548525,-34.665018438677862],[150.582997721536771,-34.665211298670663],[150.582968544535191,-34.665255759668312],[150.582850730528776,-34.665435262658839],[150.582746031522873,-34.66559607565042],[150.58274989451931,-34.665618422650923],[150.582825129472752,-34.66588432965959],[150.582968427401198,-34.666261990675224],[150.583158482309273,-34.666740181695793],[150.58317887528051,-34.666933533698973],[150.583189982264827,-34.667038994700718],[150.58317352424325,-34.667219161700459],[150.583028908241687,-34.667391834688495],[150.582900400256989,-34.667420133677005],[150.582772538274583,-34.667430620665449],[150.582580932310606,-34.66737339564763],[150.582421938344481,-34.667296089632643],[150.582389703351339,-34.667280402629615],[150.582230458389148,-34.667173902614394],[150.582054674436989,-34.66701067759729],[150.581868618490404,-34.666816446579034],[150.581702345520597,-34.666775104563627],[150.581479258557181,-34.666748992543162],[150.581411741565518,-34.666761147537116],[150.581270307583139,-34.666786640524428],[150.581107001610576,-34.666762375509407],[150.581031677621723,-34.666762653502566],[150.580982590628082,-34.666769600498149],[150.58078169866306,-34.666730642479614],[150.580654383692718,-34.666649697467484],[150.580585181707733,-34.666614110460948],[150.580392428736417,-34.666612963443406],[150.5802665837478,-34.666668055432353],[150.580034424769366,-34.666764400411907],[150.579879186776537,-34.666883459398612],[150.579693326787407,-34.667008748382571],[150.579627127792975,-34.66704082137678],[150.579491457794774,-34.667178284365399],[150.579355885794826,-34.667328753354099],[150.579264202802193,-34.667375796346079],[150.57918238780934,-34.667413032338906],[150.579026656823544,-34.667479849325211],[150.578872941841183,-34.667518493311505],[150.578769595851242,-34.66755819430238],[150.578665577855844,-34.667639748293482],[150.578577792850581,-34.667776807286444],[150.578593156838963,-34.667846906288325],[150.578609282830996,-34.667888785290074],[150.578659965817735,-34.667931714294987],[150.578810273774678,-34.668087723309711],[150.578827367769918,-34.668104638311384],[150.578910759746549,-34.668187187319546],[150.578892544740029,-34.668256245318354],[150.578806292741859,-34.668338812311084],[150.578667834749837,-34.668432952299142],[150.578495591766483,-34.66849977828393],[150.578357241772522,-34.668608511272112],[150.578236997779015,-34.668693678261761],[150.578166755782803,-34.668743437255735],[150.578080199790207,-34.668784142248128],[150.578011391795116,-34.66882391524215],[150.577941732798251,-34.668878282236193],[150.577839255809948,-34.668904367227057],[150.577790617812582,-34.668938779222877],[150.577666447819269,-34.66902666221219],[150.577422160844435,-34.66911009019055],[150.57718960786994,-34.669177696169875],[150.576974471892839,-34.669245267150785],[150.576794438905353,-34.669351866135152],[150.576687049904763,-34.669475748126239],[150.576667605896375,-34.669560144125057],[150.576661966857415,-34.669858859126592],[150.5766768918362,-34.670001942128941],[150.576675349828861,-34.670058702129189],[150.576675564824967,-34.670087566129411],[150.576690265807713,-34.670200790131545],[150.576704320784728,-34.670357830133888],[150.576684635768629,-34.670500491133069],[150.576684742766787,-34.670514439133171],[150.576663524743338,-34.670713861132633],[150.576608664725001,-34.670912870129008],[150.57655293470475,-34.671126831125406],[150.576498208684399,-34.671340756121893],[150.576632766645503,-34.671482826135112],[150.576801514609031,-34.671568566151045],[150.577004987565545,-34.671668658170226],[150.577156255526091,-34.671796502184854],[150.577189520500156,-34.671953864188971],[150.577206461476607,-34.672112168191589],[150.577185109457105,-34.672282331190821],[150.577146528455387,-34.672338159187696],[150.577109156440031,-34.672495064185384],[150.577083609437636,-34.672541497183374],[150.577038932433453,-34.672622657179879],[150.576984529424436,-34.672750985175817],[150.576967058421275,-34.672794084174527],[150.576947373405346,-34.672935751173718],[150.576893194392454,-34.67309294316987],[150.576891096377636,-34.673206454170469],[150.57690580636023,-34.673320673172576],[150.576935323323539,-34.673563058176939],[150.576967280296117,-34.673733714181012],[150.576965836286917,-34.673804413181358],[150.576949459281138,-34.673865736180289],[150.576996592263299,-34.673947236185121],[150.577033093250236,-34.674004623188857],[150.577159019232397,-34.673998447200255],[150.577243120221596,-34.673985790207816],[150.577297352214657,-34.673977642212684],[150.577236557178821,-34.674314364209479],[150.577120581174,-34.674479741200074],[150.577103809172343,-34.674510846198764],[150.577022478164338,-34.67466162019241],[150.576865993161164,-34.67485954417954],[150.576745103151296,-34.675068450169988],[150.576709946138124,-34.675206262167734],[150.576707499137257,-34.675215836167588],[150.576721357125592,-34.675287816169345],[150.576786238102443,-34.67538925217594],[150.576836096087476,-34.675446012180849],[150.576887101074249,-34.67548842118579],[150.576955407060524,-34.675515662192183],[150.576988117048131,-34.675572260195551],[150.577116903024177,-34.675608609207508],[150.577190336004918,-34.675671437214604],[150.577418899929057,-34.675986341237554],[150.577602697889546,-34.676078060254895],[150.577808492807009,-34.676468709276286],[150.577878035785886,-34.676549869283171],[150.578035031738182,-34.676733003298715],[150.578109638715517,-34.676820069306082],[150.578313955676606,-34.676884556325099],[150.578418395638181,-34.677056735335789],[150.578477162580128,-34.677427090343677],[150.578528042564415,-34.677488198348712],[150.578562491550883,-34.67755183335229],[150.578554602535092,-34.677678834352442],[150.578600982509244,-34.677821343357643],[150.578594734498864,-34.67790618735765],[150.578610089488933,-34.677963565359441],[150.578695650456496,-34.678112206368247],[150.578747247435047,-34.678215291373654],[150.578887588386522,-34.678423613387849],[150.579016347354752,-34.678518326400201],[150.579032213349706,-34.678538639401772],[150.579222520306985,-34.678647281419828],[150.579316122286428,-34.678697336428677],[150.579505183253929,-34.678731129446092],[150.57964658121935,-34.67883310345966],[150.57974463919615,-34.678897939469024],[150.579998590124774,-34.679150606493849],[150.58003145211373,-34.679197021497153],[150.580156554074193,-34.679354616509599],[150.580162739046699,-34.67955412751153],[150.580095311038434,-34.679690989506355],[150.579816780063624,-34.679812451481865],[150.579695945075059,-34.679860866471216],[150.579551767084638,-34.679949538458722],[150.579483551076578,-34.680086185453455],[150.579532127051976,-34.680216700458772],[150.579622395024415,-34.68032292246771],[150.579742252983493,-34.6804966614798],[150.579823224946949,-34.680680969488428],[150.579826971939582,-34.680732135489116],[150.579840489912868,-34.68091724149162],[150.579882315882401,-34.681099675496668],[150.579903479870751,-34.681163463499033],[150.579943163848952,-34.681282997503466],[150.579922465820886,-34.681516508503201],[150.579911681805982,-34.681640479503066],[150.579908499777531,-34.681857640504262],[150.579908023773356,-34.681889274504442],[150.579866385746755,-34.682135290502352],[150.579836634734875,-34.682257424500492],[150.579846503720404,-34.682355337502059],[150.579845687718716,-34.682368810502076],[150.579827042694404,-34.682571790501768],[150.579810306672641,-34.682754090501511],[150.579803413669168,-34.682787848501107],[150.579740539637555,-34.683095276497518],[150.579683994613163,-34.683341310494065],[150.579679072600698,-34.683440272494288],[150.579675173588242,-34.683538275494605],[150.57968896057676,-34.683608884496358],[150.579720585552252,-34.683757470500254],[150.579783844534433,-34.68382086350644],[150.579900260498164,-34.683963309517999],[150.580027370443446,-34.684232227531403],[150.580146825402636,-34.684405662543469],[150.580079917386826,-34.684598934538712],[150.579930540381355,-34.684806288526545],[150.579797747367849,-34.685055504516193],[150.579774557349054,-34.685222431515236],[150.57977504134891,-34.685222897515288],[150.579941942303151,-34.685380411531547],[150.580111721260664,-34.685510164547864],[150.580207807216397,-34.685735527558151],[150.580210603212407,-34.685762275558595],[150.580250637161356,-34.68610088056456],[150.580233847143347,-34.686254871564088],[150.580277224107647,-34.68647427356953],[150.58028955809749,-34.686536698571089],[150.580292490040961,-34.686957627574252],[150.58026865402087,-34.687135185573311],[150.580260506013985,-34.687195934572983],[150.580225474006255,-34.687292924570457],[150.580244925971442,-34.687532226573886],[150.580178035942367,-34.687825186569803],[150.580138988916076,-34.688065841567912],[150.580060902906467,-34.688224790561918],[150.58003977490003,-34.688296744560496],[150.580070556875199,-34.688449006564326],[150.580081026866708,-34.68850086256564],[150.580112168850434,-34.688588252569069],[150.580108232841297,-34.688661281569217],[150.580110034821871,-34.688804991570358],[150.580111531805954,-34.688923082571314],[150.580103302785915,-34.689082345571663],[150.580042149771828,-34.689256425567301],[150.580055084758214,-34.689344182569087],[150.58006769774272,-34.689446362570912],[150.579913945727213,-34.689733828558929],[150.579712246725308,-34.689972816542237],[150.579661303724976,-34.690031951538003],[150.579551009701646,-34.69032998553002],[150.579442249663856,-34.690734958522924],[150.579387424619881,-34.691125975520627],[150.579380612561152,-34.691573922523091],[150.579395519506875,-34.691964929527131],[150.579420277464891,-34.692252135531355],[150.579382575444811,-34.692445039529254],[150.5793604784335,-34.692554569527999],[150.579592916386787,-34.692646037549757],[150.579643275363225,-34.692766603555171],[150.579679893307144,-34.693146620561102],[150.579492841263544,-34.693682118547784],[150.579264410257281,-34.693983899529087],[150.579120851259802,-34.694124490516998],[150.578554656295807,-34.694485110468015],[150.578192849316707,-34.694731421436813],[150.577155521378927,-34.695420313347249],[150.577101261354954,-34.695660906343967],[150.576399314454846,-34.695693052280383],[150.575562253602698,-34.695516282203066],[150.574048484777279,-34.695893146068052],[150.568302714532393,-34.69662899255092],[150.568079688565859,-34.696626303530628],[150.567909219540724,-34.697005210517752],[150.567535050568125,-34.697216554485209],[150.567200270634913,-34.697088297453895],[150.567029442686618,-34.696890381437022],[150.567052686721979,-34.696599087437129],[150.567179617744927,-34.696285554446511],[150.567424237750032,-34.695974360466593],[150.567482234804402,-34.695501411468619],[150.56747890985676,-34.695112339465645],[150.567231564973497,-34.694511717439028],[150.566850406103981,-34.693957063400589],[150.566539237207621,-34.693525359369339],[150.566214443318273,-34.693056920336609],[150.566018822394796,-34.692700477316379],[150.565873390491248,-34.692138366299311],[150.565722624564216,-34.691758500283001],[150.565472447668412,-34.691255075256805],[150.565158097758001,-34.690932722226023],[150.564703065898044,-34.690388735180939],[150.563968212078692,-34.68985130911048],[150.563595694180009,-34.689505461074262],[150.563889933321292,-34.688116766091433],[150.564127831365141,-34.687522232108975],[150.564120679428697,-34.687052960105085],[150.564044333472026,-34.686812609096499],[150.564023420507112,-34.686572259092955],[150.564258799538493,-34.686074329110902],[150.564778311523895,-34.685604968154891],[150.565727372476005,-34.684906624236312],[150.566897898457768,-34.683738964334651],[150.567819205408711,-34.683080662413836],[150.568110178385297,-34.68293181643925],[150.568726698347973,-34.682525374492485],[150.568982971341171,-34.682290689514168],[150.569163005345729,-34.6820560135289],[150.569072800389563,-34.681827110519123],[150.568753967454398,-34.681695554489252],[150.568421348502227,-34.681707063459108],[150.567770021586682,-34.681798745400549],[150.567181102648192,-34.681993432348378],[150.565968760739651,-34.682657488242782],[150.565359142779101,-34.683041028190026],[150.565102859786634,-34.683269985168323],[150.564500144828827,-34.683624893116004],[150.564223002858512,-34.683710785091414],[150.563661746927323,-34.683819598041161],[150.562760915050347,-34.683899849959872],[150.562483738086172,-34.683939945934959],[150.561836283159636,-34.684109783877318],[150.561044193263825,-34.684210331806057],[150.560138468430154,-34.683970929722122],[150.559663043525745,-34.683782757677641],[150.559266136641497,-34.683355723638648],[150.559662885645764,-34.68288138667144],[150.560184520617298,-34.682513595716287],[150.560987833539087,-34.68220544378714],[150.561887320384898,-34.682361229869933],[150.56251550230462,-34.682263819926327],[150.562666707293175,-34.682180957939487],[150.562812875287221,-34.682062911951967],[150.562924272295902,-34.681873521960789],[150.562977205307391,-34.681728045964597],[150.563026615309752,-34.681655284968578],[150.563109891316941,-34.681508455975134],[150.5632215383161,-34.681390597984461],[150.563299893312404,-34.681330664991179],[150.563378212308635,-34.681271735997875],[150.563629349297173,-34.68107810701936],[150.563668118312677,-34.680918145021799],[150.563692492328414,-34.680772956022999],[150.563712114337022,-34.680686400024193],[150.563706718359015,-34.680527415022603],[150.563709166364418,-34.680483967022539],[150.563708655397079,-34.680239089020802],[150.56370805541556,-34.68010082001981],[150.563707616427962,-34.680008357019119],[150.563687475452042,-34.679850027016194],[150.563637564482349,-34.679677909010486],[150.563635332487053,-34.679645128010058],[150.563540153513799,-34.679550235000747],[150.563517905526368,-34.679480540998249],[150.563489713542339,-34.679392244995093],[150.563460554563591,-34.679264777991563],[150.563408465578561,-34.679210562986462],[150.563391532596199,-34.679097007984147],[150.563408439607116,-34.678996046984977],[150.563409112614579,-34.678939125984641],[150.563409103626014,-34.678853321984057],[150.563446224629985,-34.678782130986939],[150.563462548631747,-34.678750792988211],[150.563585687618058,-34.678716209999166],[150.563693703602809,-34.678710500008933],[150.563754560594077,-34.678708214014449],[150.563903883570532,-34.678718667028093],[150.563943539563468,-34.67872743403175],[150.56416003954422,-34.678630578050743],[150.564671134501083,-34.678385119095509],[150.564970282465168,-34.678321646122235],[150.565354273404921,-34.678346038157301],[150.565688632359951,-34.678311070187441],[150.565720347359701,-34.678277796190088],[150.565742094359479,-34.678254982191909],[150.56571206437178,-34.678196313188771],[150.565677544381174,-34.678163899185421],[150.565205806510164,-34.677720989139502],[150.564960095597286,-34.677340226114573],[150.564872572641377,-34.677106741105014],[150.564855846671378,-34.676900050102077],[150.564852665677108,-34.676860626101522],[150.5649489046952,-34.676617344108578],[150.565139623687287,-34.676464437124849],[150.565294172677341,-34.676366730138241],[150.565383849679137,-34.676253435145604],[150.565525544673079,-34.676141009157703],[150.565614270671119,-34.676056811165175],[150.565682756666376,-34.676015944171127],[150.565753285667256,-34.675930760176946],[150.56592769966187,-34.675776732191729],[150.566018945667366,-34.675634268199047],[150.566160918670647,-34.675450901210695],[150.56625120467811,-34.675294408217823],[150.566486037692385,-34.674925380236616],[150.56655766069494,-34.67482616724245],[150.566736807691143,-34.674655305257538],[150.566739344691001,-34.67465370025775],[150.566806843686635,-34.674611104263612],[150.566880151687343,-34.674524144269668],[150.567007244687943,-34.674378095280218],[150.567096454690187,-34.674261707287521],[150.567133073696283,-34.674175052290238],[150.567204095701157,-34.674059399295906],[150.567204588701316,-34.674057526295933],[150.567223046708051,-34.673986244297126],[150.567240803709211,-34.673957586298535],[150.567291110716695,-34.673845609302347],[150.567339928718695,-34.673776344306305],[150.567503111738887,-34.673442678318828],[150.567540619799473,-34.672946191318822],[150.567478553829943,-34.672786202312089],[150.567474609838143,-34.672728958311325],[150.567459175870312,-34.672504590308385],[150.567451027887245,-34.672386391306837],[150.56746222389063,-34.672348527307591],[150.567533390912388,-34.672105864312385],[150.567550718926753,-34.671978575313091],[150.567631807931292,-34.671854344319598],[150.567697559945714,-34.671672438324329],[150.567715515967564,-34.671488228324677],[150.567624067032909,-34.671099452313697],[150.567625762053495,-34.670942941312795],[150.567611062070938,-34.670828337310667],[150.567582127111422,-34.670556459306148],[150.567568826145703,-34.670313805303287],[150.567540358191792,-34.66999923229853],[150.567655942223212,-34.66963464130653],[150.56770885027754,-34.669167394308126],[150.567775544303203,-34.668900106312329],[150.567776001308857,-34.668857420312079],[150.567728967325564,-34.668783978307303],[150.567698329345461,-34.668668611303737],[150.567701576384763,-34.668369815301979],[150.567609508442615,-34.668037951291318],[150.567468864498522,-34.66777494827673],[150.567343540544414,-34.667569601263928],[150.567297735576147,-34.667382326258483],[150.567301912585691,-34.667306069258345],[150.567116681640613,-34.667099835240087],[150.566905204704256,-34.666857108219205],[150.566744446791915,-34.66637776920129],[150.566823523911097,-34.66539444820171],[150.566944486954412,-34.664933951209548],[150.566917926055197,-34.664206437202125],[150.566713825183314,-34.663471222178515],[150.566729027202712,-34.663308580178786],[150.566652654327299,-34.662457686165993],[150.56661045141135,-34.661873182158132],[150.565997663739864,-34.660087562090169],[150.56567073787329,-34.659449104056073],[150.56532744399928,-34.658885029020993],[150.56528293803629,-34.658656547015376],[150.565406273137341,-34.657759632020422],[150.5654664301845,-34.657338174022989],[150.565511196307853,-34.656361121020332],[150.565467945385791,-34.655823750012701],[150.565418419425043,-34.655583776006551],[150.565305938473642,-34.655344061994683],[150.565109511535383,-34.655098968975153],[150.564504361772123,-34.653993936912563],[150.564293510838723,-34.653728056891573],[150.563456848139907,-34.652396612806406],[150.563004014291408,-34.651762779760901],[150.562774948363625,-34.651474893738111],[150.561856355594443,-34.650763575649762],[150.561143414807162,-34.649958773579449],[150.560820361922055,-34.649454953546645],[150.560510944006381,-34.649165865516544],[150.560207630076206,-34.648978787487707],[150.559920209158633,-34.648679499459533],[150.559357441298374,-34.648256202405491],[150.559104316371958,-34.647985132380647],[150.55895479742864,-34.647725204365273],[150.558270120711995,-34.646357538293671],[150.55792777789955,-34.645328700255497],[150.557600889020989,-34.644780258222021],[150.557176849155979,-34.644237428179785],[150.557103012199292,-34.643994182171404],[150.557070841238698,-34.643733922166696],[150.557135364260716,-34.643496198170915],[150.557589569254418,-34.643037460209008],[150.557874319225789,-34.642935351234172],[150.558789811116554,-34.642736469315956],[150.559088554088106,-34.642617374342279],[150.559388400075363,-34.642379435367879],[150.559850180078485,-34.641841401406111],[150.559991058092209,-34.641580989417115],[150.560155556142348,-34.641020698428207],[150.560192757173695,-34.640743398429677],[150.560176282237137,-34.640285071425026],[150.560102688342511,-34.639574525413451],[150.560067711417815,-34.639047221406649],[150.559248295527198,-34.639137693332842],[150.558958230573921,-34.63910932230629],[150.55936640448175,-34.639347674345025],[150.559484254433102,-34.639582288357325],[150.559505274359196,-34.640114513362903],[150.559400556344428,-34.640342368354951],[150.559176699343681,-34.640597195336376],[150.558606706393505,-34.640858019286405],[150.558328688418101,-34.640982761262009],[150.557405487517173,-34.6412665231801],[150.557107380554555,-34.641317716153395],[150.556519065641623,-34.641318244099956],[150.556200306683536,-34.641358143071272],[150.555577910783285,-34.641302117014369],[150.555010248865784,-34.641313930962887],[150.554691013901021,-34.641404744934526],[150.553821506968859,-34.641863850858712],[150.553494814997634,-34.642011253830056],[150.552930173024862,-34.64243612678171],[150.552593772015996,-34.642877780754205],[150.551959487912427,-34.644363734706836],[150.551575244875949,-34.645066579676779],[150.551385064871823,-34.645309726661168],[150.551259550859783,-34.645540163651376],[150.551121881817664,-34.646010098642108],[150.551145176577251,-34.647792670656479],[150.551232422531996,-34.648035835666072],[150.55125133649895,-34.648263250669359],[150.551358159452377,-34.648494494680655],[150.551396740378664,-34.649005753687668],[150.551281579364456,-34.649241128678831],[150.551331866292514,-34.64972598868674],[150.551378299255333,-34.649954121692524],[150.551523192204002,-34.650178722707246],[150.551804284140729,-34.650340728733866],[150.552075713086765,-34.650444064759228],[150.553021681918665,-34.65065375084658],[150.553280713868077,-34.65074537087073],[150.553560918801537,-34.650933381897467],[150.554008507707124,-34.651144285939573],[150.553633292763863,-34.651136002905432],[150.552624637930393,-34.651008139812951],[150.552398144967782,-34.650979428792198],[150.54815012266846,-34.650446043402809],[150.547673951933717,-34.648981834349499],[150.547547955003893,-34.648594376335389],[150.548163852996396,-34.64796412138697],[150.548040815188585,-34.646655429366788],[150.547713622279389,-34.646337262334889],[150.547766179408939,-34.645304059332553],[150.548144012470829,-34.644416896360752],[150.547151834634661,-34.644291069269812],[150.54718320864626,-34.64416874727182],[150.546429830782216,-34.643985756202177],[150.546164755742382,-34.644581258182207],[150.546015558704198,-34.64503481617178],[150.545688649683996,-34.645551211145666],[150.545389368648472,-34.646152459122625],[150.545178328631465,-34.646515526105958],[150.544803326625924,-34.646975359075078],[150.544558337601188,-34.647434859055998],[150.544279015586767,-34.647854802033542],[150.54406795556983,-34.648217878016872],[150.543911307559824,-34.648467559004381],[150.543672477564257,-34.648700405984293],[150.543669267563587,-34.648709280984065],[150.543666238562906,-34.648717616983838],[150.543662975562199,-34.648726661983609],[150.543584251544985,-34.64894426097797],[150.543571665497154,-34.649318183979396],[150.543469993467767,-34.649652681972476],[150.543136043456144,-34.650112387945327],[150.542945544433849,-34.650492432930641],[150.542535802456115,-34.65078235289544],[150.542242628450509,-34.651151352871366],[150.541928909447961,-34.651520371845436],[150.541703846446609,-34.651781526826809],[150.541499534436156,-34.652088084810373],[150.54159004034824,-34.652648546822448],[150.541625856270684,-34.65319231882944],[150.541641253208695,-34.653641331833917],[150.541615869103481,-34.654461327837261],[150.541590719021372,-34.655107216839411],[150.541862457872526,-34.655923681869709],[150.541935258767211,-34.65663474688121],[150.541607527737398,-34.657224440855515],[150.541471880699248,-34.657662965846214],[150.541396929665382,-34.658001345841747],[150.541047741672116,-34.658340155812382],[150.540852116665206,-34.658610508796485],[150.540660195674377,-34.658755714780071],[150.540362723711326,-34.658809336753436],[150.539965517770099,-34.658810563717395],[150.539657396822463,-34.658760347689082],[150.539506926840204,-34.65879470567566],[150.539288972824295,-34.65915782665838],[150.539132645797679,-34.659532116646766],[150.538723112807844,-34.659912707612222],[150.538525507797175,-34.660213429596361],[150.538464827763221,-34.660536490593053],[150.538507055704258,-34.66093294859963],[150.538357139695592,-34.661165562587627],[150.538227652689898,-34.661352837577169],[150.538207697665769,-34.661556866576753],[150.538379715598154,-34.661873652594537],[150.538503919533781,-34.662218908608189],[150.538839960452435,-34.662456006640319],[150.538900172440435,-34.662479267645949],[150.539154319389667,-34.662577432669679],[150.539387410340964,-34.662683754691571],[150.539497281316841,-34.662742441701944],[150.539469085230905,-34.663420475704058],[150.539357578177743,-34.663944624697542],[150.539201038161025,-34.664245266685391],[150.539044542141255,-34.664568560673416],[150.538883583141939,-34.664743025660009],[150.538751157142514,-34.66488656564897],[150.538512050157578,-34.665040099628335],[150.538341125174583,-34.665102838613258],[150.538162992209237,-34.665040968596657],[150.538046039254397,-34.664831668584611],[150.537936016293287,-34.664661972573448],[150.53770968534937,-34.664492579551748],[150.537565607386483,-34.664373959537869],[150.537325623442399,-34.664221598515027],[150.537058371497722,-34.664103318489964],[150.536750054557672,-34.663996432461254],[150.536318572635111,-34.663895533421403],[150.535599354768635,-34.663693367354753],[150.535345252846923,-34.66338809032959],[150.535172885931161,-34.662946615310915],[150.535151533972737,-34.662657787306991],[150.534986767020456,-34.662482568290834],[150.534924289071142,-34.662171142283029],[150.535060320090878,-34.661870545293297],[150.535031815147818,-34.661474069287983],[150.534880235217685,-34.661117554271783],[150.534516548315906,-34.660784193236488],[150.53442027435122,-34.66062579122665],[150.534898918300769,-34.660471656269038],[150.534554433459391,-34.659662434232203],[150.534060704576859,-34.659329386185121],[150.533635541679701,-34.659030177144473],[150.532942622862038,-34.658431374077487],[150.532346111002227,-34.658041943020699],[150.531914528086446,-34.657890029980493],[150.531565191152424,-34.657783258948065],[150.531201941230989,-34.657597193913823],[150.531180571274859,-34.657291324909778],[150.531179514324663,-34.656917446907109],[150.53096682438175,-34.656725348886496],[150.530665578432348,-34.656680770858863],[150.530118465495235,-34.656818043810176],[150.529804073522172,-34.656966093782671],[150.529510218545369,-34.657119765757074],[150.528942704605242,-34.657302410706855],[150.528457381649986,-34.657507527664229],[150.527971761708301,-34.657610698620886],[150.527451497792072,-34.65756097057335],[150.527131090780045,-34.658009278547368],[150.526913320752811,-34.658457326530701],[150.526757052720995,-34.65887126551938],[150.526134723791273,-34.659037031464052],[150.524862323953244,-34.659238372350046],[150.523719989094474,-34.659450702247895],[150.522823625218876,-34.659515124167044],[150.521873190317422,-34.659834635083044],[150.521182832376695,-34.660159171022677],[150.520129249513843,-34.66030329292812],[150.519438212607156,-34.660372858865955],[150.518877214680401,-34.660447837815596],[150.51806577565003,-34.661582744749822],[150.517869970545092,-34.662591558739003],[150.517592314437991,-34.663708218721503],[150.517347451396745,-34.66429229470333],[150.516191613525706,-34.664612209600733],[150.514671662777886,-34.664411802461551],[150.514491325799384,-34.664451253445485],[150.514205600850687,-34.664384202419114],[150.513874849902777,-34.664361309388973],[150.513548363944579,-34.664411579359715],[150.512644581046487,-34.664653723279457],[150.511753769132895,-34.66499847720106],[150.51138471516083,-34.665200293169015],[150.511097771189924,-34.665301865143689],[150.510813919224432,-34.66535911811836],[150.510178339304247,-34.665468516061502],[150.509855674335654,-34.665592479033108],[150.509539696352846,-34.665816105005995],[150.509352664349535,-34.666049966990656],[150.509098125357667,-34.666273188969122],[150.50820095244589,-34.666611473890136],[150.507361657585875,-34.666495283813276],[150.507062368640106,-34.666420891785627],[150.506755371685728,-34.66642054175783],[150.506480322713088,-34.666521943733592],[150.506197555731745,-34.666697378709181],[150.505849073769838,-34.666800070678285],[150.505568618810059,-34.666810612652945],[150.504756259948351,-34.666676888578408],[150.504220620011523,-34.666799866530717],[150.503930924028907,-34.66699247650579],[150.503434243040857,-34.667457907463984],[150.502883507106759,-34.667577031414901],[150.502592762130917,-34.667720106389538],[150.502397788128775,-34.667954309373485],[150.501842455150495,-34.668411556326305],[150.501668108144514,-34.66865143431216],[150.501512639106977,-34.669108071301217],[150.501419129058746,-34.669576012295956],[150.501435830992648,-34.670055202300773],[150.501528340914547,-34.670539968312475],[150.501855239801756,-34.671024392345444],[150.50212955473765,-34.671200813371506],[150.502411193679222,-34.671325896397889],[150.502995716568336,-34.671507551452095],[150.50355329247131,-34.671615073503361],[150.504673572248493,-34.672041194607814],[150.505249571112358,-34.672422531662626],[150.505413021055546,-34.672667571679128],[150.505473188016367,-34.672895679686135],[150.50547121698483,-34.673135296687612],[150.505338228972732,-34.673375102677213],[150.505108984975635,-34.673609449658052],[150.504827311998355,-34.673753358633519],[150.504552630028343,-34.67383434960918],[150.50369438613032,-34.674025957532713],[150.503131262190124,-34.674205123482928],[150.502575201262545,-34.674281337433065],[150.501723528345281,-34.674610158358156],[150.501165363377709,-34.674990055310197],[150.50098326939144,-34.675090211294396],[150.500773962399364,-34.675264687276623],[150.500629975381656,-34.675558950265597],[150.500600646344708,-34.67587028026508],[150.500526542310638,-34.676209775260702],[150.500455540277926,-34.676535609256511],[150.500454035234952,-34.676860914258604],[150.500508143183794,-34.677185770265744],[150.500603754128093,-34.677498498276563],[150.50073441406488,-34.677828697290657],[150.501226276931476,-34.678283404338366],[150.501663198831437,-34.678548433379767],[150.501825062775993,-34.678784671396059],[150.501827026744309,-34.679021169397856],[150.501773395720875,-34.67925775739463],[150.501240652707509,-34.679954372351155],[150.500826964709773,-34.680399623316731],[150.500548346742363,-34.680465796291934],[150.500246726753517,-34.680719208266368],[150.499953299755617,-34.681031370241911],[150.499647051775156,-34.681226792215512],[150.49935115779067,-34.681440779190183],[150.499040607813072,-34.681619403163282],[150.498747744842404,-34.681726181137471],[150.498326049861788,-34.682051716101512],[150.491437546024599,-34.680997365470283],[150.490650756154423,-34.680899234398375],[150.489833721289273,-34.68079732032367],[150.489788408296761,-34.680791664319536],[150.489035843420965,-34.680697791250743],[150.488922484439684,-34.680683645240379],[150.488813840457595,-34.680670091230432],[150.485871328922229,-34.680461274962553],[150.483388745395416,-34.679673451732363],[150.469356840674948,-34.678196250452238],[150.46928468968693,-34.678187044445643],[150.469265157683196,-34.678236920444213],[150.46923475167921,-34.678301022441907],[150.469195794675898,-34.678369669438858],[150.469192513675694,-34.678374778438602],[150.469094332666032,-34.678557546430966],[150.468831258667365,-34.678842100409106],[150.468623877673224,-34.679030121391655],[150.468450604668789,-34.679257978377542],[150.467639843701505,-34.679919463308735],[150.466461704813071,-34.68039758120544],[150.46623220982832,-34.680539787185651],[150.465975966836169,-34.680767590164045],[150.465525922867556,-34.681035104125158],[150.465248416891342,-34.681166329100968],[150.464644990966008,-34.681279457047154],[150.464013686039323,-34.6814333629911],[150.4635415280801,-34.681655070949923],[150.463319956097166,-34.681774390930691],[150.46292502211432,-34.682087719897126],[150.462835356114027,-34.682190205889718],[150.462697346091517,-34.682514639879457],[150.462524234079382,-34.682800232865773],[150.462337936078427,-34.683016130850412],[150.462164411085354,-34.683158380835678],[150.461728170123678,-34.683358207797596],[150.461311175170664,-34.683470778760665],[150.460914035208759,-34.683628437725829],[150.460531148236527,-34.683847912692706],[150.460441194232573,-34.683978778685464],[150.460183855240786,-34.68420510166375],[150.460023964232988,-34.684443041650916],[150.459676797231964,-34.684840066622257],[150.459434034216883,-34.685225840602939],[150.459189935215477,-34.685510025582822],[150.458946598223974,-34.685718510562253],[150.4588075392235,-34.685877907550768],[150.458724926205662,-34.68610542254487],[150.458656439142629,-34.686657720542463],[150.458566798125787,-34.686885181535928],[150.458406978114823,-34.687147036523271],[150.458031824112794,-34.687582695492331],[150.457733447121768,-34.687849570467186],[150.456503698178466,-34.688800334362497],[150.455740042225443,-34.689301868296901],[150.454559520302382,-34.690044877195263],[150.454114821322349,-34.690392566157449],[150.453101291384456,-34.691060606070387],[150.452316459446536,-34.691471978002262],[150.451816463494339,-34.691672094958435],[150.451343279552276,-34.691764992916283],[150.451135147581709,-34.691776620897549],[150.450460536689121,-34.691722466836204],[150.449924991779085,-34.69164400978724],[150.448946075967427,-34.69132041069652],[150.448447138051449,-34.691245932650915],[150.448044724125225,-34.69114046661381],[150.447400115233478,-34.691046377554891],[150.446079577409733,-34.691197118436563],[150.44573003144987,-34.691286035405582],[150.445099594533076,-34.691365130349148],[150.444729055586293,-34.691379055315757],[150.444330468654158,-34.691314025279283],[150.444017889719561,-34.691170693250044],[150.443024914956567,-34.690495703155662],[150.442746918013142,-34.690380706129751],[150.441829940179673,-34.690151719045311],[150.441551952221033,-34.690151721020193],[150.441252963257909,-34.690208725993557],[150.440926975292683,-34.690311733964812],[150.4402949973381,-34.690677749910222],[150.440210998340802,-34.690751748903132],[150.439815016374638,-34.690940755868652],[150.439676011391441,-34.69096975285629],[150.4390510204843,-34.690969747799819],[150.438009030645247,-34.690923744705351],[150.43746703771825,-34.69098074265677],[150.43678603980274,-34.691106743596102],[150.435904050899808,-34.691363743518188],[150.435647051929664,-34.691426740495409],[150.43514007299359,-34.69151274545019],[150.434897066029691,-34.691512743428227],[150.434744068056261,-34.691483744414207],[150.434293068146104,-34.691311738372285],[150.434133068185133,-34.691196738357043],[150.434029066219495,-34.691053734346674],[150.43380706031698,-34.690566736323262],[150.433564052406155,-34.690165729298556],[150.433497242431116,-34.69005238829174],[150.433496418431474,-34.690050640291659],[150.433473971440719,-34.690006071289318],[150.433449652450093,-34.689962595286829],[150.433422562460123,-34.689917076284061],[150.433394621470313,-34.689871511281233],[150.433364950480581,-34.689827265278247],[150.433332688490907,-34.689785663275053],[150.43329694850118,-34.689748067271559],[150.433266219509363,-34.689720754268592],[150.433233563517632,-34.689694713265474],[150.433199249525899,-34.689670860262197],[150.433163518533945,-34.689650134258834],[150.433126649541663,-34.689633452255386],[150.433105126545854,-34.689625815253379],[150.433083083550002,-34.689619208251344],[150.43306069155409,-34.689613686249288],[150.433038093557997,-34.689609294247205],[150.433015503561791,-34.68960604824516],[150.432977344567746,-34.689604022241689],[150.432938915573487,-34.689603690238215],[150.432900423579042,-34.689605061234758],[150.432862111584313,-34.68960812723131],[150.432824202589359,-34.689612878227933],[150.432792487593389,-34.689617879225089],[150.432760710597307,-34.689623822222259],[150.432729228601033,-34.68963107421947],[150.432698392604465,-34.689640029216747],[150.432668577607387,-34.68965108121413],[150.432627872610738,-34.689671375210594],[150.432588878613217,-34.689696447207233],[150.432551453615019,-34.689724881204057],[150.432515418616333,-34.689755286201013],[150.432480647617439,-34.689786266198077],[150.432449138618153,-34.689815838195429],[150.432418723618611,-34.689846826192891],[150.43238953761869,-34.689879069190482],[150.432361721618406,-34.689912424188201],[150.432335439617759,-34.689946711186067],[150.432191325617993,-34.690106610174141],[150.431972236604196,-34.690456840156756],[150.431829333579856,-34.690800967146224],[150.431720573558835,-34.691081969138317],[150.431690661555336,-34.691141849136038],[150.431615417555861,-34.691222363129796],[150.431536498557278,-34.691300089123196],[150.431454315559648,-34.691374651116291],[150.431369301562853,-34.691445654109103],[150.431281866566991,-34.691512739101654],[150.431186542572505,-34.691578283093499],[150.431087481579141,-34.691638987084964],[150.430985802586719,-34.691696006076171],[150.430882644594845,-34.691750479067231],[150.430779127603188,-34.691803581058238],[150.430690240610829,-34.691845836050504],[150.430599640619107,-34.691884829042593],[150.43050870962756,-34.691923131034642],[150.430418836635596,-34.691963316026794],[150.43033141064268,-34.692007947019214],[150.430222031650146,-34.692074414009788],[150.430116327656208,-34.692147479000745],[150.430012685661382,-34.692224244991905],[150.429909491666479,-34.692301854983128],[150.429805132671987,-34.692377401974205],[150.42970272767792,-34.692447776965459],[150.429599793683991,-34.692517417956623],[150.42949699368998,-34.69258724594782],[150.429395018695743,-34.692658176939105],[150.429294550701059,-34.692731124930525],[150.429228395704257,-34.692780990924881],[150.42916269870733,-34.69283148491931],[150.429097476710297,-34.692882614913756],[150.429032746713062,-34.692934335908276],[150.428968519715653,-34.692986667902836],[150.428736064720454,-34.693211436883381],[150.428583640715175,-34.693422438871067],[150.428447038705912,-34.693646043860269],[150.428278818716279,-34.693756299845838],[150.428037883732685,-34.69390294782508],[150.427803886754674,-34.693999532804604],[150.427580941776029,-34.694088542785089],[150.427441416777782,-34.694231758773469],[150.427324292773818,-34.694393297764009],[150.427222398769175,-34.694542877755815],[150.427081878761044,-34.694761938744641],[150.426940148753715,-34.69497651673332],[150.426894817728396,-34.695218785730894],[150.426778948706499,-34.69551423672246],[150.426664209695076,-34.695729380713573],[150.426549442677754,-34.695989155704979],[150.426392159675572,-34.696182202692107],[150.426251630673221,-34.696357742680618],[150.426030236677946,-34.696570634662088],[150.425776339687133,-34.696786180640636],[150.425561148694328,-34.696973534622501],[150.425292119710434,-34.697154164599439],[150.4251558757027,-34.6973655075886],[150.424955009705485,-34.697569902571864],[150.42472378271583,-34.697751341552227],[150.42446707073654,-34.69788314752995],[150.424207687769353,-34.697926748506831],[150.423919206814816,-34.697907259480644],[150.423659912871102,-34.697773463456308],[150.42340372091698,-34.697714479432769],[150.423145171953166,-34.697731322409552],[150.422975759970257,-34.697792447394669],[150.42281123497861,-34.697913926380657],[150.422689413984244,-34.698008425370304],[150.422588478977843,-34.698170296362299],[150.42255636096084,-34.698334749360519],[150.422517206937954,-34.698551489358486],[150.42246919592472,-34.698705553355197],[150.422331561928587,-34.698830950343627],[150.422231317930766,-34.698927017335237],[150.422025413953236,-34.698988483317073],[150.421831799980197,-34.699002233299694],[150.421584052014765,-34.699019300277442],[150.421298494055094,-34.699035569251762],[150.421061001085718,-34.699070708230558],[150.420744140135525,-34.699050601201812],[150.420377861189223,-34.699056229168782],[150.420091612226656,-34.699094801143211],[150.419785813270011,-34.699110631115687],[150.419564402303592,-34.69910594209567],[150.419393502331815,-34.699084464080109],[150.419212492364579,-34.699040460063472],[150.419045079395687,-34.698993407048022],[150.418901699427693,-34.698912256034525],[150.418726165465699,-34.69882262501806],[150.418466952510727,-34.69877360899433],[150.418247692547368,-34.698743301974318],[150.418039269576695,-34.698755617955591],[150.41787780958623,-34.69886487894177],[150.417768484579909,-34.699035499933075],[150.41770942156154,-34.699240657929153],[150.417599020550796,-34.699445843920593],[150.417465421536747,-34.699701863910285],[150.417320742523231,-34.699966569899054],[150.417188497509017,-34.700222617888869],[150.417024885509733,-34.700401009875328],[150.416863453513685,-34.700552670861796],[150.416706080522744,-34.70066090184833],[150.416385061543934,-34.700861622820739],[150.416126691546452,-34.70113283679926],[150.415899651551143,-34.701352283780288],[150.415540552588425,-34.701474085748714],[150.415207090644714,-34.70142349271827],[150.414991845692072,-34.701307345698034],[150.414619192765656,-34.701170007663457],[150.414344310826806,-34.701016884637582],[150.413970590895985,-34.700914120603152],[150.41351288697669,-34.700818482561182],[150.413285801021431,-34.700735556540117],[150.412880232092022,-34.700657766502978],[150.412548644150235,-34.70059046447259],[150.412275931191573,-34.700584672447938],[150.412024562222825,-34.700630648425566],[150.411833404242657,-34.700695762408756],[150.411536408270507,-34.700818873382801],[150.411261526297267,-34.700925715358728],[150.411028265316645,-34.701041251338474],[150.410897838315748,-34.701194687327771],[150.410778779315478,-34.701330501317941],[150.410626534311206,-34.701533678305594],[150.410391641329682,-34.701658107285247],[150.410108118366907,-34.701695585259927],[150.409796493420913,-34.701637632231396],[150.409476782487673,-34.701492478201565],[150.409229187540063,-34.701374521178401],[150.409012877583081,-34.701292930158317],[150.40867697862933,-34.701320368128208],[150.408488268647773,-34.701393344111679],[150.408323860639626,-34.70163976409853],[150.408275535619481,-34.701846259095582],[150.408270149597428,-34.702019084096285],[150.408307161571315,-34.702174959100695],[150.408354151545865,-34.702314314105891],[150.408454342508975,-34.702480461116082],[150.408500812481435,-34.70263653312135],[150.408473562455868,-34.702860212120427],[150.40843740243966,-34.703023455118284],[150.408305614433203,-34.70322036710774],[150.408219228434945,-34.703304440100531],[150.408060458449853,-34.703370236086649],[150.407851749483825,-34.703347942067658],[150.407603034531718,-34.703265670044644],[150.407419164575657,-34.703140129027204],[150.407173397635631,-34.702963072003811],[150.407024621691363,-34.70270886198864],[150.4068885287532,-34.702394673974197],[150.406820984791892,-34.702177897966621],[150.406753476825031,-34.70200352095933],[150.406657067871635,-34.701759359948952],[150.406443454931321,-34.701548400928239],[150.406302522973363,-34.701389190914426],[150.40611834801598,-34.701273689897008],[150.405858589064508,-34.701198983873056],[150.405605876096018,-34.70124492385056],[150.405268086128899,-34.701376084820986],[150.405001578149808,-34.701517670797934],[150.404797997158965,-34.701677345780659],[150.4044869741696,-34.701946300754429],[150.404142954182788,-34.702233515725368],[150.403822447200497,-34.702459874698022],[150.4034719822331,-34.7026074836674],[150.403176313260786,-34.702730604641566],[150.402868777291445,-34.70284453661462],[150.402586608334218,-34.702838520589133],[150.402250978375918,-34.702900533559266],[150.401934764416922,-34.702946222531061],[150.401618057450122,-34.703051038503204],[150.401536135460162,-34.703067487495929],[150.401454491469821,-34.703086078488688],[150.401373295479175,-34.703106767481501],[150.401292718488151,-34.703129526474392],[150.401212921496722,-34.703154303467365],[150.401093386509558,-34.703191879456853],[150.401034179515648,-34.703212371451635],[150.400976782521042,-34.703236018446624],[150.400922272525435,-34.703264344441891],[150.400875453528784,-34.703291622437867],[150.40082729953204,-34.703321006433718],[150.400782138534481,-34.703353267429875],[150.400744283535374,-34.703389150426702],[150.400718064533947,-34.703429434424613],[150.400706240531093,-34.70346414242379],[150.400699383527126,-34.703501908423441],[150.400696855522341,-34.703541170423478],[150.400698066516981,-34.70358040542385],[150.400702341511362,-34.703618081424501],[150.400715985502785,-34.703667159426061],[150.400739085493058,-34.703714928428482],[150.40076792348259,-34.703761729431399],[150.400798795471871,-34.703807939434498],[150.400828035461444,-34.703853897437455],[150.400862045448974,-34.703910021440912],[150.400897327436411,-34.703965481444463],[150.400933811423727,-34.704020179448129],[150.400971460411029,-34.704074053451897],[150.401010212398234,-34.704127021455768],[150.401234366341498,-34.704303621477202],[150.401362597293456,-34.704522818490283],[150.401504354249113,-34.704698781504263],[150.401520839230699,-34.70481962550658],[150.401547041206186,-34.704975276510005],[150.401480887199114,-34.705103299504941],[150.401332076208945,-34.705196067492132],[150.401099075235265,-34.705259147471558],[150.400839863280282,-34.705210105447833],[150.400549850336802,-34.705109071420971],[150.400163717395344,-34.705100824386086],[150.399799187456324,-34.70504953135287],[150.399431699505271,-34.705092997320008],[150.399042849558413,-34.705128208285167],[150.398552196630419,-34.70513557624097],[150.398149022690177,-34.705137108204603],[150.398123385670289,-34.705316334203523],[150.398116268664808,-34.705366021203226],[150.398032661653616,-34.705544432196909],[150.397929782640858,-34.705756448189099],[150.397911119641805,-34.70577051318751],[150.397652670640895,-34.706067866166237],[150.397256686656704,-34.706393868132764],[150.39701369067555,-34.706524877111754],[150.396742700705914,-34.706599878087815],[150.395915708814641,-34.706707876013972],[150.394650727004404,-34.706695880899815],[150.394199731062486,-34.706763889859609],[150.393858741095102,-34.706900886829793],[150.393782744086707,-34.707049885823963],[150.393795752063625,-34.707209893826246],[150.393955750996582,-34.707536881842913],[150.394163751920246,-34.707879889864024],[150.394337752863976,-34.708109878881295],[150.394371753843842,-34.708223891885154],[150.394371753822668,-34.70838388988625],[150.394246760805686,-34.708652890876834],[150.394093763809394,-34.708796896864015],[150.393794769829015,-34.708984898838345],[150.393120794886158,-34.709310899779808],[150.392703798902858,-34.709653906744549],[150.391833817927818,-34.710443910671522],[150.390909846946556,-34.711341921594375],[150.390547854945083,-34.711759921564614],[150.390060868968391,-34.712131926523256],[150.389539882980046,-34.7126299284797],[150.389205893001019,-34.712846937451083],[150.389031903002746,-34.713029937436652],[150.388913910001406,-34.713172939427004],[150.38871889898266,-34.713533936411892],[150.388704906968087,-34.713659934411496],[150.388689766957754,-34.713755302410789],[150.38867836494677,-34.713850993410418],[150.388689766928223,-34.713978595412314],[150.388726250901101,-34.714142645416736],[150.388796932860743,-34.714368215424663],[150.388851658831214,-34.714529988430712],[150.388899535805393,-34.714671252435991],[150.388926893788067,-34.714771523439147],[150.388949698772308,-34.714864928441841],[150.388967940763905,-34.714908215443785],[150.388999861749511,-34.714981128447157],[150.389022657734074,-34.715072274449831],[150.38903405972755,-34.715108730451128],[150.389140480681846,-34.71533434546226],[150.389246140627733,-34.715624725473788],[150.389272557605494,-34.715763317477119],[150.389305581569204,-34.71600088948172],[150.389358415533366,-34.716212072487949],[150.389417847496617,-34.71642326449475],[150.389464075462683,-34.716627840500323],[150.389530123416193,-34.716905016508193],[150.38958955537592,-34.717142606515161],[150.389642389350598,-34.717274592520845],[150.389761252317214,-34.717393383532368],[150.389939555275845,-34.717505567549225],[150.390117867237109,-34.717597959565929],[150.390322578200539,-34.717644160584705],[150.390566910160658,-34.717670550606925],[150.390791440130727,-34.717644152626995],[150.391115023090435,-34.717584757655757],[150.391359354060228,-34.717538557677464],[150.391663135019343,-34.717505561704634],[150.391867845989765,-34.717498963723052],[150.392006518969112,-34.717498964735555],[150.392125390947939,-34.717525354746456],[150.392224442925368,-34.717584749755801],[150.39230369390134,-34.717677150763571],[150.392316898887145,-34.717769542765389],[150.392303694871657,-34.717901528765111],[150.392244263861301,-34.718046717760757],[150.392191430859583,-34.718119299756488],[150.392072567863323,-34.718224903746474],[150.391953705868758,-34.718317295736405],[150.391782009881211,-34.71841629372161],[150.391643327891387,-34.718495481709652],[150.391458427907537,-34.718581275693566],[150.391253716927537,-34.718660471675648],[150.39108861794341,-34.718726464661209],[150.390910323959474,-34.718805661645675],[150.39083107396425,-34.718858450638891],[150.390606552974987,-34.719030047619825],[150.390317876989968,-34.719241659595255],[150.390305873990883,-34.719248095594217],[150.390293772991868,-34.719254415593163],[150.390281572992848,-34.719260609592112],[150.39026928299387,-34.719266678591048],[150.390256912994943,-34.719272621589973],[150.390222311998087,-34.719287887586951],[150.390186805001491,-34.719301834583838],[150.390150743005108,-34.719314994580692],[150.390114511008818,-34.71932787557752],[150.390078458012425,-34.719340989574349],[150.390013872018898,-34.719364950568675],[150.389949116025406,-34.719388588563014],[150.389884154031989,-34.719411858557308],[150.389818977038658,-34.719434707551592],[150.389753585045412,-34.719457099545856],[150.389723923048535,-34.719467076543246],[150.389694207051662,-34.719476963540636],[150.389664456054817,-34.719486752538025],[150.389634659057975,-34.71949646053541],[150.389604818061088,-34.719506078532774],[150.389490931071123,-34.719558562522863],[150.389172386101507,-34.719687204495038],[150.388848437134243,-34.719804282466626],[150.388520534168862,-34.719911590437796],[150.388190121204872,-34.720010928408691],[150.387858677241894,-34.720104099379462],[150.387696554260771,-34.720143917365128],[150.387532827280523,-34.720178697350597],[150.387369198300291,-34.720213397336082],[150.387207353319155,-34.72025298132175],[150.387048977336178,-34.72030240930782],[150.386901323351339,-34.720353996294861],[150.386751642366448,-34.720408094281737],[150.386605995380052,-34.72046934426902],[150.386470441390543,-34.7205423922573],[150.386351050396513,-34.720631879247158],[150.386271271397362,-34.720715235240533],[150.386200106395592,-34.720808720234764],[150.386135198391997,-34.720908767229595],[150.386074153387483,-34.721011808224794],[150.38601457938276,-34.721114294220136],[150.38592552237219,-34.721294559213341],[150.385853739357657,-34.721485286208193],[150.385786904342041,-34.721678800203485],[150.385712655328149,-34.721867430198088],[150.385618668318813,-34.722043518190823],[150.385565144316104,-34.722124552186557],[150.385509236313851,-34.722204484182065],[150.385450531312273,-34.722282390177313],[150.385388635311585,-34.722357347172242],[150.385323135311921,-34.722428422166836],[150.385273367312607,-34.722479427162696],[150.385222273313474,-34.722530172158429],[150.385169179315028,-34.722578443153978],[150.385113423317563,-34.722622008149258],[150.385054314321508,-34.722658635144171],[150.384975727328879,-34.722691452137312],[150.384891017338617,-34.722713208129825],[150.384802677349796,-34.722727900121967],[150.384713225361594,-34.722739544113992],[150.384625154373026,-34.722752165106122],[150.384489941391024,-34.722768318094047],[150.3843532584103,-34.722776206081789],[150.384216279429921,-34.722782059069488],[150.384080197448867,-34.722792072057281],[150.383946221466118,-34.722812456045347],[150.383814226481718,-34.722842915033645],[150.38368276049647,-34.722879407022042],[150.383552961510134,-34.722922156010661],[150.383425987522514,-34.722971323999538],[150.383302965533431,-34.723027159988824],[150.383180705543225,-34.723091019978256],[150.383060704551724,-34.723161798967936],[150.382944549558772,-34.723239247957984],[150.382833835564156,-34.723323159948585],[150.382730148567674,-34.723413300939853],[150.382629035569522,-34.723513033931411],[150.382532331569791,-34.723620126923443],[150.382442880568078,-34.723733655916163],[150.382363540564171,-34.72385268890983],[150.382297135557678,-34.723976292904688],[150.382242607546203,-34.724124646900798],[150.382207639530549,-34.724282376898728],[150.382184512512396,-34.724445574897764],[150.382165518493451,-34.724610341897183],[150.38214292047536,-34.724772760896265],[150.382117140453971,-34.724963567895237],[150.382098577431265,-34.725156086894899],[150.382079663408632,-34.725348301894513],[150.382052835387555,-34.725538175893391],[150.38201051636932,-34.725723702890846],[150.381972052359089,-34.725844205888222],[150.381927797349988,-34.725963130885035],[150.381879598341584,-34.7260808718815],[150.381829284333605,-34.726197833877777],[150.381778691325735,-34.726314418874011],[150.381715316316814,-34.726453109869261],[150.381647692308832,-34.726589997864096],[150.381578939300994,-34.726726384858836],[150.381512158292793,-34.726863577853763],[150.381450459283542,-34.727002886849164],[150.381397617275155,-34.727125782845242],[150.381343699266864,-34.727249386841223],[150.3812937432578,-34.727374048837575],[150.381252760247236,-34.727500099834742],[150.38122578823436,-34.727627916833193],[150.381218975218445,-34.727756127833459],[150.381228531199753,-34.727886446835221],[150.381245384179863,-34.728017920837644],[150.381260471160232,-34.7281495658399],[150.381264730142277,-34.728280394841192],[150.381262068121998,-34.728436743842025],[150.381258339101322,-34.72859756684278],[150.381245360082289,-34.728755842842709],[150.38121490106721,-34.728904519840974],[150.381158769058089,-34.729036576836833],[150.381122250056023,-34.72909338083393],[150.381081258054877,-34.729148177830602],[150.381036492054619,-34.729200446826923],[150.380988705055245,-34.729249622822948],[150.380938623056636,-34.729295177818742],[150.380847845061737,-34.729359090811016],[150.380746229070041,-34.72941058880221],[150.380638159080348,-34.729454403792772],[150.380528046091371,-34.729495270783126],[150.380420290101739,-34.7295379477737],[150.380285498115967,-34.729582041761873],[150.380136696133491,-34.729617305748697],[150.379993739149882,-34.729654281736074],[150.379876499160815,-34.729703466725844],[150.379804841161956,-34.729775411719878],[150.379782512154009,-34.729860838718452],[150.379784610140717,-34.729959217719319],[150.379802341124105,-34.730064678721632],[150.379826965106332,-34.730171331724584],[150.379849690089486,-34.730273296727333],[150.379892027063022,-34.730425415732192],[150.379951862034488,-34.730574064738597],[150.380018062005121,-34.730721531745587],[150.380079474976355,-34.730870099752138],[150.380124967949456,-34.731022057757279],[150.380157032921261,-34.731199319761387],[150.380177363894319,-34.731380176764461],[150.380187116868711,-34.731562844766593],[150.38018743184449,-34.731745502767865],[150.380179417821751,-34.731926377768389],[150.38017229280473,-34.732063122768686],[150.380164359787472,-34.732202700768937],[150.380149309771497,-34.732340387768524],[150.380120903758439,-34.732471386766854],[150.380072847749773,-34.732590956763339],[150.380035521747118,-34.732653005760397],[150.379992539745643,-34.732712346756948],[150.379945523745135,-34.732769384753105],[150.379896105745217,-34.732824530749035],[150.379845943745579,-34.732878224744866],[150.379719488748719,-34.732997024734289],[150.379579363755369,-34.733104089722396],[150.379430006764721,-34.73320190470961],[150.379275834775626,-34.733292897696344],[150.37912127778722,-34.733379524683002],[150.378897832806132,-34.733488087663616],[150.378664428828927,-34.733578488643197],[150.378425888853712,-34.733659782622254],[150.378187007878552,-34.733741022601293],[150.377952581901496,-34.73383127158079],[150.377755624919672,-34.733915711563618],[150.377559394937464,-34.734002079546528],[150.377364176954842,-34.734090742529538],[150.37717026797165,-34.734182057512683],[150.37697794598779,-34.734276412496001],[150.376871695997664,-34.734321644486741],[150.376752780009582,-34.734365585476326],[150.3766406950202,-34.73441116746654],[150.376554936026338,-34.73446130245916],[150.376515020024669,-34.734518914455954],[150.376512564018725,-34.73456681745607],[150.376519215011029,-34.734617311457022],[150.376532814002246,-34.734668441458588],[150.376551163992929,-34.734718263460586],[150.376572094983686,-34.734764840462802],[150.376611383969731,-34.734826001466743],[150.376663186954715,-34.734881327471797],[150.37672256493903,-34.734932870477508],[150.376784559923237,-34.734982656483425],[150.376844215907738,-34.735032719489141],[150.376930251885597,-34.735103185497387],[150.37702062786343,-34.735168927505981],[150.377111907841282,-34.735233602514647],[150.377200597819183,-34.735300841523106],[150.377283219797135,-34.735374283531051],[150.377400800763439,-34.735497107542486],[150.377513289729109,-34.735629819553523],[150.377615282695274,-34.735770741563698],[150.377701364662926,-34.735918234572466],[150.377766139633167,-34.736070622579355],[150.377798768613985,-34.736178781583043],[150.377824298595357,-34.736291037586113],[150.377841518577696,-34.736405282588443],[150.377849183561437,-34.736519394589919],[150.377846064547128,-34.736631318590405],[150.377827294533432,-34.736756069589568],[150.377793374521957,-34.736880892587358],[150.377747739512444,-34.737004120584103],[150.377693839504644,-34.737124085580064],[150.377635108498168,-34.73723911957557],[150.377575596492903,-34.737346194570939],[150.377510258488542,-34.737452426565774],[150.377438260485832,-34.737553942559977],[150.377358723485401,-34.737646881553452],[150.377270840487853,-34.737727368546096],[150.377130563497587,-34.737811844534022],[150.376968665513886,-34.737870809519833],[150.376793867534417,-34.737912518504373],[150.376614901556763,-34.737945237488468],[150.376440480578509,-34.737977220472978],[150.376297549597155,-34.737997290460228],[150.376151786617612,-34.738006756447163],[150.376006130638189,-34.7380150934341],[150.375863531657217,-34.738031765421361],[150.37572693867304,-34.738066250409275],[150.375628845682371,-34.738105978400718],[150.3755332986903,-34.738153702392438],[150.37543983169715,-34.738206939384391],[150.375347932703448,-34.738263260376485],[150.375257127709403,-34.738320225368703],[150.375054228721581,-34.738456729351363],[150.374858482730872,-34.738606920334732],[150.374670409737575,-34.738768271318904],[150.374490530741895,-34.738938281303867],[150.374319354744074,-34.739114423289649],[150.374198215745423,-34.739240905279601],[150.374075624746609,-34.739369878269443],[150.373959972746178,-34.739503405259939],[150.373859620742593,-34.739643548251848],[150.373782952734331,-34.73979235024597],[150.373739056723537,-34.739923331242913],[150.373708283709959,-34.740061062241082],[150.373688812694127,-34.740202621240307],[150.37367882667678,-34.740345094240396],[150.373676513658523,-34.740485568241141],[150.373672766650827,-34.740548038241236],[150.373685521640141,-34.740614461242835],[150.373707707627773,-34.740683143245306],[150.373732277614948,-34.740752381247994],[150.373752168603005,-34.740820480250257],[150.37377148558889,-34.740905449252573],[150.373790856574743,-34.740990401254905],[150.373810272560661,-34.741075352257234],[150.373814682557423,-34.741094607257764],[150.373829732546511,-34.741160285259589],[150.373849246532359,-34.741245210261901],[150.37375803854215,-34.741274172253895],[150.373674959549191,-34.741314322246694],[150.373594283552904,-34.741376908239857],[150.373523503552917,-34.741456741234018],[150.373459079550599,-34.741546937228833],[150.373397487547379,-34.741640646223942],[150.373335178544693,-34.74173098421894],[150.373237730540097,-34.741875672211137],[150.373148547533447,-34.742026544204144],[150.373061757526159,-34.742179137197375],[150.372971480519794,-34.742329023190266],[150.372871854515836,-34.742471739182271],[150.372777579514349,-34.742589104174584],[150.372678813513915,-34.742703322166463],[150.372576211514513,-34.742814421157981],[150.372470454515991,-34.742922410149198],[150.372362204518282,-34.743027306140171],[150.372258938521071,-34.74312216313151],[150.372152876524723,-34.743214312122589],[150.37204440352906,-34.74330378111344],[150.37193386753404,-34.743390606104072],[150.371821665539613,-34.743474849094532],[150.371731872544245,-34.743541039086914],[150.371641309549062,-34.743606754079195],[150.371549320554379,-34.743670228071345],[150.371455216560491,-34.743729721063282],[150.371358333567827,-34.743783487054912],[150.371240044578343,-34.743837110044623],[150.371117344590687,-34.743882216033882],[150.370936092608787,-34.743949500018012],[150.370754733626995,-34.744016478002138],[150.370573247645211,-34.744083169986247],[150.370391672663487,-34.744149556970342],[150.370209981681796,-34.744215656954431],[150.370018967701128,-34.744284598937682],[150.369827774720562,-34.744353046920935],[150.369636482740077,-34.744421253904179],[150.369445199759554,-34.744489460887415],[150.369253997778998,-34.744557881870648],[150.369052889799292,-34.744630821853043],[150.368852033819508,-34.744704469835455],[150.368651087839709,-34.744777884817864],[150.368449755860183,-34.744850115800212],[150.368247688880984,-34.744920231782494],[150.36807320489936,-34.744978398767181],[150.367898209917939,-34.7450350597518],[150.367722909936646,-34.745090824736394],[150.367547501955443,-34.745146284720967],[150.367372210974224,-34.745202066705573],[150.367106679002518,-34.74528706368222],[150.36684111103088,-34.74537187965889],[150.366575463059291,-34.745456472635539],[150.366309707087765,-34.745540796612183],[150.366043889116241,-34.745624815588819],[150.365844959137462,-34.745688325571344],[150.365646209158626,-34.745752462553874],[150.365447289179883,-34.745816052536391],[150.365247885201427,-34.74587790351886],[150.365047647223435,-34.745936850501231],[150.364861169244534,-34.745987559484789],[150.364673803266157,-34.746035193468238],[150.364486097287994,-34.746081627451645],[150.364298588309708,-34.746128741435079],[150.364111787330955,-34.746178419418598],[150.363953169348775,-34.746222566404626],[150.363794712366456,-34.746267395390653],[150.363636578383932,-34.746313308376735],[150.363478902401198,-34.746360692362863],[150.363321834418088,-34.746409931349056],[150.363122753439171,-34.746474973331573],[150.362924335459837,-34.746542364314159],[150.362726813479952,-34.746612462296859],[150.362530501499549,-34.74668561627967],[150.362335659518465,-34.746762213262663],[150.362154900535302,-34.746838649246897],[150.361975880551313,-34.746919378231333],[150.361797685566927,-34.74700216021585],[150.361619381582585,-34.74708472720036],[150.361440048598723,-34.747164829184754],[150.361257540615611,-34.747242806168877],[150.361074397632763,-34.747319313152886],[150.360707464667456,-34.747470822120896],[150.360524312684618,-34.747547320104928],[150.360377158698356,-34.747609180092098],[150.360229969712151,-34.747670978079277],[150.360082897725874,-34.747733044066457],[150.359936094739453,-34.747795720053652],[150.359789702752863,-34.747859355040923],[150.359630977766784,-34.747932994027131],[150.35947365877999,-34.748010406013485],[150.359316214793296,-34.74808723599984],[150.35915708580751,-34.748159117986013],[150.358994729823451,-34.748221704971819],[150.358866114837213,-34.748262471960523],[150.358735759851925,-34.748298282949037],[150.358604293867216,-34.748330830937427],[150.358472370882765,-34.748361783925752],[150.358340635898315,-34.748392825914095],[150.358234995910692,-34.748418139904764],[150.35817244491804,-34.748433127899233],[150.35800391293796,-34.748472452884329],[150.357834940958242,-34.748509742869373],[150.357665449978953,-34.748543939854336],[150.357495331000337,-34.748574004839234],[150.357229872035077,-34.748610514815589],[150.356962592071454,-34.748636518791706],[150.356694201108979,-34.748655342767663],[150.35642541614709,-34.748670303743566],[150.356156945185148,-34.748684735719493],[150.355925683217947,-34.748697338698761],[150.35569425025102,-34.748708372677996],[150.35546273728437,-34.748717121657215],[150.355231197318062,-34.748722893636419],[150.35499969335234,-34.748724991615582],[150.354740061391453,-34.748721656592188],[150.354480410431307,-34.748712925568753],[150.354220759471644,-34.748700832545289],[150.353961135512094,-34.748687404521839],[150.353701565552427,-34.748674675498371],[150.353464055589399,-34.748662834476917],[150.353226599626566,-34.748649576455449],[150.352989170663676,-34.748636201433982],[150.352751678700713,-34.74862401041252],[150.352514114737403,-34.748614293391064],[150.352282736772878,-34.748606638370191],[150.352051259808263,-34.748599959349306],[150.351819755843422,-34.748595083328432],[150.351588269878249,-34.748592868307583],[150.351356863912542,-34.748594168286751],[150.351161574941045,-34.748598462269214],[150.350966302969283,-34.748605292251689],[150.350771049997206,-34.748613996234162],[150.350575877025022,-34.748623928216666],[150.350380748052686,-34.748634433199186],[150.35014921708526,-34.748649242178438],[150.349917839117381,-34.748667026157733],[150.349686495149399,-34.748685447137035],[150.349455089181703,-34.748702200116327],[150.349223494214556,-34.748714956095583],[150.349054531238835,-34.74872166108041],[150.348885478263298,-34.748727147065232],[150.348716390287962,-34.74873129705005],[150.348547284312815,-34.748733977034846],[150.348378195337887,-34.748735089019632],[150.348247374357527,-34.748733995007839],[150.348116544377376,-34.748731117996059],[150.347985714397339,-34.748727791984251],[150.347854893417178,-34.748725317972472],[150.347724090436685,-34.748725030960692],[150.347601131454923,-34.748725666949639],[150.347478010473196,-34.748726357938558],[150.347354979491172,-34.748728741927508],[150.347232297508725,-34.748734460916495],[150.34711024352552,-34.748745163905589],[150.34697265454318,-34.748766416893353],[150.346836024559707,-34.748795827881253],[150.346699762575639,-34.748828698869225],[150.346563275591819,-34.748860350857157],[150.346425955608879,-34.74888608584498],[150.34622617463512,-34.748912869827187],[150.346025201662457,-34.748932886809214],[150.345823474690576,-34.748947560791187],[150.345621470719266,-34.748958343773083],[150.345419645748223,-34.748966617754974],[150.345200448780105,-34.748972587735295],[150.344980937812608,-34.748974371715541],[150.344761354845616,-34.748972148695771],[150.344541897879111,-34.748966142675982],[150.344322762913066,-34.748956550656196],[150.344092485949062,-34.74894383063539],[150.343862002985475,-34.748928197614539],[150.343631933022465,-34.748907867593701],[150.343402920060129,-34.748881010572909],[150.343175574098694,-34.748845845552211],[150.34300556212861,-34.748811118536672],[150.342836734159192,-34.748769803521206],[150.342668381190123,-34.748725718505753],[150.34249979422097,-34.748682682490283],[150.34233026725127,-34.748644540474764],[150.342114171288813,-34.748603978455044],[150.341897062325899,-34.748568284435272],[150.341679326362652,-34.748535771415455],[150.341461339399217,-34.74850472039563],[150.341243450435854,-34.748473436375825],[150.341114799457586,-34.748454109364104],[150.340986147479327,-34.748434523352387],[150.340875692497946,-34.748418226342338],[150.340857423501035,-34.748415537340684],[150.34072853952253,-34.748398022328985],[150.340599412543781,-34.748382854317249],[150.340400106575999,-34.748363851299182],[150.34020018160777,-34.748349024281097],[150.339999907639026,-34.748338384263],[150.339799534669709,-34.748331948244932],[150.339599340699863,-34.748329733226903],[150.339425339727825,-34.748314432211153],[150.339251428755546,-34.748300771195417],[150.339077867782407,-34.748293259179754],[150.338904933807754,-34.748296441164214],[150.338781866825371,-34.748302052153178],[150.338657015843211,-34.748308112141991],[150.338533383860124,-34.748319595130944],[150.338413964875002,-34.748341467120355],[150.338301761886811,-34.748378694110514],[150.338224895893063,-34.748418243103878],[150.338217114893666,-34.748422250103197],[150.338136321898673,-34.748475577096293],[150.338058559902379,-34.748535456089712],[150.337982992905268,-34.748598670083339],[150.337908779907934,-34.74866202707711],[150.337805818910795,-34.748757117068493],[150.337708935911735,-34.748859324060476],[150.337615100911734,-34.74896516205277],[150.337521264911686,-34.749071161045059],[150.337424417912587,-34.749173870037048],[150.337283063915436,-34.749312158025269],[150.337138850919018,-34.74944760301323],[150.336993113923057,-34.749581525001041],[150.336847188927152,-34.74971527698883],[150.336702437930938,-34.749850219976743],[150.336584130933488,-34.749964152966875],[150.336466872935773,-34.750079276957123],[150.336349372938145,-34.750194096947347],[150.336230312940955,-34.750307131937404],[150.336108401944642,-34.750416895927188],[150.335987199949216,-34.750519165916991],[150.335863513954536,-34.75061860390656],[150.335738295960283,-34.75071626589596],[150.335612458966239,-34.7508131938853],[150.335486953972122,-34.75091044387468],[150.335383733976698,-34.75099222286596],[150.335280880981145,-34.75107457485727],[150.335177534985775,-34.751156245848527],[150.335072852990862,-34.751235997839657],[150.334966028996689,-34.75131260383057],[150.334887164001373,-34.751366091823847],[150.334807411006381,-34.751418378817021],[150.334726834011633,-34.751469428810147],[150.334645504017203,-34.751519214803167],[150.334563456023005,-34.751567691796112],[150.334492282027639,-34.751613084790023],[150.334421566032063,-34.751659221783989],[150.334351315036344,-34.751706094777994],[150.33428155704047,-34.751753684772034],[150.334212328044401,-34.751801972766152],[150.334138214048579,-34.75185419775984],[150.334064315052643,-34.751906851753546],[150.333991187056455,-34.751960518747339],[150.333919376059868,-34.752015772741267],[150.333849457062684,-34.752073177735376],[150.333783187065052,-34.752130062729805],[150.333717552067185,-34.752188176724289],[150.333653702068773,-34.752248145718958],[150.333592774069615,-34.752310570713909],[150.333535906069443,-34.752376087709244],[150.33349136408205,-34.752330909704924],[150.333447234094649,-34.752285300700649],[150.333403535107237,-34.752239252696398],[150.333402378107621,-34.752238015696278],[150.333360274119826,-34.752192818692187],[150.333317471132432,-34.752145981688024],[150.333274910145263,-34.752096742683854],[150.333233649158046,-34.752046221679798],[150.333192441170866,-34.751995709675754],[150.333150015183719,-34.751946470671591],[150.33310511419657,-34.751899758667236],[150.333048273211944,-34.751847417661757],[150.332988806227405,-34.751797488656067],[150.332927160242861,-34.751749952650208],[150.332863839258295,-34.751704791644194],[150.332799316273565,-34.751662015638104],[150.332716417292261,-34.751613726630303],[150.332630174310822,-34.75157068962227],[150.332542058329238,-34.751530558614071],[150.332453538347664,-34.751491026605819],[150.332366104366173,-34.751449747597675],[150.332241522392877,-34.75138802158606],[150.3321169494196,-34.751326223574416],[150.331992663446357,-34.75126386956282],[150.331868924473156,-34.751200484551255],[150.331746010500069,-34.751135594539761],[150.331659615518902,-34.751090326531681],[150.331572700537805,-34.751045586523546],[150.331486520556695,-34.750999690515485],[150.331402303575658,-34.750951007507581],[150.331321286594772,-34.750897850499932],[150.331228876618013,-34.750826120491126],[150.331141137641424,-34.750747712482699],[150.331056283664992,-34.750665261474495],[150.330972524688548,-34.750581412466396],[150.330888074711993,-34.750498791458241],[150.330828329728547,-34.750441349452466],[150.330769041744986,-34.750383442446733],[150.330709896761476,-34.750325364441025],[150.330650572777955,-34.750267475435287],[150.330590764794465,-34.750210096429512],[150.330524332812416,-34.750149087423118],[150.330456726830391,-34.750089216416633],[150.330389218848381,-34.750029292410154],[150.330323054866312,-34.749968104403784],[150.330259482884202,-34.749904441397625],[150.330194806903251,-34.749832998391319],[150.330132713922268,-34.749759081385228],[150.330072367941227,-34.749683533379283],[150.330012962960183,-34.749607177373427],[150.329953683979085,-34.749530849367567],[150.329884545001363,-34.749440071360716],[150.329817046023578,-34.749348019354024],[150.329750138045767,-34.749255502347367],[150.329682765067986,-34.749163343340683],[150.329613903090262,-34.749072349333858],[150.329550671110326,-34.748991485327622],[150.329486811130494,-34.748911096321336],[150.329422279150663,-34.74883122731498],[150.329357066170843,-34.748751940308566],[150.329291118191037,-34.748673281302104],[150.32922826221025,-34.748598719295934],[150.329198161219779,-34.748560846292968],[150.32916740622926,-34.748523448289944],[150.329136023238817,-34.748486570286886],[150.329104039248392,-34.748450230283737],[150.329074942256938,-34.748418273280905],[150.329071455257946,-34.748414455280582],[150.329034442268636,-34.748375318276985],[150.328996632279342,-34.748336880273307],[150.328958114290089,-34.748299106269599],[150.328918977300816,-34.748261995265821],[150.328879338311538,-34.748225503262006],[150.32882843232494,-34.748181489257121],[150.328775974338328,-34.748139197252115],[150.328722934351731,-34.748097532247058],[150.328670297365164,-34.748055429242022],[150.328619041378545,-34.748011756237119],[150.328577681389618,-34.747974510233149],[150.32853672540071,-34.747936763229205],[150.328496306411836,-34.747898433225309],[150.328456560422893,-34.747859440221475],[150.328417629433915,-34.7478196932177],[150.328372764446897,-34.747772050213335],[150.32832877845982,-34.747723465209056],[150.32828584047283,-34.747673912204846],[150.3282441304857,-34.747623400200744],[150.328203819498498,-34.747571892196781],[150.328166251510851,-34.747520887193041],[150.328130054523115,-34.747468798189438],[150.32809498753528,-34.747415874185926],[150.328060771547484,-34.747362386182473],[150.328027174559566,-34.747308584179088],[150.327989472573449,-34.747245854175269],[150.327953122587303,-34.747182272171543],[150.32791765260103,-34.747118144167928],[150.32788260261475,-34.747053783164333],[150.327847490628471,-34.746989475160731],[150.327795625648832,-34.746893578155422],[150.32774470966919,-34.74679716115017],[150.327694179689473,-34.746700530144977],[150.327643460709766,-34.746604014139749],[150.327591971730158,-34.746507893134456],[150.327529016754966,-34.746390797127987],[150.327466268779801,-34.746273494121546],[150.327402570804708,-34.74615675611502],[150.327336738829729,-34.746041344108306],[150.327267661854989,-34.745928040101319],[150.32719910587906,-34.745823098094434],[150.327128029903292,-34.74571967208734],[150.327054873927665,-34.74561761608004],[150.32698006095211,-34.745516771072637],[150.326904036976629,-34.745416984065116],[150.326830191000084,-34.74532235105783],[150.326755010023703,-34.745228669050434],[150.326678431047299,-34.745136115042904],[150.326600372070999,-34.74504485303526],[150.326520762094702,-34.74495506102749],[150.326448638115892,-34.744875953020461],[150.326375510137126,-34.744797635013356],[150.3263010991584,-34.744720544006128],[150.326225120179686,-34.744645102998781],[150.32614730420093,-34.744571768991285],[150.326048467227423,-34.744482755981785],[150.325947299254011,-34.744395652972095],[150.325843478280575,-34.744311767962174],[150.325736636306971,-34.744232435952021],[150.325626450333061,-34.74415899394161],[150.325528626355407,-34.744100118932408],[150.325428256377705,-34.744044550923007],[150.325325699399798,-34.743992872913438],[150.325221295421585,-34.743945650903726],[150.325115403442936,-34.743903465893915],[150.324995259466192,-34.743863028882842],[150.324872371488993,-34.743828956871553],[150.324747655511345,-34.743800361860146],[150.324621980533237,-34.743776355848688],[150.324496278554676,-34.743756042837234],[150.324363781576551,-34.743740104825214],[150.324230298597683,-34.743730333813147],[150.324096250618453,-34.74372460580107],[150.323962014638965,-34.743720777788958],[150.323828021659466,-34.743716734776896],[150.323717979676331,-34.743712969766975],[150.323607910693198,-34.743709840757049],[150.323497814709867,-34.743707608747144],[150.323387727726441,-34.743706541737247],[150.323277667742786,-34.74370689972735],[150.323145959761973,-34.74371024371554],[150.323014287780751,-34.743716401703736],[150.322882624799405,-34.743723849691939],[150.322750934818089,-34.74373102968017],[150.32261922683702,-34.743736398668361],[150.322499305854336,-34.743740602657603],[150.322379304871646,-34.743745102646855],[150.322259312889031,-34.743748490636101],[150.322139428906837,-34.743749333625324],[150.322019741925089,-34.743746222614533],[150.32188566694623,-34.743737464602411],[150.321751690967915,-34.743724286590286],[150.321617929990055,-34.743707622578157],[150.321484492012502,-34.74368842156602],[150.321351476035034,-34.74366760655392],[150.321192338062104,-34.743642372539448],[150.321032841089391,-34.743615758524918],[150.320874295117079,-34.743585056510462],[150.32071799914533,-34.743547550496153],[150.320565279174275,-34.743500525482105],[150.320462561194688,-34.743461971472605],[150.320361142215404,-34.743419257463181],[150.320260969236415,-34.743373209453885],[150.3201619622576,-34.743324678444644],[150.320064066278803,-34.743274488435496],[150.319957717302373,-34.743215783425548],[150.319853420326211,-34.743153161415734],[150.319750218350123,-34.743088441406023],[150.319647132374058,-34.743023443396311],[150.319543212397917,-34.742959986386531],[150.319421319425402,-34.74288922537508],[150.319298611452837,-34.742819807363574],[150.319175903480328,-34.742750381352081],[150.31905406450781,-34.742679620340638],[150.318933901535416,-34.742606177329343],[150.318856560553513,-34.742556158322031],[150.318779989571709,-34.742504929314805],[150.31870375958988,-34.742453153307586],[150.318627440608083,-34.742401512300376],[150.318550627626252,-34.742350650293133],[150.318435341653128,-34.742276885282266],[150.318319239680022,-34.742204375271335],[150.318202805706875,-34.742132376260372],[150.318086497733702,-34.74206017124942],[150.317970808760634,-34.741987016238518],[150.317881006781931,-34.741926680230037],[150.317792352803423,-34.741864111221631],[150.317703411824823,-34.741802233213221],[150.317612696846055,-34.741743949204668],[150.317518735866855,-34.741692173195858],[150.31743145288516,-34.741652139187742],[150.317341884903215,-34.74161641817944],[150.317250756921084,-34.741584004171045],[150.317158785938773,-34.741553894162557],[150.317066671956269,-34.741525101154089],[150.316963881975624,-34.741494695144645],[150.316860212994726,-34.741466781135131],[150.31675584501366,-34.74144129712559],[150.31665098403235,-34.741418170115999],[150.316545801050779,-34.741397337106406],[150.31646371706492,-34.741382950098917],[150.316381293078848,-34.741370212091425],[150.316298645092672,-34.741358765083916],[150.316215863106407,-34.741348268076415],[150.316133044120079,-34.741338372068903],[150.316046506134029,-34.741330340061069],[150.315959573147694,-34.741324809053211],[150.315872685161338,-34.741319386045376],[150.315786236175256,-34.741311614037549],[150.315700648189704,-34.741299064029768],[150.315611098205608,-34.741279334021591],[150.315522435222107,-34.741254800013451],[150.315434309238839,-34.741227343005335],[150.315346408255692,-34.741198881997249],[150.315258409272474,-34.741171299989148],[150.315151683292527,-34.741139629979337],[150.31504486831264,-34.741108058969516],[150.314938349332778,-34.741075590959738],[150.314832502353113,-34.741041303949977],[150.3147277133736,-34.741004228940319],[150.314625729393924,-34.740965270930886],[150.314524355414449,-34.740924394921485],[150.314423833435058,-34.740881376912156],[150.314324458455872,-34.740835991902912],[150.314226508476793,-34.740788016893781],[150.314127949498413,-34.740735370884579],[150.314031057520225,-34.740679408875479],[150.313935295542194,-34.740621259866479],[150.313840106564157,-34.740562078857515],[150.313744971586146,-34.740502997848573],[150.313640522610484,-34.740436538838715],[150.31353728463489,-34.740368053828973],[150.31343417165931,-34.740299388819246],[150.313330134683639,-34.740232365809419],[150.313224099707838,-34.740168846799463],[150.313129080728771,-34.74011744679057],[150.313032404749578,-34.740068978781558],[150.31293508177032,-34.740021639772479],[150.31283812779111,-34.739973628763437],[150.312742552812011,-34.739923142754499],[150.312635970835657,-34.739864177744529],[150.312529648859396,-34.739804298734562],[150.312424536883213,-34.739742464724692],[150.312321567907134,-34.739677600714991],[150.312221681931106,-34.739608649705545],[150.312118863957011,-34.739528413695751],[150.312020035983039,-34.739442681686299],[150.311923485009146,-34.739353830677004],[150.311827480035276,-34.739264217667746],[150.311730301061374,-34.739176217658425],[150.311618421091026,-34.739077757647685],[150.311506586120686,-34.73897925163697],[150.311394679150339,-34.738880827626232],[150.311282566180012,-34.738782635615493],[150.311170122209631,-34.738684811604728],[150.311073812234866,-34.738602253595495],[150.310880127285344,-34.73843833757698],[150.310783817310607,-34.738355788567759],[150.310688575335803,-34.73827203755863],[150.310604976358235,-34.738196542550597],[150.310522014380666,-34.73812032154261],[150.310439581403045,-34.738043518534674],[150.310357552425444,-34.737966275526787],[150.310275818447877,-34.737888746518905],[150.310168931477449,-34.737785355508592],[150.310063218506968,-34.737680727498379],[150.309957882536537,-34.737575696488186],[150.309852116566077,-34.737471131477967],[150.309745121595654,-34.737367857467639],[150.309648059622191,-34.737276146458306],[150.309550512648769,-34.737184902448902],[150.309452365675327,-34.737094312439467],[150.309353483701898,-34.737004546429979],[150.309253741728469,-34.736915767420399],[150.309146110757098,-34.736820372410079],[150.309038228785738,-34.736724986399729],[150.308929127814366,-34.73663111538928],[150.308817830842941,-34.736540247378656],[150.30870340487138,-34.736453861367799],[150.308610241893888,-34.73638823635897],[150.308515500916428,-34.73632452035001],[150.308419182938877,-34.736263144340946],[150.308321295961179,-34.736204564331743],[150.308221849983283,-34.736149184322436],[150.308101678009109,-34.736089197311223],[150.307978584034686,-34.73603457129979],[150.30785367106003,-34.735983404288213],[150.307728014085285,-34.735933788276583],[150.307602715110534,-34.735883832264996],[150.307453464140337,-34.735826310251191],[150.307302761169979,-34.735772149237278],[150.30715199619948,-34.735718258223365],[150.307002548229264,-34.735661516209547],[150.306855825259419,-34.735598821195936],[150.306741982283626,-34.735543773185334],[150.306629690308057,-34.735485346174848],[150.306518312332628,-34.735424956164422],[150.306407186357234,-34.73536402715402],[150.306295656381764,-34.735303978143584],[150.306165597410114,-34.73523577113145],[150.306035368438472,-34.735167895119282],[150.305905291466814,-34.735099724107123],[150.305775734495256,-34.735030638095012],[150.305647038523716,-34.734960002082978],[150.305522483551727,-34.734888568071291],[150.305399013579773,-34.7348151980597],[150.30527591060789,-34.734741182048126],[150.305152440635965,-34.73466780303653],[150.305027894663937,-34.734596360024852],[150.304880436696749,-34.734514079011056],[150.304732414729557,-34.73443258799719],[150.304583423762239,-34.734352914983262],[150.304433088794752,-34.734276120969234],[150.304281005827022,-34.734203251955066],[150.304153384853691,-34.734145201943214],[150.304024813880289,-34.734088853931269],[150.303895185906669,-34.734034979919258],[150.303764409932853,-34.733984395907164],[150.303632387958629,-34.733937881894981],[150.303508568982494,-34.733897041883587],[150.303383682006256,-34.733857940872092],[150.303257810029663,-34.733822559860556],[150.303131014052497,-34.733792861848968],[150.30300342007439,-34.733770810837356],[150.302899994091462,-34.733758448827984],[150.302795635108112,-34.733749860818541],[150.302690900124304,-34.733745477809101],[150.302586362139863,-34.733745764799707],[150.302482568154602,-34.733751160790426],[150.302401165165747,-34.733758690783169],[150.302319647176546,-34.733768873775922],[150.302238532186891,-34.733782166768727],[150.302158358196607,-34.733799036761638],[150.302079636205548,-34.733819958754701],[150.301984295215334,-34.733853474746383],[150.30189114122382,-34.733894717738288],[150.301799485231385,-34.733940819730371],[150.301708590238576,-34.733988929722543],[150.301617749245906,-34.73403617871471],[150.30153632025258,-34.734077779707683],[150.301455312259037,-34.734120268700714],[150.301374735265341,-34.734163573693763],[150.301294579271456,-34.734207640686869],[150.301214827277448,-34.734252397680002],[150.301119665284318,-34.734307947671844],[150.301025489290794,-34.734365245663767],[150.300931735297098,-34.734423268655767],[150.300837801303544,-34.734480987647721],[150.300743115310183,-34.734537415639586],[150.300667019315654,-34.734581653633064],[150.300590772321243,-34.734625666626521],[150.300514255326959,-34.734669186619939],[150.300437317332751,-34.734711935613333],[150.300359842338793,-34.734753635606658],[150.300272407345886,-34.734798822599117],[150.300184273353238,-34.734842701591504],[150.300095628360793,-34.734885620583825],[150.300006678368476,-34.734927886576138],[150.299917603376201,-34.73496985556843],[150.299817807384983,-34.735016010559789],[150.299717527393994,-34.735061117551083],[150.299617032403091,-34.735105775542365],[150.299516572412159,-34.73515051453365],[150.299416409421099,-34.735195908524965],[150.299327746428958,-34.735236712517292],[150.299239164436784,-34.735277713509618],[150.299150689444474,-34.735318938501941],[150.299062349452186,-34.735360459494288],[150.298974162459814,-34.735402303486673],[150.298853946470047,-34.735460578476264],[150.298734214480078,-34.735519874465936],[150.298614634490065,-34.735579511455597],[150.298494911500057,-34.735638826445253],[150.298374704510309,-34.735697145434862],[150.298226475522966,-34.735768570422046],[150.298078202535663,-34.735840112409207],[150.297929355548575,-34.735910353396335],[150.297779406562057,-34.735977834383334],[150.297627816576295,-34.736041137370151],[150.297472963591531,-34.736100461356642],[150.297316577607489,-34.736156208342997],[150.29715899962406,-34.736208808329195],[150.297000560641095,-34.736258755315319],[150.296841620658483,-34.736306488301373],[150.296687735675562,-34.736351066287867],[150.296533178692954,-34.736393887274275],[150.296377922710775,-34.736434081260597],[150.296221966729206,-34.736470761246856],[150.296065249748267,-34.736503058233012],[150.295940282763922,-34.736525683221934],[150.295814768779934,-34.736546085210819],[150.295688842796352,-34.736564013199633],[150.295562647813171,-34.736579234188412],[150.295436290830395,-34.736591514177142],[150.295316728847069,-34.736600128166465],[150.295196871864164,-34.736605991155749],[150.29507684388156,-34.736609504144987],[150.294956779899252,-34.736611091134222],[150.294836814917147,-34.736611171123442],[150.294765685927786,-34.736610804117056],[150.294694520938464,-34.736610060110664],[150.294623372949275,-34.736608563104276],[150.294552297960223,-34.736605936097874],[150.294481356971346,-34.736601777091465],[150.294394970985252,-34.73659391508366],[150.294308781999462,-34.736583409075855],[150.294222692013875,-34.736571388068043],[150.294136637028373,-34.736559000060225],[150.294050520042731,-34.736547383052411],[150.2939743440553,-34.736537854045501],[150.293898186067935,-34.736528397038619],[150.293822010080532,-34.736518913031702],[150.293745861093157,-34.736509321024791],[150.293669730105762,-34.736499515017897],[150.293592675118589,-34.73648930401091],[150.293515647131443,-34.736478861003917],[150.293361619157167,-34.73645775998996],[150.29328459117005,-34.736447298982966],[150.293220992180636,-34.736438746977193],[150.293189188185977,-34.736434479974314],[150.293125579196555,-34.736425963968529],[150.293052926209185,-34.736412401961921],[150.292980434221903,-34.736397682955307],[150.292908166234781,-34.736381833948705],[150.292836176247761,-34.736364856942139],[150.29276451826081,-34.736346757935586],[150.292693855273939,-34.736327072929107],[150.292623649287208,-34.736305657922657],[150.292553649300572,-34.736283444916204],[150.292483604313901,-34.73626136690978],[150.292443742321439,-34.736249462906123],[150.292311576344019,-34.736227428894104],[150.291956575409813,-34.73612943486156],[150.290880590619452,-34.7357554377624],[150.290345592716562,-34.735623451713465],[150.29019959573688,-34.73563444070043],[150.29001259777769,-34.735536446682971],[150.289651598844245,-34.73543944664992],[150.288783604022882,-34.735065449569426],[150.287859612190886,-34.734835450484915],[150.287192626314635,-34.734650450423764],[150.286087632503694,-34.734465458323321],[150.285622632583511,-34.734385454281046],[150.285219637647486,-34.734355460244664],[150.284545642745854,-34.734371468184293],[150.284003651830488,-34.734342469135449],[150.28368365487222,-34.734387467107041],[150.283155655951731,-34.73438146905962],[150.282091673099217,-34.734465477964712],[150.280931685279853,-34.734406474860222],[150.28069568032106,-34.73436047983872],[150.280514688345136,-34.734382477822642],[150.279486703518103,-34.734232480729368],[150.279125704592502,-34.734076489695909],[150.278771706658773,-34.733973492663445],[150.278687705669057,-34.733990487656015],[150.278062715787996,-34.733794489598601],[150.277681708889276,-34.733456492562091],[150.277300711015585,-34.732928486524294],[150.277237578038552,-34.732825526517921],[150.277055178068906,-34.732801394501386],[150.27512614039,-34.732545918326593],[150.268473948497359,-34.73166493372387],[150.268606848441664,-34.731937644737663],[150.268775022395403,-34.732098583753853],[150.268995913344952,-34.732231958774562],[150.269627435213323,-34.732516888833167],[150.269712162192945,-34.732575889841165],[150.27041413205626,-34.732819306905789],[150.270445291036509,-34.732934484909386],[150.270425867030013,-34.733005685908132],[150.27041649902921,-34.733022403907405],[150.270406935028433,-34.733039040906654],[150.270397155027695,-34.733055606905893],[150.27038718702704,-34.733072090905118],[150.270377022026395,-34.733088477904317],[150.270361631025594,-34.733111980903097],[150.270345540024948,-34.733135188901812],[150.27032918102438,-34.73315827090051],[150.27031296502372,-34.7331814248992],[150.270297323022959,-34.733204829897964],[150.27027996002181,-34.733233155896613],[150.270263520020478,-34.733261894895321],[150.270247233019148,-34.733290695894063],[150.270230354017883,-34.733319209892748],[150.270212148016924,-34.733347105891298],[150.270191575016241,-34.733375772889652],[150.270170026015705,-34.733404044887912],[150.2701475710154,-34.733431860886093],[150.270124265015284,-34.733459155884191],[150.270100134015365,-34.73348588588221],[150.270046135014155,-34.73355637887785],[150.269958414021801,-34.733597541870253],[150.269644656058119,-34.733677060842673],[150.269159732127889,-34.733695812799319],[150.268696795215106,-34.733557489756841],[150.268473332254672,-34.733509980736478],[150.268110282309721,-34.733502575703859],[150.267541490403573,-34.733433696652391],[150.26736732042437,-34.733473101637031],[150.26731331242317,-34.733543594632678],[150.267360902397058,-34.733687762637935],[150.26751306635893,-34.73380540565239],[150.268042586250289,-34.734030993701424],[150.268180031225654,-34.734062430713962],[150.268622691128371,-34.734300558755308],[150.26868712409788,-34.734459382762161],[150.268818160045981,-34.734705470775609],[150.268795311024917,-34.734891150774828],[150.268667019012355,-34.735131949764977],[150.268275545022789,-34.735496254732368],[150.268072098995219,-34.735935982717137],[150.267552743994912,-34.736526771674626],[150.267341427010024,-34.736651325656517],[150.267008657041657,-34.736787721627621],[150.266800334069529,-34.736812112609087],[150.26635082613771,-34.736802933568725],[150.266003759184741,-34.736838806537847],[150.265692565231944,-34.736832451509912],[150.265469523273339,-34.736770617489476],[150.265043294364403,-34.736561451449823],[150.264649946442944,-34.736410229413515],[150.26434088549928,-34.736332314385272],[150.264166285518229,-34.736386026369978],[150.263884090536578,-34.736566399345918],[150.263810218527055,-34.736722399340358],[150.263852654479194,-34.737038272346332],[150.26401568241107,-34.737370934363234],[150.264131121369076,-34.73755943837488],[150.264143706346488,-34.737717204377091],[150.264013675326623,-34.738015238367474],[150.263868504318481,-34.738241372356008],[150.26321465335559,-34.738700525300537],[150.263003749372501,-34.738810764282377],[150.262811857394098,-34.738864108265531],[150.262361049456842,-34.738897849225346],[150.261981111516405,-34.738875761191132],[150.261617182567846,-34.738896952158655],[150.261049215665366,-34.738799432107072],[150.260606994764544,-34.73854695206569],[150.260453109795435,-34.738486535051479],[150.260330796808347,-34.738526981040792],[150.260259927811575,-34.73858280803482],[150.260025716805671,-34.738893025015948],[150.259902542814956,-34.738962101005377],[150.259727502832106,-34.73903011099015],[150.259431440867615,-34.739095636964073],[150.259102086913799,-34.739117535934689],[150.258341798031125,-34.73908764086633],[150.258004134094335,-34.738989691835393],[150.257390363039548,-34.740101771787991],[150.257545816997492,-34.740245464802918],[150.257645253963574,-34.740390690812816],[150.257709257931253,-34.74056383881976],[150.257667369905562,-34.74080638681766],[150.257487166900944,-34.741046109803158],[150.257134067922465,-34.741282292773121],[150.256732535966478,-34.741402930737962],[150.255782470114497,-34.741354820652475],[150.255080474251173,-34.741111322587876],[150.25497803327238,-34.74106626957839],[150.254789565308499,-34.741005135561082],[150.254686264326097,-34.740988677551712],[150.254254021391688,-34.740979820512905],[150.253974811422779,-34.741060003488435],[150.253488982489017,-34.741107306445215],[150.25326335851949,-34.741131311425164],[150.25300659456974,-34.741040130401522],[150.252733408626341,-34.740919976376219],[150.252700124636988,-34.740876331372931],[150.252512096674934,-34.740800881355561],[150.252173203756541,-34.740564824323585],[150.251954042814333,-34.740374187302628],[150.251349725985136,-34.73976038724426],[150.25118719103736,-34.739547286228238],[150.251161725043687,-34.73952799622581],[150.251135783050074,-34.739509100223373],[150.251109411056404,-34.739490598220875],[150.251082635062772,-34.739472509218359],[150.251055483069138,-34.739454859215797],[150.251020694077056,-34.739434224212545],[150.250984695084981,-34.739414870209188],[150.250948382092872,-34.739395858205803],[150.250912687100822,-34.739376236202467],[150.250878498108676,-34.739355063199255],[150.250850728115324,-34.739335960196627],[150.250823460121978,-34.739316240194057],[150.25079689912863,-34.739295847191535],[150.25077128913523,-34.739274736189103],[150.25074682614175,-34.739252864186753],[150.250728665146852,-34.739234721185007],[150.250711517151899,-34.739215843183345],[150.250694808156908,-34.73919664218171],[150.250677947161932,-34.739177540180059],[150.250660351166971,-34.739158958178365],[150.250644727171505,-34.739142231176842],[150.250629353176066,-34.739124912175356],[150.250613451180669,-34.739108159173803],[150.250596249185207,-34.739093162172168],[150.250576968189648,-34.739081079170354],[150.250559246193347,-34.739073226168713],[150.250540135197042,-34.739066611166955],[150.250520208200726,-34.73906143016513],[150.250500030204165,-34.739057978163302],[150.250480166207325,-34.739056464161514],[150.250455434210807,-34.739058140159315],[150.250430326213831,-34.739063509157099],[150.25040526321655,-34.739071424154901],[150.250380657218955,-34.739080783152751],[150.250356965221243,-34.739090392150707],[150.250337217223091,-34.739098998148997],[150.25031793622469,-34.739108508147332],[150.250299111226127,-34.739118718145711],[150.250280717227497,-34.739129439144143],[150.250262718228697,-34.7391405011426],[150.250241276230071,-34.73915456514078],[150.250220453231208,-34.739169392139019],[150.250200266232156,-34.739184864137322],[150.250180715232972,-34.739200855135671],[150.250161765233656,-34.739217250134082],[150.25014737823409,-34.739230526132886],[150.25013348423434,-34.739244178131734],[150.250119922234546,-34.739258090130619],[150.25010655623467,-34.739272137129518],[150.250093227234828,-34.739286192128411],[150.2500833222349,-34.739296734127599],[150.250073542234958,-34.739307356126794],[150.250063816235013,-34.739318015126003],[150.250054072235088,-34.73932866412521],[150.250044230235119,-34.739339250124381],[150.250035651235208,-34.739348349123695],[150.250027028235337,-34.739357438122973],[150.25001837823541,-34.739366501122248],[150.250009692235523,-34.73937553612155],[150.250000988235627,-34.739384563120822],[150.249925879230744,-34.739506635114928],[150.249730213237939,-34.739674109098544],[150.24971371123911,-34.739684121097142],[150.249697441240158,-34.739694412095744],[150.249681413241149,-34.739704981094384],[150.249665655242069,-34.739715809093049],[150.24965018324292,-34.739726880091737],[150.249634128243713,-34.739739035090381],[150.24961849524442,-34.739751593089068],[150.24960312224502,-34.739764385087774],[150.249587830245588,-34.73977724808649],[150.249572456246227,-34.739790040085204],[150.249552834246913,-34.739806955083552],[150.249533660247494,-34.739824345081971],[150.249514334248119,-34.739841574080359],[150.249494273248956,-34.739857987078672],[150.249472867250148,-34.739872948076858],[150.249458533251158,-34.739881580075625],[150.24944375225229,-34.73988978207435],[150.249428629253515,-34.739897590073056],[150.249413274254806,-34.739905066071728],[150.249397775256199,-34.739912255070379],[150.249385441257289,-34.739917750069331],[150.24937297225847,-34.739923047068245],[150.249360378259695,-34.739928139067146],[150.249347667260906,-34.739933033066052],[150.249334857262227,-34.739937730064923],[150.249325302263202,-34.739941092064093],[150.249315692264219,-34.739944346063261],[150.249306020265209,-34.739947492062413],[150.249296294266287,-34.739950495061557],[150.249286506267367,-34.739953337060705],[150.24927693226843,-34.739955909059859],[150.249267296269579,-34.739958312059017],[150.249257606270703,-34.739960588058167],[150.249247898271875,-34.739962794057305],[150.249238181273086,-34.739964972056455],[150.249229047274127,-34.739967105055648],[150.24921992127517,-34.739969292054838],[150.249210760276299,-34.73997138105404],[150.24920156327741,-34.739973210053229],[150.24919228527861,-34.73997463505242],[150.24918723027929,-34.73997522705195],[150.249182147279981,-34.739975729051508],[150.249177046280693,-34.739976141051066],[150.249171946281393,-34.739976464050599],[150.249166845282133,-34.739976688050135],[150.24902803830139,-34.739987982037768],[150.248907894323395,-34.739956752026799],[150.248753149350676,-34.739924759012723],[150.248616609378956,-34.739864548000057],[150.24817513347989,-34.739597349958679],[150.24803813750637,-34.739551435946083],[150.248024843508432,-34.739550647944888],[150.248011469510487,-34.739550252943687],[150.247998068512459,-34.739550252942493],[150.247984702514401,-34.739550656941304],[150.24797140051632,-34.739551453940109],[150.247953884518694,-34.739553363938555],[150.247936458520911,-34.739556222937011],[150.247919104523021,-34.73955966493547],[150.247901786525119,-34.739563313933957],[150.247884476527247,-34.739566827932421],[150.24786752552933,-34.739570152930931],[150.247850619531391,-34.739573603929443],[150.247833722533443,-34.739577135927952],[150.247816834535513,-34.739580685926462],[150.247799937537536,-34.73958419992497],[150.247784797539452,-34.739586978923626],[150.247769486541443,-34.739589443922277],[150.247754265543364,-34.739592069920931],[150.247739376545127,-34.739595314919626],[150.247725061546703,-34.739599644918371],[150.247717809547424,-34.739602387917735],[150.247710656548094,-34.739605354917124],[150.247703619548702,-34.739608518916512],[150.247696735549312,-34.739611871915912],[150.247689994549859,-34.739615411915338],[150.247583063552923,-34.739713262906413],[150.247569258551692,-34.739738299905369],[150.247554548550625,-34.739763057904213],[150.247538960549718,-34.739787475902979],[150.247522538549077,-34.739811489901669],[150.247505318548519,-34.7398350479003],[150.247493683548299,-34.73984979389936],[150.247481519548217,-34.739864269898355],[150.24746912254821,-34.73987861289735],[150.247456760548147,-34.739892990896337],[150.247444722548011,-34.739907538895359],[150.247439765547938,-34.739913742894956],[150.247434825547856,-34.73991995489456],[150.247429913547762,-34.739926184894166],[150.247425028547667,-34.73993243189377],[150.247420169547581,-34.739938688893375],[150.247311419543394,-34.740093738884696],[150.247186282545499,-34.740219817874348],[150.246867738563765,-34.740441854847319],[150.246585579584092,-34.740607437823186],[150.246357142603756,-34.740716950803467],[150.245797834664302,-34.740890815754554],[150.245450140709607,-34.740940484723744],[150.245051476766406,-34.740960420688161],[150.244810721808676,-34.740912238666276],[150.24474608183732,-34.740767721659473],[150.244768814856457,-34.740596491660355],[150.244702821879628,-34.740494876653742],[150.244516217923035,-34.740376327636206],[150.244101069008991,-34.740193229597764],[150.244080586012785,-34.740187931595891],[150.244059476016474,-34.74018370059396],[150.244037981020085,-34.740180572592017],[150.24401636802358,-34.740178582590069],[150.243994944026866,-34.740177775588144],[150.243970984030341,-34.74017856458601],[150.243946898033641,-34.74018108258386],[150.243922847036714,-34.740184928581733],[150.243898994039597,-34.740189679579636],[150.243875517042426,-34.740194923577569],[150.243839545046484,-34.740204855574405],[150.243804352050091,-34.740217279571354],[150.243769742053416,-34.740231334568342],[150.243735509056563,-34.740246170565371],[150.243701437059741,-34.740260924562428],[150.243676033062059,-34.740271834560232],[150.24365077306436,-34.740283012558024],[150.243625709066606,-34.740294468555859],[150.243600852068738,-34.740306219553737],[150.24357622807085,-34.740318285551595],[150.243539261073863,-34.740337306548419],[150.243502822076692,-34.740357108545275],[150.243466895079337,-34.740377581542219],[150.243431424081905,-34.740398593539176],[150.243396402084272,-34.740420017536188],[150.24336250008659,-34.7404410195333],[150.243328724088826,-34.740462291530413],[150.243295530090876,-34.740484145527589],[150.243263394092708,-34.740506878524869],[150.24323275609413,-34.740530811522284],[150.243196281095379,-34.740562616519242],[150.243161546096132,-34.740596168516355],[150.243128783096438,-34.740631190513653],[150.243098251096228,-34.740667422511166],[150.243070194095537,-34.74070459650892],[150.243086311091446,-34.740717244510449],[150.243112729053564,-34.74097540751459],[150.243156437013056,-34.741233955520279],[150.243231555954623,-34.741593365529468],[150.243227925940118,-34.741707772529928],[150.243271177897782,-34.741980618535678],[150.243338578808533,-34.742583140545847],[150.24333041277589,-34.74284055954687],[150.243293095770298,-34.74292560954413],[150.243273536763837,-34.742996738542857],[150.243217108753612,-34.74313862053878],[150.243144294749612,-34.743251512533028],[150.243035534745474,-34.743406562524356],[150.24297910673522,-34.74354844452025],[150.242939979722337,-34.743690693517735],[150.242936348707843,-34.743805109518199],[150.242789815696256,-34.744059498506807],[150.242377956700579,-34.744494152472896],[150.242147224711147,-34.744675161453465],[150.241953351725584,-34.744785418436862],[150.241796329743835,-34.744824931423068],[150.241725791748877,-34.744866318417031],[150.241551478769736,-34.744905455401685],[150.241272940804521,-34.744956621377099],[150.240613926897225,-34.744999477318352],[150.24000905499102,-34.744971967263986],[150.239992103993387,-34.744973293262476],[150.239975143995707,-34.744974817260989],[150.239958210998026,-34.744976538259465],[150.239941332000313,-34.744978456257961],[150.239924471002553,-34.744980563256469],[150.239909367004515,-34.744982696255128],[150.239894289006429,-34.744985045253792],[150.23987924800835,-34.744987519252476],[150.239864215010243,-34.744990038251139],[150.239849182012193,-34.744992503249819],[150.239832581014326,-34.744995111248336],[150.239815989016449,-34.744997684246876],[150.239799397018572,-34.745000311245398],[150.239782840020666,-34.745003036243943],[150.239766328022768,-34.745005940242478],[150.239747334025139,-34.745009364240801],[150.239728303027533,-34.745012824239119],[150.239709371029846,-34.745016526237457],[150.239690619032103,-34.745020686235797],[150.239672162034253,-34.745025508234171],[150.239659541035621,-34.745029363233073],[150.239647063036898,-34.745033558231981],[150.2396346740382,-34.745037959230913],[150.239622313039462,-34.745042423229826],[150.239597859041965,-34.745051109227695],[150.239585839043173,-34.74505546622666],[150.239573809044401,-34.745059822225606],[150.239561735045669,-34.745064071224554],[150.239549579046951,-34.745068159223486],[150.239541718047747,-34.745070722222799],[150.23953384804858,-34.745073277222112],[150.239525950049455,-34.745075769221422],[150.239517999050321,-34.745078136220727],[150.239509985051228,-34.745080305220021],[150.239501846052178,-34.745082340219312],[150.23949366205315,-34.745084213218597],[150.239485424054124,-34.745085952217877],[150.239477141055175,-34.745087539217131],[150.2394688230562,-34.74508897321639],[150.239275389072446,-34.745184923199737],[150.238858510128324,-34.745233069162722],[150.238114831241347,-34.745216826095998],[150.237718408307273,-34.745165229060156],[150.237462163359368,-34.745059454036479],[150.237342485383238,-34.745013908025449],[150.237302999390693,-34.74500174402182],[150.237263889398292,-34.744988567018233],[150.237225236405919,-34.74497440301468],[150.237187148413568,-34.744959299011157],[150.237149750421253,-34.7449432810077],[150.237120089427634,-34.744928633004932],[150.237091323434015,-34.744912489002267],[150.237062719440416,-34.744896156999587],[150.237033550446796,-34.744880926996871],[150.237003100453023,-34.744868090994046],[150.236974782458418,-34.744858902991453],[150.23694565846381,-34.744851076988795],[150.23691599746914,-34.744844380986095],[150.236886048474361,-34.744838562983368],[150.236856072479497,-34.744833408980647],[150.236825191484797,-34.744828227977834],[150.236793898490106,-34.744823314975008],[150.236762497495306,-34.744819541972156],[150.236731320500155,-34.744817784969378],[150.236700682504562,-34.744818931966634],[150.236666923508892,-34.744824408963652],[150.236633488512695,-34.74483358796072],[150.236600509516052,-34.744845330957844],[150.236568131519164,-34.744858489955043],[150.236536479522101,-34.744871917952288],[150.236507580524716,-34.744885094949794],[150.236479424526976,-34.744899499947365],[150.236451743529102,-34.744914657944989],[150.236424259531191,-34.744930093942635],[150.236396650533322,-34.744945314940274],[150.236365581535608,-34.744963107937622],[150.236335059537709,-34.744981770934999],[150.236304438539889,-34.745000200932395],[150.236273073542264,-34.745017339929703],[150.236240319545232,-34.745032112926872],[150.236212297548036,-34.745042430924428],[150.236183505551139,-34.745051680921911],[150.236154148554448,-34.745059820919337],[150.236124414557963,-34.745066776916715],[150.236094520561693,-34.745072495914087],[150.23584829758218,-34.745195911892878],[150.235531985609555,-34.745346416865594],[150.235286211631887,-34.745455525844335],[150.234744150689806,-34.745629713796987],[150.234552993715141,-34.745654158780034],[150.234409650736893,-34.745651020767184],[150.234276275757196,-34.745648098755211],[150.233795214843525,-34.745537393711366],[150.233607705883315,-34.745447430693972],[150.233555821891173,-34.745446300689302],[150.233385604928344,-34.745356705673458],[150.233299586943303,-34.745340516665642],[150.232585972104431,-34.744924193598898],[150.232332937169247,-34.744718308574825],[150.23204759524836,-34.74444015654737],[150.231794102311341,-34.744248569523364],[150.231234794443424,-34.743878553470743],[150.230317768652384,-34.743328962384865],[150.229605552818953,-34.742869729317945],[150.228900194012652,-34.74219597825018],[150.228895730013875,-34.742191819249754],[150.228891383015082,-34.742187579249347],[150.228887125016286,-34.742183258248936],[150.228883001017465,-34.742178857248526],[150.228878994018658,-34.742174393248135],[150.228875857019631,-34.742170762247838],[150.228872773020584,-34.74216708724753],[150.228869779021494,-34.742163358247247],[150.228866902022389,-34.742159575246966],[150.228864159023317,-34.742155730246687],[150.228861963024087,-34.742152225246478],[150.228859955024859,-34.742148612246261],[150.228858001025685,-34.742144991246072],[150.228855939026431,-34.742141414245857],[150.228853608027265,-34.742137981245619],[150.228847692029206,-34.74212969824503],[150.228844411030195,-34.742125736244709],[150.228840763031201,-34.742122420244357],[150.228836622032105,-34.742120188243973],[150.228834210032574,-34.742119461243753],[150.228831647033019,-34.742118915243516],[150.22882901103344,-34.742118547243294],[150.228826367033861,-34.742118359243051],[150.228823776034233,-34.742118341242815],[150.228821168034614,-34.742118520242585],[150.228818550034958,-34.742118924242355],[150.228815951035273,-34.742119479242135],[150.228813387035586,-34.7421201612419],[150.228810886035831,-34.742120914241681],[150.228808457036081,-34.742121810241464],[150.228806099036291,-34.742122877241265],[150.228803778036479,-34.74212401524106],[150.228801438036726,-34.742125127240861],[150.228799054036926,-34.742126140240657],[150.228795495037303,-34.74212736824034],[150.228791864037674,-34.742128461240036],[150.228788189038113,-34.742129456239702],[150.228784469038544,-34.742130397239379],[150.228778445039211,-34.74213191223884],[150.228776106039504,-34.742132486238646],[150.228773757039789,-34.742133042238443],[150.228771400040074,-34.742133580238232],[150.228769042040341,-34.742134100238019],[150.228542612062057,-34.742225792218385],[150.228286628070975,-34.742448789196985],[150.228286323070336,-34.742453880196997],[150.22828588406972,-34.742458963197016],[150.22828530106915,-34.742464046196986],[150.228284566068595,-34.742469101196939],[150.228283706068055,-34.742474139196915],[150.228282469067494,-34.742479822196835],[150.228280954066975,-34.742485461196736],[150.22827930406649,-34.74249109019663],[150.228277637065986,-34.742496710196512],[150.228276104065486,-34.742502358196425],[150.228275038065107,-34.742506580196356],[150.228274007064698,-34.742510811196304],[150.228272976064289,-34.742515042196224],[150.228271981063898,-34.742519273196159],[150.228271013063448,-34.742523522196109],[150.228269973062964,-34.742528559196046],[150.228269023062438,-34.742533606195998],[150.228268082061902,-34.74253866219594],[150.228267069061388,-34.742543709195907],[150.228265885060921,-34.742548719195824],[150.228264236060454,-34.742554178195711],[150.228262309060028,-34.74255959319558],[150.228260319059586,-34.742564989195429],[150.228258499059194,-34.742570421195317],[150.228257065058671,-34.742575907195224],[150.228256213058273,-34.742579923195166],[150.228255416057863,-34.742583966195127],[150.228254779057409,-34.742588017195096],[150.228254412056913,-34.742592060195093],[150.22825443005641,-34.74259607619512],[150.228254788055921,-34.742599330195183],[150.22825538905542,-34.742602575195257],[150.228256169054873,-34.742605820195337],[150.228257056054304,-34.742609038195447],[150.228257952053781,-34.742612238195548],[150.228259127053036,-34.742616353195686],[150.228260409052353,-34.742620440195822],[150.228261816051571,-34.742624510195981],[150.228263376050819,-34.742628526196157],[150.22826510605006,-34.742632470196327],[150.22826642304949,-34.742635150196456],[150.228267849048905,-34.742637794196618],[150.228269337048374,-34.742640412196771],[150.228270843047795,-34.742643029196906],[150.228272322047246,-34.742645647197072],[150.228274706046307,-34.742649914197301],[150.228279520044453,-34.742658421197795],[150.228284360042636,-34.742666918198282],[150.228293656039114,-34.74268327819923],[150.228295987038223,-34.742687365199465],[150.228428635994106,-34.74287255221261],[150.228592900933393,-34.743148060229217],[150.228720754870693,-34.743480014242941],[150.228746670831072,-34.743752483247128],[150.228794439806876,-34.74388232625229],[150.228877266779222,-34.74399862526051],[150.228978291752583,-34.744086705270149],[150.228957342740728,-34.74420073626905],[150.228900439728704,-34.744356906265033],[150.228789824717325,-34.74456913825658],[150.228753869717167,-34.744611286253651],[150.228735197714371,-34.74465380225228],[150.228573613714474,-34.744836300239058],[150.228377436719853,-34.745018053222736],[150.228236334730013,-34.74510081821068],[150.228217411729958,-34.745122564209133],[150.228198793729888,-34.745144526207618],[150.228180498729699,-34.745166649206126],[150.228162543729439,-34.74518896120469],[150.228144893729109,-34.745211442203257],[150.228123344728544,-34.745240306201509],[150.228102619727764,-34.745269610199863],[150.228082262726957,-34.745299119198243],[150.228061860726086,-34.745328584196628],[150.228040920725391,-34.745357788194944],[150.228016323724745,-34.745390883192982],[150.227991412724094,-34.745423817190968],[150.22796622372357,-34.745456607188956],[150.227940801723065,-34.745489272186887],[150.227915173722636,-34.745521829184817],[150.227889886722238,-34.745553499182769],[150.227864321721881,-34.745585043180682],[150.227838585721599,-34.745616462178603],[150.227812706721323,-34.745647827176505],[150.227786792721076,-34.745679156174404],[150.227773229720952,-34.7456956141733],[150.227759685720798,-34.7457120711722],[150.227746086720657,-34.74572850217109],[150.227732389720586,-34.745744871169983],[150.227718513720532,-34.745761140168845],[150.227702405720436,-34.745779902167541],[150.227694274720449,-34.745789260166873],[150.227686028720399,-34.745798520166197],[150.227677575720463,-34.74580765416551],[150.227667589720596,-34.745818026164677],[150.227657424720775,-34.745828263163851],[150.227647034721031,-34.745838365162982],[150.227636457721331,-34.745848333162108],[150.227625691721613,-34.745858148161211],[150.227623199719801,-34.745874463161094],[150.227474335699213,-34.746200339150008],[150.227365539695086,-34.746355371141334],[150.227223066699764,-34.746481046129432],[150.22695862071933,-34.746632663106801],[150.226783383736603,-34.746700377091585],[150.226469796774865,-34.746765043063967],[150.22612251382202,-34.746800361033117],[150.225914065849963,-34.746824402014603],[150.225868725855577,-34.74683315101062],[150.225822973861369,-34.746840788006573],[150.225776925867422,-34.746847314002501],[150.225730707873595,-34.746852691998399],[150.225684426879951,-34.74685692299429],[150.225643541885717,-34.746859432990647],[150.22560250489164,-34.746860804986987],[150.225561386897709,-34.746861404983314],[150.225520250903827,-34.74686163797962],[150.225479142909933,-34.746861880975942],[150.225436518916325,-34.746861485972126],[150.225393831922872,-34.746860158968296],[150.225351172929408,-34.746858894964468],[150.225308638935758,-34.746858688960657],[150.225266310941834,-34.746860526956887],[150.225221938947783,-34.746865689952941],[150.225177880953368,-34.746873416949065],[150.225133912958768,-34.746882183945182],[150.225089863964229,-34.746890466941288],[150.225045527970053,-34.746896740937373],[150.224992550977419,-34.746900559932662],[150.22493917898521,-34.746901850927898],[150.224885672993139,-34.746902325923102],[150.224832320000928,-34.746903669918332],[150.224779369008331,-34.746907587913626],[150.224725415015484,-34.746914193908836],[150.224671533022445,-34.746922234904069],[150.224617973029183,-34.746931825899331],[150.22456499603561,-34.74694306689468],[150.224512852041698,-34.746956055890095],[150.224479004045378,-34.746966399887128],[150.224445712048805,-34.746978232884238],[150.224412572052131,-34.746990432881354],[150.22437918105561,-34.747001870878449],[150.224345109059442,-34.747011416875466],[150.224316469062984,-34.747017108872946],[150.224287337066755,-34.747021393870362],[150.224258051070592,-34.747025248867757],[150.224228963074381,-34.747029640865186],[150.224200449077841,-34.747035574862679],[150.224162746082044,-34.747046322859369],[150.224125743085892,-34.74705911485615],[150.224089286089509,-34.747073321852994],[150.22405321509288,-34.747088282849873],[150.22401737709626,-34.747103378846752],[150.223984668099291,-34.747117236843927],[150.223952173102276,-34.747131507841118],[150.223919993105113,-34.74714627083835],[150.223888251107866,-34.7471615998356],[150.223857048110403,-34.747177599832916],[150.223835597111986,-34.747190131831097],[150.223814809113264,-34.747203720829319],[150.223794049114616,-34.747217238827552],[150.223772670116148,-34.74722957382572],[150.223750045118237,-34.747239612823762],[150.223715238122026,-34.747250082820734],[150.223677777126682,-34.747257450817429],[150.223639071131913,-34.747261547813984],[150.223600570137563,-34.747262237810538],[150.223563684143443,-34.747259369807232],[150.223304257182889,-34.747253668783955],[150.223148149204746,-34.747264550770062],[150.223044830222335,-34.7472479757607],[150.222890094249635,-34.747215947746632],[150.222876522251909,-34.747214226745413],[150.222862933254106,-34.747212559744185],[150.22284933525637,-34.747210963742958],[150.22283572725857,-34.747209403741728],[150.222822102260835,-34.747207924740493],[150.222808127263107,-34.747206571739234],[150.222780106267578,-34.74720422273672],[150.222766122269832,-34.74720290473546],[150.222752192272111,-34.747201291734207],[150.222739167274284,-34.747199426733005],[150.22272618727655,-34.747197302731834],[150.222713235278718,-34.74719504373067],[150.222700291280972,-34.747192766729498],[150.222687311283181,-34.747190570728321],[150.22266502628699,-34.747186975726294],[150.222653884288917,-34.747185192725283],[150.222631582292706,-34.747181651723253],[150.222608912296437,-34.747178917721222],[150.222586313300212,-34.747175654719165],[150.222563805304105,-34.747171880717119],[150.222541449307982,-34.747167586715108],[150.222519299311898,-34.747162791713087],[150.222500940315285,-34.747158138711413],[150.222482788318644,-34.747152894709757],[150.222464717322111,-34.747147408708095],[150.222446601325515,-34.747142030706449],[150.222428314328852,-34.747137127704761],[150.222410682332026,-34.747132878703162],[150.222392960335242,-34.747128835701552],[150.222375167338356,-34.747124998699938],[150.222357311341511,-34.747121386698304],[150.222339400344623,-34.747117989696676],[150.22233024834631,-34.747115667695844],[150.222321060347952,-34.747113471695002],[150.222311818349652,-34.747111400694166],[150.22230253235125,-34.747109464693324],[150.222293218352888,-34.747107662692471],[150.222280830355004,-34.747105618691364],[150.222268334357096,-34.747103960690218],[150.222255793359182,-34.747102454689085],[150.222243271361208,-34.747100876687959],[150.222230820363336,-34.747099012686824],[150.222219722365224,-34.747097246685826],[150.222208571367077,-34.747095507684811],[150.22219748336903,-34.74709358068381],[150.222186574370966,-34.747091276682816],[150.222175942372957,-34.747088354681843],[150.222170393374,-34.747086408681341],[150.222164961375114,-34.747084203680842],[150.222159565376217,-34.747081926680337],[150.222154124377312,-34.747079757679835],[150.222148548378385,-34.747077875679324],[150.22213891238016,-34.747075293678442],[150.22212898038191,-34.747073178677546],[150.22211890438362,-34.747071537676618],[150.222108748385295,-34.747070390675709],[150.222098646386911,-34.747069762674805],[150.221838305422722,-34.747092665651657],[150.221630762454282,-34.747088103633047],[150.221354501498183,-34.747067718608193],[150.221332351501786,-34.747065468606195],[150.221310102505328,-34.747063622604188],[150.221287809508851,-34.74706219760219],[150.22126548851233,-34.74706117560018],[150.221243177515703,-34.747060574598166],[150.221215828519803,-34.747060583595733],[150.221188443523744,-34.747061399593278],[150.221161049527666,-34.747062743590845],[150.221106297535471,-34.747065970585957],[150.221083188538699,-34.747067324583917],[150.221060079541957,-34.747068812581851],[150.221036988545194,-34.747070425579778],[150.221013905548403,-34.747072164577737],[150.220990850551601,-34.747074047575687],[150.220799227575071,-34.74711275355881],[150.220694088585446,-34.747153378549676],[150.220449210611406,-34.747233857528308],[150.220413704613065,-34.747261699525332],[150.220150154636229,-34.747384693502582],[150.220061850642139,-34.74744000149505],[150.219679518692743,-34.747488828461179],[150.219281733753235,-34.747480079425529],[150.219040978795476,-34.74743185340364],[150.218631404880341,-34.74725111236576],[150.218456714918432,-34.747159132349502],[150.218450771919464,-34.747157994348967],[150.218444837920543,-34.747156811348425],[150.218438903921566,-34.747155610347875],[150.218432987922625,-34.747154372347346],[150.218427070923667,-34.747153109346812],[150.218417793925283,-34.747151154345964],[150.21840849792693,-34.74714920034512],[150.218399246928584,-34.74714714834429],[150.218390094930271,-34.747144871343423],[150.218381094931942,-34.747142253342616],[150.218373331933464,-34.747139501341906],[150.218365730935005,-34.747136391341201],[150.218358182936583,-34.747133155340499],[150.218350590938115,-34.747130017339799],[150.218342836939627,-34.747127230339089],[150.218336525940799,-34.747125356338508],[150.218330107941966,-34.747123680337921],[150.218323662943163,-34.747122084337327],[150.21831724494433,-34.74712042633675],[150.218310915945523,-34.747118579336181],[150.218305940946465,-34.747117064335711],[150.218300920947399,-34.74711555833526],[150.21829596394835,-34.747113963334805],[150.21829118594934,-34.747112134334358],[150.218286676950299,-34.747109974333938],[150.218283682950926,-34.747108244333667],[150.218280769951633,-34.747106379333388],[150.218277981952326,-34.747104389333138],[150.218275310952976,-34.747102301332873],[150.218272791953666,-34.747100114332639],[150.21818815397404,-34.747041005324661],[150.218086672998879,-34.746967223315075],[150.217966986022702,-34.746921659304036],[150.217846832044728,-34.746890401293086],[150.217587415084182,-34.746884682269823],[150.217066276154071,-34.746944759223609],[150.216858724185585,-34.746940187205013],[150.216653018224406,-34.746878416186171],[150.216486503276087,-34.746674405169877],[150.216321359333079,-34.746427483153411],[150.216251394411387,-34.745910755143605],[150.216231028472748,-34.745466679138737],[150.216199187488854,-34.745380105135297],[150.216183240491745,-34.745376224133842],[150.216167222494647,-34.745372513132388],[150.216151149497477,-34.745368963130922],[150.216135014500338,-34.74536559212946],[150.216118843503153,-34.745362401127977],[150.216091485507974,-34.74535718412551],[150.216063957512716,-34.745352227123],[150.216036312517389,-34.745347889120495],[150.216008568521971,-34.745344527118],[150.215980789526355,-34.745342510115492],[150.215942315532203,-34.745341928112055],[150.215903376537767,-34.745343505108565],[150.215864472543132,-34.745347136105124],[150.215830947547488,-34.745352039102158],[150.215952867475238,-34.745763880115895],[150.215990875351508,-34.746662877125459],[150.216061880284542,-34.747091875134757],[150.216111872255965,-34.747252877140326],[150.216411888147519,-34.7477378731705],[150.216914885016251,-34.748165876218444],[150.217074882969769,-34.748337877233936],[150.21710987895392,-34.748418876237615],[150.217194883908689,-34.748666873246925],[150.216972891931931,-34.748741875227573],[150.216543902958108,-34.749029878191166],[150.216141912976582,-34.749345885157361],[150.215691922005902,-34.749633889119082],[150.215400915031864,-34.749766887093969],[150.214928935083378,-34.749910893052721],[150.214720944099298,-34.750025892034891],[150.214547948105405,-34.750175895020455],[150.214533946091734,-34.750295896020013],[150.214618952050586,-34.750512896029107],[150.214813945997435,-34.750695895047812],[150.214918949959326,-34.750866892058376],[150.2149899449239,-34.751055889066023],[150.214969955892997,-34.751313890066015],[150.214831955884279,-34.751536896055192],[150.214588959906905,-34.751640896034161],[150.214380968934023,-34.751670898015746],[150.213706976035866,-34.751660902955393],[150.212886996139019,-34.751806908883033],[150.212664994160747,-34.751893912863771],[150.212491998167678,-34.752037909849278],[150.212368009162134,-34.752220909839451],[150.211886026099961,-34.753241915803329],[150.21170003309382,-34.753499916788456],[150.211381041102157,-34.753798918761973],[150.211076041126518,-34.753959920735788],[150.210292061220684,-34.754133929666864],[150.209736070295918,-34.754192930617528],[150.209180079388346,-34.754120931567307],[150.208414088521153,-34.753979937497817],[150.208122095566068,-34.753969942471628],[150.207893101596454,-34.753998940451346],[150.207602104628421,-34.754085944425931],[150.207456108638127,-34.754177942413492],[150.207013117665753,-34.754470947375893],[150.206666130681299,-34.754746948346757],[150.206250139713063,-34.75497795031113],[150.205141160806761,-34.755524959215684],[150.204968165815927,-34.755651960201092],[150.204739171838753,-34.755737961181211],[150.204502172871031,-34.755761966160172],[150.204203178923763,-34.755699972133016],[150.203995187954661,-34.755700966114411],[150.203821187975393,-34.755740973099137],[150.203662193988492,-34.755821971085467],[150.203523197989682,-34.755970971074063],[150.203512199916133,-34.756543975077008],[150.203583203861911,-34.756875974085638],[150.203549203850429,-34.757001972083458],[150.203459204848912,-34.757115976076193],[150.203320209857594,-34.757207973064403],[150.203168216878709,-34.757219967050872],[150.202959211915783,-34.757174977031887],[150.202541222000519,-34.75700498399334],[150.202346228044576,-34.756890979975125],[150.202088227109186,-34.756691978950684],[150.201746233184906,-34.756503986918815],[150.201440229250807,-34.756349985890409],[150.201182237301936,-34.756253989866678],[150.200883243356287,-34.756179992839442],[150.200417250421879,-34.75620999479797],[150.199896255499368,-34.7562119937514],[150.199409259575589,-34.756185002707674],[150.19913126862221,-34.756146000682556],[150.198678264714488,-34.755958007640757],[150.19817027580882,-34.755817004594391],[150.197773287890527,-34.755646007557729],[150.197355278993996,-34.755333012518207],[150.196670278193608,-34.75459101845189],[150.196412285274874,-34.754265016426586],[150.195586280561542,-34.753020018344202],[150.195115275770689,-34.751962018294854],[150.194940280835766,-34.751665024277173],[150.194640273916491,-34.75139102224847],[150.194347276978846,-34.751249023221312],[150.194187279004154,-34.751238025206952],[150.194053043021626,-34.751257396195072],[150.19404940402211,-34.751257960194756],[150.194045782022584,-34.751258570194423],[150.194042161023049,-34.751259206194113],[150.194038557023475,-34.751259888193793],[150.194036164023771,-34.751260363193587],[150.194033771024095,-34.75126087419337],[150.194029002024649,-34.751261914192945],[150.194026608024956,-34.751262416192745],[150.194021095025619,-34.751263554192263],[150.194015574026309,-34.751264692191782],[150.194012813026632,-34.75126524819153],[150.1940106430269,-34.751265660191336],[150.194006305027443,-34.751266467190959],[150.194004145027719,-34.751266880190762],[150.194001993027968,-34.751267319190582],[150.193998166028422,-34.751268161190247],[150.193996256028669,-34.751268601190063],[150.193994356028895,-34.751269067189895],[150.193992473029084,-34.751269569189745],[150.193991156029227,-34.751269927189625],[150.19398983802941,-34.751270304189504],[150.193988529029554,-34.751270689189397],[150.193987230029677,-34.751271093189295],[150.19398593902983,-34.751271514189163],[150.193984576029976,-34.751272007189051],[150.193983241030082,-34.751272527188938],[150.193981905030199,-34.751273065188819],[150.193980560030326,-34.751273594188696],[150.193979207030509,-34.751274087188591],[150.193978015030609,-34.75127445418849],[150.193975594030917,-34.751275126188254],[150.193974411031007,-34.751275485188167],[150.193973237031145,-34.751275888188069],[150.19397216103124,-34.751276328187977],[150.193971776031276,-34.751276498187934],[150.193971103031345,-34.751276803187871],[150.193970063031429,-34.751277296187787],[150.193969033031493,-34.751277807187698],[150.193967993031606,-34.751278300187607],[150.193964658031888,-34.751279895187317],[150.193963000032028,-34.751280702187181],[150.193961368032177,-34.751281536187037],[150.193959764032286,-34.751282405186892],[150.193958733032389,-34.751282988186823],[150.193957720032472,-34.751283597186742],[150.193953355032761,-34.751286260186362],[150.193952019032849,-34.751287093186242],[150.193949321033017,-34.751288743186016],[150.193947958033135,-34.751289540185894],[150.193946793033234,-34.7512902041858],[150.193945628033305,-34.751290849185693],[150.193944444033377,-34.7512914861856],[150.193943261033496,-34.751292131185501],[150.193942069033568,-34.751292750185385],[150.193702292048471,-34.751452039165059],[150.193516298034893,-34.751767034150589],[150.193308298040989,-34.751957034133312],[150.193044309063879,-34.752083041110566],[150.192836309087312,-34.752141038092368],[150.192350318152108,-34.752200039049335],[150.192107322176923,-34.752287043028218],[150.191920325189727,-34.752402051012297],[150.19181632519178,-34.752505047003716],[150.191706337176555,-34.752746051995523],[150.191728335147076,-34.752946047998869],[150.19190333907369,-34.753306050016967],[150.192043339026554,-34.753506045030853],[150.19263733785391,-34.75414604608833],[150.192763335802965,-34.754391041101279],[150.192763335790119,-34.754489035101955],[150.192729335787703,-34.754546046099307],[150.192570341794124,-34.754678049086003],[150.192396341812469,-34.754736046070839],[150.192118350852382,-34.754748049046079],[150.191756348913742,-34.754692051013336],[150.191269363002732,-34.754568051968967],[150.190517365148395,-34.75431306290001],[150.190225372197887,-34.7542680728736],[150.189878376249567,-34.754269067842593],[150.18970437627172,-34.754298065827243],[150.189514206291165,-34.754366156810718],[150.189461381296582,-34.754385070806109],[150.189267382300699,-34.754574066790084],[150.189185398286611,-34.754775075784131],[150.189185398271661,-34.754889069784923],[150.189235391230369,-34.75514707179115],[150.189327406188937,-34.755358074800817],[150.189467397138003,-34.755587068814911],[150.189865398005253,-34.7561460708543],[150.190040392955098,-34.756329070871196],[150.190235394904988,-34.756489068889728],[150.190389387870852,-34.756574065904076],[150.190876382770654,-34.756784064949031],[150.191071385720534,-34.756944062967563],[150.191107384698597,-34.757070060971643],[150.19103138769421,-34.75719006196568],[150.190760397721675,-34.757289068942129],[150.190204397799278,-34.757330069892717],[150.189871403850304,-34.757320074862882],[150.18900429998925,-34.757247564784905],[150.188132427122696,-34.757222080706811],[150.187090445264261,-34.757329083614437],[150.186764443303872,-34.757398096585781],[150.186104461394535,-34.757458101527213],[150.185930461414415,-34.757504104511987],[150.185827465411052,-34.757647098503767],[150.185862469386279,-34.757796106507904],[150.186046061346332,-34.757891734524961],[150.186346462291226,-34.757970097552345],[150.186617461243543,-34.758025100576944],[150.186869456190436,-34.758143093600268],[150.187017461139874,-34.758360084614978],[150.187027447106914,-34.75860009461752],[150.186960459087516,-34.758824104613055],[150.186901467065383,-34.759060099609414],[150.186758474060355,-34.759261098598024],[150.186573475056235,-34.759503099583135],[150.186479479042276,-34.759716101576217],[150.186468480013104,-34.759951101576831],[150.186360490999874,-34.760175102568709],[150.18628748897757,-34.760428110563922],[150.18620648996108,-34.76064610555818],[150.186077498950795,-34.760871110548202],[150.18608749391845,-34.761106110550706],[150.185965502910307,-34.761307109541178],[150.185703503932643,-34.761435114518655],[150.185426507967691,-34.761483108494225],[150.185107516017951,-34.761463118465592],[150.184822515063217,-34.761442115439991],[150.184551524111583,-34.761382119415366],[150.184273524156623,-34.761355120390334],[150.183995524196291,-34.761369122365586],[150.18373353422686,-34.761434128342614],[150.183498534245985,-34.761556128322461],[150.183271539261597,-34.761695133303142],[150.183072548270729,-34.761852137286439],[150.182887549275648,-34.762025133271095],[150.182702551278993,-34.762210140255824],[150.18253155428107,-34.762389142241787],[150.182394557275785,-34.762585139230893],[150.182224564271024,-34.762815137217274],[150.182018572277485,-34.763000145200145],[150.181903573267363,-34.763208145191292],[150.181823579245474,-34.763466155185917],[150.181707585235642,-34.763673151176967],[150.181620581218482,-34.76390314917078],[150.181491580210576,-34.764110154160662],[150.181376599196,-34.764352155152061],[150.181198592199905,-34.764525151137335],[150.180949600221737,-34.764642167115895],[150.180659606257962,-34.764696157090356],[150.180374605299448,-34.764704153064955],[150.180110607348468,-34.764631159040867],[150.17983861340079,-34.764542165015968],[150.179587612450803,-34.76444616899289],[150.17933662050379,-34.764328166969655],[150.179065621554457,-34.764250171944916],[150.178806625608615,-34.764132169920977],[150.178617628658486,-34.763967169902962],[150.178394622708851,-34.763837173882145],[150.178184632760264,-34.763684176862348],[150.177974632810901,-34.763537176842576],[150.177777631861176,-34.763378182823878],[150.17756163591207,-34.763236174803623],[150.177344634965181,-34.763078175783157],[150.177113633016063,-34.76295318276167],[150.176829636055061,-34.762979177736476],[150.176595641074783,-34.763095180716384],[150.176374652089549,-34.763234185697584],[150.176147657104423,-34.763379186678314],[150.175934655117231,-34.763524187660273],[150.175714661132474,-34.763658190641543],[150.175487666145187,-34.763820196622397],[150.175309668147491,-34.764005194607762],[150.175180676139576,-34.764212200597647],[150.17502267713823,-34.764402200584854],[150.174956675117187,-34.764638204580571],[150.17495967808668,-34.764867198582408],[150.174989681051358,-34.765102197586693],[150.175034689012421,-34.765348205592396],[150.175030690980748,-34.765594203593729],[150.175005690952872,-34.765835200593145],[150.174897701941859,-34.766042205584924],[150.174775692932911,-34.766249201575448],[150.174659698920067,-34.766479208566665],[150.17450970491754,-34.766669209554586],[150.174387704907048,-34.766888208545168],[150.174209716908564,-34.767079212530589],[150.174094726894964,-34.767314212521924],[150.173902726900849,-34.76748820350597],[150.173766725895433,-34.76768421849517],[150.173553723905968,-34.767846215477263],[150.173312726920727,-34.768008221456853],[150.173127736922623,-34.768204219441671],[150.172893740940822,-34.768332224421641],[150.172651740959395,-34.768466227400971],[150.172404746975701,-34.768623231379983],[150.17217075098938,-34.768785228360201],[150.171984757995148,-34.768953231344739],[150.17182776299444,-34.769137244331979],[150.171565763022045,-34.769225234309189],[150.171274774055433,-34.769302235283725],[150.170990777098325,-34.769298237258347],[150.170712777144075,-34.769266244233293],[150.170413784192135,-34.769240240206422],[150.170162792241456,-34.769150241183389],[150.169863789294766,-34.769084240156253],[150.169572800335715,-34.769103252130378],[150.169187806383661,-34.769176255096511],[150.169189805385201,-34.769162253096596],[150.169194807387584,-34.769138257096884],[150.171232676550773,-34.757945213202142],[150.171265672569433,-34.757765207203853],[150.172236612123754,-34.752431190253979],[150.172915557511146,-34.748703169289051],[150.174360543268335,-34.748910165419524],[150.174496545245432,-34.748930164431812],[150.176137903969646,-34.749165164580013],[150.176360918932204,-34.749197093600152],[150.176504512012741,-34.748419145607649],[150.177443448499304,-34.743639130658728],[150.17815140286632,-34.740033109697244],[150.179512386643637,-34.74018310481982],[150.179176389723665,-34.739955105788255],[150.177868399035447,-34.739065116665323],[150.177905393057728,-34.738853109667176],[150.178516346422185,-34.735377101697907],[150.177191361641832,-34.735209107578406],[150.178464263382097,-34.728112072643434],[150.176275295748326,-34.72780808544583],[150.176314297771484,-34.727587087447802],[150.170165383788458,-34.726823122893443],[150.170776338088501,-34.723837113927516],[150.170886334142807,-34.723297114933636],[150.169990348293709,-34.723165119852723],[150.170666300636015,-34.719782104889887],[150.170683107644464,-34.719698542890796],[150.170702299654067,-34.719603103891856],[150.170348302713251,-34.71955410585992],[150.166101366424442,-34.718958126476657],[150.165842370467772,-34.718922127453283],[150.161964436117074,-34.718378148103398],[150.159427477541868,-34.718022411874522],[150.159210916578104,-34.717992042854995],[150.159256076608813,-34.717706144857054],[150.158670836705909,-34.717630883804311],[150.151288982930623,-34.71668148913912],[150.141162334617661,-34.715325737226586],[150.141059069635759,-34.715305102217236],[150.140948319655138,-34.715282979207203],[150.141228791795811,-34.713887897222634],[150.141787379076476,-34.711104805253363],[150.142378846375919,-34.708141027285777],[150.142402394387318,-34.708027077287092],[150.143194241778303,-34.704134684331009],[150.14327492581819,-34.703737517335476],[150.143403585881856,-34.703104185342596],[150.143403970900664,-34.702959596341643],[150.143404104907233,-34.702909451341313],[150.14340457992995,-34.702735182340149],[150.139345637609296,-34.702165206974293],[150.135018714333455,-34.701557242584343],[150.13395953051247,-34.701395586488808],[150.132181085812931,-34.701124147328407],[150.13053078109175,-34.700872268179594],[150.125986849843343,-34.700302302770709],[150.125951854824393,-34.700487300768863],[150.124944867994003,-34.700337306678094],[150.124396873118258,-34.700011313627023],[150.123858881224834,-34.69980931957771],[150.123637892258785,-34.699801314557959],[150.123504876279014,-34.69979832054608],[150.123287885311868,-34.699794322526735],[150.123003888359392,-34.699754325501154],[150.122448901464452,-34.699583328450515],[150.122163900535412,-34.699365324423631],[150.121788891685441,-34.69864432438527],[150.121518905748133,-34.698472332360041],[150.120922908855505,-34.698330333305961],[150.120374913975297,-34.698038332255138],[150.120090916998919,-34.698181334230824],[150.119861932003147,-34.698410337211989],[150.119529933991998,-34.698874349185594],[150.119481949968474,-34.699109348182944],[150.118920957035613,-34.699235355133823],[150.118344968122898,-34.699224356082439],[150.118067972160333,-34.699253355057969],[150.116896999299712,-34.699522372955492],[150.116757000313783,-34.699574363943384],[150.116744002315187,-34.699578370942255],[150.117404948651739,-34.696247345978271],[150.117445940672638,-34.696040349980507],[150.117970895939408,-34.693398333009135],[150.11798970194917,-34.693302167010138],[150.118005899957552,-34.693219331011036],[150.114333958567926,-34.692734352680624],[150.114284952576185,-34.692727351676204],[150.115235874064695,-34.687900328727778],[150.115049880096024,-34.68787232571102],[150.111715933659866,-34.68735734441055],[150.111997912770931,-34.686184335427619],[150.112095906809998,-34.685773337433524],[150.112613870014286,-34.683617320464862],[150.103899972492599,-34.682233388679464],[150.103258087601859,-34.682128662621579],[150.102808983678329,-34.68205539958111],[150.101579509887614,-34.681854606470282],[150.101363988924277,-34.681819404450856],[150.092791090378313,-34.680460473678558],[150.092678843397607,-34.680440447668438],[150.09257646541522,-34.680422179659203],[150.093577021826235,-34.676127446718752],[150.093594330833184,-34.676054067719789],[150.093619026843157,-34.675949457721266],[150.095353907555364,-34.668505392824549],[150.095395903572324,-34.66832739482706],[150.096806812151783,-34.662271357911038],[150.097616762484648,-34.658793333959252],[150.098488706842659,-34.655051303011156],[150.094079753577091,-34.654449344614648],[150.092622765822654,-34.65422835548349],[150.09108877809075,-34.653922369344897],[150.088597804526188,-34.653424393119863],[150.08829580854885,-34.653595399094172],[150.088175798575975,-34.653524395083011],[150.088036811607594,-34.653440394070067],[150.087951501626947,-34.653389201062119],[150.087951026627024,-34.653388923062074],[150.087846811650707,-34.653326399052375],[150.087794533662617,-34.653294685047513],[150.087663883692414,-34.653215291035345],[150.087507811727988,-34.653120398020818],[150.087156817802224,-34.65295139998841],[150.086764813895996,-34.65267940595168],[150.085758822138871,-34.651963407857266],[150.085210818297156,-34.651374411804483],[150.084730824407245,-34.651077416759762],[150.083847827616381,-34.65048042467712],[150.082830827862608,-34.649751429581649],[150.082001830012473,-34.64954743550652],[150.081546836107378,-34.649338440464618],[150.081300829226421,-34.648705440438391],[150.081012825400393,-34.647698435405879],[150.080701820514264,-34.647179439374632],[150.080301829617497,-34.64684344233676],[150.07936083584562,-34.646166447248433],[150.078822835998693,-34.645605445196729],[150.078567828146618,-34.644760447168252],[150.078016821395209,-34.643480444110466],[150.077833813550114,-34.642499445087466],[150.077930803608609,-34.641939438092244],[150.077814800733023,-34.641116437076263],[150.077934792805394,-34.64042343208218],[150.078393774849616,-34.63955942111707],[150.079246751827554,-34.638754411187385],[150.079800662809077,-34.638263597233262],[150.080208218770849,-34.638091623268323],[150.08095418275235,-34.637381757329791],[150.082227552616359,-34.636971923440214],[150.082827036537708,-34.636891534492982],[150.084700239294449,-34.636620840657727],[150.085620795136407,-34.636783088740735],[150.086528630998004,-34.636809335821667],[150.08711862192709,-34.636680334873269],[150.088135594845824,-34.636143320960052],[150.08929293476541,-34.635439550058159],[150.090025049736965,-34.634822048119055],[150.0902829347188,-34.634667231140938],[150.091075172717353,-34.633773908205285],[150.091519922776399,-34.632812673238256],[150.091462517846736,-34.632338273229884],[150.091777512864468,-34.631842269254506],[150.09241649386351,-34.631120265306407],[150.093261475837409,-34.630356247376334],[150.093991458816703,-34.629682246436651],[150.094601449782175,-34.629251231487977],[150.095169434737983,-34.628942224536402],[150.095910425685673,-34.628498220599283],[150.096583414599593,-34.628391217658439],[150.097326403486846,-34.628409217724681],[150.098098390409774,-34.628120200791408],[150.099177368324149,-34.627546183883503],[150.09963436129479,-34.627250183922122],[150.099613359328799,-34.627013185918635],[150.099400357410474,-34.626629186897041],[150.099406355474059,-34.626134177894166],[150.099239347548234,-34.625755180876709],[150.098660347731681,-34.625007181820031],[150.098587757753108,-34.624925635813007],[150.098511832774705,-34.624846537805709],[150.098432895796378,-34.624770218798162],[150.098351296818038,-34.624696991790394],[150.098267349839574,-34.624627189782437],[150.098116951875028,-34.624526774768377],[150.09795318891031,-34.62444286275322],[150.097785419945495,-34.624364060737747],[150.097623027980688,-34.624278965722709],[150.09747535601602,-34.624176193708855],[150.097415727031375,-34.62412625570321],[150.097356260046894,-34.624075124697562],[150.097299008062322,-34.624021860692103],[150.097246022077542,-34.623965531686999],[150.0971993550923,-34.623905194682429],[150.097146853111497,-34.623817939677167],[150.097102410130503,-34.623722580672556],[150.097067119148846,-34.623622273668715],[150.097042065165823,-34.623520102665786],[150.097040523166925,-34.623513549665603],[150.097039107168001,-34.623506951665433],[150.097037825169082,-34.623500327665269],[150.09703667817007,-34.623493685665132],[150.097035656171101,-34.623487024664989],[150.097034714172196,-34.623479575664867],[150.09703397917329,-34.62347210866475],[150.097033388174367,-34.623464614664634],[150.097032886175441,-34.623457112664539],[150.097032411176457,-34.623449618664438],[150.097031703178175,-34.623437283664302],[150.097031165179857,-34.623424922664164],[150.097031003180632,-34.623419194664102],[150.09703082418153,-34.623412561664047],[150.097030690183146,-34.623400190663951],[150.097030779184763,-34.623387838663874],[150.097031057186143,-34.623376776663818],[150.097031505187545,-34.623365715663788],[150.09703213318889,-34.623354653663768],[150.097032922190209,-34.623343619663771],[150.097033890191511,-34.623332584663764],[150.097036355198981,-34.623272194663564],[150.09688934730417,-34.622632193646098],[150.096975331447652,-34.621432185645503],[150.097201331436366,-34.621261179664437],[150.09775531540069,-34.620903175711284],[150.098306304365451,-34.620545172757843],[150.098488300357388,-34.620399167773051],[150.09952528131717,-34.619525151859342],[150.099815274308639,-34.619260149883338],[150.100076252329472,-34.618802143903416],[150.100485252327843,-34.618348144936689],[150.1006442463339,-34.618120136949265],[150.1009482333493,-34.617655129973144],[150.101007234400697,-34.617193134975217],[150.100909232475942,-34.616727133963295],[150.100801225522588,-34.61649212495206],[150.100577224586743,-34.6162551259305],[150.10030222764621,-34.616112132905045],[150.100023232694696,-34.616058133879825],[150.099831242693654,-34.616285137864303],[150.099827244664027,-34.616517125865528],[150.099583244670868,-34.616743143845376],[150.099022251751705,-34.616762146795573],[150.097599274961283,-34.61677615766903],[150.097044279065216,-34.616611157618493],[150.094974299428287,-34.616184176431354],[150.094647311484437,-34.616126179401867],[150.093756318650748,-34.615865184320775],[150.092823329808908,-34.615715190236727],[150.09221233592973,-34.615484197180777],[150.091914337981166,-34.615429194153876],[150.091615344028554,-34.615406201127129],[150.091336340074179,-34.615374200102089],[150.09104934913168,-34.615260205075771],[150.090773348186445,-34.615154206050491],[150.09046834925141,-34.615003208022316],[150.090244348315537,-34.614766209000742],[150.090068350403669,-34.614290212981821],[150.090086350432216,-34.61405021098178],[150.09016234645398,-34.613796207986795],[150.090574332486199,-34.613078201018496],[150.091190310491697,-34.612333187068188],[150.09152730250517,-34.611845196094826],[150.091728293539234,-34.61135417610933],[150.091878279679946,-34.610102176114069],[150.092142269794834,-34.608918168129399],[150.092205260843656,-34.608471161131938],[150.092555243012299,-34.606776152151426],[150.092656232122891,-34.60581114315378],[150.092790225133854,-34.605574145164077],[150.093046219126308,-34.605340140185241],[150.093500209114154,-34.604915130222722],[150.094073196072571,-34.604581122271412],[150.094360187057134,-34.604372118295508],[150.094878180070197,-34.603681111336847],[150.095270167102427,-34.602986106366956],[150.095439157168443,-34.602286100377178],[150.09545514922624,-34.601824096375431],[150.095098142411558,-34.60080709733667],[150.095158139496107,-34.600089091337068],[150.09525813251318,-34.599844096344285],[150.095502132503327,-34.599641089364603],[150.096641105398334,-34.599149091462579],[150.096945101368931,-34.599028078488807],[150.097233105353354,-34.598819073513006],[150.097396088359886,-34.598583070525876],[150.097453090382544,-34.598344072529308],[150.097421081449767,-34.597864069523162],[150.09748607950246,-34.597385060525639],[150.097063616651468,-34.596721878483471],[150.096898500737922,-34.596245729465515],[150.0966264718611,-34.595609627436929],[150.096595949913251,-34.595244004431699],[150.096533400012078,-34.594555651421409],[150.096310404181821,-34.593505744394349],[150.096165251242894,-34.593201784379325],[150.095989899389593,-34.59227464035736],[150.095489037596764,-34.591253884305772],[150.094918472780051,-34.590496194249766],[150.094160049032695,-34.589419208174881],[150.0933507092642,-34.588562808096981],[150.093126610365175,-34.588042323073445],[150.093124942391512,-34.587841951071923],[150.093357486417688,-34.587375277089421],[150.094309310374058,-34.586625242168957],[150.095404073293849,-34.585993074262021],[150.096559262171922,-34.585612768362211],[150.099029376887131,-34.584984689577723],[150.09910722890794,-34.584736126582939],[150.099090923940025,-34.584507993579919],[150.098888832065171,-34.583776837556904],[150.098755914147461,-34.583295991541767],[150.098679918219204,-34.5828309935318],[150.09854691027175,-34.582578988518229],[150.098266895557344,-34.580702988480411],[150.098161891602984,-34.580471986469469],[150.097981894659995,-34.580238985451849],[150.097618898763926,-34.57985399141689],[150.097159888831129,-34.579860992376091],[150.096882901869719,-34.579879996351579],[150.096324911931191,-34.580044001303051],[150.095745920011467,-34.580087001251812],[150.095459933040644,-34.580189011227077],[150.094598942166925,-34.580200011150524],[150.094028949258615,-34.580145017099426],[150.092899962430295,-34.580113024998752],[150.092491966489348,-34.58012403296253],[150.092214970536048,-34.580081032937585],[150.091932962577516,-34.580084035912527],[150.091786975569903,-34.580309041901074],[150.091933992394189,-34.5814920449223],[150.092113989337179,-34.581725036939915],[150.092387991264019,-34.581975041966011],[150.092460994222506,-34.582211036974122],[150.092110994185077,-34.582898045947722],[150.091896011187174,-34.583127048930159],[150.091317018221559,-34.583523050881361],[150.090319039255149,-34.584403063798632],[150.090069051262788,-34.584630067777951],[150.089403071242828,-34.585543076724996],[150.089002066212316,-34.586235078694067],[150.088744558222459,-34.586450823672649],[150.08873737822276,-34.586456847672054],[150.088737082222764,-34.586457080672012],[150.088457092251048,-34.586559091647807],[150.087870103326452,-34.5866490895962],[150.087597105378507,-34.586560095571322],[150.087326105439928,-34.586397094546093],[150.086348108708989,-34.585444098452534],[150.08610810780678,-34.584966103427902],[150.085398107006768,-34.584238102359741],[150.084796095191962,-34.583501111301118],[150.084036110397534,-34.582787112228615],[150.083806104462752,-34.582548115206514],[150.083534109525743,-34.582374115181125],[150.083104116596814,-34.582318117142499],[150.082947103622701,-34.582298119128396],[150.082846106729875,-34.581589122114529],[150.082913103781181,-34.58111811811726],[150.082893096876035,-34.580411111110614],[150.082707093935255,-34.580168115092398],[150.08254209402449,-34.579670112074297],[150.082545089063046,-34.5793701150725],[150.082454086107731,-34.579130113062753],[150.082373088157567,-34.578839115053555],[150.082293085238348,-34.578309111042792],[150.082260079275102,-34.578064116038171],[150.082241076308577,-34.577828113034855],[150.08227707533743,-34.577565109036257],[150.082300068411371,-34.576970098034202],[150.082520063428035,-34.576591101051164],[150.082742056419534,-34.576403099069601],[150.082946050422436,-34.576148100085987],[150.083348040402967,-34.575839094119623],[150.083710033364099,-34.575725090151025],[150.084245022311222,-34.575521087197217],[150.08455601827319,-34.575459083224452],[150.085163015193444,-34.575380083277892],[150.086351998022906,-34.575335065383335],[150.086944992910389,-34.575524061437392],[150.087219989860728,-34.575592061462331],[150.087878976757935,-34.575631054521217],[150.089188964574703,-34.575546048637158],[150.089510960525871,-34.575554043665868],[150.090088940447458,-34.575498036716908],[150.091250933310732,-34.575224024818411],[150.091835923259993,-34.574947019868546],[150.092445913188755,-34.574799014921808],[150.092743903158748,-34.574690012947563],[150.093029899135047,-34.574546005972032],[150.093309898100529,-34.574492006996572],[150.093424889092176,-34.57442500100634],[150.09389188608796,-34.57392498904445],[150.09393587214177,-34.573460996045164],[150.093862870195125,-34.573133998036418],[150.093831855399287,-34.571599983023113],[150.093769851490237,-34.570970989013261],[150.093870840535459,-34.57050799001906],[150.093932835655949,-34.569510980017718],[150.093827831699059,-34.56929898200692],[150.09378982477125,-34.568786986000028],[150.093662823838883,-34.568411977986131],[150.093642824875104,-34.568155983982585],[150.09356782391967,-34.567898977974146],[150.09344181699322,-34.567476980960038],[150.093339816044903,-34.567195977949019],[150.093106815152652,-34.566632976924424],[150.093003810204578,-34.56635097891332],[150.092557808389813,-34.56543497686733],[150.092386802509424,-34.564709978847134],[150.092292797593188,-34.564172981835078],[150.092252791656563,-34.563730976828481],[150.092368768865612,-34.561990968826805],[150.092442766920925,-34.561480971829901],[150.09289974198461,-34.560469959863596],[150.093075740988183,-34.560241960877683],[150.094007718971085,-34.559310942954198],[150.094695697027078,-34.558095936007057],[150.094853687069559,-34.557588933017641],[150.094768682182149,-34.556819931004782],[150.094645679267359,-34.556304931990283],[150.094541678313163,-34.556070926979416],[150.094322671473265,-34.555088922953175],[150.093620675682075,-34.554282925885161],[150.093102673817839,-34.553828927835951],[150.092547686922984,-34.553652928785354],[150.091994690039911,-34.553383928734299],[150.09113269519753,-34.553153940656024],[150.090461705311128,-34.553044947595581],[150.090128711373467,-34.552944945565258],[150.089530705473919,-34.552853952511434],[150.089092725540269,-34.552842954472389],[150.087296745777564,-34.553064975314157],[150.086986753814273,-34.553135979287049],[150.086652755853351,-34.553215983257921],[150.086350758876165,-34.553384990232203],[150.085451777924277,-34.554039998156753],[150.085138781951315,-34.554188998129945],[150.084171801065793,-34.554411009045459],[150.083530813153885,-34.55446402298881],[150.082928819248792,-34.554420018934962],[150.082650819313784,-34.554237019908982],[150.082564819358623,-34.55399001689964],[150.082501820398647,-34.553754021892409],[150.082578812496479,-34.552913020893484],[150.082395795590401,-34.552399007873653],[150.082317800665749,-34.551908014863351],[150.082185788811699,-34.550935009844892],[150.082076795862577,-34.550668008833384],[150.082008795906631,-34.550406008825519],[150.081908792943324,-34.550238005815473],[150.081529779155346,-34.5490380067735],[150.081278779291893,-34.548273001745912],[150.081180776338527,-34.548025999735501],[150.080862779458499,-34.547465006703355],[150.080284783662336,-34.546555000645697],[150.079923776779367,-34.546065997610235],[150.079271790917375,-34.545747005550055],[150.07896779597607,-34.5456420105223],[150.078068807112146,-34.54562001344221],[150.076884817331972,-34.545278020334578],[150.076605822390718,-34.545144017308857],[150.076005827538694,-34.544689015252366],[150.075418829685901,-34.544225021196986],[150.073596856049335,-34.543505035030051],[150.072117870313747,-34.543156040896186],[150.071821888358528,-34.543149039869817],[150.071785880362683,-34.543158039866675],[150.071501883405659,-34.543151047841384],[150.071192886445971,-34.54319304481421],[150.069889907590976,-34.543563060700926],[150.066983962870438,-34.54472708045067],[150.065085004044619,-34.545553104287585],[150.063776020214675,-34.545737108172546],[150.063493027259995,-34.545711113147206],[150.063129036326529,-34.545614114114201],[150.062222051521019,-34.545151116030418],[150.061642046649382,-34.544824127976639],[150.061319047728801,-34.544581122946269],[150.060781056877545,-34.544049119894794],[150.060194060069364,-34.543241123837092],[150.059830051220985,-34.542488122799568],[150.059765053296957,-34.541977121790275],[150.059664047343176,-34.541736124779639],[150.059125052536018,-34.540865121725759],[150.058902047662258,-34.540147115701011],[150.058882049696621,-34.539905114697554],[150.058774042745966,-34.539648117686205],[150.058549046811322,-34.539401114664507],[150.058275044866832,-34.539286116639374],[150.057985050916955,-34.539231122613231],[150.057402061005234,-34.539216125561332],[150.057097070059143,-34.539149129533783],[150.056505071169141,-34.53897712848002],[150.055614087357185,-34.538545137397897],[150.055389082420987,-34.5383101373763],[150.055104090490744,-34.538098148349512],[150.054261091682491,-34.537582146271092],[150.05283710997324,-34.536967146140363],[150.052288120078202,-34.536785150090353],[150.050000136487029,-34.536246165883455],[150.04970115156047,-34.536021169855353],[150.049520151619191,-34.535775170837589],[150.049122150773513,-34.535040169797192],[150.048564152951826,-34.534302173742553],[150.047489157236697,-34.533333185640416],[150.047337155290961,-34.533088181625232],[150.047237154368815,-34.532602181613008],[150.047128153518457,-34.531572175596246],[150.046594142727741,-34.530568182541906],[150.046465142809865,-34.530082182527117],[150.04645914584367,-34.529828178524838],[150.046310138961786,-34.529087179506512],[150.046043138094547,-34.528368169477837],[150.045695138208288,-34.527888175443643],[150.04549413030287,-34.527388172422356],[150.045468126371134,-34.526891173416629],[150.045572126416431,-34.526423172422632],[150.045595119442709,-34.526194169423107],[150.045661121462473,-34.525966170427381],[150.045845116466097,-34.525728167442068],[150.046400103438486,-34.525307155488463],[150.047262089367734,-34.524868143561982],[150.048130072263064,-34.524684139637792],[150.04965304410797,-34.524141118769293],[150.050277036054325,-34.523842115822639],[150.050562028039451,-34.523631111846498],[150.050844017015606,-34.523493102870589],[150.051357007999144,-34.523034101912998],[150.051921997951439,-34.522757095961268],[150.052512974891812,-34.522542086012258],[150.053407965828512,-34.522008083088075],[150.053590956830618,-34.521783078102793],[150.054117948810557,-34.521336071146514],[150.054710933753768,-34.521097065197544],[150.054995924738932,-34.520886061221404],[150.055278917719562,-34.520712061245341],[150.05559391170172,-34.520490059271793],[150.056201902647501,-34.520214058323901],[150.057724863545786,-34.519260040452615],[150.058913836449108,-34.51864803355403],[150.059551829391893,-34.518361025608733],[150.059831818360436,-34.518284024633083],[150.060111817327567,-34.5182180226575],[150.06072480023488,-34.518233019712063],[150.061666789069108,-34.518436009797156],[150.061959785029501,-34.518407010823005],[150.062241783004112,-34.518281013847179],[150.062511776993063,-34.518058007869627],[150.062878761997126,-34.517608006899145],[150.063187750045785,-34.516879997921585],[150.063931723153814,-34.515197988976112],[150.063995717174294,-34.514966995980217],[150.06463569026451,-34.513540980027251],[150.065024673296165,-34.512852976057076],[150.065257674291132,-34.512625972076229],[150.065830661264101,-34.512180963124081],[150.066170647253301,-34.5118759631522],[150.067037635172881,-34.511506959226701],[150.067320628139214,-34.511443951251401],[150.067916617076236,-34.511248948303056],[150.068482603005776,-34.511146937352642],[150.068999600928379,-34.511153937398646],[150.069318593874527,-34.511204932427347],[150.069360598865472,-34.511226930431235],[150.0699005807503,-34.511498932481111],[150.070148578690748,-34.51167493950436],[150.070421585622313,-34.511890926530107],[150.070693580548095,-34.512152924556098],[150.071421582359022,-34.512779917625124],[150.072011574220653,-34.513173919680284],[150.072702572994984,-34.514124915748255],[150.073505568778813,-34.514874911824805],[150.074165560583197,-34.515629910888684],[150.074792564400752,-34.516320907949172],[150.074991565344675,-34.51652590496829],[150.075254568288926,-34.516655899992564],[150.07632355105477,-34.517240896091636],[150.076920543950877,-34.517360896145547],[150.077370535882579,-34.517373893185642],[150.077937535802164,-34.51734688423587],[150.078804514707315,-34.517088872311177],[150.079377502666006,-34.516753869359832],[150.079582499665264,-34.516525869376487],[150.079759493671645,-34.516274868390482],[150.080392476625349,-34.51590985444426],[150.081288463525738,-34.515655850522201],[150.081811457479205,-34.515417847567065],[150.082122454441389,-34.515354839594295],[150.082571442373506,-34.515365847634314],[150.083185439271745,-34.515449830689484],[150.083468432234952,-34.515410827714376],[150.084091420164924,-34.515239821768624],[150.08557140001983,-34.51467079689634],[150.086496383874078,-34.514738796979074],[150.087054382777637,-34.514845800029455],[150.087576373687426,-34.514945792076567],[150.088237368598442,-34.514877791134907],[150.088595363552344,-34.51482478716639],[150.089242347488835,-34.514576781222232],[150.090394325384835,-34.514064767321187],[150.091573303312373,-34.513279755420662],[150.092168296243671,-34.513130746472577],[150.092455287224425,-34.512951744496888],[150.09268728321959,-34.512724740515971],[150.09283627323029,-34.512472736527478],[150.093042274232346,-34.512221736544085],[150.093135266251494,-34.511968736550614],[150.093207255300939,-34.511505738553822],[150.093140257374472,-34.511015731544497],[150.092960250464984,-34.510523735525084],[150.092085247787367,-34.509037732437001],[150.091925239841686,-34.508801738421141],[150.091646234944506,-34.50832774139306],[150.091454235039492,-34.507814742372425],[150.091357235086207,-34.507565741362079],[150.09079223424871,-34.506957742307627],[150.090314228459079,-34.505881742257685],[150.090266226496567,-34.505647747251814],[150.090106227550905,-34.50541174423595],[150.089575235722606,-34.504693748183769],[150.089133219938049,-34.503537745136484],[150.088598213119582,-34.502748755083438],[150.08814520827849,-34.502040763038259],[150.087812213391061,-34.501552756005289],[150.087500212500032,-34.501068745974202],[150.087052217654644,-34.500387762929648],[150.086864206713216,-34.500150755911285],[150.086316211847219,-34.499742760859739],[150.085776211972501,-34.4993927628093],[150.085510206036787,-34.499200772784313],[150.085004215172034,-34.498734771736089],[150.084865282233608,-34.498418773721561],[150.084491994398945,-34.497569758682509],[150.084090605513722,-34.497142975643861],[150.083684679632654,-34.49668886960464],[150.083601072721166,-34.496101880593145],[150.083240199838002,-34.495612573557686],[150.082304548041037,-34.495114061471035],[150.081519088189623,-34.494864012399454],[150.080952081262865,-34.494945684349609],[150.08043802430106,-34.495237229305914],[150.080027142320745,-34.495553901271535],[150.079227071396815,-34.49587940120265],[150.078510159505072,-34.495862244138777],[150.077796948646863,-34.495582156073432],[150.076956396781981,-34.495498549998118],[150.075561906016645,-34.495279219872614],[150.074752987162896,-34.495073908799299],[150.073957559316483,-34.494796366726654],[150.073415848418875,-34.494624661677328],[150.072766039562879,-34.494255372617012],[150.071799077735307,-34.494028109529488],[150.070944818923095,-34.493554139450289],[150.07052430909124,-34.492736858407284],[150.07060076216024,-34.492117429409788],[150.070665302268083,-34.491212031409304],[150.070531442400579,-34.490342677391418],[150.070151718551415,-34.489612534352638],[150.06970664767266,-34.489184648310129],[150.069409176852218,-34.488139054276481],[150.068917654011045,-34.487474240228195],[150.068270705225729,-34.486556294164387],[150.067708932378082,-34.486021297110767],[150.067392682470484,-34.485669066080234],[150.067237111606829,-34.484794657060384],[150.067524764676278,-34.48393088708],[150.068102725662499,-34.483377917127555],[150.069259643577823,-34.482711874225785],[150.070740554509513,-34.481550230349413],[150.071925977445261,-34.480694384448881],[150.072671582439739,-34.47988693550959],[150.07323331040908,-34.479483205556754],[150.073520264435729,-34.478950440578586],[150.073317757628502,-34.477693985551923],[150.07323262675186,-34.476839404538453],[150.07306392290252,-34.475869456516769],[150.072733295085868,-34.474832135480227],[150.072709244122024,-34.474580463476364],[150.072645088218451,-34.473909455466035],[150.072232716455829,-34.472548202419986],[150.071849720594713,-34.47191322138157],[150.070832316931558,-34.470473974281212],[150.069639568171937,-34.469978275171769],[150.068956029276279,-34.469952800110846],[150.067794530425004,-34.470128980008823],[150.067200030501226,-34.470219004956618],[150.066654204547689,-34.470482519909915],[150.066268045513112,-34.471189733880493],[150.066011040430851,-34.472117720864041],[150.065964715347349,-34.472814966864732],[150.065747484203797,-34.474170177854774],[150.065435923170952,-34.474779414831275],[150.064805684201389,-34.475263093778608],[150.064066434310575,-34.47526346171292],[150.063027337529661,-34.474757786617104],[150.062218202714604,-34.474253105541727],[150.061539584876925,-34.473774232478128],[150.0610971579666,-34.473586723437521],[150.060742498023643,-34.473550984405776],[150.060156163149088,-34.473251175351614],[150.059652387263895,-34.472939749304714],[150.058842114464824,-34.472312585228394],[150.058467365571857,-34.471913571192346],[150.058297676677967,-34.471288217172969],[150.058218317861446,-34.469962158156783],[150.058631188909573,-34.469119570187644],[150.058736101998278,-34.46831491019141],[150.058665509152235,-34.467206729177512],[150.058840476206285,-34.466589684188804],[150.058899395346089,-34.465442967186121],[150.059343524335219,-34.46502018122267],[150.059556284351089,-34.464655132239045],[150.059938507359647,-34.464152916269548],[150.060174251370171,-34.463803043288088],[150.060432296372881,-34.463487779308835],[150.060726790374531,-34.463139304332586],[150.061389514378646,-34.462351594386043],[150.061807997385529,-34.46182101641957],[150.062239002415197,-34.461100787452899],[150.062982080400275,-34.460368573513875],[150.06323985642382,-34.459892576533498],[150.063586976481872,-34.459048555558518],[150.06399035550055,-34.458444552590201],[150.064456652503367,-34.457890758627812],[150.064866745480714,-34.457598630662247],[150.066152753371341,-34.456976861772226],[150.067279175260779,-34.456546069869368],[150.0680031782002,-34.45618840593125],[150.068237846207097,-34.455867701949906],[150.068414265224675,-34.45553098796325],[150.069274233190299,-34.454816154034759],[150.069602368224736,-34.454176225059506],[150.070001909317199,-34.453007106086957],[150.070528498338746,-34.452240425128473],[150.071045038324598,-34.451760870171071],[150.07209148327857,-34.450923848258327],[150.07341920918762,-34.450113028370744],[150.074183317139358,-34.449615043435259],[150.07454266413248,-34.449258348464745],[150.075120867141891,-34.448526976511097],[150.07582388511608,-34.447925224569438],[150.076293714110278,-34.447434786607829],[150.076634847082232,-34.447262731636982],[150.077195731095514,-34.446521194681736],[150.077610575068292,-34.446258361716808],[150.078370039003715,-34.445891742781804],[150.078902311936787,-34.445802183828512],[150.079584021878873,-34.44547265788686],[150.080297617803552,-34.445241314948717],[150.08141212765139,-34.445146179047178],[150.082822512375145,-34.445671808176222],[150.083402392281442,-34.445734358228222],[150.084291028153217,-34.445712001307108],[150.084817285127087,-34.445314349351165],[150.085280839124692,-34.444805051388876],[150.085587998160577,-34.444178415411876],[150.085690733227921,-34.443541694416638],[150.085819679322498,-34.442665053422054],[150.086442791361804,-34.441652194470485],[150.087240719433311,-34.440191997531393],[150.087607425480087,-34.439413699558635],[150.087874937493524,-34.439005084579613],[150.088470413535532,-34.438003099625675],[150.088641929587254,-34.437408643636829],[150.088705232682514,-34.436601616636892],[150.088555587760112,-34.436173246620626],[150.088421234832424,-34.435768128605879],[150.088307221904387,-34.435342536592785],[150.088214596959148,-34.435025507582374],[150.088054150050056,-34.434506528564505],[150.088055180116811,-34.433990015561051],[150.087953204255854,-34.43303292254538],[150.088202106347296,-34.432044131560694],[150.088537663356419,-34.431591504587416],[150.088927596322407,-34.431410064620849],[150.089286433293381,-34.431225898651498],[150.090162071195635,-34.430983744727726],[150.090508717168973,-34.430794748757265],[150.090752376111595,-34.430960231780084],[150.091284093009392,-34.43114396682865],[150.091512010957729,-34.431283095849885],[150.091815370860274,-34.431690024879686],[150.092133143793546,-34.43184318290902],[150.09286842462177,-34.432331709977809],[150.093552484486707,-34.432595529040476],[150.093937424406818,-34.432773759075971],[150.094469616304792,-34.43295549412457],[150.095206357174391,-34.433123299191294],[150.095680964098648,-34.433167455233836],[150.096459181974609,-34.433238790303569],[150.097354952854715,-34.433144631382639],[150.098194760771833,-34.432828507455191],[150.098824658770411,-34.432122593506385],[150.099706812774002,-34.431091456577782],[150.100130108799931,-34.430409852610751],[150.100563785797164,-34.429937943646088],[150.101153722828343,-34.429026494692295],[150.10171492182215,-34.428435839738178],[150.102381841800081,-34.427847675793487],[150.102735604796067,-34.427476154822408],[150.104258350727264,-34.426275077949668],[150.105282511713881,-34.425213159033518],[150.105515261714885,-34.424941039052349],[150.105857425757478,-34.424223400077864],[150.106112997796686,-34.423630352096517],[150.106314704906509,-34.422553830107049],[150.106512548046624,-34.421248261115657],[150.10656340014188,-34.420455531114698],[150.106870801213717,-34.419551979135839],[150.107298840257272,-34.418729201168269],[150.107715790305036,-34.417886685199569],[150.108279060284673,-34.41740320324638],[150.109093662244248,-34.416789276314681],[150.11049246519292,-34.415594922430984],[150.11145734816526,-34.414711771510802],[150.112079126135512,-34.414234518562871],[150.112514848096481,-34.414040241600333],[150.113398034016683,-34.413651956676304],[150.114215253963863,-34.413130601745486],[150.114764494981614,-34.41236911878913],[150.115157368009079,-34.411711089819583],[150.115498385048113,-34.411022619845205],[150.115686870132805,-34.41015519285601],[150.115381611267765,-34.409461210824034],[150.114790965454489,-34.408692290766112],[150.114250696579973,-34.408338581715562],[150.113820308704646,-34.407865696673966],[150.113292096895805,-34.406991090620885],[150.112912544049522,-34.406236897581877],[150.112508026157059,-34.405866900543302],[150.1112941504785,-34.404766644427603],[150.11057072064915,-34.404272209359782],[150.110065886814056,-34.403573494310002],[150.109952455890493,-34.403112960296717],[150.10975041704458,-34.402153509272104],[150.109454785214041,-34.401182101239058],[150.109159834341682,-34.40053218520832],[150.109084994424904,-34.399975146197818],[150.109056784499813,-34.399428952191528],[150.109023411524902,-34.399273338187477],[150.108828928671045,-34.398366595163907],[150.108737630805365,-34.397434126149335],[150.108470037943391,-34.396672824120266],[150.108402584031154,-34.396072121110102],[150.107708744286271,-34.394891592040167],[150.107279950526816,-34.393522495992542],[150.106858220748592,-34.392289956946485],[150.106768419812994,-34.39189497693576],[150.106674521880308,-34.391481925924552],[150.106641955005728,-34.390550836915224],[150.10672328510077,-34.389724733916751],[150.108215036122033,-34.387865297036718],[150.109145059080078,-34.387132329114451],[150.109680756071526,-34.386589720158405],[150.11066477800378,-34.385994395241916],[150.111323917955247,-34.385620310298016],[150.112189515879436,-34.385221879372352],[150.113352118794381,-34.384557683471286],[150.114202406751787,-34.383920200542605],[150.114663907762633,-34.383312504579507],[150.115178331832396,-34.382189746617577],[150.11594667984761,-34.381199618679169],[150.116857374869227,-34.379998532751983],[150.117575246856688,-34.379279970810956],[150.118306080802483,-34.378868567873205],[150.119789253639027,-34.378445664002399],[150.120920060527851,-34.378019318100186],[150.121541543476184,-34.377712480153441],[150.122143699443171,-34.377283409204125],[150.122877617422574,-34.376609030264845],[150.123212915441684,-34.37608113229107],[150.123232107489258,-34.375691915290084],[150.123227625561924,-34.375136543285848],[150.12300578466656,-34.37458091926225],[150.122623971789551,-34.374065374224671],[150.122266174888694,-34.373706250190303],[150.121738635003652,-34.373418327141316],[150.121403139076705,-34.373235220110168],[150.120836597188827,-34.373012994058165],[150.120271381305855,-34.372751937006008],[150.119466495460074,-34.3724755059324],[150.118777361591867,-34.372240667869384],[150.118356681680211,-34.372036441830517],[150.118108450730688,-34.371928577807665],[150.117664356822559,-34.371723795766677],[150.11721136094846,-34.371266193723173],[150.116441220162301,-34.370490208649215],[150.114817732531264,-34.369485203497682],[150.114394766621615,-34.369268338458511],[150.113516626809059,-34.368818123377196],[150.112526114041486,-34.368148639284364],[150.111031708347667,-34.36748182714669],[150.109310567649459,-34.367105950990847],[150.107825762902024,-34.366842527856811],[150.10583392910678,-34.367524071684187],[150.105198257078911,-34.368461157634087],[150.104564907059597,-34.369330279583714],[150.103996107053206,-34.370026056537874],[150.103512428045946,-34.370631538499005],[150.102773518085854,-34.371162968436913],[150.101807800187515,-34.371475266353123],[150.100608929327962,-34.37175288224833],[150.099885562424021,-34.371832886184492],[150.09934048950339,-34.371839386136024],[150.098762634596483,-34.37177709608418],[150.098033942739249,-34.371502342017415],[150.097023296964608,-34.370909984923387],[150.095888088268396,-34.369853176815077],[150.095875278375928,-34.369036754808292],[150.095850321571447,-34.367554532795822],[150.0958714406475,-34.366942955793483],[150.09605877866332,-34.366607352807833],[150.096284590685997,-34.366175512824945],[150.097029022665993,-34.365483939886403],[150.098675930690263,-34.363424462018727],[150.099726688609849,-34.362851878108295],[150.101773157536485,-34.36109329327828],[150.102824364457859,-34.360506115367791],[150.103196271508438,-34.359692902395274],[150.103578217560312,-34.358857736423502],[150.103487904674495,-34.358078353410065],[150.103426187737853,-34.357659116401678],[150.103361135789072,-34.357336960393667],[150.103293735853924,-34.356912730384721],[150.103102936957356,-34.356330134363724],[150.101877872354351,-34.354654300243105],[150.095922104893049,-34.349528895677636],[150.091786182804668,-34.347181454293406],[150.088829635309281,-34.346639915026657],[150.086661075534835,-34.347360666838732],[150.084890257700152,-34.348095716686316],[150.083432059805972,-34.348935348562435],[150.080536377135758,-34.349677516310066],[150.079344488365564,-34.349255582201152],[150.077616658728459,-34.348412770041712],[150.076113924915148,-34.348678042909938],[150.075969406920308,-34.348802480897952],[150.07520826494752,-34.349457927834806],[150.074816028679265,-34.351979453817378],[150.07453050855267,-34.353284224801008],[150.074757916384755,-34.354324369828419],[150.074478581323774,-34.355114366809033],[150.074127201288604,-34.355786047782445],[150.073881956283969,-34.356100790762824],[150.073148683322529,-34.356637034701336],[150.072418000392105,-34.356930444638422],[150.071543311535351,-34.356817212559882],[150.070656753679771,-34.356708533480322],[150.068395146075289,-34.35622200527596],[150.067837450152751,-34.356257216226645],[150.067262374233479,-34.356287147175742],[150.066913082292842,-34.356225332144263],[150.066485177354565,-34.356234502106311],[150.065859983408899,-34.356525545052762],[150.06535907540632,-34.357115887012327],[150.065007767415125,-34.357447500983398],[150.064614473426502,-34.357807252950941],[150.064219547453831,-34.358045515917496],[150.063768238475802,-34.358389302879758],[150.063385700503744,-34.358608427847301],[150.062939455543784,-34.358806595809007],[150.062608478581581,-34.358890946780193],[150.06226970263495,-34.358863382749895],[150.061925494712398,-34.358655938717874],[150.06148161584747,-34.358115777674712],[150.06108540697852,-34.357552472635611],[150.060865887065461,-34.357129434613192],[150.060373424179602,-34.356806695567208],[150.05936525336864,-34.356490993475461],[150.058598142460653,-34.35665228340843],[150.057949365517942,-34.35694757535282],[150.05740258152602,-34.357507637308125],[150.056907724545141,-34.357923217267036],[150.056328051609626,-34.358084139216665],[150.055703180708491,-34.358030239160797],[150.054903171856921,-34.357792380088092],[150.053294522166283,-34.357228994941316],[150.052022362435736,-34.356591108823935],[150.050756996686033,-34.35609426370813],[150.049891927798427,-34.356209415632108],[150.049687898788903,-34.35651539261611],[150.049855373712347,-34.356917767633767],[150.050099426626133,-34.357307413658113],[150.050210249564941,-34.357654992670355],[150.050087129539548,-34.357992065661762],[150.049898724542146,-34.35818668264637],[150.04954814357535,-34.358328815616211],[150.049110109622973,-34.358459125578221],[150.048723223657248,-34.35863438154508],[150.048140977712734,-34.358868081494983],[150.047666128759602,-34.359046061454052],[150.047571119768861,-34.359082644445884],[150.047429291785136,-34.359118078433539],[150.047091429820227,-34.359231365404312],[150.046938074838891,-34.359261664390914],[150.046600894876377,-34.35935554436162],[150.046161318918564,-34.359529517323786],[150.045642420960803,-34.359793875279557],[150.04527018298225,-34.360052056248286],[150.044818945004891,-34.360390913210566],[150.044278911037082,-34.360756770165153],[150.044028816059011,-34.360872163143739],[150.04374015809546,-34.360918624118433],[150.043369049142456,-34.36097766108589],[150.042888785213364,-34.360975770043254],[150.042299359308174,-34.360912932990495],[150.041595740452152,-34.360599596925873],[150.041060150564618,-34.360338897876531],[150.040763155636199,-34.36012282984867],[150.040102357801914,-34.359591928786351],[150.039481681958506,-34.359086270727772],[150.038882709105536,-34.358629717671448],[150.038677783178969,-34.358294428650943],[150.038562918225665,-34.358063336639141],[150.038551157248776,-34.357897888636955],[150.038565051276152,-34.357669907636613],[150.038606151291901,-34.357500882639087],[150.03873963331074,-34.357202937648886],[150.039094293313269,-34.356779182677435],[150.039229613359993,-34.356262686685881],[150.038824440501685,-34.355626234645527],[150.038497478596582,-34.355263704614003],[150.038324778654498,-34.355011771596928],[150.037852331791299,-34.35449008555139],[150.037353826902915,-34.354193234505097],[150.036555485020557,-34.354191684434234],[150.035758632093888,-34.354531850365873],[150.035413421103129,-34.354853801337455],[150.034962685127624,-34.355178065299697],[150.034633152020433,-34.356384510278779],[150.034319763034318,-34.356634363252716],[150.034055236048346,-34.356827116230576],[150.033761971068571,-34.357004603205766],[150.033625306081603,-34.357059580194019],[150.033540292083131,-34.357144953187074],[150.033403474095479,-34.357204796175338],[150.033183660116606,-34.357291756156442],[150.032679364167336,-34.357473824112951],[150.031821028239278,-34.357895051039691],[150.031208797296756,-34.35814736998713],[150.030548555357143,-34.35843252393051],[150.030126164395568,-34.358616572894306],[150.029841306423947,-34.35872137986977],[150.029354885473225,-34.358894160827802],[150.028575862545182,-34.359224995760975],[150.0280041135521,-34.359823171714382],[150.027945139495188,-34.360331797712668],[150.028162104378623,-34.360987996736441],[150.028403504283432,-34.361450493761055],[150.028488080216221,-34.361875162771497],[150.028567976175367,-34.362100561780146],[150.028703144114331,-34.36241959979435],[150.02878013606329,-34.362727503803299],[150.028853695000208,-34.363132478812631],[150.028909692939777,-34.363537031820378],[150.029154866857795,-34.363892740844591],[150.029442736775678,-34.364200913872253],[150.029565668735898,-34.364369059884325],[150.029586509723373,-34.364442420886682],[150.029728051663227,-34.36474704490135],[150.02971090360316,-34.365232399903178],[150.029733529532677,-34.36575272290878],[150.029680929476655,-34.366246934907522],[150.029343919472154,-34.366666225880529],[150.028943705502883,-34.366884812846521],[150.028484076560659,-34.366961087806281],[150.027947322626289,-34.367064630759373],[150.027133751748607,-34.367044856687066],[150.026483872866976,-34.3668687506282],[150.025967394982189,-34.366564728580272],[150.025650786070514,-34.366241280549964],[150.025363105153275,-34.36592824052228],[150.025058715241585,-34.365590504492957],[150.024814428305291,-34.365375691469794],[150.024541556375738,-34.365140745443973],[150.024120822462805,-34.364945913405315],[150.02353431856784,-34.364800482352287],[150.022954025651984,-34.364810648300882],[150.021906889789932,-34.364935741208875],[150.021202482845695,-34.365307200148962],[150.020722551853936,-34.365790987109747],[150.020315264860017,-34.366208547076504],[150.020029510842846,-34.366667925054351],[150.019686082858783,-34.366936441025736],[150.019332310881254,-34.367165838995952],[150.018938783914109,-34.367360267962404],[150.018801114924543,-34.367436506950718],[150.018174613038411,-34.367268772894008],[150.017067867224199,-34.367091196794647],[150.01631506334553,-34.367009678727335],[150.015640935485663,-34.366692048665357],[150.015220901596422,-34.366312612625507],[150.015002287664402,-34.366035249604209],[150.014874218707433,-34.365847534591552],[150.013819167924311,-34.365370005494718],[150.013327171018318,-34.365202549449933],[150.012880648121751,-34.364909893408331],[150.012396951244568,-34.36450946336268],[150.011878142393954,-34.363943011312784],[150.011259842536987,-34.363539291255186],[150.010651699672877,-34.363179531198789],[150.010275938767535,-34.362874029163365],[150.009669533909431,-34.362465729106795],[150.008408194215491,-34.361531350988535],[150.007200279537329,-34.360413675873758],[150.006502683701655,-34.359935124808615],[150.005893769877048,-34.359269280750055],[150.005838765961698,-34.358675308741084],[150.005958085973134,-34.358449918750097],[150.006393976960226,-34.358052544785984],[150.007498436894394,-34.357302356878691],[150.008610623812984,-34.35666405797285],[150.009433050700636,-34.35659673804529],[150.010036585697605,-34.355931412094179],[150.010690220720193,-34.355009860145749],[150.01057837679835,-34.354531076132538],[150.01036704189147,-34.354049862110458],[150.010250948039754,-34.353031768093153],[150.010171455103034,-34.352631499083323],[150.009887306176381,-34.352386523056467],[150.009284568288223,-34.352206625001799],[150.008815564376874,-34.352054281959163],[150.008414210467208,-34.351811295921912],[150.008024367533949,-34.351738615886852],[150.00745483161262,-34.351778110836648],[150.007089935659963,-34.35182747580464],[150.00673346469415,-34.351969340774033],[150.006411577721195,-34.352126622746596],[150.006042539754105,-34.352292465715038],[150.005650096790589,-34.352457734681408],[150.005157292838987,-34.352644831639019],[150.004623004891698,-34.352845490593047],[150.003738753958885,-34.353333875518068],[150.003023375018842,-34.3536855424571],[150.002484954078483,-34.353837500410449],[150.001374711238412,-34.353864159312252],[150.001186871265475,-34.353868641295641],[150.000857696313005,-34.353875830266524],[150.000309271421571,-34.35365923421643],[149.999997109488817,-34.353493786187627],[149.998513633839138,-34.352468459049099],[149.998148888952613,-34.352004187013591],[149.997921042055225,-34.35146739698969],[149.99783920916218,-34.350730870977365],[149.997872475188615,-34.350487372978606],[149.998064581220405,-34.350021182992428],[149.99860998523107,-34.349315386035862],[149.998865852223901,-34.349078566056889],[149.99913781020561,-34.348910115079825],[149.999686414154837,-34.348677455126818],[150.000505739090443,-34.348241975196416],[150.000663891080222,-34.348140745209726],[150.001186813044285,-34.347822380253859],[150.001597228016095,-34.34757250928849],[150.001859047999119,-34.347405188310539],[150.001965791009354,-34.347203785318612],[150.002020731030541,-34.346976817321909],[150.001982051065738,-34.346747554316885],[150.001884334107956,-34.346531424306747],[150.001756830152772,-34.346329134294038],[150.001605420199269,-34.346140837279329],[150.001428686242747,-34.346005346262729],[150.001186793292021,-34.345899159240567],[150.000882923353856,-34.345765757212725],[150.000664426397577,-34.345676252192732],[150.000383423449932,-34.345590530167257],[149.999810930541202,-34.345535392116147],[149.998950702659073,-34.345602605040391],[149.998397598726825,-34.345708379992125],[149.997562595800929,-34.346086793920769],[149.997278159815124,-34.346301651897051],[149.997004462838191,-34.346434955873725],[149.996451851905789,-34.346541115825509],[149.996171592953601,-34.346490137800323],[149.995596644054132,-34.346365897748527],[149.99497534117927,-34.346104059691676],[149.994398330287567,-34.345922019639318],[149.993209572534454,-34.345362631530165],[149.992645478645386,-34.345145479478681],[149.991975752801181,-34.344700382416306],[149.991716702869724,-34.34446403839172],[149.991261027025928,-34.343771427346582],[149.991057554086382,-34.343534132326923],[149.990527576220614,-34.34309692327696],[149.989359077440838,-34.342721432170876],[149.989080558483863,-34.342705189146102],[149.988249122589366,-34.342835669073381],[149.988107491600061,-34.342914256061377],[149.987810596623376,-34.343072479036167],[149.986917139672784,-34.34370954096147],[149.986434591680791,-34.344199063922119],[149.985893534717462,-34.344532649876513],[149.985609134746255,-34.344633861852046],[149.985029040821701,-34.344710396801204],[149.984687037875801,-34.344681173770724],[149.984411332927607,-34.344593631745695],[149.984109685993673,-34.344425207717833],[149.983753843103102,-34.343981669683252],[149.983198283275158,-34.343279323629218],[149.983097895353495,-34.342785605616925],[149.98318016637154,-34.342551116622573],[149.983184101440514,-34.342010902619208],[149.983265368490265,-34.341531186623087],[149.983104599576421,-34.341045320605488],[149.982936704630475,-34.340816927589046],[149.982642846701367,-34.340602239561541],[149.982357003763582,-34.340445477535155],[149.981529055922351,-34.340158029459857],[149.980949508048582,-34.339839019406362],[149.980361686153373,-34.339696689353325],[149.979803975253077,-34.33955930730302],[149.979251731359994,-34.339359402252761],[149.978973157422701,-34.339190404226933],[149.978836242471544,-34.338967631213272],[149.97882142450274,-34.3387418822104],[149.978903928519941,-34.338513758216131],[149.9791529125132,-34.338281582236547],[149.97995462245359,-34.337828273304382],[149.980173728451149,-34.337596823322194],[149.980289884463474,-34.337368349330887],[149.980345263491955,-34.33708371533384],[149.980184987573182,-34.336635400316553],[149.97991814767542,-34.336145742289531],[149.979280315857636,-34.335458133228329],[149.978506223058304,-34.334783055155143],[149.977824682241277,-34.334139745090368],[149.977497747347229,-34.333689815058321],[149.976459699614594,-34.332797869960281],[149.97616510768205,-34.332610109932922],[149.975477094872474,-34.331916027867223],[149.975193769939892,-34.331715655840753],[149.974632293059102,-34.331430743789106],[149.974065312195137,-34.331020873736087],[149.973690429308846,-34.33056524269977],[149.973640329346352,-34.330330896693717],[149.973873301405575,-34.329603924709303],[149.97394830242601,-34.329359234714254],[149.97402389450437,-34.328663475716134],[149.973815678563824,-34.328439366696152],[149.973539668603507,-34.328446071671777],[149.973269037622856,-34.328605128648924],[149.973051697624669,-34.328839582631318],[149.972522904648145,-34.32926147258744],[149.972225659680134,-34.329352699561774],[149.971664721765308,-34.32933162451198],[149.97137573182215,-34.329219951485626],[149.971239263854244,-34.329126483472919],[149.970944437929148,-34.328880726445142],[149.970819811976583,-34.328654573432537],[149.970669046058845,-34.328187100415967],[149.970644475091831,-34.327958527412214],[149.970694322175632,-34.327249699411723],[149.971103750239735,-34.32628288644127],[149.971112166267972,-34.32605350744042],[149.971003289315803,-34.325805975429098],[149.970720206382367,-34.325611976402691],[149.970426018430885,-34.325570732376377],[149.970156122447463,-34.325750756353735],[149.969714441449497,-34.326239921318049],[149.969444778465174,-34.326426328295469],[149.969159858510608,-34.32639854827007],[149.968319413676966,-34.326065589193398],[149.968069434742432,-34.32584247516975],[149.967919296794292,-34.325610558154878],[149.967953009818928,-34.325380560156262],[149.968178559846166,-34.324910344172963],[149.96830416285934,-34.324664434182367],[149.968326894893494,-34.324372620182366],[149.968285497990394,-34.323666006173823],[149.968153914092284,-34.323023672157746],[149.968002377173605,-34.322564428141156],[149.968060284194735,-34.322333847144684],[149.968330162178205,-34.322153824167309],[149.96853983717736,-34.321920482184247],[149.968816196164369,-34.321705597207213],[149.969242952162688,-34.32123050524168],[149.969851272200742,-34.320238836288667],[149.970120236217582,-34.319800380309431],[149.970421631233933,-34.31932832833283],[149.970480659254804,-34.319098635336459],[149.970446820290903,-34.318856581331794],[149.970096435400222,-34.318406732297703],[149.969845139466628,-34.318177272273871],[149.969289399564417,-34.318051973223824],[149.968408599703565,-34.317976558145375],[149.967555022831704,-34.31795525906972],[149.967280626869439,-34.317975607045582],[149.966730381942398,-34.318037331997317],[149.96615327202889,-34.318023929946165],[149.96587412508066,-34.317940304920896],[149.965614895149145,-34.317703717896343],[149.965240039323362,-34.316776931856772],[149.965039085411632,-34.316319794835827],[149.964329003605485,-34.315622996768205],[149.964045015707825,-34.315151445739808],[149.964052975737872,-34.314908378738849],[149.964185525784899,-34.314391129746987],[149.964368587820843,-34.313901866759792],[149.964636269844704,-34.313409645780077],[149.965185652891478,-34.312417547821802],[149.96581150889682,-34.311660074871945],[149.96657943388081,-34.310906472934668],[149.966809448880866,-34.310643263953189],[149.967637280832292,-34.310074608022504],[149.9684591337641,-34.309665726092376],[149.969582121680986,-34.309028577187334],[149.970459783581532,-34.308799109263411],[149.970761726535528,-34.30881186529021],[149.971615311435102,-34.308617662364391],[149.971757892443918,-34.308385943375413],[149.971607261497724,-34.308139425360373],[149.971206374614127,-34.307691727321817],[149.970980383709019,-34.307211481298481],[149.970997835767207,-34.306739008296766],[149.971272294821347,-34.306003738315965],[149.971299114823921,-34.305953243317994],[149.971348281828597,-34.305860681321711],[149.971406430834122,-34.305751213326104],[149.971424833834647,-34.30572591732755],[149.971648619841318,-34.305418283345226],[149.971794758845647,-34.305217400356753],[149.971940584850017,-34.305016948368284],[149.972291873889475,-34.304308113394463],[149.972417055932141,-34.303833031402263],[149.972408494964583,-34.303590367399821],[149.972307839041463,-34.303107074387569],[149.972356648073003,-34.302805794389805],[149.972533579101594,-34.302380956402523],[149.972534842101794,-34.302377908402619],[149.972618683169145,-34.301757941405747],[149.972676097196086,-34.30148281040892],[149.972782338206628,-34.301279166416919],[149.973515438223984,-34.300306207475053],[149.973812916184556,-34.300273076501156],[149.97435378410654,-34.30026216854894],[149.97489936602895,-34.30024250159709],[149.975026511014079,-34.300212956608135],[149.975160523006167,-34.300121425619366],[149.975169953018053,-34.300017882619485],[149.975044161058378,-34.299848005607188],[149.974879421104504,-34.299677412591421],[149.974564051183648,-34.299421920561741],[149.974433679236427,-34.299159983548385],[149.974464533257617,-34.298959844549735],[149.975159680252489,-34.298205274606033],[149.975286771268316,-34.297936803615428],[149.975290096299688,-34.297688877614021],[149.97517902434538,-34.297460448602585],[149.974863958450243,-34.297004172571555],[149.974680232530432,-34.296590089552438],[149.974590225570864,-34.296378414543],[149.974555176599807,-34.296193254538636],[149.974561155631619,-34.2959384625374],[149.974626619620949,-34.295947076543236],[149.9788249079335,-34.296499671918639],[149.980372906680032,-34.296703378057089],[149.98789220744888,-34.297692600729654],[149.988107907413536,-34.29772096274894],[149.988260707499336,-34.296879235756663],[149.988499641461402,-34.296901278777973],[149.988656045436585,-34.296915710791914],[149.988766454419078,-34.296925893801763],[149.988647224450744,-34.296815555790438],[149.988547581477263,-34.29672334378099],[149.988465031571337,-34.296085932769266],[149.986951274938718,-34.294956846627414],[149.986877079981838,-34.294705935619106],[149.986088528152806,-34.294276425546308],[149.9858703262544,-34.29373553952324],[149.985320942404655,-34.293193728470861],[149.985340851418243,-34.293065570471732],[149.985815770741482,-34.290008215492627],[149.985599882776711,-34.28998066047334],[149.985677869833694,-34.289448415476535],[149.98568245883294,-34.289448908476949],[149.987869768479953,-34.289697533672346],[149.988210830753104,-34.287182742685168],[149.988615841077518,-34.28419643670037],[149.988616065077679,-34.284194841700376],[149.988641613098167,-34.284006373701331],[149.988763047179333,-34.283236170706743],[149.989020107138032,-34.283264093729706],[149.989054807155924,-34.283084965731533],[149.988636638223142,-34.283039554694199],[149.988645584228891,-34.282984865694608],[149.988965830433699,-34.281025428709412],[149.98951102778247,-34.277689473734604],[149.989647449869693,-34.27685475674091],[149.989914629040584,-34.275219859753264],[149.990075777143716,-34.274233723760695],[149.990090603153135,-34.274143295761398],[149.99010522416242,-34.274054139762065],[149.989961182185652,-34.2740378617492],[149.989867894200756,-34.274026808740871],[149.989736034222119,-34.274011175729072],[149.989735398222052,-34.274012349729034],[149.989732655222525,-34.274012036728784],[149.988793547373888,-34.273905885644886],[149.989662349880092,-34.268974551687684],[149.99149664294896,-34.258561559778052],[149.992345954443891,-34.253739366819886],[149.992421027429629,-34.25376482482671],[149.992696733384037,-34.253805242851413],[149.992979447343998,-34.253794145876377],[149.993545057276464,-34.253674602925642],[149.993958807219457,-34.25364648296209],[149.994227879191754,-34.2535552019853],[149.994786971148699,-34.253252435032721],[149.995062927119989,-34.253161155056532],[149.995379876060241,-34.253264599085334],[149.995262206047329,-34.253499205076523],[149.994979105062384,-34.253704982052874],[149.994854524050481,-34.253939578043479],[149.994929884009309,-34.254174426051769],[149.995191443942218,-34.254398032076473],[149.995494649887434,-34.254478565103902],[149.996122361813747,-34.254336181158521],[149.996715427734102,-34.254279645210666],[149.997315144638037,-34.254343344264228],[149.997618350583195,-34.254423867291649],[149.997981087496527,-34.254684809325575],[149.997171764028508,-34.259250533285503],[149.997280551010846,-34.259263737295235],[149.997387741993492,-34.259276753304825],[150.001185967376784,-34.25974285464455],[150.023378794786538,-34.26236466263002],[150.023486407768928,-34.262378825639686],[150.023594396751321,-34.262393015649366],[150.022536682193163,-34.267935894593933],[150.022485059165945,-34.268206364591222],[150.022128220977692,-34.270076206572519],[150.023404575767927,-34.270251595686929],[150.023620284732516,-34.270281229706271],[150.027202579143932,-34.270773305027426],[150.032103385338672,-34.271446505466855],[150.036439837626233,-34.27204194385579],[150.036513449662692,-34.271674769859771],[150.041499952854934,-34.272270063306472],[150.049723153522848,-34.273251297043316],[150.050485342954602,-34.269033107081803],[150.053226179511171,-34.26935620132744],[150.053755771819539,-34.266360976353738],[150.053971507784325,-34.266388737373092],[150.058996197964575,-34.267035133823882],[150.059186789933477,-34.267059640840976],[150.059256744926927,-34.267030884846989],[150.05956479182754,-34.267451545877258],[150.059857259725163,-34.267913315906455],[150.0601508576394,-34.268245045934833],[150.060553689538494,-34.268569890972863],[150.061072857437381,-34.26876366502033],[150.061223730408017,-34.268819977034134],[150.062586148247561,-34.268515684153058],[150.064127989046511,-34.268321872288723],[150.067138205607023,-34.26830871755611],[150.068388145397336,-34.268514267668628],[150.072034967916949,-34.26809476498984],[150.074820673394612,-34.268979199243589],[150.078022200671512,-34.270947253541841],[150.080211531198273,-34.272128425744683],[150.083476381701246,-34.272271485036008],[150.084873725568571,-34.271712689156402],[150.086373725443195,-34.270980719284744],[150.087424244398022,-34.270137684372344],[150.088807452395656,-34.268585043484649],[150.089806507369218,-34.267655461567067],[150.09043267033644,-34.267198702619609],[150.091341790303403,-34.266422503695111],[150.092186700220395,-34.266106398768088],[150.093506748036532,-34.266032374885008],[150.094341116915615,-34.266022076959167],[150.096221376597413,-34.266352676128783],[150.09640531754701,-34.266534519146397],[150.096928608403545,-34.26705183919654],[150.097716417205362,-34.267692691271087],[150.098230081039162,-34.26839729532167],[150.09795232294465,-34.269444387304212],[150.097368300879793,-34.270609670260306],[150.09716748074527,-34.271879364251227],[150.096664699633266,-34.273317519216455],[150.096246790215076,-34.277030625204965],[150.09680277197441,-34.278263082262988],[150.098441227667706,-34.278778589412354],[150.102342776106497,-34.278695381759015],[150.107094719231412,-34.280077210191571],[150.109096619942193,-34.280044220369582],[150.11060611964632,-34.280621750507983],[150.111307649499196,-34.280964451572828],[150.112071130348653,-34.281263435642863],[150.113570644061951,-34.281780484779986],[150.117150591405675,-34.282798099105854],[150.119589853877187,-34.284119943332264],[150.122208172313464,-34.285511176575127],[150.124700313610248,-34.288123672815253],[150.125193404390444,-34.289264204867081],[150.12565436912223,-34.290815429918901],[150.126537420696053,-34.293109124013455],[150.129484430251694,-34.293203350276713],[150.131316741007964,-34.293010470438681],[150.133524158687351,-34.292986910635257],[150.135379399297335,-34.293898383806933],[150.136480392931276,-34.295479592916024],[150.136643546699702,-34.297084019941671],[150.137201170438942,-34.298466857000946],[150.138506309083141,-34.299736729126089],[150.140902545785508,-34.299321059336854],[150.143432014677103,-34.297292817548353],[150.146816668431057,-34.295359700836812],[150.14806975427669,-34.295133010946998],[150.149902102963466,-34.295476745112808],[150.152076698498348,-34.296606155314606],[150.153062658239691,-34.297487109408664],[150.15442780473316,-34.299852051546821],[150.154568487509948,-34.301415801570187],[150.155471782108208,-34.303494029665167],[150.15695475959501,-34.305776384813278],[150.160206289926236,-34.307256821113668],[150.16467720916333,-34.3080830295184],[150.171458327295966,-34.307100942116939],[150.174241669871577,-34.307225462366326],[150.178062406237927,-34.307790321711444],[150.180971637954826,-34.306683253963627],[150.181864494909746,-34.306021426038782],[150.183794142817533,-34.304550510200983],[150.187377671448644,-34.303343377512775],[150.189960862051748,-34.303483002744571],[150.192154748679258,-34.303874552943313],[150.195415332183586,-34.304009541235658],[150.197020963937518,-34.304091485379743],[150.19854030081575,-34.30331339851017],[150.201528560737415,-34.300541746758121],[150.20655281559246,-34.295985019175802],[150.208003291587829,-34.294383278294418],[150.208253438587036,-34.294107044314863],[150.209616637687617,-34.291793607420772],[150.210869911815337,-34.289394815516239],[150.211146469934903,-34.288161738532445],[150.211579351265641,-34.285125841550126],[150.211350783635908,-34.282531492511715],[150.211399996774446,-34.281408645508343],[150.21211196880742,-34.280351055564694],[150.213031286817284,-34.27923797863923],[150.214747706707357,-34.278148054785213],[150.216161413592545,-34.277437586906757],[150.218053839388631,-34.276873455072149],[150.220210165185705,-34.276004180259065],[150.222691489001363,-34.274625418471537],[150.223795419998055,-34.273406055561885],[150.224301769037737,-34.272529385601118],[150.224786675067634,-34.271752592639132],[150.225023396108497,-34.271170883656296],[150.225086369230496,-34.270160534654927],[150.225040573277312,-34.269851608648693],[150.224951570342427,-34.269450389637932],[150.224867686431224,-34.268860836626352],[150.224821478501951,-34.268368597618803],[150.224794676591159,-34.267711572611866],[150.22480134664201,-34.267312513609681],[150.224851814719244,-34.26666081360969],[150.224924656779564,-34.266114117612425],[150.225002294853908,-34.265454108614797],[150.225142554928482,-34.264721391622274],[150.225309849995455,-34.264016956632361],[150.225474421077564,-34.263199055641422],[150.225478527161101,-34.26255077063729],[150.225554041286898,-34.261496856636747],[150.225945947447769,-34.259816027660172],[150.226260525531245,-34.258818434681409],[150.226829455600722,-34.257641732724188],[150.227474802693422,-34.256200629771961],[150.227971041788237,-34.254910640807438],[150.228238522849892,-34.254134351825996],[150.228556416946162,-34.253034130846835],[150.228586391957634,-34.252912283848673],[150.228825743048958,-34.251939054863357],[150.229326849132775,-34.250728657899813],[150.22964460720317,-34.249828468922018],[150.229874331261499,-34.249120090937673],[150.23000574030263,-34.248655092946208],[150.230125157315939,-34.248418094955269],[150.230713277425934,-34.246908281997435],[150.231085616675756,-34.244564031014527],[150.231082949977576,-34.242241657998186],[150.230986887313264,-34.239763868972396],[150.230175446806555,-34.236876774879761],[150.229727352125508,-34.234923798826109],[150.229621168344408,-34.233356499805737],[150.229928741503386,-34.231784887822378],[150.231075621509632,-34.230444743915733],[150.232697791456872,-34.229024255051108],[150.235270850209162,-34.228035022274611],[150.237789675910705,-34.22749835449644],[150.239435544714638,-34.227155990641435],[150.241255529494765,-34.226800664801956],[150.241462633468956,-34.226766395820263],[150.241669324443649,-34.226728513838523],[150.241875379418929,-34.226687063856694],[150.242080637394764,-34.226642072874768],[150.242284890371224,-34.226593595892723],[150.242536196343565,-34.226523864914739],[150.242785018317562,-34.226444066936473],[150.243033069292039,-34.226361131958114],[150.243282017265955,-34.226282006979865],[150.243533556238077,-34.226213620001928],[150.243794112207667,-34.226154592024848],[150.244056515176169,-34.226101919047984],[150.244320316143586,-34.226055682071298],[150.244584987110102,-34.226015981094726],[150.24485008707569,-34.225982921118245],[150.245195586028785,-34.225955222148997],[150.245542886979507,-34.225943999180025],[150.245891146928926,-34.225941193211213],[150.246239576878367,-34.225938754242392],[150.24658735182885,-34.225928624273486],[150.247078981760723,-34.225900047317324],[150.247570252693606,-34.225864190361094],[150.248061353626923,-34.225824972404808],[150.248552525560171,-34.22578632844855],[150.249043931492764,-34.225752183492325],[150.24944296343736,-34.225729916527925],[150.249842192381521,-34.225710814563556],[150.250241430325616,-34.225691989599198],[150.250640470270099,-34.225670546634817],[150.251039090215357,-34.225643609670335],[150.251181814195888,-34.225633005683044],[150.251330132175639,-34.225621988696254],[150.251621345135931,-34.225600169722206],[150.251912254096595,-34.225575598748094],[150.252202400058081,-34.225545694773892],[150.252491327020778,-34.225507893799502],[150.252573634010361,-34.225495469806795],[150.252655879000031,-34.22548253381408],[150.252738042989762,-34.22546909682135],[150.252820116979592,-34.22545516682861],[150.252902101969482,-34.225440725835853],[150.252996402958104,-34.225422358844177],[150.253181544939451,-34.225357602860328],[150.253270879928778,-34.225339566868193],[150.253346266921568,-34.225310209874749],[150.25340819891332,-34.225303889880259],[150.253449540907326,-34.225303486883945],[150.253614585886396,-34.225278987898569],[150.25364904388141,-34.225278655901661],[150.253731494871687,-34.225260682908925],[150.25396578583775,-34.225258414929911],[150.254055201826304,-34.225246098937831],[150.254164786816375,-34.225199252947334],[150.254260431809968,-34.225141075955499],[150.254417257802089,-34.225025063968744],[150.25451987679395,-34.224972543977586],[150.254724273785143,-34.22481027799477],[150.254744613785135,-34.224787177996426],[150.254785793780712,-34.224775336000043],[150.254819588781714,-34.224729207002753],[150.254860678778016,-34.224711638006298],[150.254921947775841,-34.224659521011432],[150.254948848777843,-34.22461346401353],[150.255003556773687,-34.224584313018219],[150.255023653775964,-34.224544047019741],[150.255078441771047,-34.224520615024495],[150.255139459771129,-34.224451323029477],[150.255173836766858,-34.224445273032522],[150.255255605763182,-34.224381503039403],[150.255303679757674,-34.22436958904364],[150.255419826749801,-34.224299769053552],[150.255528577747441,-34.224195670062578],[150.255582872746999,-34.224137897067045],[150.255630533745347,-34.224097362071028],[150.255691381746914,-34.224016632075916],[150.255731728749964,-34.223947546079067],[150.25576568474952,-34.223912865081857],[150.255826531751126,-34.223832135086752],[150.255846530754184,-34.223786141088226],[150.255866878754205,-34.223763041089896],[150.255893609757749,-34.223705545091889],[150.255940930759095,-34.223642098095702],[150.256002450754636,-34.223607166100969],[150.25609759475276,-34.223514648108846],[150.256185342756396,-34.223387852115835],[150.256312434772212,-34.22312328912539],[150.256386316778588,-34.222990900131101],[150.256446581785468,-34.222870101135648],[150.25647381378451,-34.222846938137941],[150.25654213777986,-34.222806197143775],[150.256595930783931,-34.222714092147946],[150.25669820977879,-34.222638669156602],[150.256738305784125,-34.222552408159594],[150.2567657897809,-34.222546420162026],[150.257044210776996,-34.222263211185002],[150.257111709779849,-34.22216522619037],[150.257132049779898,-34.222142144192027],[150.257166085778692,-34.222113190194882],[150.257206602780286,-34.222055543198117],[150.257219717784295,-34.222009620198975],[150.257253914781586,-34.221992113201921],[150.257321906779907,-34.22192848720757],[150.257376031780979,-34.221859267211954],[150.257450746779853,-34.221784113218114],[150.257531601784478,-34.22165738922449],[150.257578420790338,-34.221559618228],[150.257612035792903,-34.221502052230612],[150.257645821793972,-34.221455914233317],[150.257699694797338,-34.221369519237541],[150.257753909797628,-34.221306027241965],[150.257786860806277,-34.221202663244206],[150.257800226808058,-34.221173916245206],[150.257895441805431,-34.221087117253134],[150.257969816807275,-34.220989069259119],[150.258044020810672,-34.220879574265005],[150.258239184824049,-34.220557103280264],[150.258327928818602,-34.220498989287826],[150.258442568824336,-34.220326137296901],[150.258482494831213,-34.220228429299787],[150.258529806832513,-34.220165000303581],[150.258570655831051,-34.220130255307012],[150.258610823835625,-34.220049723310055],[150.258624027838948,-34.220009519310963],[150.258664947836706,-34.219980494314427],[150.258752938838143,-34.219870873321554],[150.258840185846338,-34.219709736328255],[150.258866655852131,-34.219635057330116],[150.258893548854161,-34.219589000332206],[150.258954565854282,-34.219519709337185],[150.259001537858666,-34.219433376340788],[150.259014660862675,-34.219387454341657],[150.259089286862263,-34.21930658134778],[150.2591773668629,-34.219202688354962],[150.259210309871548,-34.219099315357184],[150.259223674873283,-34.219070568358205],[150.259243933874103,-34.219041748359807],[150.259263600880161,-34.218972860361092],[150.259276956881962,-34.218944104362087],[150.259302764893818,-34.218823637363577],[150.259302432896817,-34.218800743363381],[150.259315797898608,-34.218771986364381],[150.259321517908205,-34.218691785364342],[150.259327908911757,-34.218657373364678],[150.259341103915062,-34.218617169365572],[150.259354549916083,-34.218594141366616],[150.259381782915113,-34.218570978368888],[150.259442791915177,-34.218501695373902],[150.259503468918297,-34.218409509378688],[150.259530109922622,-34.218346277380626],[150.259563966922912,-34.21830587638339],[150.259624491927553,-34.218202244388095],[150.259690888940241,-34.218029857392857],[150.259711137941025,-34.218001029394472],[150.259744591945093,-34.217932006396978],[150.25977115195019,-34.217863064398884],[150.259784176955009,-34.217811404399697],[150.259851576958624,-34.217707709405019],[150.259877886965967,-34.217621583406782],[150.259910416978357,-34.217489597408772],[150.259943781983168,-34.217414837411255],[150.259963107992263,-34.217323064412355],[150.259983375993073,-34.217294245413974],[150.260029935001199,-34.217179300417342],[150.260050104002687,-34.217144752418903],[150.260056656004764,-34.217121796419342],[150.260083889003795,-34.217098633421628],[150.260110781005835,-34.217052567423714],[150.2601447280054,-34.217017894426498],[150.260212128009016,-34.216914190431829],[150.260258768016399,-34.216804963435244],[150.260276517039841,-34.216604430435453],[150.260276095043622,-34.216575808435216],[150.260275101052656,-34.216507126434657],[150.260280900061503,-34.216432644434654],[150.26034729707419,-34.216260258439405],[150.260387303080279,-34.21616827844236],[150.260447559087197,-34.216047470446924],[150.260488310086515,-34.21600699845029],[150.260582772090657,-34.215868692457811],[150.260649500100357,-34.215719200462743],[150.260757400105547,-34.215557857471296],[150.260777067111604,-34.215488969472595],[150.260824953107658,-34.215465600476719],[150.260892613109007,-34.215379079482183],[150.260932700114381,-34.215292810485174],[150.260959090120934,-34.215212412486991],[150.260964639132055,-34.215120755486836],[150.260998836129318,-34.21510324848979],[150.261060096127125,-34.215051132494921],[150.261141946122763,-34.214993090501849],[150.261291098122683,-34.214825616514077],[150.261392947121351,-34.214721579522461],[150.261454458116873,-34.214686638527731],[150.261529415113472,-34.21462865953405],[150.261584194108508,-34.214605227538797],[150.261673018102357,-34.214552832546403],[150.261761663097701,-34.214489000553897],[150.261829977092987,-34.214448258559742],[150.262062404075721,-34.214320055579691],[150.262192471064338,-34.214261529590949],[150.26223315006439,-34.214215347594276],[150.262260374063402,-34.214192175596537],[150.262315162058457,-34.214168743601292],[150.262341964061278,-34.214116958603327],[150.262362303061309,-34.214093867605008],[150.262409526063379,-34.214024710608754],[150.262450276062708,-34.213984237612131],[150.262477168064777,-34.213938180614221],[150.262504391063771,-34.2139150176165],[150.262661279055209,-34.213804715629792],[150.262750166048249,-34.213758049637441],[150.262852606041605,-34.213694082646185],[150.263092079021817,-34.213577245666848],[150.26322190401271,-34.213501562677948],[150.263338364001783,-34.213454627688073],[150.263468431990418,-34.213396110699314],[150.263598247981292,-34.213320418710431],[150.263728494968376,-34.213273339721788],[150.263988378947857,-34.213139148744162],[150.264125679932448,-34.213103453756212],[150.264372547907101,-34.213020895777781],[150.26471569786932,-34.212925948807872],[150.264839382854433,-34.212901844818802],[150.26499037183774,-34.212860296832048],[150.265141279821847,-34.212813020845246],[150.265553336774104,-34.212717392881515],[150.265615097767409,-34.21269961688693],[150.26571819275469,-34.212681437896066],[150.265793731745987,-34.212663518902708],[150.265855484739291,-34.21264574290813],[150.265903630733078,-34.212639548912392],[150.266144106704218,-34.212591394933632],[150.266230259694765,-34.212567182941179],[150.267131658512255,-34.212958882024715],[150.267202392497921,-34.212989620031273],[150.267530285432628,-34.21312361306159],[150.26784582637265,-34.213230840090631],[150.268047067332759,-34.213311597109232],[150.268346132265208,-34.213495376137324],[150.268617847204354,-34.213658503162833],[150.268866391144428,-34.213840499186368],[150.269070375099517,-34.213956869205475],[150.269244231066125,-34.214018272221494],[150.26943008102603,-34.214118077238851],[150.269571173997065,-34.214182627251944],[150.269688314966089,-34.214289298263189],[150.26979954893406,-34.214410706274009],[150.269865039909348,-34.214527220280686],[150.269944136881094,-34.214655674288672],[150.270003451851267,-34.214818595295114],[150.270031678829156,-34.21495690029861],[150.270085704797594,-34.215139084304717],[150.270095483779215,-34.215269869306503],[150.270078030767877,-34.21537678230569],[150.270041762761849,-34.215463876303033],[150.269984078760444,-34.215539515298396],[150.269902569760518,-34.215630131291704],[150.269792957764423,-34.215723348282538],[150.26970264576488,-34.215821522275114],[150.269644558765037,-34.215885516270333],[150.269590308758183,-34.215999358266266],[150.269559356750875,-34.216090459264116],[150.269546411738247,-34.216201989263737],[150.269546994721736,-34.216328695264664],[150.26957655770488,-34.216425013267987],[150.269628530684116,-34.216526360273356],[150.269760022655532,-34.21659844828563],[150.270033898599792,-34.216719606311038],[150.270477167515338,-34.216871688351837],[150.270618376486766,-34.216932357364925],[150.270749277455906,-34.217023180377296],[150.270853564431349,-34.217094659387151],[150.270920659412866,-34.217161440393618],[150.270946547400541,-34.217227308396403],[150.270966617387558,-34.217304667398736],[150.270973214375573,-34.217389493399914],[150.270969126359716,-34.217516091400427],[150.270933028348111,-34.2176458543981],[150.270916884335605,-34.217760548397443],[150.270662288278174,-34.218488514379658],[150.270589581256104,-34.218740268374887],[150.27055110723839,-34.218919754372685],[150.270564311214372,-34.219089397375043],[150.270596186187731,-34.219258807379077],[150.270635368154927,-34.219467166384042],[150.270679587122885,-34.219664007389369],[150.27072143009724,-34.219814252394158],[150.270753638074979,-34.219949411397998],[150.270758505056307,-34.22008784239938],[150.27075037404353,-34.2201949613994],[150.270735512026619,-34.220342007399083],[150.270695182001703,-34.220578970397113],[150.270676724986458,-34.22071688139642],[150.270684075977385,-34.220778454397504],[150.270696337968587,-34.22083237339897],[150.270744528951923,-34.220906487403816],[150.270878019909105,-34.221085919417028],[150.271098425833856,-34.221417246439081],[150.271362108741641,-34.221830333465604],[150.271562246662967,-34.222210980486196],[150.271606026626046,-34.222445944491753],[150.271621175612751,-34.222530958493692],[150.271609773602961,-34.222619254493281],[150.271560901601333,-34.222686681489371],[150.271456677607347,-34.222757416480512],[150.271302299622363,-34.22281536846706],[150.27119087763495,-34.222843918457272],[150.270903124671349,-34.222887286431771],[150.270744802689876,-34.222922533417822],[150.270646620700575,-34.222950724409209],[150.270529891714432,-34.222975268398912],[150.27045490772116,-34.223007861392418],[150.270398345724118,-34.223048602387621],[150.270322366726958,-34.223112202381252],[150.270260138726712,-34.223183860376174],[150.270210504722115,-34.223275185372344],[150.270160781714083,-34.22339300836871],[150.27027274169734,-34.223395858378773],[150.2782456883956,-34.224450089101168],[150.277685803156828,-34.226915805068053],[150.277202733235924,-34.226850315024265],[150.277131890200053,-34.227205513020373],[150.277346954164642,-34.227236322039886],[150.285935055750002,-34.228466292818936],[150.286504649024863,-34.225713254850945],[150.331341398632418,-34.232187850923474],[150.330506416198006,-34.236456214878011],[150.330461981174892,-34.23668339887557],[150.330430222158384,-34.236845664873854],[150.330412715149293,-34.236935169872901],[150.330773695113663,-34.236804035904449],[150.33091676110044,-34.236744935916896],[150.331147736081874,-34.236628403936848],[150.331461458051592,-34.236509388964237],[150.331749857020014,-34.23642843498962],[150.331996151987795,-34.23639948101156],[150.33238705393083,-34.236398682046705],[150.332736478875603,-34.236430612078344],[150.333102630816001,-34.236477197111597],[150.333358516772222,-34.236526391134944],[150.333652437716438,-34.236625031162056],[150.333918739667922,-34.236698768186514],[150.334245235617374,-34.236720174216039],[150.334514442580485,-34.236701708240091],[150.334703134560584,-34.236642904256684],[150.334833309549396,-34.236582800267968],[150.334911780549106,-34.236497266274426],[150.335083574533002,-34.236428064289406],[150.335196089522611,-34.236381891299189],[150.335495959490544,-34.236291885325535],[150.335731978463627,-34.236234087346375],[150.335984339434361,-34.236175939368657],[150.336278284399924,-34.23611010039464],[150.336408009386957,-34.236064312405986],[150.336591240366687,-34.236014662422114],[150.33689043732835,-34.235973259448748],[150.337146922294124,-34.23594880647164],[150.337363794265599,-34.235924202490985],[150.337557603241237,-34.235894093508207],[150.33776256221509,-34.235864943526437],[150.338455588131495,-34.235729842587837],[150.338649845108904,-34.235685435604999],[150.338797328091971,-34.235650020618017],[150.338957512079475,-34.235566270631843],[150.339105058066366,-34.235501551644667],[150.339288638051045,-34.235413293660578],[150.339461184038043,-34.23531979167543],[150.33958062703033,-34.235245158685665],[150.339741134019107,-34.235151396699443],[150.339925476006869,-34.235038845715245],[150.340020761998915,-34.234993004723506],[150.340132864990437,-34.234932516733174],[150.340265134984065,-34.234833134744385],[150.340498526975239,-34.234639415764036],[150.340642109967774,-34.234535990776237],[150.340760396958984,-34.234470626786425],[150.340902608946067,-34.234410792798784],[150.341055254928335,-34.234375484812283],[150.341202745911488,-34.234339361825306],[150.341372530887469,-34.234333750840534],[150.341564232858246,-34.234342922857842],[150.341786366825801,-34.23434272687782],[150.341946837803789,-34.234331916892174],[150.342110016778264,-34.23434475490695],[150.342371959737335,-34.234365453930657],[150.342586689700312,-34.234408732950278],[150.342801285662659,-34.234457005969922],[150.343002893623122,-34.234534320988587],[150.343152653593904,-34.234590481002449],[150.343278103563904,-34.234680444014366],[150.343541356503181,-34.23485133403922],[150.343742301457411,-34.234977251058169],[150.343857559436486,-34.235008357068764],[150.343997038412539,-34.235035698081511],[150.344131541393722,-34.235029307093576],[150.34423713538061,-34.235011577102938],[150.34433745037137,-34.234970137111674],[150.34444362736059,-34.23493382512099],[150.344519632350483,-34.234926179127768],[150.344629852330911,-34.234952884137869],[150.34472920831422,-34.234969333146921],[150.344820757294912,-34.235014933155476],[150.344958873265512,-34.235085865168394],[150.345155703231825,-34.235123739186371],[150.34530767720787,-34.235137043200133],[150.345512501181219,-34.235112169218397],[150.345688973162481,-34.235058073233894],[150.345849470151251,-34.23496431124768],[150.345980343139331,-34.234909220259077],[150.346169327120748,-34.234840378275607],[150.346324858114656,-34.234712894288705],[150.346470573115681,-34.234541568300621],[150.34659897912249,-34.234345564310821],[150.346666242123888,-34.23425978931629],[150.346714674124883,-34.234197911320209],[150.346828102118138,-34.234122427329893],[150.346930701118083,-34.234008093338332],[150.34700943811896,-34.233913264344757],[150.347173505091803,-34.233937557359688],[150.347174616091621,-34.233937710359783],[150.352730876182676,-34.234684384864984],[150.352945982146849,-34.234718224884588],[150.35280444109074,-34.235306534875917],[150.352728683058842,-34.235635984871394],[150.352599510023794,-34.236049363862634],[150.352525884007889,-34.236253399857411],[150.352472227996344,-34.236402002853623],[150.352374965967556,-34.236731676847157],[150.352263262941705,-34.237054626839331],[150.352195499913194,-34.237349198835282],[150.352090045880175,-34.237720177828372],[150.351993903855998,-34.238013421821748],[150.351902369821545,-34.238379704816055],[150.351819539789858,-34.238715419810923],[150.351758320762428,-34.238994124807348],[150.352074555710402,-34.239038758836124],[150.35354946346726,-34.239250976970339],[150.353770144430854,-34.239282737990422],[150.356656339955038,-34.239697969253079],[150.357231727234534,-34.236912241285566],[150.36210842943342,-34.23759265672934],[150.442089647336275,-34.248418675018691],[150.46536263244289,-34.252191753148857],[150.500479328564865,-34.257903808367288],[150.501178626447796,-34.258017695431434],[150.507583008372791,-34.259081250019079],[150.50935907507511,-34.25937309318207],[150.509664130025328,-34.259412750209989],[150.510596561873115,-34.259534805295338],[150.510912086821605,-34.259576112324233],[150.511566694714787,-34.259661809384141],[150.512323708591197,-34.259760898453443],[150.515277767109012,-34.260147600723897],[150.516364355931614,-34.260289873823389],[150.518841583527262,-34.260613967050212],[150.518847759526267,-34.260614783050777],[150.51882296551733,-34.260710151049203],[150.52035234926862,-34.2609032301892],[150.52066844721702,-34.260944499218141],[150.528382902958782,-34.261946324924693],[150.529377790796417,-34.262076084015824],[150.53263098526395,-34.262512597313965],[150.532781691239279,-34.26253284632778],[150.533001690203236,-34.262562398347939],[150.532997028216357,-34.262468187346869],[150.533348793158922,-34.262514286379101],[150.533512228132224,-34.262535744394079],[150.533675663105555,-34.262557194409055],[150.535637028785231,-34.26281508058878],[150.535722931832169,-34.262362929593451],[150.535821715886954,-34.261837345598764],[150.536969473699884,-34.261985259703934],[150.538116209513021,-34.262133039809001],[150.538813399399373,-34.262222924872901],[150.539272823324495,-34.262282145914988],[150.539270295322922,-34.262297285914869],[150.539119373223684,-34.263218011907561],[150.547066846922633,-34.264286249636292],[150.547108080915962,-34.264291170640071],[150.547999496770018,-34.264410938721817],[150.548068733757901,-34.264426185728212],[150.548178729738595,-34.264450863738375],[150.548202555718092,-34.264580213741432],[150.548161132702234,-34.264746342738825],[150.548163166668985,-34.264996536740739],[150.548234607607412,-34.265385141749924],[150.548276011587888,-34.265487313754399],[150.548284311584496,-34.265503878755254],[150.548293634580972,-34.265520103756224],[150.548303888577436,-34.265535808757249],[150.548314941573864,-34.26555089475837],[150.548326737570221,-34.265565183759534],[150.548332779568511,-34.26557152976013],[150.548339179566767,-34.265577571760758],[150.548345669565037,-34.265583532761376],[150.548351944563336,-34.26558965476201],[150.548357770561609,-34.26559616276257],[150.548363418559745,-34.265604023763132],[150.5483684735579,-34.265612369763659],[150.548373287556103,-34.265620912764149],[150.548378208554226,-34.265629373764661],[150.548383622552393,-34.265637477765189],[150.548390247550287,-34.265646244765861],[150.54839716754816,-34.265654831766547],[150.54840439254599,-34.265663168767261],[150.548411939543826,-34.265671190768003],[150.548419818541674,-34.265678792768774],[150.548424811540372,-34.265683121769257],[150.548429975539079,-34.265687254769759],[150.54844048053647,-34.26569531277076],[150.548445670535187,-34.265699445771261],[150.548452949533299,-34.265705585771968],[150.548460147531443,-34.26571184277266],[150.548467300529552,-34.265718126773358],[150.548474525527695,-34.265724356774051],[150.548481858525832,-34.265730415774762],[150.54849006952378,-34.265736708775549],[150.548498477521747,-34.265742750776369],[150.54850692151976,-34.265748747777167],[150.548515221517704,-34.265754896777963],[150.548523226515698,-34.265761404778722],[150.548530639513672,-34.265768431779456],[150.54853768551169,-34.265775916780157],[150.548544632509675,-34.265783500780827],[150.548551776507651,-34.265790823781529],[150.548559404505653,-34.265797546782274],[150.548567266503767,-34.265803229783025],[150.548575503501837,-34.265808429783803],[150.548583956499982,-34.265813368784606],[150.548592436498097,-34.265818262785409],[150.548600764496229,-34.26582337178619],[150.548610077494033,-34.26582957578708],[150.54862846248966,-34.265842357788856],[150.548637758487502,-34.265848533789729],[150.548647295485324,-34.265854342790639],[150.54865538148357,-34.265858788791419],[150.54866361048181,-34.265863010792181],[150.548671910480067,-34.265867080792972],[150.548680265478339,-34.265871051793745],[150.548688655476582,-34.265874986794536],[150.548697888474692,-34.265879253795411],[150.548707192472733,-34.265883385796279],[150.548725864468963,-34.265891506798035],[150.548735160467089,-34.265895639798899],[150.54874865046429,-34.265901716800172],[150.548762132461547,-34.265907839801436],[150.548775578458759,-34.265914006802696],[150.548788997455944,-34.265920254803966],[150.548802362453188,-34.265926609805213],[150.548814768450512,-34.265932821806395],[150.548839347445266,-34.265945765808716],[150.548851753442619,-34.265951941809881],[150.548864393440056,-34.265957571811057],[150.548876655437681,-34.26596205381221],[150.548889196435312,-34.26596589881337],[150.548901790433007,-34.265969556814547],[150.548914277430669,-34.265973509815701],[150.548926423428298,-34.26597820681684],[150.548932689426948,-34.265981155817428],[150.54893886542564,-34.265984319818024],[150.548944996424325,-34.265987582818596],[150.548951163422998,-34.265990755819175],[150.548957438421695,-34.265993695819766],[150.548969611419352,-34.265998339820896],[150.548982152416983,-34.266002175822074],[150.548994809414665,-34.266005743823236],[150.549007322412308,-34.266009615824409],[150.549019459409948,-34.266014339825524],[150.549028916407877,-34.266019180826426],[150.549038104405867,-34.266024666827306],[150.549047203403774,-34.26603030482817],[150.549056427401752,-34.266035629829041],[150.549065982399725,-34.266040147829948],[150.549078980397297,-34.266044297831151],[150.54909252439495,-34.26604708583239],[150.549106284392622,-34.266049344833668],[150.549119936390298,-34.266051916834932],[150.549133176387869,-34.266055618836148],[150.549140499386425,-34.266058469836842],[150.549147697384967,-34.266061633837516],[150.549154877383501,-34.266064932838184],[150.549162075382014,-34.266068141838858],[150.549169354380581,-34.266071108839533],[150.549183508377808,-34.266076209840868],[150.549197859375113,-34.266080852842208],[150.549212381372456,-34.266085029843559],[150.549227010369833,-34.266088668844901],[150.549241711367301,-34.266091743846246],[150.549248909366042,-34.26609308884693],[150.549256125364792,-34.26609434384757],[150.549263368363597,-34.266095454848241],[150.549270620362478,-34.266096333848914],[150.549277889361292,-34.266096897849572],[150.549286602359984,-34.266097184850373],[150.549295360358741,-34.266097094851176],[150.549304136357534,-34.266096637851952],[150.549312867356349,-34.266095822852726],[150.549321499355244,-34.266094647853528],[150.54936304734818,-34.266102276857339],[150.549404478341046,-34.266110370861156],[150.549445802333878,-34.266118904864967],[150.549486982326698,-34.266127877868762],[150.549527983319479,-34.266137307872562],[150.549577679310545,-34.266150161877157],[150.54962690930148,-34.266164414881736],[150.549676031292393,-34.266178962886279],[150.54972539528336,-34.266192713890874],[150.549775342274472,-34.266204554895481],[150.549818065267175,-34.266212639899422],[150.549861145259968,-34.26621951590338],[150.549904423252883,-34.266225754907346],[150.549947737245731,-34.266231894911321],[150.549990925238518,-34.26623850991529],[150.550038837230517,-34.266246559919693],[150.550086696222394,-34.266254877924098],[150.55013454521432,-34.266263241928499],[150.550182448206272,-34.266271416932916],[150.550230423198201,-34.266279187937315],[150.550278282190277,-34.266286233941706],[150.550326266182452,-34.266292732946113],[150.550374268174608,-34.26629912395051],[150.55042220716669,-34.266305819954916],[150.550469966158744,-34.266313232959298],[150.550513459151489,-34.266320179963287],[150.550557078144209,-34.266327037967301],[150.550600490136873,-34.2663344959713],[150.550643419129472,-34.266343199975246],[150.55068550412193,-34.266353830979149],[150.550706301118083,-34.266359943981072],[150.550726962114197,-34.266366424982991],[150.550747454110308,-34.266373273984904],[150.550767766106389,-34.266380480986811],[150.550787854102509,-34.266388027988668],[150.550941066077087,-34.266410895002743],[150.551081118054611,-34.266426457015569],[150.551220687030025,-34.266458413028467],[150.551324579008082,-34.266509705038253],[150.55140527198887,-34.266565998045969],[150.551422742976001,-34.266644720048106],[150.55141308896836,-34.266712873047702],[150.551403255960139,-34.26678649304732],[150.55137619395083,-34.266887114045559],[150.551347867946021,-34.266954908043459],[150.551281426938175,-34.267088445038354],[150.551222721929378,-34.267220313033931],[150.551189161921485,-34.267317160031553],[150.55113466991628,-34.267417225027309],[150.551093076907932,-34.267526666024288],[150.551042511900107,-34.267642292020504],[150.550988297891081,-34.267770620016464],[150.550901113881849,-34.26793747500971],[150.550826282871981,-34.268095456004012],[150.550750985860105,-34.268268917998377],[150.550695830851993,-34.268391759994223],[150.550592547841774,-34.268583794986178],[150.550533609827028,-34.268761236982058],[150.550467025818563,-34.268899335976975],[150.550428345808115,-34.269021594974319],[150.550365409795717,-34.269185285969741],[150.550281112779203,-34.269404140963594],[150.550198141768448,-34.269577468957259],[150.550102998759115,-34.269754166949852],[150.550027333745618,-34.269940383944281],[150.549969811727181,-34.270144286940479],[150.549944424705387,-34.270337881939504],[150.549935944683114,-34.270516327939987],[150.549919164664232,-34.270678207939575],[150.549913041652303,-34.2707756009397],[150.549912655635694,-34.270902270940532],[150.549916940619653,-34.271018999941731],[150.549939664594916,-34.271181677944924],[150.5499518995789,-34.271289450946782],[150.549989037562739,-34.271371309950737],[150.550028721542787,-34.271478724955067],[150.550119481507409,-34.271646502964487],[150.550196500473476,-34.271818897972672],[150.550279972435817,-34.272012321981578],[150.550306649413471,-34.272152284984983],[150.550321861390671,-34.272308418987436],[150.550325025369631,-34.272464320988817],[150.550317603357115,-34.272568069988864],[150.550279560349395,-34.272668465986108],[150.550218138343666,-34.272780237981308],[150.550129610343504,-34.272879612973945],[150.550064056339551,-34.272982195968709],[150.549943866344677,-34.273076389958447],[150.549870451341121,-34.273185194952539],[150.549785983343838,-34.273258224945394],[150.549685693346703,-34.273347353936899],[150.549608369345862,-34.273439673930511],[150.5495125713486,-34.27352523492241],[150.54942799535084,-34.273601912915261],[150.549372490351175,-34.273660949910628],[150.549303502352046,-34.273730644904852],[150.549243856354082,-34.2737813988998],[150.549166989355314,-34.273857314893334],[150.549074928359516,-34.273927467885471],[150.549002750361382,-34.273993451879377],[150.548943470365032,-34.274031449874258],[150.54886735736946,-34.2740818638677],[150.548811367372679,-34.274119933862877],[150.548747606376622,-34.274160576857369],[150.548711060375581,-34.274209044854395],[150.548671447375938,-34.274250180851077],[150.548642879375052,-34.27428878884875],[150.548601806373938,-34.274342652845398],[150.548592680368813,-34.274391667844903],[150.548578660361983,-34.274458825844093],[150.548565877355742,-34.274520542843362],[150.548559315346893,-34.274595140843289],[150.548584495332932,-34.274673100846115],[150.548613664316576,-34.274764810849405],[150.548629763302671,-34.274852612851461],[150.548696545257314,-34.275122794859406],[150.548757034219136,-34.275345457866443],[150.54879808918534,-34.275556773871642],[150.548831104156022,-34.275742433875919],[150.548860174124314,-34.275950800880004],[150.548916478087762,-34.276166077886607],[150.548970056054117,-34.276362162892831],[150.549003850028186,-34.276521406897004],[150.549030572001186,-34.276696911900665],[150.549009846984916,-34.276843229899796],[150.54899718996424,-34.277014296899821],[150.548944364961386,-34.277094344895588],[150.548898073952444,-34.277213699892208],[150.548837190949115,-34.277306333887317],[150.548755447948764,-34.277399477880564],[150.548706915944962,-34.277482340876723],[150.548644651940549,-34.277584968871778],[150.548571299937294,-34.277691038865868],[150.548490013933986,-34.277806054859276],[150.548412196931054,-34.277914769852963],[150.548357139918465,-34.278071315849061],[150.548268028905767,-34.27826637084231],[150.548219972884112,-34.278484104839464],[150.548223674875317,-34.278547058840225],[150.548227618862938,-34.278636446841212],[150.548239926847344,-34.278741494843047],[150.548249239833439,-34.278836458844559],[150.548246398821021,-34.278933904844976],[150.548237084810012,-34.279027586844776],[150.548215732800941,-34.279120112843486],[150.548182189793209,-34.279216035841102],[150.54814938978862,-34.279287370838624],[150.548054837791881,-34.279367481830597],[150.547972744795061,-34.279434181823611],[150.547866503801743,-34.279501313814428],[150.54777472980723,-34.279561443806514],[150.547646320816284,-34.279635413795376],[150.547468026830273,-34.279726613779829],[150.547283663847622,-34.279799463763581],[150.547063085870349,-34.279871587744061],[150.546832477893844,-34.279948965723662],[150.546599475916736,-34.28003359470312],[150.546375294938571,-34.280116582683327],[150.546156411958776,-34.280206052664084],[150.546059591967037,-34.280250585655601],[150.545974809973302,-34.280297188648227],[150.545902497974538,-34.280367726642147],[150.545856458971713,-34.280440611638483],[150.545807774967159,-34.280528942634668],[150.545749410960013,-34.28064806363021],[150.545719067951296,-34.280747697628144],[150.54571003194161,-34.2808313586279],[150.545700458929474,-34.280934138627742],[150.545700162913334,-34.28105715962856],[150.545668815905231,-34.281153117626395],[150.545643985895879,-34.281251954624821],[150.545636608888429,-34.281316512624592],[150.545621082880047,-34.281397295623748],[150.545609752870206,-34.28148455862334],[150.545601406863369,-34.281545450622986],[150.545605960853607,-34.281614804623885],[150.54563841984168,-34.281669215627204],[150.545691495825764,-34.281731344632462],[150.545727235813359,-34.281785817636077],[150.545767994798183,-34.281855906640267],[150.545818578781194,-34.281928899645365],[150.545857177766408,-34.281998029649358],[150.545921109743375,-34.282102288655871],[150.546026436702817,-34.282293039666762],[150.546100147672888,-34.282438506674445],[150.546133243653912,-34.282545795678196],[150.546148168634772,-34.282674570680449],[150.54613379062647,-34.282753569679699],[150.546091686620969,-34.282842034676491],[150.546044858609662,-34.282979604673201],[150.546029073595236,-34.283106873672644],[150.546019222581947,-34.283218761672522],[150.5459870145651,-34.283382155670729],[150.545955891557952,-34.283470844668521],[150.54592619455218,-34.28354770166635],[150.545877672548329,-34.283630572662531],[150.545811069549814,-34.283693006656925],[150.545701691557724,-34.283754606647427],[150.545603849561502,-34.28383465463908],[150.545549375561421,-34.283895537634571],[150.545504976560693,-34.283950226630921],[150.545460228558596,-34.284015860627306],[150.545427572554672,-34.284081727624802],[150.545382035554013,-34.284137312621056],[150.545313694557819,-34.284184239615172],[150.545200102562234,-34.284276719605508],[150.545093279566373,-34.28436388559642],[150.544998305571625,-34.284429375588246],[150.544962852572581,-34.284461395585261],[150.544927337573569,-34.284493333582247],[150.54489175057455,-34.284525218579233],[150.544856109575591,-34.284557040576239],[150.544820414576606,-34.284588782573209],[150.544761744578324,-34.284640594568245],[150.544702868580174,-34.284692190563256],[150.544643858581992,-34.284743617558249],[150.544525676585749,-34.284846326548241],[150.544436493588137,-34.284927352540699],[150.544348618589993,-34.285010556533301],[150.544259919592179,-34.285092486525826],[150.544168208595408,-34.285169702518033],[150.544071307600433,-34.28523875250972],[150.54398893660624,-34.285286010502574],[150.543903051613313,-34.285327693495063],[150.543727625628691,-34.285405502479684],[150.543641507635783,-34.285447229472155],[150.543532146644026,-34.285506060462644],[150.543423985651771,-34.285567204453244],[150.543316489659276,-34.285629603443923],[150.543209072666713,-34.285692172434608],[150.543101163674351,-34.285753826425243],[150.542941236686175,-34.285841692411338],[150.54278030469834,-34.285927899397329],[150.54261952571045,-34.28601432238333],[150.542460018722124,-34.286102833369469],[150.542302950732847,-34.286195315355862],[150.542210827738842,-34.286252192347888],[150.542119196744608,-34.286309938339983],[150.542028184750194,-34.286368697332122],[150.54193795275549,-34.286428550324345],[150.5418485727605,-34.286489640316653],[150.541813961762386,-34.286513843313685],[150.541779486764199,-34.28653823431074],[150.541745118765988,-34.286562795307773],[150.541710848767764,-34.286587482304839],[150.541676650769489,-34.286612259301904],[150.541616833772565,-34.286655295296782],[150.541556908775647,-34.286698278291638],[150.541497414778576,-34.286741816286543],[150.541438906781252,-34.286786519281527],[150.541381921783483,-34.286833016276688],[150.541309913785454,-34.28689786127061],[150.541240738786598,-34.2869660692648],[150.541173176787225,-34.287036167259153],[150.54110602678773,-34.287106750253542],[150.541038061788498,-34.287176391247861],[150.540942862789706,-34.287272682239887],[150.540848229790782,-34.287369592231961],[150.54075330979191,-34.287466197224035],[150.540657232793421,-34.287561538215975],[150.540559121795468,-34.287654674207722],[150.540484316797489,-34.287722344201391],[150.540408417799824,-34.287788839194967],[150.54033186480234,-34.287854608188468],[150.540255051804962,-34.287920108181972],[150.540178436807508,-34.287985805175452],[150.54009211281047,-34.288059023168138],[150.540005062813663,-34.288131443160744],[150.539918183816809,-34.288204052153361],[150.539832406819613,-34.288277817146081],[150.539748619821864,-34.28835370613902],[150.539689725823308,-34.288407939134053],[150.539630482824862,-34.288462189129042],[150.53957244882605,-34.288517533124157],[150.539517167826574,-34.288575046119547],[150.539466171825978,-34.288635777115338],[150.539422937824781,-34.28869309311181],[150.539381201823034,-34.288752479108432],[150.539342646820586,-34.28881386410535],[150.539308995817152,-34.288877186102738],[150.539281951812512,-34.288942372100756],[150.539260186804711,-34.289025952099344],[150.539249197794788,-34.289113628098953],[150.539245414783437,-34.289203680099241],[150.539245083759738,-34.289383882100459],[150.539243936745635,-34.289492363101111],[150.539245029731092,-34.28960159810196],[150.539250381715959,-34.289710554103209],[150.539262017700082,-34.289818193105006],[150.539281917683297,-34.28992349210754],[150.539316259663252,-34.290037639111446],[150.539361787641866,-34.290149383116358],[150.539414702619638,-34.290259236121919],[150.539471202597099,-34.290367727127794],[150.539527487574702,-34.290475375133653],[150.539594072548823,-34.290597920140549],[150.539665327522584,-34.290718055147842],[150.539738886496167,-34.290837015155347],[150.539812427469712,-34.290956029162849],[150.539883583443498,-34.291076316170141],[150.539932124423586,-34.291173378175216],[150.53997622740377,-34.29127510117992],[150.540021836383943,-34.291374896184756],[150.54007493036417,-34.29146618519021],[150.540141434344378,-34.291542378196773],[150.540198203330476,-34.291584804202216],[150.540261006316655,-34.291620471208155],[150.54032735830279,-34.291652086214405],[150.540394767288916,-34.291682375220738],[150.540460707275116,-34.29171408922695],[150.540559859253676,-34.2917668952363],[150.540658974232088,-34.291820579245666],[150.540758843210654,-34.291872372255092],[150.540860325189641,-34.291919548264637],[150.540964174169204,-34.291959374274327],[150.54108565514656,-34.291996574285605],[150.541210497124212,-34.292027525297158],[150.541337240102592,-34.292050893308819],[150.541464369082149,-34.292065414320462],[150.541590449063136,-34.292069769331924],[150.541679076050713,-34.292065546339934],[150.541767758039072,-34.292055613347927],[150.541856368027936,-34.292041664355871],[150.541944673017156,-34.292025394363762],[150.542032539006556,-34.292008460371626],[150.542153687992482,-34.291980868382417],[150.542273671979387,-34.291947189393078],[150.542393252966633,-34.291911368403682],[150.54251320095355,-34.291877339414349],[150.542634260939593,-34.291849039425124],[150.542714587930476,-34.29182895043229],[150.542797397921618,-34.291804836439631],[150.542879338912286,-34.29178463144693],[150.542957056902026,-34.29177627545392],[150.543027227890235,-34.291787722460377],[150.543074889880359,-34.291809988464848],[150.5431210818696,-34.291840277469255],[150.543164297858482,-34.291876607473419],[150.543203102847514,-34.291916981477243],[150.543235982837103,-34.291959416480502],[150.543264569826363,-34.292009228483444],[150.543286952815834,-34.292064509485861],[150.543303634805653,-34.292123106487793],[150.543315126796102,-34.292182833489242],[150.543321921787367,-34.292241502490263],[150.54332192177705,-34.292319758490805],[150.543311074768098,-34.292400031490381],[150.543291631760326,-34.292480429489181],[150.543265842753755,-34.292559025487378],[150.543235947748229,-34.292633964485191],[150.54318861674372,-34.292720879481486],[150.543128467741752,-34.292802201476597],[150.54306130974129,-34.292880556471047],[150.542992859740991,-34.29295849846536],[150.542928927739808,-34.293038664460127],[150.542871010737713,-34.293118596455407],[150.542813541735541,-34.293198896450768],[150.542756772733213,-34.293279689446173],[150.542700997730634,-34.293361136441668],[150.542646478727761,-34.293443372437288],[150.542606937725168,-34.293507053434148],[150.542569028722141,-34.293571854431157],[150.542531218719148,-34.293636681428168],[150.542492045716472,-34.293700505425058],[150.542449976714465,-34.293762241421668],[150.542389236713149,-34.293839941416692],[150.542324156712795,-34.293914567411321],[150.54225631671315,-34.293987122405653],[150.542187221713846,-34.294058646399883],[150.542118395714482,-34.294130143394121],[150.542047139714811,-34.294206356388194],[150.541975857715187,-34.294282873382251],[150.541903355715874,-34.2943580903762],[150.541828460717284,-34.294430350369893],[150.541774263719077,-34.294477115365289],[150.541858660704975,-34.294490372373055],[150.544626645242488,-34.294929331627316],[150.544941634190366,-34.294975313656231],[150.548752351559983,-34.295531644006005],[150.548978332522893,-34.295562229026743],[150.563084915209146,-34.297470277321032],[150.563075736180593,-34.297696842321763],[150.562439600850524,-34.30090464228622],[150.562369161813962,-34.301259813282286],[150.561697510439132,-34.304846163246133],[150.564312953011239,-34.305190442486115],[150.564438780990656,-34.305206999497649],[150.564289708945211,-34.305716933487652],[150.563963302926823,-34.306218324461469],[150.563981050882632,-34.306533256465272],[150.564257866744015,-34.307277419495577],[150.564292458727635,-34.307363285499314],[150.56460337461229,-34.307892662531223],[150.56470707856883,-34.308107314542134],[150.564707177561246,-34.308164576542545],[150.56473132655367,-34.308195268544956],[150.564966083479959,-34.308493590568339],[150.565121644413807,-34.308822711584753],[150.565225599351379,-34.309180509596679],[150.565275161327918,-34.30930352160204],[150.56534667629407,-34.30948102660976],[150.565450362252449,-34.309681344620579],[150.565606442146532,-34.310311100639119],[150.56561563911427,-34.310545338641582],[150.565623106088111,-34.31073548264358],[150.565624432083439,-34.310769196643932],[150.565631586076933,-34.310810421644867],[150.565643821065891,-34.310880869646468],[150.56515339212558,-34.310972275602545],[150.56498387414598,-34.311005433587361],[150.564983812145982,-34.311005442587366],[150.564448912210423,-34.311110051539501],[150.562413099455625,-34.311508151357316],[150.56308899103675,-34.313933698435534],[150.563197597969463,-34.314323443448103],[150.56328869891297,-34.314650395458635],[150.564478448175606,-34.318919672596323],[150.564485207171373,-34.318943929597097],[150.565567221481189,-34.322974154723326],[150.565590859475435,-34.322991705725592],[150.565682740408761,-34.323395013736729],[150.565031498490953,-34.323494127678252],[150.562691538776107,-34.323928136468695],[150.560271577070949,-34.324377150251983],[150.562117582917097,-34.331073102466057],[150.562141919901876,-34.331161577468883],[150.563169103848196,-34.330429067557112],[150.564164805805916,-34.329645176642153],[150.565571237744592,-34.328550217762327],[150.566977669666898,-34.327579678883382],[150.568695267564976,-34.326447386031596],[150.569359992527495,-34.325994597088865],[150.56944323152382,-34.325929913095969],[150.569527000520168,-34.325864808103141],[150.571621291408576,-34.324388808283217],[150.572203842385477,-34.323917957332895],[150.573282541347254,-34.323011833424644],[150.573586259336508,-34.322757032450497],[150.575054317269348,-34.321638713576164],[150.575116231265497,-34.321599191581512],[150.575373300245019,-34.321469374603986],[150.576174411209905,-34.320847606672473],[150.576472015197169,-34.320614184697909],[150.577114114166818,-34.320133025752952],[150.580058340024465,-34.317948924005442],[150.580874170973516,-34.317431056076025],[150.580933198963749,-34.317439500081449],[150.581415272884129,-34.31750844312576],[150.582004851786735,-34.317592758179941],[150.582699165672068,-34.317692053243761],[150.594427995746258,-34.319282997321423],[150.593944998891033,-34.318722003273614],[150.594653844843805,-34.318294484335112],[150.596330344732252,-34.31728335648063],[150.601506915350967,-34.314439695931895],[150.611059642754611,-34.315947728811778],[150.634624237820333,-34.31963850198359],[150.650245145205162,-34.322137556424863],[150.688606873781964,-34.328274417968444],[150.725589053588948,-34.334188772390114],[150.725852139544884,-34.334230867414462],[150.738882742362364,-34.3363154626214],[150.739558110249277,-34.336423530683973],[150.745615056234755,-34.337392618245225],[150.745681918223539,-34.337403222251424],[150.745832741338859,-34.336371079258079],[150.745935866417767,-34.335664787262623],[150.748634115480826,-34.31719392538163],[150.748671844509687,-34.316935797383302],[150.74888448667221,-34.315480124392671],[150.748916298696543,-34.315262343394082],[150.748918943698584,-34.315244227394196],[150.748944553718161,-34.315068990395325],[150.749002549762054,-34.314675111397897],[150.749031224784005,-34.314478782399163],[150.749059900805918,-34.31428247940044],[150.750866258187244,-34.301913191480047],[150.752059204993031,-34.302063859590362],[150.778210189735717,-34.305366103009824],[150.77891940462024,-34.305455576075481],[150.786934842315418,-34.306466547817614],[150.787153840279785,-34.306494148837885],[150.791460240578829,-34.307036982236724],[150.791488494574224,-34.307040550239343],[150.791582697558908,-34.307052419248066],[150.79160643356613,-34.30697208324969],[150.791622272573761,-34.30689753025063],[150.791652553582281,-34.306800225252736],[150.791690085591284,-34.306691527255417],[150.791728217603293,-34.306559819258013],[150.791760174620009,-34.306399219259823],[150.791785192637775,-34.306238494261002],[150.791796191656829,-34.306083282260929],[150.791801013680669,-34.305899160260097],[150.791811420696774,-34.305766950260129],[150.791843672715004,-34.305594840261904],[150.791867776728253,-34.305468645263225],[150.791877430740669,-34.30536520026341],[150.791894605754976,-34.305238870264105],[150.791903506763646,-34.305164199264397],[150.791912694773771,-34.305078019264649],[150.791943297783803,-34.304969205266701],[150.791966352791889,-34.304883276268207],[150.791989711801449,-34.304785838269694],[150.792013223811807,-34.304682645271136],[150.792035839817629,-34.304613999272732],[150.792037641826539,-34.304544950272415],[150.792061762839836,-34.30441873727375],[150.792086466856091,-34.304269523274975],[150.792117212866913,-34.304154955277006],[150.792154743875926,-34.304046258279698],[150.792193028888619,-34.303908796282251],[150.792237336895852,-34.303805979285606],[150.792267920905886,-34.303697175287652],[150.792340725912709,-34.303566086293429],[150.792447593911447,-34.303458644302488],[150.792609687907884,-34.303307503316312],[150.80193369839219,-34.304469173180038],[150.814322151373119,-34.306051178328445],[150.814434712354767,-34.306065548338893],[150.81639624803509,-34.306315920520774],[150.816765474974915,-34.306363046555006],[150.816062498319297,-34.304550131477868],[150.815235274601747,-34.303337679393472],[150.814738927894638,-34.301684347336419],[150.814352868105317,-34.300527019292936],[150.814573442308301,-34.298763449300942],[150.814518281441252,-34.297826563289384],[150.815014602471734,-34.297054990329606],[150.815566071486785,-34.296338539375284],[150.815841801505343,-34.295897648397556],[150.815628415663497,-34.294945253371331],[150.814967013986546,-34.293245674298802],[150.813785950303611,-34.292159850182792],[150.812510416628157,-34.291121229058454],[150.811376602969716,-34.289799337945155],[150.81062072625619,-34.288477455866584],[150.810101058495576,-34.287249982810337],[150.809817608700513,-34.286022509775783],[150.809486910905974,-34.284842249737231],[150.808967234107655,-34.28389804768296],[150.808069637364355,-34.28295385359398],[150.80721927967079,-34.281584758506419],[150.806652372866694,-34.280734965448467],[150.806416154020667,-34.279837967420562],[150.806321665153916,-34.278940961405659],[150.806274416336919,-34.277619072392135],[150.806321657424348,-34.276910909391553],[150.805849219769982,-34.274833652333747],[150.805518504050895,-34.273086842291271],[150.805340502205439,-34.272121205268235],[150.805194215332506,-34.271327544249274],[150.807676461019213,-34.270962981474646],[150.810107173739311,-34.270404903693937],[150.812176557529511,-34.269715528879175],[150.813983145318701,-34.269321592042331],[150.814633195217084,-34.269373568102388],[150.815625524061858,-34.269452874194087],[150.817037967812269,-34.269781118326101],[150.818301197554092,-34.27033715644599],[150.819797337248275,-34.270995627587979],[150.82189985479306,-34.272111684788875],[150.8234767614276,-34.273129289940819],[150.825300785048057,-34.273981760114317],[150.825498638006906,-34.274074448133142],[150.825513105003864,-34.274081207134522],[150.827286796636059,-34.274900949303188],[150.828534804414801,-34.275195830419918],[150.829537047271202,-34.275177391511882],[150.832856850825635,-34.274890109815004],[150.835232211510061,-34.274660395031738],[150.837178321245602,-34.274516663209646],[150.838809795977369,-34.274744840361201],[150.840527371639354,-34.275402036523673],[150.842681178194709,-34.276381810728516],[150.84279440317124,-34.276434186739287],[150.842896610150461,-34.276478441748978],[150.844544407816528,-34.277180914905401],[150.846146459521947,-34.2776388420559],[150.847348097331491,-34.277753536167197],[150.848835848103136,-34.277839752304615],[150.849951611913752,-34.27804019740865],[150.850838471757754,-34.27824059749161],[150.851439201635827,-34.278498097548663],[150.852801030244819,-34.279940103683941],[150.853756507215365,-34.279117538766116],[150.872637025635669,-34.262858398390783],[150.876112230529458,-34.259864696689959],[150.876150004529222,-34.259825156693175],[150.87615349152918,-34.259821499693473],[150.876179782529022,-34.259793943695691],[150.876204200528917,-34.25976836069777],[150.876214598528861,-34.259757460698637],[150.876244681528703,-34.259725647701202],[150.876253815528884,-34.25971445170196],[150.876263147528988,-34.259703479702743],[150.876272989528957,-34.259693170703578],[150.876283665528604,-34.259683973704497],[150.876286363528436,-34.259682127704728],[150.876289779528264,-34.259679778705021],[150.876298169527814,-34.259674032705767],[150.876313892526724,-34.259665230707157],[150.876330439525304,-34.259657745708637],[150.876347417523675,-34.259651739710129],[150.876364466521721,-34.259647400711678],[150.876388911518177,-34.259647266713941],[150.876499284501421,-34.259652349724142],[150.876630544478616,-34.259680227736411],[150.876678958469284,-34.259697125740985],[150.876761759456571,-34.259702360748641],[150.876913465434569,-34.25970150076261],[150.877017044417244,-34.259718074772259],[150.877147398394015,-34.259750058784505],[150.877245078376603,-34.25977402879365],[150.877307432362954,-34.259808020799639],[150.877353892356268,-34.259807751803905],[150.877355703355988,-34.259807742804078],[150.877493757333667,-34.259824120816901],[150.877796937293596,-34.259793742844607],[150.877976171268386,-34.259786975861068],[150.878093447250649,-34.259792022871899],[150.878313916221771,-34.259767846892018],[150.878638017174836,-34.259765965921872],[150.878892970140953,-34.259741584945189],[150.879058221120857,-34.259712003960196],[150.879181914109807,-34.259659752971224],[150.87927782910586,-34.259584750979528],[150.879332948098664,-34.259578709984574],[150.879429194089283,-34.259543794993199],[150.879532244080508,-34.259497389002362],[150.879600675079018,-34.259434005008224],[150.879683233070068,-34.259410618015671],[150.879785951066708,-34.259324134024517],[150.879834114061254,-34.259312400028882],[150.879909438058803,-34.259248980035359],[150.879971451050523,-34.259242893041048],[150.880074456042507,-34.259190759050171],[150.880163566038021,-34.259127258057923],[150.880246026030647,-34.259092424065273],[150.88033489403,-34.259000284072826],[150.88038302202537,-34.258982831077141],[150.880472186020086,-34.258925049084958],[150.880519919021566,-34.258861790088901],[150.880581600018786,-34.258815617094264],[150.880615538022283,-34.258752439096959],[150.880670370019686,-34.258712038101734],[150.880765845022694,-34.258585503109643],[150.880827329022992,-34.258516435114821],[150.8808885710271,-34.258418737119783],[150.880949615034325,-34.258298135124562],[150.880954814035647,-34.258282627124935],[150.880989979044557,-34.258177650127443],[150.881051221048693,-34.258079952132398],[150.881146167060166,-34.257890435139828],[150.881180257061317,-34.257844432142647],[150.88122281707183,-34.25771944714571],[150.881240817076304,-34.257666568147002],[150.881254030083539,-34.257597778147726],[150.881256127085209,-34.257583329147828],[150.881293139113865,-34.257328428149457],[150.881292744120032,-34.257282622149106],[150.881386193155464,-34.25691560015516],[150.881453602170154,-34.256731973160107],[150.881466868176659,-34.256668911160887],[150.881465415199841,-34.256497134159552],[150.881498932210263,-34.256382422161842],[150.881559734221355,-34.256233189166416],[150.881593770223304,-34.256181458169181],[150.881627430231418,-34.256083912171619],[150.881660748244968,-34.255946297173722],[150.881680325259737,-34.255814490174615],[150.881686492270291,-34.255728552174581],[150.881677232309102,-34.255448033171781],[150.881710596321909,-34.255316136173938],[150.881717005328596,-34.255258838174129],[150.881737263332582,-34.255207179175621],[150.881785140331772,-34.255161095179723],[150.88183953333612,-34.255069160184092],[150.881934183352229,-34.254845294191256],[150.881947297361052,-34.254765048191899],[150.881959784379916,-34.254610374191962],[150.881952308390169,-34.254541701190817],[150.881958573399174,-34.254467228190869],[150.882059489424364,-34.254168879198104],[150.882072702431628,-34.25410009019884],[150.882140102446357,-34.253916462203769],[150.882180700452722,-34.25382460820687],[150.882193966459198,-34.253761546207656],[150.882193285470009,-34.253681381207031],[150.882202598481001,-34.253588694207252],[150.88220864949264,-34.253495378207155],[150.882211445504709,-34.253401794206759],[150.882210961517274,-34.253308291206061],[150.88220720553025,-34.253215208205084],[150.882203556535927,-34.253176376204465],[150.882198232541924,-34.253137553203707],[150.882192907547875,-34.25309877520295],[150.882189187553593,-34.253060086202332],[150.882188756558833,-34.253021523202037],[150.882192369563512,-34.252982584202101],[150.882198948567719,-34.252943760202434],[150.882207410571681,-34.252905018202938],[150.882216661575484,-34.252866383203525],[150.882225634579299,-34.252827856204078],[150.88223764658423,-34.252777846204836],[150.882250993588912,-34.252728140205726],[150.882264788593545,-34.252678525206655],[150.882278136598302,-34.252628819207537],[150.882290147603186,-34.252578818208292],[150.882298457607106,-34.252540273208787],[150.88230637261114,-34.252501620209252],[150.882313830615203,-34.252462887209674],[150.882320741619424,-34.252424055210035],[150.8823270346237,-34.25238514221035],[150.882334662629944,-34.252330103210653],[150.882340973636389,-34.252274831210862],[150.882346243643013,-34.252219416210956],[150.882350725649786,-34.25216392821099],[150.88235468765663,-34.252108450210969],[150.882356130661861,-34.252067709210813],[150.882356067667359,-34.252026725210534],[150.8823562116728,-34.251985832210252],[150.882358245677892,-34.251945323210158],[150.882363893682395,-34.251905541210398],[150.882380422687618,-34.251848198211533],[150.882404419691625,-34.251792272213343],[150.8824330506948,-34.251737341215609],[150.882463500697611,-34.251683001218041],[150.88249294770057,-34.251628850220371],[150.882528632704492,-34.251560723223172],[150.882565456708136,-34.251493063226107],[150.882603804711493,-34.251426245229169],[150.882644035714378,-34.251360692232417],[150.882686542716726,-34.251296806235892],[150.882717996717986,-34.2512531782385],[150.88275069771899,-34.25121038424119],[150.8827842677197,-34.251168190244002],[150.882818312720332,-34.251126373246848],[150.88285245672094,-34.251084691249694],[150.882883705721326,-34.251047696252321],[150.882915715721509,-34.251011303255019],[150.882947779721718,-34.250974963257711],[150.882979162722052,-34.250938121260361],[150.883009174722758,-34.25090023026285],[150.883044886724207,-34.250850462265795],[150.883078752726107,-34.250799269268555],[150.883111363728318,-34.250747143271198],[150.883143284730721,-34.250694551273774],[150.883175088733111,-34.250641986276342],[150.883213561736,-34.250578351279451],[150.883251434739037,-34.250514321282495],[150.883288536742214,-34.250449843285466],[150.883324607745692,-34.250384819288321],[150.883359459749386,-34.250319175291096],[150.883390950753068,-34.250257440293545],[150.883421598756883,-34.25019522129594],[150.883451250760942,-34.25013250929824],[150.88347975676524,-34.250069304300432],[150.883506953769825,-34.250005588302493],[150.883530384774446,-34.249945269304227],[150.883551988779459,-34.249884180305799],[150.883572927784599,-34.249822812307286],[150.883594396789675,-34.24976167830885],[150.883617568794364,-34.24970123331056],[150.883641000798747,-34.249642887312319],[150.883664620803103,-34.249584415314096],[150.883689441807235,-34.249526534315962],[150.883716441810861,-34.249469935318075],[150.88374663181375,-34.249415318320459],[150.88377847281555,-34.24936731632306],[150.88381355781658,-34.249321286325973],[150.883850237817256,-34.249276206329043],[150.883886855817991,-34.249231036332091],[150.883921770819086,-34.24918474633499],[150.883971915821064,-34.249115159339127],[150.884022122823126,-34.249045105343271],[150.884070303825609,-34.248973868347221],[150.884114370828968,-34.248900758350764],[150.88415222583356,-34.248825039353719],[150.884183994839475,-34.248746246356085],[150.884211119846412,-34.248664709358017],[150.884233358854317,-34.248581371359506],[150.884250489863064,-34.24849716336049],[150.884262222872621,-34.248413018360992],[150.884374604896209,-34.248113899369265],[150.884434402945686,-34.247678096371743],[150.884709257968893,-34.247205416393776],[150.884928320012904,-34.246637054409995],[150.885068956072132,-34.246040284418797],[150.885199409128262,-34.245478134426918],[150.885348624169978,-34.245003275437369],[150.885506888209079,-34.244538251448709],[150.885661629242179,-34.244121480460066],[150.885826832267611,-34.243751286472715],[150.885999466281874,-34.243456596486574],[150.886115564313258,-34.243095214494758],[150.886298166329624,-34.242773640509334],[150.886577616327031,-34.242488524533108],[150.886964321309932,-34.242195591566691],[150.887351410294798,-34.241887204600218],[150.887643312282364,-34.241662218625528],[150.887942374282289,-34.241336844650831],[150.888310272266892,-34.241051315682739],[150.888617232258184,-34.240782137709154],[150.888906077242382,-34.240586086734396],[150.889076910247326,-34.240362883748581],[150.889316201247595,-34.240100266768813],[150.889497961259735,-34.239811528783541],[150.88970264927903,-34.239443934799844],[150.889866569297936,-34.23912396581273],[150.890041828326019,-34.238723006826092],[150.890226194351669,-34.238329936840344],[150.890499142365314,-34.237930663862713],[150.890723057385145,-34.237538257880622],[150.891061255377281,-34.237229027909628],[150.891431471374204,-34.236848821941102],[150.891713141383462,-34.236472881964438],[150.89211150437751,-34.236083496998447],[150.892489824366834,-34.235751741030995],[150.892827001353652,-34.235483074060205],[150.893219476329506,-34.23523661009466],[150.89372180529196,-34.234970766139099],[150.894391438228638,-34.234715537199023],[150.895047796158508,-34.2345257892582],[150.895457735113183,-34.234418787295233],[150.895974091086458,-34.234056536340297],[150.896525264041713,-34.233791526389261],[150.896981373025227,-34.233418572428697],[150.89732840001372,-34.233126858458647],[150.897597504007535,-34.232880205481742],[150.897738037016978,-34.232656456493146],[150.897890798027731,-34.232409740505496],[150.897912426045451,-34.232253633506389],[150.897927663057942,-34.23214362750705],[150.897933092086305,-34.231925309506032],[150.897789567123766,-34.23180106849194],[150.897596563165195,-34.231701119473456],[150.897269035228589,-34.231583385442455],[150.896866173310798,-34.231406381404085],[150.896432261393215,-34.231261702363092],[150.89591058249195,-34.231090372313837],[150.895254183611684,-34.230909011252074],[150.894925841670755,-34.230824121221218],[150.894557994735976,-34.230736623186722],[150.894151816813235,-34.230600136148325],[150.893650262904657,-34.230462018101157],[150.893100867008485,-34.230282477049286],[150.892704577087471,-34.23012297101166],[150.892301752169686,-34.229945948973302],[150.891953923239356,-34.229802729940261],[150.891724920292575,-34.229653809918126],[150.891467135357743,-34.22944642689292],[150.891309835423044,-34.229128642876226],[150.891243727489893,-34.228700341867153],[150.891241262526933,-34.228425826865013],[150.891326698560761,-34.228079376870483],[150.89141667060585,-34.227644083875745],[150.891548853646412,-34.227195981884819],[150.891675425682735,-34.226786451893624],[150.891800590711739,-34.226432955902709],[150.891925557739739,-34.226087168911818],[150.892081925769332,-34.225695539923507],[150.89217665780177,-34.225349241929813],[150.892281813826287,-34.225051447937432],[150.892357111857223,-34.224737679942194],[150.892443856885478,-34.22443183694805],[150.89251833891214,-34.224150913952975],[150.892694750946475,-34.223701636966112],[150.892789347965817,-34.223453915973103],[150.892941645986696,-34.223131803984899],[150.893077998011734,-34.222795885995104],[150.893150696029153,-34.222586451000375],[150.893233084047182,-34.222361714006389],[150.893359548070578,-34.222048825015854],[150.893534937099645,-34.221640128029193],[150.893609599127359,-34.221351478034073],[150.893623565150335,-34.221164219034044],[150.893609599177182,-34.220978422031465],[150.893544243210584,-34.220799464024211],[150.893376348270465,-34.220533698006889],[150.893182109355138,-34.220110917986048],[150.89295876343769,-34.219735952962857],[150.892697706535586,-34.219286898935692],[150.892462357617859,-34.218927181911489],[150.892279179697823,-34.218527779891829],[150.892163096778461,-34.21805030187781],[150.892087737846879,-34.217619893867884],[150.892051756921092,-34.217103180860967],[150.891985137997779,-34.216601410851354],[150.891873035086547,-34.21605826183724],[150.891679871176791,-34.215592974816204],[150.891334571296682,-34.215070945780759],[150.891032790394121,-34.214669500750155],[150.890816992465972,-34.214366194728164],[150.890522069549263,-34.214063444698887],[150.890304791600954,-34.213912803677815],[150.889979363674797,-34.213713910646447],[150.889777486719595,-34.213598328627043],[150.889769373721236,-34.21359475162626],[150.889817429741385,-34.213391412629292],[150.890015239824237,-34.212555376641696],[150.897707971562141,-34.213635076358095],[150.898096586498326,-34.2136896053943],[150.90008386216843,-34.213997818579607],[150.906675839084329,-34.214941718193884],[150.90689102804896,-34.214972528213927],[150.907301730981402,-34.215031314252229],[150.908171030838446,-34.21515577033324],[150.908235885851042,-34.214991109338065],[150.908863522262891,-34.211225807369757],[150.905054038893098,-34.210651734014512],[150.90468699995435,-34.210592382980259],[150.904459451089139,-34.209830657953987],[150.904287084191282,-34.209253724934086],[150.904681752310921,-34.207928576961251],[150.905398901528343,-34.205520559010616],[150.906804561505709,-34.204161411130762],[150.907080117710223,-34.202330226143431],[150.908894024689545,-34.200512705298038],[150.908899698689794,-34.2005045392985],[150.910766969777455,-34.197817848452004],[150.908347874481734,-34.195175095210537],[150.907928423603835,-34.194716821168676],[150.907025099975868,-34.192912999072846],[150.904823199405541,-34.192089080864093],[150.902218333060546,-34.190015951609524],[150.900228250388125,-34.189726493424061],[150.899360618530949,-34.18960010934321],[150.899370388536113,-34.189551058343767],[150.899377228538157,-34.189528128344243],[150.899377058547373,-34.189459374343755],[150.89937013854987,-34.189447945343034],[150.899363164555524,-34.189413577342151],[150.89935622555879,-34.18939639334139],[150.899338199566074,-34.189361514339488],[150.899332408569535,-34.189341856338807],[150.899325703576608,-34.189296095337887],[150.89928008660803,-34.189110102332378],[150.899266541613173,-34.189086401330968],[150.899264596619929,-34.189038094330463],[150.899255569623335,-34.189022299329515],[150.899259029624545,-34.189009311329741],[150.899256089626022,-34.189001440329413],[150.899246973628948,-34.188989536328499],[150.899243109634057,-34.188955563327902],[150.89923917463878,-34.188924198327321],[150.899244669643764,-34.188880982327525],[150.899237740647067,-34.188863807326769],[150.899237695648594,-34.18885235132668],[150.899230748652656,-34.18882945732588],[150.899216935656227,-34.188818010324539],[150.899203085662037,-34.188789397323042],[150.899189200669412,-34.188749328321499],[150.899168449676239,-34.188720715319384],[150.899140741687916,-34.188663489316419],[150.899112899705699,-34.188560412313144],[150.899112845708771,-34.188537500312982],[150.899105871714397,-34.188503132312093],[150.899105800718189,-34.188474475311892],[150.899022426766209,-34.188205385302339],[150.899008568772047,-34.188176763300859],[150.898994673779413,-34.18813669429931],[150.898987717784252,-34.188108054298461],[150.89897384179082,-34.188073704296954],[150.89896689479491,-34.188050810296147],[150.89895298280382,-34.187999276294505],[150.898952946805338,-34.18798781129442],[150.898946026807891,-34.187976373293708],[150.898945901814784,-34.187924803293335],[150.898932051820594,-34.187896190291852],[150.898929210822587,-34.187884510291518],[150.898925086825443,-34.18786754129102],[150.8989249888308,-34.187827454290733],[150.898918059834102,-34.187810288289974],[150.898917987837905,-34.187781648289764],[150.898911049841246,-34.187764473289],[150.898910995844318,-34.187741561288846],[150.898897047855513,-34.187672853287076],[150.898896922862406,-34.187621301286704],[150.898882974873572,-34.187552601284935],[150.898882902877432,-34.187523952284728],[150.898889697881799,-34.187483847285087],[150.89888963488562,-34.187455207284877],[150.898896429889987,-34.187415093285225],[150.898903215895132,-34.187369252285528],[150.898910063896409,-34.187352059286056],[150.89891688589924,-34.187323392286473],[150.898930626899528,-34.187306190287622],[150.898958092901694,-34.18726030328984],[150.898992388905896,-34.187191496292513],[150.899004552906774,-34.187171632293499],[150.899012988907486,-34.187157083294167],[150.899026469907454,-34.187142651295304],[150.899073530906776,-34.187096496299333],[150.899095474907767,-34.187065265301129],[150.899116136906315,-34.187053765302956],[150.899184908903976,-34.186996341308898],[150.899198641905116,-34.186973403310006],[150.899233035903904,-34.186944691312974],[150.899253662903988,-34.186921734314708],[150.899294959901056,-34.186898733318351],[150.899370668896211,-34.186852748325023],[150.899425716893575,-34.186812526329824],[150.89945323689264,-34.186789570332195],[150.899467004891392,-34.186783824333425],[150.899563376884316,-34.186732048341938],[150.899701090872753,-34.186668754354201],[150.899756182867094,-34.186651462359158],[150.899783729864623,-34.186639944361609],[150.899841313859412,-34.186616512366754],[150.899873413856426,-34.186603855369626],[150.899914540853331,-34.186582386373281],[150.899976499848947,-34.186547884378747],[150.900024654846533,-34.18651341738294],[150.900072835843361,-34.186484679387185],[150.900114123841206,-34.186455949390783],[150.900196735834584,-34.186415674398134],[150.900279383826472,-34.186386864405534],[150.90031378782453,-34.186363881408553],[150.900389550816612,-34.18634080841538],[150.90042395481467,-34.186317824418389],[150.900437732813458,-34.186312069419628],[150.900527291802774,-34.186294697427741],[150.900616823793627,-34.186265869435807],[150.900630583793145,-34.186254386436985],[150.900658138789936,-34.186248595439473],[150.900699471785487,-34.186237041443228],[150.900754537781324,-34.186208294448093],[150.900775199779076,-34.186202530449968],[150.90080965677484,-34.186196712453103],[150.900837202772408,-34.186185211455559],[150.900871624769735,-34.186167956458611],[150.900892304766728,-34.186167911460515],[150.900933619763038,-34.186150638464206],[150.900968068758829,-34.186144838467335],[150.901023169753103,-34.186127546472306],[150.901147105742041,-34.186075717483355],[150.901195322736555,-34.186064171487722],[150.901243540731883,-34.186046871492053],[150.901284846728203,-34.186029615495727],[150.901319267725512,-34.186012351498775],[150.901408817715577,-34.185989251506889],[150.901443248712098,-34.185977723509978],[150.901532798702164,-34.185954623518072],[150.901587882697271,-34.18593159552298],[150.901622330693044,-34.185925795526131],[150.901670557687595,-34.185914241530483],[150.901673972687348,-34.185912520530785],[150.901704969684886,-34.185896976533542],[150.901787617676774,-34.185868166540935],[150.901842728670289,-34.185856594545946],[150.901966709656932,-34.185821966557128],[150.902028721649458,-34.18581037656277],[150.902097610641789,-34.185793048569018],[150.902145818637081,-34.185775757573339],[150.902200919630644,-34.185764185578336],[150.902249137625915,-34.185746902582665],[150.902297354620487,-34.185735339587019],[150.902400646610857,-34.185695019596267],[150.902441970606418,-34.185683473599994],[150.902483285602727,-34.185666200603684],[150.902510813601026,-34.185648962606095],[150.902552128597335,-34.185631689609785],[150.902586550594663,-34.185614433612841],[150.902614078592961,-34.185597186615254],[150.902710468584331,-34.185556893623861],[150.902744908580871,-34.185545357626957],[150.902806893574194,-34.185528047632545],[150.902841333570734,-34.185516520635645],[150.902985976555129,-34.1854761106487],[150.90309614354527,-34.185430045658535],[150.903137458542346,-34.185407034662177],[150.903240714534292,-34.185355276671345],[150.903357730525727,-34.185292018681693],[150.903433413521668,-34.185240305688303],[150.903467835518967,-34.185223049691373],[150.90353665151514,-34.185177073697382],[150.903577939512161,-34.185154072701025],[150.903619236510053,-34.185125342704637],[150.903708706503949,-34.185073602712528],[150.903729332504042,-34.185050645714263],[150.903743083503542,-34.185039163715452],[150.903770611501898,-34.185021916717872],[150.903804961502971,-34.184976020720711],[150.90383932950337,-34.184935844723611],[150.903859919504981,-34.18490144072527],[150.903859866507275,-34.184884256725148],[150.903873652506036,-34.184878501726374],[150.903887367507878,-34.184849825727447],[150.90391486050774,-34.18482113172977],[150.903956076510156,-34.184758034733129],[150.903976568517123,-34.184683525734506],[150.903997167517986,-34.184654831736189],[150.904017686523389,-34.184591787737659],[150.904031302530626,-34.184523015738428],[150.904038151531921,-34.184505822738949],[150.90405867053812,-34.184437041740352],[150.904072304543774,-34.184379726741206],[150.904079099548142,-34.184339612741567],[150.904099617553584,-34.184276559743026],[150.904113332555426,-34.184247892744082],[150.904126967561865,-34.184184848744898],[150.904154298570916,-34.184087409746731],[150.904161102574506,-34.184053023747126],[150.904167941576588,-34.184030102747599],[150.904188505579725,-34.183984233749165],[150.904202157584621,-34.183932646750073],[150.904222586595409,-34.183829497751248],[150.904225293596653,-34.18381737775141],[150.904229408598297,-34.183800839751683],[150.904243078602406,-34.183754988752611],[150.904256730608068,-34.183697681753472],[150.904263525612407,-34.183657567753819],[150.904290838622245,-34.183554400755611],[150.904297633626612,-34.183514295755977],[150.904318161632062,-34.183451242757428],[150.904331750639983,-34.183376733758159],[150.904338608641325,-34.183359540758666],[150.90435226064622,-34.183307961759567],[150.904365948649598,-34.183267839760553],[150.904372725654724,-34.183221997760846],[150.904379538658304,-34.183187620761245],[150.904393217661664,-34.183147488762216],[150.904399994666818,-34.18310164676253],[150.90440681566966,-34.183072997762963],[150.904406744673508,-34.183044348762749],[150.904420369679912,-34.182981304763587],[150.904420297683771,-34.182952655763351],[150.904427119686602,-34.182924006763784],[150.904426599714952,-34.182712070762264],[150.90442651071956,-34.182677702762014],[150.904428141723145,-34.182648972761974],[150.904426402725704,-34.182631878761697],[150.904426313730312,-34.18259750176145],[150.904419384733643,-34.182580335760697],[150.904419321736668,-34.182557423760514],[150.90441237474073,-34.182534528759724],[150.904413683753006,-34.182441079759187],[150.904418981755072,-34.182419950759531],[150.904418954756608,-34.18240849475945],[150.904416085759891,-34.182386999759032],[150.904411854768341,-34.182328320758238],[150.904397969776454,-34.182282523756648],[150.90438403178689,-34.182219542754915],[150.904383986789213,-34.1822023587548],[150.90437010179653,-34.182162289753244],[150.904363136801379,-34.182133667752396],[150.904349268807977,-34.182099325750876],[150.904314641822168,-34.182030661747206],[150.904314551826815,-34.181996293746963],[150.904307631829312,-34.181984855746236],[150.904307568832394,-34.181961943746074],[150.904293719838194,-34.181933330744592],[150.904293647842024,-34.181904681744385],[150.904279825846316,-34.181887532743005],[150.904272833852701,-34.181847445742072],[150.904258993857752,-34.181824560740644],[150.904258939860853,-34.181801648740489],[150.904252001864108,-34.181784473739711],[150.904251956866432,-34.181767289739597],[150.904238116871511,-34.181744413738166],[150.904231169875573,-34.181721510737347],[150.904217284882918,-34.181681441735797],[150.904210319887767,-34.181652828734954],[150.904189549896103,-34.18161277673277],[150.904175610905781,-34.181555523731085],[150.904154787917207,-34.181492560728728],[150.904154724920289,-34.181469648728566],[150.904147795923564,-34.181452473727809],[150.904140821928394,-34.181423851726962],[150.904140795929919,-34.181412395726881],[150.904133874932455,-34.181400957726161],[150.904119980940578,-34.181355159724546],[150.904119882945935,-34.181315063724263],[150.90410592595714,-34.181246354722504],[150.904098996960471,-34.181229179721747],[150.904098951962766,-34.181211995721618],[150.904085030972396,-34.181154751719951],[150.90408498597472,-34.181137567719809],[150.90407113697978,-34.181114682718388],[150.904071100982065,-34.181097498718259],[150.904064135986914,-34.181068867717421],[150.904057143993271,-34.181028788716496],[150.904043188004493,-34.18096007971473],[150.904022382015114,-34.180902844712421],[150.904001640021193,-34.180879977710347],[150.903987782027031,-34.180851373708869],[150.903939412040899,-34.180799910704053],[150.903939358043203,-34.180782726703924],[150.903932438045729,-34.180771288703205],[150.903932349051104,-34.180731192702929],[150.903946037054453,-34.180691060703907],[150.903966600057601,-34.180645191705473],[150.903994075058989,-34.180605032707717],[150.904000887061812,-34.180576375708164],[150.904007754062349,-34.180564910708718],[150.904007664066967,-34.180530524708459],[150.904021245075683,-34.180450314709155],[150.904021182079532,-34.180421665708963],[150.904028013081586,-34.180398744709429],[150.90403479008674,-34.180352911709733],[150.90403470909132,-34.18031854370949],[150.90404151309491,-34.180284157709863],[150.904041405101054,-34.180238333709539],[150.904054986109799,-34.180158105710234],[150.904054932112871,-34.180135193710072],[150.904061736116489,-34.180100816710457],[150.904061664121059,-34.180066448710221],[150.904068495123141,-34.180043518710676],[150.90408883413852,-34.179906001711601],[150.904095656141408,-34.179877343712022],[150.90409558414521,-34.179848703711812],[150.904102406148013,-34.179820045712248],[150.904109192153157,-34.179774212712566],[150.904109057160071,-34.17972265171219],[150.90411579816751,-34.179659634712365],[150.904115610177456,-34.179585170711839],[150.904129272181621,-34.179539310712777],[150.904142870190327,-34.179459082713464],[150.904142816193428,-34.179436170713309],[150.904149647195482,-34.179413231713788],[150.904163236204226,-34.179333021714484],[150.904163156208824,-34.17929865371422],[150.904169942213201,-34.179258539714581],[150.904169861217014,-34.179229899714365],[150.904183549221159,-34.179184048715307],[150.904197157228339,-34.179115276716082],[150.904210863230958,-34.179080881717113],[150.904217684233799,-34.179052223717534],[150.904231292240979,-34.178983460718314],[150.904244953245893,-34.178931864719203],[150.904251730251019,-34.178886031719522],[150.904265454252112,-34.178863092720619],[150.904272266255703,-34.178828706721013],[150.904292839258062,-34.17878856572262],[150.904299625263207,-34.178742732722945],[150.904306437266087,-34.178714074723359],[150.904320152267871,-34.178685407724437],[150.904326947272267,-34.178645293724784],[150.904361181279512,-34.178553573727292],[150.904367984283141,-34.178519187727666],[150.90438856628549,-34.178479046729301],[150.904429675292533,-34.178381590732414],[150.904456997301594,-34.178284133734252],[150.904463792305194,-34.178249738734642],[150.904491168311893,-34.178169501736605],[150.904504874314512,-34.178135097737631],[150.904518499320972,-34.178072062738451],[150.904532223322008,-34.178049124739559],[150.904539018326403,-34.178009010739892],[150.904566430330846,-34.177945939741996],[150.904580118334223,-34.177905807742967],[150.904607494340183,-34.177831280744968],[150.904621138345874,-34.177773991745831],[150.904634826349223,-34.177733850746812],[150.904648567349511,-34.17771663974797],[150.90466142235104,-34.177691406748977],[150.904669140351899,-34.177676499749573],[150.904696579354805,-34.177624884751765],[150.90469894535525,-34.177619003751936],[150.904703436355334,-34.177613419752305],[150.904710294356647,-34.177596208752817],[150.904744617359313,-34.177538865755587],[150.904772011364514,-34.177470066757628],[150.904792601366097,-34.177435654759293],[150.904806289368707,-34.177401259760295],[150.904820031369809,-34.177378311761409],[150.904826862371863,-34.177355390761896],[150.904840630371382,-34.177343898763084],[150.904854345372485,-34.177320959764181],[150.904861194373751,-34.17730375776469],[150.904881802374604,-34.177275072766399],[150.904888579379758,-34.177229239766696],[150.90490227638233,-34.177194835767729],[150.904909151382867,-34.177183361768279],[150.90492279538779,-34.177131774769173],[150.904936438393463,-34.177074467770026],[150.904950117396822,-34.177034335771019],[150.904963778401736,-34.17698275677192],[150.904977305413553,-34.176879616772446],[150.904977252416586,-34.176856704772277],[150.90498408241865,-34.17683378377275],[150.904983742437082,-34.176696311771771],[150.904976813440356,-34.176679136771014],[150.904969857444428,-34.176656242770207],[150.904928282462691,-34.17656468376574],[150.904928255464228,-34.176553218765648],[150.904921335466753,-34.176541780764929],[150.90490746847334,-34.176507439763427],[150.904879644491132,-34.17640438876014],[150.904865785496924,-34.176375784758662],[150.904865732500014,-34.176352872758493],[150.904858811502578,-34.176341425757776],[150.904858758504872,-34.176324241757655],[150.904844810516067,-34.176255541755879],[150.904844640525226,-34.176186796755395],[150.904837693529316,-34.176163902754595],[150.904837236553817,-34.175980606753264],[150.904844093554374,-34.175969123753831],[150.904850843561036,-34.175911825754056],[150.904857513572296,-34.175820168754015],[150.904857298583806,-34.175734239753403],[150.904864146585112,-34.175717055753921],[150.904870977587166,-34.1756941167544],[150.904877772591533,-34.17565400275474],[150.904884611593587,-34.17563108175522],[150.904884522598223,-34.175596713754963],[150.90489139759876,-34.175585239755513],[150.904905085601342,-34.175550835756539],[150.904946140611457,-34.175430457759489],[150.904959748618666,-34.175361694760262],[150.90495970362096,-34.175344510760148],[150.904966578621497,-34.175333036760691],[150.904980186628705,-34.175264273761471],[150.905007481639274,-34.17515537976324],[150.905034875644503,-34.175086580765267],[150.90505535865222,-34.175006343766597],[150.905069100652497,-34.174989132767742],[150.905082797655155,-34.174954728768775],[150.905089592659465,-34.174914623769119],[150.905110084666433,-34.174840114770511],[150.905123763669849,-34.174799983771479],[150.905130548674975,-34.174754141771785],[150.905144174681396,-34.174691097772602],[150.905150906688846,-34.174628071772773],[150.905157727691687,-34.174599422773213],[150.905164558693741,-34.174576492773674],[150.905171424694288,-34.174565018774231],[150.905178246697091,-34.174536369774671],[150.905178192700163,-34.174513457774495],[150.905185050700709,-34.174501983775052],[150.905191889702792,-34.174479053775521],[150.905191871704289,-34.17446759777544],[150.905198675707169,-34.174438939775882],[150.905212390708982,-34.174410272776932],[150.905226132709259,-34.174393061778076],[150.905239829711917,-34.174358657779095],[150.905260401714258,-34.174318517780712],[150.905274089717636,-34.174278394781702],[150.905287661726391,-34.174198175782394],[150.905301367728953,-34.174163771783412],[150.905301313732053,-34.174140859783265],[150.90530815273334,-34.174123657783767],[150.905308036740252,-34.174072105783388],[150.905342090756704,-34.173911649785424],[150.905346465758356,-34.173894591785704],[150.905355778760082,-34.173871517786409],[150.905362609762165,-34.173848605786873],[150.905376324763978,-34.173819921787945],[150.905376234768624,-34.173785561787696],[150.905383056771427,-34.173756904788128],[150.905382975775268,-34.173728263787908],[150.905389797778099,-34.17369960678834],[150.905389591788833,-34.173619413787762],[150.905382635793643,-34.17359077378692],[150.905377445808199,-34.173487598785727],[150.905375419812259,-34.173459047785336],[150.905368401820169,-34.173407504784329],[150.905358038836539,-34.173295974782604],[150.905353395841161,-34.173266446781966],[150.905347605847282,-34.173227139781169],[150.905340245853239,-34.173190351780235],[150.905333173856661,-34.173172396779442],[150.905326396861398,-34.173144105778618],[150.905326369862962,-34.173132649778545],[150.90531815886763,-34.173106546777603],[150.905306147874057,-34.173071533776259],[150.905312699879488,-34.173023459776523],[150.905311059882536,-34.173002904776233],[150.905321511885262,-34.172970956776965],[150.905322918886839,-34.172957591776999],[150.905326486888214,-34.172943374777248],[150.905325823892099,-34.172914976776966],[150.905325769894404,-34.172897792776858],[150.905318849896929,-34.172886354776125],[150.905318777901499,-34.172851986775896],[150.905311830905589,-34.172829083775092],[150.905311785907884,-34.17281189977497],[150.905283953926443,-34.172703129771641],[150.905283863931004,-34.172668752771408],[150.905269969939184,-34.172622964769801],[150.905256102945771,-34.17258862376827],[150.905256030949573,-34.172559983768082],[150.905249074953645,-34.172537080767277],[150.905242100959242,-34.172502730766389],[150.905242029963091,-34.172474090766187],[150.905262619964702,-34.172439677767841],[150.905269467966008,-34.17242246676836],[150.905283209966314,-34.172405246769507],[150.905310702966148,-34.172376553771841],[150.905327330967992,-34.172344668773142],[150.905338158968277,-34.172330675774056],[150.905365579971203,-34.172279060776226],[150.905413680972629,-34.172215945780223],[150.905427386974452,-34.17218726978129],[150.905447994975304,-34.172158593782974],[150.905468539979211,-34.172106996784521],[150.905482209983347,-34.172061136785452],[150.905509657985476,-34.172015258787667],[150.905550864987163,-34.171957889791074],[150.905585223987543,-34.171917712793963],[150.905626395990765,-34.171848887797267],[150.905660745991895,-34.171802991800128],[150.905681290995801,-34.171751394801653],[150.905681246998114,-34.171734210801525],[150.90570864900252,-34.171671139803621],[150.905736106004696,-34.171625253805828],[150.905749821006538,-34.171596586806892],[150.905763545007574,-34.171573647807996],[150.905791019008177,-34.171539216810288],[150.905804716010806,-34.171504821811318],[150.905825307012378,-34.171470409812969],[150.905845915012463,-34.171447452814718],[150.905859612015092,-34.171413048815744],[150.905941973021498,-34.171275397822384],[150.905962572022332,-34.171246712824072],[150.905969358026709,-34.171206589824415],[150.905983099027026,-34.171189378825567],[150.90599682302809,-34.171166439826656],[150.906017440028165,-34.171143483828423],[150.906038004031302,-34.171097614829989],[150.906058540036753,-34.171034552831451],[150.906072282036263,-34.171023069832636],[150.906086024036568,-34.17100585883378],[150.90609974803769,-34.170982910834873],[150.906140955039319,-34.170925541838287],[150.906154661041171,-34.170896874839343],[150.906161500043225,-34.170873935839829],[150.906175242043531,-34.170856733840964],[150.906195788047427,-34.170805136842503],[150.906230057052426,-34.170730592845146],[150.90626435305586,-34.170667512847857],[150.906271184057942,-34.170644582848333],[150.906284881060543,-34.170610187849363],[150.906298569063893,-34.170570064850338],[150.906318998073942,-34.170472634851549],[150.906318953076237,-34.170455450851421],[150.906325792078292,-34.170432529851894],[150.906325730081363,-34.170409617851732],[150.906332569083446,-34.170386688852197],[150.906332283098777,-34.170272127851383],[150.906318397106133,-34.17023205884982],[150.906318371107687,-34.170220602849732],[150.906311450110223,-34.170209155849008],[150.90629758311681,-34.170174823847503],[150.906283609128764,-34.170100386845689],[150.906283152153264,-34.169917089844368],[150.906276204157336,-34.169894186843571],[150.906269230162962,-34.16985983684269],[150.906262274167005,-34.169836942841883],[150.906241442178413,-34.169773969839518],[150.906220529194457,-34.169676638836926],[150.906220054219744,-34.169487613835571],[150.906226857223373,-34.169453227835952],[150.906226705231774,-34.169390219835499],[150.906226615236392,-34.169355851835249],[150.906219659241202,-34.169327220834404],[150.906219426253472,-34.169235571833759],[150.906226221257839,-34.1691954578341],[150.906226122262439,-34.16916108983385],[150.906239747268899,-34.169098054834677],[150.906239684271924,-34.169075142834515],[150.906246506274783,-34.169046475834932],[150.906246398280928,-34.169000660834605],[150.906232522287496,-34.168966318833085],[150.906232280300515,-34.168868942832397],[150.906239119302597,-34.168846003832854],[150.906239003308741,-34.168800170832533],[150.906225117316097,-34.168760110830966],[150.906225019321482,-34.168720013830679],[150.906218099324008,-34.168708575829974],[150.906204213331364,-34.168668506828411],[150.906190265342531,-34.168599797826637],[150.906210838344919,-34.168559656828243],[150.90621765034777,-34.168531007828683],[150.906217596350842,-34.168508086828524],[150.906210658354098,-34.168490919827761],[150.906210389368681,-34.168382087826977],[150.906217139375343,-34.168324789827203],[150.906216753396052,-34.168170141826089],[150.906223611396598,-34.168158658826648],[150.906230405400947,-34.168118544826989],[150.906230020421646,-34.167963888825874],[150.90622308242493,-34.167946722825121],[150.906223037427253,-34.167929538825],[150.906209169433851,-34.167895196823487],[150.90620219543942,-34.167860846822599],[150.906202142442481,-34.16783793482243],[150.906195221445017,-34.167826487821713],[150.90618827444905,-34.167803593820906],[150.906181291454686,-34.167769233820032],[150.906181238457748,-34.167746330819881],[150.906167370463578,-34.167717717818384],[150.906167281468953,-34.167677612818096],[150.906146305488022,-34.167557359815312],[150.906145892510239,-34.167391247814138],[150.906138963513541,-34.167374081813385],[150.906138891517401,-34.167345440813179],[150.906152543522268,-34.167293852814069],[150.906145587527135,-34.167265230813236],[150.906145327540912,-34.167162126812492],[150.906152113545261,-34.167122012812825],[150.906151924555274,-34.167047548812299],[150.906165523563232,-34.166973047813023],[150.90616542456857,-34.166932951812733],[150.906179085572717,-34.166887100813689],[150.906178968578843,-34.166841276813351],[150.906185817580138,-34.166824074813867],[150.906199478585052,-34.166772495814769],[150.906213076592252,-34.166703723815552],[150.906213031594575,-34.166686539815416],[150.906226701598683,-34.166640688816358],[150.906226639601755,-34.166617776816196],[150.90622622660382,-34.166602779816053],[150.906226558606335,-34.166583408815946],[150.906226486609398,-34.166560496815784],[150.906233343610722,-34.166543294816293],[150.906246969617172,-34.166480250817109],[150.906253781620762,-34.166445864817504],[150.906260594623603,-34.166417206817918],[150.906274318624668,-34.16639426781903],[150.906274273627702,-34.166371355818875],[150.906287987628815,-34.166348407819974],[150.906308542631962,-34.166302538821547],[150.906322203636847,-34.166250959822456],[150.906335909638699,-34.166222283823515],[150.906349632639774,-34.166199335824615],[150.906363276645465,-34.166142046825485],[150.906376999646511,-34.16611908982658],[150.906383830648537,-34.16609616882706],[150.906383758652424,-34.166067528826844],[150.906390580655227,-34.166038870827272],[150.906397437655755,-34.166027396827836],[150.906397410657263,-34.166015940827755],[150.906404241659374,-34.165993010828217],[150.906411089660651,-34.165975817828738],[150.906411062662215,-34.165964361828657],[150.906431661663049,-34.165935676830358],[150.906445394664104,-34.165912728831451],[150.906459145663661,-34.165901245832643],[150.906479744664495,-34.165872560834345],[150.906500388663005,-34.165861060836171],[150.906514112664098,-34.165838121837268],[150.906547413662594,-34.165813201840173],[150.906560007662108,-34.165803242841257],[150.906569123663019,-34.165786443841988],[150.906575927665841,-34.165757794842413],[150.906589669666147,-34.165740574843554],[150.90660339366724,-34.165717635844658],[150.906610214670053,-34.165688977845093],[150.906623929671156,-34.165666038846197],[150.906644564671211,-34.165643082847943],[150.906662537673299,-34.165607763849351],[150.906671985674109,-34.165591467850113],[150.906685682676709,-34.165557072851136],[150.90670620068218,-34.165494019852581],[150.906713049683447,-34.165476817853104],[150.906712717701112,-34.165345072852162],[150.906705779704367,-34.165327897851384],[150.906705554716638,-34.165236240850724],[150.906712367719479,-34.16520758285116],[150.906712286724087,-34.16517321485091],[150.906719117726141,-34.165150293851376],[150.906718713747608,-34.164989890850229],[150.906725562748903,-34.16497270685074],[150.906725535750439,-34.164961250850666],[150.906732383751745,-34.164944048851169],[150.906732320754827,-34.164921136851007],[150.906739160756899,-34.164898206851468],[150.906745964760489,-34.16486382085187],[150.906759642763859,-34.164823697852846],[150.906773375764146,-34.164806486853998],[150.90678023376546,-34.164789275854503],[150.906807662768358,-34.164737669856684],[150.906819934770027,-34.164711889857628],[150.906835110770544,-34.164691792858882],[150.906862593771109,-34.164657361861181],[150.906883166773497,-34.164617220862795],[150.906913069772486,-34.164592094865384],[150.906965661771494,-34.164542577869888],[150.90697367577215,-34.164528880870535],[150.906979385772559,-34.164519629870995],[150.907013753772162,-34.164485189873929],[150.907034361773015,-34.164456504875609],[150.907048085774079,-34.164433556876723],[150.907068711773405,-34.164416328878517],[150.907089328773452,-34.164393371880244],[150.907099869774413,-34.16437486088109],[150.907109927774314,-34.164364686881932],[150.907152703773733,-34.164322214885594],[150.907206137774153,-34.164261376890103],[150.90724732677657,-34.164198269893454],[150.907267953775886,-34.164181040895244],[150.907281676776961,-34.164158101896348],[150.907302311776249,-34.164140873898127],[150.907316035777313,-34.164117925899234],[150.907329768777629,-34.164100714900378],[150.907357287775937,-34.164083467902799],[150.90739164677629,-34.164043299905686],[150.90740535277817,-34.164014623906738],[150.907414962777978,-34.164005507907568],[150.907432845777976,-34.163985921909095],[150.907446595777543,-34.163974438910273],[150.907460337777849,-34.163957227911411],[150.907480963777147,-34.163939998913207],[150.907563441776659,-34.163853899920205],[150.907590897778078,-34.163813749922461],[150.907604621779114,-34.163790792923564],[150.907613863779744,-34.163775975924317],[150.907632113778988,-34.163762098925893],[150.907659606778793,-34.163733396928237],[150.90767335777835,-34.163721913929429],[150.907693974778425,-34.163698956931171],[150.907755861776366,-34.163647261936511],[150.907775465776211,-34.163627020938172],[150.907790229775969,-34.163612821939438],[150.907824642773278,-34.163595565942494],[150.907838392772817,-34.163584073943674],[150.907859036771356,-34.163572573945501],[150.907920932768519,-34.163526614950896],[150.907982856764875,-34.163486384956315],[150.908030983763268,-34.163446180960477],[150.908044752762066,-34.163440426961706],[150.908072271760346,-34.16342317996412],[150.908099791759412,-34.163400213966497],[150.908134185757518,-34.163377220969515],[150.908161714755067,-34.163365702971966],[150.908196108753145,-34.163342718974974],[150.908216743752462,-34.163325489976771],[150.908230512751203,-34.163319734978003],[150.908251147749752,-34.163308234979809],[150.908264907749299,-34.163296733980999],[150.908278675748051,-34.163290987982236],[150.908354367742447,-34.163250721988945],[150.908388762740543,-34.163227737991953],[150.908413619738269,-34.163217671994168],[150.908434398737342,-34.163201957995966],[150.90845069473616,-34.163193244997416],[150.908471338734699,-34.163181734999228],[150.908498875732249,-34.163170216001703],[150.908526377731334,-34.163147242004086],[150.908543274729766,-34.1631404560056],[150.908560790728643,-34.163129986007135],[150.908588318726203,-34.163118467009575],[150.908622731723483,-34.163101212012641],[150.908657107722348,-34.163072509015599],[150.908673045721883,-34.163058785016986],[150.908698387720165,-34.163043762019214],[150.908732781718271,-34.163020778022215],[150.908745080717807,-34.163010926023297],[150.908801571714406,-34.162974802028245],[150.908994207702619,-34.162854084045165],[150.909035432702751,-34.162808170048656],[150.909056058702078,-34.162790941050432],[150.909069791702393,-34.162773721051579],[150.909090435700904,-34.162762221053406],[150.909104186700461,-34.162750738054598],[150.90911792770072,-34.162733518055738],[150.909138571699316,-34.162722026057573],[150.909166100696837,-34.162710507060019],[150.909241747694267,-34.162647329066552],[150.909276097694658,-34.162607162069449],[150.909296741693197,-34.162595661071265],[150.909317376692513,-34.162578432073055],[150.909331109692829,-34.162561212074195],[150.909344859692396,-34.16254972907538],[150.909372397689907,-34.162538211077838],[150.909393014689982,-34.162515254079587],[150.909406765689539,-34.162503771080772],[150.90942740968805,-34.162492270082609],[150.909441132689125,-34.162469322083702],[150.909461785686915,-34.162463549085572],[150.909489314685203,-34.162446303087975],[150.909537441683597,-34.162406108092142],[150.909564970681146,-34.1623945900946],[150.909585596680472,-34.162377361096375],[150.909613133677993,-34.162365851098848],[150.909647528676089,-34.162342858101852],[150.909661270676366,-34.162325648103],[150.909709424673252,-34.162296891107253],[150.90972316667353,-34.162279680108377],[150.909743810672069,-34.162268180110203],[150.909846950668623,-34.162182036119127],[150.909874496665395,-34.162176245121628],[150.90999139566145,-34.162078609131733],[150.910012003661535,-34.162055652133475],[150.910039514660639,-34.162032678135844],[150.910053247660954,-34.162015467136975],[150.910087633659799,-34.161986737139955],[150.910101392658561,-34.161980982141188],[150.910135742658923,-34.161940806144074],[150.910156341659786,-34.161912121145775],[150.910170065660822,-34.161889182146872],[150.910190709659389,-34.161877672148705],[150.910204460658917,-34.161866198149887],[150.910218202659223,-34.161848978151042],[150.910238846657791,-34.16183746915285],[150.91024570365829,-34.161826004153411],[150.910266330657606,-34.161808775155194],[150.910286974656174,-34.161797283157021],[150.910293840656664,-34.161785800157567],[150.910314466655223,-34.161774308159394],[150.91032823565476,-34.16176282616059],[150.910341995653539,-34.161757062161811],[150.910362630652088,-34.161745561163634],[150.910390158651154,-34.161722586166015],[150.910452081646781,-34.161688084171487],[150.910520898641408,-34.161653555177594],[150.910562186638487,-34.161630544181236],[150.910589723636036,-34.161619035183698],[150.910610358634557,-34.161607534185521],[150.910644771631894,-34.161590269188572],[150.910734231625042,-34.161544248196499],[150.910754858624358,-34.161527019198275],[150.910796146621436,-34.161504018201938],[150.910816799619226,-34.161498245203802],[150.910844336616748,-34.161486727206253],[150.910899384612634,-34.161457961211127],[150.910926921610184,-34.161446451213592],[150.910940672609684,-34.161434960214791],[150.910961316608251,-34.161423459216593],[150.910975094606215,-34.16142343221788],[150.911002631603793,-34.161411913220341],[150.911043946599364,-34.161400368224058],[150.911112789592437,-34.16137730423025],[150.911140327589976,-34.161365785232718],[150.911154104588007,-34.161365767233981],[150.911202268584844,-34.161337011238217],[150.911216019584373,-34.161325528239409],[150.911236672582163,-34.161319746241269],[150.911264209579713,-34.161308236243734],[150.91127796057927,-34.161296745244918],[150.911305506576014,-34.161290954247434],[150.911326150574553,-34.16127945324925],[150.911388118567857,-34.161262135254844],[150.911401887566655,-34.161256389256067],[150.911429433563455,-34.161250589258572],[150.911450077561966,-34.161239089260391],[150.911477615559534,-34.161227570262852],[150.911491392557508,-34.161227543264118],[150.911505161556278,-34.161221779265347],[150.911539610552069,-34.161215980268494],[150.911553360551636,-34.161204488269675],[150.911580916547621,-34.161204425272217],[150.911642866541712,-34.161181379277771],[150.911642839543248,-34.16116992327769],[150.91167040353929,-34.161169869280222],[150.911677261539808,-34.161158395280772],[150.911711700535591,-34.161152587283915],[150.9117736595297,-34.161129541289469],[150.911787410529229,-34.161118058290654],[150.911814929527537,-34.161100811293075],[150.911821787528027,-34.161089337293632],[150.911835556526853,-34.161083582294857],[150.911856182526151,-34.161066354296644],[150.911856155527659,-34.161054898296562],[150.911897407526311,-34.16102043130013],[150.911904274526819,-34.161008966300685],[150.911924882526876,-34.16098600930242],[150.911931712528968,-34.160963079302888],[150.911945463528525,-34.160951587304069],[150.911966062529359,-34.160922903305774],[150.911979786530424,-34.160899964306886],[150.912007261531045,-34.16086553330917],[150.91203467353472,-34.1608081903113],[150.912048415534997,-34.160790979312452],[150.912055263536331,-34.160773777312954],[150.912062094538385,-34.16075084731343],[150.9120758275387,-34.160733628314574],[150.912089524541301,-34.160699233315604],[150.912116980542692,-34.160659074317863],[150.912130686544515,-34.160630407318912],[150.912144428544849,-34.160613196320078],[150.912151259546874,-34.160590266320533],[150.912171840548496,-34.160555853322201],[150.912261139550083,-34.160446815329671],[150.912515869524753,-34.160360322352545],[150.912598401520427,-34.160302863359782],[150.912605267520945,-34.160291389360317],[150.912619036519715,-34.160285635361554],[150.912646546518033,-34.160268388363981],[150.912742846513254,-34.16019943737237],[150.912804761509676,-34.160159207377809],[150.912845995509826,-34.160113284381289],[150.912880381507875,-34.160090301384301],[150.912914785505194,-34.160073036387352],[150.91293541150452,-34.160055807389135],[150.912962948502042,-34.160044289391593],[150.912990450501127,-34.16002131439398],[150.913004174502191,-34.159998375395077],[150.913038596498751,-34.159986838398176],[150.913093599497671,-34.159935170402875],[150.913114171499274,-34.159900748404539],[150.91315545049639,-34.159877747408181],[150.91321732049505,-34.159820332413481],[150.913265448493462,-34.159780129417641],[150.913299842491512,-34.159757136420666],[150.91335490848661,-34.159734108425582],[150.913403054483467,-34.159705361429822],[150.913451200481859,-34.159665157433984],[150.91356814447488,-34.159590425444243],[150.913595646473965,-34.159567450446616],[150.913609378474263,-34.159550239447775],[150.91363002247283,-34.159538738449598],[150.913685088467872,-34.159515701454509],[150.913746976465063,-34.159469743459901],[150.91378815646749,-34.15940663646326],[150.913808774467583,-34.159383679465002],[150.91383629346592,-34.159366433467419],[150.913856901465977,-34.159343476469168],[150.91392569146214,-34.159297500475198],[150.913987552461549,-34.159234357480443],[150.91402189346195,-34.159194172483339],[150.914028750462478,-34.159182698483896],[150.914056279460027,-34.159171179486343],[150.914090647459659,-34.159136739489277],[150.91410433546227,-34.159102336490299],[150.914131783464398,-34.159056449492518],[150.914138578468055,-34.159022063492898],[150.914152302469091,-34.158999124494017],[150.914152239472173,-34.15897621249384],[150.914179812468149,-34.158976149496375],[150.914200304474377,-34.158907368497793],[150.914214010476229,-34.158878693498856],[150.914241476476832,-34.158844262501148],[150.914255155480191,-34.158804139502138],[150.914289514479805,-34.158769690505068],[150.914337498485878,-34.158672207508815],[150.914371786489312,-34.158609118511542],[150.914385447493459,-34.15856326751247],[150.914385402495753,-34.158546083512348],[150.914399171494495,-34.158540319513577],[150.914440343496977,-34.158477222516936],[150.914467629507556,-34.158368327518701],[150.914494934516625,-34.158270888520541],[150.914501738520187,-34.158236502520928],[150.914515444522038,-34.158207835521992],[150.914529105526185,-34.158161975522916],[150.914542686534162,-34.158087484523662],[150.914549454540037,-34.158035914523914],[150.914556266542888,-34.158007247524367],[150.914576803546822,-34.157955650525899],[150.914590384554799,-34.157881150526627],[150.91459029455936,-34.157846782526384],[150.914597161559897,-34.157835308526927],[150.914610831563294,-34.157795185527917],[150.914624438570513,-34.157726413528678],[150.914631117580228,-34.157646203528756],[150.914644724586651,-34.157583177529567],[150.914678886596988,-34.157468528531915],[150.914678833600078,-34.157445615531749],[150.914692583599617,-34.157434124532941],[150.914706245603753,-34.157388273533861],[150.914733433618125,-34.157250738535431],[150.914753978622059,-34.157199141536971],[150.914774408631388,-34.157107439538215],[150.914788069635478,-34.15706158853915],[150.914801757638116,-34.157027184540169],[150.914856689640089,-34.156952595544723],[150.914884020648344,-34.156860884546603],[150.914918334650281,-34.156809251549411],[150.915000571661324,-34.156637223555784],[150.915014187667765,-34.156574179556607],[150.915027938667265,-34.156562696557813],[150.915089781666751,-34.156499545563065],[150.915158311675981,-34.156356193568392],[150.915206188687364,-34.156218604571848],[150.91528836270146,-34.156023664578072],[150.915315711708246,-34.155943409580033],[150.915343105712651,-34.155880338582115],[150.915384241717419,-34.15580005758536],[150.915425360722935,-34.155714038588549],[150.915452709729664,-34.155633783590503],[150.915459495734069,-34.15559366059086],[150.915473183736651,-34.155559265591876],[150.915500631738809,-34.155513379594083],[150.915555276755384,-34.155329957597857],[150.915582634761364,-34.155255430599858],[150.915658013771065,-34.155100604605728],[150.915692193779876,-34.154997419608165],[150.915698934786548,-34.154940121608384],[150.915740052792103,-34.154854103611584],[150.91576058979598,-34.154802506613116],[150.915801796796927,-34.154750855616562],[150.915836066801148,-34.154682048619243],[150.915877139808941,-34.154578845622318],[150.915883952811782,-34.154550187622732],[150.915911435811637,-34.154521484625086],[150.915938802817607,-34.154446958627084],[150.915952446822502,-34.154395379627978],[150.915993626824985,-34.154332263631339],[150.916014136830427,-34.154269210632783],[150.916041557833296,-34.154217605634969],[150.916103238841259,-34.154091436639774],[150.916130569848718,-34.154005453641687],[150.916144186855178,-34.153942418642515],[150.916178383863212,-34.153844962644989],[150.916178339865496,-34.153827778644889],[150.916192045867376,-34.153799102645934],[150.916226045885395,-34.153627181647863],[150.916246501893085,-34.153546944649193],[150.916246474894649,-34.153535479649115],[150.916218883900171,-34.153524095646496],[150.916191274906453,-34.153506964643832],[150.916177451910727,-34.153489816642427],[150.916191247908017,-34.153495508643736],[150.916198104908517,-34.153484043644298],[150.916211783911876,-34.153443911645276],[150.916225489913757,-34.153415244646347],[150.916252937915118,-34.153375086648587],[150.916273474919052,-34.153323480650123],[150.916389737945792,-34.152996706658577],[150.916430819952836,-34.152899240661689],[150.916458267954994,-34.152853353663907],[150.916478830957345,-34.15281320466552],[150.916492518959927,-34.152778809666543],[150.916513099961549,-34.152744396668197],[150.916588460972065,-34.152583824674032],[150.916602139975453,-34.152543710675019],[150.91661587297574,-34.152526490676159],[150.916622586983948,-34.152457736676297],[150.916622389993933,-34.15238327267577],[150.916615335003371,-34.152320281674683],[150.916608415005868,-34.152308834673953],[150.91658752901958,-34.152228687671467],[150.916587475022652,-34.152205775671305],[150.916573661026206,-34.152194355669963],[150.916559713036634,-34.152131373668226],[150.916545819044757,-34.152085585666626],[150.916531979049807,-34.152062691665186],[150.91653189805362,-34.152034060664988],[150.916517995061781,-34.151988253663383],[150.916517968063317,-34.151976797663302],[150.916510985068896,-34.151942447662414],[150.916510868075051,-34.151896623662083],[150.916503886080648,-34.151862264661219],[150.916503796085209,-34.151827896660961],[150.916496831090058,-34.1517992746601],[150.916496732095425,-34.151759178659823],[150.916489705103317,-34.15170763465882],[150.916489624107157,-34.151678994658617],[150.916482659112006,-34.151650372657762],[150.91644803112618,-34.151581708654092],[150.916427154139143,-34.151507288651658],[150.916399482149245,-34.151461527648785],[150.916385632155084,-34.151432922647317],[150.916378667159876,-34.151404291646465],[150.91636478216725,-34.151364231644905],[150.916350834177678,-34.151301250643193],[150.916350807179242,-34.151289794643105],[150.916336949185023,-34.151261180641626],[150.916316233190315,-34.151244041639586],[150.916295491197133,-34.151215455637484],[150.916288534201215,-34.151192552636672],[150.916274730204719,-34.151181131635333],[150.916254032209253,-34.151169720633334],[150.916247094212565,-34.15115254563257],[150.916143614234443,-34.151101226622679],[150.916109102242444,-34.151078394619326],[150.916095298245978,-34.151066965617986],[150.916074600250482,-34.151055554615986],[150.916033186260307,-34.151027012611976],[150.916012470265599,-34.151009873609937],[150.91598486127188,-34.150992751607284],[150.915957270277431,-34.150981349604656],[150.915908972288236,-34.150952816599997],[150.915867558298032,-34.150924275595983],[150.915846860302565,-34.150912863594002],[150.915819287307301,-34.150907198591405],[150.915784794313822,-34.15089580458816],[150.915750300321122,-34.150878701584837],[150.915722700327393,-34.15086158058218],[150.915688233333128,-34.150855923578959],[150.915646847341435,-34.150838829575022],[150.915626122346737,-34.150821698572997],[150.915591664352462,-34.150816042569787],[150.915529571366051,-34.150781817563825],[150.915481237378401,-34.150741828559077],[150.915405348394671,-34.150701902551802],[150.915377756400204,-34.150690509549179],[150.915308796413257,-34.150667749542649],[150.915267419421554,-34.150650663538727],[150.915232925428796,-34.150633551535414],[150.915198441435308,-34.150622166532159],[150.915163938442589,-34.150605063528864],[150.915122534452422,-34.150576512524843],[150.91509490646024,-34.150547935522098],[150.915074155467067,-34.150519340519971],[150.915060332471398,-34.150502191518584],[150.915039608477429,-34.150479324516517],[150.915032652481472,-34.15045643051571],[150.915039437485859,-34.150416316516058],[150.915039303492762,-34.150364764515686],[150.915066670498732,-34.150290237517702],[150.915073465502331,-34.150255851518082],[150.915094109500899,-34.150244350519905],[150.915142165502346,-34.150181226523905],[150.915142057507722,-34.150141130523608],[150.915155835505715,-34.150141103524881],[150.915183265508631,-34.150089488527058],[150.91519699850889,-34.150072268528191],[150.915224508508032,-34.150049294530575],[150.915245072509634,-34.150014881532229],[150.915258813509922,-34.149997670533374],[150.91527945750849,-34.149986169535204],[150.915327630503782,-34.149968878539518],[150.915362007502608,-34.149940157542495],[150.915389535500196,-34.149928639544953],[150.915423957496728,-34.149917102548052],[150.915458352494028,-34.149899846551101],[150.915485871492336,-34.149882600553525],[150.91551337349145,-34.149859625555884],[150.915533981491507,-34.14983666855764],[150.91557522549013,-34.149802202561197],[150.915595761494075,-34.149750605562744],[150.915616396492624,-34.14973910456456],[150.915685150490276,-34.1496816545705],[150.915753976484154,-34.149652862576652],[150.91577458448424,-34.149629905578387],[150.915788353483009,-34.149624150579619],[150.915808979482335,-34.149606912581397],[150.915836489480625,-34.149589666583815],[150.915905127483711,-34.149492137589462],[150.916001364481247,-34.14940600259775],[150.916056403477114,-34.149377228602624],[150.916131979476859,-34.149296866609042],[150.916152452483857,-34.149222348610415],[150.916179981481406,-34.149210829612869],[150.916255601478866,-34.149147651619401],[150.91633807047765,-34.14906727162645],[150.916372348481104,-34.149004182629177],[150.916420368484864,-34.148923882633042],[150.916454754482913,-34.14890089963604],[150.916516624480892,-34.148849203641397],[150.916537187483243,-34.14880905464301],[150.916557643490989,-34.148728817644333],[150.916585055494664,-34.148671474646456],[150.916612431499857,-34.148602675648505],[150.91662615550095,-34.148579736649616],[150.91663984350356,-34.148545332650649],[150.91667416650472,-34.148499419653483],[150.916687845508108,-34.14845929665448],[150.916708390511246,-34.148413427656052],[150.916735829512589,-34.148373268658304],[150.916756446512693,-34.148350302660042],[150.916873140517964,-34.148183930669653],[150.916900605518578,-34.148149499671945],[150.916914311520401,-34.148120824672993],[150.916934920520504,-34.148097867674743],[150.916948617522337,-34.148069191675795],[150.916962367521904,-34.148057708677001],[150.916982958522709,-34.148029023678703],[150.917003548524349,-34.147994601680367],[150.917037898523972,-34.147960162683283],[150.917058461526352,-34.147920012684899],[150.91712029552582,-34.147856869690166],[150.917147761526422,-34.147822439692447],[150.917161467528217,-34.147793763693514],[150.917175208528533,-34.147776552694658],[150.917188923529636,-34.147753604695779],[150.917243890529335,-34.147696199700455],[150.917271356529938,-34.14766176870274],[150.917305724528774,-34.147633047705718],[150.917326332529626,-34.147604362707405],[150.917346932529711,-34.147581405709154],[150.917381300528547,-34.147552685712121],[150.917401890529391,-34.147524000713823],[150.917477546525333,-34.147472278720443],[150.917505038524382,-34.147449303722809],[150.917580704519594,-34.147403300729472],[150.917601357517384,-34.14739752773135],[150.917718408503504,-34.147374355741974],[150.917752839500054,-34.147362819745069],[150.917773501497038,-34.147362774746981],[150.917801047493867,-34.147356983749482],[150.91781482549186,-34.147356947750744],[150.917835478489621,-34.147351175752604],[150.917876820483656,-34.147351085756426],[150.9179319044772,-34.147339504761433],[150.91794566347599,-34.147333749762652],[150.917986970471532,-34.147322194766382],[150.918021418467333,-34.147316377769521],[150.918145247458568,-34.147247363780465],[150.918220831457575,-34.147172729786917],[150.918234564457919,-34.147155509788071],[150.918282620459365,-34.147092393792057],[150.918351302460138,-34.147012040797833],[150.918392509461057,-34.146960398801276],[150.918440547463263,-34.146891546805229],[150.918454235465902,-34.146857151806238],[150.918467959466938,-34.146834203807352],[150.918502112476546,-34.146725290809748],[150.918515818478369,-34.146696623810811],[150.91852263148121,-34.14666796581124],[150.918536337483062,-34.146639289812306],[150.918543149485885,-34.146610631812742],[150.918556864486931,-34.146587692813839],[150.918570507491836,-34.146536113814733],[150.918591044495031,-34.146490235816316],[150.918604687499908,-34.146438647817213],[150.918618366502528,-34.146404252818229],[150.918632027506675,-34.146358392819167],[150.918673082515227,-34.146249470822205],[150.91872784352492,-34.146117592826343],[150.9187552015309,-34.146043056828347],[150.91877568453711,-34.145974275829751],[150.918796158544097,-34.145899757831117],[150.918809711552854,-34.145819538831816],[150.918816398562598,-34.14573932883188],[150.918823148568464,-34.145687758832146],[150.918822682592236,-34.145510189830858],[150.9188295125943,-34.145487259831327],[150.918829414598918,-34.145452891831084],[150.918822440604515,-34.145418532830199],[150.918822144619071,-34.145309690829407],[150.918815170624669,-34.145275349828538],[150.918815062630017,-34.145235244828243],[150.918808142632571,-34.145223806827509],[150.918801177637391,-34.145195184826669],[150.918787292644765,-34.145155115825119],[150.918780264652668,-34.145103580824113],[150.918766334662308,-34.145046327822421],[150.918759154677872,-34.144937513821006],[150.918738465681656,-34.144931838819062],[150.918690140693968,-34.144891832814331],[150.918641770707865,-34.144840387809502],[150.918641744709362,-34.144828931809421],[150.918627840717448,-34.144783134807831],[150.918620822725387,-34.144731591806803],[150.918606936732743,-34.14469152180525],[150.918592988743171,-34.144628558803518],[150.918592908747002,-34.144599918803316],[150.918585961751063,-34.144577015802525],[150.918564976770142,-34.144456771799753],[150.918564868775519,-34.144416675799455],[150.918571636780655,-34.144370824799772],[150.918571448789862,-34.144302097799269],[150.91857821679497,-34.144256255799569],[150.918578099801096,-34.144210431799245],[150.918584867806288,-34.144164588799548],[150.918591644810618,-34.144124474799895],[150.918605206819365,-34.144044264800584],[150.918612028821457,-34.144021334801053],[150.918618831825029,-34.143986948801441],[150.918646189831009,-34.143912421803435],[150.918652957836144,-34.143866579803749],[150.918666645838755,-34.143832175804782],[150.918680288843689,-34.143780596805676],[150.91870084384604,-34.143740438807299],[150.918700798848334,-34.143723253807174],[150.918741826857683,-34.143608604810147],[150.918755559857999,-34.143591384811295],[150.918782917864007,-34.14351685781331],[150.9188034988656,-34.143482444814964],[150.918830964866231,-34.143448013817249],[150.918851527868611,-34.143407863818879],[150.918865206871232,-34.143373468819888],[150.918878939871519,-34.143356248821057],[150.918892618874878,-34.143316125822018],[150.918940674876296,-34.143253001826018],[150.918954344879722,-34.143212878826994],[150.91899552488141,-34.143155499830385],[150.919009221884011,-34.143121104831422],[150.919022936885085,-34.143098156832529],[150.919029749887898,-34.143069498832958],[150.919043500887454,-34.143058015834157],[150.919057215888529,-34.14303506783525],[150.919077823888614,-34.143012110836985],[150.919084662889929,-34.142994908837494],[150.919105270890014,-34.142971951839243],[150.919125861890819,-34.142943258840944],[150.919132709892153,-34.142926056841453],[150.919263189871998,-34.142935199853561],[150.919290646871872,-34.142906469855888],[150.919318031874013,-34.142860547858092],[150.919352300875204,-34.142814624860932],[150.919400365873599,-34.142774358865083],[150.919441518873754,-34.142728399868567],[150.919468903875952,-34.142682485870779],[150.919503244874761,-34.14265373887374],[150.91954440787498,-34.14260777987721],[150.919578721874586,-34.14257329588014],[150.919606106876728,-34.142527381882353],[150.919654063878994,-34.142458492886291],[150.919681421881876,-34.142406850888456],[150.919715556887667,-34.142326542891055],[150.919736084890076,-34.14228638389266],[150.919742771895983,-34.142234804892922],[150.91974948590115,-34.142188953893218],[150.919742502905223,-34.142166050892421],[150.919742251913618,-34.14210303289196],[150.919735223919247,-34.142068682891065],[150.919734694937659,-34.141931192890063],[150.919727630944777,-34.141885386889079],[150.919727505949396,-34.141851009888846],[150.919713575956024,-34.141816685887314],[150.919706538962345,-34.141776607886392],[150.919706421966197,-34.141747949886181],[150.919699421971075,-34.141719345885328],[150.919685401981468,-34.141656363883591],[150.919685329983764,-34.14163917988347],[150.919671444989632,-34.141610575881991],[150.919643612002801,-34.14154192087895],[150.919636584008401,-34.141507560878061],[150.919629610012464,-34.141484684877263],[150.919608831019303,-34.141456107875136],[150.919594937025124,-34.141427503873651],[150.919581070030176,-34.141404635872206],[150.91957411403348,-34.141387460871464],[150.919574060035785,-34.141370276871328],[150.919560202040088,-34.141353137869928],[150.91953944104614,-34.141330288867863],[150.919518663052969,-34.141301701865736],[150.919497857060577,-34.14126739686359],[150.919428655081248,-34.141187410856652],[150.919407939085801,-34.141176025854655],[150.919380295092822,-34.141153194851952],[150.91935949810042,-34.141118880849781],[150.919345595106279,-34.141090284848303],[150.919276366127718,-34.141004561841314],[150.91924171113962,-34.140953117837768],[150.919207128149196,-34.140918856834347],[150.919179447157774,-34.140884560831545],[150.919151731167148,-34.14084454482871],[150.919130997172431,-34.140827432826683],[150.919027167204234,-34.140701711816213],[150.918992495216912,-34.14064453881263],[150.918971653226009,-34.140598777810389],[150.918957777231071,-34.140575901808951],[150.91893013223816,-34.140553069806252],[150.918902389248245,-34.140507326803359],[150.918819409270952,-34.140427385795142],[150.91877094128634,-34.14036452079025],[150.918722535299452,-34.140318839785458],[150.918687925309797,-34.140278859781994],[150.91864644032114,-34.140238871777882],[150.918618652332782,-34.140181662774907],[150.918590944342156,-34.140141656772087],[150.918563254350744,-34.140107360769285],[150.918535511360858,-34.140061625766414],[150.918438583391691,-34.139935896756604],[150.918376284410613,-34.139861620750331],[150.918348549420728,-34.139815876747463],[150.918320770432416,-34.139758668744484],[150.91829991144229,-34.139707161742201],[150.918251263463844,-34.139598472736957],[150.918182008486099,-34.139507030729938],[150.918133378506838,-34.139404070724737],[150.91811940351576,-34.139352563723087],[150.918105223531597,-34.139249486721063],[150.91809117654276,-34.13918078571929],[150.918077264549368,-34.139146462717761],[150.918056468556983,-34.139112148715604],[150.918021750571143,-34.139043502711928],[150.918014633579844,-34.138986248710872],[150.918007659583907,-34.138963345710053],[150.91800065858871,-34.138934732709217],[150.918007480590006,-34.138917521709729],[150.91799323660814,-34.138797269707581],[150.917979243617765,-34.138740025705893],[150.917979145620848,-34.138717113705731],[150.917965143630539,-34.138659869704036],[150.917958053638444,-34.138608335703012],[150.917964614648952,-34.138522379703019],[150.918025641673779,-34.138270114706906],[150.918052910679762,-34.138195560708901],[150.91806649968467,-34.138143955709779],[150.918079981692671,-34.13806944671051],[150.918100500695061,-34.138029278712125],[150.918107187700969,-34.137977699712387],[150.918120902701276,-34.137960470713523],[150.918141367705203,-34.13790885671505],[150.918148161707279,-34.137885917715522],[150.918168716708124,-34.137857214717222],[150.918216637711907,-34.137776861721079],[150.918284934722692,-34.137621972726294],[150.918339516733113,-34.137484311730383],[150.918414625745186,-34.137312220736099],[150.918448939744849,-34.137277736739037],[150.918510602747375,-34.137191619744122],[150.918544719753953,-34.137105573746659],[150.918620017759849,-34.136979306752743],[150.918633678761694,-34.13695062175379],[150.91866801076057,-34.136921865756761],[150.918702288761722,-34.136875933759598],[150.918750309761691,-34.136824229763661],[150.918805123764486,-34.136743867768168],[150.918859965765705,-34.13667494277275],[150.918894172769171,-34.136611818775457],[150.918928450769585,-34.136571614778347],[150.918955853770996,-34.13653142978059],[150.91905190277086,-34.136428011788738],[150.919120485771657,-34.1363475867945],[150.91918215877422,-34.136261460799574],[150.91920950777714,-34.136209818801753],[150.919250687776554,-34.136169588805267],[150.919278090777937,-34.136129402807519],[150.919319244778109,-34.13608345381099],[150.919353513779271,-34.136037512813843],[150.919408444777446,-34.135991509818581],[150.919477028778232,-34.135911093824355],[150.919518074782246,-34.135836494827615],[150.919545486782852,-34.135802037829912],[150.919621043779614,-34.135744515836464],[150.919675822783148,-34.135658406840925],[150.919737611781869,-34.13560092084623],[150.919888439785325,-34.135411403858818],[150.919922726785728,-34.135371200861705],[150.919970711787187,-34.135308030865694],[150.920114914782431,-34.135187285878153],[150.920190570775276,-34.135158403884937],[150.920307398768387,-34.135083563895193],[150.920458602758742,-34.134991422908499],[150.920589073754456,-34.13488217891976],[150.920719625747068,-34.134795828931203],[150.920870829737424,-34.134703705944531],[150.921042678725598,-34.134605782959696],[150.921214419717614,-34.134479201974642],[150.921283200711542,-34.134450346980799],[150.921345087706385,-34.134421509986304],[150.92138628670503,-34.134387007989865],[150.921427529702129,-34.134363960993518],[150.921503167695818,-34.134329360000258],[150.921578770690985,-34.134283276006897],[150.921661274684425,-34.134242929014228],[150.921709366682052,-34.134208400018437],[150.921771271676192,-34.134185291023975],[150.921936298663041,-34.13410456103864],[150.922032607653733,-34.134069889047289],[150.922108210648929,-34.134023823053937],[150.922170079644587,-34.133989257059412],[150.922231966639458,-34.133960420064923],[150.922307533635404,-34.133908626071523],[150.922362428635125,-34.133851167076195],[150.922396805632474,-34.133833876079251],[150.92244488863011,-34.133799346083443],[150.922506668628841,-34.13374186008874],[150.922527178631213,-34.133701683090358],[150.922547777630541,-34.133684437092121],[150.922595824629724,-34.133638451096246],[150.922636978629896,-34.133592502099717],[150.922671202632586,-34.133535105102474],[150.922712410630453,-34.133506331106076],[150.922739768633392,-34.133454680108244],[150.922774127631499,-34.133431670111243],[150.922815137636292,-34.133351334114487],[150.922835584640978,-34.133293983115976],[150.922856139641823,-34.133265271117658],[150.922890309646021,-34.133196419120331],[150.922910711652264,-34.133127611121729],[150.922924400653358,-34.133104654122839],[150.922958687653789,-34.133064442125736],[150.923013457657333,-34.132978342130173],[150.923068209661665,-34.132886506134597],[150.923095442668398,-34.132806216136544],[150.923115996669253,-34.13277750413824],[150.923129621672615,-34.132737363139221],[150.923170632677397,-34.132657028142447],[150.923184230681585,-34.132611159143366],[150.923204713684726,-34.132565254144936],[150.923225133690181,-34.132502175146378],[150.923238624698143,-34.132427666147123],[150.92325235769772,-34.132416156148309],[150.923265973701092,-34.132376024149281],[150.923293277705568,-34.132312918151356],[150.923306813712031,-34.132249865152176],[150.923354699716583,-34.132163774155998],[150.923395682722116,-34.13207772015916],[150.923422951728099,-34.132003149161164],[150.923436621729962,-34.131974473162224],[150.923443353734342,-34.131934350162567],[150.923450040740278,-34.131882771162822],[150.923449924744119,-34.131854131162612],[150.923470469744956,-34.131825401164306],[150.923484095748307,-34.131785269165277],[150.923490809753474,-34.131739428165581],[150.923490396767306,-34.131636306164829],[150.923483414771368,-34.131613403164032],[150.923469340783299,-34.131538983162208],[150.923468596808675,-34.13134992416083],[150.923475284814572,-34.131298345161078],[150.92347512281998,-34.131258240160783],[150.923481926822035,-34.131235310161252],[150.923474898827635,-34.131200960160356],[150.923474683835309,-34.13114367115994],[150.923467602842436,-34.131097865158971],[150.923384416872011,-34.130966363150378],[150.923342895884133,-34.130920673146235],[150.923315169894266,-34.130874939143354],[150.923287453903583,-34.130834923140526],[150.923273541910191,-34.130800591139],[150.923259673915254,-34.130777724137559],[150.923225117924062,-34.130749183134171],[150.923197383934223,-34.130703439131295],[150.923169666943551,-34.130663424128471],[150.923121270956642,-34.130617752123669],[150.923079704970291,-34.130560598119445],[150.923031253984959,-34.13050344311457],[150.922989768996274,-34.130463482110464],[150.922941346010134,-34.130412073105639],[150.922844544036366,-34.130320721096069],[150.922803032048478,-34.130275022091915],[150.922782235056076,-34.130240708089772],[150.922768350061887,-34.130212113088284],[150.922740759067381,-34.130200746085663],[150.922671682083489,-34.130155128078975],[150.922609365103199,-34.130075125072672],[150.922589805113176,-34.130021538070501],[150.922585350116776,-34.129999271069927],[150.928544867133525,-34.130900079626109],[150.93874575145054,-34.132441616578468],[150.941126969057649,-34.132801260800839],[150.950433453522294,-34.134206442670113],[150.95354187400946,-34.134675640960538],[150.953802051966562,-34.13471477798484],[150.98080801051276,-34.138777430509592],[150.981992282229612,-34.139612316624934],[150.990072496297131,-34.145308696412172],[150.990346147231662,-34.145501619438839],[150.990578465176128,-34.145665401461471],[150.990874705105256,-34.145874245490347],[150.995313786234362,-34.147577313913004],[150.995637897170724,-34.147701643943876],[150.997127704878608,-34.148271885085734],[151.001171302087386,-34.149806724470736],[151.005277395290136,-34.15131836086141],[151.00718493391625,-34.152046991043122],[151.013657037647505,-34.154518921659736],[151.016037865258284,-34.154849765882567],[151.021989173285391,-34.155676552439694],[151.022136415260888,-34.155699984453506],[151.021998603266496,-34.155807149441465],[151.021852499271318,-34.155928997428788],[151.021640949277298,-34.156113180410465],[151.021400624279664,-34.15635517338989],[151.021063175298679,-34.156577885360171],[151.02069308832759,-34.156762060327175],[151.020351651377098,-34.156761674295538],[151.020202787437057,-34.156475444279742],[151.020138794464117,-34.156342633272892],[151.019901903521344,-34.156171591249745],[151.019632671590159,-34.155949319223254],[151.019400361637878,-34.155844234200991],[151.019205861669548,-34.155818319182799],[151.019058816686766,-34.155848923169394],[151.018895187698575,-34.155937541154849],[151.018786544703033,-34.156021973145371],[151.018702148703198,-34.156111856138189],[151.018638333695918,-34.156235021133121],[151.018509987695069,-34.156379970122238],[151.018372909697888,-34.15650702611044],[151.018228670695663,-34.156679593098268],[151.018072373678223,-34.156978687085861],[151.017866371662592,-34.157317545069148],[151.017702213653791,-34.157560748055637],[151.01753910465095,-34.157758360041903],[151.017364351652844,-34.157932971026931],[151.017124878660212,-34.15813695700615],[151.016904570669823,-34.15830323098691],[151.016655900678217,-34.158509618965311],[151.016459508681578,-34.158696554948428],[151.016306250681367,-34.15886389593539],[151.016134922685154,-34.159020828920625],[151.015924940682424,-34.159268371902897],[151.015801210672379,-34.159476740892877],[151.015745292656845,-34.159653251888926],[151.015727516627123,-34.159893738888961],[151.015768713594923,-34.160089539894145],[151.015807562549497,-34.160386688899806],[151.015809364524415,-34.160571732901261],[151.015804433496584,-34.160784539902302],[151.015729350478779,-34.160998761896828],[151.015633184465401,-34.161202505889349],[151.0155350994591,-34.16135553988132],[151.015365312453781,-34.161578385867145],[151.015229570446593,-34.161778947855964],[151.015076537447669,-34.161936168842892],[151.014941844446469,-34.162091138831478],[151.014780662454513,-34.162205143817346],[151.014634002456376,-34.162349787804779],[151.014471718458168,-34.162511920790877],[151.014337724460859,-34.162636503779325],[151.014227305455364,-34.162796932770227],[151.01411850944146,-34.163018210761692],[151.014085897416379,-34.163240715760203],[151.0141640173631,-34.163553695769629],[151.01426293432138,-34.163758030780208],[151.014434889268188,-34.163968603797606],[151.01458867421843,-34.164173826813283],[151.014706765178971,-34.164340440825377],[151.014843197137168,-34.16450483183916],[151.015006600088668,-34.164689920855587],[151.015157974042978,-34.164867219870843],[151.015234222014413,-34.164997699878825],[151.015361096953995,-34.165311458892752],[151.015474274904392,-34.165559098904964],[151.015573083861995,-34.165768498915583],[151.015714212811332,-34.165993790930209],[151.015802291779039,-34.166139653939389],[151.015889914744037,-34.16630579294867],[151.015928145722143,-34.166427765953053],[151.016025287706015,-34.166443102962155],[151.016325679656859,-34.166484999990288],[151.016428693640023,-34.166499368999922],[151.016525208624216,-34.166512833008952],[151.026579622979142,-34.167914802950321],[151.034788583636015,-34.169058808719193],[151.04280563432431,-34.170176065470343],[151.044919986978357,-34.170470721668494],[151.054432731421826,-34.171796421560202],[151.054482757452632,-34.171513095562865],[151.054604342525579,-34.170838669569449],[151.054687562575538,-34.17037699557396],[151.055164464861747,-34.167731363599771],[151.05516875886434,-34.167707554600014],[151.055229444854376,-34.167716061605695],[151.057031045559484,-34.16796831277464],[151.057071948552789,-34.167974031778463],[151.057880831420391,-34.16808728985432],[151.05943131516662,-34.168304339999715],[151.059442798164696,-34.168305953000797],[151.059616700136246,-34.16833029001711],[151.059795737106953,-34.168355353033903],[151.060838303936265,-34.168501293131669],[151.060789744906458,-34.16877571712908],[151.06076744189275,-34.168901733127882],[151.060746653879988,-34.169019171126784],[151.060408438672226,-34.170930534108699],[151.060317687616191,-34.171445536103867],[151.06631634862697,-34.172339037666895],[151.066584639582288,-34.172382082692089],[151.3785614,-34.1904643],[151.372863200000012,-34.1981319],[151.365495399999986,-34.207865],[151.3593492,-34.217021],[151.3526336,-34.2258971],[151.3453668,-34.2344687],[151.3375685,-34.2427124],[151.328802599999989,-34.251022],[151.3194967,-34.2589168],[151.3119855,-34.2666717],[151.3067236,-34.2716651],[151.297339,-34.2798163],[151.2874151,-34.2875155],[151.276983300000012,-34.2947383],[151.2660768,-34.3014616],[151.2604749,-34.3053134],[151.253150299999987,-34.3100182],[151.2499827,-34.3119471],[151.246037300000012,-34.3146364],[151.2362891,-34.3208146],[151.2322397,-34.3232987],[151.228207,-34.325671],[151.225668,-34.3272271],[151.2192044,-34.3323814],[151.212513699999988,-34.3373328],[151.2056054,-34.3420743],[151.1948557,-34.3487791],[151.1906983,-34.3527207],[151.181486400000011,-34.3607915],[151.178399399999989,-34.36498],[151.1759715,-34.3684676],[151.1759647,-34.3757113],[151.1756421,-34.3829502],[151.175004,-34.3901746],[151.1740508,-34.3973751],[151.176836900000012,-34.4042166],[151.1793243,-34.4111368],[151.1823147,-34.4209863],[151.1839723,-34.427617],[151.185358900000011,-34.4342902],[151.1864726,-34.4409985],[151.1877266,-34.4522082],[151.1881395,-34.4597061],[151.188122600000014,-34.4709638],[151.187687,-34.4784609],[151.186939099999989,-34.4857705],[151.18586830000001,-34.4930525],[151.184476100000012,-34.5002971],[151.182764100000014,-34.5074947],[151.1810285,-34.5136962],[151.179055299999987,-34.5198489],[151.1778332,-34.5268578],[151.1763123,-34.5338266],[151.174494399999986,-34.5407465],[151.172381800000011,-34.5476089],[151.169811900000013,-34.5548492],[151.1669137,-34.5620043],[151.16196,-34.5725547],[151.1562925,-34.5828567],[151.1499283,-34.5928767],[151.1499689,-34.6002597],[151.1496804,-34.6076388],[151.1490632,-34.6150042],[151.148118,-34.6223457],[151.146205900000012,-34.6327899],[151.1436299,-34.6431363],[151.140397,-34.653356],[151.1378809,-34.6600846],[151.1332969,-34.6706241],[151.1298472,-34.6775256],[151.1260881,-34.6843159],[151.1220245,-34.6909857],[151.117662200000012,-34.6975256],[151.1130072,-34.7039266],[151.1080658,-34.7101796],[151.1028452,-34.7162761],[151.1007222,-34.7233983],[151.0982846,-34.7304516],[151.096451800000011,-34.7368728],[151.0943634,-34.7432407],[151.0911281,-34.7519858],[151.0898463,-34.7557695],[151.0893078,-34.7578134],[151.085926699999987,-34.7688641],[151.0832513,-34.7761352],[151.0802431,-34.7833172],[151.0769065,-34.7903999],[151.0752673,-34.793619],[151.0734286,-34.800663],[151.0712838,-34.8076478],[151.068835400000012,-34.8145645],[151.066700805356191,-34.81987574856899],[151.062875600000012,-34.8285188],[151.0593394,-34.8355281],[151.056876,-34.8424435],[151.0541119,-34.8492813],[151.049410099999989,-34.8593732],[151.0459108,-34.8659784],[151.0421249,-34.8724755],[151.0359195,-34.882]]]]}}
]
}
